run_name,comparison,repeat,elapsed_seconds,flow,priority,arrival_process,target_requests_per_second,target_concurrency,issued_requests,completed_requests,outstanding_requests,send_delay_seconds,safety_ceiling_state
1-replica-repeat-1,model-replicas=1,1,0.0,realtime-chat,100,poisson,,10240,0,0,0,,not_applicable
1-replica-repeat-1,model-replicas=1,1,1.0,realtime-chat,100,poisson,,10240,5,0,5,,not_applicable
1-replica-repeat-1,model-replicas=1,1,2.0,realtime-chat,100,poisson,,10240,10,6,4,,not_applicable
1-replica-repeat-1,model-replicas=1,1,3.0,realtime-chat,100,poisson,,10240,13,12,1,,not_applicable
1-replica-repeat-1,model-replicas=1,1,4.0,realtime-chat,100,poisson,,10240,23,13,10,,not_applicable
1-replica-repeat-1,model-replicas=1,1,5.0,realtime-chat,100,poisson,,10240,26,23,3,,not_applicable
1-replica-repeat-1,model-replicas=1,1,6.0,realtime-chat,100,poisson,,10240,31,29,2,,not_applicable
1-replica-repeat-1,model-replicas=1,1,7.0,realtime-chat,100,poisson,,10240,35,31,4,,not_applicable
1-replica-repeat-1,model-replicas=1,1,8.0,realtime-chat,100,poisson,,10240,41,36,5,,not_applicable
1-replica-repeat-1,model-replicas=1,1,9.0,realtime-chat,100,poisson,,10240,43,41,2,,not_applicable
1-replica-repeat-1,model-replicas=1,1,10.0,realtime-chat,100,poisson,,10240,47,44,3,,not_applicable
1-replica-repeat-1,model-replicas=1,1,11.0,realtime-chat,100,poisson,,10240,48,48,0,,not_applicable
1-replica-repeat-1,model-replicas=1,1,12.0,realtime-chat,100,poisson,,10240,51,51,0,,not_applicable
1-replica-repeat-1,model-replicas=1,1,13.0,realtime-chat,100,poisson,,10240,58,54,4,,not_applicable
1-replica-repeat-1,model-replicas=1,1,14.0,realtime-chat,100,poisson,,10240,62,59,3,,not_applicable
1-replica-repeat-1,model-replicas=1,1,15.0,realtime-chat,100,poisson,,10240,66,65,1,,not_applicable
1-replica-repeat-1,model-replicas=1,1,16.0,realtime-chat,100,poisson,,10240,73,66,7,,not_applicable
1-replica-repeat-1,model-replicas=1,1,17.0,realtime-chat,100,poisson,,10240,75,74,1,,not_applicable
1-replica-repeat-1,model-replicas=1,1,18.0,realtime-chat,100,poisson,,10240,79,77,2,,not_applicable
1-replica-repeat-1,model-replicas=1,1,19.0,realtime-chat,100,poisson,,10240,81,81,0,,not_applicable
1-replica-repeat-1,model-replicas=1,1,20.0,realtime-chat,100,poisson,,10240,85,83,2,,not_applicable
1-replica-repeat-1,model-replicas=1,1,21.0,realtime-chat,100,poisson,,10240,89,85,4,,not_applicable
1-replica-repeat-1,model-replicas=1,1,22.0,realtime-chat,100,poisson,,10240,91,89,2,,not_applicable
1-replica-repeat-1,model-replicas=1,1,23.0,realtime-chat,100,poisson,,10240,93,92,1,,not_applicable
1-replica-repeat-1,model-replicas=1,1,24.0,realtime-chat,100,poisson,,10240,93,93,0,,not_applicable
1-replica-repeat-1,model-replicas=1,1,25.0,realtime-chat,100,poisson,,10240,98,95,3,,not_applicable
1-replica-repeat-1,model-replicas=1,1,26.0,realtime-chat,100,poisson,,10240,101,100,1,,not_applicable
1-replica-repeat-1,model-replicas=1,1,27.0,realtime-chat,100,poisson,,10240,103,102,1,,not_applicable
1-replica-repeat-1,model-replicas=1,1,28.0,realtime-chat,100,poisson,,10240,105,103,2,,not_applicable
1-replica-repeat-1,model-replicas=1,1,29.0,realtime-chat,100,poisson,,10240,107,105,2,,not_applicable
1-replica-repeat-1,model-replicas=1,1,30.0,realtime-chat,100,poisson,,10240,112,109,3,,not_applicable
1-replica-repeat-1,model-replicas=1,1,31.0,realtime-chat,100,poisson,,10240,114,114,0,,not_applicable
1-replica-repeat-1,model-replicas=1,1,32.0,realtime-chat,100,poisson,,10240,115,114,1,,not_applicable
1-replica-repeat-1,model-replicas=1,1,33.0,realtime-chat,100,poisson,,10240,115,115,0,,not_applicable
1-replica-repeat-1,model-replicas=1,1,34.0,realtime-chat,100,poisson,,10240,123,117,6,,not_applicable
1-replica-repeat-1,model-replicas=1,1,35.0,realtime-chat,100,poisson,,10240,128,125,3,,not_applicable
1-replica-repeat-1,model-replicas=1,1,36.0,realtime-chat,100,poisson,,10240,133,130,3,,not_applicable
1-replica-repeat-1,model-replicas=1,1,37.0,realtime-chat,100,poisson,,10240,138,134,4,,not_applicable
1-replica-repeat-1,model-replicas=1,1,38.0,realtime-chat,100,poisson,,10240,143,142,1,,not_applicable
1-replica-repeat-1,model-replicas=1,1,39.0,realtime-chat,100,poisson,,10240,147,145,2,,not_applicable
1-replica-repeat-1,model-replicas=1,1,40.0,realtime-chat,100,poisson,,10240,150,147,3,,not_applicable
1-replica-repeat-1,model-replicas=1,1,41.0,realtime-chat,100,poisson,,10240,157,153,4,,not_applicable
1-replica-repeat-1,model-replicas=1,1,42.0,realtime-chat,100,poisson,,10240,163,158,5,,not_applicable
1-replica-repeat-1,model-replicas=1,1,43.0,realtime-chat,100,poisson,,10240,169,164,5,,not_applicable
1-replica-repeat-1,model-replicas=1,1,44.0,realtime-chat,100,poisson,,10240,174,169,5,,not_applicable
1-replica-repeat-1,model-replicas=1,1,45.0,realtime-chat,100,poisson,,10240,179,176,3,,not_applicable
1-replica-repeat-1,model-replicas=1,1,46.0,realtime-chat,100,poisson,,10240,184,179,5,,not_applicable
1-replica-repeat-1,model-replicas=1,1,47.0,realtime-chat,100,poisson,,10240,187,185,2,,not_applicable
1-replica-repeat-1,model-replicas=1,1,48.0,realtime-chat,100,poisson,,10240,187,187,0,,not_applicable
1-replica-repeat-1,model-replicas=1,1,49.0,realtime-chat,100,poisson,,10240,195,189,6,,not_applicable
1-replica-repeat-1,model-replicas=1,1,50.0,realtime-chat,100,poisson,,10240,197,196,1,,not_applicable
1-replica-repeat-1,model-replicas=1,1,51.0,realtime-chat,100,poisson,,10240,200,197,3,,not_applicable
1-replica-repeat-1,model-replicas=1,1,52.0,realtime-chat,100,poisson,,10240,206,200,6,,not_applicable
1-replica-repeat-1,model-replicas=1,1,53.0,realtime-chat,100,poisson,,10240,211,210,1,,not_applicable
1-replica-repeat-1,model-replicas=1,1,54.0,realtime-chat,100,poisson,,10240,216,213,3,,not_applicable
1-replica-repeat-1,model-replicas=1,1,55.0,realtime-chat,100,poisson,,10240,220,218,2,,not_applicable
1-replica-repeat-1,model-replicas=1,1,56.0,realtime-chat,100,poisson,,10240,223,220,3,,not_applicable
1-replica-repeat-1,model-replicas=1,1,57.0,realtime-chat,100,poisson,,10240,225,224,1,,not_applicable
1-replica-repeat-1,model-replicas=1,1,58.0,realtime-chat,100,poisson,,10240,226,225,1,,not_applicable
1-replica-repeat-1,model-replicas=1,1,59.0,realtime-chat,100,poisson,,10240,231,227,4,,not_applicable
1-replica-repeat-1,model-replicas=1,1,60.0,realtime-chat,100,poisson,,10240,236,236,0,,not_applicable
1-replica-repeat-1,model-replicas=1,1,61.0,realtime-chat,100,poisson,,10240,240,237,3,,not_applicable
1-replica-repeat-1,model-replicas=1,1,62.0,realtime-chat,100,poisson,,10240,246,243,3,,not_applicable
1-replica-repeat-1,model-replicas=1,1,63.0,realtime-chat,100,poisson,,10240,251,249,2,,not_applicable
1-replica-repeat-1,model-replicas=1,1,64.0,realtime-chat,100,poisson,,10240,253,252,1,,not_applicable
1-replica-repeat-1,model-replicas=1,1,65.0,realtime-chat,100,poisson,,10240,254,253,1,,not_applicable
1-replica-repeat-1,model-replicas=1,1,66.0,realtime-chat,100,poisson,,10240,261,255,6,,not_applicable
1-replica-repeat-1,model-replicas=1,1,67.0,realtime-chat,100,poisson,,10240,263,262,1,,not_applicable
1-replica-repeat-1,model-replicas=1,1,68.0,realtime-chat,100,poisson,,10240,269,266,3,,not_applicable
1-replica-repeat-1,model-replicas=1,1,69.0,realtime-chat,100,poisson,,10240,269,269,0,,not_applicable
1-replica-repeat-1,model-replicas=1,1,70.0,realtime-chat,100,poisson,,10240,272,270,2,,not_applicable
1-replica-repeat-1,model-replicas=1,1,71.0,realtime-chat,100,poisson,,10240,275,272,3,,not_applicable
1-replica-repeat-1,model-replicas=1,1,72.0,realtime-chat,100,poisson,,10240,279,276,3,,not_applicable
1-replica-repeat-1,model-replicas=1,1,73.0,realtime-chat,100,poisson,,10240,282,280,2,,not_applicable
1-replica-repeat-1,model-replicas=1,1,74.0,realtime-chat,100,poisson,,10240,291,284,7,,not_applicable
1-replica-repeat-1,model-replicas=1,1,75.0,realtime-chat,100,poisson,,10240,294,292,2,,not_applicable
1-replica-repeat-1,model-replicas=1,1,76.0,realtime-chat,100,poisson,,10240,299,294,5,,not_applicable
1-replica-repeat-1,model-replicas=1,1,77.0,realtime-chat,100,poisson,,10240,303,301,2,,not_applicable
1-replica-repeat-1,model-replicas=1,1,78.0,realtime-chat,100,poisson,,10240,306,303,3,,not_applicable
1-replica-repeat-1,model-replicas=1,1,79.0,realtime-chat,100,poisson,,10240,308,307,1,,not_applicable
1-replica-repeat-1,model-replicas=1,1,80.0,realtime-chat,100,poisson,,10240,313,308,5,,not_applicable
1-replica-repeat-1,model-replicas=1,1,81.0,realtime-chat,100,poisson,,10240,318,313,5,,not_applicable
1-replica-repeat-1,model-replicas=1,1,82.0,realtime-chat,100,poisson,,10240,320,317,3,,not_applicable
1-replica-repeat-1,model-replicas=1,1,83.0,realtime-chat,100,poisson,,10240,324,321,3,,not_applicable
1-replica-repeat-1,model-replicas=1,1,84.0,realtime-chat,100,poisson,,10240,329,325,4,,not_applicable
1-replica-repeat-1,model-replicas=1,1,85.0,realtime-chat,100,poisson,,10240,334,329,5,,not_applicable
1-replica-repeat-1,model-replicas=1,1,86.0,realtime-chat,100,poisson,,10240,336,334,2,,not_applicable
1-replica-repeat-1,model-replicas=1,1,87.0,realtime-chat,100,poisson,,10240,340,338,2,,not_applicable
1-replica-repeat-1,model-replicas=1,1,88.0,realtime-chat,100,poisson,,10240,350,340,10,,not_applicable
1-replica-repeat-1,model-replicas=1,1,89.0,realtime-chat,100,poisson,,10240,353,342,11,,not_applicable
1-replica-repeat-1,model-replicas=1,1,90.0,realtime-chat,100,poisson,,10240,356,356,0,,not_applicable
1-replica-repeat-1,model-replicas=1,1,91.0,realtime-chat,100,poisson,,10240,358,358,0,,not_applicable
1-replica-repeat-1,model-replicas=1,1,92.0,realtime-chat,100,poisson,,10240,362,359,3,,not_applicable
1-replica-repeat-1,model-replicas=1,1,93.0,realtime-chat,100,poisson,,10240,369,363,6,,not_applicable
1-replica-repeat-1,model-replicas=1,1,94.0,realtime-chat,100,poisson,,10240,372,365,7,,not_applicable
1-replica-repeat-1,model-replicas=1,1,95.0,realtime-chat,100,poisson,,10240,377,368,9,,not_applicable
1-replica-repeat-1,model-replicas=1,1,96.0,realtime-chat,100,poisson,,10240,381,371,10,,not_applicable
1-replica-repeat-1,model-replicas=1,1,97.0,realtime-chat,100,poisson,,10240,383,381,2,,not_applicable
1-replica-repeat-1,model-replicas=1,1,98.0,realtime-chat,100,poisson,,10240,387,382,5,,not_applicable
1-replica-repeat-1,model-replicas=1,1,99.0,realtime-chat,100,poisson,,10240,390,387,3,,not_applicable
1-replica-repeat-1,model-replicas=1,1,100.0,realtime-chat,100,poisson,,10240,397,391,6,,not_applicable
1-replica-repeat-1,model-replicas=1,1,101.0,realtime-chat,100,poisson,,10240,399,398,1,,not_applicable
1-replica-repeat-1,model-replicas=1,1,102.0,realtime-chat,100,poisson,,10240,403,401,2,,not_applicable
1-replica-repeat-1,model-replicas=1,1,103.0,realtime-chat,100,poisson,,10240,410,406,4,,not_applicable
1-replica-repeat-1,model-replicas=1,1,104.0,realtime-chat,100,poisson,,10240,411,410,1,,not_applicable
1-replica-repeat-1,model-replicas=1,1,105.0,realtime-chat,100,poisson,,10240,412,411,1,,not_applicable
1-replica-repeat-1,model-replicas=1,1,106.0,realtime-chat,100,poisson,,10240,417,414,3,,not_applicable
1-replica-repeat-1,model-replicas=1,1,107.0,realtime-chat,100,poisson,,10240,420,418,2,,not_applicable
1-replica-repeat-1,model-replicas=1,1,108.0,realtime-chat,100,poisson,,10240,424,421,3,,not_applicable
1-replica-repeat-1,model-replicas=1,1,109.0,realtime-chat,100,poisson,,10240,428,426,2,,not_applicable
1-replica-repeat-1,model-replicas=1,1,110.0,realtime-chat,100,poisson,,10240,434,428,6,,not_applicable
1-replica-repeat-1,model-replicas=1,1,111.0,realtime-chat,100,poisson,,10240,436,429,7,,not_applicable
1-replica-repeat-1,model-replicas=1,1,112.0,realtime-chat,100,poisson,,10240,441,436,5,,not_applicable
1-replica-repeat-1,model-replicas=1,1,113.0,realtime-chat,100,poisson,,10240,449,442,7,,not_applicable
1-replica-repeat-1,model-replicas=1,1,114.0,realtime-chat,100,poisson,,10240,451,444,7,,not_applicable
1-replica-repeat-1,model-replicas=1,1,115.0,realtime-chat,100,poisson,,10240,459,453,6,,not_applicable
1-replica-repeat-1,model-replicas=1,1,116.0,realtime-chat,100,poisson,,10240,465,455,10,,not_applicable
1-replica-repeat-1,model-replicas=1,1,117.0,realtime-chat,100,poisson,,10240,467,465,2,,not_applicable
1-replica-repeat-1,model-replicas=1,1,118.0,realtime-chat,100,poisson,,10240,472,466,6,,not_applicable
1-replica-repeat-1,model-replicas=1,1,119.0,realtime-chat,100,poisson,,10240,477,474,3,,not_applicable
1-replica-repeat-1,model-replicas=1,1,120.0,realtime-chat,100,poisson,,10240,484,478,6,,not_applicable
1-replica-repeat-1,model-replicas=1,1,121.0,realtime-chat,100,poisson,,10240,487,486,1,,not_applicable
1-replica-repeat-1,model-replicas=1,1,122.0,realtime-chat,100,poisson,,10240,492,486,6,,not_applicable
1-replica-repeat-1,model-replicas=1,1,123.0,realtime-chat,100,poisson,,10240,494,493,1,,not_applicable
1-replica-repeat-1,model-replicas=1,1,124.0,realtime-chat,100,poisson,,10240,501,494,7,,not_applicable
1-replica-repeat-1,model-replicas=1,1,125.0,realtime-chat,100,poisson,,10240,507,502,5,,not_applicable
1-replica-repeat-1,model-replicas=1,1,126.0,realtime-chat,100,poisson,,10240,508,508,0,,not_applicable
1-replica-repeat-1,model-replicas=1,1,127.0,realtime-chat,100,poisson,,10240,509,509,0,,not_applicable
1-replica-repeat-1,model-replicas=1,1,128.0,realtime-chat,100,poisson,,10240,513,509,4,,not_applicable
1-replica-repeat-1,model-replicas=1,1,129.0,realtime-chat,100,poisson,,10240,515,515,0,,not_applicable
1-replica-repeat-1,model-replicas=1,1,130.0,realtime-chat,100,poisson,,10240,520,519,1,,not_applicable
1-replica-repeat-1,model-replicas=1,1,131.0,realtime-chat,100,poisson,,10240,527,520,7,,not_applicable
1-replica-repeat-1,model-replicas=1,1,132.0,realtime-chat,100,poisson,,10240,533,530,3,,not_applicable
1-replica-repeat-1,model-replicas=1,1,133.0,realtime-chat,100,poisson,,10240,540,534,6,,not_applicable
1-replica-repeat-1,model-replicas=1,1,134.0,realtime-chat,100,poisson,,10240,545,541,4,,not_applicable
1-replica-repeat-1,model-replicas=1,1,135.0,realtime-chat,100,poisson,,10240,548,547,1,,not_applicable
1-replica-repeat-1,model-replicas=1,1,136.0,realtime-chat,100,poisson,,10240,552,549,3,,not_applicable
1-replica-repeat-1,model-replicas=1,1,137.0,realtime-chat,100,poisson,,10240,558,553,5,,not_applicable
1-replica-repeat-1,model-replicas=1,1,138.0,realtime-chat,100,poisson,,10240,561,554,7,,not_applicable
1-replica-repeat-1,model-replicas=1,1,139.0,realtime-chat,100,poisson,,10240,565,562,3,,not_applicable
1-replica-repeat-1,model-replicas=1,1,140.0,realtime-chat,100,poisson,,10240,568,563,5,,not_applicable
1-replica-repeat-1,model-replicas=1,1,141.0,realtime-chat,100,poisson,,10240,570,568,2,,not_applicable
1-replica-repeat-1,model-replicas=1,1,142.0,realtime-chat,100,poisson,,10240,572,570,2,,not_applicable
1-replica-repeat-1,model-replicas=1,1,143.0,realtime-chat,100,poisson,,10240,575,572,3,,not_applicable
1-replica-repeat-1,model-replicas=1,1,144.0,realtime-chat,100,poisson,,10240,579,577,2,,not_applicable
1-replica-repeat-1,model-replicas=1,1,145.0,realtime-chat,100,poisson,,10240,581,579,2,,not_applicable
1-replica-repeat-1,model-replicas=1,1,146.0,realtime-chat,100,poisson,,10240,587,583,4,,not_applicable
1-replica-repeat-1,model-replicas=1,1,147.0,realtime-chat,100,poisson,,10240,591,588,3,,not_applicable
1-replica-repeat-1,model-replicas=1,1,148.0,realtime-chat,100,poisson,,10240,596,591,5,,not_applicable
1-replica-repeat-1,model-replicas=1,1,149.0,realtime-chat,100,poisson,,10240,599,596,3,,not_applicable
1-replica-repeat-1,model-replicas=1,1,150.0,realtime-chat,100,poisson,,10240,602,599,3,,not_applicable
1-replica-repeat-1,model-replicas=1,1,151.0,realtime-chat,100,poisson,,10240,604,604,0,,not_applicable
1-replica-repeat-1,model-replicas=1,1,152.0,realtime-chat,100,poisson,,10240,609,608,1,,not_applicable
1-replica-repeat-1,model-replicas=1,1,153.0,realtime-chat,100,poisson,,10240,611,609,2,,not_applicable
1-replica-repeat-1,model-replicas=1,1,154.0,realtime-chat,100,poisson,,10240,611,611,0,,not_applicable
1-replica-repeat-1,model-replicas=1,1,155.0,realtime-chat,100,poisson,,10240,615,612,3,,not_applicable
1-replica-repeat-1,model-replicas=1,1,156.0,realtime-chat,100,poisson,,10240,621,613,8,,not_applicable
1-replica-repeat-1,model-replicas=1,1,157.0,realtime-chat,100,poisson,,10240,626,621,5,,not_applicable
1-replica-repeat-1,model-replicas=1,1,158.0,realtime-chat,100,poisson,,10240,631,629,2,,not_applicable
1-replica-repeat-1,model-replicas=1,1,159.0,realtime-chat,100,poisson,,10240,637,635,2,,not_applicable
1-replica-repeat-1,model-replicas=1,1,160.0,realtime-chat,100,poisson,,10240,644,640,4,,not_applicable
1-replica-repeat-1,model-replicas=1,1,161.0,realtime-chat,100,poisson,,10240,652,645,7,,not_applicable
1-replica-repeat-1,model-replicas=1,1,162.0,realtime-chat,100,poisson,,10240,659,653,6,,not_applicable
1-replica-repeat-1,model-replicas=1,1,163.0,realtime-chat,100,poisson,,10240,664,659,5,,not_applicable
1-replica-repeat-1,model-replicas=1,1,164.0,realtime-chat,100,poisson,,10240,667,666,1,,not_applicable
1-replica-repeat-1,model-replicas=1,1,165.0,realtime-chat,100,poisson,,10240,671,669,2,,not_applicable
1-replica-repeat-1,model-replicas=1,1,166.0,realtime-chat,100,poisson,,10240,675,673,2,,not_applicable
1-replica-repeat-1,model-replicas=1,1,167.0,realtime-chat,100,poisson,,10240,685,675,10,,not_applicable
1-replica-repeat-1,model-replicas=1,1,168.0,realtime-chat,100,poisson,,10240,690,687,3,,not_applicable
1-replica-repeat-1,model-replicas=1,1,169.0,realtime-chat,100,poisson,,10240,693,693,0,,not_applicable
1-replica-repeat-1,model-replicas=1,1,170.0,realtime-chat,100,poisson,,10240,697,695,2,,not_applicable
1-replica-repeat-1,model-replicas=1,1,171.0,realtime-chat,100,poisson,,10240,703,701,2,,not_applicable
1-replica-repeat-1,model-replicas=1,1,172.0,realtime-chat,100,poisson,,10240,706,705,1,,not_applicable
1-replica-repeat-1,model-replicas=1,1,173.0,realtime-chat,100,poisson,,10240,709,707,2,,not_applicable
1-replica-repeat-1,model-replicas=1,1,174.0,realtime-chat,100,poisson,,10240,715,712,3,,not_applicable
1-replica-repeat-1,model-replicas=1,1,175.0,realtime-chat,100,poisson,,10240,717,716,1,,not_applicable
1-replica-repeat-1,model-replicas=1,1,176.0,realtime-chat,100,poisson,,10240,722,717,5,,not_applicable
1-replica-repeat-1,model-replicas=1,1,177.0,realtime-chat,100,poisson,,10240,725,717,8,,not_applicable
1-replica-repeat-1,model-replicas=1,1,178.0,realtime-chat,100,poisson,,10240,730,725,5,,not_applicable
1-replica-repeat-1,model-replicas=1,1,179.0,realtime-chat,100,poisson,,10240,732,730,2,,not_applicable
1-replica-repeat-1,model-replicas=1,1,180.0,realtime-chat,100,poisson,,10240,737,733,4,,not_applicable
1-replica-repeat-1,model-replicas=1,1,181.0,realtime-chat,100,poisson,,10240,740,738,2,,not_applicable
1-replica-repeat-1,model-replicas=1,1,182.0,realtime-chat,100,poisson,,10240,741,740,1,,not_applicable
1-replica-repeat-1,model-replicas=1,1,183.0,realtime-chat,100,poisson,,10240,742,741,1,,not_applicable
1-replica-repeat-1,model-replicas=1,1,184.0,realtime-chat,100,poisson,,10240,745,742,3,,not_applicable
1-replica-repeat-1,model-replicas=1,1,185.0,realtime-chat,100,poisson,,10240,747,745,2,,not_applicable
1-replica-repeat-1,model-replicas=1,1,186.0,realtime-chat,100,poisson,,10240,752,749,3,,not_applicable
1-replica-repeat-1,model-replicas=1,1,187.0,realtime-chat,100,poisson,,10240,757,755,2,,not_applicable
1-replica-repeat-1,model-replicas=1,1,188.0,realtime-chat,100,poisson,,10240,766,757,9,,not_applicable
1-replica-repeat-1,model-replicas=1,1,189.0,realtime-chat,100,poisson,,10240,775,766,9,,not_applicable
1-replica-repeat-1,model-replicas=1,1,190.0,realtime-chat,100,poisson,,10240,779,774,5,,not_applicable
1-replica-repeat-1,model-replicas=1,1,191.0,realtime-chat,100,poisson,,10240,786,777,9,,not_applicable
1-replica-repeat-1,model-replicas=1,1,192.0,realtime-chat,100,poisson,,10240,793,784,9,,not_applicable
1-replica-repeat-1,model-replicas=1,1,193.0,realtime-chat,100,poisson,,10240,798,794,4,,not_applicable
1-replica-repeat-1,model-replicas=1,1,194.0,realtime-chat,100,poisson,,10240,801,799,2,,not_applicable
1-replica-repeat-1,model-replicas=1,1,195.0,realtime-chat,100,poisson,,10240,805,805,0,,not_applicable
1-replica-repeat-1,model-replicas=1,1,196.0,realtime-chat,100,poisson,,10240,806,806,0,,not_applicable
1-replica-repeat-1,model-replicas=1,1,197.0,realtime-chat,100,poisson,,10240,810,807,3,,not_applicable
1-replica-repeat-1,model-replicas=1,1,198.0,realtime-chat,100,poisson,,10240,814,810,4,,not_applicable
1-replica-repeat-1,model-replicas=1,1,199.0,realtime-chat,100,poisson,,10240,820,814,6,,not_applicable
1-replica-repeat-1,model-replicas=1,1,200.0,realtime-chat,100,poisson,,10240,824,820,4,,not_applicable
1-replica-repeat-1,model-replicas=1,1,201.0,realtime-chat,100,poisson,,10240,831,824,7,,not_applicable
1-replica-repeat-1,model-replicas=1,1,202.0,realtime-chat,100,poisson,,10240,834,826,8,,not_applicable
1-replica-repeat-1,model-replicas=1,1,203.0,realtime-chat,100,poisson,,10240,841,834,7,,not_applicable
1-replica-repeat-1,model-replicas=1,1,204.0,realtime-chat,100,poisson,,10240,844,843,1,,not_applicable
1-replica-repeat-1,model-replicas=1,1,205.0,realtime-chat,100,poisson,,10240,847,845,2,,not_applicable
1-replica-repeat-1,model-replicas=1,1,206.0,realtime-chat,100,poisson,,10240,850,848,2,,not_applicable
1-replica-repeat-1,model-replicas=1,1,207.0,realtime-chat,100,poisson,,10240,852,849,3,,not_applicable
1-replica-repeat-1,model-replicas=1,1,208.0,realtime-chat,100,poisson,,10240,855,852,3,,not_applicable
1-replica-repeat-1,model-replicas=1,1,209.0,realtime-chat,100,poisson,,10240,859,857,2,,not_applicable
1-replica-repeat-1,model-replicas=1,1,210.0,realtime-chat,100,poisson,,10240,863,861,2,,not_applicable
1-replica-repeat-1,model-replicas=1,1,211.0,realtime-chat,100,poisson,,10240,864,863,1,,not_applicable
1-replica-repeat-1,model-replicas=1,1,212.0,realtime-chat,100,poisson,,10240,866,866,0,,not_applicable
1-replica-repeat-1,model-replicas=1,1,213.0,realtime-chat,100,poisson,,10240,871,866,5,,not_applicable
1-replica-repeat-1,model-replicas=1,1,214.0,realtime-chat,100,poisson,,10240,874,872,2,,not_applicable
1-replica-repeat-1,model-replicas=1,1,215.0,realtime-chat,100,poisson,,10240,880,874,6,,not_applicable
1-replica-repeat-1,model-replicas=1,1,216.0,realtime-chat,100,poisson,,10240,884,882,2,,not_applicable
1-replica-repeat-1,model-replicas=1,1,217.0,realtime-chat,100,poisson,,10240,886,885,1,,not_applicable
1-replica-repeat-1,model-replicas=1,1,218.0,realtime-chat,100,poisson,,10240,891,888,3,,not_applicable
1-replica-repeat-1,model-replicas=1,1,219.0,realtime-chat,100,poisson,,10240,892,892,0,,not_applicable
1-replica-repeat-1,model-replicas=1,1,220.0,realtime-chat,100,poisson,,10240,897,892,5,,not_applicable
1-replica-repeat-1,model-replicas=1,1,221.0,realtime-chat,100,poisson,,10240,901,898,3,,not_applicable
1-replica-repeat-1,model-replicas=1,1,222.0,realtime-chat,100,poisson,,10240,902,902,0,,not_applicable
1-replica-repeat-1,model-replicas=1,1,223.0,realtime-chat,100,poisson,,10240,904,904,0,,not_applicable
1-replica-repeat-1,model-replicas=1,1,224.0,realtime-chat,100,poisson,,10240,908,906,2,,not_applicable
1-replica-repeat-1,model-replicas=1,1,225.0,realtime-chat,100,poisson,,10240,916,909,7,,not_applicable
1-replica-repeat-1,model-replicas=1,1,226.0,realtime-chat,100,poisson,,10240,918,918,0,,not_applicable
1-replica-repeat-1,model-replicas=1,1,227.0,realtime-chat,100,poisson,,10240,919,918,1,,not_applicable
1-replica-repeat-1,model-replicas=1,1,228.0,realtime-chat,100,poisson,,10240,923,921,2,,not_applicable
1-replica-repeat-1,model-replicas=1,1,229.0,realtime-chat,100,poisson,,10240,930,927,3,,not_applicable
1-replica-repeat-1,model-replicas=1,1,230.0,realtime-chat,100,poisson,,10240,936,934,2,,not_applicable
1-replica-repeat-1,model-replicas=1,1,231.0,realtime-chat,100,poisson,,10240,939,938,1,,not_applicable
1-replica-repeat-1,model-replicas=1,1,232.0,realtime-chat,100,poisson,,10240,944,940,4,,not_applicable
1-replica-repeat-1,model-replicas=1,1,233.0,realtime-chat,100,poisson,,10240,944,944,0,,not_applicable
1-replica-repeat-1,model-replicas=1,1,234.0,realtime-chat,100,poisson,,10240,951,947,4,,not_applicable
1-replica-repeat-1,model-replicas=1,1,235.0,realtime-chat,100,poisson,,10240,955,952,3,,not_applicable
1-replica-repeat-1,model-replicas=1,1,236.0,realtime-chat,100,poisson,,10240,962,956,6,,not_applicable
1-replica-repeat-1,model-replicas=1,1,237.0,realtime-chat,100,poisson,,10240,967,964,3,,not_applicable
1-replica-repeat-1,model-replicas=1,1,238.0,realtime-chat,100,poisson,,10240,968,968,0,,not_applicable
1-replica-repeat-1,model-replicas=1,1,239.0,realtime-chat,100,poisson,,10240,976,971,5,,not_applicable
1-replica-repeat-1,model-replicas=1,1,240.0,realtime-chat,100,poisson,,10240,981,979,2,,not_applicable
1-replica-repeat-1,model-replicas=1,1,241.0,realtime-chat,100,poisson,,10240,983,982,1,,not_applicable
1-replica-repeat-1,model-replicas=1,1,242.0,realtime-chat,100,poisson,,10240,987,986,1,,not_applicable
1-replica-repeat-1,model-replicas=1,1,243.0,realtime-chat,100,poisson,,10240,992,989,3,,not_applicable
1-replica-repeat-1,model-replicas=1,1,244.0,realtime-chat,100,poisson,,10240,995,992,3,,not_applicable
1-replica-repeat-1,model-replicas=1,1,245.0,realtime-chat,100,poisson,,10240,1001,997,4,,not_applicable
1-replica-repeat-1,model-replicas=1,1,246.0,realtime-chat,100,poisson,,10240,1001,1001,0,,not_applicable
1-replica-repeat-1,model-replicas=1,1,247.0,realtime-chat,100,poisson,,10240,1004,1003,1,,not_applicable
1-replica-repeat-1,model-replicas=1,1,248.0,realtime-chat,100,poisson,,10240,1006,1006,0,,not_applicable
1-replica-repeat-1,model-replicas=1,1,249.0,realtime-chat,100,poisson,,10240,1007,1007,0,,not_applicable
1-replica-repeat-1,model-replicas=1,1,250.0,realtime-chat,100,poisson,,10240,1009,1009,0,,not_applicable
1-replica-repeat-1,model-replicas=1,1,251.0,realtime-chat,100,poisson,,10240,1012,1011,1,,not_applicable
1-replica-repeat-1,model-replicas=1,1,252.0,realtime-chat,100,poisson,,10240,1013,1012,1,,not_applicable
1-replica-repeat-1,model-replicas=1,1,253.0,realtime-chat,100,poisson,,10240,1017,1015,2,,not_applicable
1-replica-repeat-1,model-replicas=1,1,254.0,realtime-chat,100,poisson,,10240,1017,1017,0,,not_applicable
1-replica-repeat-1,model-replicas=1,1,255.0,realtime-chat,100,poisson,,10240,1018,1018,0,,not_applicable
1-replica-repeat-1,model-replicas=1,1,256.0,realtime-chat,100,poisson,,10240,1023,1020,3,,not_applicable
1-replica-repeat-1,model-replicas=1,1,257.0,realtime-chat,100,poisson,,10240,1026,1024,2,,not_applicable
1-replica-repeat-1,model-replicas=1,1,258.0,realtime-chat,100,poisson,,10240,1031,1029,2,,not_applicable
1-replica-repeat-1,model-replicas=1,1,259.0,realtime-chat,100,poisson,,10240,1037,1033,4,,not_applicable
1-replica-repeat-1,model-replicas=1,1,260.0,realtime-chat,100,poisson,,10240,1039,1038,1,,not_applicable
1-replica-repeat-1,model-replicas=1,1,261.0,realtime-chat,100,poisson,,10240,1042,1041,1,,not_applicable
1-replica-repeat-1,model-replicas=1,1,262.0,realtime-chat,100,poisson,,10240,1049,1045,4,,not_applicable
1-replica-repeat-1,model-replicas=1,1,263.0,realtime-chat,100,poisson,,10240,1055,1053,2,,not_applicable
1-replica-repeat-1,model-replicas=1,1,264.0,realtime-chat,100,poisson,,10240,1058,1057,1,,not_applicable
1-replica-repeat-1,model-replicas=1,1,265.0,realtime-chat,100,poisson,,10240,1062,1060,2,,not_applicable
1-replica-repeat-1,model-replicas=1,1,266.0,realtime-chat,100,poisson,,10240,1067,1063,4,,not_applicable
1-replica-repeat-1,model-replicas=1,1,267.0,realtime-chat,100,poisson,,10240,1070,1069,1,,not_applicable
1-replica-repeat-1,model-replicas=1,1,268.0,realtime-chat,100,poisson,,10240,1076,1072,4,,not_applicable
1-replica-repeat-1,model-replicas=1,1,269.0,realtime-chat,100,poisson,,10240,1083,1078,5,,not_applicable
1-replica-repeat-1,model-replicas=1,1,270.0,realtime-chat,100,poisson,,10240,1088,1084,4,,not_applicable
1-replica-repeat-1,model-replicas=1,1,0.0,standard-long-context,0,poisson,,10240,0,0,0,,not_applicable
1-replica-repeat-1,model-replicas=1,1,1.0,standard-long-context,0,poisson,,10240,0,0,0,,not_applicable
1-replica-repeat-1,model-replicas=1,1,2.0,standard-long-context,0,poisson,,10240,0,0,0,,not_applicable
1-replica-repeat-1,model-replicas=1,1,3.0,standard-long-context,0,poisson,,10240,0,0,0,,not_applicable
1-replica-repeat-1,model-replicas=1,1,4.0,standard-long-context,0,poisson,,10240,0,0,0,,not_applicable
1-replica-repeat-1,model-replicas=1,1,5.0,standard-long-context,0,poisson,,10240,0,0,0,,not_applicable
1-replica-repeat-1,model-replicas=1,1,6.0,standard-long-context,0,poisson,,10240,0,0,0,,not_applicable
1-replica-repeat-1,model-replicas=1,1,7.0,standard-long-context,0,poisson,,10240,0,0,0,,not_applicable
1-replica-repeat-1,model-replicas=1,1,8.0,standard-long-context,0,poisson,,10240,0,0,0,,not_applicable
1-replica-repeat-1,model-replicas=1,1,9.0,standard-long-context,0,poisson,,10240,0,0,0,,not_applicable
1-replica-repeat-1,model-replicas=1,1,10.0,standard-long-context,0,poisson,,10240,0,0,0,,not_applicable
1-replica-repeat-1,model-replicas=1,1,11.0,standard-long-context,0,poisson,,10240,0,0,0,,not_applicable
1-replica-repeat-1,model-replicas=1,1,12.0,standard-long-context,0,poisson,,10240,0,0,0,,not_applicable
1-replica-repeat-1,model-replicas=1,1,13.0,standard-long-context,0,poisson,,10240,0,0,0,,not_applicable
1-replica-repeat-1,model-replicas=1,1,14.0,standard-long-context,0,poisson,,10240,0,0,0,,not_applicable
1-replica-repeat-1,model-replicas=1,1,15.0,standard-long-context,0,poisson,,10240,0,0,0,,not_applicable
1-replica-repeat-1,model-replicas=1,1,16.0,standard-long-context,0,poisson,,10240,0,0,0,,not_applicable
1-replica-repeat-1,model-replicas=1,1,17.0,standard-long-context,0,poisson,,10240,0,0,0,,not_applicable
1-replica-repeat-1,model-replicas=1,1,18.0,standard-long-context,0,poisson,,10240,0,0,0,,not_applicable
1-replica-repeat-1,model-replicas=1,1,19.0,standard-long-context,0,poisson,,10240,0,0,0,,not_applicable
1-replica-repeat-1,model-replicas=1,1,20.0,standard-long-context,0,poisson,,10240,0,0,0,,not_applicable
1-replica-repeat-1,model-replicas=1,1,21.0,standard-long-context,0,poisson,,10240,0,0,0,,not_applicable
1-replica-repeat-1,model-replicas=1,1,22.0,standard-long-context,0,poisson,,10240,0,0,0,,not_applicable
1-replica-repeat-1,model-replicas=1,1,23.0,standard-long-context,0,poisson,,10240,0,0,0,,not_applicable
1-replica-repeat-1,model-replicas=1,1,24.0,standard-long-context,0,poisson,,10240,0,0,0,,not_applicable
1-replica-repeat-1,model-replicas=1,1,25.0,standard-long-context,0,poisson,,10240,0,0,0,,not_applicable
1-replica-repeat-1,model-replicas=1,1,26.0,standard-long-context,0,poisson,,10240,0,0,0,,not_applicable
1-replica-repeat-1,model-replicas=1,1,27.0,standard-long-context,0,poisson,,10240,0,0,0,,not_applicable
1-replica-repeat-1,model-replicas=1,1,28.0,standard-long-context,0,poisson,,10240,0,0,0,,not_applicable
1-replica-repeat-1,model-replicas=1,1,29.0,standard-long-context,0,poisson,,10240,0,0,0,,not_applicable
1-replica-repeat-1,model-replicas=1,1,30.0,standard-long-context,0,poisson,,10240,0,0,0,,not_applicable
1-replica-repeat-1,model-replicas=1,1,31.0,standard-long-context,0,poisson,,10240,0,0,0,,not_applicable
1-replica-repeat-1,model-replicas=1,1,32.0,standard-long-context,0,poisson,,10240,0,0,0,,not_applicable
1-replica-repeat-1,model-replicas=1,1,33.0,standard-long-context,0,poisson,,10240,0,0,0,,not_applicable
1-replica-repeat-1,model-replicas=1,1,34.0,standard-long-context,0,poisson,,10240,0,0,0,,not_applicable
1-replica-repeat-1,model-replicas=1,1,35.0,standard-long-context,0,poisson,,10240,0,0,0,,not_applicable
1-replica-repeat-1,model-replicas=1,1,36.0,standard-long-context,0,poisson,,10240,0,0,0,,not_applicable
1-replica-repeat-1,model-replicas=1,1,37.0,standard-long-context,0,poisson,,10240,0,0,0,,not_applicable
1-replica-repeat-1,model-replicas=1,1,38.0,standard-long-context,0,poisson,,10240,0,0,0,,not_applicable
1-replica-repeat-1,model-replicas=1,1,39.0,standard-long-context,0,poisson,,10240,0,0,0,,not_applicable
1-replica-repeat-1,model-replicas=1,1,40.0,standard-long-context,0,poisson,,10240,0,0,0,,not_applicable
1-replica-repeat-1,model-replicas=1,1,41.0,standard-long-context,0,poisson,,10240,0,0,0,,not_applicable
1-replica-repeat-1,model-replicas=1,1,42.0,standard-long-context,0,poisson,,10240,0,0,0,,not_applicable
1-replica-repeat-1,model-replicas=1,1,43.0,standard-long-context,0,poisson,,10240,0,0,0,,not_applicable
1-replica-repeat-1,model-replicas=1,1,44.0,standard-long-context,0,poisson,,10240,0,0,0,,not_applicable
1-replica-repeat-1,model-replicas=1,1,45.0,standard-long-context,0,poisson,,10240,0,0,0,,not_applicable
1-replica-repeat-1,model-replicas=1,1,46.0,standard-long-context,0,poisson,,10240,0,0,0,,not_applicable
1-replica-repeat-1,model-replicas=1,1,47.0,standard-long-context,0,poisson,,10240,0,0,0,,not_applicable
1-replica-repeat-1,model-replicas=1,1,48.0,standard-long-context,0,poisson,,10240,0,0,0,,not_applicable
1-replica-repeat-1,model-replicas=1,1,49.0,standard-long-context,0,poisson,,10240,0,0,0,,not_applicable
1-replica-repeat-1,model-replicas=1,1,50.0,standard-long-context,0,poisson,,10240,0,0,0,,not_applicable
1-replica-repeat-1,model-replicas=1,1,51.0,standard-long-context,0,poisson,,10240,0,0,0,,not_applicable
1-replica-repeat-1,model-replicas=1,1,52.0,standard-long-context,0,poisson,,10240,0,0,0,,not_applicable
1-replica-repeat-1,model-replicas=1,1,53.0,standard-long-context,0,poisson,,10240,0,0,0,,not_applicable
1-replica-repeat-1,model-replicas=1,1,54.0,standard-long-context,0,poisson,,10240,0,0,0,,not_applicable
1-replica-repeat-1,model-replicas=1,1,55.0,standard-long-context,0,poisson,,10240,0,0,0,,not_applicable
1-replica-repeat-1,model-replicas=1,1,56.0,standard-long-context,0,poisson,,10240,0,0,0,,not_applicable
1-replica-repeat-1,model-replicas=1,1,57.0,standard-long-context,0,poisson,,10240,0,0,0,,not_applicable
1-replica-repeat-1,model-replicas=1,1,58.0,standard-long-context,0,poisson,,10240,0,0,0,,not_applicable
1-replica-repeat-1,model-replicas=1,1,59.0,standard-long-context,0,poisson,,10240,0,0,0,,not_applicable
1-replica-repeat-1,model-replicas=1,1,60.0,standard-long-context,0,poisson,,10240,0,0,0,,not_applicable
1-replica-repeat-1,model-replicas=1,1,61.0,standard-long-context,0,poisson,,10240,0,0,0,,not_applicable
1-replica-repeat-1,model-replicas=1,1,62.0,standard-long-context,0,poisson,,10240,0,0,0,,not_applicable
1-replica-repeat-1,model-replicas=1,1,63.0,standard-long-context,0,poisson,,10240,0,0,0,,not_applicable
1-replica-repeat-1,model-replicas=1,1,64.0,standard-long-context,0,poisson,,10240,0,0,0,,not_applicable
1-replica-repeat-1,model-replicas=1,1,65.0,standard-long-context,0,poisson,,10240,0,0,0,,not_applicable
1-replica-repeat-1,model-replicas=1,1,66.0,standard-long-context,0,poisson,,10240,0,0,0,,not_applicable
1-replica-repeat-1,model-replicas=1,1,67.0,standard-long-context,0,poisson,,10240,0,0,0,,not_applicable
1-replica-repeat-1,model-replicas=1,1,68.0,standard-long-context,0,poisson,,10240,0,0,0,,not_applicable
1-replica-repeat-1,model-replicas=1,1,69.0,standard-long-context,0,poisson,,10240,0,0,0,,not_applicable
1-replica-repeat-1,model-replicas=1,1,70.0,standard-long-context,0,poisson,,10240,0,0,0,,not_applicable
1-replica-repeat-1,model-replicas=1,1,71.0,standard-long-context,0,poisson,,10240,1,0,1,,not_applicable
1-replica-repeat-1,model-replicas=1,1,72.0,standard-long-context,0,poisson,,10240,1,1,0,,not_applicable
1-replica-repeat-1,model-replicas=1,1,73.0,standard-long-context,0,poisson,,10240,1,1,0,,not_applicable
1-replica-repeat-1,model-replicas=1,1,74.0,standard-long-context,0,poisson,,10240,1,1,0,,not_applicable
1-replica-repeat-1,model-replicas=1,1,75.0,standard-long-context,0,poisson,,10240,2,1,1,,not_applicable
1-replica-repeat-1,model-replicas=1,1,76.0,standard-long-context,0,poisson,,10240,2,1,1,,not_applicable
1-replica-repeat-1,model-replicas=1,1,77.0,standard-long-context,0,poisson,,10240,2,2,0,,not_applicable
1-replica-repeat-1,model-replicas=1,1,78.0,standard-long-context,0,poisson,,10240,3,2,1,,not_applicable
1-replica-repeat-1,model-replicas=1,1,79.0,standard-long-context,0,poisson,,10240,3,3,0,,not_applicable
1-replica-repeat-1,model-replicas=1,1,80.0,standard-long-context,0,poisson,,10240,4,3,1,,not_applicable
1-replica-repeat-1,model-replicas=1,1,81.0,standard-long-context,0,poisson,,10240,6,4,2,,not_applicable
1-replica-repeat-1,model-replicas=1,1,82.0,standard-long-context,0,poisson,,10240,6,4,2,,not_applicable
1-replica-repeat-1,model-replicas=1,1,83.0,standard-long-context,0,poisson,,10240,6,6,0,,not_applicable
1-replica-repeat-1,model-replicas=1,1,84.0,standard-long-context,0,poisson,,10240,6,6,0,,not_applicable
1-replica-repeat-1,model-replicas=1,1,85.0,standard-long-context,0,poisson,,10240,7,6,1,,not_applicable
1-replica-repeat-1,model-replicas=1,1,86.0,standard-long-context,0,poisson,,10240,7,7,0,,not_applicable
1-replica-repeat-1,model-replicas=1,1,87.0,standard-long-context,0,poisson,,10240,7,7,0,,not_applicable
1-replica-repeat-1,model-replicas=1,1,88.0,standard-long-context,0,poisson,,10240,9,7,2,,not_applicable
1-replica-repeat-1,model-replicas=1,1,89.0,standard-long-context,0,poisson,,10240,9,7,2,,not_applicable
1-replica-repeat-1,model-replicas=1,1,90.0,standard-long-context,0,poisson,,10240,9,9,0,,not_applicable
1-replica-repeat-1,model-replicas=1,1,91.0,standard-long-context,0,poisson,,10240,9,9,0,,not_applicable
1-replica-repeat-1,model-replicas=1,1,92.0,standard-long-context,0,poisson,,10240,9,9,0,,not_applicable
1-replica-repeat-1,model-replicas=1,1,93.0,standard-long-context,0,poisson,,10240,9,9,0,,not_applicable
1-replica-repeat-1,model-replicas=1,1,94.0,standard-long-context,0,poisson,,10240,12,9,3,,not_applicable
1-replica-repeat-1,model-replicas=1,1,95.0,standard-long-context,0,poisson,,10240,14,9,5,,not_applicable
1-replica-repeat-1,model-replicas=1,1,96.0,standard-long-context,0,poisson,,10240,14,10,4,,not_applicable
1-replica-repeat-1,model-replicas=1,1,97.0,standard-long-context,0,poisson,,10240,16,14,2,,not_applicable
1-replica-repeat-1,model-replicas=1,1,98.0,standard-long-context,0,poisson,,10240,17,14,3,,not_applicable
1-replica-repeat-1,model-replicas=1,1,99.0,standard-long-context,0,poisson,,10240,18,17,1,,not_applicable
1-replica-repeat-1,model-replicas=1,1,100.0,standard-long-context,0,poisson,,10240,18,18,0,,not_applicable
1-replica-repeat-1,model-replicas=1,1,101.0,standard-long-context,0,poisson,,10240,18,18,0,,not_applicable
1-replica-repeat-1,model-replicas=1,1,102.0,standard-long-context,0,poisson,,10240,18,18,0,,not_applicable
1-replica-repeat-1,model-replicas=1,1,103.0,standard-long-context,0,poisson,,10240,18,18,0,,not_applicable
1-replica-repeat-1,model-replicas=1,1,104.0,standard-long-context,0,poisson,,10240,19,18,1,,not_applicable
1-replica-repeat-1,model-replicas=1,1,105.0,standard-long-context,0,poisson,,10240,19,19,0,,not_applicable
1-replica-repeat-1,model-replicas=1,1,106.0,standard-long-context,0,poisson,,10240,19,19,0,,not_applicable
1-replica-repeat-1,model-replicas=1,1,107.0,standard-long-context,0,poisson,,10240,19,19,0,,not_applicable
1-replica-repeat-1,model-replicas=1,1,108.0,standard-long-context,0,poisson,,10240,19,19,0,,not_applicable
1-replica-repeat-1,model-replicas=1,1,109.0,standard-long-context,0,poisson,,10240,20,19,1,,not_applicable
1-replica-repeat-1,model-replicas=1,1,110.0,standard-long-context,0,poisson,,10240,22,20,2,,not_applicable
1-replica-repeat-1,model-replicas=1,1,111.0,standard-long-context,0,poisson,,10240,23,20,3,,not_applicable
1-replica-repeat-1,model-replicas=1,1,112.0,standard-long-context,0,poisson,,10240,24,22,2,,not_applicable
1-replica-repeat-1,model-replicas=1,1,113.0,standard-long-context,0,poisson,,10240,25,24,1,,not_applicable
1-replica-repeat-1,model-replicas=1,1,114.0,standard-long-context,0,poisson,,10240,26,24,2,,not_applicable
1-replica-repeat-1,model-replicas=1,1,115.0,standard-long-context,0,poisson,,10240,27,26,1,,not_applicable
1-replica-repeat-1,model-replicas=1,1,116.0,standard-long-context,0,poisson,,10240,28,26,2,,not_applicable
1-replica-repeat-1,model-replicas=1,1,117.0,standard-long-context,0,poisson,,10240,29,28,1,,not_applicable
1-replica-repeat-1,model-replicas=1,1,118.0,standard-long-context,0,poisson,,10240,30,28,2,,not_applicable
1-replica-repeat-1,model-replicas=1,1,119.0,standard-long-context,0,poisson,,10240,30,30,0,,not_applicable
1-replica-repeat-1,model-replicas=1,1,120.0,standard-long-context,0,poisson,,10240,30,30,0,,not_applicable
1-replica-repeat-1,model-replicas=1,1,121.0,standard-long-context,0,poisson,,10240,32,30,2,,not_applicable
1-replica-repeat-1,model-replicas=1,1,122.0,standard-long-context,0,poisson,,10240,32,30,2,,not_applicable
1-replica-repeat-1,model-replicas=1,1,123.0,standard-long-context,0,poisson,,10240,33,32,1,,not_applicable
1-replica-repeat-1,model-replicas=1,1,124.0,standard-long-context,0,poisson,,10240,34,32,2,,not_applicable
1-replica-repeat-1,model-replicas=1,1,125.0,standard-long-context,0,poisson,,10240,34,34,0,,not_applicable
1-replica-repeat-1,model-replicas=1,1,126.0,standard-long-context,0,poisson,,10240,34,34,0,,not_applicable
1-replica-repeat-1,model-replicas=1,1,127.0,standard-long-context,0,poisson,,10240,34,34,0,,not_applicable
1-replica-repeat-1,model-replicas=1,1,128.0,standard-long-context,0,poisson,,10240,35,34,1,,not_applicable
1-replica-repeat-1,model-replicas=1,1,129.0,standard-long-context,0,poisson,,10240,35,35,0,,not_applicable
1-replica-repeat-1,model-replicas=1,1,130.0,standard-long-context,0,poisson,,10240,35,35,0,,not_applicable
1-replica-repeat-1,model-replicas=1,1,131.0,standard-long-context,0,poisson,,10240,35,35,0,,not_applicable
1-replica-repeat-1,model-replicas=1,1,132.0,standard-long-context,0,poisson,,10240,35,35,0,,not_applicable
1-replica-repeat-1,model-replicas=1,1,133.0,standard-long-context,0,poisson,,10240,36,35,1,,not_applicable
1-replica-repeat-1,model-replicas=1,1,134.0,standard-long-context,0,poisson,,10240,36,36,0,,not_applicable
1-replica-repeat-1,model-replicas=1,1,135.0,standard-long-context,0,poisson,,10240,36,36,0,,not_applicable
1-replica-repeat-1,model-replicas=1,1,136.0,standard-long-context,0,poisson,,10240,37,36,1,,not_applicable
1-replica-repeat-1,model-replicas=1,1,137.0,standard-long-context,0,poisson,,10240,37,37,0,,not_applicable
1-replica-repeat-1,model-replicas=1,1,138.0,standard-long-context,0,poisson,,10240,38,37,1,,not_applicable
1-replica-repeat-1,model-replicas=1,1,139.0,standard-long-context,0,poisson,,10240,39,38,1,,not_applicable
1-replica-repeat-1,model-replicas=1,1,140.0,standard-long-context,0,poisson,,10240,40,38,2,,not_applicable
1-replica-repeat-1,model-replicas=1,1,141.0,standard-long-context,0,poisson,,10240,42,40,2,,not_applicable
1-replica-repeat-1,model-replicas=1,1,142.0,standard-long-context,0,poisson,,10240,42,42,0,,not_applicable
1-replica-repeat-1,model-replicas=1,1,143.0,standard-long-context,0,poisson,,10240,43,42,1,,not_applicable
1-replica-repeat-1,model-replicas=1,1,144.0,standard-long-context,0,poisson,,10240,43,43,0,,not_applicable
1-replica-repeat-1,model-replicas=1,1,145.0,standard-long-context,0,poisson,,10240,44,43,1,,not_applicable
1-replica-repeat-1,model-replicas=1,1,146.0,standard-long-context,0,poisson,,10240,44,44,0,,not_applicable
1-replica-repeat-1,model-replicas=1,1,147.0,standard-long-context,0,poisson,,10240,45,44,1,,not_applicable
1-replica-repeat-1,model-replicas=1,1,148.0,standard-long-context,0,poisson,,10240,46,45,1,,not_applicable
1-replica-repeat-1,model-replicas=1,1,149.0,standard-long-context,0,poisson,,10240,47,46,1,,not_applicable
1-replica-repeat-1,model-replicas=1,1,150.0,standard-long-context,0,poisson,,10240,48,47,1,,not_applicable
1-replica-repeat-1,model-replicas=1,1,151.0,standard-long-context,0,poisson,,10240,48,48,0,,not_applicable
1-replica-repeat-1,model-replicas=1,1,152.0,standard-long-context,0,poisson,,10240,48,48,0,,not_applicable
1-replica-repeat-1,model-replicas=1,1,153.0,standard-long-context,0,poisson,,10240,49,48,1,,not_applicable
1-replica-repeat-1,model-replicas=1,1,154.0,standard-long-context,0,poisson,,10240,49,49,0,,not_applicable
1-replica-repeat-1,model-replicas=1,1,155.0,standard-long-context,0,poisson,,10240,50,49,1,,not_applicable
1-replica-repeat-1,model-replicas=1,1,156.0,standard-long-context,0,poisson,,10240,51,49,2,,not_applicable
1-replica-repeat-1,model-replicas=1,1,157.0,standard-long-context,0,poisson,,10240,52,51,1,,not_applicable
1-replica-repeat-1,model-replicas=1,1,158.0,standard-long-context,0,poisson,,10240,52,52,0,,not_applicable
1-replica-repeat-1,model-replicas=1,1,159.0,standard-long-context,0,poisson,,10240,52,52,0,,not_applicable
1-replica-repeat-1,model-replicas=1,1,160.0,standard-long-context,0,poisson,,10240,52,52,0,,not_applicable
1-replica-repeat-1,model-replicas=1,1,161.0,standard-long-context,0,poisson,,10240,52,52,0,,not_applicable
1-replica-repeat-1,model-replicas=1,1,162.0,standard-long-context,0,poisson,,10240,52,52,0,,not_applicable
1-replica-repeat-1,model-replicas=1,1,163.0,standard-long-context,0,poisson,,10240,53,52,1,,not_applicable
1-replica-repeat-1,model-replicas=1,1,164.0,standard-long-context,0,poisson,,10240,53,53,0,,not_applicable
1-replica-repeat-1,model-replicas=1,1,165.0,standard-long-context,0,poisson,,10240,53,53,0,,not_applicable
1-replica-repeat-1,model-replicas=1,1,166.0,standard-long-context,0,poisson,,10240,53,53,0,,not_applicable
1-replica-repeat-1,model-replicas=1,1,167.0,standard-long-context,0,poisson,,10240,54,53,1,,not_applicable
1-replica-repeat-1,model-replicas=1,1,168.0,standard-long-context,0,poisson,,10240,54,54,0,,not_applicable
1-replica-repeat-1,model-replicas=1,1,169.0,standard-long-context,0,poisson,,10240,54,54,0,,not_applicable
1-replica-repeat-1,model-replicas=1,1,170.0,standard-long-context,0,poisson,,10240,54,54,0,,not_applicable
1-replica-repeat-1,model-replicas=1,1,171.0,standard-long-context,0,poisson,,10240,54,54,0,,not_applicable
1-replica-repeat-1,model-replicas=1,1,172.0,standard-long-context,0,poisson,,10240,55,54,1,,not_applicable
1-replica-repeat-1,model-replicas=1,1,173.0,standard-long-context,0,poisson,,10240,56,55,1,,not_applicable
1-replica-repeat-1,model-replicas=1,1,174.0,standard-long-context,0,poisson,,10240,56,56,0,,not_applicable
1-replica-repeat-1,model-replicas=1,1,175.0,standard-long-context,0,poisson,,10240,56,56,0,,not_applicable
1-replica-repeat-1,model-replicas=1,1,176.0,standard-long-context,0,poisson,,10240,59,56,3,,not_applicable
1-replica-repeat-1,model-replicas=1,1,177.0,standard-long-context,0,poisson,,10240,60,56,4,,not_applicable
1-replica-repeat-1,model-replicas=1,1,178.0,standard-long-context,0,poisson,,10240,62,60,2,,not_applicable
1-replica-repeat-1,model-replicas=1,1,179.0,standard-long-context,0,poisson,,10240,62,60,2,,not_applicable
1-replica-repeat-1,model-replicas=1,1,180.0,standard-long-context,0,poisson,,10240,62,62,0,,not_applicable
1-replica-repeat-1,model-replicas=1,1,181.0,standard-long-context,0,poisson,,10240,62,62,0,,not_applicable
1-replica-repeat-1,model-replicas=1,1,182.0,standard-long-context,0,poisson,,10240,62,62,0,,not_applicable
1-replica-repeat-1,model-replicas=1,1,183.0,standard-long-context,0,poisson,,10240,62,62,0,,not_applicable
1-replica-repeat-1,model-replicas=1,1,184.0,standard-long-context,0,poisson,,10240,64,62,2,,not_applicable
1-replica-repeat-1,model-replicas=1,1,185.0,standard-long-context,0,poisson,,10240,64,64,0,,not_applicable
1-replica-repeat-1,model-replicas=1,1,186.0,standard-long-context,0,poisson,,10240,64,64,0,,not_applicable
1-replica-repeat-1,model-replicas=1,1,187.0,standard-long-context,0,poisson,,10240,64,64,0,,not_applicable
1-replica-repeat-1,model-replicas=1,1,188.0,standard-long-context,0,poisson,,10240,64,64,0,,not_applicable
1-replica-repeat-1,model-replicas=1,1,189.0,standard-long-context,0,poisson,,10240,66,64,2,,not_applicable
1-replica-repeat-1,model-replicas=1,1,190.0,standard-long-context,0,poisson,,10240,67,64,3,,not_applicable
1-replica-repeat-1,model-replicas=1,1,191.0,standard-long-context,0,poisson,,10240,68,66,2,,not_applicable
1-replica-repeat-1,model-replicas=1,1,192.0,standard-long-context,0,poisson,,10240,68,67,1,,not_applicable
1-replica-repeat-1,model-replicas=1,1,193.0,standard-long-context,0,poisson,,10240,68,68,0,,not_applicable
1-replica-repeat-1,model-replicas=1,1,194.0,standard-long-context,0,poisson,,10240,68,68,0,,not_applicable
1-replica-repeat-1,model-replicas=1,1,195.0,standard-long-context,0,poisson,,10240,68,68,0,,not_applicable
1-replica-repeat-1,model-replicas=1,1,196.0,standard-long-context,0,poisson,,10240,69,68,1,,not_applicable
1-replica-repeat-1,model-replicas=1,1,197.0,standard-long-context,0,poisson,,10240,69,69,0,,not_applicable
1-replica-repeat-1,model-replicas=1,1,198.0,standard-long-context,0,poisson,,10240,70,69,1,,not_applicable
1-replica-repeat-1,model-replicas=1,1,199.0,standard-long-context,0,poisson,,10240,71,70,1,,not_applicable
1-replica-repeat-1,model-replicas=1,1,200.0,standard-long-context,0,poisson,,10240,71,71,0,,not_applicable
1-replica-repeat-1,model-replicas=1,1,201.0,standard-long-context,0,poisson,,10240,72,71,1,,not_applicable
1-replica-repeat-1,model-replicas=1,1,202.0,standard-long-context,0,poisson,,10240,74,71,3,,not_applicable
1-replica-repeat-1,model-replicas=1,1,203.0,standard-long-context,0,poisson,,10240,74,74,0,,not_applicable
1-replica-repeat-1,model-replicas=1,1,204.0,standard-long-context,0,poisson,,10240,74,74,0,,not_applicable
1-replica-repeat-1,model-replicas=1,1,205.0,standard-long-context,0,poisson,,10240,74,74,0,,not_applicable
1-replica-repeat-1,model-replicas=1,1,206.0,standard-long-context,0,poisson,,10240,75,74,1,,not_applicable
1-replica-repeat-1,model-replicas=1,1,207.0,standard-long-context,0,poisson,,10240,76,75,1,,not_applicable
1-replica-repeat-1,model-replicas=1,1,208.0,standard-long-context,0,poisson,,10240,77,76,1,,not_applicable
1-replica-repeat-1,model-replicas=1,1,209.0,standard-long-context,0,poisson,,10240,77,77,0,,not_applicable
1-replica-repeat-1,model-replicas=1,1,210.0,standard-long-context,0,poisson,,10240,78,77,1,,not_applicable
1-replica-repeat-1,model-replicas=1,1,211.0,standard-long-context,0,poisson,,10240,78,78,0,,not_applicable
1-replica-repeat-1,model-replicas=1,1,212.0,standard-long-context,0,poisson,,10240,78,78,0,,not_applicable
1-replica-repeat-1,model-replicas=1,1,213.0,standard-long-context,0,poisson,,10240,78,78,0,,not_applicable
1-replica-repeat-1,model-replicas=1,1,214.0,standard-long-context,0,poisson,,10240,78,78,0,,not_applicable
1-replica-repeat-1,model-replicas=1,1,215.0,standard-long-context,0,poisson,,10240,78,78,0,,not_applicable
1-replica-repeat-1,model-replicas=1,1,216.0,standard-long-context,0,poisson,,10240,78,78,0,,not_applicable
1-replica-repeat-1,model-replicas=1,1,217.0,standard-long-context,0,poisson,,10240,78,78,0,,not_applicable
1-replica-repeat-1,model-replicas=1,1,218.0,standard-long-context,0,poisson,,10240,78,78,0,,not_applicable
1-replica-repeat-1,model-replicas=1,1,219.0,standard-long-context,0,poisson,,10240,78,78,0,,not_applicable
1-replica-repeat-1,model-replicas=1,1,220.0,standard-long-context,0,poisson,,10240,78,78,0,,not_applicable
1-replica-repeat-1,model-replicas=1,1,221.0,standard-long-context,0,poisson,,10240,78,78,0,,not_applicable
1-replica-repeat-1,model-replicas=1,1,222.0,standard-long-context,0,poisson,,10240,78,78,0,,not_applicable
1-replica-repeat-1,model-replicas=1,1,223.0,standard-long-context,0,poisson,,10240,78,78,0,,not_applicable
1-replica-repeat-1,model-replicas=1,1,224.0,standard-long-context,0,poisson,,10240,78,78,0,,not_applicable
1-replica-repeat-1,model-replicas=1,1,225.0,standard-long-context,0,poisson,,10240,78,78,0,,not_applicable
1-replica-repeat-1,model-replicas=1,1,226.0,standard-long-context,0,poisson,,10240,78,78,0,,not_applicable
1-replica-repeat-1,model-replicas=1,1,227.0,standard-long-context,0,poisson,,10240,78,78,0,,not_applicable
1-replica-repeat-1,model-replicas=1,1,228.0,standard-long-context,0,poisson,,10240,78,78,0,,not_applicable
1-replica-repeat-1,model-replicas=1,1,229.0,standard-long-context,0,poisson,,10240,78,78,0,,not_applicable
1-replica-repeat-1,model-replicas=1,1,230.0,standard-long-context,0,poisson,,10240,78,78,0,,not_applicable
1-replica-repeat-1,model-replicas=1,1,231.0,standard-long-context,0,poisson,,10240,78,78,0,,not_applicable
1-replica-repeat-1,model-replicas=1,1,232.0,standard-long-context,0,poisson,,10240,78,78,0,,not_applicable
1-replica-repeat-1,model-replicas=1,1,233.0,standard-long-context,0,poisson,,10240,78,78,0,,not_applicable
1-replica-repeat-1,model-replicas=1,1,234.0,standard-long-context,0,poisson,,10240,78,78,0,,not_applicable
1-replica-repeat-1,model-replicas=1,1,235.0,standard-long-context,0,poisson,,10240,78,78,0,,not_applicable
1-replica-repeat-1,model-replicas=1,1,236.0,standard-long-context,0,poisson,,10240,78,78,0,,not_applicable
1-replica-repeat-1,model-replicas=1,1,237.0,standard-long-context,0,poisson,,10240,78,78,0,,not_applicable
1-replica-repeat-1,model-replicas=1,1,238.0,standard-long-context,0,poisson,,10240,78,78,0,,not_applicable
1-replica-repeat-1,model-replicas=1,1,239.0,standard-long-context,0,poisson,,10240,78,78,0,,not_applicable
1-replica-repeat-1,model-replicas=1,1,240.0,standard-long-context,0,poisson,,10240,78,78,0,,not_applicable
1-replica-repeat-1,model-replicas=1,1,241.0,standard-long-context,0,poisson,,10240,78,78,0,,not_applicable
1-replica-repeat-1,model-replicas=1,1,242.0,standard-long-context,0,poisson,,10240,78,78,0,,not_applicable
1-replica-repeat-1,model-replicas=1,1,243.0,standard-long-context,0,poisson,,10240,78,78,0,,not_applicable
1-replica-repeat-1,model-replicas=1,1,244.0,standard-long-context,0,poisson,,10240,78,78,0,,not_applicable
1-replica-repeat-1,model-replicas=1,1,245.0,standard-long-context,0,poisson,,10240,78,78,0,,not_applicable
1-replica-repeat-1,model-replicas=1,1,246.0,standard-long-context,0,poisson,,10240,78,78,0,,not_applicable
1-replica-repeat-1,model-replicas=1,1,247.0,standard-long-context,0,poisson,,10240,78,78,0,,not_applicable
1-replica-repeat-1,model-replicas=1,1,248.0,standard-long-context,0,poisson,,10240,78,78,0,,not_applicable
1-replica-repeat-1,model-replicas=1,1,249.0,standard-long-context,0,poisson,,10240,78,78,0,,not_applicable
1-replica-repeat-1,model-replicas=1,1,250.0,standard-long-context,0,poisson,,10240,78,78,0,,not_applicable
1-replica-repeat-1,model-replicas=1,1,251.0,standard-long-context,0,poisson,,10240,78,78,0,,not_applicable
1-replica-repeat-1,model-replicas=1,1,252.0,standard-long-context,0,poisson,,10240,78,78,0,,not_applicable
1-replica-repeat-1,model-replicas=1,1,253.0,standard-long-context,0,poisson,,10240,78,78,0,,not_applicable
1-replica-repeat-1,model-replicas=1,1,254.0,standard-long-context,0,poisson,,10240,78,78,0,,not_applicable
1-replica-repeat-1,model-replicas=1,1,255.0,standard-long-context,0,poisson,,10240,78,78,0,,not_applicable
1-replica-repeat-1,model-replicas=1,1,256.0,standard-long-context,0,poisson,,10240,78,78,0,,not_applicable
1-replica-repeat-1,model-replicas=1,1,257.0,standard-long-context,0,poisson,,10240,78,78,0,,not_applicable
1-replica-repeat-1,model-replicas=1,1,258.0,standard-long-context,0,poisson,,10240,78,78,0,,not_applicable
1-replica-repeat-1,model-replicas=1,1,259.0,standard-long-context,0,poisson,,10240,78,78,0,,not_applicable
1-replica-repeat-1,model-replicas=1,1,260.0,standard-long-context,0,poisson,,10240,78,78,0,,not_applicable
1-replica-repeat-1,model-replicas=1,1,261.0,standard-long-context,0,poisson,,10240,78,78,0,,not_applicable
1-replica-repeat-1,model-replicas=1,1,262.0,standard-long-context,0,poisson,,10240,78,78,0,,not_applicable
1-replica-repeat-1,model-replicas=1,1,263.0,standard-long-context,0,poisson,,10240,78,78,0,,not_applicable
1-replica-repeat-1,model-replicas=1,1,264.0,standard-long-context,0,poisson,,10240,78,78,0,,not_applicable
1-replica-repeat-1,model-replicas=1,1,265.0,standard-long-context,0,poisson,,10240,78,78,0,,not_applicable
1-replica-repeat-1,model-replicas=1,1,266.0,standard-long-context,0,poisson,,10240,78,78,0,,not_applicable
1-replica-repeat-1,model-replicas=1,1,267.0,standard-long-context,0,poisson,,10240,78,78,0,,not_applicable
1-replica-repeat-1,model-replicas=1,1,268.0,standard-long-context,0,poisson,,10240,78,78,0,,not_applicable
1-replica-repeat-1,model-replicas=1,1,269.0,standard-long-context,0,poisson,,10240,78,78,0,,not_applicable
1-replica-repeat-1,model-replicas=1,1,270.0,standard-long-context,0,poisson,,10240,78,78,0,,not_applicable
2-replica-repeat-1,model-replicas=2,1,0.0,realtime-chat,100,poisson,,10240,0,0,0,,not_applicable
2-replica-repeat-1,model-replicas=2,1,1.0,realtime-chat,100,poisson,,10240,10,0,10,,not_applicable
2-replica-repeat-1,model-replicas=2,1,2.0,realtime-chat,100,poisson,,10240,18,10,8,,not_applicable
2-replica-repeat-1,model-replicas=2,1,3.0,realtime-chat,100,poisson,,10240,29,18,11,,not_applicable
2-replica-repeat-1,model-replicas=2,1,4.0,realtime-chat,100,poisson,,10240,38,20,18,,not_applicable
2-replica-repeat-1,model-replicas=2,1,5.0,realtime-chat,100,poisson,,10240,44,25,19,,not_applicable
2-replica-repeat-1,model-replicas=2,1,6.0,realtime-chat,100,poisson,,10240,50,28,22,,not_applicable
2-replica-repeat-1,model-replicas=2,1,7.0,realtime-chat,100,poisson,,10240,59,32,27,,not_applicable
2-replica-repeat-1,model-replicas=2,1,8.0,realtime-chat,100,poisson,,10240,67,62,5,,not_applicable
2-replica-repeat-1,model-replicas=2,1,9.0,realtime-chat,100,poisson,,10240,79,74,5,,not_applicable
2-replica-repeat-1,model-replicas=2,1,10.0,realtime-chat,100,poisson,,10240,86,81,5,,not_applicable
2-replica-repeat-1,model-replicas=2,1,11.0,realtime-chat,100,poisson,,10240,93,89,4,,not_applicable
2-replica-repeat-1,model-replicas=2,1,12.0,realtime-chat,100,poisson,,10240,101,95,6,,not_applicable
2-replica-repeat-1,model-replicas=2,1,13.0,realtime-chat,100,poisson,,10240,108,104,4,,not_applicable
2-replica-repeat-1,model-replicas=2,1,14.0,realtime-chat,100,poisson,,10240,115,112,3,,not_applicable
2-replica-repeat-1,model-replicas=2,1,15.0,realtime-chat,100,poisson,,10240,125,115,10,,not_applicable
2-replica-repeat-1,model-replicas=2,1,16.0,realtime-chat,100,poisson,,10240,135,129,6,,not_applicable
2-replica-repeat-1,model-replicas=2,1,17.0,realtime-chat,100,poisson,,10240,145,138,7,,not_applicable
2-replica-repeat-1,model-replicas=2,1,18.0,realtime-chat,100,poisson,,10240,154,147,7,,not_applicable
2-replica-repeat-1,model-replicas=2,1,19.0,realtime-chat,100,poisson,,10240,164,158,6,,not_applicable
2-replica-repeat-1,model-replicas=2,1,20.0,realtime-chat,100,poisson,,10240,172,167,5,,not_applicable
2-replica-repeat-1,model-replicas=2,1,21.0,realtime-chat,100,poisson,,10240,179,177,2,,not_applicable
2-replica-repeat-1,model-replicas=2,1,22.0,realtime-chat,100,poisson,,10240,185,184,1,,not_applicable
2-replica-repeat-1,model-replicas=2,1,23.0,realtime-chat,100,poisson,,10240,189,187,2,,not_applicable
2-replica-repeat-1,model-replicas=2,1,24.0,realtime-chat,100,poisson,,10240,196,195,1,,not_applicable
2-replica-repeat-1,model-replicas=2,1,25.0,realtime-chat,100,poisson,,10240,200,197,3,,not_applicable
2-replica-repeat-1,model-replicas=2,1,26.0,realtime-chat,100,poisson,,10240,210,206,4,,not_applicable
2-replica-repeat-1,model-replicas=2,1,27.0,realtime-chat,100,poisson,,10240,216,212,4,,not_applicable
2-replica-repeat-1,model-replicas=2,1,28.0,realtime-chat,100,poisson,,10240,222,220,2,,not_applicable
2-replica-repeat-1,model-replicas=2,1,29.0,realtime-chat,100,poisson,,10240,225,225,0,,not_applicable
2-replica-repeat-1,model-replicas=2,1,30.0,realtime-chat,100,poisson,,10240,233,226,7,,not_applicable
2-replica-repeat-1,model-replicas=2,1,31.0,realtime-chat,100,poisson,,10240,242,236,6,,not_applicable
2-replica-repeat-1,model-replicas=2,1,32.0,realtime-chat,100,poisson,,10240,251,246,5,,not_applicable
2-replica-repeat-1,model-replicas=2,1,33.0,realtime-chat,100,poisson,,10240,254,253,1,,not_applicable
2-replica-repeat-1,model-replicas=2,1,34.0,realtime-chat,100,poisson,,10240,265,259,6,,not_applicable
2-replica-repeat-1,model-replicas=2,1,35.0,realtime-chat,100,poisson,,10240,269,269,0,,not_applicable
2-replica-repeat-1,model-replicas=2,1,36.0,realtime-chat,100,poisson,,10240,275,273,2,,not_applicable
2-replica-repeat-1,model-replicas=2,1,37.0,realtime-chat,100,poisson,,10240,287,279,8,,not_applicable
2-replica-repeat-1,model-replicas=2,1,38.0,realtime-chat,100,poisson,,10240,295,291,4,,not_applicable
2-replica-repeat-1,model-replicas=2,1,39.0,realtime-chat,100,poisson,,10240,303,300,3,,not_applicable
2-replica-repeat-1,model-replicas=2,1,40.0,realtime-chat,100,poisson,,10240,308,306,2,,not_applicable
2-replica-repeat-1,model-replicas=2,1,41.0,realtime-chat,100,poisson,,10240,318,313,5,,not_applicable
2-replica-repeat-1,model-replicas=2,1,42.0,realtime-chat,100,poisson,,10240,324,320,4,,not_applicable
2-replica-repeat-1,model-replicas=2,1,43.0,realtime-chat,100,poisson,,10240,333,326,7,,not_applicable
2-replica-repeat-1,model-replicas=2,1,44.0,realtime-chat,100,poisson,,10240,340,336,4,,not_applicable
2-replica-repeat-1,model-replicas=2,1,45.0,realtime-chat,100,poisson,,10240,354,341,13,,not_applicable
2-replica-repeat-1,model-replicas=2,1,46.0,realtime-chat,100,poisson,,10240,359,357,2,,not_applicable
2-replica-repeat-1,model-replicas=2,1,47.0,realtime-chat,100,poisson,,10240,371,359,12,,not_applicable
2-replica-repeat-1,model-replicas=2,1,48.0,realtime-chat,100,poisson,,10240,382,376,6,,not_applicable
2-replica-repeat-1,model-replicas=2,1,49.0,realtime-chat,100,poisson,,10240,391,384,7,,not_applicable
2-replica-repeat-1,model-replicas=2,1,50.0,realtime-chat,100,poisson,,10240,403,394,9,,not_applicable
2-replica-repeat-1,model-replicas=2,1,51.0,realtime-chat,100,poisson,,10240,412,410,2,,not_applicable
2-replica-repeat-1,model-replicas=2,1,52.0,realtime-chat,100,poisson,,10240,420,414,6,,not_applicable
2-replica-repeat-1,model-replicas=2,1,53.0,realtime-chat,100,poisson,,10240,433,424,9,,not_applicable
2-replica-repeat-1,model-replicas=2,1,54.0,realtime-chat,100,poisson,,10240,440,436,4,,not_applicable
2-replica-repeat-1,model-replicas=2,1,55.0,realtime-chat,100,poisson,,10240,450,445,5,,not_applicable
2-replica-repeat-1,model-replicas=2,1,56.0,realtime-chat,100,poisson,,10240,462,454,8,,not_applicable
2-replica-repeat-1,model-replicas=2,1,57.0,realtime-chat,100,poisson,,10240,467,459,8,,not_applicable
2-replica-repeat-1,model-replicas=2,1,58.0,realtime-chat,100,poisson,,10240,475,460,15,,not_applicable
2-replica-repeat-1,model-replicas=2,1,59.0,realtime-chat,100,poisson,,10240,484,479,5,,not_applicable
2-replica-repeat-1,model-replicas=2,1,60.0,realtime-chat,100,poisson,,10240,490,486,4,,not_applicable
2-replica-repeat-1,model-replicas=2,1,61.0,realtime-chat,100,poisson,,10240,494,492,2,,not_applicable
2-replica-repeat-1,model-replicas=2,1,62.0,realtime-chat,100,poisson,,10240,502,498,4,,not_applicable
2-replica-repeat-1,model-replicas=2,1,63.0,realtime-chat,100,poisson,,10240,508,506,2,,not_applicable
2-replica-repeat-1,model-replicas=2,1,64.0,realtime-chat,100,poisson,,10240,511,509,2,,not_applicable
2-replica-repeat-1,model-replicas=2,1,65.0,realtime-chat,100,poisson,,10240,515,515,0,,not_applicable
2-replica-repeat-1,model-replicas=2,1,66.0,realtime-chat,100,poisson,,10240,523,519,4,,not_applicable
2-replica-repeat-1,model-replicas=2,1,67.0,realtime-chat,100,poisson,,10240,538,525,13,,not_applicable
2-replica-repeat-1,model-replicas=2,1,68.0,realtime-chat,100,poisson,,10240,547,536,11,,not_applicable
2-replica-repeat-1,model-replicas=2,1,69.0,realtime-chat,100,poisson,,10240,554,549,5,,not_applicable
2-replica-repeat-1,model-replicas=2,1,70.0,realtime-chat,100,poisson,,10240,565,558,7,,not_applicable
2-replica-repeat-1,model-replicas=2,1,71.0,realtime-chat,100,poisson,,10240,570,567,3,,not_applicable
2-replica-repeat-1,model-replicas=2,1,72.0,realtime-chat,100,poisson,,10240,576,572,4,,not_applicable
2-replica-repeat-1,model-replicas=2,1,73.0,realtime-chat,100,poisson,,10240,582,579,3,,not_applicable
2-replica-repeat-1,model-replicas=2,1,74.0,realtime-chat,100,poisson,,10240,593,582,11,,not_applicable
2-replica-repeat-1,model-replicas=2,1,75.0,realtime-chat,100,poisson,,10240,600,596,4,,not_applicable
2-replica-repeat-1,model-replicas=2,1,76.0,realtime-chat,100,poisson,,10240,608,603,5,,not_applicable
2-replica-repeat-1,model-replicas=2,1,77.0,realtime-chat,100,poisson,,10240,611,610,1,,not_applicable
2-replica-repeat-1,model-replicas=2,1,78.0,realtime-chat,100,poisson,,10240,620,612,8,,not_applicable
2-replica-repeat-1,model-replicas=2,1,79.0,realtime-chat,100,poisson,,10240,629,615,14,,not_applicable
2-replica-repeat-1,model-replicas=2,1,80.0,realtime-chat,100,poisson,,10240,640,631,9,,not_applicable
2-replica-repeat-1,model-replicas=2,1,81.0,realtime-chat,100,poisson,,10240,658,641,17,,not_applicable
2-replica-repeat-1,model-replicas=2,1,82.0,realtime-chat,100,poisson,,10240,666,645,21,,not_applicable
2-replica-repeat-1,model-replicas=2,1,83.0,realtime-chat,100,poisson,,10240,674,646,28,,not_applicable
2-replica-repeat-1,model-replicas=2,1,84.0,realtime-chat,100,poisson,,10240,690,655,35,,not_applicable
2-replica-repeat-1,model-replicas=2,1,85.0,realtime-chat,100,poisson,,10240,701,670,31,,not_applicable
2-replica-repeat-1,model-replicas=2,1,86.0,realtime-chat,100,poisson,,10240,712,677,35,,not_applicable
2-replica-repeat-1,model-replicas=2,1,87.0,realtime-chat,100,poisson,,10240,722,680,42,,not_applicable
2-replica-repeat-1,model-replicas=2,1,88.0,realtime-chat,100,poisson,,10240,732,682,50,,not_applicable
2-replica-repeat-1,model-replicas=2,1,89.0,realtime-chat,100,poisson,,10240,740,692,48,,not_applicable
2-replica-repeat-1,model-replicas=2,1,90.0,realtime-chat,100,poisson,,10240,745,741,4,,not_applicable
2-replica-repeat-1,model-replicas=2,1,91.0,realtime-chat,100,poisson,,10240,752,742,10,,not_applicable
2-replica-repeat-1,model-replicas=2,1,92.0,realtime-chat,100,poisson,,10240,766,754,12,,not_applicable
2-replica-repeat-1,model-replicas=2,1,93.0,realtime-chat,100,poisson,,10240,779,758,21,,not_applicable
2-replica-repeat-1,model-replicas=2,1,94.0,realtime-chat,100,poisson,,10240,788,779,9,,not_applicable
2-replica-repeat-1,model-replicas=2,1,95.0,realtime-chat,100,poisson,,10240,797,793,4,,not_applicable
2-replica-repeat-1,model-replicas=2,1,96.0,realtime-chat,100,poisson,,10240,803,799,4,,not_applicable
2-replica-repeat-1,model-replicas=2,1,97.0,realtime-chat,100,poisson,,10240,806,806,0,,not_applicable
2-replica-repeat-1,model-replicas=2,1,98.0,realtime-chat,100,poisson,,10240,811,809,2,,not_applicable
2-replica-repeat-1,model-replicas=2,1,99.0,realtime-chat,100,poisson,,10240,817,814,3,,not_applicable
2-replica-repeat-1,model-replicas=2,1,100.0,realtime-chat,100,poisson,,10240,826,820,6,,not_applicable
2-replica-repeat-1,model-replicas=2,1,101.0,realtime-chat,100,poisson,,10240,833,830,3,,not_applicable
2-replica-repeat-1,model-replicas=2,1,102.0,realtime-chat,100,poisson,,10240,843,834,9,,not_applicable
2-replica-repeat-1,model-replicas=2,1,103.0,realtime-chat,100,poisson,,10240,847,835,12,,not_applicable
2-replica-repeat-1,model-replicas=2,1,104.0,realtime-chat,100,poisson,,10240,852,838,14,,not_applicable
2-replica-repeat-1,model-replicas=2,1,105.0,realtime-chat,100,poisson,,10240,857,841,16,,not_applicable
2-replica-repeat-1,model-replicas=2,1,106.0,realtime-chat,100,poisson,,10240,865,861,4,,not_applicable
2-replica-repeat-1,model-replicas=2,1,107.0,realtime-chat,100,poisson,,10240,872,866,6,,not_applicable
2-replica-repeat-1,model-replicas=2,1,108.0,realtime-chat,100,poisson,,10240,884,872,12,,not_applicable
2-replica-repeat-1,model-replicas=2,1,109.0,realtime-chat,100,poisson,,10240,891,875,16,,not_applicable
2-replica-repeat-1,model-replicas=2,1,110.0,realtime-chat,100,poisson,,10240,897,892,5,,not_applicable
2-replica-repeat-1,model-replicas=2,1,111.0,realtime-chat,100,poisson,,10240,904,899,5,,not_applicable
2-replica-repeat-1,model-replicas=2,1,112.0,realtime-chat,100,poisson,,10240,909,903,6,,not_applicable
2-replica-repeat-1,model-replicas=2,1,113.0,realtime-chat,100,poisson,,10240,918,916,2,,not_applicable
2-replica-repeat-1,model-replicas=2,1,114.0,realtime-chat,100,poisson,,10240,923,919,4,,not_applicable
2-replica-repeat-1,model-replicas=2,1,115.0,realtime-chat,100,poisson,,10240,936,926,10,,not_applicable
2-replica-repeat-1,model-replicas=2,1,116.0,realtime-chat,100,poisson,,10240,944,938,6,,not_applicable
2-replica-repeat-1,model-replicas=2,1,117.0,realtime-chat,100,poisson,,10240,951,944,7,,not_applicable
2-replica-repeat-1,model-replicas=2,1,118.0,realtime-chat,100,poisson,,10240,962,949,13,,not_applicable
2-replica-repeat-1,model-replicas=2,1,119.0,realtime-chat,100,poisson,,10240,969,966,3,,not_applicable
2-replica-repeat-1,model-replicas=2,1,120.0,realtime-chat,100,poisson,,10240,982,968,14,,not_applicable
2-replica-repeat-1,model-replicas=2,1,121.0,realtime-chat,100,poisson,,10240,992,974,18,,not_applicable
2-replica-repeat-1,model-replicas=2,1,122.0,realtime-chat,100,poisson,,10240,1001,993,8,,not_applicable
2-replica-repeat-1,model-replicas=2,1,123.0,realtime-chat,100,poisson,,10240,1007,1005,2,,not_applicable
2-replica-repeat-1,model-replicas=2,1,124.0,realtime-chat,100,poisson,,10240,1012,1007,5,,not_applicable
2-replica-repeat-1,model-replicas=2,1,125.0,realtime-chat,100,poisson,,10240,1018,1016,2,,not_applicable
2-replica-repeat-1,model-replicas=2,1,126.0,realtime-chat,100,poisson,,10240,1026,1019,7,,not_applicable
2-replica-repeat-1,model-replicas=2,1,127.0,realtime-chat,100,poisson,,10240,1036,1024,12,,not_applicable
2-replica-repeat-1,model-replicas=2,1,128.0,realtime-chat,100,poisson,,10240,1042,1035,7,,not_applicable
2-replica-repeat-1,model-replicas=2,1,129.0,realtime-chat,100,poisson,,10240,1055,1046,9,,not_applicable
2-replica-repeat-1,model-replicas=2,1,130.0,realtime-chat,100,poisson,,10240,1061,1057,4,,not_applicable
2-replica-repeat-1,model-replicas=2,1,131.0,realtime-chat,100,poisson,,10240,1069,1062,7,,not_applicable
2-replica-repeat-1,model-replicas=2,1,132.0,realtime-chat,100,poisson,,10240,1076,1070,6,,not_applicable
2-replica-repeat-1,model-replicas=2,1,133.0,realtime-chat,100,poisson,,10240,1084,1076,8,,not_applicable
2-replica-repeat-1,model-replicas=2,1,134.0,realtime-chat,100,poisson,,10240,1093,1086,7,,not_applicable
2-replica-repeat-1,model-replicas=2,1,135.0,realtime-chat,100,poisson,,10240,1102,1093,9,,not_applicable
2-replica-repeat-1,model-replicas=2,1,136.0,realtime-chat,100,poisson,,10240,1111,1105,6,,not_applicable
2-replica-repeat-1,model-replicas=2,1,137.0,realtime-chat,100,poisson,,10240,1116,1114,2,,not_applicable
2-replica-repeat-1,model-replicas=2,1,138.0,realtime-chat,100,poisson,,10240,1122,1115,7,,not_applicable
2-replica-repeat-1,model-replicas=2,1,139.0,realtime-chat,100,poisson,,10240,1131,1124,7,,not_applicable
2-replica-repeat-1,model-replicas=2,1,140.0,realtime-chat,100,poisson,,10240,1137,1133,4,,not_applicable
2-replica-repeat-1,model-replicas=2,1,141.0,realtime-chat,100,poisson,,10240,1148,1141,7,,not_applicable
2-replica-repeat-1,model-replicas=2,1,142.0,realtime-chat,100,poisson,,10240,1151,1149,2,,not_applicable
2-replica-repeat-1,model-replicas=2,1,143.0,realtime-chat,100,poisson,,10240,1158,1150,8,,not_applicable
2-replica-repeat-1,model-replicas=2,1,144.0,realtime-chat,100,poisson,,10240,1165,1157,8,,not_applicable
2-replica-repeat-1,model-replicas=2,1,145.0,realtime-chat,100,poisson,,10240,1172,1166,6,,not_applicable
2-replica-repeat-1,model-replicas=2,1,146.0,realtime-chat,100,poisson,,10240,1187,1171,16,,not_applicable
2-replica-repeat-1,model-replicas=2,1,147.0,realtime-chat,100,poisson,,10240,1194,1182,12,,not_applicable
2-replica-repeat-1,model-replicas=2,1,148.0,realtime-chat,100,poisson,,10240,1202,1200,2,,not_applicable
2-replica-repeat-1,model-replicas=2,1,149.0,realtime-chat,100,poisson,,10240,1209,1205,4,,not_applicable
2-replica-repeat-1,model-replicas=2,1,150.0,realtime-chat,100,poisson,,10240,1219,1210,9,,not_applicable
2-replica-repeat-1,model-replicas=2,1,151.0,realtime-chat,100,poisson,,10240,1228,1219,9,,not_applicable
2-replica-repeat-1,model-replicas=2,1,152.0,realtime-chat,100,poisson,,10240,1240,1233,7,,not_applicable
2-replica-repeat-1,model-replicas=2,1,153.0,realtime-chat,100,poisson,,10240,1248,1240,8,,not_applicable
2-replica-repeat-1,model-replicas=2,1,154.0,realtime-chat,100,poisson,,10240,1260,1243,17,,not_applicable
2-replica-repeat-1,model-replicas=2,1,155.0,realtime-chat,100,poisson,,10240,1267,1264,3,,not_applicable
2-replica-repeat-1,model-replicas=2,1,156.0,realtime-chat,100,poisson,,10240,1278,1272,6,,not_applicable
2-replica-repeat-1,model-replicas=2,1,157.0,realtime-chat,100,poisson,,10240,1290,1280,10,,not_applicable
2-replica-repeat-1,model-replicas=2,1,158.0,realtime-chat,100,poisson,,10240,1304,1290,14,,not_applicable
2-replica-repeat-1,model-replicas=2,1,159.0,realtime-chat,100,poisson,,10240,1313,1306,7,,not_applicable
2-replica-repeat-1,model-replicas=2,1,160.0,realtime-chat,100,poisson,,10240,1319,1315,4,,not_applicable
2-replica-repeat-1,model-replicas=2,1,161.0,realtime-chat,100,poisson,,10240,1325,1322,3,,not_applicable
2-replica-repeat-1,model-replicas=2,1,162.0,realtime-chat,100,poisson,,10240,1331,1328,3,,not_applicable
2-replica-repeat-1,model-replicas=2,1,163.0,realtime-chat,100,poisson,,10240,1339,1333,6,,not_applicable
2-replica-repeat-1,model-replicas=2,1,164.0,realtime-chat,100,poisson,,10240,1350,1342,8,,not_applicable
2-replica-repeat-1,model-replicas=2,1,165.0,realtime-chat,100,poisson,,10240,1359,1353,6,,not_applicable
2-replica-repeat-1,model-replicas=2,1,166.0,realtime-chat,100,poisson,,10240,1366,1361,5,,not_applicable
2-replica-repeat-1,model-replicas=2,1,167.0,realtime-chat,100,poisson,,10240,1371,1366,5,,not_applicable
2-replica-repeat-1,model-replicas=2,1,168.0,realtime-chat,100,poisson,,10240,1376,1371,5,,not_applicable
2-replica-repeat-1,model-replicas=2,1,169.0,realtime-chat,100,poisson,,10240,1386,1378,8,,not_applicable
2-replica-repeat-1,model-replicas=2,1,170.0,realtime-chat,100,poisson,,10240,1397,1386,11,,not_applicable
2-replica-repeat-1,model-replicas=2,1,171.0,realtime-chat,100,poisson,,10240,1401,1399,2,,not_applicable
2-replica-repeat-1,model-replicas=2,1,172.0,realtime-chat,100,poisson,,10240,1406,1403,3,,not_applicable
2-replica-repeat-1,model-replicas=2,1,173.0,realtime-chat,100,poisson,,10240,1410,1407,3,,not_applicable
2-replica-repeat-1,model-replicas=2,1,174.0,realtime-chat,100,poisson,,10240,1417,1413,4,,not_applicable
2-replica-repeat-1,model-replicas=2,1,175.0,realtime-chat,100,poisson,,10240,1421,1419,2,,not_applicable
2-replica-repeat-1,model-replicas=2,1,176.0,realtime-chat,100,poisson,,10240,1428,1423,5,,not_applicable
2-replica-repeat-1,model-replicas=2,1,177.0,realtime-chat,100,poisson,,10240,1434,1430,4,,not_applicable
2-replica-repeat-1,model-replicas=2,1,178.0,realtime-chat,100,poisson,,10240,1442,1436,6,,not_applicable
2-replica-repeat-1,model-replicas=2,1,179.0,realtime-chat,100,poisson,,10240,1445,1445,0,,not_applicable
2-replica-repeat-1,model-replicas=2,1,180.0,realtime-chat,100,poisson,,10240,1448,1447,1,,not_applicable
2-replica-repeat-1,model-replicas=2,1,181.0,realtime-chat,100,poisson,,10240,1454,1450,4,,not_applicable
2-replica-repeat-1,model-replicas=2,1,182.0,realtime-chat,100,poisson,,10240,1464,1459,5,,not_applicable
2-replica-repeat-1,model-replicas=2,1,183.0,realtime-chat,100,poisson,,10240,1469,1467,2,,not_applicable
2-replica-repeat-1,model-replicas=2,1,184.0,realtime-chat,100,poisson,,10240,1474,1470,4,,not_applicable
2-replica-repeat-1,model-replicas=2,1,185.0,realtime-chat,100,poisson,,10240,1482,1474,8,,not_applicable
2-replica-repeat-1,model-replicas=2,1,186.0,realtime-chat,100,poisson,,10240,1496,1483,13,,not_applicable
2-replica-repeat-1,model-replicas=2,1,187.0,realtime-chat,100,poisson,,10240,1506,1493,13,,not_applicable
2-replica-repeat-1,model-replicas=2,1,188.0,realtime-chat,100,poisson,,10240,1516,1508,8,,not_applicable
2-replica-repeat-1,model-replicas=2,1,189.0,realtime-chat,100,poisson,,10240,1532,1519,13,,not_applicable
2-replica-repeat-1,model-replicas=2,1,190.0,realtime-chat,100,poisson,,10240,1541,1535,6,,not_applicable
2-replica-repeat-1,model-replicas=2,1,191.0,realtime-chat,100,poisson,,10240,1549,1542,7,,not_applicable
2-replica-repeat-1,model-replicas=2,1,192.0,realtime-chat,100,poisson,,10240,1558,1551,7,,not_applicable
2-replica-repeat-1,model-replicas=2,1,193.0,realtime-chat,100,poisson,,10240,1571,1565,6,,not_applicable
2-replica-repeat-1,model-replicas=2,1,194.0,realtime-chat,100,poisson,,10240,1590,1578,12,,not_applicable
2-replica-repeat-1,model-replicas=2,1,195.0,realtime-chat,100,poisson,,10240,1596,1592,4,,not_applicable
2-replica-repeat-1,model-replicas=2,1,196.0,realtime-chat,100,poisson,,10240,1604,1598,6,,not_applicable
2-replica-repeat-1,model-replicas=2,1,197.0,realtime-chat,100,poisson,,10240,1614,1604,10,,not_applicable
2-replica-repeat-1,model-replicas=2,1,198.0,realtime-chat,100,poisson,,10240,1625,1616,9,,not_applicable
2-replica-repeat-1,model-replicas=2,1,199.0,realtime-chat,100,poisson,,10240,1637,1626,11,,not_applicable
2-replica-repeat-1,model-replicas=2,1,200.0,realtime-chat,100,poisson,,10240,1647,1634,13,,not_applicable
2-replica-repeat-1,model-replicas=2,1,201.0,realtime-chat,100,poisson,,10240,1654,1647,7,,not_applicable
2-replica-repeat-1,model-replicas=2,1,202.0,realtime-chat,100,poisson,,10240,1661,1655,6,,not_applicable
2-replica-repeat-1,model-replicas=2,1,203.0,realtime-chat,100,poisson,,10240,1669,1665,4,,not_applicable
2-replica-repeat-1,model-replicas=2,1,204.0,realtime-chat,100,poisson,,10240,1676,1672,4,,not_applicable
2-replica-repeat-1,model-replicas=2,1,205.0,realtime-chat,100,poisson,,10240,1689,1678,11,,not_applicable
2-replica-repeat-1,model-replicas=2,1,206.0,realtime-chat,100,poisson,,10240,1695,1692,3,,not_applicable
2-replica-repeat-1,model-replicas=2,1,207.0,realtime-chat,100,poisson,,10240,1704,1697,7,,not_applicable
2-replica-repeat-1,model-replicas=2,1,208.0,realtime-chat,100,poisson,,10240,1715,1704,11,,not_applicable
2-replica-repeat-1,model-replicas=2,1,209.0,realtime-chat,100,poisson,,10240,1719,1714,5,,not_applicable
2-replica-repeat-1,model-replicas=2,1,210.0,realtime-chat,100,poisson,,10240,1722,1719,3,,not_applicable
2-replica-repeat-1,model-replicas=2,1,211.0,realtime-chat,100,poisson,,10240,1729,1725,4,,not_applicable
2-replica-repeat-1,model-replicas=2,1,212.0,realtime-chat,100,poisson,,10240,1736,1733,3,,not_applicable
2-replica-repeat-1,model-replicas=2,1,213.0,realtime-chat,100,poisson,,10240,1740,1738,2,,not_applicable
2-replica-repeat-1,model-replicas=2,1,214.0,realtime-chat,100,poisson,,10240,1746,1744,2,,not_applicable
2-replica-repeat-1,model-replicas=2,1,215.0,realtime-chat,100,poisson,,10240,1751,1748,3,,not_applicable
2-replica-repeat-1,model-replicas=2,1,216.0,realtime-chat,100,poisson,,10240,1760,1757,3,,not_applicable
2-replica-repeat-1,model-replicas=2,1,217.0,realtime-chat,100,poisson,,10240,1769,1762,7,,not_applicable
2-replica-repeat-1,model-replicas=2,1,218.0,realtime-chat,100,poisson,,10240,1777,1772,5,,not_applicable
2-replica-repeat-1,model-replicas=2,1,219.0,realtime-chat,100,poisson,,10240,1784,1779,5,,not_applicable
2-replica-repeat-1,model-replicas=2,1,220.0,realtime-chat,100,poisson,,10240,1795,1788,7,,not_applicable
2-replica-repeat-1,model-replicas=2,1,221.0,realtime-chat,100,poisson,,10240,1801,1800,1,,not_applicable
2-replica-repeat-1,model-replicas=2,1,222.0,realtime-chat,100,poisson,,10240,1805,1804,1,,not_applicable
2-replica-repeat-1,model-replicas=2,1,223.0,realtime-chat,100,poisson,,10240,1809,1806,3,,not_applicable
2-replica-repeat-1,model-replicas=2,1,224.0,realtime-chat,100,poisson,,10240,1816,1812,4,,not_applicable
2-replica-repeat-1,model-replicas=2,1,225.0,realtime-chat,100,poisson,,10240,1825,1824,1,,not_applicable
2-replica-repeat-1,model-replicas=2,1,226.0,realtime-chat,100,poisson,,10240,1839,1831,8,,not_applicable
2-replica-repeat-1,model-replicas=2,1,227.0,realtime-chat,100,poisson,,10240,1851,1841,10,,not_applicable
2-replica-repeat-1,model-replicas=2,1,228.0,realtime-chat,100,poisson,,10240,1867,1851,16,,not_applicable
2-replica-repeat-1,model-replicas=2,1,229.0,realtime-chat,100,poisson,,10240,1880,1873,7,,not_applicable
2-replica-repeat-1,model-replicas=2,1,230.0,realtime-chat,100,poisson,,10240,1895,1887,8,,not_applicable
2-replica-repeat-1,model-replicas=2,1,231.0,realtime-chat,100,poisson,,10240,1900,1898,2,,not_applicable
2-replica-repeat-1,model-replicas=2,1,232.0,realtime-chat,100,poisson,,10240,1906,1902,4,,not_applicable
2-replica-repeat-1,model-replicas=2,1,233.0,realtime-chat,100,poisson,,10240,1913,1908,5,,not_applicable
2-replica-repeat-1,model-replicas=2,1,234.0,realtime-chat,100,poisson,,10240,1917,1914,3,,not_applicable
2-replica-repeat-1,model-replicas=2,1,235.0,realtime-chat,100,poisson,,10240,1928,1920,8,,not_applicable
2-replica-repeat-1,model-replicas=2,1,236.0,realtime-chat,100,poisson,,10240,1937,1932,5,,not_applicable
2-replica-repeat-1,model-replicas=2,1,237.0,realtime-chat,100,poisson,,10240,1946,1940,6,,not_applicable
2-replica-repeat-1,model-replicas=2,1,238.0,realtime-chat,100,poisson,,10240,1958,1950,8,,not_applicable
2-replica-repeat-1,model-replicas=2,1,239.0,realtime-chat,100,poisson,,10240,1965,1958,7,,not_applicable
2-replica-repeat-1,model-replicas=2,1,240.0,realtime-chat,100,poisson,,10240,1972,1969,3,,not_applicable
2-replica-repeat-1,model-replicas=2,1,241.0,realtime-chat,100,poisson,,10240,1978,1974,4,,not_applicable
2-replica-repeat-1,model-replicas=2,1,242.0,realtime-chat,100,poisson,,10240,1984,1981,3,,not_applicable
2-replica-repeat-1,model-replicas=2,1,243.0,realtime-chat,100,poisson,,10240,1991,1985,6,,not_applicable
2-replica-repeat-1,model-replicas=2,1,244.0,realtime-chat,100,poisson,,10240,1998,1994,4,,not_applicable
2-replica-repeat-1,model-replicas=2,1,245.0,realtime-chat,100,poisson,,10240,2015,2001,14,,not_applicable
2-replica-repeat-1,model-replicas=2,1,246.0,realtime-chat,100,poisson,,10240,2022,2017,5,,not_applicable
2-replica-repeat-1,model-replicas=2,1,247.0,realtime-chat,100,poisson,,10240,2029,2026,3,,not_applicable
2-replica-repeat-1,model-replicas=2,1,248.0,realtime-chat,100,poisson,,10240,2034,2032,2,,not_applicable
2-replica-repeat-1,model-replicas=2,1,249.0,realtime-chat,100,poisson,,10240,2042,2038,4,,not_applicable
2-replica-repeat-1,model-replicas=2,1,250.0,realtime-chat,100,poisson,,10240,2047,2044,3,,not_applicable
2-replica-repeat-1,model-replicas=2,1,251.0,realtime-chat,100,poisson,,10240,2051,2049,2,,not_applicable
2-replica-repeat-1,model-replicas=2,1,252.0,realtime-chat,100,poisson,,10240,2059,2054,5,,not_applicable
2-replica-repeat-1,model-replicas=2,1,253.0,realtime-chat,100,poisson,,10240,2065,2061,4,,not_applicable
2-replica-repeat-1,model-replicas=2,1,254.0,realtime-chat,100,poisson,,10240,2068,2066,2,,not_applicable
2-replica-repeat-1,model-replicas=2,1,255.0,realtime-chat,100,poisson,,10240,2076,2072,4,,not_applicable
2-replica-repeat-1,model-replicas=2,1,256.0,realtime-chat,100,poisson,,10240,2082,2081,1,,not_applicable
2-replica-repeat-1,model-replicas=2,1,257.0,realtime-chat,100,poisson,,10240,2090,2085,5,,not_applicable
2-replica-repeat-1,model-replicas=2,1,258.0,realtime-chat,100,poisson,,10240,2100,2092,8,,not_applicable
2-replica-repeat-1,model-replicas=2,1,259.0,realtime-chat,100,poisson,,10240,2108,2103,5,,not_applicable
2-replica-repeat-1,model-replicas=2,1,260.0,realtime-chat,100,poisson,,10240,2114,2111,3,,not_applicable
2-replica-repeat-1,model-replicas=2,1,261.0,realtime-chat,100,poisson,,10240,2120,2116,4,,not_applicable
2-replica-repeat-1,model-replicas=2,1,262.0,realtime-chat,100,poisson,,10240,2129,2123,6,,not_applicable
2-replica-repeat-1,model-replicas=2,1,263.0,realtime-chat,100,poisson,,10240,2138,2131,7,,not_applicable
2-replica-repeat-1,model-replicas=2,1,264.0,realtime-chat,100,poisson,,10240,2144,2142,2,,not_applicable
2-replica-repeat-1,model-replicas=2,1,265.0,realtime-chat,100,poisson,,10240,2151,2149,2,,not_applicable
2-replica-repeat-1,model-replicas=2,1,266.0,realtime-chat,100,poisson,,10240,2161,2153,8,,not_applicable
2-replica-repeat-1,model-replicas=2,1,267.0,realtime-chat,100,poisson,,10240,2169,2166,3,,not_applicable
2-replica-repeat-1,model-replicas=2,1,268.0,realtime-chat,100,poisson,,10240,2181,2172,9,,not_applicable
2-replica-repeat-1,model-replicas=2,1,269.0,realtime-chat,100,poisson,,10240,2197,2184,13,,not_applicable
2-replica-repeat-1,model-replicas=2,1,270.0,realtime-chat,100,poisson,,10240,2204,2199,5,,not_applicable
2-replica-repeat-1,model-replicas=2,1,0.0,standard-long-context,0,poisson,,10240,0,0,0,,not_applicable
2-replica-repeat-1,model-replicas=2,1,1.0,standard-long-context,0,poisson,,10240,0,0,0,,not_applicable
2-replica-repeat-1,model-replicas=2,1,2.0,standard-long-context,0,poisson,,10240,0,0,0,,not_applicable
2-replica-repeat-1,model-replicas=2,1,3.0,standard-long-context,0,poisson,,10240,0,0,0,,not_applicable
2-replica-repeat-1,model-replicas=2,1,4.0,standard-long-context,0,poisson,,10240,0,0,0,,not_applicable
2-replica-repeat-1,model-replicas=2,1,5.0,standard-long-context,0,poisson,,10240,0,0,0,,not_applicable
2-replica-repeat-1,model-replicas=2,1,6.0,standard-long-context,0,poisson,,10240,0,0,0,,not_applicable
2-replica-repeat-1,model-replicas=2,1,7.0,standard-long-context,0,poisson,,10240,0,0,0,,not_applicable
2-replica-repeat-1,model-replicas=2,1,8.0,standard-long-context,0,poisson,,10240,0,0,0,,not_applicable
2-replica-repeat-1,model-replicas=2,1,9.0,standard-long-context,0,poisson,,10240,0,0,0,,not_applicable
2-replica-repeat-1,model-replicas=2,1,10.0,standard-long-context,0,poisson,,10240,0,0,0,,not_applicable
2-replica-repeat-1,model-replicas=2,1,11.0,standard-long-context,0,poisson,,10240,0,0,0,,not_applicable
2-replica-repeat-1,model-replicas=2,1,12.0,standard-long-context,0,poisson,,10240,0,0,0,,not_applicable
2-replica-repeat-1,model-replicas=2,1,13.0,standard-long-context,0,poisson,,10240,0,0,0,,not_applicable
2-replica-repeat-1,model-replicas=2,1,14.0,standard-long-context,0,poisson,,10240,0,0,0,,not_applicable
2-replica-repeat-1,model-replicas=2,1,15.0,standard-long-context,0,poisson,,10240,0,0,0,,not_applicable
2-replica-repeat-1,model-replicas=2,1,16.0,standard-long-context,0,poisson,,10240,0,0,0,,not_applicable
2-replica-repeat-1,model-replicas=2,1,17.0,standard-long-context,0,poisson,,10240,0,0,0,,not_applicable
2-replica-repeat-1,model-replicas=2,1,18.0,standard-long-context,0,poisson,,10240,0,0,0,,not_applicable
2-replica-repeat-1,model-replicas=2,1,19.0,standard-long-context,0,poisson,,10240,0,0,0,,not_applicable
2-replica-repeat-1,model-replicas=2,1,20.0,standard-long-context,0,poisson,,10240,0,0,0,,not_applicable
2-replica-repeat-1,model-replicas=2,1,21.0,standard-long-context,0,poisson,,10240,0,0,0,,not_applicable
2-replica-repeat-1,model-replicas=2,1,22.0,standard-long-context,0,poisson,,10240,0,0,0,,not_applicable
2-replica-repeat-1,model-replicas=2,1,23.0,standard-long-context,0,poisson,,10240,0,0,0,,not_applicable
2-replica-repeat-1,model-replicas=2,1,24.0,standard-long-context,0,poisson,,10240,0,0,0,,not_applicable
2-replica-repeat-1,model-replicas=2,1,25.0,standard-long-context,0,poisson,,10240,0,0,0,,not_applicable
2-replica-repeat-1,model-replicas=2,1,26.0,standard-long-context,0,poisson,,10240,0,0,0,,not_applicable
2-replica-repeat-1,model-replicas=2,1,27.0,standard-long-context,0,poisson,,10240,0,0,0,,not_applicable
2-replica-repeat-1,model-replicas=2,1,28.0,standard-long-context,0,poisson,,10240,0,0,0,,not_applicable
2-replica-repeat-1,model-replicas=2,1,29.0,standard-long-context,0,poisson,,10240,0,0,0,,not_applicable
2-replica-repeat-1,model-replicas=2,1,30.0,standard-long-context,0,poisson,,10240,0,0,0,,not_applicable
2-replica-repeat-1,model-replicas=2,1,31.0,standard-long-context,0,poisson,,10240,0,0,0,,not_applicable
2-replica-repeat-1,model-replicas=2,1,32.0,standard-long-context,0,poisson,,10240,0,0,0,,not_applicable
2-replica-repeat-1,model-replicas=2,1,33.0,standard-long-context,0,poisson,,10240,0,0,0,,not_applicable
2-replica-repeat-1,model-replicas=2,1,34.0,standard-long-context,0,poisson,,10240,0,0,0,,not_applicable
2-replica-repeat-1,model-replicas=2,1,35.0,standard-long-context,0,poisson,,10240,0,0,0,,not_applicable
2-replica-repeat-1,model-replicas=2,1,36.0,standard-long-context,0,poisson,,10240,0,0,0,,not_applicable
2-replica-repeat-1,model-replicas=2,1,37.0,standard-long-context,0,poisson,,10240,0,0,0,,not_applicable
2-replica-repeat-1,model-replicas=2,1,38.0,standard-long-context,0,poisson,,10240,0,0,0,,not_applicable
2-replica-repeat-1,model-replicas=2,1,39.0,standard-long-context,0,poisson,,10240,0,0,0,,not_applicable
2-replica-repeat-1,model-replicas=2,1,40.0,standard-long-context,0,poisson,,10240,0,0,0,,not_applicable
2-replica-repeat-1,model-replicas=2,1,41.0,standard-long-context,0,poisson,,10240,0,0,0,,not_applicable
2-replica-repeat-1,model-replicas=2,1,42.0,standard-long-context,0,poisson,,10240,0,0,0,,not_applicable
2-replica-repeat-1,model-replicas=2,1,43.0,standard-long-context,0,poisson,,10240,0,0,0,,not_applicable
2-replica-repeat-1,model-replicas=2,1,44.0,standard-long-context,0,poisson,,10240,0,0,0,,not_applicable
2-replica-repeat-1,model-replicas=2,1,45.0,standard-long-context,0,poisson,,10240,0,0,0,,not_applicable
2-replica-repeat-1,model-replicas=2,1,46.0,standard-long-context,0,poisson,,10240,0,0,0,,not_applicable
2-replica-repeat-1,model-replicas=2,1,47.0,standard-long-context,0,poisson,,10240,0,0,0,,not_applicable
2-replica-repeat-1,model-replicas=2,1,48.0,standard-long-context,0,poisson,,10240,0,0,0,,not_applicable
2-replica-repeat-1,model-replicas=2,1,49.0,standard-long-context,0,poisson,,10240,0,0,0,,not_applicable
2-replica-repeat-1,model-replicas=2,1,50.0,standard-long-context,0,poisson,,10240,0,0,0,,not_applicable
2-replica-repeat-1,model-replicas=2,1,51.0,standard-long-context,0,poisson,,10240,0,0,0,,not_applicable
2-replica-repeat-1,model-replicas=2,1,52.0,standard-long-context,0,poisson,,10240,0,0,0,,not_applicable
2-replica-repeat-1,model-replicas=2,1,53.0,standard-long-context,0,poisson,,10240,0,0,0,,not_applicable
2-replica-repeat-1,model-replicas=2,1,54.0,standard-long-context,0,poisson,,10240,0,0,0,,not_applicable
2-replica-repeat-1,model-replicas=2,1,55.0,standard-long-context,0,poisson,,10240,0,0,0,,not_applicable
2-replica-repeat-1,model-replicas=2,1,56.0,standard-long-context,0,poisson,,10240,0,0,0,,not_applicable
2-replica-repeat-1,model-replicas=2,1,57.0,standard-long-context,0,poisson,,10240,0,0,0,,not_applicable
2-replica-repeat-1,model-replicas=2,1,58.0,standard-long-context,0,poisson,,10240,0,0,0,,not_applicable
2-replica-repeat-1,model-replicas=2,1,59.0,standard-long-context,0,poisson,,10240,0,0,0,,not_applicable
2-replica-repeat-1,model-replicas=2,1,60.0,standard-long-context,0,poisson,,10240,0,0,0,,not_applicable
2-replica-repeat-1,model-replicas=2,1,61.0,standard-long-context,0,poisson,,10240,0,0,0,,not_applicable
2-replica-repeat-1,model-replicas=2,1,62.0,standard-long-context,0,poisson,,10240,0,0,0,,not_applicable
2-replica-repeat-1,model-replicas=2,1,63.0,standard-long-context,0,poisson,,10240,0,0,0,,not_applicable
2-replica-repeat-1,model-replicas=2,1,64.0,standard-long-context,0,poisson,,10240,0,0,0,,not_applicable
2-replica-repeat-1,model-replicas=2,1,65.0,standard-long-context,0,poisson,,10240,0,0,0,,not_applicable
2-replica-repeat-1,model-replicas=2,1,66.0,standard-long-context,0,poisson,,10240,0,0,0,,not_applicable
2-replica-repeat-1,model-replicas=2,1,67.0,standard-long-context,0,poisson,,10240,1,0,1,,not_applicable
2-replica-repeat-1,model-replicas=2,1,68.0,standard-long-context,0,poisson,,10240,1,0,1,,not_applicable
2-replica-repeat-1,model-replicas=2,1,69.0,standard-long-context,0,poisson,,10240,1,1,0,,not_applicable
2-replica-repeat-1,model-replicas=2,1,70.0,standard-long-context,0,poisson,,10240,2,1,1,,not_applicable
2-replica-repeat-1,model-replicas=2,1,71.0,standard-long-context,0,poisson,,10240,3,2,1,,not_applicable
2-replica-repeat-1,model-replicas=2,1,72.0,standard-long-context,0,poisson,,10240,3,3,0,,not_applicable
2-replica-repeat-1,model-replicas=2,1,73.0,standard-long-context,0,poisson,,10240,4,3,1,,not_applicable
2-replica-repeat-1,model-replicas=2,1,74.0,standard-long-context,0,poisson,,10240,6,4,2,,not_applicable
2-replica-repeat-1,model-replicas=2,1,75.0,standard-long-context,0,poisson,,10240,6,6,0,,not_applicable
2-replica-repeat-1,model-replicas=2,1,76.0,standard-long-context,0,poisson,,10240,7,6,1,,not_applicable
2-replica-repeat-1,model-replicas=2,1,77.0,standard-long-context,0,poisson,,10240,7,7,0,,not_applicable
2-replica-repeat-1,model-replicas=2,1,78.0,standard-long-context,0,poisson,,10240,8,7,1,,not_applicable
2-replica-repeat-1,model-replicas=2,1,79.0,standard-long-context,0,poisson,,10240,9,7,2,,not_applicable
2-replica-repeat-1,model-replicas=2,1,80.0,standard-long-context,0,poisson,,10240,9,9,0,,not_applicable
2-replica-repeat-1,model-replicas=2,1,81.0,standard-long-context,0,poisson,,10240,12,9,3,,not_applicable
2-replica-repeat-1,model-replicas=2,1,82.0,standard-long-context,0,poisson,,10240,15,9,6,,not_applicable
2-replica-repeat-1,model-replicas=2,1,83.0,standard-long-context,0,poisson,,10240,18,9,9,,not_applicable
2-replica-repeat-1,model-replicas=2,1,84.0,standard-long-context,0,poisson,,10240,18,13,5,,not_applicable
2-replica-repeat-1,model-replicas=2,1,85.0,standard-long-context,0,poisson,,10240,19,14,5,,not_applicable
2-replica-repeat-1,model-replicas=2,1,86.0,standard-long-context,0,poisson,,10240,19,14,5,,not_applicable
2-replica-repeat-1,model-replicas=2,1,87.0,standard-long-context,0,poisson,,10240,22,14,8,,not_applicable
2-replica-repeat-1,model-replicas=2,1,88.0,standard-long-context,0,poisson,,10240,24,14,10,,not_applicable
2-replica-repeat-1,model-replicas=2,1,89.0,standard-long-context,0,poisson,,10240,26,16,10,,not_applicable
2-replica-repeat-1,model-replicas=2,1,90.0,standard-long-context,0,poisson,,10240,28,26,2,,not_applicable
2-replica-repeat-1,model-replicas=2,1,91.0,standard-long-context,0,poisson,,10240,30,26,4,,not_applicable
2-replica-repeat-1,model-replicas=2,1,92.0,standard-long-context,0,poisson,,10240,30,30,0,,not_applicable
2-replica-repeat-1,model-replicas=2,1,93.0,standard-long-context,0,poisson,,10240,32,30,2,,not_applicable
2-replica-repeat-1,model-replicas=2,1,94.0,standard-long-context,0,poisson,,10240,34,32,2,,not_applicable
2-replica-repeat-1,model-replicas=2,1,95.0,standard-long-context,0,poisson,,10240,34,34,0,,not_applicable
2-replica-repeat-1,model-replicas=2,1,96.0,standard-long-context,0,poisson,,10240,35,34,1,,not_applicable
2-replica-repeat-1,model-replicas=2,1,97.0,standard-long-context,0,poisson,,10240,35,35,0,,not_applicable
2-replica-repeat-1,model-replicas=2,1,98.0,standard-long-context,0,poisson,,10240,36,35,1,,not_applicable
2-replica-repeat-1,model-replicas=2,1,99.0,standard-long-context,0,poisson,,10240,36,36,0,,not_applicable
2-replica-repeat-1,model-replicas=2,1,100.0,standard-long-context,0,poisson,,10240,37,36,1,,not_applicable
2-replica-repeat-1,model-replicas=2,1,101.0,standard-long-context,0,poisson,,10240,37,37,0,,not_applicable
2-replica-repeat-1,model-replicas=2,1,102.0,standard-long-context,0,poisson,,10240,38,37,1,,not_applicable
2-replica-repeat-1,model-replicas=2,1,103.0,standard-long-context,0,poisson,,10240,41,37,4,,not_applicable
2-replica-repeat-1,model-replicas=2,1,104.0,standard-long-context,0,poisson,,10240,42,38,4,,not_applicable
2-replica-repeat-1,model-replicas=2,1,105.0,standard-long-context,0,poisson,,10240,43,38,5,,not_applicable
2-replica-repeat-1,model-replicas=2,1,106.0,standard-long-context,0,poisson,,10240,44,42,2,,not_applicable
2-replica-repeat-1,model-replicas=2,1,107.0,standard-long-context,0,poisson,,10240,44,44,0,,not_applicable
2-replica-repeat-1,model-replicas=2,1,108.0,standard-long-context,0,poisson,,10240,47,44,3,,not_applicable
2-replica-repeat-1,model-replicas=2,1,109.0,standard-long-context,0,poisson,,10240,48,45,3,,not_applicable
2-replica-repeat-1,model-replicas=2,1,110.0,standard-long-context,0,poisson,,10240,49,48,1,,not_applicable
2-replica-repeat-1,model-replicas=2,1,111.0,standard-long-context,0,poisson,,10240,52,48,4,,not_applicable
2-replica-repeat-1,model-replicas=2,1,112.0,standard-long-context,0,poisson,,10240,52,49,3,,not_applicable
2-replica-repeat-1,model-replicas=2,1,113.0,standard-long-context,0,poisson,,10240,52,52,0,,not_applicable
2-replica-repeat-1,model-replicas=2,1,114.0,standard-long-context,0,poisson,,10240,53,53,0,,not_applicable
2-replica-repeat-1,model-replicas=2,1,115.0,standard-long-context,0,poisson,,10240,54,53,1,,not_applicable
2-replica-repeat-1,model-replicas=2,1,116.0,standard-long-context,0,poisson,,10240,54,54,0,,not_applicable
2-replica-repeat-1,model-replicas=2,1,117.0,standard-long-context,0,poisson,,10240,55,54,1,,not_applicable
2-replica-repeat-1,model-replicas=2,1,118.0,standard-long-context,0,poisson,,10240,56,54,2,,not_applicable
2-replica-repeat-1,model-replicas=2,1,119.0,standard-long-context,0,poisson,,10240,56,56,0,,not_applicable
2-replica-repeat-1,model-replicas=2,1,120.0,standard-long-context,0,poisson,,10240,60,56,4,,not_applicable
2-replica-repeat-1,model-replicas=2,1,121.0,standard-long-context,0,poisson,,10240,62,57,5,,not_applicable
2-replica-repeat-1,model-replicas=2,1,122.0,standard-long-context,0,poisson,,10240,62,62,0,,not_applicable
2-replica-repeat-1,model-replicas=2,1,123.0,standard-long-context,0,poisson,,10240,62,62,0,,not_applicable
2-replica-repeat-1,model-replicas=2,1,124.0,standard-long-context,0,poisson,,10240,64,62,2,,not_applicable
2-replica-repeat-1,model-replicas=2,1,125.0,standard-long-context,0,poisson,,10240,64,64,0,,not_applicable
2-replica-repeat-1,model-replicas=2,1,126.0,standard-long-context,0,poisson,,10240,66,64,2,,not_applicable
2-replica-repeat-1,model-replicas=2,1,127.0,standard-long-context,0,poisson,,10240,68,65,3,,not_applicable
2-replica-repeat-1,model-replicas=2,1,128.0,standard-long-context,0,poisson,,10240,68,67,1,,not_applicable
2-replica-repeat-1,model-replicas=2,1,129.0,standard-long-context,0,poisson,,10240,68,68,0,,not_applicable
2-replica-repeat-1,model-replicas=2,1,130.0,standard-long-context,0,poisson,,10240,68,68,0,,not_applicable
2-replica-repeat-1,model-replicas=2,1,131.0,standard-long-context,0,poisson,,10240,69,68,1,,not_applicable
2-replica-repeat-1,model-replicas=2,1,132.0,standard-long-context,0,poisson,,10240,70,69,1,,not_applicable
2-replica-repeat-1,model-replicas=2,1,133.0,standard-long-context,0,poisson,,10240,71,70,1,,not_applicable
2-replica-repeat-1,model-replicas=2,1,134.0,standard-long-context,0,poisson,,10240,73,71,2,,not_applicable
2-replica-repeat-1,model-replicas=2,1,135.0,standard-long-context,0,poisson,,10240,74,72,2,,not_applicable
2-replica-repeat-1,model-replicas=2,1,136.0,standard-long-context,0,poisson,,10240,74,74,0,,not_applicable
2-replica-repeat-1,model-replicas=2,1,137.0,standard-long-context,0,poisson,,10240,75,74,1,,not_applicable
2-replica-repeat-1,model-replicas=2,1,138.0,standard-long-context,0,poisson,,10240,77,74,3,,not_applicable
2-replica-repeat-1,model-replicas=2,1,139.0,standard-long-context,0,poisson,,10240,78,76,2,,not_applicable
2-replica-repeat-1,model-replicas=2,1,140.0,standard-long-context,0,poisson,,10240,78,78,0,,not_applicable
2-replica-repeat-1,model-replicas=2,1,141.0,standard-long-context,0,poisson,,10240,78,78,0,,not_applicable
2-replica-repeat-1,model-replicas=2,1,142.0,standard-long-context,0,poisson,,10240,78,78,0,,not_applicable
2-replica-repeat-1,model-replicas=2,1,143.0,standard-long-context,0,poisson,,10240,82,78,4,,not_applicable
2-replica-repeat-1,model-replicas=2,1,144.0,standard-long-context,0,poisson,,10240,82,80,2,,not_applicable
2-replica-repeat-1,model-replicas=2,1,145.0,standard-long-context,0,poisson,,10240,84,82,2,,not_applicable
2-replica-repeat-1,model-replicas=2,1,146.0,standard-long-context,0,poisson,,10240,86,82,4,,not_applicable
2-replica-repeat-1,model-replicas=2,1,147.0,standard-long-context,0,poisson,,10240,86,84,2,,not_applicable
2-replica-repeat-1,model-replicas=2,1,148.0,standard-long-context,0,poisson,,10240,86,86,0,,not_applicable
2-replica-repeat-1,model-replicas=2,1,149.0,standard-long-context,0,poisson,,10240,87,86,1,,not_applicable
2-replica-repeat-1,model-replicas=2,1,150.0,standard-long-context,0,poisson,,10240,87,86,1,,not_applicable
2-replica-repeat-1,model-replicas=2,1,151.0,standard-long-context,0,poisson,,10240,87,87,0,,not_applicable
2-replica-repeat-1,model-replicas=2,1,152.0,standard-long-context,0,poisson,,10240,87,87,0,,not_applicable
2-replica-repeat-1,model-replicas=2,1,153.0,standard-long-context,0,poisson,,10240,88,87,1,,not_applicable
2-replica-repeat-1,model-replicas=2,1,154.0,standard-long-context,0,poisson,,10240,91,87,4,,not_applicable
2-replica-repeat-1,model-replicas=2,1,155.0,standard-long-context,0,poisson,,10240,91,91,0,,not_applicable
2-replica-repeat-1,model-replicas=2,1,156.0,standard-long-context,0,poisson,,10240,91,91,0,,not_applicable
2-replica-repeat-1,model-replicas=2,1,157.0,standard-long-context,0,poisson,,10240,93,91,2,,not_applicable
2-replica-repeat-1,model-replicas=2,1,158.0,standard-long-context,0,poisson,,10240,93,91,2,,not_applicable
2-replica-repeat-1,model-replicas=2,1,159.0,standard-long-context,0,poisson,,10240,93,93,0,,not_applicable
2-replica-repeat-1,model-replicas=2,1,160.0,standard-long-context,0,poisson,,10240,94,94,0,,not_applicable
2-replica-repeat-1,model-replicas=2,1,161.0,standard-long-context,0,poisson,,10240,95,94,1,,not_applicable
2-replica-repeat-1,model-replicas=2,1,162.0,standard-long-context,0,poisson,,10240,96,95,1,,not_applicable
2-replica-repeat-1,model-replicas=2,1,163.0,standard-long-context,0,poisson,,10240,96,96,0,,not_applicable
2-replica-repeat-1,model-replicas=2,1,164.0,standard-long-context,0,poisson,,10240,97,96,1,,not_applicable
2-replica-repeat-1,model-replicas=2,1,165.0,standard-long-context,0,poisson,,10240,98,97,1,,not_applicable
2-replica-repeat-1,model-replicas=2,1,166.0,standard-long-context,0,poisson,,10240,100,97,3,,not_applicable
2-replica-repeat-1,model-replicas=2,1,167.0,standard-long-context,0,poisson,,10240,103,99,4,,not_applicable
2-replica-repeat-1,model-replicas=2,1,168.0,standard-long-context,0,poisson,,10240,103,101,2,,not_applicable
2-replica-repeat-1,model-replicas=2,1,169.0,standard-long-context,0,poisson,,10240,105,103,2,,not_applicable
2-replica-repeat-1,model-replicas=2,1,170.0,standard-long-context,0,poisson,,10240,105,105,0,,not_applicable
2-replica-repeat-1,model-replicas=2,1,171.0,standard-long-context,0,poisson,,10240,105,105,0,,not_applicable
2-replica-repeat-1,model-replicas=2,1,172.0,standard-long-context,0,poisson,,10240,105,105,0,,not_applicable
2-replica-repeat-1,model-replicas=2,1,173.0,standard-long-context,0,poisson,,10240,107,105,2,,not_applicable
2-replica-repeat-1,model-replicas=2,1,174.0,standard-long-context,0,poisson,,10240,107,107,0,,not_applicable
2-replica-repeat-1,model-replicas=2,1,175.0,standard-long-context,0,poisson,,10240,107,107,0,,not_applicable
2-replica-repeat-1,model-replicas=2,1,176.0,standard-long-context,0,poisson,,10240,109,107,2,,not_applicable
2-replica-repeat-1,model-replicas=2,1,177.0,standard-long-context,0,poisson,,10240,109,109,0,,not_applicable
2-replica-repeat-1,model-replicas=2,1,178.0,standard-long-context,0,poisson,,10240,110,109,1,,not_applicable
2-replica-repeat-1,model-replicas=2,1,179.0,standard-long-context,0,poisson,,10240,110,110,0,,not_applicable
2-replica-repeat-1,model-replicas=2,1,180.0,standard-long-context,0,poisson,,10240,110,110,0,,not_applicable
2-replica-repeat-1,model-replicas=2,1,181.0,standard-long-context,0,poisson,,10240,110,110,0,,not_applicable
2-replica-repeat-1,model-replicas=2,1,182.0,standard-long-context,0,poisson,,10240,110,110,0,,not_applicable
2-replica-repeat-1,model-replicas=2,1,183.0,standard-long-context,0,poisson,,10240,110,110,0,,not_applicable
2-replica-repeat-1,model-replicas=2,1,184.0,standard-long-context,0,poisson,,10240,111,110,1,,not_applicable
2-replica-repeat-1,model-replicas=2,1,185.0,standard-long-context,0,poisson,,10240,113,111,2,,not_applicable
2-replica-repeat-1,model-replicas=2,1,186.0,standard-long-context,0,poisson,,10240,113,113,0,,not_applicable
2-replica-repeat-1,model-replicas=2,1,187.0,standard-long-context,0,poisson,,10240,115,113,2,,not_applicable
2-replica-repeat-1,model-replicas=2,1,188.0,standard-long-context,0,poisson,,10240,115,115,0,,not_applicable
2-replica-repeat-1,model-replicas=2,1,189.0,standard-long-context,0,poisson,,10240,116,115,1,,not_applicable
2-replica-repeat-1,model-replicas=2,1,190.0,standard-long-context,0,poisson,,10240,117,116,1,,not_applicable
2-replica-repeat-1,model-replicas=2,1,191.0,standard-long-context,0,poisson,,10240,118,117,1,,not_applicable
2-replica-repeat-1,model-replicas=2,1,192.0,standard-long-context,0,poisson,,10240,119,117,2,,not_applicable
2-replica-repeat-1,model-replicas=2,1,193.0,standard-long-context,0,poisson,,10240,119,119,0,,not_applicable
2-replica-repeat-1,model-replicas=2,1,194.0,standard-long-context,0,poisson,,10240,119,119,0,,not_applicable
2-replica-repeat-1,model-replicas=2,1,195.0,standard-long-context,0,poisson,,10240,120,119,1,,not_applicable
2-replica-repeat-1,model-replicas=2,1,196.0,standard-long-context,0,poisson,,10240,120,120,0,,not_applicable
2-replica-repeat-1,model-replicas=2,1,197.0,standard-long-context,0,poisson,,10240,121,120,1,,not_applicable
2-replica-repeat-1,model-replicas=2,1,198.0,standard-long-context,0,poisson,,10240,121,120,1,,not_applicable
2-replica-repeat-1,model-replicas=2,1,199.0,standard-long-context,0,poisson,,10240,124,121,3,,not_applicable
2-replica-repeat-1,model-replicas=2,1,200.0,standard-long-context,0,poisson,,10240,125,122,3,,not_applicable
2-replica-repeat-1,model-replicas=2,1,201.0,standard-long-context,0,poisson,,10240,126,125,1,,not_applicable
2-replica-repeat-1,model-replicas=2,1,202.0,standard-long-context,0,poisson,,10240,128,126,2,,not_applicable
2-replica-repeat-1,model-replicas=2,1,203.0,standard-long-context,0,poisson,,10240,128,128,0,,not_applicable
2-replica-repeat-1,model-replicas=2,1,204.0,standard-long-context,0,poisson,,10240,128,128,0,,not_applicable
2-replica-repeat-1,model-replicas=2,1,205.0,standard-long-context,0,poisson,,10240,130,128,2,,not_applicable
2-replica-repeat-1,model-replicas=2,1,206.0,standard-long-context,0,poisson,,10240,130,130,0,,not_applicable
2-replica-repeat-1,model-replicas=2,1,207.0,standard-long-context,0,poisson,,10240,131,130,1,,not_applicable
2-replica-repeat-1,model-replicas=2,1,208.0,standard-long-context,0,poisson,,10240,132,131,1,,not_applicable
2-replica-repeat-1,model-replicas=2,1,209.0,standard-long-context,0,poisson,,10240,134,131,3,,not_applicable
2-replica-repeat-1,model-replicas=2,1,210.0,standard-long-context,0,poisson,,10240,134,134,0,,not_applicable
2-replica-repeat-1,model-replicas=2,1,211.0,standard-long-context,0,poisson,,10240,134,134,0,,not_applicable
2-replica-repeat-1,model-replicas=2,1,212.0,standard-long-context,0,poisson,,10240,134,134,0,,not_applicable
2-replica-repeat-1,model-replicas=2,1,213.0,standard-long-context,0,poisson,,10240,134,134,0,,not_applicable
2-replica-repeat-1,model-replicas=2,1,214.0,standard-long-context,0,poisson,,10240,134,134,0,,not_applicable
2-replica-repeat-1,model-replicas=2,1,215.0,standard-long-context,0,poisson,,10240,134,134,0,,not_applicable
2-replica-repeat-1,model-replicas=2,1,216.0,standard-long-context,0,poisson,,10240,134,134,0,,not_applicable
2-replica-repeat-1,model-replicas=2,1,217.0,standard-long-context,0,poisson,,10240,134,134,0,,not_applicable
2-replica-repeat-1,model-replicas=2,1,218.0,standard-long-context,0,poisson,,10240,134,134,0,,not_applicable
2-replica-repeat-1,model-replicas=2,1,219.0,standard-long-context,0,poisson,,10240,134,134,0,,not_applicable
2-replica-repeat-1,model-replicas=2,1,220.0,standard-long-context,0,poisson,,10240,134,134,0,,not_applicable
2-replica-repeat-1,model-replicas=2,1,221.0,standard-long-context,0,poisson,,10240,134,134,0,,not_applicable
2-replica-repeat-1,model-replicas=2,1,222.0,standard-long-context,0,poisson,,10240,134,134,0,,not_applicable
2-replica-repeat-1,model-replicas=2,1,223.0,standard-long-context,0,poisson,,10240,134,134,0,,not_applicable
2-replica-repeat-1,model-replicas=2,1,224.0,standard-long-context,0,poisson,,10240,134,134,0,,not_applicable
2-replica-repeat-1,model-replicas=2,1,225.0,standard-long-context,0,poisson,,10240,134,134,0,,not_applicable
2-replica-repeat-1,model-replicas=2,1,226.0,standard-long-context,0,poisson,,10240,134,134,0,,not_applicable
2-replica-repeat-1,model-replicas=2,1,227.0,standard-long-context,0,poisson,,10240,134,134,0,,not_applicable
2-replica-repeat-1,model-replicas=2,1,228.0,standard-long-context,0,poisson,,10240,134,134,0,,not_applicable
2-replica-repeat-1,model-replicas=2,1,229.0,standard-long-context,0,poisson,,10240,134,134,0,,not_applicable
2-replica-repeat-1,model-replicas=2,1,230.0,standard-long-context,0,poisson,,10240,134,134,0,,not_applicable
2-replica-repeat-1,model-replicas=2,1,231.0,standard-long-context,0,poisson,,10240,134,134,0,,not_applicable
2-replica-repeat-1,model-replicas=2,1,232.0,standard-long-context,0,poisson,,10240,134,134,0,,not_applicable
2-replica-repeat-1,model-replicas=2,1,233.0,standard-long-context,0,poisson,,10240,134,134,0,,not_applicable
2-replica-repeat-1,model-replicas=2,1,234.0,standard-long-context,0,poisson,,10240,134,134,0,,not_applicable
2-replica-repeat-1,model-replicas=2,1,235.0,standard-long-context,0,poisson,,10240,134,134,0,,not_applicable
2-replica-repeat-1,model-replicas=2,1,236.0,standard-long-context,0,poisson,,10240,134,134,0,,not_applicable
2-replica-repeat-1,model-replicas=2,1,237.0,standard-long-context,0,poisson,,10240,134,134,0,,not_applicable
2-replica-repeat-1,model-replicas=2,1,238.0,standard-long-context,0,poisson,,10240,134,134,0,,not_applicable
2-replica-repeat-1,model-replicas=2,1,239.0,standard-long-context,0,poisson,,10240,134,134,0,,not_applicable
2-replica-repeat-1,model-replicas=2,1,240.0,standard-long-context,0,poisson,,10240,134,134,0,,not_applicable
2-replica-repeat-1,model-replicas=2,1,241.0,standard-long-context,0,poisson,,10240,134,134,0,,not_applicable
2-replica-repeat-1,model-replicas=2,1,242.0,standard-long-context,0,poisson,,10240,134,134,0,,not_applicable
2-replica-repeat-1,model-replicas=2,1,243.0,standard-long-context,0,poisson,,10240,134,134,0,,not_applicable
2-replica-repeat-1,model-replicas=2,1,244.0,standard-long-context,0,poisson,,10240,134,134,0,,not_applicable
2-replica-repeat-1,model-replicas=2,1,245.0,standard-long-context,0,poisson,,10240,134,134,0,,not_applicable
2-replica-repeat-1,model-replicas=2,1,246.0,standard-long-context,0,poisson,,10240,134,134,0,,not_applicable
2-replica-repeat-1,model-replicas=2,1,247.0,standard-long-context,0,poisson,,10240,134,134,0,,not_applicable
2-replica-repeat-1,model-replicas=2,1,248.0,standard-long-context,0,poisson,,10240,134,134,0,,not_applicable
2-replica-repeat-1,model-replicas=2,1,249.0,standard-long-context,0,poisson,,10240,134,134,0,,not_applicable
2-replica-repeat-1,model-replicas=2,1,250.0,standard-long-context,0,poisson,,10240,134,134,0,,not_applicable
2-replica-repeat-1,model-replicas=2,1,251.0,standard-long-context,0,poisson,,10240,134,134,0,,not_applicable
2-replica-repeat-1,model-replicas=2,1,252.0,standard-long-context,0,poisson,,10240,134,134,0,,not_applicable
2-replica-repeat-1,model-replicas=2,1,253.0,standard-long-context,0,poisson,,10240,134,134,0,,not_applicable
2-replica-repeat-1,model-replicas=2,1,254.0,standard-long-context,0,poisson,,10240,134,134,0,,not_applicable
2-replica-repeat-1,model-replicas=2,1,255.0,standard-long-context,0,poisson,,10240,134,134,0,,not_applicable
2-replica-repeat-1,model-replicas=2,1,256.0,standard-long-context,0,poisson,,10240,134,134,0,,not_applicable
2-replica-repeat-1,model-replicas=2,1,257.0,standard-long-context,0,poisson,,10240,134,134,0,,not_applicable
2-replica-repeat-1,model-replicas=2,1,258.0,standard-long-context,0,poisson,,10240,134,134,0,,not_applicable
2-replica-repeat-1,model-replicas=2,1,259.0,standard-long-context,0,poisson,,10240,134,134,0,,not_applicable
2-replica-repeat-1,model-replicas=2,1,260.0,standard-long-context,0,poisson,,10240,134,134,0,,not_applicable
2-replica-repeat-1,model-replicas=2,1,261.0,standard-long-context,0,poisson,,10240,134,134,0,,not_applicable
2-replica-repeat-1,model-replicas=2,1,262.0,standard-long-context,0,poisson,,10240,134,134,0,,not_applicable
2-replica-repeat-1,model-replicas=2,1,263.0,standard-long-context,0,poisson,,10240,134,134,0,,not_applicable
2-replica-repeat-1,model-replicas=2,1,264.0,standard-long-context,0,poisson,,10240,134,134,0,,not_applicable
2-replica-repeat-1,model-replicas=2,1,265.0,standard-long-context,0,poisson,,10240,134,134,0,,not_applicable
2-replica-repeat-1,model-replicas=2,1,266.0,standard-long-context,0,poisson,,10240,134,134,0,,not_applicable
2-replica-repeat-1,model-replicas=2,1,267.0,standard-long-context,0,poisson,,10240,134,134,0,,not_applicable
2-replica-repeat-1,model-replicas=2,1,268.0,standard-long-context,0,poisson,,10240,134,134,0,,not_applicable
2-replica-repeat-1,model-replicas=2,1,269.0,standard-long-context,0,poisson,,10240,134,134,0,,not_applicable
2-replica-repeat-1,model-replicas=2,1,270.0,standard-long-context,0,poisson,,10240,134,134,0,,not_applicable
2-replica-repeat-2,model-replicas=2,2,0.0,realtime-chat,100,poisson,,10240,0,0,0,,not_applicable
2-replica-repeat-2,model-replicas=2,2,1.0,realtime-chat,100,poisson,,10240,10,1,9,,not_applicable
2-replica-repeat-2,model-replicas=2,2,2.0,realtime-chat,100,poisson,,10240,18,13,5,,not_applicable
2-replica-repeat-2,model-replicas=2,2,3.0,realtime-chat,100,poisson,,10240,29,23,6,,not_applicable
2-replica-repeat-2,model-replicas=2,2,4.0,realtime-chat,100,poisson,,10240,38,31,7,,not_applicable
2-replica-repeat-2,model-replicas=2,2,5.0,realtime-chat,100,poisson,,10240,44,42,2,,not_applicable
2-replica-repeat-2,model-replicas=2,2,6.0,realtime-chat,100,poisson,,10240,50,48,2,,not_applicable
2-replica-repeat-2,model-replicas=2,2,7.0,realtime-chat,100,poisson,,10240,59,54,5,,not_applicable
2-replica-repeat-2,model-replicas=2,2,8.0,realtime-chat,100,poisson,,10240,67,65,2,,not_applicable
2-replica-repeat-2,model-replicas=2,2,9.0,realtime-chat,100,poisson,,10240,79,75,4,,not_applicable
2-replica-repeat-2,model-replicas=2,2,10.0,realtime-chat,100,poisson,,10240,86,82,4,,not_applicable
2-replica-repeat-2,model-replicas=2,2,11.0,realtime-chat,100,poisson,,10240,93,89,4,,not_applicable
2-replica-repeat-2,model-replicas=2,2,12.0,realtime-chat,100,poisson,,10240,101,96,5,,not_applicable
2-replica-repeat-2,model-replicas=2,2,13.0,realtime-chat,100,poisson,,10240,108,104,4,,not_applicable
2-replica-repeat-2,model-replicas=2,2,14.0,realtime-chat,100,poisson,,10240,115,113,2,,not_applicable
2-replica-repeat-2,model-replicas=2,2,15.0,realtime-chat,100,poisson,,10240,125,115,10,,not_applicable
2-replica-repeat-2,model-replicas=2,2,16.0,realtime-chat,100,poisson,,10240,135,127,8,,not_applicable
2-replica-repeat-2,model-replicas=2,2,17.0,realtime-chat,100,poisson,,10240,145,142,3,,not_applicable
2-replica-repeat-2,model-replicas=2,2,18.0,realtime-chat,100,poisson,,10240,154,147,7,,not_applicable
2-replica-repeat-2,model-replicas=2,2,19.0,realtime-chat,100,poisson,,10240,164,158,6,,not_applicable
2-replica-repeat-2,model-replicas=2,2,20.0,realtime-chat,100,poisson,,10240,172,167,5,,not_applicable
2-replica-repeat-2,model-replicas=2,2,21.0,realtime-chat,100,poisson,,10240,179,177,2,,not_applicable
2-replica-repeat-2,model-replicas=2,2,22.0,realtime-chat,100,poisson,,10240,185,183,2,,not_applicable
2-replica-repeat-2,model-replicas=2,2,23.0,realtime-chat,100,poisson,,10240,189,187,2,,not_applicable
2-replica-repeat-2,model-replicas=2,2,24.0,realtime-chat,100,poisson,,10240,196,194,2,,not_applicable
2-replica-repeat-2,model-replicas=2,2,25.0,realtime-chat,100,poisson,,10240,200,197,3,,not_applicable
2-replica-repeat-2,model-replicas=2,2,26.0,realtime-chat,100,poisson,,10240,210,205,5,,not_applicable
2-replica-repeat-2,model-replicas=2,2,27.0,realtime-chat,100,poisson,,10240,216,212,4,,not_applicable
2-replica-repeat-2,model-replicas=2,2,28.0,realtime-chat,100,poisson,,10240,222,218,4,,not_applicable
2-replica-repeat-2,model-replicas=2,2,29.0,realtime-chat,100,poisson,,10240,225,225,0,,not_applicable
2-replica-repeat-2,model-replicas=2,2,30.0,realtime-chat,100,poisson,,10240,233,225,8,,not_applicable
2-replica-repeat-2,model-replicas=2,2,31.0,realtime-chat,100,poisson,,10240,242,236,6,,not_applicable
2-replica-repeat-2,model-replicas=2,2,32.0,realtime-chat,100,poisson,,10240,251,246,5,,not_applicable
2-replica-repeat-2,model-replicas=2,2,33.0,realtime-chat,100,poisson,,10240,254,253,1,,not_applicable
2-replica-repeat-2,model-replicas=2,2,34.0,realtime-chat,100,poisson,,10240,265,255,10,,not_applicable
2-replica-repeat-2,model-replicas=2,2,35.0,realtime-chat,100,poisson,,10240,269,269,0,,not_applicable
2-replica-repeat-2,model-replicas=2,2,36.0,realtime-chat,100,poisson,,10240,275,273,2,,not_applicable
2-replica-repeat-2,model-replicas=2,2,37.0,realtime-chat,100,poisson,,10240,287,279,8,,not_applicable
2-replica-repeat-2,model-replicas=2,2,38.0,realtime-chat,100,poisson,,10240,295,291,4,,not_applicable
2-replica-repeat-2,model-replicas=2,2,39.0,realtime-chat,100,poisson,,10240,303,300,3,,not_applicable
2-replica-repeat-2,model-replicas=2,2,40.0,realtime-chat,100,poisson,,10240,308,306,2,,not_applicable
2-replica-repeat-2,model-replicas=2,2,41.0,realtime-chat,100,poisson,,10240,318,313,5,,not_applicable
2-replica-repeat-2,model-replicas=2,2,42.0,realtime-chat,100,poisson,,10240,324,321,3,,not_applicable
2-replica-repeat-2,model-replicas=2,2,43.0,realtime-chat,100,poisson,,10240,333,328,5,,not_applicable
2-replica-repeat-2,model-replicas=2,2,44.0,realtime-chat,100,poisson,,10240,340,335,5,,not_applicable
2-replica-repeat-2,model-replicas=2,2,45.0,realtime-chat,100,poisson,,10240,354,342,12,,not_applicable
2-replica-repeat-2,model-replicas=2,2,46.0,realtime-chat,100,poisson,,10240,359,357,2,,not_applicable
2-replica-repeat-2,model-replicas=2,2,47.0,realtime-chat,100,poisson,,10240,371,362,9,,not_applicable
2-replica-repeat-2,model-replicas=2,2,48.0,realtime-chat,100,poisson,,10240,382,375,7,,not_applicable
2-replica-repeat-2,model-replicas=2,2,49.0,realtime-chat,100,poisson,,10240,391,385,6,,not_applicable
2-replica-repeat-2,model-replicas=2,2,50.0,realtime-chat,100,poisson,,10240,403,394,9,,not_applicable
2-replica-repeat-2,model-replicas=2,2,51.0,realtime-chat,100,poisson,,10240,412,410,2,,not_applicable
2-replica-repeat-2,model-replicas=2,2,52.0,realtime-chat,100,poisson,,10240,420,414,6,,not_applicable
2-replica-repeat-2,model-replicas=2,2,53.0,realtime-chat,100,poisson,,10240,433,423,10,,not_applicable
2-replica-repeat-2,model-replicas=2,2,54.0,realtime-chat,100,poisson,,10240,440,436,4,,not_applicable
2-replica-repeat-2,model-replicas=2,2,55.0,realtime-chat,100,poisson,,10240,450,444,6,,not_applicable
2-replica-repeat-2,model-replicas=2,2,56.0,realtime-chat,100,poisson,,10240,462,453,9,,not_applicable
2-replica-repeat-2,model-replicas=2,2,57.0,realtime-chat,100,poisson,,10240,467,465,2,,not_applicable
2-replica-repeat-2,model-replicas=2,2,58.0,realtime-chat,100,poisson,,10240,475,472,3,,not_applicable
2-replica-repeat-2,model-replicas=2,2,59.0,realtime-chat,100,poisson,,10240,484,478,6,,not_applicable
2-replica-repeat-2,model-replicas=2,2,60.0,realtime-chat,100,poisson,,10240,490,487,3,,not_applicable
2-replica-repeat-2,model-replicas=2,2,61.0,realtime-chat,100,poisson,,10240,494,492,2,,not_applicable
2-replica-repeat-2,model-replicas=2,2,62.0,realtime-chat,100,poisson,,10240,502,498,4,,not_applicable
2-replica-repeat-2,model-replicas=2,2,63.0,realtime-chat,100,poisson,,10240,508,507,1,,not_applicable
2-replica-repeat-2,model-replicas=2,2,64.0,realtime-chat,100,poisson,,10240,511,509,2,,not_applicable
2-replica-repeat-2,model-replicas=2,2,65.0,realtime-chat,100,poisson,,10240,515,515,0,,not_applicable
2-replica-repeat-2,model-replicas=2,2,66.0,realtime-chat,100,poisson,,10240,523,519,4,,not_applicable
2-replica-repeat-2,model-replicas=2,2,67.0,realtime-chat,100,poisson,,10240,538,525,13,,not_applicable
2-replica-repeat-2,model-replicas=2,2,68.0,realtime-chat,100,poisson,,10240,547,540,7,,not_applicable
2-replica-repeat-2,model-replicas=2,2,69.0,realtime-chat,100,poisson,,10240,554,549,5,,not_applicable
2-replica-repeat-2,model-replicas=2,2,70.0,realtime-chat,100,poisson,,10240,565,553,12,,not_applicable
2-replica-repeat-2,model-replicas=2,2,71.0,realtime-chat,100,poisson,,10240,570,568,2,,not_applicable
2-replica-repeat-2,model-replicas=2,2,72.0,realtime-chat,100,poisson,,10240,576,572,4,,not_applicable
2-replica-repeat-2,model-replicas=2,2,73.0,realtime-chat,100,poisson,,10240,582,578,4,,not_applicable
2-replica-repeat-2,model-replicas=2,2,74.0,realtime-chat,100,poisson,,10240,593,582,11,,not_applicable
2-replica-repeat-2,model-replicas=2,2,75.0,realtime-chat,100,poisson,,10240,600,594,6,,not_applicable
2-replica-repeat-2,model-replicas=2,2,76.0,realtime-chat,100,poisson,,10240,608,602,6,,not_applicable
2-replica-repeat-2,model-replicas=2,2,77.0,realtime-chat,100,poisson,,10240,611,605,6,,not_applicable
2-replica-repeat-2,model-replicas=2,2,78.0,realtime-chat,100,poisson,,10240,620,613,7,,not_applicable
2-replica-repeat-2,model-replicas=2,2,79.0,realtime-chat,100,poisson,,10240,629,620,9,,not_applicable
2-replica-repeat-2,model-replicas=2,2,80.0,realtime-chat,100,poisson,,10240,640,631,9,,not_applicable
2-replica-repeat-2,model-replicas=2,2,81.0,realtime-chat,100,poisson,,10240,658,641,17,,not_applicable
2-replica-repeat-2,model-replicas=2,2,82.0,realtime-chat,100,poisson,,10240,666,644,22,,not_applicable
2-replica-repeat-2,model-replicas=2,2,83.0,realtime-chat,100,poisson,,10240,674,648,26,,not_applicable
2-replica-repeat-2,model-replicas=2,2,84.0,realtime-chat,100,poisson,,10240,690,663,27,,not_applicable
2-replica-repeat-2,model-replicas=2,2,85.0,realtime-chat,100,poisson,,10240,701,692,9,,not_applicable
2-replica-repeat-2,model-replicas=2,2,86.0,realtime-chat,100,poisson,,10240,713,702,11,,not_applicable
2-replica-repeat-2,model-replicas=2,2,87.0,realtime-chat,100,poisson,,10240,722,709,13,,not_applicable
2-replica-repeat-2,model-replicas=2,2,88.0,realtime-chat,100,poisson,,10240,732,715,17,,not_applicable
2-replica-repeat-2,model-replicas=2,2,89.0,realtime-chat,100,poisson,,10240,740,731,9,,not_applicable
2-replica-repeat-2,model-replicas=2,2,90.0,realtime-chat,100,poisson,,10240,745,741,4,,not_applicable
2-replica-repeat-2,model-replicas=2,2,91.0,realtime-chat,100,poisson,,10240,752,743,9,,not_applicable
2-replica-repeat-2,model-replicas=2,2,92.0,realtime-chat,100,poisson,,10240,766,756,10,,not_applicable
2-replica-repeat-2,model-replicas=2,2,93.0,realtime-chat,100,poisson,,10240,779,762,17,,not_applicable
2-replica-repeat-2,model-replicas=2,2,94.0,realtime-chat,100,poisson,,10240,789,769,20,,not_applicable
2-replica-repeat-2,model-replicas=2,2,95.0,realtime-chat,100,poisson,,10240,797,791,6,,not_applicable
2-replica-repeat-2,model-replicas=2,2,96.0,realtime-chat,100,poisson,,10240,803,798,5,,not_applicable
2-replica-repeat-2,model-replicas=2,2,97.0,realtime-chat,100,poisson,,10240,806,806,0,,not_applicable
2-replica-repeat-2,model-replicas=2,2,98.0,realtime-chat,100,poisson,,10240,811,808,3,,not_applicable
2-replica-repeat-2,model-replicas=2,2,99.0,realtime-chat,100,poisson,,10240,817,814,3,,not_applicable
2-replica-repeat-2,model-replicas=2,2,100.0,realtime-chat,100,poisson,,10240,826,821,5,,not_applicable
2-replica-repeat-2,model-replicas=2,2,101.0,realtime-chat,100,poisson,,10240,833,830,3,,not_applicable
2-replica-repeat-2,model-replicas=2,2,102.0,realtime-chat,100,poisson,,10240,843,834,9,,not_applicable
2-replica-repeat-2,model-replicas=2,2,103.0,realtime-chat,100,poisson,,10240,847,844,3,,not_applicable
2-replica-repeat-2,model-replicas=2,2,104.0,realtime-chat,100,poisson,,10240,852,848,4,,not_applicable
2-replica-repeat-2,model-replicas=2,2,105.0,realtime-chat,100,poisson,,10240,857,854,3,,not_applicable
2-replica-repeat-2,model-replicas=2,2,106.0,realtime-chat,100,poisson,,10240,865,863,2,,not_applicable
2-replica-repeat-2,model-replicas=2,2,107.0,realtime-chat,100,poisson,,10240,872,866,6,,not_applicable
2-replica-repeat-2,model-replicas=2,2,108.0,realtime-chat,100,poisson,,10240,884,871,13,,not_applicable
2-replica-repeat-2,model-replicas=2,2,109.0,realtime-chat,100,poisson,,10240,891,879,12,,not_applicable
2-replica-repeat-2,model-replicas=2,2,110.0,realtime-chat,100,poisson,,10240,897,892,5,,not_applicable
2-replica-repeat-2,model-replicas=2,2,111.0,realtime-chat,100,poisson,,10240,904,897,7,,not_applicable
2-replica-repeat-2,model-replicas=2,2,112.0,realtime-chat,100,poisson,,10240,909,898,11,,not_applicable
2-replica-repeat-2,model-replicas=2,2,113.0,realtime-chat,100,poisson,,10240,918,915,3,,not_applicable
2-replica-repeat-2,model-replicas=2,2,114.0,realtime-chat,100,poisson,,10240,923,919,4,,not_applicable
2-replica-repeat-2,model-replicas=2,2,115.0,realtime-chat,100,poisson,,10240,936,928,8,,not_applicable
2-replica-repeat-2,model-replicas=2,2,116.0,realtime-chat,100,poisson,,10240,944,938,6,,not_applicable
2-replica-repeat-2,model-replicas=2,2,117.0,realtime-chat,100,poisson,,10240,951,944,7,,not_applicable
2-replica-repeat-2,model-replicas=2,2,118.0,realtime-chat,100,poisson,,10240,962,949,13,,not_applicable
2-replica-repeat-2,model-replicas=2,2,119.0,realtime-chat,100,poisson,,10240,969,966,3,,not_applicable
2-replica-repeat-2,model-replicas=2,2,120.0,realtime-chat,100,poisson,,10240,982,968,14,,not_applicable
2-replica-repeat-2,model-replicas=2,2,121.0,realtime-chat,100,poisson,,10240,992,977,15,,not_applicable
2-replica-repeat-2,model-replicas=2,2,122.0,realtime-chat,100,poisson,,10240,1001,982,19,,not_applicable
2-replica-repeat-2,model-replicas=2,2,123.0,realtime-chat,100,poisson,,10240,1007,1000,7,,not_applicable
2-replica-repeat-2,model-replicas=2,2,124.0,realtime-chat,100,poisson,,10240,1012,1007,5,,not_applicable
2-replica-repeat-2,model-replicas=2,2,125.0,realtime-chat,100,poisson,,10240,1018,1016,2,,not_applicable
2-replica-repeat-2,model-replicas=2,2,126.0,realtime-chat,100,poisson,,10240,1026,1019,7,,not_applicable
2-replica-repeat-2,model-replicas=2,2,127.0,realtime-chat,100,poisson,,10240,1036,1024,12,,not_applicable
2-replica-repeat-2,model-replicas=2,2,128.0,realtime-chat,100,poisson,,10240,1042,1039,3,,not_applicable
2-replica-repeat-2,model-replicas=2,2,129.0,realtime-chat,100,poisson,,10240,1055,1047,8,,not_applicable
2-replica-repeat-2,model-replicas=2,2,130.0,realtime-chat,100,poisson,,10240,1061,1057,4,,not_applicable
2-replica-repeat-2,model-replicas=2,2,131.0,realtime-chat,100,poisson,,10240,1069,1062,7,,not_applicable
2-replica-repeat-2,model-replicas=2,2,132.0,realtime-chat,100,poisson,,10240,1076,1069,7,,not_applicable
2-replica-repeat-2,model-replicas=2,2,133.0,realtime-chat,100,poisson,,10240,1084,1076,8,,not_applicable
2-replica-repeat-2,model-replicas=2,2,134.0,realtime-chat,100,poisson,,10240,1093,1088,5,,not_applicable
2-replica-repeat-2,model-replicas=2,2,135.0,realtime-chat,100,poisson,,10240,1102,1093,9,,not_applicable
2-replica-repeat-2,model-replicas=2,2,136.0,realtime-chat,100,poisson,,10240,1111,1105,6,,not_applicable
2-replica-repeat-2,model-replicas=2,2,137.0,realtime-chat,100,poisson,,10240,1116,1115,1,,not_applicable
2-replica-repeat-2,model-replicas=2,2,138.0,realtime-chat,100,poisson,,10240,1122,1116,6,,not_applicable
2-replica-repeat-2,model-replicas=2,2,139.0,realtime-chat,100,poisson,,10240,1131,1125,6,,not_applicable
2-replica-repeat-2,model-replicas=2,2,140.0,realtime-chat,100,poisson,,10240,1137,1134,3,,not_applicable
2-replica-repeat-2,model-replicas=2,2,141.0,realtime-chat,100,poisson,,10240,1148,1141,7,,not_applicable
2-replica-repeat-2,model-replicas=2,2,142.0,realtime-chat,100,poisson,,10240,1151,1149,2,,not_applicable
2-replica-repeat-2,model-replicas=2,2,143.0,realtime-chat,100,poisson,,10240,1158,1152,6,,not_applicable
2-replica-repeat-2,model-replicas=2,2,144.0,realtime-chat,100,poisson,,10240,1165,1153,12,,not_applicable
2-replica-repeat-2,model-replicas=2,2,145.0,realtime-chat,100,poisson,,10240,1172,1166,6,,not_applicable
2-replica-repeat-2,model-replicas=2,2,146.0,realtime-chat,100,poisson,,10240,1187,1169,18,,not_applicable
2-replica-repeat-2,model-replicas=2,2,147.0,realtime-chat,100,poisson,,10240,1194,1183,11,,not_applicable
2-replica-repeat-2,model-replicas=2,2,148.0,realtime-chat,100,poisson,,10240,1202,1197,5,,not_applicable
2-replica-repeat-2,model-replicas=2,2,149.0,realtime-chat,100,poisson,,10240,1209,1205,4,,not_applicable
2-replica-repeat-2,model-replicas=2,2,150.0,realtime-chat,100,poisson,,10240,1219,1209,10,,not_applicable
2-replica-repeat-2,model-replicas=2,2,151.0,realtime-chat,100,poisson,,10240,1228,1219,9,,not_applicable
2-replica-repeat-2,model-replicas=2,2,152.0,realtime-chat,100,poisson,,10240,1240,1234,6,,not_applicable
2-replica-repeat-2,model-replicas=2,2,153.0,realtime-chat,100,poisson,,10240,1248,1240,8,,not_applicable
2-replica-repeat-2,model-replicas=2,2,154.0,realtime-chat,100,poisson,,10240,1260,1246,14,,not_applicable
2-replica-repeat-2,model-replicas=2,2,155.0,realtime-chat,100,poisson,,10240,1267,1262,5,,not_applicable
2-replica-repeat-2,model-replicas=2,2,156.0,realtime-chat,100,poisson,,10240,1278,1275,3,,not_applicable
2-replica-repeat-2,model-replicas=2,2,157.0,realtime-chat,100,poisson,,10240,1290,1280,10,,not_applicable
2-replica-repeat-2,model-replicas=2,2,158.0,realtime-chat,100,poisson,,10240,1304,1288,16,,not_applicable
2-replica-repeat-2,model-replicas=2,2,159.0,realtime-chat,100,poisson,,10240,1313,1305,8,,not_applicable
2-replica-repeat-2,model-replicas=2,2,160.0,realtime-chat,100,poisson,,10240,1319,1313,6,,not_applicable
2-replica-repeat-2,model-replicas=2,2,161.0,realtime-chat,100,poisson,,10240,1325,1322,3,,not_applicable
2-replica-repeat-2,model-replicas=2,2,162.0,realtime-chat,100,poisson,,10240,1331,1327,4,,not_applicable
2-replica-repeat-2,model-replicas=2,2,163.0,realtime-chat,100,poisson,,10240,1339,1334,5,,not_applicable
2-replica-repeat-2,model-replicas=2,2,164.0,realtime-chat,100,poisson,,10240,1350,1340,10,,not_applicable
2-replica-repeat-2,model-replicas=2,2,165.0,realtime-chat,100,poisson,,10240,1359,1353,6,,not_applicable
2-replica-repeat-2,model-replicas=2,2,166.0,realtime-chat,100,poisson,,10240,1366,1364,2,,not_applicable
2-replica-repeat-2,model-replicas=2,2,167.0,realtime-chat,100,poisson,,10240,1371,1365,6,,not_applicable
2-replica-repeat-2,model-replicas=2,2,168.0,realtime-chat,100,poisson,,10240,1376,1372,4,,not_applicable
2-replica-repeat-2,model-replicas=2,2,169.0,realtime-chat,100,poisson,,10240,1386,1381,5,,not_applicable
2-replica-repeat-2,model-replicas=2,2,170.0,realtime-chat,100,poisson,,10240,1397,1387,10,,not_applicable
2-replica-repeat-2,model-replicas=2,2,171.0,realtime-chat,100,poisson,,10240,1401,1399,2,,not_applicable
2-replica-repeat-2,model-replicas=2,2,172.0,realtime-chat,100,poisson,,10240,1406,1404,2,,not_applicable
2-replica-repeat-2,model-replicas=2,2,173.0,realtime-chat,100,poisson,,10240,1410,1407,3,,not_applicable
2-replica-repeat-2,model-replicas=2,2,174.0,realtime-chat,100,poisson,,10240,1417,1410,7,,not_applicable
2-replica-repeat-2,model-replicas=2,2,175.0,realtime-chat,100,poisson,,10240,1421,1419,2,,not_applicable
2-replica-repeat-2,model-replicas=2,2,176.0,realtime-chat,100,poisson,,10240,1428,1423,5,,not_applicable
2-replica-repeat-2,model-replicas=2,2,177.0,realtime-chat,100,poisson,,10240,1434,1429,5,,not_applicable
2-replica-repeat-2,model-replicas=2,2,178.0,realtime-chat,100,poisson,,10240,1442,1436,6,,not_applicable
2-replica-repeat-2,model-replicas=2,2,179.0,realtime-chat,100,poisson,,10240,1445,1445,0,,not_applicable
2-replica-repeat-2,model-replicas=2,2,180.0,realtime-chat,100,poisson,,10240,1448,1447,1,,not_applicable
2-replica-repeat-2,model-replicas=2,2,181.0,realtime-chat,100,poisson,,10240,1454,1450,4,,not_applicable
2-replica-repeat-2,model-replicas=2,2,182.0,realtime-chat,100,poisson,,10240,1464,1460,4,,not_applicable
2-replica-repeat-2,model-replicas=2,2,183.0,realtime-chat,100,poisson,,10240,1469,1467,2,,not_applicable
2-replica-repeat-2,model-replicas=2,2,184.0,realtime-chat,100,poisson,,10240,1474,1471,3,,not_applicable
2-replica-repeat-2,model-replicas=2,2,185.0,realtime-chat,100,poisson,,10240,1482,1474,8,,not_applicable
2-replica-repeat-2,model-replicas=2,2,186.0,realtime-chat,100,poisson,,10240,1496,1484,12,,not_applicable
2-replica-repeat-2,model-replicas=2,2,187.0,realtime-chat,100,poisson,,10240,1506,1494,12,,not_applicable
2-replica-repeat-2,model-replicas=2,2,188.0,realtime-chat,100,poisson,,10240,1516,1509,7,,not_applicable
2-replica-repeat-2,model-replicas=2,2,189.0,realtime-chat,100,poisson,,10240,1532,1518,14,,not_applicable
2-replica-repeat-2,model-replicas=2,2,190.0,realtime-chat,100,poisson,,10240,1541,1535,6,,not_applicable
2-replica-repeat-2,model-replicas=2,2,191.0,realtime-chat,100,poisson,,10240,1549,1545,4,,not_applicable
2-replica-repeat-2,model-replicas=2,2,192.0,realtime-chat,100,poisson,,10240,1558,1551,7,,not_applicable
2-replica-repeat-2,model-replicas=2,2,193.0,realtime-chat,100,poisson,,10240,1571,1565,6,,not_applicable
2-replica-repeat-2,model-replicas=2,2,194.0,realtime-chat,100,poisson,,10240,1590,1574,16,,not_applicable
2-replica-repeat-2,model-replicas=2,2,195.0,realtime-chat,100,poisson,,10240,1596,1592,4,,not_applicable
2-replica-repeat-2,model-replicas=2,2,196.0,realtime-chat,100,poisson,,10240,1604,1598,6,,not_applicable
2-replica-repeat-2,model-replicas=2,2,197.0,realtime-chat,100,poisson,,10240,1614,1604,10,,not_applicable
2-replica-repeat-2,model-replicas=2,2,198.0,realtime-chat,100,poisson,,10240,1625,1617,8,,not_applicable
2-replica-repeat-2,model-replicas=2,2,199.0,realtime-chat,100,poisson,,10240,1637,1626,11,,not_applicable
2-replica-repeat-2,model-replicas=2,2,200.0,realtime-chat,100,poisson,,10240,1647,1634,13,,not_applicable
2-replica-repeat-2,model-replicas=2,2,201.0,realtime-chat,100,poisson,,10240,1654,1649,5,,not_applicable
2-replica-repeat-2,model-replicas=2,2,202.0,realtime-chat,100,poisson,,10240,1661,1654,7,,not_applicable
2-replica-repeat-2,model-replicas=2,2,203.0,realtime-chat,100,poisson,,10240,1669,1665,4,,not_applicable
2-replica-repeat-2,model-replicas=2,2,204.0,realtime-chat,100,poisson,,10240,1676,1672,4,,not_applicable
2-replica-repeat-2,model-replicas=2,2,205.0,realtime-chat,100,poisson,,10240,1689,1675,14,,not_applicable
2-replica-repeat-2,model-replicas=2,2,206.0,realtime-chat,100,poisson,,10240,1695,1692,3,,not_applicable
2-replica-repeat-2,model-replicas=2,2,207.0,realtime-chat,100,poisson,,10240,1704,1697,7,,not_applicable
2-replica-repeat-2,model-replicas=2,2,208.0,realtime-chat,100,poisson,,10240,1715,1705,10,,not_applicable
2-replica-repeat-2,model-replicas=2,2,209.0,realtime-chat,100,poisson,,10240,1719,1715,4,,not_applicable
2-replica-repeat-2,model-replicas=2,2,210.0,realtime-chat,100,poisson,,10240,1722,1719,3,,not_applicable
2-replica-repeat-2,model-replicas=2,2,211.0,realtime-chat,100,poisson,,10240,1729,1725,4,,not_applicable
2-replica-repeat-2,model-replicas=2,2,212.0,realtime-chat,100,poisson,,10240,1736,1730,6,,not_applicable
2-replica-repeat-2,model-replicas=2,2,213.0,realtime-chat,100,poisson,,10240,1740,1739,1,,not_applicable
2-replica-repeat-2,model-replicas=2,2,214.0,realtime-chat,100,poisson,,10240,1746,1744,2,,not_applicable
2-replica-repeat-2,model-replicas=2,2,215.0,realtime-chat,100,poisson,,10240,1751,1749,2,,not_applicable
2-replica-repeat-2,model-replicas=2,2,216.0,realtime-chat,100,poisson,,10240,1760,1752,8,,not_applicable
2-replica-repeat-2,model-replicas=2,2,217.0,realtime-chat,100,poisson,,10240,1769,1766,3,,not_applicable
2-replica-repeat-2,model-replicas=2,2,218.0,realtime-chat,100,poisson,,10240,1777,1771,6,,not_applicable
2-replica-repeat-2,model-replicas=2,2,219.0,realtime-chat,100,poisson,,10240,1784,1779,5,,not_applicable
2-replica-repeat-2,model-replicas=2,2,220.0,realtime-chat,100,poisson,,10240,1795,1789,6,,not_applicable
2-replica-repeat-2,model-replicas=2,2,221.0,realtime-chat,100,poisson,,10240,1801,1800,1,,not_applicable
2-replica-repeat-2,model-replicas=2,2,222.0,realtime-chat,100,poisson,,10240,1805,1804,1,,not_applicable
2-replica-repeat-2,model-replicas=2,2,223.0,realtime-chat,100,poisson,,10240,1809,1805,4,,not_applicable
2-replica-repeat-2,model-replicas=2,2,224.0,realtime-chat,100,poisson,,10240,1816,1812,4,,not_applicable
2-replica-repeat-2,model-replicas=2,2,225.0,realtime-chat,100,poisson,,10240,1825,1824,1,,not_applicable
2-replica-repeat-2,model-replicas=2,2,226.0,realtime-chat,100,poisson,,10240,1839,1833,6,,not_applicable
2-replica-repeat-2,model-replicas=2,2,227.0,realtime-chat,100,poisson,,10240,1851,1840,11,,not_applicable
2-replica-repeat-2,model-replicas=2,2,228.0,realtime-chat,100,poisson,,10240,1867,1851,16,,not_applicable
2-replica-repeat-2,model-replicas=2,2,229.0,realtime-chat,100,poisson,,10240,1880,1870,10,,not_applicable
2-replica-repeat-2,model-replicas=2,2,230.0,realtime-chat,100,poisson,,10240,1895,1880,15,,not_applicable
2-replica-repeat-2,model-replicas=2,2,231.0,realtime-chat,100,poisson,,10240,1900,1898,2,,not_applicable
2-replica-repeat-2,model-replicas=2,2,232.0,realtime-chat,100,poisson,,10240,1906,1903,3,,not_applicable
2-replica-repeat-2,model-replicas=2,2,233.0,realtime-chat,100,poisson,,10240,1913,1908,5,,not_applicable
2-replica-repeat-2,model-replicas=2,2,234.0,realtime-chat,100,poisson,,10240,1917,1914,3,,not_applicable
2-replica-repeat-2,model-replicas=2,2,235.0,realtime-chat,100,poisson,,10240,1928,1920,8,,not_applicable
2-replica-repeat-2,model-replicas=2,2,236.0,realtime-chat,100,poisson,,10240,1937,1932,5,,not_applicable
2-replica-repeat-2,model-replicas=2,2,237.0,realtime-chat,100,poisson,,10240,1946,1940,6,,not_applicable
2-replica-repeat-2,model-replicas=2,2,238.0,realtime-chat,100,poisson,,10240,1958,1952,6,,not_applicable
2-replica-repeat-2,model-replicas=2,2,239.0,realtime-chat,100,poisson,,10240,1965,1960,5,,not_applicable
2-replica-repeat-2,model-replicas=2,2,240.0,realtime-chat,100,poisson,,10240,1972,1969,3,,not_applicable
2-replica-repeat-2,model-replicas=2,2,241.0,realtime-chat,100,poisson,,10240,1978,1974,4,,not_applicable
2-replica-repeat-2,model-replicas=2,2,242.0,realtime-chat,100,poisson,,10240,1984,1981,3,,not_applicable
2-replica-repeat-2,model-replicas=2,2,243.0,realtime-chat,100,poisson,,10240,1991,1985,6,,not_applicable
2-replica-repeat-2,model-replicas=2,2,244.0,realtime-chat,100,poisson,,10240,1998,1994,4,,not_applicable
2-replica-repeat-2,model-replicas=2,2,245.0,realtime-chat,100,poisson,,10240,2015,2004,11,,not_applicable
2-replica-repeat-2,model-replicas=2,2,246.0,realtime-chat,100,poisson,,10240,2022,2016,6,,not_applicable
2-replica-repeat-2,model-replicas=2,2,247.0,realtime-chat,100,poisson,,10240,2029,2027,2,,not_applicable
2-replica-repeat-2,model-replicas=2,2,248.0,realtime-chat,100,poisson,,10240,2034,2032,2,,not_applicable
2-replica-repeat-2,model-replicas=2,2,249.0,realtime-chat,100,poisson,,10240,2042,2038,4,,not_applicable
2-replica-repeat-2,model-replicas=2,2,250.0,realtime-chat,100,poisson,,10240,2047,2045,2,,not_applicable
2-replica-repeat-2,model-replicas=2,2,251.0,realtime-chat,100,poisson,,10240,2051,2049,2,,not_applicable
2-replica-repeat-2,model-replicas=2,2,252.0,realtime-chat,100,poisson,,10240,2059,2052,7,,not_applicable
2-replica-repeat-2,model-replicas=2,2,253.0,realtime-chat,100,poisson,,10240,2065,2061,4,,not_applicable
2-replica-repeat-2,model-replicas=2,2,254.0,realtime-chat,100,poisson,,10240,2068,2066,2,,not_applicable
2-replica-repeat-2,model-replicas=2,2,255.0,realtime-chat,100,poisson,,10240,2076,2072,4,,not_applicable
2-replica-repeat-2,model-replicas=2,2,256.0,realtime-chat,100,poisson,,10240,2082,2081,1,,not_applicable
2-replica-repeat-2,model-replicas=2,2,257.0,realtime-chat,100,poisson,,10240,2090,2086,4,,not_applicable
2-replica-repeat-2,model-replicas=2,2,258.0,realtime-chat,100,poisson,,10240,2100,2091,9,,not_applicable
2-replica-repeat-2,model-replicas=2,2,259.0,realtime-chat,100,poisson,,10240,2108,2102,6,,not_applicable
2-replica-repeat-2,model-replicas=2,2,260.0,realtime-chat,100,poisson,,10240,2114,2111,3,,not_applicable
2-replica-repeat-2,model-replicas=2,2,261.0,realtime-chat,100,poisson,,10240,2120,2117,3,,not_applicable
2-replica-repeat-2,model-replicas=2,2,262.0,realtime-chat,100,poisson,,10240,2129,2124,5,,not_applicable
2-replica-repeat-2,model-replicas=2,2,263.0,realtime-chat,100,poisson,,10240,2138,2132,6,,not_applicable
2-replica-repeat-2,model-replicas=2,2,264.0,realtime-chat,100,poisson,,10240,2144,2142,2,,not_applicable
2-replica-repeat-2,model-replicas=2,2,265.0,realtime-chat,100,poisson,,10240,2151,2149,2,,not_applicable
2-replica-repeat-2,model-replicas=2,2,266.0,realtime-chat,100,poisson,,10240,2161,2153,8,,not_applicable
2-replica-repeat-2,model-replicas=2,2,267.0,realtime-chat,100,poisson,,10240,2169,2166,3,,not_applicable
2-replica-repeat-2,model-replicas=2,2,268.0,realtime-chat,100,poisson,,10240,2181,2172,9,,not_applicable
2-replica-repeat-2,model-replicas=2,2,269.0,realtime-chat,100,poisson,,10240,2197,2183,14,,not_applicable
2-replica-repeat-2,model-replicas=2,2,270.0,realtime-chat,100,poisson,,10240,2204,2199,5,,not_applicable
2-replica-repeat-2,model-replicas=2,2,0.0,standard-long-context,0,poisson,,10240,0,0,0,,not_applicable
2-replica-repeat-2,model-replicas=2,2,1.0,standard-long-context,0,poisson,,10240,0,0,0,,not_applicable
2-replica-repeat-2,model-replicas=2,2,2.0,standard-long-context,0,poisson,,10240,0,0,0,,not_applicable
2-replica-repeat-2,model-replicas=2,2,3.0,standard-long-context,0,poisson,,10240,0,0,0,,not_applicable
2-replica-repeat-2,model-replicas=2,2,4.0,standard-long-context,0,poisson,,10240,0,0,0,,not_applicable
2-replica-repeat-2,model-replicas=2,2,5.0,standard-long-context,0,poisson,,10240,0,0,0,,not_applicable
2-replica-repeat-2,model-replicas=2,2,6.0,standard-long-context,0,poisson,,10240,0,0,0,,not_applicable
2-replica-repeat-2,model-replicas=2,2,7.0,standard-long-context,0,poisson,,10240,0,0,0,,not_applicable
2-replica-repeat-2,model-replicas=2,2,8.0,standard-long-context,0,poisson,,10240,0,0,0,,not_applicable
2-replica-repeat-2,model-replicas=2,2,9.0,standard-long-context,0,poisson,,10240,0,0,0,,not_applicable
2-replica-repeat-2,model-replicas=2,2,10.0,standard-long-context,0,poisson,,10240,0,0,0,,not_applicable
2-replica-repeat-2,model-replicas=2,2,11.0,standard-long-context,0,poisson,,10240,0,0,0,,not_applicable
2-replica-repeat-2,model-replicas=2,2,12.0,standard-long-context,0,poisson,,10240,0,0,0,,not_applicable
2-replica-repeat-2,model-replicas=2,2,13.0,standard-long-context,0,poisson,,10240,0,0,0,,not_applicable
2-replica-repeat-2,model-replicas=2,2,14.0,standard-long-context,0,poisson,,10240,0,0,0,,not_applicable
2-replica-repeat-2,model-replicas=2,2,15.0,standard-long-context,0,poisson,,10240,0,0,0,,not_applicable
2-replica-repeat-2,model-replicas=2,2,16.0,standard-long-context,0,poisson,,10240,0,0,0,,not_applicable
2-replica-repeat-2,model-replicas=2,2,17.0,standard-long-context,0,poisson,,10240,0,0,0,,not_applicable
2-replica-repeat-2,model-replicas=2,2,18.0,standard-long-context,0,poisson,,10240,0,0,0,,not_applicable
2-replica-repeat-2,model-replicas=2,2,19.0,standard-long-context,0,poisson,,10240,0,0,0,,not_applicable
2-replica-repeat-2,model-replicas=2,2,20.0,standard-long-context,0,poisson,,10240,0,0,0,,not_applicable
2-replica-repeat-2,model-replicas=2,2,21.0,standard-long-context,0,poisson,,10240,0,0,0,,not_applicable
2-replica-repeat-2,model-replicas=2,2,22.0,standard-long-context,0,poisson,,10240,0,0,0,,not_applicable
2-replica-repeat-2,model-replicas=2,2,23.0,standard-long-context,0,poisson,,10240,0,0,0,,not_applicable
2-replica-repeat-2,model-replicas=2,2,24.0,standard-long-context,0,poisson,,10240,0,0,0,,not_applicable
2-replica-repeat-2,model-replicas=2,2,25.0,standard-long-context,0,poisson,,10240,0,0,0,,not_applicable
2-replica-repeat-2,model-replicas=2,2,26.0,standard-long-context,0,poisson,,10240,0,0,0,,not_applicable
2-replica-repeat-2,model-replicas=2,2,27.0,standard-long-context,0,poisson,,10240,0,0,0,,not_applicable
2-replica-repeat-2,model-replicas=2,2,28.0,standard-long-context,0,poisson,,10240,0,0,0,,not_applicable
2-replica-repeat-2,model-replicas=2,2,29.0,standard-long-context,0,poisson,,10240,0,0,0,,not_applicable
2-replica-repeat-2,model-replicas=2,2,30.0,standard-long-context,0,poisson,,10240,0,0,0,,not_applicable
2-replica-repeat-2,model-replicas=2,2,31.0,standard-long-context,0,poisson,,10240,0,0,0,,not_applicable
2-replica-repeat-2,model-replicas=2,2,32.0,standard-long-context,0,poisson,,10240,0,0,0,,not_applicable
2-replica-repeat-2,model-replicas=2,2,33.0,standard-long-context,0,poisson,,10240,0,0,0,,not_applicable
2-replica-repeat-2,model-replicas=2,2,34.0,standard-long-context,0,poisson,,10240,0,0,0,,not_applicable
2-replica-repeat-2,model-replicas=2,2,35.0,standard-long-context,0,poisson,,10240,0,0,0,,not_applicable
2-replica-repeat-2,model-replicas=2,2,36.0,standard-long-context,0,poisson,,10240,0,0,0,,not_applicable
2-replica-repeat-2,model-replicas=2,2,37.0,standard-long-context,0,poisson,,10240,0,0,0,,not_applicable
2-replica-repeat-2,model-replicas=2,2,38.0,standard-long-context,0,poisson,,10240,0,0,0,,not_applicable
2-replica-repeat-2,model-replicas=2,2,39.0,standard-long-context,0,poisson,,10240,0,0,0,,not_applicable
2-replica-repeat-2,model-replicas=2,2,40.0,standard-long-context,0,poisson,,10240,0,0,0,,not_applicable
2-replica-repeat-2,model-replicas=2,2,41.0,standard-long-context,0,poisson,,10240,0,0,0,,not_applicable
2-replica-repeat-2,model-replicas=2,2,42.0,standard-long-context,0,poisson,,10240,0,0,0,,not_applicable
2-replica-repeat-2,model-replicas=2,2,43.0,standard-long-context,0,poisson,,10240,0,0,0,,not_applicable
2-replica-repeat-2,model-replicas=2,2,44.0,standard-long-context,0,poisson,,10240,0,0,0,,not_applicable
2-replica-repeat-2,model-replicas=2,2,45.0,standard-long-context,0,poisson,,10240,0,0,0,,not_applicable
2-replica-repeat-2,model-replicas=2,2,46.0,standard-long-context,0,poisson,,10240,0,0,0,,not_applicable
2-replica-repeat-2,model-replicas=2,2,47.0,standard-long-context,0,poisson,,10240,0,0,0,,not_applicable
2-replica-repeat-2,model-replicas=2,2,48.0,standard-long-context,0,poisson,,10240,0,0,0,,not_applicable
2-replica-repeat-2,model-replicas=2,2,49.0,standard-long-context,0,poisson,,10240,0,0,0,,not_applicable
2-replica-repeat-2,model-replicas=2,2,50.0,standard-long-context,0,poisson,,10240,0,0,0,,not_applicable
2-replica-repeat-2,model-replicas=2,2,51.0,standard-long-context,0,poisson,,10240,0,0,0,,not_applicable
2-replica-repeat-2,model-replicas=2,2,52.0,standard-long-context,0,poisson,,10240,0,0,0,,not_applicable
2-replica-repeat-2,model-replicas=2,2,53.0,standard-long-context,0,poisson,,10240,0,0,0,,not_applicable
2-replica-repeat-2,model-replicas=2,2,54.0,standard-long-context,0,poisson,,10240,0,0,0,,not_applicable
2-replica-repeat-2,model-replicas=2,2,55.0,standard-long-context,0,poisson,,10240,0,0,0,,not_applicable
2-replica-repeat-2,model-replicas=2,2,56.0,standard-long-context,0,poisson,,10240,0,0,0,,not_applicable
2-replica-repeat-2,model-replicas=2,2,57.0,standard-long-context,0,poisson,,10240,0,0,0,,not_applicable
2-replica-repeat-2,model-replicas=2,2,58.0,standard-long-context,0,poisson,,10240,0,0,0,,not_applicable
2-replica-repeat-2,model-replicas=2,2,59.0,standard-long-context,0,poisson,,10240,0,0,0,,not_applicable
2-replica-repeat-2,model-replicas=2,2,60.0,standard-long-context,0,poisson,,10240,0,0,0,,not_applicable
2-replica-repeat-2,model-replicas=2,2,61.0,standard-long-context,0,poisson,,10240,0,0,0,,not_applicable
2-replica-repeat-2,model-replicas=2,2,62.0,standard-long-context,0,poisson,,10240,0,0,0,,not_applicable
2-replica-repeat-2,model-replicas=2,2,63.0,standard-long-context,0,poisson,,10240,0,0,0,,not_applicable
2-replica-repeat-2,model-replicas=2,2,64.0,standard-long-context,0,poisson,,10240,0,0,0,,not_applicable
2-replica-repeat-2,model-replicas=2,2,65.0,standard-long-context,0,poisson,,10240,0,0,0,,not_applicable
2-replica-repeat-2,model-replicas=2,2,66.0,standard-long-context,0,poisson,,10240,0,0,0,,not_applicable
2-replica-repeat-2,model-replicas=2,2,67.0,standard-long-context,0,poisson,,10240,1,0,1,,not_applicable
2-replica-repeat-2,model-replicas=2,2,68.0,standard-long-context,0,poisson,,10240,1,1,0,,not_applicable
2-replica-repeat-2,model-replicas=2,2,69.0,standard-long-context,0,poisson,,10240,1,1,0,,not_applicable
2-replica-repeat-2,model-replicas=2,2,70.0,standard-long-context,0,poisson,,10240,2,1,1,,not_applicable
2-replica-repeat-2,model-replicas=2,2,71.0,standard-long-context,0,poisson,,10240,3,2,1,,not_applicable
2-replica-repeat-2,model-replicas=2,2,72.0,standard-long-context,0,poisson,,10240,3,3,0,,not_applicable
2-replica-repeat-2,model-replicas=2,2,73.0,standard-long-context,0,poisson,,10240,4,3,1,,not_applicable
2-replica-repeat-2,model-replicas=2,2,74.0,standard-long-context,0,poisson,,10240,6,3,3,,not_applicable
2-replica-repeat-2,model-replicas=2,2,75.0,standard-long-context,0,poisson,,10240,6,6,0,,not_applicable
2-replica-repeat-2,model-replicas=2,2,76.0,standard-long-context,0,poisson,,10240,7,6,1,,not_applicable
2-replica-repeat-2,model-replicas=2,2,77.0,standard-long-context,0,poisson,,10240,7,6,1,,not_applicable
2-replica-repeat-2,model-replicas=2,2,78.0,standard-long-context,0,poisson,,10240,8,7,1,,not_applicable
2-replica-repeat-2,model-replicas=2,2,79.0,standard-long-context,0,poisson,,10240,9,8,1,,not_applicable
2-replica-repeat-2,model-replicas=2,2,80.0,standard-long-context,0,poisson,,10240,9,9,0,,not_applicable
2-replica-repeat-2,model-replicas=2,2,81.0,standard-long-context,0,poisson,,10240,12,9,3,,not_applicable
2-replica-repeat-2,model-replicas=2,2,82.0,standard-long-context,0,poisson,,10240,15,9,6,,not_applicable
2-replica-repeat-2,model-replicas=2,2,83.0,standard-long-context,0,poisson,,10240,18,9,9,,not_applicable
2-replica-repeat-2,model-replicas=2,2,84.0,standard-long-context,0,poisson,,10240,18,14,4,,not_applicable
2-replica-repeat-2,model-replicas=2,2,85.0,standard-long-context,0,poisson,,10240,19,18,1,,not_applicable
2-replica-repeat-2,model-replicas=2,2,86.0,standard-long-context,0,poisson,,10240,19,19,0,,not_applicable
2-replica-repeat-2,model-replicas=2,2,87.0,standard-long-context,0,poisson,,10240,22,19,3,,not_applicable
2-replica-repeat-2,model-replicas=2,2,88.0,standard-long-context,0,poisson,,10240,24,20,4,,not_applicable
2-replica-repeat-2,model-replicas=2,2,89.0,standard-long-context,0,poisson,,10240,26,24,2,,not_applicable
2-replica-repeat-2,model-replicas=2,2,90.0,standard-long-context,0,poisson,,10240,28,26,2,,not_applicable
2-replica-repeat-2,model-replicas=2,2,91.0,standard-long-context,0,poisson,,10240,30,27,3,,not_applicable
2-replica-repeat-2,model-replicas=2,2,92.0,standard-long-context,0,poisson,,10240,30,30,0,,not_applicable
2-replica-repeat-2,model-replicas=2,2,93.0,standard-long-context,0,poisson,,10240,32,30,2,,not_applicable
2-replica-repeat-2,model-replicas=2,2,94.0,standard-long-context,0,poisson,,10240,34,31,3,,not_applicable
2-replica-repeat-2,model-replicas=2,2,95.0,standard-long-context,0,poisson,,10240,34,34,0,,not_applicable
2-replica-repeat-2,model-replicas=2,2,96.0,standard-long-context,0,poisson,,10240,35,34,1,,not_applicable
2-replica-repeat-2,model-replicas=2,2,97.0,standard-long-context,0,poisson,,10240,35,35,0,,not_applicable
2-replica-repeat-2,model-replicas=2,2,98.0,standard-long-context,0,poisson,,10240,36,35,1,,not_applicable
2-replica-repeat-2,model-replicas=2,2,99.0,standard-long-context,0,poisson,,10240,36,36,0,,not_applicable
2-replica-repeat-2,model-replicas=2,2,100.0,standard-long-context,0,poisson,,10240,37,36,1,,not_applicable
2-replica-repeat-2,model-replicas=2,2,101.0,standard-long-context,0,poisson,,10240,37,37,0,,not_applicable
2-replica-repeat-2,model-replicas=2,2,102.0,standard-long-context,0,poisson,,10240,38,37,1,,not_applicable
2-replica-repeat-2,model-replicas=2,2,103.0,standard-long-context,0,poisson,,10240,41,39,2,,not_applicable
2-replica-repeat-2,model-replicas=2,2,104.0,standard-long-context,0,poisson,,10240,42,40,2,,not_applicable
2-replica-repeat-2,model-replicas=2,2,105.0,standard-long-context,0,poisson,,10240,43,42,1,,not_applicable
2-replica-repeat-2,model-replicas=2,2,106.0,standard-long-context,0,poisson,,10240,44,43,1,,not_applicable
2-replica-repeat-2,model-replicas=2,2,107.0,standard-long-context,0,poisson,,10240,44,44,0,,not_applicable
2-replica-repeat-2,model-replicas=2,2,108.0,standard-long-context,0,poisson,,10240,47,44,3,,not_applicable
2-replica-repeat-2,model-replicas=2,2,109.0,standard-long-context,0,poisson,,10240,48,46,2,,not_applicable
2-replica-repeat-2,model-replicas=2,2,110.0,standard-long-context,0,poisson,,10240,49,48,1,,not_applicable
2-replica-repeat-2,model-replicas=2,2,111.0,standard-long-context,0,poisson,,10240,52,48,4,,not_applicable
2-replica-repeat-2,model-replicas=2,2,112.0,standard-long-context,0,poisson,,10240,52,48,4,,not_applicable
2-replica-repeat-2,model-replicas=2,2,113.0,standard-long-context,0,poisson,,10240,52,52,0,,not_applicable
2-replica-repeat-2,model-replicas=2,2,114.0,standard-long-context,0,poisson,,10240,53,52,1,,not_applicable
2-replica-repeat-2,model-replicas=2,2,115.0,standard-long-context,0,poisson,,10240,54,53,1,,not_applicable
2-replica-repeat-2,model-replicas=2,2,116.0,standard-long-context,0,poisson,,10240,54,54,0,,not_applicable
2-replica-repeat-2,model-replicas=2,2,117.0,standard-long-context,0,poisson,,10240,55,54,1,,not_applicable
2-replica-repeat-2,model-replicas=2,2,118.0,standard-long-context,0,poisson,,10240,56,54,2,,not_applicable
2-replica-repeat-2,model-replicas=2,2,119.0,standard-long-context,0,poisson,,10240,56,56,0,,not_applicable
2-replica-repeat-2,model-replicas=2,2,120.0,standard-long-context,0,poisson,,10240,60,56,4,,not_applicable
2-replica-repeat-2,model-replicas=2,2,121.0,standard-long-context,0,poisson,,10240,62,57,5,,not_applicable
2-replica-repeat-2,model-replicas=2,2,122.0,standard-long-context,0,poisson,,10240,62,57,5,,not_applicable
2-replica-repeat-2,model-replicas=2,2,123.0,standard-long-context,0,poisson,,10240,62,62,0,,not_applicable
2-replica-repeat-2,model-replicas=2,2,124.0,standard-long-context,0,poisson,,10240,64,62,2,,not_applicable
2-replica-repeat-2,model-replicas=2,2,125.0,standard-long-context,0,poisson,,10240,64,64,0,,not_applicable
2-replica-repeat-2,model-replicas=2,2,126.0,standard-long-context,0,poisson,,10240,66,64,2,,not_applicable
2-replica-repeat-2,model-replicas=2,2,127.0,standard-long-context,0,poisson,,10240,68,64,4,,not_applicable
2-replica-repeat-2,model-replicas=2,2,128.0,standard-long-context,0,poisson,,10240,68,68,0,,not_applicable
2-replica-repeat-2,model-replicas=2,2,129.0,standard-long-context,0,poisson,,10240,68,68,0,,not_applicable
2-replica-repeat-2,model-replicas=2,2,130.0,standard-long-context,0,poisson,,10240,68,68,0,,not_applicable
2-replica-repeat-2,model-replicas=2,2,131.0,standard-long-context,0,poisson,,10240,69,68,1,,not_applicable
2-replica-repeat-2,model-replicas=2,2,132.0,standard-long-context,0,poisson,,10240,70,69,1,,not_applicable
2-replica-repeat-2,model-replicas=2,2,133.0,standard-long-context,0,poisson,,10240,71,70,1,,not_applicable
2-replica-repeat-2,model-replicas=2,2,134.0,standard-long-context,0,poisson,,10240,73,71,2,,not_applicable
2-replica-repeat-2,model-replicas=2,2,135.0,standard-long-context,0,poisson,,10240,74,72,2,,not_applicable
2-replica-repeat-2,model-replicas=2,2,136.0,standard-long-context,0,poisson,,10240,74,74,0,,not_applicable
2-replica-repeat-2,model-replicas=2,2,137.0,standard-long-context,0,poisson,,10240,75,74,1,,not_applicable
2-replica-repeat-2,model-replicas=2,2,138.0,standard-long-context,0,poisson,,10240,77,75,2,,not_applicable
2-replica-repeat-2,model-replicas=2,2,139.0,standard-long-context,0,poisson,,10240,78,77,1,,not_applicable
2-replica-repeat-2,model-replicas=2,2,140.0,standard-long-context,0,poisson,,10240,78,78,0,,not_applicable
2-replica-repeat-2,model-replicas=2,2,141.0,standard-long-context,0,poisson,,10240,78,78,0,,not_applicable
2-replica-repeat-2,model-replicas=2,2,142.0,standard-long-context,0,poisson,,10240,78,78,0,,not_applicable
2-replica-repeat-2,model-replicas=2,2,143.0,standard-long-context,0,poisson,,10240,82,78,4,,not_applicable
2-replica-repeat-2,model-replicas=2,2,144.0,standard-long-context,0,poisson,,10240,82,79,3,,not_applicable
2-replica-repeat-2,model-replicas=2,2,145.0,standard-long-context,0,poisson,,10240,84,82,2,,not_applicable
2-replica-repeat-2,model-replicas=2,2,146.0,standard-long-context,0,poisson,,10240,86,82,4,,not_applicable
2-replica-repeat-2,model-replicas=2,2,147.0,standard-long-context,0,poisson,,10240,86,84,2,,not_applicable
2-replica-repeat-2,model-replicas=2,2,148.0,standard-long-context,0,poisson,,10240,86,86,0,,not_applicable
2-replica-repeat-2,model-replicas=2,2,149.0,standard-long-context,0,poisson,,10240,86,86,0,,not_applicable
2-replica-repeat-2,model-replicas=2,2,150.0,standard-long-context,0,poisson,,10240,87,86,1,,not_applicable
2-replica-repeat-2,model-replicas=2,2,151.0,standard-long-context,0,poisson,,10240,87,87,0,,not_applicable
2-replica-repeat-2,model-replicas=2,2,152.0,standard-long-context,0,poisson,,10240,87,87,0,,not_applicable
2-replica-repeat-2,model-replicas=2,2,153.0,standard-long-context,0,poisson,,10240,88,87,1,,not_applicable
2-replica-repeat-2,model-replicas=2,2,154.0,standard-long-context,0,poisson,,10240,91,88,3,,not_applicable
2-replica-repeat-2,model-replicas=2,2,155.0,standard-long-context,0,poisson,,10240,91,91,0,,not_applicable
2-replica-repeat-2,model-replicas=2,2,156.0,standard-long-context,0,poisson,,10240,91,91,0,,not_applicable
2-replica-repeat-2,model-replicas=2,2,157.0,standard-long-context,0,poisson,,10240,93,91,2,,not_applicable
2-replica-repeat-2,model-replicas=2,2,158.0,standard-long-context,0,poisson,,10240,93,91,2,,not_applicable
2-replica-repeat-2,model-replicas=2,2,159.0,standard-long-context,0,poisson,,10240,93,93,0,,not_applicable
2-replica-repeat-2,model-replicas=2,2,160.0,standard-long-context,0,poisson,,10240,94,93,1,,not_applicable
2-replica-repeat-2,model-replicas=2,2,161.0,standard-long-context,0,poisson,,10240,95,94,1,,not_applicable
2-replica-repeat-2,model-replicas=2,2,162.0,standard-long-context,0,poisson,,10240,96,95,1,,not_applicable
2-replica-repeat-2,model-replicas=2,2,163.0,standard-long-context,0,poisson,,10240,96,96,0,,not_applicable
2-replica-repeat-2,model-replicas=2,2,164.0,standard-long-context,0,poisson,,10240,97,96,1,,not_applicable
2-replica-repeat-2,model-replicas=2,2,165.0,standard-long-context,0,poisson,,10240,98,97,1,,not_applicable
2-replica-repeat-2,model-replicas=2,2,166.0,standard-long-context,0,poisson,,10240,100,98,2,,not_applicable
2-replica-repeat-2,model-replicas=2,2,167.0,standard-long-context,0,poisson,,10240,103,99,4,,not_applicable
2-replica-repeat-2,model-replicas=2,2,168.0,standard-long-context,0,poisson,,10240,103,103,0,,not_applicable
2-replica-repeat-2,model-replicas=2,2,169.0,standard-long-context,0,poisson,,10240,105,104,1,,not_applicable
2-replica-repeat-2,model-replicas=2,2,170.0,standard-long-context,0,poisson,,10240,105,105,0,,not_applicable
2-replica-repeat-2,model-replicas=2,2,171.0,standard-long-context,0,poisson,,10240,105,105,0,,not_applicable
2-replica-repeat-2,model-replicas=2,2,172.0,standard-long-context,0,poisson,,10240,105,105,0,,not_applicable
2-replica-repeat-2,model-replicas=2,2,173.0,standard-long-context,0,poisson,,10240,107,105,2,,not_applicable
2-replica-repeat-2,model-replicas=2,2,174.0,standard-long-context,0,poisson,,10240,107,105,2,,not_applicable
2-replica-repeat-2,model-replicas=2,2,175.0,standard-long-context,0,poisson,,10240,107,107,0,,not_applicable
2-replica-repeat-2,model-replicas=2,2,176.0,standard-long-context,0,poisson,,10240,109,107,2,,not_applicable
2-replica-repeat-2,model-replicas=2,2,177.0,standard-long-context,0,poisson,,10240,109,109,0,,not_applicable
2-replica-repeat-2,model-replicas=2,2,178.0,standard-long-context,0,poisson,,10240,110,109,1,,not_applicable
2-replica-repeat-2,model-replicas=2,2,179.0,standard-long-context,0,poisson,,10240,110,110,0,,not_applicable
2-replica-repeat-2,model-replicas=2,2,180.0,standard-long-context,0,poisson,,10240,110,110,0,,not_applicable
2-replica-repeat-2,model-replicas=2,2,181.0,standard-long-context,0,poisson,,10240,110,110,0,,not_applicable
2-replica-repeat-2,model-replicas=2,2,182.0,standard-long-context,0,poisson,,10240,110,110,0,,not_applicable
2-replica-repeat-2,model-replicas=2,2,183.0,standard-long-context,0,poisson,,10240,110,110,0,,not_applicable
2-replica-repeat-2,model-replicas=2,2,184.0,standard-long-context,0,poisson,,10240,111,110,1,,not_applicable
2-replica-repeat-2,model-replicas=2,2,185.0,standard-long-context,0,poisson,,10240,113,111,2,,not_applicable
2-replica-repeat-2,model-replicas=2,2,186.0,standard-long-context,0,poisson,,10240,113,113,0,,not_applicable
2-replica-repeat-2,model-replicas=2,2,187.0,standard-long-context,0,poisson,,10240,115,113,2,,not_applicable
2-replica-repeat-2,model-replicas=2,2,188.0,standard-long-context,0,poisson,,10240,116,115,1,,not_applicable
2-replica-repeat-2,model-replicas=2,2,189.0,standard-long-context,0,poisson,,10240,116,115,1,,not_applicable
2-replica-repeat-2,model-replicas=2,2,190.0,standard-long-context,0,poisson,,10240,117,116,1,,not_applicable
2-replica-repeat-2,model-replicas=2,2,191.0,standard-long-context,0,poisson,,10240,118,117,1,,not_applicable
2-replica-repeat-2,model-replicas=2,2,192.0,standard-long-context,0,poisson,,10240,119,118,1,,not_applicable
2-replica-repeat-2,model-replicas=2,2,193.0,standard-long-context,0,poisson,,10240,119,119,0,,not_applicable
2-replica-repeat-2,model-replicas=2,2,194.0,standard-long-context,0,poisson,,10240,119,119,0,,not_applicable
2-replica-repeat-2,model-replicas=2,2,195.0,standard-long-context,0,poisson,,10240,120,119,1,,not_applicable
2-replica-repeat-2,model-replicas=2,2,196.0,standard-long-context,0,poisson,,10240,120,120,0,,not_applicable
2-replica-repeat-2,model-replicas=2,2,197.0,standard-long-context,0,poisson,,10240,121,120,1,,not_applicable
2-replica-repeat-2,model-replicas=2,2,198.0,standard-long-context,0,poisson,,10240,121,121,0,,not_applicable
2-replica-repeat-2,model-replicas=2,2,199.0,standard-long-context,0,poisson,,10240,124,121,3,,not_applicable
2-replica-repeat-2,model-replicas=2,2,200.0,standard-long-context,0,poisson,,10240,125,122,3,,not_applicable
2-replica-repeat-2,model-replicas=2,2,201.0,standard-long-context,0,poisson,,10240,126,125,1,,not_applicable
2-replica-repeat-2,model-replicas=2,2,202.0,standard-long-context,0,poisson,,10240,128,126,2,,not_applicable
2-replica-repeat-2,model-replicas=2,2,203.0,standard-long-context,0,poisson,,10240,128,128,0,,not_applicable
2-replica-repeat-2,model-replicas=2,2,204.0,standard-long-context,0,poisson,,10240,128,128,0,,not_applicable
2-replica-repeat-2,model-replicas=2,2,205.0,standard-long-context,0,poisson,,10240,130,128,2,,not_applicable
2-replica-repeat-2,model-replicas=2,2,206.0,standard-long-context,0,poisson,,10240,130,130,0,,not_applicable
2-replica-repeat-2,model-replicas=2,2,207.0,standard-long-context,0,poisson,,10240,131,130,1,,not_applicable
2-replica-repeat-2,model-replicas=2,2,208.0,standard-long-context,0,poisson,,10240,132,131,1,,not_applicable
2-replica-repeat-2,model-replicas=2,2,209.0,standard-long-context,0,poisson,,10240,134,132,2,,not_applicable
2-replica-repeat-2,model-replicas=2,2,210.0,standard-long-context,0,poisson,,10240,134,134,0,,not_applicable
2-replica-repeat-2,model-replicas=2,2,211.0,standard-long-context,0,poisson,,10240,134,134,0,,not_applicable
2-replica-repeat-2,model-replicas=2,2,212.0,standard-long-context,0,poisson,,10240,134,134,0,,not_applicable
2-replica-repeat-2,model-replicas=2,2,213.0,standard-long-context,0,poisson,,10240,134,134,0,,not_applicable
2-replica-repeat-2,model-replicas=2,2,214.0,standard-long-context,0,poisson,,10240,134,134,0,,not_applicable
2-replica-repeat-2,model-replicas=2,2,215.0,standard-long-context,0,poisson,,10240,134,134,0,,not_applicable
2-replica-repeat-2,model-replicas=2,2,216.0,standard-long-context,0,poisson,,10240,134,134,0,,not_applicable
2-replica-repeat-2,model-replicas=2,2,217.0,standard-long-context,0,poisson,,10240,134,134,0,,not_applicable
2-replica-repeat-2,model-replicas=2,2,218.0,standard-long-context,0,poisson,,10240,134,134,0,,not_applicable
2-replica-repeat-2,model-replicas=2,2,219.0,standard-long-context,0,poisson,,10240,134,134,0,,not_applicable
2-replica-repeat-2,model-replicas=2,2,220.0,standard-long-context,0,poisson,,10240,134,134,0,,not_applicable
2-replica-repeat-2,model-replicas=2,2,221.0,standard-long-context,0,poisson,,10240,134,134,0,,not_applicable
2-replica-repeat-2,model-replicas=2,2,222.0,standard-long-context,0,poisson,,10240,134,134,0,,not_applicable
2-replica-repeat-2,model-replicas=2,2,223.0,standard-long-context,0,poisson,,10240,134,134,0,,not_applicable
2-replica-repeat-2,model-replicas=2,2,224.0,standard-long-context,0,poisson,,10240,134,134,0,,not_applicable
2-replica-repeat-2,model-replicas=2,2,225.0,standard-long-context,0,poisson,,10240,134,134,0,,not_applicable
2-replica-repeat-2,model-replicas=2,2,226.0,standard-long-context,0,poisson,,10240,134,134,0,,not_applicable
2-replica-repeat-2,model-replicas=2,2,227.0,standard-long-context,0,poisson,,10240,134,134,0,,not_applicable
2-replica-repeat-2,model-replicas=2,2,228.0,standard-long-context,0,poisson,,10240,134,134,0,,not_applicable
2-replica-repeat-2,model-replicas=2,2,229.0,standard-long-context,0,poisson,,10240,134,134,0,,not_applicable
2-replica-repeat-2,model-replicas=2,2,230.0,standard-long-context,0,poisson,,10240,134,134,0,,not_applicable
2-replica-repeat-2,model-replicas=2,2,231.0,standard-long-context,0,poisson,,10240,134,134,0,,not_applicable
2-replica-repeat-2,model-replicas=2,2,232.0,standard-long-context,0,poisson,,10240,134,134,0,,not_applicable
2-replica-repeat-2,model-replicas=2,2,233.0,standard-long-context,0,poisson,,10240,134,134,0,,not_applicable
2-replica-repeat-2,model-replicas=2,2,234.0,standard-long-context,0,poisson,,10240,134,134,0,,not_applicable
2-replica-repeat-2,model-replicas=2,2,235.0,standard-long-context,0,poisson,,10240,134,134,0,,not_applicable
2-replica-repeat-2,model-replicas=2,2,236.0,standard-long-context,0,poisson,,10240,134,134,0,,not_applicable
2-replica-repeat-2,model-replicas=2,2,237.0,standard-long-context,0,poisson,,10240,134,134,0,,not_applicable
2-replica-repeat-2,model-replicas=2,2,238.0,standard-long-context,0,poisson,,10240,134,134,0,,not_applicable
2-replica-repeat-2,model-replicas=2,2,239.0,standard-long-context,0,poisson,,10240,134,134,0,,not_applicable
2-replica-repeat-2,model-replicas=2,2,240.0,standard-long-context,0,poisson,,10240,134,134,0,,not_applicable
2-replica-repeat-2,model-replicas=2,2,241.0,standard-long-context,0,poisson,,10240,134,134,0,,not_applicable
2-replica-repeat-2,model-replicas=2,2,242.0,standard-long-context,0,poisson,,10240,134,134,0,,not_applicable
2-replica-repeat-2,model-replicas=2,2,243.0,standard-long-context,0,poisson,,10240,134,134,0,,not_applicable
2-replica-repeat-2,model-replicas=2,2,244.0,standard-long-context,0,poisson,,10240,134,134,0,,not_applicable
2-replica-repeat-2,model-replicas=2,2,245.0,standard-long-context,0,poisson,,10240,134,134,0,,not_applicable
2-replica-repeat-2,model-replicas=2,2,246.0,standard-long-context,0,poisson,,10240,134,134,0,,not_applicable
2-replica-repeat-2,model-replicas=2,2,247.0,standard-long-context,0,poisson,,10240,134,134,0,,not_applicable
2-replica-repeat-2,model-replicas=2,2,248.0,standard-long-context,0,poisson,,10240,134,134,0,,not_applicable
2-replica-repeat-2,model-replicas=2,2,249.0,standard-long-context,0,poisson,,10240,134,134,0,,not_applicable
2-replica-repeat-2,model-replicas=2,2,250.0,standard-long-context,0,poisson,,10240,134,134,0,,not_applicable
2-replica-repeat-2,model-replicas=2,2,251.0,standard-long-context,0,poisson,,10240,134,134,0,,not_applicable
2-replica-repeat-2,model-replicas=2,2,252.0,standard-long-context,0,poisson,,10240,134,134,0,,not_applicable
2-replica-repeat-2,model-replicas=2,2,253.0,standard-long-context,0,poisson,,10240,134,134,0,,not_applicable
2-replica-repeat-2,model-replicas=2,2,254.0,standard-long-context,0,poisson,,10240,134,134,0,,not_applicable
2-replica-repeat-2,model-replicas=2,2,255.0,standard-long-context,0,poisson,,10240,134,134,0,,not_applicable
2-replica-repeat-2,model-replicas=2,2,256.0,standard-long-context,0,poisson,,10240,134,134,0,,not_applicable
2-replica-repeat-2,model-replicas=2,2,257.0,standard-long-context,0,poisson,,10240,134,134,0,,not_applicable
2-replica-repeat-2,model-replicas=2,2,258.0,standard-long-context,0,poisson,,10240,134,134,0,,not_applicable
2-replica-repeat-2,model-replicas=2,2,259.0,standard-long-context,0,poisson,,10240,134,134,0,,not_applicable
2-replica-repeat-2,model-replicas=2,2,260.0,standard-long-context,0,poisson,,10240,134,134,0,,not_applicable
2-replica-repeat-2,model-replicas=2,2,261.0,standard-long-context,0,poisson,,10240,134,134,0,,not_applicable
2-replica-repeat-2,model-replicas=2,2,262.0,standard-long-context,0,poisson,,10240,134,134,0,,not_applicable
2-replica-repeat-2,model-replicas=2,2,263.0,standard-long-context,0,poisson,,10240,134,134,0,,not_applicable
2-replica-repeat-2,model-replicas=2,2,264.0,standard-long-context,0,poisson,,10240,134,134,0,,not_applicable
2-replica-repeat-2,model-replicas=2,2,265.0,standard-long-context,0,poisson,,10240,134,134,0,,not_applicable
2-replica-repeat-2,model-replicas=2,2,266.0,standard-long-context,0,poisson,,10240,134,134,0,,not_applicable
2-replica-repeat-2,model-replicas=2,2,267.0,standard-long-context,0,poisson,,10240,134,134,0,,not_applicable
2-replica-repeat-2,model-replicas=2,2,268.0,standard-long-context,0,poisson,,10240,134,134,0,,not_applicable
2-replica-repeat-2,model-replicas=2,2,269.0,standard-long-context,0,poisson,,10240,134,134,0,,not_applicable
2-replica-repeat-2,model-replicas=2,2,270.0,standard-long-context,0,poisson,,10240,134,134,0,,not_applicable
1-replica-repeat-2,model-replicas=1,2,0.0,realtime-chat,100,poisson,,10240,0,0,0,,not_applicable
1-replica-repeat-2,model-replicas=1,2,1.0,realtime-chat,100,poisson,,10240,5,0,5,,not_applicable
1-replica-repeat-2,model-replicas=1,2,2.0,realtime-chat,100,poisson,,10240,10,7,3,,not_applicable
1-replica-repeat-2,model-replicas=1,2,3.0,realtime-chat,100,poisson,,10240,13,12,1,,not_applicable
1-replica-repeat-2,model-replicas=1,2,4.0,realtime-chat,100,poisson,,10240,23,13,10,,not_applicable
1-replica-repeat-2,model-replicas=1,2,5.0,realtime-chat,100,poisson,,10240,26,23,3,,not_applicable
1-replica-repeat-2,model-replicas=1,2,6.0,realtime-chat,100,poisson,,10240,31,29,2,,not_applicable
1-replica-repeat-2,model-replicas=1,2,7.0,realtime-chat,100,poisson,,10240,35,31,4,,not_applicable
1-replica-repeat-2,model-replicas=1,2,8.0,realtime-chat,100,poisson,,10240,41,36,5,,not_applicable
1-replica-repeat-2,model-replicas=1,2,9.0,realtime-chat,100,poisson,,10240,43,41,2,,not_applicable
1-replica-repeat-2,model-replicas=1,2,10.0,realtime-chat,100,poisson,,10240,47,44,3,,not_applicable
1-replica-repeat-2,model-replicas=1,2,11.0,realtime-chat,100,poisson,,10240,48,48,0,,not_applicable
1-replica-repeat-2,model-replicas=1,2,12.0,realtime-chat,100,poisson,,10240,51,51,0,,not_applicable
1-replica-repeat-2,model-replicas=1,2,13.0,realtime-chat,100,poisson,,10240,58,54,4,,not_applicable
1-replica-repeat-2,model-replicas=1,2,14.0,realtime-chat,100,poisson,,10240,62,59,3,,not_applicable
1-replica-repeat-2,model-replicas=1,2,15.0,realtime-chat,100,poisson,,10240,66,65,1,,not_applicable
1-replica-repeat-2,model-replicas=1,2,16.0,realtime-chat,100,poisson,,10240,73,66,7,,not_applicable
1-replica-repeat-2,model-replicas=1,2,17.0,realtime-chat,100,poisson,,10240,75,74,1,,not_applicable
1-replica-repeat-2,model-replicas=1,2,18.0,realtime-chat,100,poisson,,10240,79,77,2,,not_applicable
1-replica-repeat-2,model-replicas=1,2,19.0,realtime-chat,100,poisson,,10240,81,81,0,,not_applicable
1-replica-repeat-2,model-replicas=1,2,20.0,realtime-chat,100,poisson,,10240,85,83,2,,not_applicable
1-replica-repeat-2,model-replicas=1,2,21.0,realtime-chat,100,poisson,,10240,89,85,4,,not_applicable
1-replica-repeat-2,model-replicas=1,2,22.0,realtime-chat,100,poisson,,10240,91,89,2,,not_applicable
1-replica-repeat-2,model-replicas=1,2,23.0,realtime-chat,100,poisson,,10240,93,92,1,,not_applicable
1-replica-repeat-2,model-replicas=1,2,24.0,realtime-chat,100,poisson,,10240,93,93,0,,not_applicable
1-replica-repeat-2,model-replicas=1,2,25.0,realtime-chat,100,poisson,,10240,98,95,3,,not_applicable
1-replica-repeat-2,model-replicas=1,2,26.0,realtime-chat,100,poisson,,10240,101,100,1,,not_applicable
1-replica-repeat-2,model-replicas=1,2,27.0,realtime-chat,100,poisson,,10240,103,102,1,,not_applicable
1-replica-repeat-2,model-replicas=1,2,28.0,realtime-chat,100,poisson,,10240,105,103,2,,not_applicable
1-replica-repeat-2,model-replicas=1,2,29.0,realtime-chat,100,poisson,,10240,107,105,2,,not_applicable
1-replica-repeat-2,model-replicas=1,2,30.0,realtime-chat,100,poisson,,10240,112,109,3,,not_applicable
1-replica-repeat-2,model-replicas=1,2,31.0,realtime-chat,100,poisson,,10240,114,114,0,,not_applicable
1-replica-repeat-2,model-replicas=1,2,32.0,realtime-chat,100,poisson,,10240,115,114,1,,not_applicable
1-replica-repeat-2,model-replicas=1,2,33.0,realtime-chat,100,poisson,,10240,115,115,0,,not_applicable
1-replica-repeat-2,model-replicas=1,2,34.0,realtime-chat,100,poisson,,10240,123,117,6,,not_applicable
1-replica-repeat-2,model-replicas=1,2,35.0,realtime-chat,100,poisson,,10240,128,125,3,,not_applicable
1-replica-repeat-2,model-replicas=1,2,36.0,realtime-chat,100,poisson,,10240,133,130,3,,not_applicable
1-replica-repeat-2,model-replicas=1,2,37.0,realtime-chat,100,poisson,,10240,138,134,4,,not_applicable
1-replica-repeat-2,model-replicas=1,2,38.0,realtime-chat,100,poisson,,10240,143,142,1,,not_applicable
1-replica-repeat-2,model-replicas=1,2,39.0,realtime-chat,100,poisson,,10240,147,145,2,,not_applicable
1-replica-repeat-2,model-replicas=1,2,40.0,realtime-chat,100,poisson,,10240,150,147,3,,not_applicable
1-replica-repeat-2,model-replicas=1,2,41.0,realtime-chat,100,poisson,,10240,157,152,5,,not_applicable
1-replica-repeat-2,model-replicas=1,2,42.0,realtime-chat,100,poisson,,10240,163,158,5,,not_applicable
1-replica-repeat-2,model-replicas=1,2,43.0,realtime-chat,100,poisson,,10240,169,165,4,,not_applicable
1-replica-repeat-2,model-replicas=1,2,44.0,realtime-chat,100,poisson,,10240,174,169,5,,not_applicable
1-replica-repeat-2,model-replicas=1,2,45.0,realtime-chat,100,poisson,,10240,179,176,3,,not_applicable
1-replica-repeat-2,model-replicas=1,2,46.0,realtime-chat,100,poisson,,10240,184,179,5,,not_applicable
1-replica-repeat-2,model-replicas=1,2,47.0,realtime-chat,100,poisson,,10240,187,185,2,,not_applicable
1-replica-repeat-2,model-replicas=1,2,48.0,realtime-chat,100,poisson,,10240,187,187,0,,not_applicable
1-replica-repeat-2,model-replicas=1,2,49.0,realtime-chat,100,poisson,,10240,195,189,6,,not_applicable
1-replica-repeat-2,model-replicas=1,2,50.0,realtime-chat,100,poisson,,10240,197,196,1,,not_applicable
1-replica-repeat-2,model-replicas=1,2,51.0,realtime-chat,100,poisson,,10240,200,197,3,,not_applicable
1-replica-repeat-2,model-replicas=1,2,52.0,realtime-chat,100,poisson,,10240,206,201,5,,not_applicable
1-replica-repeat-2,model-replicas=1,2,53.0,realtime-chat,100,poisson,,10240,211,210,1,,not_applicable
1-replica-repeat-2,model-replicas=1,2,54.0,realtime-chat,100,poisson,,10240,216,213,3,,not_applicable
1-replica-repeat-2,model-replicas=1,2,55.0,realtime-chat,100,poisson,,10240,220,218,2,,not_applicable
1-replica-repeat-2,model-replicas=1,2,56.0,realtime-chat,100,poisson,,10240,223,220,3,,not_applicable
1-replica-repeat-2,model-replicas=1,2,57.0,realtime-chat,100,poisson,,10240,225,224,1,,not_applicable
1-replica-repeat-2,model-replicas=1,2,58.0,realtime-chat,100,poisson,,10240,226,225,1,,not_applicable
1-replica-repeat-2,model-replicas=1,2,59.0,realtime-chat,100,poisson,,10240,231,227,4,,not_applicable
1-replica-repeat-2,model-replicas=1,2,60.0,realtime-chat,100,poisson,,10240,236,236,0,,not_applicable
1-replica-repeat-2,model-replicas=1,2,61.0,realtime-chat,100,poisson,,10240,240,237,3,,not_applicable
1-replica-repeat-2,model-replicas=1,2,62.0,realtime-chat,100,poisson,,10240,246,243,3,,not_applicable
1-replica-repeat-2,model-replicas=1,2,63.0,realtime-chat,100,poisson,,10240,251,249,2,,not_applicable
1-replica-repeat-2,model-replicas=1,2,64.0,realtime-chat,100,poisson,,10240,253,252,1,,not_applicable
1-replica-repeat-2,model-replicas=1,2,65.0,realtime-chat,100,poisson,,10240,254,253,1,,not_applicable
1-replica-repeat-2,model-replicas=1,2,66.0,realtime-chat,100,poisson,,10240,261,255,6,,not_applicable
1-replica-repeat-2,model-replicas=1,2,67.0,realtime-chat,100,poisson,,10240,263,262,1,,not_applicable
1-replica-repeat-2,model-replicas=1,2,68.0,realtime-chat,100,poisson,,10240,269,266,3,,not_applicable
1-replica-repeat-2,model-replicas=1,2,69.0,realtime-chat,100,poisson,,10240,269,269,0,,not_applicable
1-replica-repeat-2,model-replicas=1,2,70.0,realtime-chat,100,poisson,,10240,272,270,2,,not_applicable
1-replica-repeat-2,model-replicas=1,2,71.0,realtime-chat,100,poisson,,10240,275,272,3,,not_applicable
1-replica-repeat-2,model-replicas=1,2,72.0,realtime-chat,100,poisson,,10240,279,276,3,,not_applicable
1-replica-repeat-2,model-replicas=1,2,73.0,realtime-chat,100,poisson,,10240,282,280,2,,not_applicable
1-replica-repeat-2,model-replicas=1,2,74.0,realtime-chat,100,poisson,,10240,291,284,7,,not_applicable
1-replica-repeat-2,model-replicas=1,2,75.0,realtime-chat,100,poisson,,10240,294,292,2,,not_applicable
1-replica-repeat-2,model-replicas=1,2,76.0,realtime-chat,100,poisson,,10240,299,294,5,,not_applicable
1-replica-repeat-2,model-replicas=1,2,77.0,realtime-chat,100,poisson,,10240,303,301,2,,not_applicable
1-replica-repeat-2,model-replicas=1,2,78.0,realtime-chat,100,poisson,,10240,306,303,3,,not_applicable
1-replica-repeat-2,model-replicas=1,2,79.0,realtime-chat,100,poisson,,10240,308,307,1,,not_applicable
1-replica-repeat-2,model-replicas=1,2,80.0,realtime-chat,100,poisson,,10240,313,308,5,,not_applicable
1-replica-repeat-2,model-replicas=1,2,81.0,realtime-chat,100,poisson,,10240,318,313,5,,not_applicable
1-replica-repeat-2,model-replicas=1,2,82.0,realtime-chat,100,poisson,,10240,320,317,3,,not_applicable
1-replica-repeat-2,model-replicas=1,2,83.0,realtime-chat,100,poisson,,10240,324,321,3,,not_applicable
1-replica-repeat-2,model-replicas=1,2,84.0,realtime-chat,100,poisson,,10240,329,325,4,,not_applicable
1-replica-repeat-2,model-replicas=1,2,85.0,realtime-chat,100,poisson,,10240,334,329,5,,not_applicable
1-replica-repeat-2,model-replicas=1,2,86.0,realtime-chat,100,poisson,,10240,336,334,2,,not_applicable
1-replica-repeat-2,model-replicas=1,2,87.0,realtime-chat,100,poisson,,10240,340,338,2,,not_applicable
1-replica-repeat-2,model-replicas=1,2,88.0,realtime-chat,100,poisson,,10240,350,340,10,,not_applicable
1-replica-repeat-2,model-replicas=1,2,89.0,realtime-chat,100,poisson,,10240,353,342,11,,not_applicable
1-replica-repeat-2,model-replicas=1,2,90.0,realtime-chat,100,poisson,,10240,356,356,0,,not_applicable
1-replica-repeat-2,model-replicas=1,2,91.0,realtime-chat,100,poisson,,10240,358,358,0,,not_applicable
1-replica-repeat-2,model-replicas=1,2,92.0,realtime-chat,100,poisson,,10240,362,359,3,,not_applicable
1-replica-repeat-2,model-replicas=1,2,93.0,realtime-chat,100,poisson,,10240,369,363,6,,not_applicable
1-replica-repeat-2,model-replicas=1,2,94.0,realtime-chat,100,poisson,,10240,372,365,7,,not_applicable
1-replica-repeat-2,model-replicas=1,2,95.0,realtime-chat,100,poisson,,10240,377,368,9,,not_applicable
1-replica-repeat-2,model-replicas=1,2,96.0,realtime-chat,100,poisson,,10240,381,375,6,,not_applicable
1-replica-repeat-2,model-replicas=1,2,97.0,realtime-chat,100,poisson,,10240,383,381,2,,not_applicable
1-replica-repeat-2,model-replicas=1,2,98.0,realtime-chat,100,poisson,,10240,387,382,5,,not_applicable
1-replica-repeat-2,model-replicas=1,2,99.0,realtime-chat,100,poisson,,10240,390,387,3,,not_applicable
1-replica-repeat-2,model-replicas=1,2,100.0,realtime-chat,100,poisson,,10240,397,391,6,,not_applicable
1-replica-repeat-2,model-replicas=1,2,101.0,realtime-chat,100,poisson,,10240,399,398,1,,not_applicable
1-replica-repeat-2,model-replicas=1,2,102.0,realtime-chat,100,poisson,,10240,403,401,2,,not_applicable
1-replica-repeat-2,model-replicas=1,2,103.0,realtime-chat,100,poisson,,10240,410,405,5,,not_applicable
1-replica-repeat-2,model-replicas=1,2,104.0,realtime-chat,100,poisson,,10240,411,410,1,,not_applicable
1-replica-repeat-2,model-replicas=1,2,105.0,realtime-chat,100,poisson,,10240,412,411,1,,not_applicable
1-replica-repeat-2,model-replicas=1,2,106.0,realtime-chat,100,poisson,,10240,417,414,3,,not_applicable
1-replica-repeat-2,model-replicas=1,2,107.0,realtime-chat,100,poisson,,10240,420,418,2,,not_applicable
1-replica-repeat-2,model-replicas=1,2,108.0,realtime-chat,100,poisson,,10240,424,421,3,,not_applicable
1-replica-repeat-2,model-replicas=1,2,109.0,realtime-chat,100,poisson,,10240,428,426,2,,not_applicable
1-replica-repeat-2,model-replicas=1,2,110.0,realtime-chat,100,poisson,,10240,434,428,6,,not_applicable
1-replica-repeat-2,model-replicas=1,2,111.0,realtime-chat,100,poisson,,10240,436,429,7,,not_applicable
1-replica-repeat-2,model-replicas=1,2,112.0,realtime-chat,100,poisson,,10240,441,436,5,,not_applicable
1-replica-repeat-2,model-replicas=1,2,113.0,realtime-chat,100,poisson,,10240,449,441,8,,not_applicable
1-replica-repeat-2,model-replicas=1,2,114.0,realtime-chat,100,poisson,,10240,451,443,8,,not_applicable
1-replica-repeat-2,model-replicas=1,2,115.0,realtime-chat,100,poisson,,10240,459,453,6,,not_applicable
1-replica-repeat-2,model-replicas=1,2,116.0,realtime-chat,100,poisson,,10240,465,455,10,,not_applicable
1-replica-repeat-2,model-replicas=1,2,117.0,realtime-chat,100,poisson,,10240,467,464,3,,not_applicable
1-replica-repeat-2,model-replicas=1,2,118.0,realtime-chat,100,poisson,,10240,472,467,5,,not_applicable
1-replica-repeat-2,model-replicas=1,2,119.0,realtime-chat,100,poisson,,10240,477,474,3,,not_applicable
1-replica-repeat-2,model-replicas=1,2,120.0,realtime-chat,100,poisson,,10240,484,478,6,,not_applicable
1-replica-repeat-2,model-replicas=1,2,121.0,realtime-chat,100,poisson,,10240,487,486,1,,not_applicable
1-replica-repeat-2,model-replicas=1,2,122.0,realtime-chat,100,poisson,,10240,492,486,6,,not_applicable
1-replica-repeat-2,model-replicas=1,2,123.0,realtime-chat,100,poisson,,10240,494,492,2,,not_applicable
1-replica-repeat-2,model-replicas=1,2,124.0,realtime-chat,100,poisson,,10240,501,494,7,,not_applicable
1-replica-repeat-2,model-replicas=1,2,125.0,realtime-chat,100,poisson,,10240,507,502,5,,not_applicable
1-replica-repeat-2,model-replicas=1,2,126.0,realtime-chat,100,poisson,,10240,508,508,0,,not_applicable
1-replica-repeat-2,model-replicas=1,2,127.0,realtime-chat,100,poisson,,10240,509,509,0,,not_applicable
1-replica-repeat-2,model-replicas=1,2,128.0,realtime-chat,100,poisson,,10240,513,509,4,,not_applicable
1-replica-repeat-2,model-replicas=1,2,129.0,realtime-chat,100,poisson,,10240,515,515,0,,not_applicable
1-replica-repeat-2,model-replicas=1,2,130.0,realtime-chat,100,poisson,,10240,520,519,1,,not_applicable
1-replica-repeat-2,model-replicas=1,2,131.0,realtime-chat,100,poisson,,10240,527,520,7,,not_applicable
1-replica-repeat-2,model-replicas=1,2,132.0,realtime-chat,100,poisson,,10240,533,530,3,,not_applicable
1-replica-repeat-2,model-replicas=1,2,133.0,realtime-chat,100,poisson,,10240,540,534,6,,not_applicable
1-replica-repeat-2,model-replicas=1,2,134.0,realtime-chat,100,poisson,,10240,545,541,4,,not_applicable
1-replica-repeat-2,model-replicas=1,2,135.0,realtime-chat,100,poisson,,10240,548,547,1,,not_applicable
1-replica-repeat-2,model-replicas=1,2,136.0,realtime-chat,100,poisson,,10240,552,549,3,,not_applicable
1-replica-repeat-2,model-replicas=1,2,137.0,realtime-chat,100,poisson,,10240,558,553,5,,not_applicable
1-replica-repeat-2,model-replicas=1,2,138.0,realtime-chat,100,poisson,,10240,561,557,4,,not_applicable
1-replica-repeat-2,model-replicas=1,2,139.0,realtime-chat,100,poisson,,10240,565,562,3,,not_applicable
1-replica-repeat-2,model-replicas=1,2,140.0,realtime-chat,100,poisson,,10240,568,563,5,,not_applicable
1-replica-repeat-2,model-replicas=1,2,141.0,realtime-chat,100,poisson,,10240,570,568,2,,not_applicable
1-replica-repeat-2,model-replicas=1,2,142.0,realtime-chat,100,poisson,,10240,572,570,2,,not_applicable
1-replica-repeat-2,model-replicas=1,2,143.0,realtime-chat,100,poisson,,10240,575,572,3,,not_applicable
1-replica-repeat-2,model-replicas=1,2,144.0,realtime-chat,100,poisson,,10240,579,577,2,,not_applicable
1-replica-repeat-2,model-replicas=1,2,145.0,realtime-chat,100,poisson,,10240,581,579,2,,not_applicable
1-replica-repeat-2,model-replicas=1,2,146.0,realtime-chat,100,poisson,,10240,587,584,3,,not_applicable
1-replica-repeat-2,model-replicas=1,2,147.0,realtime-chat,100,poisson,,10240,591,588,3,,not_applicable
1-replica-repeat-2,model-replicas=1,2,148.0,realtime-chat,100,poisson,,10240,596,591,5,,not_applicable
1-replica-repeat-2,model-replicas=1,2,149.0,realtime-chat,100,poisson,,10240,599,596,3,,not_applicable
1-replica-repeat-2,model-replicas=1,2,150.0,realtime-chat,100,poisson,,10240,602,599,3,,not_applicable
1-replica-repeat-2,model-replicas=1,2,151.0,realtime-chat,100,poisson,,10240,604,604,0,,not_applicable
1-replica-repeat-2,model-replicas=1,2,152.0,realtime-chat,100,poisson,,10240,609,608,1,,not_applicable
1-replica-repeat-2,model-replicas=1,2,153.0,realtime-chat,100,poisson,,10240,611,609,2,,not_applicable
1-replica-repeat-2,model-replicas=1,2,154.0,realtime-chat,100,poisson,,10240,611,611,0,,not_applicable
1-replica-repeat-2,model-replicas=1,2,155.0,realtime-chat,100,poisson,,10240,615,612,3,,not_applicable
1-replica-repeat-2,model-replicas=1,2,156.0,realtime-chat,100,poisson,,10240,621,613,8,,not_applicable
1-replica-repeat-2,model-replicas=1,2,157.0,realtime-chat,100,poisson,,10240,626,621,5,,not_applicable
1-replica-repeat-2,model-replicas=1,2,158.0,realtime-chat,100,poisson,,10240,631,629,2,,not_applicable
1-replica-repeat-2,model-replicas=1,2,159.0,realtime-chat,100,poisson,,10240,637,635,2,,not_applicable
1-replica-repeat-2,model-replicas=1,2,160.0,realtime-chat,100,poisson,,10240,644,640,4,,not_applicable
1-replica-repeat-2,model-replicas=1,2,161.0,realtime-chat,100,poisson,,10240,652,645,7,,not_applicable
1-replica-repeat-2,model-replicas=1,2,162.0,realtime-chat,100,poisson,,10240,659,658,1,,not_applicable
1-replica-repeat-2,model-replicas=1,2,163.0,realtime-chat,100,poisson,,10240,664,659,5,,not_applicable
1-replica-repeat-2,model-replicas=1,2,164.0,realtime-chat,100,poisson,,10240,667,666,1,,not_applicable
1-replica-repeat-2,model-replicas=1,2,165.0,realtime-chat,100,poisson,,10240,671,669,2,,not_applicable
1-replica-repeat-2,model-replicas=1,2,166.0,realtime-chat,100,poisson,,10240,675,673,2,,not_applicable
1-replica-repeat-2,model-replicas=1,2,167.0,realtime-chat,100,poisson,,10240,685,675,10,,not_applicable
1-replica-repeat-2,model-replicas=1,2,168.0,realtime-chat,100,poisson,,10240,690,687,3,,not_applicable
1-replica-repeat-2,model-replicas=1,2,169.0,realtime-chat,100,poisson,,10240,693,692,1,,not_applicable
1-replica-repeat-2,model-replicas=1,2,170.0,realtime-chat,100,poisson,,10240,697,695,2,,not_applicable
1-replica-repeat-2,model-replicas=1,2,171.0,realtime-chat,100,poisson,,10240,703,701,2,,not_applicable
1-replica-repeat-2,model-replicas=1,2,172.0,realtime-chat,100,poisson,,10240,706,703,3,,not_applicable
1-replica-repeat-2,model-replicas=1,2,173.0,realtime-chat,100,poisson,,10240,709,707,2,,not_applicable
1-replica-repeat-2,model-replicas=1,2,174.0,realtime-chat,100,poisson,,10240,715,713,2,,not_applicable
1-replica-repeat-2,model-replicas=1,2,175.0,realtime-chat,100,poisson,,10240,717,716,1,,not_applicable
1-replica-repeat-2,model-replicas=1,2,176.0,realtime-chat,100,poisson,,10240,722,717,5,,not_applicable
1-replica-repeat-2,model-replicas=1,2,177.0,realtime-chat,100,poisson,,10240,725,717,8,,not_applicable
1-replica-repeat-2,model-replicas=1,2,178.0,realtime-chat,100,poisson,,10240,730,725,5,,not_applicable
1-replica-repeat-2,model-replicas=1,2,179.0,realtime-chat,100,poisson,,10240,732,730,2,,not_applicable
1-replica-repeat-2,model-replicas=1,2,180.0,realtime-chat,100,poisson,,10240,737,733,4,,not_applicable
1-replica-repeat-2,model-replicas=1,2,181.0,realtime-chat,100,poisson,,10240,740,738,2,,not_applicable
1-replica-repeat-2,model-replicas=1,2,182.0,realtime-chat,100,poisson,,10240,741,740,1,,not_applicable
1-replica-repeat-2,model-replicas=1,2,183.0,realtime-chat,100,poisson,,10240,742,741,1,,not_applicable
1-replica-repeat-2,model-replicas=1,2,184.0,realtime-chat,100,poisson,,10240,745,742,3,,not_applicable
1-replica-repeat-2,model-replicas=1,2,185.0,realtime-chat,100,poisson,,10240,747,745,2,,not_applicable
1-replica-repeat-2,model-replicas=1,2,186.0,realtime-chat,100,poisson,,10240,752,749,3,,not_applicable
1-replica-repeat-2,model-replicas=1,2,187.0,realtime-chat,100,poisson,,10240,757,754,3,,not_applicable
1-replica-repeat-2,model-replicas=1,2,188.0,realtime-chat,100,poisson,,10240,766,757,9,,not_applicable
1-replica-repeat-2,model-replicas=1,2,189.0,realtime-chat,100,poisson,,10240,775,766,9,,not_applicable
1-replica-repeat-2,model-replicas=1,2,190.0,realtime-chat,100,poisson,,10240,779,774,5,,not_applicable
1-replica-repeat-2,model-replicas=1,2,191.0,realtime-chat,100,poisson,,10240,786,778,8,,not_applicable
1-replica-repeat-2,model-replicas=1,2,192.0,realtime-chat,100,poisson,,10240,793,784,9,,not_applicable
1-replica-repeat-2,model-replicas=1,2,193.0,realtime-chat,100,poisson,,10240,798,794,4,,not_applicable
1-replica-repeat-2,model-replicas=1,2,194.0,realtime-chat,100,poisson,,10240,801,799,2,,not_applicable
1-replica-repeat-2,model-replicas=1,2,195.0,realtime-chat,100,poisson,,10240,805,805,0,,not_applicable
1-replica-repeat-2,model-replicas=1,2,196.0,realtime-chat,100,poisson,,10240,806,806,0,,not_applicable
1-replica-repeat-2,model-replicas=1,2,197.0,realtime-chat,100,poisson,,10240,810,807,3,,not_applicable
1-replica-repeat-2,model-replicas=1,2,198.0,realtime-chat,100,poisson,,10240,814,810,4,,not_applicable
1-replica-repeat-2,model-replicas=1,2,199.0,realtime-chat,100,poisson,,10240,820,814,6,,not_applicable
1-replica-repeat-2,model-replicas=1,2,200.0,realtime-chat,100,poisson,,10240,824,820,4,,not_applicable
1-replica-repeat-2,model-replicas=1,2,201.0,realtime-chat,100,poisson,,10240,831,824,7,,not_applicable
1-replica-repeat-2,model-replicas=1,2,202.0,realtime-chat,100,poisson,,10240,834,826,8,,not_applicable
1-replica-repeat-2,model-replicas=1,2,203.0,realtime-chat,100,poisson,,10240,841,835,6,,not_applicable
1-replica-repeat-2,model-replicas=1,2,204.0,realtime-chat,100,poisson,,10240,844,843,1,,not_applicable
1-replica-repeat-2,model-replicas=1,2,205.0,realtime-chat,100,poisson,,10240,847,845,2,,not_applicable
1-replica-repeat-2,model-replicas=1,2,206.0,realtime-chat,100,poisson,,10240,850,848,2,,not_applicable
1-replica-repeat-2,model-replicas=1,2,207.0,realtime-chat,100,poisson,,10240,852,850,2,,not_applicable
1-replica-repeat-2,model-replicas=1,2,208.0,realtime-chat,100,poisson,,10240,855,854,1,,not_applicable
1-replica-repeat-2,model-replicas=1,2,209.0,realtime-chat,100,poisson,,10240,859,856,3,,not_applicable
1-replica-repeat-2,model-replicas=1,2,210.0,realtime-chat,100,poisson,,10240,863,861,2,,not_applicable
1-replica-repeat-2,model-replicas=1,2,211.0,realtime-chat,100,poisson,,10240,864,863,1,,not_applicable
1-replica-repeat-2,model-replicas=1,2,212.0,realtime-chat,100,poisson,,10240,866,866,0,,not_applicable
1-replica-repeat-2,model-replicas=1,2,213.0,realtime-chat,100,poisson,,10240,871,867,4,,not_applicable
1-replica-repeat-2,model-replicas=1,2,214.0,realtime-chat,100,poisson,,10240,874,872,2,,not_applicable
1-replica-repeat-2,model-replicas=1,2,215.0,realtime-chat,100,poisson,,10240,880,874,6,,not_applicable
1-replica-repeat-2,model-replicas=1,2,216.0,realtime-chat,100,poisson,,10240,884,882,2,,not_applicable
1-replica-repeat-2,model-replicas=1,2,217.0,realtime-chat,100,poisson,,10240,886,885,1,,not_applicable
1-replica-repeat-2,model-replicas=1,2,218.0,realtime-chat,100,poisson,,10240,891,888,3,,not_applicable
1-replica-repeat-2,model-replicas=1,2,219.0,realtime-chat,100,poisson,,10240,892,892,0,,not_applicable
1-replica-repeat-2,model-replicas=1,2,220.0,realtime-chat,100,poisson,,10240,897,892,5,,not_applicable
1-replica-repeat-2,model-replicas=1,2,221.0,realtime-chat,100,poisson,,10240,901,898,3,,not_applicable
1-replica-repeat-2,model-replicas=1,2,222.0,realtime-chat,100,poisson,,10240,902,902,0,,not_applicable
1-replica-repeat-2,model-replicas=1,2,223.0,realtime-chat,100,poisson,,10240,904,904,0,,not_applicable
1-replica-repeat-2,model-replicas=1,2,224.0,realtime-chat,100,poisson,,10240,908,906,2,,not_applicable
1-replica-repeat-2,model-replicas=1,2,225.0,realtime-chat,100,poisson,,10240,916,909,7,,not_applicable
1-replica-repeat-2,model-replicas=1,2,226.0,realtime-chat,100,poisson,,10240,918,918,0,,not_applicable
1-replica-repeat-2,model-replicas=1,2,227.0,realtime-chat,100,poisson,,10240,919,918,1,,not_applicable
1-replica-repeat-2,model-replicas=1,2,228.0,realtime-chat,100,poisson,,10240,923,921,2,,not_applicable
1-replica-repeat-2,model-replicas=1,2,229.0,realtime-chat,100,poisson,,10240,930,928,2,,not_applicable
1-replica-repeat-2,model-replicas=1,2,230.0,realtime-chat,100,poisson,,10240,936,934,2,,not_applicable
1-replica-repeat-2,model-replicas=1,2,231.0,realtime-chat,100,poisson,,10240,939,938,1,,not_applicable
1-replica-repeat-2,model-replicas=1,2,232.0,realtime-chat,100,poisson,,10240,944,940,4,,not_applicable
1-replica-repeat-2,model-replicas=1,2,233.0,realtime-chat,100,poisson,,10240,944,944,0,,not_applicable
1-replica-repeat-2,model-replicas=1,2,234.0,realtime-chat,100,poisson,,10240,951,947,4,,not_applicable
1-replica-repeat-2,model-replicas=1,2,235.0,realtime-chat,100,poisson,,10240,955,952,3,,not_applicable
1-replica-repeat-2,model-replicas=1,2,236.0,realtime-chat,100,poisson,,10240,962,956,6,,not_applicable
1-replica-repeat-2,model-replicas=1,2,237.0,realtime-chat,100,poisson,,10240,967,964,3,,not_applicable
1-replica-repeat-2,model-replicas=1,2,238.0,realtime-chat,100,poisson,,10240,968,968,0,,not_applicable
1-replica-repeat-2,model-replicas=1,2,239.0,realtime-chat,100,poisson,,10240,976,971,5,,not_applicable
1-replica-repeat-2,model-replicas=1,2,240.0,realtime-chat,100,poisson,,10240,981,979,2,,not_applicable
1-replica-repeat-2,model-replicas=1,2,241.0,realtime-chat,100,poisson,,10240,983,982,1,,not_applicable
1-replica-repeat-2,model-replicas=1,2,242.0,realtime-chat,100,poisson,,10240,987,986,1,,not_applicable
1-replica-repeat-2,model-replicas=1,2,243.0,realtime-chat,100,poisson,,10240,992,989,3,,not_applicable
1-replica-repeat-2,model-replicas=1,2,244.0,realtime-chat,100,poisson,,10240,995,992,3,,not_applicable
1-replica-repeat-2,model-replicas=1,2,245.0,realtime-chat,100,poisson,,10240,1001,997,4,,not_applicable
1-replica-repeat-2,model-replicas=1,2,246.0,realtime-chat,100,poisson,,10240,1001,1001,0,,not_applicable
1-replica-repeat-2,model-replicas=1,2,247.0,realtime-chat,100,poisson,,10240,1004,1003,1,,not_applicable
1-replica-repeat-2,model-replicas=1,2,248.0,realtime-chat,100,poisson,,10240,1006,1006,0,,not_applicable
1-replica-repeat-2,model-replicas=1,2,249.0,realtime-chat,100,poisson,,10240,1007,1007,0,,not_applicable
1-replica-repeat-2,model-replicas=1,2,250.0,realtime-chat,100,poisson,,10240,1009,1009,0,,not_applicable
1-replica-repeat-2,model-replicas=1,2,251.0,realtime-chat,100,poisson,,10240,1012,1011,1,,not_applicable
1-replica-repeat-2,model-replicas=1,2,252.0,realtime-chat,100,poisson,,10240,1013,1012,1,,not_applicable
1-replica-repeat-2,model-replicas=1,2,253.0,realtime-chat,100,poisson,,10240,1017,1015,2,,not_applicable
1-replica-repeat-2,model-replicas=1,2,254.0,realtime-chat,100,poisson,,10240,1017,1017,0,,not_applicable
1-replica-repeat-2,model-replicas=1,2,255.0,realtime-chat,100,poisson,,10240,1018,1018,0,,not_applicable
1-replica-repeat-2,model-replicas=1,2,256.0,realtime-chat,100,poisson,,10240,1023,1020,3,,not_applicable
1-replica-repeat-2,model-replicas=1,2,257.0,realtime-chat,100,poisson,,10240,1026,1024,2,,not_applicable
1-replica-repeat-2,model-replicas=1,2,258.0,realtime-chat,100,poisson,,10240,1031,1029,2,,not_applicable
1-replica-repeat-2,model-replicas=1,2,259.0,realtime-chat,100,poisson,,10240,1037,1033,4,,not_applicable
1-replica-repeat-2,model-replicas=1,2,260.0,realtime-chat,100,poisson,,10240,1039,1038,1,,not_applicable
1-replica-repeat-2,model-replicas=1,2,261.0,realtime-chat,100,poisson,,10240,1042,1040,2,,not_applicable
1-replica-repeat-2,model-replicas=1,2,262.0,realtime-chat,100,poisson,,10240,1049,1045,4,,not_applicable
1-replica-repeat-2,model-replicas=1,2,263.0,realtime-chat,100,poisson,,10240,1055,1053,2,,not_applicable
1-replica-repeat-2,model-replicas=1,2,264.0,realtime-chat,100,poisson,,10240,1058,1057,1,,not_applicable
1-replica-repeat-2,model-replicas=1,2,265.0,realtime-chat,100,poisson,,10240,1062,1060,2,,not_applicable
1-replica-repeat-2,model-replicas=1,2,266.0,realtime-chat,100,poisson,,10240,1067,1063,4,,not_applicable
1-replica-repeat-2,model-replicas=1,2,267.0,realtime-chat,100,poisson,,10240,1070,1069,1,,not_applicable
1-replica-repeat-2,model-replicas=1,2,268.0,realtime-chat,100,poisson,,10240,1076,1072,4,,not_applicable
1-replica-repeat-2,model-replicas=1,2,269.0,realtime-chat,100,poisson,,10240,1083,1079,4,,not_applicable
1-replica-repeat-2,model-replicas=1,2,270.0,realtime-chat,100,poisson,,10240,1088,1084,4,,not_applicable
1-replica-repeat-2,model-replicas=1,2,0.0,standard-long-context,0,poisson,,10240,0,0,0,,not_applicable
1-replica-repeat-2,model-replicas=1,2,1.0,standard-long-context,0,poisson,,10240,0,0,0,,not_applicable
1-replica-repeat-2,model-replicas=1,2,2.0,standard-long-context,0,poisson,,10240,0,0,0,,not_applicable
1-replica-repeat-2,model-replicas=1,2,3.0,standard-long-context,0,poisson,,10240,0,0,0,,not_applicable
1-replica-repeat-2,model-replicas=1,2,4.0,standard-long-context,0,poisson,,10240,0,0,0,,not_applicable
1-replica-repeat-2,model-replicas=1,2,5.0,standard-long-context,0,poisson,,10240,0,0,0,,not_applicable
1-replica-repeat-2,model-replicas=1,2,6.0,standard-long-context,0,poisson,,10240,0,0,0,,not_applicable
1-replica-repeat-2,model-replicas=1,2,7.0,standard-long-context,0,poisson,,10240,0,0,0,,not_applicable
1-replica-repeat-2,model-replicas=1,2,8.0,standard-long-context,0,poisson,,10240,0,0,0,,not_applicable
1-replica-repeat-2,model-replicas=1,2,9.0,standard-long-context,0,poisson,,10240,0,0,0,,not_applicable
1-replica-repeat-2,model-replicas=1,2,10.0,standard-long-context,0,poisson,,10240,0,0,0,,not_applicable
1-replica-repeat-2,model-replicas=1,2,11.0,standard-long-context,0,poisson,,10240,0,0,0,,not_applicable
1-replica-repeat-2,model-replicas=1,2,12.0,standard-long-context,0,poisson,,10240,0,0,0,,not_applicable
1-replica-repeat-2,model-replicas=1,2,13.0,standard-long-context,0,poisson,,10240,0,0,0,,not_applicable
1-replica-repeat-2,model-replicas=1,2,14.0,standard-long-context,0,poisson,,10240,0,0,0,,not_applicable
1-replica-repeat-2,model-replicas=1,2,15.0,standard-long-context,0,poisson,,10240,0,0,0,,not_applicable
1-replica-repeat-2,model-replicas=1,2,16.0,standard-long-context,0,poisson,,10240,0,0,0,,not_applicable
1-replica-repeat-2,model-replicas=1,2,17.0,standard-long-context,0,poisson,,10240,0,0,0,,not_applicable
1-replica-repeat-2,model-replicas=1,2,18.0,standard-long-context,0,poisson,,10240,0,0,0,,not_applicable
1-replica-repeat-2,model-replicas=1,2,19.0,standard-long-context,0,poisson,,10240,0,0,0,,not_applicable
1-replica-repeat-2,model-replicas=1,2,20.0,standard-long-context,0,poisson,,10240,0,0,0,,not_applicable
1-replica-repeat-2,model-replicas=1,2,21.0,standard-long-context,0,poisson,,10240,0,0,0,,not_applicable
1-replica-repeat-2,model-replicas=1,2,22.0,standard-long-context,0,poisson,,10240,0,0,0,,not_applicable
1-replica-repeat-2,model-replicas=1,2,23.0,standard-long-context,0,poisson,,10240,0,0,0,,not_applicable
1-replica-repeat-2,model-replicas=1,2,24.0,standard-long-context,0,poisson,,10240,0,0,0,,not_applicable
1-replica-repeat-2,model-replicas=1,2,25.0,standard-long-context,0,poisson,,10240,0,0,0,,not_applicable
1-replica-repeat-2,model-replicas=1,2,26.0,standard-long-context,0,poisson,,10240,0,0,0,,not_applicable
1-replica-repeat-2,model-replicas=1,2,27.0,standard-long-context,0,poisson,,10240,0,0,0,,not_applicable
1-replica-repeat-2,model-replicas=1,2,28.0,standard-long-context,0,poisson,,10240,0,0,0,,not_applicable
1-replica-repeat-2,model-replicas=1,2,29.0,standard-long-context,0,poisson,,10240,0,0,0,,not_applicable
1-replica-repeat-2,model-replicas=1,2,30.0,standard-long-context,0,poisson,,10240,0,0,0,,not_applicable
1-replica-repeat-2,model-replicas=1,2,31.0,standard-long-context,0,poisson,,10240,0,0,0,,not_applicable
1-replica-repeat-2,model-replicas=1,2,32.0,standard-long-context,0,poisson,,10240,0,0,0,,not_applicable
1-replica-repeat-2,model-replicas=1,2,33.0,standard-long-context,0,poisson,,10240,0,0,0,,not_applicable
1-replica-repeat-2,model-replicas=1,2,34.0,standard-long-context,0,poisson,,10240,0,0,0,,not_applicable
1-replica-repeat-2,model-replicas=1,2,35.0,standard-long-context,0,poisson,,10240,0,0,0,,not_applicable
1-replica-repeat-2,model-replicas=1,2,36.0,standard-long-context,0,poisson,,10240,0,0,0,,not_applicable
1-replica-repeat-2,model-replicas=1,2,37.0,standard-long-context,0,poisson,,10240,0,0,0,,not_applicable
1-replica-repeat-2,model-replicas=1,2,38.0,standard-long-context,0,poisson,,10240,0,0,0,,not_applicable
1-replica-repeat-2,model-replicas=1,2,39.0,standard-long-context,0,poisson,,10240,0,0,0,,not_applicable
1-replica-repeat-2,model-replicas=1,2,40.0,standard-long-context,0,poisson,,10240,0,0,0,,not_applicable
1-replica-repeat-2,model-replicas=1,2,41.0,standard-long-context,0,poisson,,10240,0,0,0,,not_applicable
1-replica-repeat-2,model-replicas=1,2,42.0,standard-long-context,0,poisson,,10240,0,0,0,,not_applicable
1-replica-repeat-2,model-replicas=1,2,43.0,standard-long-context,0,poisson,,10240,0,0,0,,not_applicable
1-replica-repeat-2,model-replicas=1,2,44.0,standard-long-context,0,poisson,,10240,0,0,0,,not_applicable
1-replica-repeat-2,model-replicas=1,2,45.0,standard-long-context,0,poisson,,10240,0,0,0,,not_applicable
1-replica-repeat-2,model-replicas=1,2,46.0,standard-long-context,0,poisson,,10240,0,0,0,,not_applicable
1-replica-repeat-2,model-replicas=1,2,47.0,standard-long-context,0,poisson,,10240,0,0,0,,not_applicable
1-replica-repeat-2,model-replicas=1,2,48.0,standard-long-context,0,poisson,,10240,0,0,0,,not_applicable
1-replica-repeat-2,model-replicas=1,2,49.0,standard-long-context,0,poisson,,10240,0,0,0,,not_applicable
1-replica-repeat-2,model-replicas=1,2,50.0,standard-long-context,0,poisson,,10240,0,0,0,,not_applicable
1-replica-repeat-2,model-replicas=1,2,51.0,standard-long-context,0,poisson,,10240,0,0,0,,not_applicable
1-replica-repeat-2,model-replicas=1,2,52.0,standard-long-context,0,poisson,,10240,0,0,0,,not_applicable
1-replica-repeat-2,model-replicas=1,2,53.0,standard-long-context,0,poisson,,10240,0,0,0,,not_applicable
1-replica-repeat-2,model-replicas=1,2,54.0,standard-long-context,0,poisson,,10240,0,0,0,,not_applicable
1-replica-repeat-2,model-replicas=1,2,55.0,standard-long-context,0,poisson,,10240,0,0,0,,not_applicable
1-replica-repeat-2,model-replicas=1,2,56.0,standard-long-context,0,poisson,,10240,0,0,0,,not_applicable
1-replica-repeat-2,model-replicas=1,2,57.0,standard-long-context,0,poisson,,10240,0,0,0,,not_applicable
1-replica-repeat-2,model-replicas=1,2,58.0,standard-long-context,0,poisson,,10240,0,0,0,,not_applicable
1-replica-repeat-2,model-replicas=1,2,59.0,standard-long-context,0,poisson,,10240,0,0,0,,not_applicable
1-replica-repeat-2,model-replicas=1,2,60.0,standard-long-context,0,poisson,,10240,0,0,0,,not_applicable
1-replica-repeat-2,model-replicas=1,2,61.0,standard-long-context,0,poisson,,10240,0,0,0,,not_applicable
1-replica-repeat-2,model-replicas=1,2,62.0,standard-long-context,0,poisson,,10240,0,0,0,,not_applicable
1-replica-repeat-2,model-replicas=1,2,63.0,standard-long-context,0,poisson,,10240,0,0,0,,not_applicable
1-replica-repeat-2,model-replicas=1,2,64.0,standard-long-context,0,poisson,,10240,0,0,0,,not_applicable
1-replica-repeat-2,model-replicas=1,2,65.0,standard-long-context,0,poisson,,10240,0,0,0,,not_applicable
1-replica-repeat-2,model-replicas=1,2,66.0,standard-long-context,0,poisson,,10240,0,0,0,,not_applicable
1-replica-repeat-2,model-replicas=1,2,67.0,standard-long-context,0,poisson,,10240,0,0,0,,not_applicable
1-replica-repeat-2,model-replicas=1,2,68.0,standard-long-context,0,poisson,,10240,0,0,0,,not_applicable
1-replica-repeat-2,model-replicas=1,2,69.0,standard-long-context,0,poisson,,10240,0,0,0,,not_applicable
1-replica-repeat-2,model-replicas=1,2,70.0,standard-long-context,0,poisson,,10240,0,0,0,,not_applicable
1-replica-repeat-2,model-replicas=1,2,71.0,standard-long-context,0,poisson,,10240,1,0,1,,not_applicable
1-replica-repeat-2,model-replicas=1,2,72.0,standard-long-context,0,poisson,,10240,1,1,0,,not_applicable
1-replica-repeat-2,model-replicas=1,2,73.0,standard-long-context,0,poisson,,10240,1,1,0,,not_applicable
1-replica-repeat-2,model-replicas=1,2,74.0,standard-long-context,0,poisson,,10240,1,1,0,,not_applicable
1-replica-repeat-2,model-replicas=1,2,75.0,standard-long-context,0,poisson,,10240,2,1,1,,not_applicable
1-replica-repeat-2,model-replicas=1,2,76.0,standard-long-context,0,poisson,,10240,2,1,1,,not_applicable
1-replica-repeat-2,model-replicas=1,2,77.0,standard-long-context,0,poisson,,10240,2,2,0,,not_applicable
1-replica-repeat-2,model-replicas=1,2,78.0,standard-long-context,0,poisson,,10240,3,2,1,,not_applicable
1-replica-repeat-2,model-replicas=1,2,79.0,standard-long-context,0,poisson,,10240,3,3,0,,not_applicable
1-replica-repeat-2,model-replicas=1,2,80.0,standard-long-context,0,poisson,,10240,4,3,1,,not_applicable
1-replica-repeat-2,model-replicas=1,2,81.0,standard-long-context,0,poisson,,10240,6,4,2,,not_applicable
1-replica-repeat-2,model-replicas=1,2,82.0,standard-long-context,0,poisson,,10240,6,4,2,,not_applicable
1-replica-repeat-2,model-replicas=1,2,83.0,standard-long-context,0,poisson,,10240,6,6,0,,not_applicable
1-replica-repeat-2,model-replicas=1,2,84.0,standard-long-context,0,poisson,,10240,6,6,0,,not_applicable
1-replica-repeat-2,model-replicas=1,2,85.0,standard-long-context,0,poisson,,10240,7,6,1,,not_applicable
1-replica-repeat-2,model-replicas=1,2,86.0,standard-long-context,0,poisson,,10240,7,7,0,,not_applicable
1-replica-repeat-2,model-replicas=1,2,87.0,standard-long-context,0,poisson,,10240,7,7,0,,not_applicable
1-replica-repeat-2,model-replicas=1,2,88.0,standard-long-context,0,poisson,,10240,9,7,2,,not_applicable
1-replica-repeat-2,model-replicas=1,2,89.0,standard-long-context,0,poisson,,10240,9,7,2,,not_applicable
1-replica-repeat-2,model-replicas=1,2,90.0,standard-long-context,0,poisson,,10240,9,9,0,,not_applicable
1-replica-repeat-2,model-replicas=1,2,91.0,standard-long-context,0,poisson,,10240,9,9,0,,not_applicable
1-replica-repeat-2,model-replicas=1,2,92.0,standard-long-context,0,poisson,,10240,9,9,0,,not_applicable
1-replica-repeat-2,model-replicas=1,2,93.0,standard-long-context,0,poisson,,10240,9,9,0,,not_applicable
1-replica-repeat-2,model-replicas=1,2,94.0,standard-long-context,0,poisson,,10240,12,9,3,,not_applicable
1-replica-repeat-2,model-replicas=1,2,95.0,standard-long-context,0,poisson,,10240,14,9,5,,not_applicable
1-replica-repeat-2,model-replicas=1,2,96.0,standard-long-context,0,poisson,,10240,14,12,2,,not_applicable
1-replica-repeat-2,model-replicas=1,2,97.0,standard-long-context,0,poisson,,10240,16,14,2,,not_applicable
1-replica-repeat-2,model-replicas=1,2,98.0,standard-long-context,0,poisson,,10240,17,15,2,,not_applicable
1-replica-repeat-2,model-replicas=1,2,99.0,standard-long-context,0,poisson,,10240,18,17,1,,not_applicable
1-replica-repeat-2,model-replicas=1,2,100.0,standard-long-context,0,poisson,,10240,18,18,0,,not_applicable
1-replica-repeat-2,model-replicas=1,2,101.0,standard-long-context,0,poisson,,10240,18,18,0,,not_applicable
1-replica-repeat-2,model-replicas=1,2,102.0,standard-long-context,0,poisson,,10240,18,18,0,,not_applicable
1-replica-repeat-2,model-replicas=1,2,103.0,standard-long-context,0,poisson,,10240,18,18,0,,not_applicable
1-replica-repeat-2,model-replicas=1,2,104.0,standard-long-context,0,poisson,,10240,19,18,1,,not_applicable
1-replica-repeat-2,model-replicas=1,2,105.0,standard-long-context,0,poisson,,10240,19,19,0,,not_applicable
1-replica-repeat-2,model-replicas=1,2,106.0,standard-long-context,0,poisson,,10240,19,19,0,,not_applicable
1-replica-repeat-2,model-replicas=1,2,107.0,standard-long-context,0,poisson,,10240,19,19,0,,not_applicable
1-replica-repeat-2,model-replicas=1,2,108.0,standard-long-context,0,poisson,,10240,19,19,0,,not_applicable
1-replica-repeat-2,model-replicas=1,2,109.0,standard-long-context,0,poisson,,10240,20,19,1,,not_applicable
1-replica-repeat-2,model-replicas=1,2,110.0,standard-long-context,0,poisson,,10240,22,20,2,,not_applicable
1-replica-repeat-2,model-replicas=1,2,111.0,standard-long-context,0,poisson,,10240,23,20,3,,not_applicable
1-replica-repeat-2,model-replicas=1,2,112.0,standard-long-context,0,poisson,,10240,24,22,2,,not_applicable
1-replica-repeat-2,model-replicas=1,2,113.0,standard-long-context,0,poisson,,10240,25,24,1,,not_applicable
1-replica-repeat-2,model-replicas=1,2,114.0,standard-long-context,0,poisson,,10240,26,24,2,,not_applicable
1-replica-repeat-2,model-replicas=1,2,115.0,standard-long-context,0,poisson,,10240,27,26,1,,not_applicable
1-replica-repeat-2,model-replicas=1,2,116.0,standard-long-context,0,poisson,,10240,28,26,2,,not_applicable
1-replica-repeat-2,model-replicas=1,2,117.0,standard-long-context,0,poisson,,10240,29,27,2,,not_applicable
1-replica-repeat-2,model-replicas=1,2,118.0,standard-long-context,0,poisson,,10240,30,29,1,,not_applicable
1-replica-repeat-2,model-replicas=1,2,119.0,standard-long-context,0,poisson,,10240,30,30,0,,not_applicable
1-replica-repeat-2,model-replicas=1,2,120.0,standard-long-context,0,poisson,,10240,30,30,0,,not_applicable
1-replica-repeat-2,model-replicas=1,2,121.0,standard-long-context,0,poisson,,10240,32,30,2,,not_applicable
1-replica-repeat-2,model-replicas=1,2,122.0,standard-long-context,0,poisson,,10240,32,30,2,,not_applicable
1-replica-repeat-2,model-replicas=1,2,123.0,standard-long-context,0,poisson,,10240,33,32,1,,not_applicable
1-replica-repeat-2,model-replicas=1,2,124.0,standard-long-context,0,poisson,,10240,34,32,2,,not_applicable
1-replica-repeat-2,model-replicas=1,2,125.0,standard-long-context,0,poisson,,10240,34,34,0,,not_applicable
1-replica-repeat-2,model-replicas=1,2,126.0,standard-long-context,0,poisson,,10240,34,34,0,,not_applicable
1-replica-repeat-2,model-replicas=1,2,127.0,standard-long-context,0,poisson,,10240,34,34,0,,not_applicable
1-replica-repeat-2,model-replicas=1,2,128.0,standard-long-context,0,poisson,,10240,35,34,1,,not_applicable
1-replica-repeat-2,model-replicas=1,2,129.0,standard-long-context,0,poisson,,10240,35,35,0,,not_applicable
1-replica-repeat-2,model-replicas=1,2,130.0,standard-long-context,0,poisson,,10240,35,35,0,,not_applicable
1-replica-repeat-2,model-replicas=1,2,131.0,standard-long-context,0,poisson,,10240,35,35,0,,not_applicable
1-replica-repeat-2,model-replicas=1,2,132.0,standard-long-context,0,poisson,,10240,35,35,0,,not_applicable
1-replica-repeat-2,model-replicas=1,2,133.0,standard-long-context,0,poisson,,10240,36,35,1,,not_applicable
1-replica-repeat-2,model-replicas=1,2,134.0,standard-long-context,0,poisson,,10240,36,36,0,,not_applicable
1-replica-repeat-2,model-replicas=1,2,135.0,standard-long-context,0,poisson,,10240,36,36,0,,not_applicable
1-replica-repeat-2,model-replicas=1,2,136.0,standard-long-context,0,poisson,,10240,37,36,1,,not_applicable
1-replica-repeat-2,model-replicas=1,2,137.0,standard-long-context,0,poisson,,10240,37,37,0,,not_applicable
1-replica-repeat-2,model-replicas=1,2,138.0,standard-long-context,0,poisson,,10240,38,37,1,,not_applicable
1-replica-repeat-2,model-replicas=1,2,139.0,standard-long-context,0,poisson,,10240,39,38,1,,not_applicable
1-replica-repeat-2,model-replicas=1,2,140.0,standard-long-context,0,poisson,,10240,40,38,2,,not_applicable
1-replica-repeat-2,model-replicas=1,2,141.0,standard-long-context,0,poisson,,10240,42,40,2,,not_applicable
1-replica-repeat-2,model-replicas=1,2,142.0,standard-long-context,0,poisson,,10240,42,42,0,,not_applicable
1-replica-repeat-2,model-replicas=1,2,143.0,standard-long-context,0,poisson,,10240,43,42,1,,not_applicable
1-replica-repeat-2,model-replicas=1,2,144.0,standard-long-context,0,poisson,,10240,43,43,0,,not_applicable
1-replica-repeat-2,model-replicas=1,2,145.0,standard-long-context,0,poisson,,10240,44,43,1,,not_applicable
1-replica-repeat-2,model-replicas=1,2,146.0,standard-long-context,0,poisson,,10240,44,44,0,,not_applicable
1-replica-repeat-2,model-replicas=1,2,147.0,standard-long-context,0,poisson,,10240,45,44,1,,not_applicable
1-replica-repeat-2,model-replicas=1,2,148.0,standard-long-context,0,poisson,,10240,46,45,1,,not_applicable
1-replica-repeat-2,model-replicas=1,2,149.0,standard-long-context,0,poisson,,10240,47,46,1,,not_applicable
1-replica-repeat-2,model-replicas=1,2,150.0,standard-long-context,0,poisson,,10240,48,47,1,,not_applicable
1-replica-repeat-2,model-replicas=1,2,151.0,standard-long-context,0,poisson,,10240,48,48,0,,not_applicable
1-replica-repeat-2,model-replicas=1,2,152.0,standard-long-context,0,poisson,,10240,48,48,0,,not_applicable
1-replica-repeat-2,model-replicas=1,2,153.0,standard-long-context,0,poisson,,10240,49,48,1,,not_applicable
1-replica-repeat-2,model-replicas=1,2,154.0,standard-long-context,0,poisson,,10240,49,49,0,,not_applicable
1-replica-repeat-2,model-replicas=1,2,155.0,standard-long-context,0,poisson,,10240,50,49,1,,not_applicable
1-replica-repeat-2,model-replicas=1,2,156.0,standard-long-context,0,poisson,,10240,51,49,2,,not_applicable
1-replica-repeat-2,model-replicas=1,2,157.0,standard-long-context,0,poisson,,10240,52,51,1,,not_applicable
1-replica-repeat-2,model-replicas=1,2,158.0,standard-long-context,0,poisson,,10240,52,52,0,,not_applicable
1-replica-repeat-2,model-replicas=1,2,159.0,standard-long-context,0,poisson,,10240,52,52,0,,not_applicable
1-replica-repeat-2,model-replicas=1,2,160.0,standard-long-context,0,poisson,,10240,52,52,0,,not_applicable
1-replica-repeat-2,model-replicas=1,2,161.0,standard-long-context,0,poisson,,10240,52,52,0,,not_applicable
1-replica-repeat-2,model-replicas=1,2,162.0,standard-long-context,0,poisson,,10240,52,52,0,,not_applicable
1-replica-repeat-2,model-replicas=1,2,163.0,standard-long-context,0,poisson,,10240,53,52,1,,not_applicable
1-replica-repeat-2,model-replicas=1,2,164.0,standard-long-context,0,poisson,,10240,53,53,0,,not_applicable
1-replica-repeat-2,model-replicas=1,2,165.0,standard-long-context,0,poisson,,10240,53,53,0,,not_applicable
1-replica-repeat-2,model-replicas=1,2,166.0,standard-long-context,0,poisson,,10240,53,53,0,,not_applicable
1-replica-repeat-2,model-replicas=1,2,167.0,standard-long-context,0,poisson,,10240,54,53,1,,not_applicable
1-replica-repeat-2,model-replicas=1,2,168.0,standard-long-context,0,poisson,,10240,54,54,0,,not_applicable
1-replica-repeat-2,model-replicas=1,2,169.0,standard-long-context,0,poisson,,10240,54,54,0,,not_applicable
1-replica-repeat-2,model-replicas=1,2,170.0,standard-long-context,0,poisson,,10240,54,54,0,,not_applicable
1-replica-repeat-2,model-replicas=1,2,171.0,standard-long-context,0,poisson,,10240,54,54,0,,not_applicable
1-replica-repeat-2,model-replicas=1,2,172.0,standard-long-context,0,poisson,,10240,55,54,1,,not_applicable
1-replica-repeat-2,model-replicas=1,2,173.0,standard-long-context,0,poisson,,10240,56,55,1,,not_applicable
1-replica-repeat-2,model-replicas=1,2,174.0,standard-long-context,0,poisson,,10240,56,56,0,,not_applicable
1-replica-repeat-2,model-replicas=1,2,175.0,standard-long-context,0,poisson,,10240,56,56,0,,not_applicable
1-replica-repeat-2,model-replicas=1,2,176.0,standard-long-context,0,poisson,,10240,59,56,3,,not_applicable
1-replica-repeat-2,model-replicas=1,2,177.0,standard-long-context,0,poisson,,10240,60,56,4,,not_applicable
1-replica-repeat-2,model-replicas=1,2,178.0,standard-long-context,0,poisson,,10240,62,60,2,,not_applicable
1-replica-repeat-2,model-replicas=1,2,179.0,standard-long-context,0,poisson,,10240,62,60,2,,not_applicable
1-replica-repeat-2,model-replicas=1,2,180.0,standard-long-context,0,poisson,,10240,62,62,0,,not_applicable
1-replica-repeat-2,model-replicas=1,2,181.0,standard-long-context,0,poisson,,10240,62,62,0,,not_applicable
1-replica-repeat-2,model-replicas=1,2,182.0,standard-long-context,0,poisson,,10240,62,62,0,,not_applicable
1-replica-repeat-2,model-replicas=1,2,183.0,standard-long-context,0,poisson,,10240,62,62,0,,not_applicable
1-replica-repeat-2,model-replicas=1,2,184.0,standard-long-context,0,poisson,,10240,64,62,2,,not_applicable
1-replica-repeat-2,model-replicas=1,2,185.0,standard-long-context,0,poisson,,10240,64,64,0,,not_applicable
1-replica-repeat-2,model-replicas=1,2,186.0,standard-long-context,0,poisson,,10240,64,64,0,,not_applicable
1-replica-repeat-2,model-replicas=1,2,187.0,standard-long-context,0,poisson,,10240,64,64,0,,not_applicable
1-replica-repeat-2,model-replicas=1,2,188.0,standard-long-context,0,poisson,,10240,64,64,0,,not_applicable
1-replica-repeat-2,model-replicas=1,2,189.0,standard-long-context,0,poisson,,10240,66,64,2,,not_applicable
1-replica-repeat-2,model-replicas=1,2,190.0,standard-long-context,0,poisson,,10240,67,64,3,,not_applicable
1-replica-repeat-2,model-replicas=1,2,191.0,standard-long-context,0,poisson,,10240,68,66,2,,not_applicable
1-replica-repeat-2,model-replicas=1,2,192.0,standard-long-context,0,poisson,,10240,68,67,1,,not_applicable
1-replica-repeat-2,model-replicas=1,2,193.0,standard-long-context,0,poisson,,10240,68,68,0,,not_applicable
1-replica-repeat-2,model-replicas=1,2,194.0,standard-long-context,0,poisson,,10240,68,68,0,,not_applicable
1-replica-repeat-2,model-replicas=1,2,195.0,standard-long-context,0,poisson,,10240,68,68,0,,not_applicable
1-replica-repeat-2,model-replicas=1,2,196.0,standard-long-context,0,poisson,,10240,69,68,1,,not_applicable
1-replica-repeat-2,model-replicas=1,2,197.0,standard-long-context,0,poisson,,10240,69,69,0,,not_applicable
1-replica-repeat-2,model-replicas=1,2,198.0,standard-long-context,0,poisson,,10240,70,69,1,,not_applicable
1-replica-repeat-2,model-replicas=1,2,199.0,standard-long-context,0,poisson,,10240,71,70,1,,not_applicable
1-replica-repeat-2,model-replicas=1,2,200.0,standard-long-context,0,poisson,,10240,71,71,0,,not_applicable
1-replica-repeat-2,model-replicas=1,2,201.0,standard-long-context,0,poisson,,10240,72,71,1,,not_applicable
1-replica-repeat-2,model-replicas=1,2,202.0,standard-long-context,0,poisson,,10240,74,71,3,,not_applicable
1-replica-repeat-2,model-replicas=1,2,203.0,standard-long-context,0,poisson,,10240,74,74,0,,not_applicable
1-replica-repeat-2,model-replicas=1,2,204.0,standard-long-context,0,poisson,,10240,74,74,0,,not_applicable
1-replica-repeat-2,model-replicas=1,2,205.0,standard-long-context,0,poisson,,10240,74,74,0,,not_applicable
1-replica-repeat-2,model-replicas=1,2,206.0,standard-long-context,0,poisson,,10240,75,74,1,,not_applicable
1-replica-repeat-2,model-replicas=1,2,207.0,standard-long-context,0,poisson,,10240,76,75,1,,not_applicable
1-replica-repeat-2,model-replicas=1,2,208.0,standard-long-context,0,poisson,,10240,77,76,1,,not_applicable
1-replica-repeat-2,model-replicas=1,2,209.0,standard-long-context,0,poisson,,10240,77,77,0,,not_applicable
1-replica-repeat-2,model-replicas=1,2,210.0,standard-long-context,0,poisson,,10240,78,77,1,,not_applicable
1-replica-repeat-2,model-replicas=1,2,211.0,standard-long-context,0,poisson,,10240,78,78,0,,not_applicable
1-replica-repeat-2,model-replicas=1,2,212.0,standard-long-context,0,poisson,,10240,78,78,0,,not_applicable
1-replica-repeat-2,model-replicas=1,2,213.0,standard-long-context,0,poisson,,10240,78,78,0,,not_applicable
1-replica-repeat-2,model-replicas=1,2,214.0,standard-long-context,0,poisson,,10240,78,78,0,,not_applicable
1-replica-repeat-2,model-replicas=1,2,215.0,standard-long-context,0,poisson,,10240,78,78,0,,not_applicable
1-replica-repeat-2,model-replicas=1,2,216.0,standard-long-context,0,poisson,,10240,78,78,0,,not_applicable
1-replica-repeat-2,model-replicas=1,2,217.0,standard-long-context,0,poisson,,10240,78,78,0,,not_applicable
1-replica-repeat-2,model-replicas=1,2,218.0,standard-long-context,0,poisson,,10240,78,78,0,,not_applicable
1-replica-repeat-2,model-replicas=1,2,219.0,standard-long-context,0,poisson,,10240,78,78,0,,not_applicable
1-replica-repeat-2,model-replicas=1,2,220.0,standard-long-context,0,poisson,,10240,78,78,0,,not_applicable
1-replica-repeat-2,model-replicas=1,2,221.0,standard-long-context,0,poisson,,10240,78,78,0,,not_applicable
1-replica-repeat-2,model-replicas=1,2,222.0,standard-long-context,0,poisson,,10240,78,78,0,,not_applicable
1-replica-repeat-2,model-replicas=1,2,223.0,standard-long-context,0,poisson,,10240,78,78,0,,not_applicable
1-replica-repeat-2,model-replicas=1,2,224.0,standard-long-context,0,poisson,,10240,78,78,0,,not_applicable
1-replica-repeat-2,model-replicas=1,2,225.0,standard-long-context,0,poisson,,10240,78,78,0,,not_applicable
1-replica-repeat-2,model-replicas=1,2,226.0,standard-long-context,0,poisson,,10240,78,78,0,,not_applicable
1-replica-repeat-2,model-replicas=1,2,227.0,standard-long-context,0,poisson,,10240,78,78,0,,not_applicable
1-replica-repeat-2,model-replicas=1,2,228.0,standard-long-context,0,poisson,,10240,78,78,0,,not_applicable
1-replica-repeat-2,model-replicas=1,2,229.0,standard-long-context,0,poisson,,10240,78,78,0,,not_applicable
1-replica-repeat-2,model-replicas=1,2,230.0,standard-long-context,0,poisson,,10240,78,78,0,,not_applicable
1-replica-repeat-2,model-replicas=1,2,231.0,standard-long-context,0,poisson,,10240,78,78,0,,not_applicable
1-replica-repeat-2,model-replicas=1,2,232.0,standard-long-context,0,poisson,,10240,78,78,0,,not_applicable
1-replica-repeat-2,model-replicas=1,2,233.0,standard-long-context,0,poisson,,10240,78,78,0,,not_applicable
1-replica-repeat-2,model-replicas=1,2,234.0,standard-long-context,0,poisson,,10240,78,78,0,,not_applicable
1-replica-repeat-2,model-replicas=1,2,235.0,standard-long-context,0,poisson,,10240,78,78,0,,not_applicable
1-replica-repeat-2,model-replicas=1,2,236.0,standard-long-context,0,poisson,,10240,78,78,0,,not_applicable
1-replica-repeat-2,model-replicas=1,2,237.0,standard-long-context,0,poisson,,10240,78,78,0,,not_applicable
1-replica-repeat-2,model-replicas=1,2,238.0,standard-long-context,0,poisson,,10240,78,78,0,,not_applicable
1-replica-repeat-2,model-replicas=1,2,239.0,standard-long-context,0,poisson,,10240,78,78,0,,not_applicable
1-replica-repeat-2,model-replicas=1,2,240.0,standard-long-context,0,poisson,,10240,78,78,0,,not_applicable
1-replica-repeat-2,model-replicas=1,2,241.0,standard-long-context,0,poisson,,10240,78,78,0,,not_applicable
1-replica-repeat-2,model-replicas=1,2,242.0,standard-long-context,0,poisson,,10240,78,78,0,,not_applicable
1-replica-repeat-2,model-replicas=1,2,243.0,standard-long-context,0,poisson,,10240,78,78,0,,not_applicable
1-replica-repeat-2,model-replicas=1,2,244.0,standard-long-context,0,poisson,,10240,78,78,0,,not_applicable
1-replica-repeat-2,model-replicas=1,2,245.0,standard-long-context,0,poisson,,10240,78,78,0,,not_applicable
1-replica-repeat-2,model-replicas=1,2,246.0,standard-long-context,0,poisson,,10240,78,78,0,,not_applicable
1-replica-repeat-2,model-replicas=1,2,247.0,standard-long-context,0,poisson,,10240,78,78,0,,not_applicable
1-replica-repeat-2,model-replicas=1,2,248.0,standard-long-context,0,poisson,,10240,78,78,0,,not_applicable
1-replica-repeat-2,model-replicas=1,2,249.0,standard-long-context,0,poisson,,10240,78,78,0,,not_applicable
1-replica-repeat-2,model-replicas=1,2,250.0,standard-long-context,0,poisson,,10240,78,78,0,,not_applicable
1-replica-repeat-2,model-replicas=1,2,251.0,standard-long-context,0,poisson,,10240,78,78,0,,not_applicable
1-replica-repeat-2,model-replicas=1,2,252.0,standard-long-context,0,poisson,,10240,78,78,0,,not_applicable
1-replica-repeat-2,model-replicas=1,2,253.0,standard-long-context,0,poisson,,10240,78,78,0,,not_applicable
1-replica-repeat-2,model-replicas=1,2,254.0,standard-long-context,0,poisson,,10240,78,78,0,,not_applicable
1-replica-repeat-2,model-replicas=1,2,255.0,standard-long-context,0,poisson,,10240,78,78,0,,not_applicable
1-replica-repeat-2,model-replicas=1,2,256.0,standard-long-context,0,poisson,,10240,78,78,0,,not_applicable
1-replica-repeat-2,model-replicas=1,2,257.0,standard-long-context,0,poisson,,10240,78,78,0,,not_applicable
1-replica-repeat-2,model-replicas=1,2,258.0,standard-long-context,0,poisson,,10240,78,78,0,,not_applicable
1-replica-repeat-2,model-replicas=1,2,259.0,standard-long-context,0,poisson,,10240,78,78,0,,not_applicable
1-replica-repeat-2,model-replicas=1,2,260.0,standard-long-context,0,poisson,,10240,78,78,0,,not_applicable
1-replica-repeat-2,model-replicas=1,2,261.0,standard-long-context,0,poisson,,10240,78,78,0,,not_applicable
1-replica-repeat-2,model-replicas=1,2,262.0,standard-long-context,0,poisson,,10240,78,78,0,,not_applicable
1-replica-repeat-2,model-replicas=1,2,263.0,standard-long-context,0,poisson,,10240,78,78,0,,not_applicable
1-replica-repeat-2,model-replicas=1,2,264.0,standard-long-context,0,poisson,,10240,78,78,0,,not_applicable
1-replica-repeat-2,model-replicas=1,2,265.0,standard-long-context,0,poisson,,10240,78,78,0,,not_applicable
1-replica-repeat-2,model-replicas=1,2,266.0,standard-long-context,0,poisson,,10240,78,78,0,,not_applicable
1-replica-repeat-2,model-replicas=1,2,267.0,standard-long-context,0,poisson,,10240,78,78,0,,not_applicable
1-replica-repeat-2,model-replicas=1,2,268.0,standard-long-context,0,poisson,,10240,78,78,0,,not_applicable
1-replica-repeat-2,model-replicas=1,2,269.0,standard-long-context,0,poisson,,10240,78,78,0,,not_applicable
1-replica-repeat-2,model-replicas=1,2,270.0,standard-long-context,0,poisson,,10240,78,78,0,,not_applicable
1-replica-repeat-3,model-replicas=1,3,0.0,realtime-chat,100,poisson,,10240,0,0,0,,not_applicable
1-replica-repeat-3,model-replicas=1,3,1.0,realtime-chat,100,poisson,,10240,5,0,5,,not_applicable
1-replica-repeat-3,model-replicas=1,3,2.0,realtime-chat,100,poisson,,10240,10,7,3,,not_applicable
1-replica-repeat-3,model-replicas=1,3,3.0,realtime-chat,100,poisson,,10240,13,12,1,,not_applicable
1-replica-repeat-3,model-replicas=1,3,4.0,realtime-chat,100,poisson,,10240,23,13,10,,not_applicable
1-replica-repeat-3,model-replicas=1,3,5.0,realtime-chat,100,poisson,,10240,26,23,3,,not_applicable
1-replica-repeat-3,model-replicas=1,3,6.0,realtime-chat,100,poisson,,10240,31,29,2,,not_applicable
1-replica-repeat-3,model-replicas=1,3,7.0,realtime-chat,100,poisson,,10240,35,31,4,,not_applicable
1-replica-repeat-3,model-replicas=1,3,8.0,realtime-chat,100,poisson,,10240,41,36,5,,not_applicable
1-replica-repeat-3,model-replicas=1,3,9.0,realtime-chat,100,poisson,,10240,43,41,2,,not_applicable
1-replica-repeat-3,model-replicas=1,3,10.0,realtime-chat,100,poisson,,10240,47,44,3,,not_applicable
1-replica-repeat-3,model-replicas=1,3,11.0,realtime-chat,100,poisson,,10240,48,48,0,,not_applicable
1-replica-repeat-3,model-replicas=1,3,12.0,realtime-chat,100,poisson,,10240,51,50,1,,not_applicable
1-replica-repeat-3,model-replicas=1,3,13.0,realtime-chat,100,poisson,,10240,58,54,4,,not_applicable
1-replica-repeat-3,model-replicas=1,3,14.0,realtime-chat,100,poisson,,10240,62,59,3,,not_applicable
1-replica-repeat-3,model-replicas=1,3,15.0,realtime-chat,100,poisson,,10240,66,65,1,,not_applicable
1-replica-repeat-3,model-replicas=1,3,16.0,realtime-chat,100,poisson,,10240,73,66,7,,not_applicable
1-replica-repeat-3,model-replicas=1,3,17.0,realtime-chat,100,poisson,,10240,75,74,1,,not_applicable
1-replica-repeat-3,model-replicas=1,3,18.0,realtime-chat,100,poisson,,10240,79,77,2,,not_applicable
1-replica-repeat-3,model-replicas=1,3,19.0,realtime-chat,100,poisson,,10240,81,81,0,,not_applicable
1-replica-repeat-3,model-replicas=1,3,20.0,realtime-chat,100,poisson,,10240,85,83,2,,not_applicable
1-replica-repeat-3,model-replicas=1,3,21.0,realtime-chat,100,poisson,,10240,89,85,4,,not_applicable
1-replica-repeat-3,model-replicas=1,3,22.0,realtime-chat,100,poisson,,10240,91,89,2,,not_applicable
1-replica-repeat-3,model-replicas=1,3,23.0,realtime-chat,100,poisson,,10240,93,92,1,,not_applicable
1-replica-repeat-3,model-replicas=1,3,24.0,realtime-chat,100,poisson,,10240,93,93,0,,not_applicable
1-replica-repeat-3,model-replicas=1,3,25.0,realtime-chat,100,poisson,,10240,98,95,3,,not_applicable
1-replica-repeat-3,model-replicas=1,3,26.0,realtime-chat,100,poisson,,10240,101,100,1,,not_applicable
1-replica-repeat-3,model-replicas=1,3,27.0,realtime-chat,100,poisson,,10240,103,102,1,,not_applicable
1-replica-repeat-3,model-replicas=1,3,28.0,realtime-chat,100,poisson,,10240,105,103,2,,not_applicable
1-replica-repeat-3,model-replicas=1,3,29.0,realtime-chat,100,poisson,,10240,107,105,2,,not_applicable
1-replica-repeat-3,model-replicas=1,3,30.0,realtime-chat,100,poisson,,10240,112,109,3,,not_applicable
1-replica-repeat-3,model-replicas=1,3,31.0,realtime-chat,100,poisson,,10240,114,114,0,,not_applicable
1-replica-repeat-3,model-replicas=1,3,32.0,realtime-chat,100,poisson,,10240,115,114,1,,not_applicable
1-replica-repeat-3,model-replicas=1,3,33.0,realtime-chat,100,poisson,,10240,115,115,0,,not_applicable
1-replica-repeat-3,model-replicas=1,3,34.0,realtime-chat,100,poisson,,10240,123,117,6,,not_applicable
1-replica-repeat-3,model-replicas=1,3,35.0,realtime-chat,100,poisson,,10240,128,125,3,,not_applicable
1-replica-repeat-3,model-replicas=1,3,36.0,realtime-chat,100,poisson,,10240,133,130,3,,not_applicable
1-replica-repeat-3,model-replicas=1,3,37.0,realtime-chat,100,poisson,,10240,138,134,4,,not_applicable
1-replica-repeat-3,model-replicas=1,3,38.0,realtime-chat,100,poisson,,10240,143,142,1,,not_applicable
1-replica-repeat-3,model-replicas=1,3,39.0,realtime-chat,100,poisson,,10240,147,145,2,,not_applicable
1-replica-repeat-3,model-replicas=1,3,40.0,realtime-chat,100,poisson,,10240,150,147,3,,not_applicable
1-replica-repeat-3,model-replicas=1,3,41.0,realtime-chat,100,poisson,,10240,157,152,5,,not_applicable
1-replica-repeat-3,model-replicas=1,3,42.0,realtime-chat,100,poisson,,10240,163,158,5,,not_applicable
1-replica-repeat-3,model-replicas=1,3,43.0,realtime-chat,100,poisson,,10240,169,165,4,,not_applicable
1-replica-repeat-3,model-replicas=1,3,44.0,realtime-chat,100,poisson,,10240,174,169,5,,not_applicable
1-replica-repeat-3,model-replicas=1,3,45.0,realtime-chat,100,poisson,,10240,179,176,3,,not_applicable
1-replica-repeat-3,model-replicas=1,3,46.0,realtime-chat,100,poisson,,10240,184,179,5,,not_applicable
1-replica-repeat-3,model-replicas=1,3,47.0,realtime-chat,100,poisson,,10240,187,185,2,,not_applicable
1-replica-repeat-3,model-replicas=1,3,48.0,realtime-chat,100,poisson,,10240,187,187,0,,not_applicable
1-replica-repeat-3,model-replicas=1,3,49.0,realtime-chat,100,poisson,,10240,195,189,6,,not_applicable
1-replica-repeat-3,model-replicas=1,3,50.0,realtime-chat,100,poisson,,10240,197,196,1,,not_applicable
1-replica-repeat-3,model-replicas=1,3,51.0,realtime-chat,100,poisson,,10240,200,197,3,,not_applicable
1-replica-repeat-3,model-replicas=1,3,52.0,realtime-chat,100,poisson,,10240,206,201,5,,not_applicable
1-replica-repeat-3,model-replicas=1,3,53.0,realtime-chat,100,poisson,,10240,211,210,1,,not_applicable
1-replica-repeat-3,model-replicas=1,3,54.0,realtime-chat,100,poisson,,10240,216,212,4,,not_applicable
1-replica-repeat-3,model-replicas=1,3,55.0,realtime-chat,100,poisson,,10240,220,218,2,,not_applicable
1-replica-repeat-3,model-replicas=1,3,56.0,realtime-chat,100,poisson,,10240,223,220,3,,not_applicable
1-replica-repeat-3,model-replicas=1,3,57.0,realtime-chat,100,poisson,,10240,225,224,1,,not_applicable
1-replica-repeat-3,model-replicas=1,3,58.0,realtime-chat,100,poisson,,10240,226,225,1,,not_applicable
1-replica-repeat-3,model-replicas=1,3,59.0,realtime-chat,100,poisson,,10240,231,227,4,,not_applicable
1-replica-repeat-3,model-replicas=1,3,60.0,realtime-chat,100,poisson,,10240,236,236,0,,not_applicable
1-replica-repeat-3,model-replicas=1,3,61.0,realtime-chat,100,poisson,,10240,240,237,3,,not_applicable
1-replica-repeat-3,model-replicas=1,3,62.0,realtime-chat,100,poisson,,10240,246,243,3,,not_applicable
1-replica-repeat-3,model-replicas=1,3,63.0,realtime-chat,100,poisson,,10240,251,249,2,,not_applicable
1-replica-repeat-3,model-replicas=1,3,64.0,realtime-chat,100,poisson,,10240,253,252,1,,not_applicable
1-replica-repeat-3,model-replicas=1,3,65.0,realtime-chat,100,poisson,,10240,254,253,1,,not_applicable
1-replica-repeat-3,model-replicas=1,3,66.0,realtime-chat,100,poisson,,10240,261,255,6,,not_applicable
1-replica-repeat-3,model-replicas=1,3,67.0,realtime-chat,100,poisson,,10240,263,262,1,,not_applicable
1-replica-repeat-3,model-replicas=1,3,68.0,realtime-chat,100,poisson,,10240,269,266,3,,not_applicable
1-replica-repeat-3,model-replicas=1,3,69.0,realtime-chat,100,poisson,,10240,269,269,0,,not_applicable
1-replica-repeat-3,model-replicas=1,3,70.0,realtime-chat,100,poisson,,10240,272,270,2,,not_applicable
1-replica-repeat-3,model-replicas=1,3,71.0,realtime-chat,100,poisson,,10240,275,272,3,,not_applicable
1-replica-repeat-3,model-replicas=1,3,72.0,realtime-chat,100,poisson,,10240,279,276,3,,not_applicable
1-replica-repeat-3,model-replicas=1,3,73.0,realtime-chat,100,poisson,,10240,282,280,2,,not_applicable
1-replica-repeat-3,model-replicas=1,3,74.0,realtime-chat,100,poisson,,10240,291,284,7,,not_applicable
1-replica-repeat-3,model-replicas=1,3,75.0,realtime-chat,100,poisson,,10240,294,292,2,,not_applicable
1-replica-repeat-3,model-replicas=1,3,76.0,realtime-chat,100,poisson,,10240,299,294,5,,not_applicable
1-replica-repeat-3,model-replicas=1,3,77.0,realtime-chat,100,poisson,,10240,303,301,2,,not_applicable
1-replica-repeat-3,model-replicas=1,3,78.0,realtime-chat,100,poisson,,10240,306,303,3,,not_applicable
1-replica-repeat-3,model-replicas=1,3,79.0,realtime-chat,100,poisson,,10240,308,307,1,,not_applicable
1-replica-repeat-3,model-replicas=1,3,80.0,realtime-chat,100,poisson,,10240,313,308,5,,not_applicable
1-replica-repeat-3,model-replicas=1,3,81.0,realtime-chat,100,poisson,,10240,318,313,5,,not_applicable
1-replica-repeat-3,model-replicas=1,3,82.0,realtime-chat,100,poisson,,10240,320,317,3,,not_applicable
1-replica-repeat-3,model-replicas=1,3,83.0,realtime-chat,100,poisson,,10240,324,321,3,,not_applicable
1-replica-repeat-3,model-replicas=1,3,84.0,realtime-chat,100,poisson,,10240,329,325,4,,not_applicable
1-replica-repeat-3,model-replicas=1,3,85.0,realtime-chat,100,poisson,,10240,334,329,5,,not_applicable
1-replica-repeat-3,model-replicas=1,3,86.0,realtime-chat,100,poisson,,10240,336,334,2,,not_applicable
1-replica-repeat-3,model-replicas=1,3,87.0,realtime-chat,100,poisson,,10240,340,338,2,,not_applicable
1-replica-repeat-3,model-replicas=1,3,88.0,realtime-chat,100,poisson,,10240,350,340,10,,not_applicable
1-replica-repeat-3,model-replicas=1,3,89.0,realtime-chat,100,poisson,,10240,353,342,11,,not_applicable
1-replica-repeat-3,model-replicas=1,3,90.0,realtime-chat,100,poisson,,10240,356,356,0,,not_applicable
1-replica-repeat-3,model-replicas=1,3,91.0,realtime-chat,100,poisson,,10240,358,358,0,,not_applicable
1-replica-repeat-3,model-replicas=1,3,92.0,realtime-chat,100,poisson,,10240,362,359,3,,not_applicable
1-replica-repeat-3,model-replicas=1,3,93.0,realtime-chat,100,poisson,,10240,369,363,6,,not_applicable
1-replica-repeat-3,model-replicas=1,3,94.0,realtime-chat,100,poisson,,10240,372,365,7,,not_applicable
1-replica-repeat-3,model-replicas=1,3,95.0,realtime-chat,100,poisson,,10240,377,369,8,,not_applicable
1-replica-repeat-3,model-replicas=1,3,96.0,realtime-chat,100,poisson,,10240,381,375,6,,not_applicable
1-replica-repeat-3,model-replicas=1,3,97.0,realtime-chat,100,poisson,,10240,383,381,2,,not_applicable
1-replica-repeat-3,model-replicas=1,3,98.0,realtime-chat,100,poisson,,10240,387,382,5,,not_applicable
1-replica-repeat-3,model-replicas=1,3,99.0,realtime-chat,100,poisson,,10240,390,387,3,,not_applicable
1-replica-repeat-3,model-replicas=1,3,100.0,realtime-chat,100,poisson,,10240,397,391,6,,not_applicable
1-replica-repeat-3,model-replicas=1,3,101.0,realtime-chat,100,poisson,,10240,399,398,1,,not_applicable
1-replica-repeat-3,model-replicas=1,3,102.0,realtime-chat,100,poisson,,10240,403,401,2,,not_applicable
1-replica-repeat-3,model-replicas=1,3,103.0,realtime-chat,100,poisson,,10240,410,406,4,,not_applicable
1-replica-repeat-3,model-replicas=1,3,104.0,realtime-chat,100,poisson,,10240,411,410,1,,not_applicable
1-replica-repeat-3,model-replicas=1,3,105.0,realtime-chat,100,poisson,,10240,412,411,1,,not_applicable
1-replica-repeat-3,model-replicas=1,3,106.0,realtime-chat,100,poisson,,10240,417,414,3,,not_applicable
1-replica-repeat-3,model-replicas=1,3,107.0,realtime-chat,100,poisson,,10240,420,418,2,,not_applicable
1-replica-repeat-3,model-replicas=1,3,108.0,realtime-chat,100,poisson,,10240,424,421,3,,not_applicable
1-replica-repeat-3,model-replicas=1,3,109.0,realtime-chat,100,poisson,,10240,428,426,2,,not_applicable
1-replica-repeat-3,model-replicas=1,3,110.0,realtime-chat,100,poisson,,10240,434,428,6,,not_applicable
1-replica-repeat-3,model-replicas=1,3,111.0,realtime-chat,100,poisson,,10240,436,429,7,,not_applicable
1-replica-repeat-3,model-replicas=1,3,112.0,realtime-chat,100,poisson,,10240,441,436,5,,not_applicable
1-replica-repeat-3,model-replicas=1,3,113.0,realtime-chat,100,poisson,,10240,449,441,8,,not_applicable
1-replica-repeat-3,model-replicas=1,3,114.0,realtime-chat,100,poisson,,10240,451,443,8,,not_applicable
1-replica-repeat-3,model-replicas=1,3,115.0,realtime-chat,100,poisson,,10240,459,453,6,,not_applicable
1-replica-repeat-3,model-replicas=1,3,116.0,realtime-chat,100,poisson,,10240,465,455,10,,not_applicable
1-replica-repeat-3,model-replicas=1,3,117.0,realtime-chat,100,poisson,,10240,467,464,3,,not_applicable
1-replica-repeat-3,model-replicas=1,3,118.0,realtime-chat,100,poisson,,10240,472,466,6,,not_applicable
1-replica-repeat-3,model-replicas=1,3,119.0,realtime-chat,100,poisson,,10240,477,474,3,,not_applicable
1-replica-repeat-3,model-replicas=1,3,120.0,realtime-chat,100,poisson,,10240,484,478,6,,not_applicable
1-replica-repeat-3,model-replicas=1,3,121.0,realtime-chat,100,poisson,,10240,487,486,1,,not_applicable
1-replica-repeat-3,model-replicas=1,3,122.0,realtime-chat,100,poisson,,10240,492,486,6,,not_applicable
1-replica-repeat-3,model-replicas=1,3,123.0,realtime-chat,100,poisson,,10240,494,492,2,,not_applicable
1-replica-repeat-3,model-replicas=1,3,124.0,realtime-chat,100,poisson,,10240,501,494,7,,not_applicable
1-replica-repeat-3,model-replicas=1,3,125.0,realtime-chat,100,poisson,,10240,507,502,5,,not_applicable
1-replica-repeat-3,model-replicas=1,3,126.0,realtime-chat,100,poisson,,10240,508,508,0,,not_applicable
1-replica-repeat-3,model-replicas=1,3,127.0,realtime-chat,100,poisson,,10240,509,509,0,,not_applicable
1-replica-repeat-3,model-replicas=1,3,128.0,realtime-chat,100,poisson,,10240,513,509,4,,not_applicable
1-replica-repeat-3,model-replicas=1,3,129.0,realtime-chat,100,poisson,,10240,515,515,0,,not_applicable
1-replica-repeat-3,model-replicas=1,3,130.0,realtime-chat,100,poisson,,10240,520,519,1,,not_applicable
1-replica-repeat-3,model-replicas=1,3,131.0,realtime-chat,100,poisson,,10240,527,520,7,,not_applicable
1-replica-repeat-3,model-replicas=1,3,132.0,realtime-chat,100,poisson,,10240,533,530,3,,not_applicable
1-replica-repeat-3,model-replicas=1,3,133.0,realtime-chat,100,poisson,,10240,540,533,7,,not_applicable
1-replica-repeat-3,model-replicas=1,3,134.0,realtime-chat,100,poisson,,10240,545,541,4,,not_applicable
1-replica-repeat-3,model-replicas=1,3,135.0,realtime-chat,100,poisson,,10240,548,547,1,,not_applicable
1-replica-repeat-3,model-replicas=1,3,136.0,realtime-chat,100,poisson,,10240,552,549,3,,not_applicable
1-replica-repeat-3,model-replicas=1,3,137.0,realtime-chat,100,poisson,,10240,558,553,5,,not_applicable
1-replica-repeat-3,model-replicas=1,3,138.0,realtime-chat,100,poisson,,10240,561,557,4,,not_applicable
1-replica-repeat-3,model-replicas=1,3,139.0,realtime-chat,100,poisson,,10240,565,562,3,,not_applicable
1-replica-repeat-3,model-replicas=1,3,140.0,realtime-chat,100,poisson,,10240,568,563,5,,not_applicable
1-replica-repeat-3,model-replicas=1,3,141.0,realtime-chat,100,poisson,,10240,570,568,2,,not_applicable
1-replica-repeat-3,model-replicas=1,3,142.0,realtime-chat,100,poisson,,10240,572,570,2,,not_applicable
1-replica-repeat-3,model-replicas=1,3,143.0,realtime-chat,100,poisson,,10240,575,572,3,,not_applicable
1-replica-repeat-3,model-replicas=1,3,144.0,realtime-chat,100,poisson,,10240,579,577,2,,not_applicable
1-replica-repeat-3,model-replicas=1,3,145.0,realtime-chat,100,poisson,,10240,581,579,2,,not_applicable
1-replica-repeat-3,model-replicas=1,3,146.0,realtime-chat,100,poisson,,10240,587,582,5,,not_applicable
1-replica-repeat-3,model-replicas=1,3,147.0,realtime-chat,100,poisson,,10240,591,588,3,,not_applicable
1-replica-repeat-3,model-replicas=1,3,148.0,realtime-chat,100,poisson,,10240,596,591,5,,not_applicable
1-replica-repeat-3,model-replicas=1,3,149.0,realtime-chat,100,poisson,,10240,599,596,3,,not_applicable
1-replica-repeat-3,model-replicas=1,3,150.0,realtime-chat,100,poisson,,10240,602,599,3,,not_applicable
1-replica-repeat-3,model-replicas=1,3,151.0,realtime-chat,100,poisson,,10240,604,604,0,,not_applicable
1-replica-repeat-3,model-replicas=1,3,152.0,realtime-chat,100,poisson,,10240,609,608,1,,not_applicable
1-replica-repeat-3,model-replicas=1,3,153.0,realtime-chat,100,poisson,,10240,611,609,2,,not_applicable
1-replica-repeat-3,model-replicas=1,3,154.0,realtime-chat,100,poisson,,10240,611,611,0,,not_applicable
1-replica-repeat-3,model-replicas=1,3,155.0,realtime-chat,100,poisson,,10240,615,612,3,,not_applicable
1-replica-repeat-3,model-replicas=1,3,156.0,realtime-chat,100,poisson,,10240,621,613,8,,not_applicable
1-replica-repeat-3,model-replicas=1,3,157.0,realtime-chat,100,poisson,,10240,626,621,5,,not_applicable
1-replica-repeat-3,model-replicas=1,3,158.0,realtime-chat,100,poisson,,10240,631,629,2,,not_applicable
1-replica-repeat-3,model-replicas=1,3,159.0,realtime-chat,100,poisson,,10240,637,635,2,,not_applicable
1-replica-repeat-3,model-replicas=1,3,160.0,realtime-chat,100,poisson,,10240,644,640,4,,not_applicable
1-replica-repeat-3,model-replicas=1,3,161.0,realtime-chat,100,poisson,,10240,652,645,7,,not_applicable
1-replica-repeat-3,model-replicas=1,3,162.0,realtime-chat,100,poisson,,10240,659,657,2,,not_applicable
1-replica-repeat-3,model-replicas=1,3,163.0,realtime-chat,100,poisson,,10240,664,659,5,,not_applicable
1-replica-repeat-3,model-replicas=1,3,164.0,realtime-chat,100,poisson,,10240,667,666,1,,not_applicable
1-replica-repeat-3,model-replicas=1,3,165.0,realtime-chat,100,poisson,,10240,671,669,2,,not_applicable
1-replica-repeat-3,model-replicas=1,3,166.0,realtime-chat,100,poisson,,10240,675,673,2,,not_applicable
1-replica-repeat-3,model-replicas=1,3,167.0,realtime-chat,100,poisson,,10240,685,675,10,,not_applicable
1-replica-repeat-3,model-replicas=1,3,168.0,realtime-chat,100,poisson,,10240,690,686,4,,not_applicable
1-replica-repeat-3,model-replicas=1,3,169.0,realtime-chat,100,poisson,,10240,693,693,0,,not_applicable
1-replica-repeat-3,model-replicas=1,3,170.0,realtime-chat,100,poisson,,10240,697,695,2,,not_applicable
1-replica-repeat-3,model-replicas=1,3,171.0,realtime-chat,100,poisson,,10240,703,700,3,,not_applicable
1-replica-repeat-3,model-replicas=1,3,172.0,realtime-chat,100,poisson,,10240,706,705,1,,not_applicable
1-replica-repeat-3,model-replicas=1,3,173.0,realtime-chat,100,poisson,,10240,709,707,2,,not_applicable
1-replica-repeat-3,model-replicas=1,3,174.0,realtime-chat,100,poisson,,10240,715,714,1,,not_applicable
1-replica-repeat-3,model-replicas=1,3,175.0,realtime-chat,100,poisson,,10240,717,716,1,,not_applicable
1-replica-repeat-3,model-replicas=1,3,176.0,realtime-chat,100,poisson,,10240,722,717,5,,not_applicable
1-replica-repeat-3,model-replicas=1,3,177.0,realtime-chat,100,poisson,,10240,725,717,8,,not_applicable
1-replica-repeat-3,model-replicas=1,3,178.0,realtime-chat,100,poisson,,10240,730,725,5,,not_applicable
1-replica-repeat-3,model-replicas=1,3,179.0,realtime-chat,100,poisson,,10240,732,730,2,,not_applicable
1-replica-repeat-3,model-replicas=1,3,180.0,realtime-chat,100,poisson,,10240,737,733,4,,not_applicable
1-replica-repeat-3,model-replicas=1,3,181.0,realtime-chat,100,poisson,,10240,740,738,2,,not_applicable
1-replica-repeat-3,model-replicas=1,3,182.0,realtime-chat,100,poisson,,10240,741,740,1,,not_applicable
1-replica-repeat-3,model-replicas=1,3,183.0,realtime-chat,100,poisson,,10240,742,741,1,,not_applicable
1-replica-repeat-3,model-replicas=1,3,184.0,realtime-chat,100,poisson,,10240,745,742,3,,not_applicable
1-replica-repeat-3,model-replicas=1,3,185.0,realtime-chat,100,poisson,,10240,747,745,2,,not_applicable
1-replica-repeat-3,model-replicas=1,3,186.0,realtime-chat,100,poisson,,10240,752,749,3,,not_applicable
1-replica-repeat-3,model-replicas=1,3,187.0,realtime-chat,100,poisson,,10240,757,754,3,,not_applicable
1-replica-repeat-3,model-replicas=1,3,188.0,realtime-chat,100,poisson,,10240,766,757,9,,not_applicable
1-replica-repeat-3,model-replicas=1,3,189.0,realtime-chat,100,poisson,,10240,775,772,3,,not_applicable
1-replica-repeat-3,model-replicas=1,3,190.0,realtime-chat,100,poisson,,10240,779,774,5,,not_applicable
1-replica-repeat-3,model-replicas=1,3,191.0,realtime-chat,100,poisson,,10240,786,777,9,,not_applicable
1-replica-repeat-3,model-replicas=1,3,192.0,realtime-chat,100,poisson,,10240,793,784,9,,not_applicable
1-replica-repeat-3,model-replicas=1,3,193.0,realtime-chat,100,poisson,,10240,798,794,4,,not_applicable
1-replica-repeat-3,model-replicas=1,3,194.0,realtime-chat,100,poisson,,10240,801,799,2,,not_applicable
1-replica-repeat-3,model-replicas=1,3,195.0,realtime-chat,100,poisson,,10240,805,805,0,,not_applicable
1-replica-repeat-3,model-replicas=1,3,196.0,realtime-chat,100,poisson,,10240,806,806,0,,not_applicable
1-replica-repeat-3,model-replicas=1,3,197.0,realtime-chat,100,poisson,,10240,810,807,3,,not_applicable
1-replica-repeat-3,model-replicas=1,3,198.0,realtime-chat,100,poisson,,10240,814,810,4,,not_applicable
1-replica-repeat-3,model-replicas=1,3,199.0,realtime-chat,100,poisson,,10240,820,814,6,,not_applicable
1-replica-repeat-3,model-replicas=1,3,200.0,realtime-chat,100,poisson,,10240,824,820,4,,not_applicable
1-replica-repeat-3,model-replicas=1,3,201.0,realtime-chat,100,poisson,,10240,831,824,7,,not_applicable
1-replica-repeat-3,model-replicas=1,3,202.0,realtime-chat,100,poisson,,10240,834,826,8,,not_applicable
1-replica-repeat-3,model-replicas=1,3,203.0,realtime-chat,100,poisson,,10240,841,834,7,,not_applicable
1-replica-repeat-3,model-replicas=1,3,204.0,realtime-chat,100,poisson,,10240,844,843,1,,not_applicable
1-replica-repeat-3,model-replicas=1,3,205.0,realtime-chat,100,poisson,,10240,847,845,2,,not_applicable
1-replica-repeat-3,model-replicas=1,3,206.0,realtime-chat,100,poisson,,10240,850,848,2,,not_applicable
1-replica-repeat-3,model-replicas=1,3,207.0,realtime-chat,100,poisson,,10240,852,850,2,,not_applicable
1-replica-repeat-3,model-replicas=1,3,208.0,realtime-chat,100,poisson,,10240,855,853,2,,not_applicable
1-replica-repeat-3,model-replicas=1,3,209.0,realtime-chat,100,poisson,,10240,859,856,3,,not_applicable
1-replica-repeat-3,model-replicas=1,3,210.0,realtime-chat,100,poisson,,10240,863,861,2,,not_applicable
1-replica-repeat-3,model-replicas=1,3,211.0,realtime-chat,100,poisson,,10240,864,863,1,,not_applicable
1-replica-repeat-3,model-replicas=1,3,212.0,realtime-chat,100,poisson,,10240,866,866,0,,not_applicable
1-replica-repeat-3,model-replicas=1,3,213.0,realtime-chat,100,poisson,,10240,871,866,5,,not_applicable
1-replica-repeat-3,model-replicas=1,3,214.0,realtime-chat,100,poisson,,10240,874,872,2,,not_applicable
1-replica-repeat-3,model-replicas=1,3,215.0,realtime-chat,100,poisson,,10240,880,874,6,,not_applicable
1-replica-repeat-3,model-replicas=1,3,216.0,realtime-chat,100,poisson,,10240,884,882,2,,not_applicable
1-replica-repeat-3,model-replicas=1,3,217.0,realtime-chat,100,poisson,,10240,886,885,1,,not_applicable
1-replica-repeat-3,model-replicas=1,3,218.0,realtime-chat,100,poisson,,10240,891,888,3,,not_applicable
1-replica-repeat-3,model-replicas=1,3,219.0,realtime-chat,100,poisson,,10240,892,892,0,,not_applicable
1-replica-repeat-3,model-replicas=1,3,220.0,realtime-chat,100,poisson,,10240,897,893,4,,not_applicable
1-replica-repeat-3,model-replicas=1,3,221.0,realtime-chat,100,poisson,,10240,901,898,3,,not_applicable
1-replica-repeat-3,model-replicas=1,3,222.0,realtime-chat,100,poisson,,10240,902,902,0,,not_applicable
1-replica-repeat-3,model-replicas=1,3,223.0,realtime-chat,100,poisson,,10240,904,904,0,,not_applicable
1-replica-repeat-3,model-replicas=1,3,224.0,realtime-chat,100,poisson,,10240,908,906,2,,not_applicable
1-replica-repeat-3,model-replicas=1,3,225.0,realtime-chat,100,poisson,,10240,916,909,7,,not_applicable
1-replica-repeat-3,model-replicas=1,3,226.0,realtime-chat,100,poisson,,10240,918,918,0,,not_applicable
1-replica-repeat-3,model-replicas=1,3,227.0,realtime-chat,100,poisson,,10240,919,918,1,,not_applicable
1-replica-repeat-3,model-replicas=1,3,228.0,realtime-chat,100,poisson,,10240,923,921,2,,not_applicable
1-replica-repeat-3,model-replicas=1,3,229.0,realtime-chat,100,poisson,,10240,930,928,2,,not_applicable
1-replica-repeat-3,model-replicas=1,3,230.0,realtime-chat,100,poisson,,10240,936,934,2,,not_applicable
1-replica-repeat-3,model-replicas=1,3,231.0,realtime-chat,100,poisson,,10240,939,938,1,,not_applicable
1-replica-repeat-3,model-replicas=1,3,232.0,realtime-chat,100,poisson,,10240,944,940,4,,not_applicable
1-replica-repeat-3,model-replicas=1,3,233.0,realtime-chat,100,poisson,,10240,944,944,0,,not_applicable
1-replica-repeat-3,model-replicas=1,3,234.0,realtime-chat,100,poisson,,10240,951,947,4,,not_applicable
1-replica-repeat-3,model-replicas=1,3,235.0,realtime-chat,100,poisson,,10240,955,952,3,,not_applicable
1-replica-repeat-3,model-replicas=1,3,236.0,realtime-chat,100,poisson,,10240,962,956,6,,not_applicable
1-replica-repeat-3,model-replicas=1,3,237.0,realtime-chat,100,poisson,,10240,967,964,3,,not_applicable
1-replica-repeat-3,model-replicas=1,3,238.0,realtime-chat,100,poisson,,10240,968,968,0,,not_applicable
1-replica-repeat-3,model-replicas=1,3,239.0,realtime-chat,100,poisson,,10240,976,971,5,,not_applicable
1-replica-repeat-3,model-replicas=1,3,240.0,realtime-chat,100,poisson,,10240,981,979,2,,not_applicable
1-replica-repeat-3,model-replicas=1,3,241.0,realtime-chat,100,poisson,,10240,983,982,1,,not_applicable
1-replica-repeat-3,model-replicas=1,3,242.0,realtime-chat,100,poisson,,10240,987,985,2,,not_applicable
1-replica-repeat-3,model-replicas=1,3,243.0,realtime-chat,100,poisson,,10240,992,989,3,,not_applicable
1-replica-repeat-3,model-replicas=1,3,244.0,realtime-chat,100,poisson,,10240,995,992,3,,not_applicable
1-replica-repeat-3,model-replicas=1,3,245.0,realtime-chat,100,poisson,,10240,1001,997,4,,not_applicable
1-replica-repeat-3,model-replicas=1,3,246.0,realtime-chat,100,poisson,,10240,1001,1001,0,,not_applicable
1-replica-repeat-3,model-replicas=1,3,247.0,realtime-chat,100,poisson,,10240,1004,1003,1,,not_applicable
1-replica-repeat-3,model-replicas=1,3,248.0,realtime-chat,100,poisson,,10240,1006,1006,0,,not_applicable
1-replica-repeat-3,model-replicas=1,3,249.0,realtime-chat,100,poisson,,10240,1007,1007,0,,not_applicable
1-replica-repeat-3,model-replicas=1,3,250.0,realtime-chat,100,poisson,,10240,1009,1009,0,,not_applicable
1-replica-repeat-3,model-replicas=1,3,251.0,realtime-chat,100,poisson,,10240,1012,1011,1,,not_applicable
1-replica-repeat-3,model-replicas=1,3,252.0,realtime-chat,100,poisson,,10240,1013,1012,1,,not_applicable
1-replica-repeat-3,model-replicas=1,3,253.0,realtime-chat,100,poisson,,10240,1017,1015,2,,not_applicable
1-replica-repeat-3,model-replicas=1,3,254.0,realtime-chat,100,poisson,,10240,1017,1017,0,,not_applicable
1-replica-repeat-3,model-replicas=1,3,255.0,realtime-chat,100,poisson,,10240,1018,1018,0,,not_applicable
1-replica-repeat-3,model-replicas=1,3,256.0,realtime-chat,100,poisson,,10240,1023,1020,3,,not_applicable
1-replica-repeat-3,model-replicas=1,3,257.0,realtime-chat,100,poisson,,10240,1026,1024,2,,not_applicable
1-replica-repeat-3,model-replicas=1,3,258.0,realtime-chat,100,poisson,,10240,1031,1029,2,,not_applicable
1-replica-repeat-3,model-replicas=1,3,259.0,realtime-chat,100,poisson,,10240,1037,1033,4,,not_applicable
1-replica-repeat-3,model-replicas=1,3,260.0,realtime-chat,100,poisson,,10240,1039,1038,1,,not_applicable
1-replica-repeat-3,model-replicas=1,3,261.0,realtime-chat,100,poisson,,10240,1042,1041,1,,not_applicable
1-replica-repeat-3,model-replicas=1,3,262.0,realtime-chat,100,poisson,,10240,1049,1045,4,,not_applicable
1-replica-repeat-3,model-replicas=1,3,263.0,realtime-chat,100,poisson,,10240,1055,1053,2,,not_applicable
1-replica-repeat-3,model-replicas=1,3,264.0,realtime-chat,100,poisson,,10240,1058,1057,1,,not_applicable
1-replica-repeat-3,model-replicas=1,3,265.0,realtime-chat,100,poisson,,10240,1062,1060,2,,not_applicable
1-replica-repeat-3,model-replicas=1,3,266.0,realtime-chat,100,poisson,,10240,1067,1063,4,,not_applicable
1-replica-repeat-3,model-replicas=1,3,267.0,realtime-chat,100,poisson,,10240,1070,1069,1,,not_applicable
1-replica-repeat-3,model-replicas=1,3,268.0,realtime-chat,100,poisson,,10240,1076,1072,4,,not_applicable
1-replica-repeat-3,model-replicas=1,3,269.0,realtime-chat,100,poisson,,10240,1083,1079,4,,not_applicable
1-replica-repeat-3,model-replicas=1,3,270.0,realtime-chat,100,poisson,,10240,1088,1084,4,,not_applicable
1-replica-repeat-3,model-replicas=1,3,0.0,standard-long-context,0,poisson,,10240,0,0,0,,not_applicable
1-replica-repeat-3,model-replicas=1,3,1.0,standard-long-context,0,poisson,,10240,0,0,0,,not_applicable
1-replica-repeat-3,model-replicas=1,3,2.0,standard-long-context,0,poisson,,10240,0,0,0,,not_applicable
1-replica-repeat-3,model-replicas=1,3,3.0,standard-long-context,0,poisson,,10240,0,0,0,,not_applicable
1-replica-repeat-3,model-replicas=1,3,4.0,standard-long-context,0,poisson,,10240,0,0,0,,not_applicable
1-replica-repeat-3,model-replicas=1,3,5.0,standard-long-context,0,poisson,,10240,0,0,0,,not_applicable
1-replica-repeat-3,model-replicas=1,3,6.0,standard-long-context,0,poisson,,10240,0,0,0,,not_applicable
1-replica-repeat-3,model-replicas=1,3,7.0,standard-long-context,0,poisson,,10240,0,0,0,,not_applicable
1-replica-repeat-3,model-replicas=1,3,8.0,standard-long-context,0,poisson,,10240,0,0,0,,not_applicable
1-replica-repeat-3,model-replicas=1,3,9.0,standard-long-context,0,poisson,,10240,0,0,0,,not_applicable
1-replica-repeat-3,model-replicas=1,3,10.0,standard-long-context,0,poisson,,10240,0,0,0,,not_applicable
1-replica-repeat-3,model-replicas=1,3,11.0,standard-long-context,0,poisson,,10240,0,0,0,,not_applicable
1-replica-repeat-3,model-replicas=1,3,12.0,standard-long-context,0,poisson,,10240,0,0,0,,not_applicable
1-replica-repeat-3,model-replicas=1,3,13.0,standard-long-context,0,poisson,,10240,0,0,0,,not_applicable
1-replica-repeat-3,model-replicas=1,3,14.0,standard-long-context,0,poisson,,10240,0,0,0,,not_applicable
1-replica-repeat-3,model-replicas=1,3,15.0,standard-long-context,0,poisson,,10240,0,0,0,,not_applicable
1-replica-repeat-3,model-replicas=1,3,16.0,standard-long-context,0,poisson,,10240,0,0,0,,not_applicable
1-replica-repeat-3,model-replicas=1,3,17.0,standard-long-context,0,poisson,,10240,0,0,0,,not_applicable
1-replica-repeat-3,model-replicas=1,3,18.0,standard-long-context,0,poisson,,10240,0,0,0,,not_applicable
1-replica-repeat-3,model-replicas=1,3,19.0,standard-long-context,0,poisson,,10240,0,0,0,,not_applicable
1-replica-repeat-3,model-replicas=1,3,20.0,standard-long-context,0,poisson,,10240,0,0,0,,not_applicable
1-replica-repeat-3,model-replicas=1,3,21.0,standard-long-context,0,poisson,,10240,0,0,0,,not_applicable
1-replica-repeat-3,model-replicas=1,3,22.0,standard-long-context,0,poisson,,10240,0,0,0,,not_applicable
1-replica-repeat-3,model-replicas=1,3,23.0,standard-long-context,0,poisson,,10240,0,0,0,,not_applicable
1-replica-repeat-3,model-replicas=1,3,24.0,standard-long-context,0,poisson,,10240,0,0,0,,not_applicable
1-replica-repeat-3,model-replicas=1,3,25.0,standard-long-context,0,poisson,,10240,0,0,0,,not_applicable
1-replica-repeat-3,model-replicas=1,3,26.0,standard-long-context,0,poisson,,10240,0,0,0,,not_applicable
1-replica-repeat-3,model-replicas=1,3,27.0,standard-long-context,0,poisson,,10240,0,0,0,,not_applicable
1-replica-repeat-3,model-replicas=1,3,28.0,standard-long-context,0,poisson,,10240,0,0,0,,not_applicable
1-replica-repeat-3,model-replicas=1,3,29.0,standard-long-context,0,poisson,,10240,0,0,0,,not_applicable
1-replica-repeat-3,model-replicas=1,3,30.0,standard-long-context,0,poisson,,10240,0,0,0,,not_applicable
1-replica-repeat-3,model-replicas=1,3,31.0,standard-long-context,0,poisson,,10240,0,0,0,,not_applicable
1-replica-repeat-3,model-replicas=1,3,32.0,standard-long-context,0,poisson,,10240,0,0,0,,not_applicable
1-replica-repeat-3,model-replicas=1,3,33.0,standard-long-context,0,poisson,,10240,0,0,0,,not_applicable
1-replica-repeat-3,model-replicas=1,3,34.0,standard-long-context,0,poisson,,10240,0,0,0,,not_applicable
1-replica-repeat-3,model-replicas=1,3,35.0,standard-long-context,0,poisson,,10240,0,0,0,,not_applicable
1-replica-repeat-3,model-replicas=1,3,36.0,standard-long-context,0,poisson,,10240,0,0,0,,not_applicable
1-replica-repeat-3,model-replicas=1,3,37.0,standard-long-context,0,poisson,,10240,0,0,0,,not_applicable
1-replica-repeat-3,model-replicas=1,3,38.0,standard-long-context,0,poisson,,10240,0,0,0,,not_applicable
1-replica-repeat-3,model-replicas=1,3,39.0,standard-long-context,0,poisson,,10240,0,0,0,,not_applicable
1-replica-repeat-3,model-replicas=1,3,40.0,standard-long-context,0,poisson,,10240,0,0,0,,not_applicable
1-replica-repeat-3,model-replicas=1,3,41.0,standard-long-context,0,poisson,,10240,0,0,0,,not_applicable
1-replica-repeat-3,model-replicas=1,3,42.0,standard-long-context,0,poisson,,10240,0,0,0,,not_applicable
1-replica-repeat-3,model-replicas=1,3,43.0,standard-long-context,0,poisson,,10240,0,0,0,,not_applicable
1-replica-repeat-3,model-replicas=1,3,44.0,standard-long-context,0,poisson,,10240,0,0,0,,not_applicable
1-replica-repeat-3,model-replicas=1,3,45.0,standard-long-context,0,poisson,,10240,0,0,0,,not_applicable
1-replica-repeat-3,model-replicas=1,3,46.0,standard-long-context,0,poisson,,10240,0,0,0,,not_applicable
1-replica-repeat-3,model-replicas=1,3,47.0,standard-long-context,0,poisson,,10240,0,0,0,,not_applicable
1-replica-repeat-3,model-replicas=1,3,48.0,standard-long-context,0,poisson,,10240,0,0,0,,not_applicable
1-replica-repeat-3,model-replicas=1,3,49.0,standard-long-context,0,poisson,,10240,0,0,0,,not_applicable
1-replica-repeat-3,model-replicas=1,3,50.0,standard-long-context,0,poisson,,10240,0,0,0,,not_applicable
1-replica-repeat-3,model-replicas=1,3,51.0,standard-long-context,0,poisson,,10240,0,0,0,,not_applicable
1-replica-repeat-3,model-replicas=1,3,52.0,standard-long-context,0,poisson,,10240,0,0,0,,not_applicable
1-replica-repeat-3,model-replicas=1,3,53.0,standard-long-context,0,poisson,,10240,0,0,0,,not_applicable
1-replica-repeat-3,model-replicas=1,3,54.0,standard-long-context,0,poisson,,10240,0,0,0,,not_applicable
1-replica-repeat-3,model-replicas=1,3,55.0,standard-long-context,0,poisson,,10240,0,0,0,,not_applicable
1-replica-repeat-3,model-replicas=1,3,56.0,standard-long-context,0,poisson,,10240,0,0,0,,not_applicable
1-replica-repeat-3,model-replicas=1,3,57.0,standard-long-context,0,poisson,,10240,0,0,0,,not_applicable
1-replica-repeat-3,model-replicas=1,3,58.0,standard-long-context,0,poisson,,10240,0,0,0,,not_applicable
1-replica-repeat-3,model-replicas=1,3,59.0,standard-long-context,0,poisson,,10240,0,0,0,,not_applicable
1-replica-repeat-3,model-replicas=1,3,60.0,standard-long-context,0,poisson,,10240,0,0,0,,not_applicable
1-replica-repeat-3,model-replicas=1,3,61.0,standard-long-context,0,poisson,,10240,0,0,0,,not_applicable
1-replica-repeat-3,model-replicas=1,3,62.0,standard-long-context,0,poisson,,10240,0,0,0,,not_applicable
1-replica-repeat-3,model-replicas=1,3,63.0,standard-long-context,0,poisson,,10240,0,0,0,,not_applicable
1-replica-repeat-3,model-replicas=1,3,64.0,standard-long-context,0,poisson,,10240,0,0,0,,not_applicable
1-replica-repeat-3,model-replicas=1,3,65.0,standard-long-context,0,poisson,,10240,0,0,0,,not_applicable
1-replica-repeat-3,model-replicas=1,3,66.0,standard-long-context,0,poisson,,10240,0,0,0,,not_applicable
1-replica-repeat-3,model-replicas=1,3,67.0,standard-long-context,0,poisson,,10240,0,0,0,,not_applicable
1-replica-repeat-3,model-replicas=1,3,68.0,standard-long-context,0,poisson,,10240,0,0,0,,not_applicable
1-replica-repeat-3,model-replicas=1,3,69.0,standard-long-context,0,poisson,,10240,0,0,0,,not_applicable
1-replica-repeat-3,model-replicas=1,3,70.0,standard-long-context,0,poisson,,10240,0,0,0,,not_applicable
1-replica-repeat-3,model-replicas=1,3,71.0,standard-long-context,0,poisson,,10240,1,0,1,,not_applicable
1-replica-repeat-3,model-replicas=1,3,72.0,standard-long-context,0,poisson,,10240,1,1,0,,not_applicable
1-replica-repeat-3,model-replicas=1,3,73.0,standard-long-context,0,poisson,,10240,1,1,0,,not_applicable
1-replica-repeat-3,model-replicas=1,3,74.0,standard-long-context,0,poisson,,10240,1,1,0,,not_applicable
1-replica-repeat-3,model-replicas=1,3,75.0,standard-long-context,0,poisson,,10240,2,1,1,,not_applicable
1-replica-repeat-3,model-replicas=1,3,76.0,standard-long-context,0,poisson,,10240,2,1,1,,not_applicable
1-replica-repeat-3,model-replicas=1,3,77.0,standard-long-context,0,poisson,,10240,2,2,0,,not_applicable
1-replica-repeat-3,model-replicas=1,3,78.0,standard-long-context,0,poisson,,10240,3,2,1,,not_applicable
1-replica-repeat-3,model-replicas=1,3,79.0,standard-long-context,0,poisson,,10240,3,3,0,,not_applicable
1-replica-repeat-3,model-replicas=1,3,80.0,standard-long-context,0,poisson,,10240,4,3,1,,not_applicable
1-replica-repeat-3,model-replicas=1,3,81.0,standard-long-context,0,poisson,,10240,6,4,2,,not_applicable
1-replica-repeat-3,model-replicas=1,3,82.0,standard-long-context,0,poisson,,10240,6,4,2,,not_applicable
1-replica-repeat-3,model-replicas=1,3,83.0,standard-long-context,0,poisson,,10240,6,6,0,,not_applicable
1-replica-repeat-3,model-replicas=1,3,84.0,standard-long-context,0,poisson,,10240,6,6,0,,not_applicable
1-replica-repeat-3,model-replicas=1,3,85.0,standard-long-context,0,poisson,,10240,7,6,1,,not_applicable
1-replica-repeat-3,model-replicas=1,3,86.0,standard-long-context,0,poisson,,10240,7,7,0,,not_applicable
1-replica-repeat-3,model-replicas=1,3,87.0,standard-long-context,0,poisson,,10240,7,7,0,,not_applicable
1-replica-repeat-3,model-replicas=1,3,88.0,standard-long-context,0,poisson,,10240,9,7,2,,not_applicable
1-replica-repeat-3,model-replicas=1,3,89.0,standard-long-context,0,poisson,,10240,9,7,2,,not_applicable
1-replica-repeat-3,model-replicas=1,3,90.0,standard-long-context,0,poisson,,10240,9,9,0,,not_applicable
1-replica-repeat-3,model-replicas=1,3,91.0,standard-long-context,0,poisson,,10240,9,9,0,,not_applicable
1-replica-repeat-3,model-replicas=1,3,92.0,standard-long-context,0,poisson,,10240,9,9,0,,not_applicable
1-replica-repeat-3,model-replicas=1,3,93.0,standard-long-context,0,poisson,,10240,9,9,0,,not_applicable
1-replica-repeat-3,model-replicas=1,3,94.0,standard-long-context,0,poisson,,10240,12,9,3,,not_applicable
1-replica-repeat-3,model-replicas=1,3,95.0,standard-long-context,0,poisson,,10240,14,9,5,,not_applicable
1-replica-repeat-3,model-replicas=1,3,96.0,standard-long-context,0,poisson,,10240,14,12,2,,not_applicable
1-replica-repeat-3,model-replicas=1,3,97.0,standard-long-context,0,poisson,,10240,16,14,2,,not_applicable
1-replica-repeat-3,model-replicas=1,3,98.0,standard-long-context,0,poisson,,10240,17,15,2,,not_applicable
1-replica-repeat-3,model-replicas=1,3,99.0,standard-long-context,0,poisson,,10240,18,17,1,,not_applicable
1-replica-repeat-3,model-replicas=1,3,100.0,standard-long-context,0,poisson,,10240,18,18,0,,not_applicable
1-replica-repeat-3,model-replicas=1,3,101.0,standard-long-context,0,poisson,,10240,18,18,0,,not_applicable
1-replica-repeat-3,model-replicas=1,3,102.0,standard-long-context,0,poisson,,10240,18,18,0,,not_applicable
1-replica-repeat-3,model-replicas=1,3,103.0,standard-long-context,0,poisson,,10240,18,18,0,,not_applicable
1-replica-repeat-3,model-replicas=1,3,104.0,standard-long-context,0,poisson,,10240,19,18,1,,not_applicable
1-replica-repeat-3,model-replicas=1,3,105.0,standard-long-context,0,poisson,,10240,19,19,0,,not_applicable
1-replica-repeat-3,model-replicas=1,3,106.0,standard-long-context,0,poisson,,10240,19,19,0,,not_applicable
1-replica-repeat-3,model-replicas=1,3,107.0,standard-long-context,0,poisson,,10240,19,19,0,,not_applicable
1-replica-repeat-3,model-replicas=1,3,108.0,standard-long-context,0,poisson,,10240,19,19,0,,not_applicable
1-replica-repeat-3,model-replicas=1,3,109.0,standard-long-context,0,poisson,,10240,20,19,1,,not_applicable
1-replica-repeat-3,model-replicas=1,3,110.0,standard-long-context,0,poisson,,10240,22,20,2,,not_applicable
1-replica-repeat-3,model-replicas=1,3,111.0,standard-long-context,0,poisson,,10240,23,20,3,,not_applicable
1-replica-repeat-3,model-replicas=1,3,112.0,standard-long-context,0,poisson,,10240,24,22,2,,not_applicable
1-replica-repeat-3,model-replicas=1,3,113.0,standard-long-context,0,poisson,,10240,25,24,1,,not_applicable
1-replica-repeat-3,model-replicas=1,3,114.0,standard-long-context,0,poisson,,10240,26,24,2,,not_applicable
1-replica-repeat-3,model-replicas=1,3,115.0,standard-long-context,0,poisson,,10240,27,26,1,,not_applicable
1-replica-repeat-3,model-replicas=1,3,116.0,standard-long-context,0,poisson,,10240,28,26,2,,not_applicable
1-replica-repeat-3,model-replicas=1,3,117.0,standard-long-context,0,poisson,,10240,29,27,2,,not_applicable
1-replica-repeat-3,model-replicas=1,3,118.0,standard-long-context,0,poisson,,10240,30,28,2,,not_applicable
1-replica-repeat-3,model-replicas=1,3,119.0,standard-long-context,0,poisson,,10240,30,30,0,,not_applicable
1-replica-repeat-3,model-replicas=1,3,120.0,standard-long-context,0,poisson,,10240,30,30,0,,not_applicable
1-replica-repeat-3,model-replicas=1,3,121.0,standard-long-context,0,poisson,,10240,32,30,2,,not_applicable
1-replica-repeat-3,model-replicas=1,3,122.0,standard-long-context,0,poisson,,10240,32,30,2,,not_applicable
1-replica-repeat-3,model-replicas=1,3,123.0,standard-long-context,0,poisson,,10240,33,32,1,,not_applicable
1-replica-repeat-3,model-replicas=1,3,124.0,standard-long-context,0,poisson,,10240,34,32,2,,not_applicable
1-replica-repeat-3,model-replicas=1,3,125.0,standard-long-context,0,poisson,,10240,34,34,0,,not_applicable
1-replica-repeat-3,model-replicas=1,3,126.0,standard-long-context,0,poisson,,10240,34,34,0,,not_applicable
1-replica-repeat-3,model-replicas=1,3,127.0,standard-long-context,0,poisson,,10240,34,34,0,,not_applicable
1-replica-repeat-3,model-replicas=1,3,128.0,standard-long-context,0,poisson,,10240,35,34,1,,not_applicable
1-replica-repeat-3,model-replicas=1,3,129.0,standard-long-context,0,poisson,,10240,35,35,0,,not_applicable
1-replica-repeat-3,model-replicas=1,3,130.0,standard-long-context,0,poisson,,10240,35,35,0,,not_applicable
1-replica-repeat-3,model-replicas=1,3,131.0,standard-long-context,0,poisson,,10240,35,35,0,,not_applicable
1-replica-repeat-3,model-replicas=1,3,132.0,standard-long-context,0,poisson,,10240,35,35,0,,not_applicable
1-replica-repeat-3,model-replicas=1,3,133.0,standard-long-context,0,poisson,,10240,36,35,1,,not_applicable
1-replica-repeat-3,model-replicas=1,3,134.0,standard-long-context,0,poisson,,10240,36,36,0,,not_applicable
1-replica-repeat-3,model-replicas=1,3,135.0,standard-long-context,0,poisson,,10240,36,36,0,,not_applicable
1-replica-repeat-3,model-replicas=1,3,136.0,standard-long-context,0,poisson,,10240,37,36,1,,not_applicable
1-replica-repeat-3,model-replicas=1,3,137.0,standard-long-context,0,poisson,,10240,37,37,0,,not_applicable
1-replica-repeat-3,model-replicas=1,3,138.0,standard-long-context,0,poisson,,10240,38,37,1,,not_applicable
1-replica-repeat-3,model-replicas=1,3,139.0,standard-long-context,0,poisson,,10240,39,38,1,,not_applicable
1-replica-repeat-3,model-replicas=1,3,140.0,standard-long-context,0,poisson,,10240,40,38,2,,not_applicable
1-replica-repeat-3,model-replicas=1,3,141.0,standard-long-context,0,poisson,,10240,42,40,2,,not_applicable
1-replica-repeat-3,model-replicas=1,3,142.0,standard-long-context,0,poisson,,10240,42,42,0,,not_applicable
1-replica-repeat-3,model-replicas=1,3,143.0,standard-long-context,0,poisson,,10240,43,42,1,,not_applicable
1-replica-repeat-3,model-replicas=1,3,144.0,standard-long-context,0,poisson,,10240,43,43,0,,not_applicable
1-replica-repeat-3,model-replicas=1,3,145.0,standard-long-context,0,poisson,,10240,44,43,1,,not_applicable
1-replica-repeat-3,model-replicas=1,3,146.0,standard-long-context,0,poisson,,10240,44,44,0,,not_applicable
1-replica-repeat-3,model-replicas=1,3,147.0,standard-long-context,0,poisson,,10240,45,44,1,,not_applicable
1-replica-repeat-3,model-replicas=1,3,148.0,standard-long-context,0,poisson,,10240,46,45,1,,not_applicable
1-replica-repeat-3,model-replicas=1,3,149.0,standard-long-context,0,poisson,,10240,47,46,1,,not_applicable
1-replica-repeat-3,model-replicas=1,3,150.0,standard-long-context,0,poisson,,10240,48,47,1,,not_applicable
1-replica-repeat-3,model-replicas=1,3,151.0,standard-long-context,0,poisson,,10240,48,48,0,,not_applicable
1-replica-repeat-3,model-replicas=1,3,152.0,standard-long-context,0,poisson,,10240,48,48,0,,not_applicable
1-replica-repeat-3,model-replicas=1,3,153.0,standard-long-context,0,poisson,,10240,49,48,1,,not_applicable
1-replica-repeat-3,model-replicas=1,3,154.0,standard-long-context,0,poisson,,10240,49,49,0,,not_applicable
1-replica-repeat-3,model-replicas=1,3,155.0,standard-long-context,0,poisson,,10240,50,49,1,,not_applicable
1-replica-repeat-3,model-replicas=1,3,156.0,standard-long-context,0,poisson,,10240,51,49,2,,not_applicable
1-replica-repeat-3,model-replicas=1,3,157.0,standard-long-context,0,poisson,,10240,52,51,1,,not_applicable
1-replica-repeat-3,model-replicas=1,3,158.0,standard-long-context,0,poisson,,10240,52,52,0,,not_applicable
1-replica-repeat-3,model-replicas=1,3,159.0,standard-long-context,0,poisson,,10240,52,52,0,,not_applicable
1-replica-repeat-3,model-replicas=1,3,160.0,standard-long-context,0,poisson,,10240,52,52,0,,not_applicable
1-replica-repeat-3,model-replicas=1,3,161.0,standard-long-context,0,poisson,,10240,52,52,0,,not_applicable
1-replica-repeat-3,model-replicas=1,3,162.0,standard-long-context,0,poisson,,10240,52,52,0,,not_applicable
1-replica-repeat-3,model-replicas=1,3,163.0,standard-long-context,0,poisson,,10240,53,52,1,,not_applicable
1-replica-repeat-3,model-replicas=1,3,164.0,standard-long-context,0,poisson,,10240,53,53,0,,not_applicable
1-replica-repeat-3,model-replicas=1,3,165.0,standard-long-context,0,poisson,,10240,53,53,0,,not_applicable
1-replica-repeat-3,model-replicas=1,3,166.0,standard-long-context,0,poisson,,10240,53,53,0,,not_applicable
1-replica-repeat-3,model-replicas=1,3,167.0,standard-long-context,0,poisson,,10240,54,53,1,,not_applicable
1-replica-repeat-3,model-replicas=1,3,168.0,standard-long-context,0,poisson,,10240,54,54,0,,not_applicable
1-replica-repeat-3,model-replicas=1,3,169.0,standard-long-context,0,poisson,,10240,54,54,0,,not_applicable
1-replica-repeat-3,model-replicas=1,3,170.0,standard-long-context,0,poisson,,10240,54,54,0,,not_applicable
1-replica-repeat-3,model-replicas=1,3,171.0,standard-long-context,0,poisson,,10240,54,54,0,,not_applicable
1-replica-repeat-3,model-replicas=1,3,172.0,standard-long-context,0,poisson,,10240,55,55,0,,not_applicable
1-replica-repeat-3,model-replicas=1,3,173.0,standard-long-context,0,poisson,,10240,56,55,1,,not_applicable
1-replica-repeat-3,model-replicas=1,3,174.0,standard-long-context,0,poisson,,10240,56,56,0,,not_applicable
1-replica-repeat-3,model-replicas=1,3,175.0,standard-long-context,0,poisson,,10240,56,56,0,,not_applicable
1-replica-repeat-3,model-replicas=1,3,176.0,standard-long-context,0,poisson,,10240,59,56,3,,not_applicable
1-replica-repeat-3,model-replicas=1,3,177.0,standard-long-context,0,poisson,,10240,60,56,4,,not_applicable
1-replica-repeat-3,model-replicas=1,3,178.0,standard-long-context,0,poisson,,10240,62,60,2,,not_applicable
1-replica-repeat-3,model-replicas=1,3,179.0,standard-long-context,0,poisson,,10240,62,60,2,,not_applicable
1-replica-repeat-3,model-replicas=1,3,180.0,standard-long-context,0,poisson,,10240,62,62,0,,not_applicable
1-replica-repeat-3,model-replicas=1,3,181.0,standard-long-context,0,poisson,,10240,62,62,0,,not_applicable
1-replica-repeat-3,model-replicas=1,3,182.0,standard-long-context,0,poisson,,10240,62,62,0,,not_applicable
1-replica-repeat-3,model-replicas=1,3,183.0,standard-long-context,0,poisson,,10240,62,62,0,,not_applicable
1-replica-repeat-3,model-replicas=1,3,184.0,standard-long-context,0,poisson,,10240,64,62,2,,not_applicable
1-replica-repeat-3,model-replicas=1,3,185.0,standard-long-context,0,poisson,,10240,64,64,0,,not_applicable
1-replica-repeat-3,model-replicas=1,3,186.0,standard-long-context,0,poisson,,10240,64,64,0,,not_applicable
1-replica-repeat-3,model-replicas=1,3,187.0,standard-long-context,0,poisson,,10240,64,64,0,,not_applicable
1-replica-repeat-3,model-replicas=1,3,188.0,standard-long-context,0,poisson,,10240,64,64,0,,not_applicable
1-replica-repeat-3,model-replicas=1,3,189.0,standard-long-context,0,poisson,,10240,66,64,2,,not_applicable
1-replica-repeat-3,model-replicas=1,3,190.0,standard-long-context,0,poisson,,10240,67,64,3,,not_applicable
1-replica-repeat-3,model-replicas=1,3,191.0,standard-long-context,0,poisson,,10240,68,66,2,,not_applicable
1-replica-repeat-3,model-replicas=1,3,192.0,standard-long-context,0,poisson,,10240,68,67,1,,not_applicable
1-replica-repeat-3,model-replicas=1,3,193.0,standard-long-context,0,poisson,,10240,68,68,0,,not_applicable
1-replica-repeat-3,model-replicas=1,3,194.0,standard-long-context,0,poisson,,10240,68,68,0,,not_applicable
1-replica-repeat-3,model-replicas=1,3,195.0,standard-long-context,0,poisson,,10240,68,68,0,,not_applicable
1-replica-repeat-3,model-replicas=1,3,196.0,standard-long-context,0,poisson,,10240,69,68,1,,not_applicable
1-replica-repeat-3,model-replicas=1,3,197.0,standard-long-context,0,poisson,,10240,69,69,0,,not_applicable
1-replica-repeat-3,model-replicas=1,3,198.0,standard-long-context,0,poisson,,10240,70,69,1,,not_applicable
1-replica-repeat-3,model-replicas=1,3,199.0,standard-long-context,0,poisson,,10240,71,70,1,,not_applicable
1-replica-repeat-3,model-replicas=1,3,200.0,standard-long-context,0,poisson,,10240,71,71,0,,not_applicable
1-replica-repeat-3,model-replicas=1,3,201.0,standard-long-context,0,poisson,,10240,72,71,1,,not_applicable
1-replica-repeat-3,model-replicas=1,3,202.0,standard-long-context,0,poisson,,10240,74,71,3,,not_applicable
1-replica-repeat-3,model-replicas=1,3,203.0,standard-long-context,0,poisson,,10240,74,74,0,,not_applicable
1-replica-repeat-3,model-replicas=1,3,204.0,standard-long-context,0,poisson,,10240,74,74,0,,not_applicable
1-replica-repeat-3,model-replicas=1,3,205.0,standard-long-context,0,poisson,,10240,74,74,0,,not_applicable
1-replica-repeat-3,model-replicas=1,3,206.0,standard-long-context,0,poisson,,10240,75,74,1,,not_applicable
1-replica-repeat-3,model-replicas=1,3,207.0,standard-long-context,0,poisson,,10240,76,75,1,,not_applicable
1-replica-repeat-3,model-replicas=1,3,208.0,standard-long-context,0,poisson,,10240,77,76,1,,not_applicable
1-replica-repeat-3,model-replicas=1,3,209.0,standard-long-context,0,poisson,,10240,77,77,0,,not_applicable
1-replica-repeat-3,model-replicas=1,3,210.0,standard-long-context,0,poisson,,10240,78,77,1,,not_applicable
1-replica-repeat-3,model-replicas=1,3,211.0,standard-long-context,0,poisson,,10240,78,78,0,,not_applicable
1-replica-repeat-3,model-replicas=1,3,212.0,standard-long-context,0,poisson,,10240,78,78,0,,not_applicable
1-replica-repeat-3,model-replicas=1,3,213.0,standard-long-context,0,poisson,,10240,78,78,0,,not_applicable
1-replica-repeat-3,model-replicas=1,3,214.0,standard-long-context,0,poisson,,10240,78,78,0,,not_applicable
1-replica-repeat-3,model-replicas=1,3,215.0,standard-long-context,0,poisson,,10240,78,78,0,,not_applicable
1-replica-repeat-3,model-replicas=1,3,216.0,standard-long-context,0,poisson,,10240,78,78,0,,not_applicable
1-replica-repeat-3,model-replicas=1,3,217.0,standard-long-context,0,poisson,,10240,78,78,0,,not_applicable
1-replica-repeat-3,model-replicas=1,3,218.0,standard-long-context,0,poisson,,10240,78,78,0,,not_applicable
1-replica-repeat-3,model-replicas=1,3,219.0,standard-long-context,0,poisson,,10240,78,78,0,,not_applicable
1-replica-repeat-3,model-replicas=1,3,220.0,standard-long-context,0,poisson,,10240,78,78,0,,not_applicable
1-replica-repeat-3,model-replicas=1,3,221.0,standard-long-context,0,poisson,,10240,78,78,0,,not_applicable
1-replica-repeat-3,model-replicas=1,3,222.0,standard-long-context,0,poisson,,10240,78,78,0,,not_applicable
1-replica-repeat-3,model-replicas=1,3,223.0,standard-long-context,0,poisson,,10240,78,78,0,,not_applicable
1-replica-repeat-3,model-replicas=1,3,224.0,standard-long-context,0,poisson,,10240,78,78,0,,not_applicable
1-replica-repeat-3,model-replicas=1,3,225.0,standard-long-context,0,poisson,,10240,78,78,0,,not_applicable
1-replica-repeat-3,model-replicas=1,3,226.0,standard-long-context,0,poisson,,10240,78,78,0,,not_applicable
1-replica-repeat-3,model-replicas=1,3,227.0,standard-long-context,0,poisson,,10240,78,78,0,,not_applicable
1-replica-repeat-3,model-replicas=1,3,228.0,standard-long-context,0,poisson,,10240,78,78,0,,not_applicable
1-replica-repeat-3,model-replicas=1,3,229.0,standard-long-context,0,poisson,,10240,78,78,0,,not_applicable
1-replica-repeat-3,model-replicas=1,3,230.0,standard-long-context,0,poisson,,10240,78,78,0,,not_applicable
1-replica-repeat-3,model-replicas=1,3,231.0,standard-long-context,0,poisson,,10240,78,78,0,,not_applicable
1-replica-repeat-3,model-replicas=1,3,232.0,standard-long-context,0,poisson,,10240,78,78,0,,not_applicable
1-replica-repeat-3,model-replicas=1,3,233.0,standard-long-context,0,poisson,,10240,78,78,0,,not_applicable
1-replica-repeat-3,model-replicas=1,3,234.0,standard-long-context,0,poisson,,10240,78,78,0,,not_applicable
1-replica-repeat-3,model-replicas=1,3,235.0,standard-long-context,0,poisson,,10240,78,78,0,,not_applicable
1-replica-repeat-3,model-replicas=1,3,236.0,standard-long-context,0,poisson,,10240,78,78,0,,not_applicable
1-replica-repeat-3,model-replicas=1,3,237.0,standard-long-context,0,poisson,,10240,78,78,0,,not_applicable
1-replica-repeat-3,model-replicas=1,3,238.0,standard-long-context,0,poisson,,10240,78,78,0,,not_applicable
1-replica-repeat-3,model-replicas=1,3,239.0,standard-long-context,0,poisson,,10240,78,78,0,,not_applicable
1-replica-repeat-3,model-replicas=1,3,240.0,standard-long-context,0,poisson,,10240,78,78,0,,not_applicable
1-replica-repeat-3,model-replicas=1,3,241.0,standard-long-context,0,poisson,,10240,78,78,0,,not_applicable
1-replica-repeat-3,model-replicas=1,3,242.0,standard-long-context,0,poisson,,10240,78,78,0,,not_applicable
1-replica-repeat-3,model-replicas=1,3,243.0,standard-long-context,0,poisson,,10240,78,78,0,,not_applicable
1-replica-repeat-3,model-replicas=1,3,244.0,standard-long-context,0,poisson,,10240,78,78,0,,not_applicable
1-replica-repeat-3,model-replicas=1,3,245.0,standard-long-context,0,poisson,,10240,78,78,0,,not_applicable
1-replica-repeat-3,model-replicas=1,3,246.0,standard-long-context,0,poisson,,10240,78,78,0,,not_applicable
1-replica-repeat-3,model-replicas=1,3,247.0,standard-long-context,0,poisson,,10240,78,78,0,,not_applicable
1-replica-repeat-3,model-replicas=1,3,248.0,standard-long-context,0,poisson,,10240,78,78,0,,not_applicable
1-replica-repeat-3,model-replicas=1,3,249.0,standard-long-context,0,poisson,,10240,78,78,0,,not_applicable
1-replica-repeat-3,model-replicas=1,3,250.0,standard-long-context,0,poisson,,10240,78,78,0,,not_applicable
1-replica-repeat-3,model-replicas=1,3,251.0,standard-long-context,0,poisson,,10240,78,78,0,,not_applicable
1-replica-repeat-3,model-replicas=1,3,252.0,standard-long-context,0,poisson,,10240,78,78,0,,not_applicable
1-replica-repeat-3,model-replicas=1,3,253.0,standard-long-context,0,poisson,,10240,78,78,0,,not_applicable
1-replica-repeat-3,model-replicas=1,3,254.0,standard-long-context,0,poisson,,10240,78,78,0,,not_applicable
1-replica-repeat-3,model-replicas=1,3,255.0,standard-long-context,0,poisson,,10240,78,78,0,,not_applicable
1-replica-repeat-3,model-replicas=1,3,256.0,standard-long-context,0,poisson,,10240,78,78,0,,not_applicable
1-replica-repeat-3,model-replicas=1,3,257.0,standard-long-context,0,poisson,,10240,78,78,0,,not_applicable
1-replica-repeat-3,model-replicas=1,3,258.0,standard-long-context,0,poisson,,10240,78,78,0,,not_applicable
1-replica-repeat-3,model-replicas=1,3,259.0,standard-long-context,0,poisson,,10240,78,78,0,,not_applicable
1-replica-repeat-3,model-replicas=1,3,260.0,standard-long-context,0,poisson,,10240,78,78,0,,not_applicable
1-replica-repeat-3,model-replicas=1,3,261.0,standard-long-context,0,poisson,,10240,78,78,0,,not_applicable
1-replica-repeat-3,model-replicas=1,3,262.0,standard-long-context,0,poisson,,10240,78,78,0,,not_applicable
1-replica-repeat-3,model-replicas=1,3,263.0,standard-long-context,0,poisson,,10240,78,78,0,,not_applicable
1-replica-repeat-3,model-replicas=1,3,264.0,standard-long-context,0,poisson,,10240,78,78,0,,not_applicable
1-replica-repeat-3,model-replicas=1,3,265.0,standard-long-context,0,poisson,,10240,78,78,0,,not_applicable
1-replica-repeat-3,model-replicas=1,3,266.0,standard-long-context,0,poisson,,10240,78,78,0,,not_applicable
1-replica-repeat-3,model-replicas=1,3,267.0,standard-long-context,0,poisson,,10240,78,78,0,,not_applicable
1-replica-repeat-3,model-replicas=1,3,268.0,standard-long-context,0,poisson,,10240,78,78,0,,not_applicable
1-replica-repeat-3,model-replicas=1,3,269.0,standard-long-context,0,poisson,,10240,78,78,0,,not_applicable
1-replica-repeat-3,model-replicas=1,3,270.0,standard-long-context,0,poisson,,10240,78,78,0,,not_applicable
2-replica-repeat-3,model-replicas=2,3,0.0,realtime-chat,100,poisson,,10240,0,0,0,,not_applicable
2-replica-repeat-3,model-replicas=2,3,1.0,realtime-chat,100,poisson,,10240,10,1,9,,not_applicable
2-replica-repeat-3,model-replicas=2,3,2.0,realtime-chat,100,poisson,,10240,18,8,10,,not_applicable
2-replica-repeat-3,model-replicas=2,3,3.0,realtime-chat,100,poisson,,10240,29,14,15,,not_applicable
2-replica-repeat-3,model-replicas=2,3,4.0,realtime-chat,100,poisson,,10240,38,19,19,,not_applicable
2-replica-repeat-3,model-replicas=2,3,5.0,realtime-chat,100,poisson,,10240,44,24,20,,not_applicable
2-replica-repeat-3,model-replicas=2,3,6.0,realtime-chat,100,poisson,,10240,50,29,21,,not_applicable
2-replica-repeat-3,model-replicas=2,3,7.0,realtime-chat,100,poisson,,10240,59,53,6,,not_applicable
2-replica-repeat-3,model-replicas=2,3,8.0,realtime-chat,100,poisson,,10240,67,65,2,,not_applicable
2-replica-repeat-3,model-replicas=2,3,9.0,realtime-chat,100,poisson,,10240,79,74,5,,not_applicable
2-replica-repeat-3,model-replicas=2,3,10.0,realtime-chat,100,poisson,,10240,86,82,4,,not_applicable
2-replica-repeat-3,model-replicas=2,3,11.0,realtime-chat,100,poisson,,10240,93,86,7,,not_applicable
2-replica-repeat-3,model-replicas=2,3,12.0,realtime-chat,100,poisson,,10240,101,96,5,,not_applicable
2-replica-repeat-3,model-replicas=2,3,13.0,realtime-chat,100,poisson,,10240,108,103,5,,not_applicable
2-replica-repeat-3,model-replicas=2,3,14.0,realtime-chat,100,poisson,,10240,115,113,2,,not_applicable
2-replica-repeat-3,model-replicas=2,3,15.0,realtime-chat,100,poisson,,10240,125,115,10,,not_applicable
2-replica-repeat-3,model-replicas=2,3,16.0,realtime-chat,100,poisson,,10240,135,122,13,,not_applicable
2-replica-repeat-3,model-replicas=2,3,17.0,realtime-chat,100,poisson,,10240,145,142,3,,not_applicable
2-replica-repeat-3,model-replicas=2,3,18.0,realtime-chat,100,poisson,,10240,154,147,7,,not_applicable
2-replica-repeat-3,model-replicas=2,3,19.0,realtime-chat,100,poisson,,10240,164,158,6,,not_applicable
2-replica-repeat-3,model-replicas=2,3,20.0,realtime-chat,100,poisson,,10240,172,169,3,,not_applicable
2-replica-repeat-3,model-replicas=2,3,21.0,realtime-chat,100,poisson,,10240,179,177,2,,not_applicable
2-replica-repeat-3,model-replicas=2,3,22.0,realtime-chat,100,poisson,,10240,185,184,1,,not_applicable
2-replica-repeat-3,model-replicas=2,3,23.0,realtime-chat,100,poisson,,10240,189,187,2,,not_applicable
2-replica-repeat-3,model-replicas=2,3,24.0,realtime-chat,100,poisson,,10240,196,195,1,,not_applicable
2-replica-repeat-3,model-replicas=2,3,25.0,realtime-chat,100,poisson,,10240,200,197,3,,not_applicable
2-replica-repeat-3,model-replicas=2,3,26.0,realtime-chat,100,poisson,,10240,210,206,4,,not_applicable
2-replica-repeat-3,model-replicas=2,3,27.0,realtime-chat,100,poisson,,10240,216,212,4,,not_applicable
2-replica-repeat-3,model-replicas=2,3,28.0,realtime-chat,100,poisson,,10240,222,220,2,,not_applicable
2-replica-repeat-3,model-replicas=2,3,29.0,realtime-chat,100,poisson,,10240,225,225,0,,not_applicable
2-replica-repeat-3,model-replicas=2,3,30.0,realtime-chat,100,poisson,,10240,233,225,8,,not_applicable
2-replica-repeat-3,model-replicas=2,3,31.0,realtime-chat,100,poisson,,10240,241,236,5,,not_applicable
2-replica-repeat-3,model-replicas=2,3,32.0,realtime-chat,100,poisson,,10240,251,246,5,,not_applicable
2-replica-repeat-3,model-replicas=2,3,33.0,realtime-chat,100,poisson,,10240,254,253,1,,not_applicable
2-replica-repeat-3,model-replicas=2,3,34.0,realtime-chat,100,poisson,,10240,265,259,6,,not_applicable
2-replica-repeat-3,model-replicas=2,3,35.0,realtime-chat,100,poisson,,10240,269,269,0,,not_applicable
2-replica-repeat-3,model-replicas=2,3,36.0,realtime-chat,100,poisson,,10240,275,273,2,,not_applicable
2-replica-repeat-3,model-replicas=2,3,37.0,realtime-chat,100,poisson,,10240,287,279,8,,not_applicable
2-replica-repeat-3,model-replicas=2,3,38.0,realtime-chat,100,poisson,,10240,295,292,3,,not_applicable
2-replica-repeat-3,model-replicas=2,3,39.0,realtime-chat,100,poisson,,10240,303,299,4,,not_applicable
2-replica-repeat-3,model-replicas=2,3,40.0,realtime-chat,100,poisson,,10240,308,306,2,,not_applicable
2-replica-repeat-3,model-replicas=2,3,41.0,realtime-chat,100,poisson,,10240,318,312,6,,not_applicable
2-replica-repeat-3,model-replicas=2,3,42.0,realtime-chat,100,poisson,,10240,324,320,4,,not_applicable
2-replica-repeat-3,model-replicas=2,3,43.0,realtime-chat,100,poisson,,10240,333,328,5,,not_applicable
2-replica-repeat-3,model-replicas=2,3,44.0,realtime-chat,100,poisson,,10240,340,335,5,,not_applicable
2-replica-repeat-3,model-replicas=2,3,45.0,realtime-chat,100,poisson,,10240,354,342,12,,not_applicable
2-replica-repeat-3,model-replicas=2,3,46.0,realtime-chat,100,poisson,,10240,359,357,2,,not_applicable
2-replica-repeat-3,model-replicas=2,3,47.0,realtime-chat,100,poisson,,10240,371,362,9,,not_applicable
2-replica-repeat-3,model-replicas=2,3,48.0,realtime-chat,100,poisson,,10240,382,375,7,,not_applicable
2-replica-repeat-3,model-replicas=2,3,49.0,realtime-chat,100,poisson,,10240,391,386,5,,not_applicable
2-replica-repeat-3,model-replicas=2,3,50.0,realtime-chat,100,poisson,,10240,403,397,6,,not_applicable
2-replica-repeat-3,model-replicas=2,3,51.0,realtime-chat,100,poisson,,10240,412,410,2,,not_applicable
2-replica-repeat-3,model-replicas=2,3,52.0,realtime-chat,100,poisson,,10240,420,414,6,,not_applicable
2-replica-repeat-3,model-replicas=2,3,53.0,realtime-chat,100,poisson,,10240,433,423,10,,not_applicable
2-replica-repeat-3,model-replicas=2,3,54.0,realtime-chat,100,poisson,,10240,440,436,4,,not_applicable
2-replica-repeat-3,model-replicas=2,3,55.0,realtime-chat,100,poisson,,10240,450,444,6,,not_applicable
2-replica-repeat-3,model-replicas=2,3,56.0,realtime-chat,100,poisson,,10240,462,454,8,,not_applicable
2-replica-repeat-3,model-replicas=2,3,57.0,realtime-chat,100,poisson,,10240,467,465,2,,not_applicable
2-replica-repeat-3,model-replicas=2,3,58.0,realtime-chat,100,poisson,,10240,475,472,3,,not_applicable
2-replica-repeat-3,model-replicas=2,3,59.0,realtime-chat,100,poisson,,10240,484,478,6,,not_applicable
2-replica-repeat-3,model-replicas=2,3,60.0,realtime-chat,100,poisson,,10240,490,487,3,,not_applicable
2-replica-repeat-3,model-replicas=2,3,61.0,realtime-chat,100,poisson,,10240,494,492,2,,not_applicable
2-replica-repeat-3,model-replicas=2,3,62.0,realtime-chat,100,poisson,,10240,502,498,4,,not_applicable
2-replica-repeat-3,model-replicas=2,3,63.0,realtime-chat,100,poisson,,10240,508,506,2,,not_applicable
2-replica-repeat-3,model-replicas=2,3,64.0,realtime-chat,100,poisson,,10240,511,509,2,,not_applicable
2-replica-repeat-3,model-replicas=2,3,65.0,realtime-chat,100,poisson,,10240,515,515,0,,not_applicable
2-replica-repeat-3,model-replicas=2,3,66.0,realtime-chat,100,poisson,,10240,523,519,4,,not_applicable
2-replica-repeat-3,model-replicas=2,3,67.0,realtime-chat,100,poisson,,10240,538,525,13,,not_applicable
2-replica-repeat-3,model-replicas=2,3,68.0,realtime-chat,100,poisson,,10240,547,541,6,,not_applicable
2-replica-repeat-3,model-replicas=2,3,69.0,realtime-chat,100,poisson,,10240,554,549,5,,not_applicable
2-replica-repeat-3,model-replicas=2,3,70.0,realtime-chat,100,poisson,,10240,565,555,10,,not_applicable
2-replica-repeat-3,model-replicas=2,3,71.0,realtime-chat,100,poisson,,10240,570,567,3,,not_applicable
2-replica-repeat-3,model-replicas=2,3,72.0,realtime-chat,100,poisson,,10240,576,571,5,,not_applicable
2-replica-repeat-3,model-replicas=2,3,73.0,realtime-chat,100,poisson,,10240,582,577,5,,not_applicable
2-replica-repeat-3,model-replicas=2,3,74.0,realtime-chat,100,poisson,,10240,593,578,15,,not_applicable
2-replica-repeat-3,model-replicas=2,3,75.0,realtime-chat,100,poisson,,10240,600,585,15,,not_applicable
2-replica-repeat-3,model-replicas=2,3,76.0,realtime-chat,100,poisson,,10240,608,601,7,,not_applicable
2-replica-repeat-3,model-replicas=2,3,77.0,realtime-chat,100,poisson,,10240,611,608,3,,not_applicable
2-replica-repeat-3,model-replicas=2,3,78.0,realtime-chat,100,poisson,,10240,620,613,7,,not_applicable
2-replica-repeat-3,model-replicas=2,3,79.0,realtime-chat,100,poisson,,10240,629,618,11,,not_applicable
2-replica-repeat-3,model-replicas=2,3,80.0,realtime-chat,100,poisson,,10240,640,631,9,,not_applicable
2-replica-repeat-3,model-replicas=2,3,81.0,realtime-chat,100,poisson,,10240,658,641,17,,not_applicable
2-replica-repeat-3,model-replicas=2,3,82.0,realtime-chat,100,poisson,,10240,666,643,23,,not_applicable
2-replica-repeat-3,model-replicas=2,3,83.0,realtime-chat,100,poisson,,10240,674,648,26,,not_applicable
2-replica-repeat-3,model-replicas=2,3,84.0,realtime-chat,100,poisson,,10240,690,671,19,,not_applicable
2-replica-repeat-3,model-replicas=2,3,85.0,realtime-chat,100,poisson,,10240,701,692,9,,not_applicable
2-replica-repeat-3,model-replicas=2,3,86.0,realtime-chat,100,poisson,,10240,712,705,7,,not_applicable
2-replica-repeat-3,model-replicas=2,3,87.0,realtime-chat,100,poisson,,10240,722,713,9,,not_applicable
2-replica-repeat-3,model-replicas=2,3,88.0,realtime-chat,100,poisson,,10240,732,714,18,,not_applicable
2-replica-repeat-3,model-replicas=2,3,89.0,realtime-chat,100,poisson,,10240,740,730,10,,not_applicable
2-replica-repeat-3,model-replicas=2,3,90.0,realtime-chat,100,poisson,,10240,745,741,4,,not_applicable
2-replica-repeat-3,model-replicas=2,3,91.0,realtime-chat,100,poisson,,10240,752,743,9,,not_applicable
2-replica-repeat-3,model-replicas=2,3,92.0,realtime-chat,100,poisson,,10240,766,753,13,,not_applicable
2-replica-repeat-3,model-replicas=2,3,93.0,realtime-chat,100,poisson,,10240,779,763,16,,not_applicable
2-replica-repeat-3,model-replicas=2,3,94.0,realtime-chat,100,poisson,,10240,789,776,13,,not_applicable
2-replica-repeat-3,model-replicas=2,3,95.0,realtime-chat,100,poisson,,10240,797,791,6,,not_applicable
2-replica-repeat-3,model-replicas=2,3,96.0,realtime-chat,100,poisson,,10240,803,798,5,,not_applicable
2-replica-repeat-3,model-replicas=2,3,97.0,realtime-chat,100,poisson,,10240,806,806,0,,not_applicable
2-replica-repeat-3,model-replicas=2,3,98.0,realtime-chat,100,poisson,,10240,811,808,3,,not_applicable
2-replica-repeat-3,model-replicas=2,3,99.0,realtime-chat,100,poisson,,10240,817,814,3,,not_applicable
2-replica-repeat-3,model-replicas=2,3,100.0,realtime-chat,100,poisson,,10240,826,820,6,,not_applicable
2-replica-repeat-3,model-replicas=2,3,101.0,realtime-chat,100,poisson,,10240,833,829,4,,not_applicable
2-replica-repeat-3,model-replicas=2,3,102.0,realtime-chat,100,poisson,,10240,843,834,9,,not_applicable
2-replica-repeat-3,model-replicas=2,3,103.0,realtime-chat,100,poisson,,10240,847,843,4,,not_applicable
2-replica-repeat-3,model-replicas=2,3,104.0,realtime-chat,100,poisson,,10240,852,849,3,,not_applicable
2-replica-repeat-3,model-replicas=2,3,105.0,realtime-chat,100,poisson,,10240,857,853,4,,not_applicable
2-replica-repeat-3,model-replicas=2,3,106.0,realtime-chat,100,poisson,,10240,865,862,3,,not_applicable
2-replica-repeat-3,model-replicas=2,3,107.0,realtime-chat,100,poisson,,10240,872,866,6,,not_applicable
2-replica-repeat-3,model-replicas=2,3,108.0,realtime-chat,100,poisson,,10240,884,872,12,,not_applicable
2-replica-repeat-3,model-replicas=2,3,109.0,realtime-chat,100,poisson,,10240,891,875,16,,not_applicable
2-replica-repeat-3,model-replicas=2,3,110.0,realtime-chat,100,poisson,,10240,897,892,5,,not_applicable
2-replica-repeat-3,model-replicas=2,3,111.0,realtime-chat,100,poisson,,10240,904,897,7,,not_applicable
2-replica-repeat-3,model-replicas=2,3,112.0,realtime-chat,100,poisson,,10240,909,904,5,,not_applicable
2-replica-repeat-3,model-replicas=2,3,113.0,realtime-chat,100,poisson,,10240,918,916,2,,not_applicable
2-replica-repeat-3,model-replicas=2,3,114.0,realtime-chat,100,poisson,,10240,923,918,5,,not_applicable
2-replica-repeat-3,model-replicas=2,3,115.0,realtime-chat,100,poisson,,10240,936,927,9,,not_applicable
2-replica-repeat-3,model-replicas=2,3,116.0,realtime-chat,100,poisson,,10240,944,938,6,,not_applicable
2-replica-repeat-3,model-replicas=2,3,117.0,realtime-chat,100,poisson,,10240,951,944,7,,not_applicable
2-replica-repeat-3,model-replicas=2,3,118.0,realtime-chat,100,poisson,,10240,962,947,15,,not_applicable
2-replica-repeat-3,model-replicas=2,3,119.0,realtime-chat,100,poisson,,10240,969,964,5,,not_applicable
2-replica-repeat-3,model-replicas=2,3,120.0,realtime-chat,100,poisson,,10240,982,969,13,,not_applicable
2-replica-repeat-3,model-replicas=2,3,121.0,realtime-chat,100,poisson,,10240,992,974,18,,not_applicable
2-replica-repeat-3,model-replicas=2,3,122.0,realtime-chat,100,poisson,,10240,1001,981,20,,not_applicable
2-replica-repeat-3,model-replicas=2,3,123.0,realtime-chat,100,poisson,,10240,1007,1005,2,,not_applicable
2-replica-repeat-3,model-replicas=2,3,124.0,realtime-chat,100,poisson,,10240,1012,1007,5,,not_applicable
2-replica-repeat-3,model-replicas=2,3,125.0,realtime-chat,100,poisson,,10240,1018,1016,2,,not_applicable
2-replica-repeat-3,model-replicas=2,3,126.0,realtime-chat,100,poisson,,10240,1026,1020,6,,not_applicable
2-replica-repeat-3,model-replicas=2,3,127.0,realtime-chat,100,poisson,,10240,1036,1026,10,,not_applicable
2-replica-repeat-3,model-replicas=2,3,128.0,realtime-chat,100,poisson,,10240,1042,1038,4,,not_applicable
2-replica-repeat-3,model-replicas=2,3,129.0,realtime-chat,100,poisson,,10240,1055,1047,8,,not_applicable
2-replica-repeat-3,model-replicas=2,3,130.0,realtime-chat,100,poisson,,10240,1061,1058,3,,not_applicable
2-replica-repeat-3,model-replicas=2,3,131.0,realtime-chat,100,poisson,,10240,1069,1063,6,,not_applicable
2-replica-repeat-3,model-replicas=2,3,132.0,realtime-chat,100,poisson,,10240,1076,1069,7,,not_applicable
2-replica-repeat-3,model-replicas=2,3,133.0,realtime-chat,100,poisson,,10240,1084,1078,6,,not_applicable
2-replica-repeat-3,model-replicas=2,3,134.0,realtime-chat,100,poisson,,10240,1093,1086,7,,not_applicable
2-replica-repeat-3,model-replicas=2,3,135.0,realtime-chat,100,poisson,,10240,1102,1091,11,,not_applicable
2-replica-repeat-3,model-replicas=2,3,136.0,realtime-chat,100,poisson,,10240,1111,1105,6,,not_applicable
2-replica-repeat-3,model-replicas=2,3,137.0,realtime-chat,100,poisson,,10240,1116,1115,1,,not_applicable
2-replica-repeat-3,model-replicas=2,3,138.0,realtime-chat,100,poisson,,10240,1122,1119,3,,not_applicable
2-replica-repeat-3,model-replicas=2,3,139.0,realtime-chat,100,poisson,,10240,1131,1123,8,,not_applicable
2-replica-repeat-3,model-replicas=2,3,140.0,realtime-chat,100,poisson,,10240,1137,1133,4,,not_applicable
2-replica-repeat-3,model-replicas=2,3,141.0,realtime-chat,100,poisson,,10240,1148,1141,7,,not_applicable
2-replica-repeat-3,model-replicas=2,3,142.0,realtime-chat,100,poisson,,10240,1151,1149,2,,not_applicable
2-replica-repeat-3,model-replicas=2,3,143.0,realtime-chat,100,poisson,,10240,1158,1152,6,,not_applicable
2-replica-repeat-3,model-replicas=2,3,144.0,realtime-chat,100,poisson,,10240,1165,1155,10,,not_applicable
2-replica-repeat-3,model-replicas=2,3,145.0,realtime-chat,100,poisson,,10240,1172,1165,7,,not_applicable
2-replica-repeat-3,model-replicas=2,3,146.0,realtime-chat,100,poisson,,10240,1187,1169,18,,not_applicable
2-replica-repeat-3,model-replicas=2,3,147.0,realtime-chat,100,poisson,,10240,1194,1187,7,,not_applicable
2-replica-repeat-3,model-replicas=2,3,148.0,realtime-chat,100,poisson,,10240,1202,1196,6,,not_applicable
2-replica-repeat-3,model-replicas=2,3,149.0,realtime-chat,100,poisson,,10240,1209,1205,4,,not_applicable
2-replica-repeat-3,model-replicas=2,3,150.0,realtime-chat,100,poisson,,10240,1219,1209,10,,not_applicable
2-replica-repeat-3,model-replicas=2,3,151.0,realtime-chat,100,poisson,,10240,1228,1219,9,,not_applicable
2-replica-repeat-3,model-replicas=2,3,152.0,realtime-chat,100,poisson,,10240,1240,1233,7,,not_applicable
2-replica-repeat-3,model-replicas=2,3,153.0,realtime-chat,100,poisson,,10240,1248,1240,8,,not_applicable
2-replica-repeat-3,model-replicas=2,3,154.0,realtime-chat,100,poisson,,10240,1260,1242,18,,not_applicable
2-replica-repeat-3,model-replicas=2,3,155.0,realtime-chat,100,poisson,,10240,1267,1262,5,,not_applicable
2-replica-repeat-3,model-replicas=2,3,156.0,realtime-chat,100,poisson,,10240,1278,1273,5,,not_applicable
2-replica-repeat-3,model-replicas=2,3,157.0,realtime-chat,100,poisson,,10240,1290,1280,10,,not_applicable
2-replica-repeat-3,model-replicas=2,3,158.0,realtime-chat,100,poisson,,10240,1304,1293,11,,not_applicable
2-replica-repeat-3,model-replicas=2,3,159.0,realtime-chat,100,poisson,,10240,1313,1306,7,,not_applicable
2-replica-repeat-3,model-replicas=2,3,160.0,realtime-chat,100,poisson,,10240,1319,1313,6,,not_applicable
2-replica-repeat-3,model-replicas=2,3,161.0,realtime-chat,100,poisson,,10240,1325,1322,3,,not_applicable
2-replica-repeat-3,model-replicas=2,3,162.0,realtime-chat,100,poisson,,10240,1331,1328,3,,not_applicable
2-replica-repeat-3,model-replicas=2,3,163.0,realtime-chat,100,poisson,,10240,1339,1334,5,,not_applicable
2-replica-repeat-3,model-replicas=2,3,164.0,realtime-chat,100,poisson,,10240,1350,1342,8,,not_applicable
2-replica-repeat-3,model-replicas=2,3,165.0,realtime-chat,100,poisson,,10240,1359,1349,10,,not_applicable
2-replica-repeat-3,model-replicas=2,3,166.0,realtime-chat,100,poisson,,10240,1366,1359,7,,not_applicable
2-replica-repeat-3,model-replicas=2,3,167.0,realtime-chat,100,poisson,,10240,1371,1366,5,,not_applicable
2-replica-repeat-3,model-replicas=2,3,168.0,realtime-chat,100,poisson,,10240,1376,1372,4,,not_applicable
2-replica-repeat-3,model-replicas=2,3,169.0,realtime-chat,100,poisson,,10240,1386,1378,8,,not_applicable
2-replica-repeat-3,model-replicas=2,3,170.0,realtime-chat,100,poisson,,10240,1397,1388,9,,not_applicable
2-replica-repeat-3,model-replicas=2,3,171.0,realtime-chat,100,poisson,,10240,1401,1399,2,,not_applicable
2-replica-repeat-3,model-replicas=2,3,172.0,realtime-chat,100,poisson,,10240,1406,1403,3,,not_applicable
2-replica-repeat-3,model-replicas=2,3,173.0,realtime-chat,100,poisson,,10240,1410,1407,3,,not_applicable
2-replica-repeat-3,model-replicas=2,3,174.0,realtime-chat,100,poisson,,10240,1417,1411,6,,not_applicable
2-replica-repeat-3,model-replicas=2,3,175.0,realtime-chat,100,poisson,,10240,1421,1419,2,,not_applicable
2-replica-repeat-3,model-replicas=2,3,176.0,realtime-chat,100,poisson,,10240,1428,1423,5,,not_applicable
2-replica-repeat-3,model-replicas=2,3,177.0,realtime-chat,100,poisson,,10240,1434,1429,5,,not_applicable
2-replica-repeat-3,model-replicas=2,3,178.0,realtime-chat,100,poisson,,10240,1442,1438,4,,not_applicable
2-replica-repeat-3,model-replicas=2,3,179.0,realtime-chat,100,poisson,,10240,1445,1445,0,,not_applicable
2-replica-repeat-3,model-replicas=2,3,180.0,realtime-chat,100,poisson,,10240,1448,1447,1,,not_applicable
2-replica-repeat-3,model-replicas=2,3,181.0,realtime-chat,100,poisson,,10240,1454,1450,4,,not_applicable
2-replica-repeat-3,model-replicas=2,3,182.0,realtime-chat,100,poisson,,10240,1464,1458,6,,not_applicable
2-replica-repeat-3,model-replicas=2,3,183.0,realtime-chat,100,poisson,,10240,1469,1467,2,,not_applicable
2-replica-repeat-3,model-replicas=2,3,184.0,realtime-chat,100,poisson,,10240,1474,1470,4,,not_applicable
2-replica-repeat-3,model-replicas=2,3,185.0,realtime-chat,100,poisson,,10240,1482,1474,8,,not_applicable
2-replica-repeat-3,model-replicas=2,3,186.0,realtime-chat,100,poisson,,10240,1496,1483,13,,not_applicable
2-replica-repeat-3,model-replicas=2,3,187.0,realtime-chat,100,poisson,,10240,1506,1496,10,,not_applicable
2-replica-repeat-3,model-replicas=2,3,188.0,realtime-chat,100,poisson,,10240,1516,1508,8,,not_applicable
2-replica-repeat-3,model-replicas=2,3,189.0,realtime-chat,100,poisson,,10240,1532,1519,13,,not_applicable
2-replica-repeat-3,model-replicas=2,3,190.0,realtime-chat,100,poisson,,10240,1541,1528,13,,not_applicable
2-replica-repeat-3,model-replicas=2,3,191.0,realtime-chat,100,poisson,,10240,1549,1544,5,,not_applicable
2-replica-repeat-3,model-replicas=2,3,192.0,realtime-chat,100,poisson,,10240,1558,1547,11,,not_applicable
2-replica-repeat-3,model-replicas=2,3,193.0,realtime-chat,100,poisson,,10240,1571,1558,13,,not_applicable
2-replica-repeat-3,model-replicas=2,3,194.0,realtime-chat,100,poisson,,10240,1590,1572,18,,not_applicable
2-replica-repeat-3,model-replicas=2,3,195.0,realtime-chat,100,poisson,,10240,1596,1592,4,,not_applicable
2-replica-repeat-3,model-replicas=2,3,196.0,realtime-chat,100,poisson,,10240,1604,1598,6,,not_applicable
2-replica-repeat-3,model-replicas=2,3,197.0,realtime-chat,100,poisson,,10240,1614,1604,10,,not_applicable
2-replica-repeat-3,model-replicas=2,3,198.0,realtime-chat,100,poisson,,10240,1625,1614,11,,not_applicable
2-replica-repeat-3,model-replicas=2,3,199.0,realtime-chat,100,poisson,,10240,1637,1626,11,,not_applicable
2-replica-repeat-3,model-replicas=2,3,200.0,realtime-chat,100,poisson,,10240,1647,1628,19,,not_applicable
2-replica-repeat-3,model-replicas=2,3,201.0,realtime-chat,100,poisson,,10240,1654,1642,12,,not_applicable
2-replica-repeat-3,model-replicas=2,3,202.0,realtime-chat,100,poisson,,10240,1661,1655,6,,not_applicable
2-replica-repeat-3,model-replicas=2,3,203.0,realtime-chat,100,poisson,,10240,1669,1665,4,,not_applicable
2-replica-repeat-3,model-replicas=2,3,204.0,realtime-chat,100,poisson,,10240,1676,1670,6,,not_applicable
2-replica-repeat-3,model-replicas=2,3,205.0,realtime-chat,100,poisson,,10240,1689,1674,15,,not_applicable
2-replica-repeat-3,model-replicas=2,3,206.0,realtime-chat,100,poisson,,10240,1695,1692,3,,not_applicable
2-replica-repeat-3,model-replicas=2,3,207.0,realtime-chat,100,poisson,,10240,1704,1696,8,,not_applicable
2-replica-repeat-3,model-replicas=2,3,208.0,realtime-chat,100,poisson,,10240,1715,1704,11,,not_applicable
2-replica-repeat-3,model-replicas=2,3,209.0,realtime-chat,100,poisson,,10240,1719,1714,5,,not_applicable
2-replica-repeat-3,model-replicas=2,3,210.0,realtime-chat,100,poisson,,10240,1722,1719,3,,not_applicable
2-replica-repeat-3,model-replicas=2,3,211.0,realtime-chat,100,poisson,,10240,1729,1727,2,,not_applicable
2-replica-repeat-3,model-replicas=2,3,212.0,realtime-chat,100,poisson,,10240,1736,1733,3,,not_applicable
2-replica-repeat-3,model-replicas=2,3,213.0,realtime-chat,100,poisson,,10240,1740,1738,2,,not_applicable
2-replica-repeat-3,model-replicas=2,3,214.0,realtime-chat,100,poisson,,10240,1746,1744,2,,not_applicable
2-replica-repeat-3,model-replicas=2,3,215.0,realtime-chat,100,poisson,,10240,1751,1748,3,,not_applicable
2-replica-repeat-3,model-replicas=2,3,216.0,realtime-chat,100,poisson,,10240,1760,1753,7,,not_applicable
2-replica-repeat-3,model-replicas=2,3,217.0,realtime-chat,100,poisson,,10240,1769,1766,3,,not_applicable
2-replica-repeat-3,model-replicas=2,3,218.0,realtime-chat,100,poisson,,10240,1777,1771,6,,not_applicable
2-replica-repeat-3,model-replicas=2,3,219.0,realtime-chat,100,poisson,,10240,1784,1779,5,,not_applicable
2-replica-repeat-3,model-replicas=2,3,220.0,realtime-chat,100,poisson,,10240,1795,1789,6,,not_applicable
2-replica-repeat-3,model-replicas=2,3,221.0,realtime-chat,100,poisson,,10240,1801,1800,1,,not_applicable
2-replica-repeat-3,model-replicas=2,3,222.0,realtime-chat,100,poisson,,10240,1805,1804,1,,not_applicable
2-replica-repeat-3,model-replicas=2,3,223.0,realtime-chat,100,poisson,,10240,1809,1806,3,,not_applicable
2-replica-repeat-3,model-replicas=2,3,224.0,realtime-chat,100,poisson,,10240,1816,1812,4,,not_applicable
2-replica-repeat-3,model-replicas=2,3,225.0,realtime-chat,100,poisson,,10240,1825,1824,1,,not_applicable
2-replica-repeat-3,model-replicas=2,3,226.0,realtime-chat,100,poisson,,10240,1839,1830,9,,not_applicable
2-replica-repeat-3,model-replicas=2,3,227.0,realtime-chat,100,poisson,,10240,1851,1841,10,,not_applicable
2-replica-repeat-3,model-replicas=2,3,228.0,realtime-chat,100,poisson,,10240,1867,1851,16,,not_applicable
2-replica-repeat-3,model-replicas=2,3,229.0,realtime-chat,100,poisson,,10240,1880,1872,8,,not_applicable
2-replica-repeat-3,model-replicas=2,3,230.0,realtime-chat,100,poisson,,10240,1895,1886,9,,not_applicable
2-replica-repeat-3,model-replicas=2,3,231.0,realtime-chat,100,poisson,,10240,1900,1898,2,,not_applicable
2-replica-repeat-3,model-replicas=2,3,232.0,realtime-chat,100,poisson,,10240,1906,1903,3,,not_applicable
2-replica-repeat-3,model-replicas=2,3,233.0,realtime-chat,100,poisson,,10240,1913,1908,5,,not_applicable
2-replica-repeat-3,model-replicas=2,3,234.0,realtime-chat,100,poisson,,10240,1917,1914,3,,not_applicable
2-replica-repeat-3,model-replicas=2,3,235.0,realtime-chat,100,poisson,,10240,1928,1920,8,,not_applicable
2-replica-repeat-3,model-replicas=2,3,236.0,realtime-chat,100,poisson,,10240,1937,1931,6,,not_applicable
2-replica-repeat-3,model-replicas=2,3,237.0,realtime-chat,100,poisson,,10240,1946,1940,6,,not_applicable
2-replica-repeat-3,model-replicas=2,3,238.0,realtime-chat,100,poisson,,10240,1958,1950,8,,not_applicable
2-replica-repeat-3,model-replicas=2,3,239.0,realtime-chat,100,poisson,,10240,1965,1958,7,,not_applicable
2-replica-repeat-3,model-replicas=2,3,240.0,realtime-chat,100,poisson,,10240,1972,1966,6,,not_applicable
2-replica-repeat-3,model-replicas=2,3,241.0,realtime-chat,100,poisson,,10240,1978,1974,4,,not_applicable
2-replica-repeat-3,model-replicas=2,3,242.0,realtime-chat,100,poisson,,10240,1984,1981,3,,not_applicable
2-replica-repeat-3,model-replicas=2,3,243.0,realtime-chat,100,poisson,,10240,1991,1985,6,,not_applicable
2-replica-repeat-3,model-replicas=2,3,244.0,realtime-chat,100,poisson,,10240,1998,1993,5,,not_applicable
2-replica-repeat-3,model-replicas=2,3,245.0,realtime-chat,100,poisson,,10240,2015,2003,12,,not_applicable
2-replica-repeat-3,model-replicas=2,3,246.0,realtime-chat,100,poisson,,10240,2022,2016,6,,not_applicable
2-replica-repeat-3,model-replicas=2,3,247.0,realtime-chat,100,poisson,,10240,2029,2027,2,,not_applicable
2-replica-repeat-3,model-replicas=2,3,248.0,realtime-chat,100,poisson,,10240,2034,2032,2,,not_applicable
2-replica-repeat-3,model-replicas=2,3,249.0,realtime-chat,100,poisson,,10240,2042,2039,3,,not_applicable
2-replica-repeat-3,model-replicas=2,3,250.0,realtime-chat,100,poisson,,10240,2047,2044,3,,not_applicable
2-replica-repeat-3,model-replicas=2,3,251.0,realtime-chat,100,poisson,,10240,2051,2049,2,,not_applicable
2-replica-repeat-3,model-replicas=2,3,252.0,realtime-chat,100,poisson,,10240,2059,2056,3,,not_applicable
2-replica-repeat-3,model-replicas=2,3,253.0,realtime-chat,100,poisson,,10240,2065,2062,3,,not_applicable
2-replica-repeat-3,model-replicas=2,3,254.0,realtime-chat,100,poisson,,10240,2068,2066,2,,not_applicable
2-replica-repeat-3,model-replicas=2,3,255.0,realtime-chat,100,poisson,,10240,2076,2071,5,,not_applicable
2-replica-repeat-3,model-replicas=2,3,256.0,realtime-chat,100,poisson,,10240,2082,2081,1,,not_applicable
2-replica-repeat-3,model-replicas=2,3,257.0,realtime-chat,100,poisson,,10240,2090,2085,5,,not_applicable
2-replica-repeat-3,model-replicas=2,3,258.0,realtime-chat,100,poisson,,10240,2100,2091,9,,not_applicable
2-replica-repeat-3,model-replicas=2,3,259.0,realtime-chat,100,poisson,,10240,2108,2101,7,,not_applicable
2-replica-repeat-3,model-replicas=2,3,260.0,realtime-chat,100,poisson,,10240,2114,2111,3,,not_applicable
2-replica-repeat-3,model-replicas=2,3,261.0,realtime-chat,100,poisson,,10240,2120,2117,3,,not_applicable
2-replica-repeat-3,model-replicas=2,3,262.0,realtime-chat,100,poisson,,10240,2129,2125,4,,not_applicable
2-replica-repeat-3,model-replicas=2,3,263.0,realtime-chat,100,poisson,,10240,2138,2132,6,,not_applicable
2-replica-repeat-3,model-replicas=2,3,264.0,realtime-chat,100,poisson,,10240,2144,2142,2,,not_applicable
2-replica-repeat-3,model-replicas=2,3,265.0,realtime-chat,100,poisson,,10240,2151,2149,2,,not_applicable
2-replica-repeat-3,model-replicas=2,3,266.0,realtime-chat,100,poisson,,10240,2161,2153,8,,not_applicable
2-replica-repeat-3,model-replicas=2,3,267.0,realtime-chat,100,poisson,,10240,2169,2165,4,,not_applicable
2-replica-repeat-3,model-replicas=2,3,268.0,realtime-chat,100,poisson,,10240,2181,2172,9,,not_applicable
2-replica-repeat-3,model-replicas=2,3,269.0,realtime-chat,100,poisson,,10240,2197,2187,10,,not_applicable
2-replica-repeat-3,model-replicas=2,3,270.0,realtime-chat,100,poisson,,10240,2204,2199,5,,not_applicable
2-replica-repeat-3,model-replicas=2,3,0.0,standard-long-context,0,poisson,,10240,0,0,0,,not_applicable
2-replica-repeat-3,model-replicas=2,3,1.0,standard-long-context,0,poisson,,10240,0,0,0,,not_applicable
2-replica-repeat-3,model-replicas=2,3,2.0,standard-long-context,0,poisson,,10240,0,0,0,,not_applicable
2-replica-repeat-3,model-replicas=2,3,3.0,standard-long-context,0,poisson,,10240,0,0,0,,not_applicable
2-replica-repeat-3,model-replicas=2,3,4.0,standard-long-context,0,poisson,,10240,0,0,0,,not_applicable
2-replica-repeat-3,model-replicas=2,3,5.0,standard-long-context,0,poisson,,10240,0,0,0,,not_applicable
2-replica-repeat-3,model-replicas=2,3,6.0,standard-long-context,0,poisson,,10240,0,0,0,,not_applicable
2-replica-repeat-3,model-replicas=2,3,7.0,standard-long-context,0,poisson,,10240,0,0,0,,not_applicable
2-replica-repeat-3,model-replicas=2,3,8.0,standard-long-context,0,poisson,,10240,0,0,0,,not_applicable
2-replica-repeat-3,model-replicas=2,3,9.0,standard-long-context,0,poisson,,10240,0,0,0,,not_applicable
2-replica-repeat-3,model-replicas=2,3,10.0,standard-long-context,0,poisson,,10240,0,0,0,,not_applicable
2-replica-repeat-3,model-replicas=2,3,11.0,standard-long-context,0,poisson,,10240,0,0,0,,not_applicable
2-replica-repeat-3,model-replicas=2,3,12.0,standard-long-context,0,poisson,,10240,0,0,0,,not_applicable
2-replica-repeat-3,model-replicas=2,3,13.0,standard-long-context,0,poisson,,10240,0,0,0,,not_applicable
2-replica-repeat-3,model-replicas=2,3,14.0,standard-long-context,0,poisson,,10240,0,0,0,,not_applicable
2-replica-repeat-3,model-replicas=2,3,15.0,standard-long-context,0,poisson,,10240,0,0,0,,not_applicable
2-replica-repeat-3,model-replicas=2,3,16.0,standard-long-context,0,poisson,,10240,0,0,0,,not_applicable
2-replica-repeat-3,model-replicas=2,3,17.0,standard-long-context,0,poisson,,10240,0,0,0,,not_applicable
2-replica-repeat-3,model-replicas=2,3,18.0,standard-long-context,0,poisson,,10240,0,0,0,,not_applicable
2-replica-repeat-3,model-replicas=2,3,19.0,standard-long-context,0,poisson,,10240,0,0,0,,not_applicable
2-replica-repeat-3,model-replicas=2,3,20.0,standard-long-context,0,poisson,,10240,0,0,0,,not_applicable
2-replica-repeat-3,model-replicas=2,3,21.0,standard-long-context,0,poisson,,10240,0,0,0,,not_applicable
2-replica-repeat-3,model-replicas=2,3,22.0,standard-long-context,0,poisson,,10240,0,0,0,,not_applicable
2-replica-repeat-3,model-replicas=2,3,23.0,standard-long-context,0,poisson,,10240,0,0,0,,not_applicable
2-replica-repeat-3,model-replicas=2,3,24.0,standard-long-context,0,poisson,,10240,0,0,0,,not_applicable
2-replica-repeat-3,model-replicas=2,3,25.0,standard-long-context,0,poisson,,10240,0,0,0,,not_applicable
2-replica-repeat-3,model-replicas=2,3,26.0,standard-long-context,0,poisson,,10240,0,0,0,,not_applicable
2-replica-repeat-3,model-replicas=2,3,27.0,standard-long-context,0,poisson,,10240,0,0,0,,not_applicable
2-replica-repeat-3,model-replicas=2,3,28.0,standard-long-context,0,poisson,,10240,0,0,0,,not_applicable
2-replica-repeat-3,model-replicas=2,3,29.0,standard-long-context,0,poisson,,10240,0,0,0,,not_applicable
2-replica-repeat-3,model-replicas=2,3,30.0,standard-long-context,0,poisson,,10240,0,0,0,,not_applicable
2-replica-repeat-3,model-replicas=2,3,31.0,standard-long-context,0,poisson,,10240,0,0,0,,not_applicable
2-replica-repeat-3,model-replicas=2,3,32.0,standard-long-context,0,poisson,,10240,0,0,0,,not_applicable
2-replica-repeat-3,model-replicas=2,3,33.0,standard-long-context,0,poisson,,10240,0,0,0,,not_applicable
2-replica-repeat-3,model-replicas=2,3,34.0,standard-long-context,0,poisson,,10240,0,0,0,,not_applicable
2-replica-repeat-3,model-replicas=2,3,35.0,standard-long-context,0,poisson,,10240,0,0,0,,not_applicable
2-replica-repeat-3,model-replicas=2,3,36.0,standard-long-context,0,poisson,,10240,0,0,0,,not_applicable
2-replica-repeat-3,model-replicas=2,3,37.0,standard-long-context,0,poisson,,10240,0,0,0,,not_applicable
2-replica-repeat-3,model-replicas=2,3,38.0,standard-long-context,0,poisson,,10240,0,0,0,,not_applicable
2-replica-repeat-3,model-replicas=2,3,39.0,standard-long-context,0,poisson,,10240,0,0,0,,not_applicable
2-replica-repeat-3,model-replicas=2,3,40.0,standard-long-context,0,poisson,,10240,0,0,0,,not_applicable
2-replica-repeat-3,model-replicas=2,3,41.0,standard-long-context,0,poisson,,10240,0,0,0,,not_applicable
2-replica-repeat-3,model-replicas=2,3,42.0,standard-long-context,0,poisson,,10240,0,0,0,,not_applicable
2-replica-repeat-3,model-replicas=2,3,43.0,standard-long-context,0,poisson,,10240,0,0,0,,not_applicable
2-replica-repeat-3,model-replicas=2,3,44.0,standard-long-context,0,poisson,,10240,0,0,0,,not_applicable
2-replica-repeat-3,model-replicas=2,3,45.0,standard-long-context,0,poisson,,10240,0,0,0,,not_applicable
2-replica-repeat-3,model-replicas=2,3,46.0,standard-long-context,0,poisson,,10240,0,0,0,,not_applicable
2-replica-repeat-3,model-replicas=2,3,47.0,standard-long-context,0,poisson,,10240,0,0,0,,not_applicable
2-replica-repeat-3,model-replicas=2,3,48.0,standard-long-context,0,poisson,,10240,0,0,0,,not_applicable
2-replica-repeat-3,model-replicas=2,3,49.0,standard-long-context,0,poisson,,10240,0,0,0,,not_applicable
2-replica-repeat-3,model-replicas=2,3,50.0,standard-long-context,0,poisson,,10240,0,0,0,,not_applicable
2-replica-repeat-3,model-replicas=2,3,51.0,standard-long-context,0,poisson,,10240,0,0,0,,not_applicable
2-replica-repeat-3,model-replicas=2,3,52.0,standard-long-context,0,poisson,,10240,0,0,0,,not_applicable
2-replica-repeat-3,model-replicas=2,3,53.0,standard-long-context,0,poisson,,10240,0,0,0,,not_applicable
2-replica-repeat-3,model-replicas=2,3,54.0,standard-long-context,0,poisson,,10240,0,0,0,,not_applicable
2-replica-repeat-3,model-replicas=2,3,55.0,standard-long-context,0,poisson,,10240,0,0,0,,not_applicable
2-replica-repeat-3,model-replicas=2,3,56.0,standard-long-context,0,poisson,,10240,0,0,0,,not_applicable
2-replica-repeat-3,model-replicas=2,3,57.0,standard-long-context,0,poisson,,10240,0,0,0,,not_applicable
2-replica-repeat-3,model-replicas=2,3,58.0,standard-long-context,0,poisson,,10240,0,0,0,,not_applicable
2-replica-repeat-3,model-replicas=2,3,59.0,standard-long-context,0,poisson,,10240,0,0,0,,not_applicable
2-replica-repeat-3,model-replicas=2,3,60.0,standard-long-context,0,poisson,,10240,0,0,0,,not_applicable
2-replica-repeat-3,model-replicas=2,3,61.0,standard-long-context,0,poisson,,10240,0,0,0,,not_applicable
2-replica-repeat-3,model-replicas=2,3,62.0,standard-long-context,0,poisson,,10240,0,0,0,,not_applicable
2-replica-repeat-3,model-replicas=2,3,63.0,standard-long-context,0,poisson,,10240,0,0,0,,not_applicable
2-replica-repeat-3,model-replicas=2,3,64.0,standard-long-context,0,poisson,,10240,0,0,0,,not_applicable
2-replica-repeat-3,model-replicas=2,3,65.0,standard-long-context,0,poisson,,10240,0,0,0,,not_applicable
2-replica-repeat-3,model-replicas=2,3,66.0,standard-long-context,0,poisson,,10240,0,0,0,,not_applicable
2-replica-repeat-3,model-replicas=2,3,67.0,standard-long-context,0,poisson,,10240,1,0,1,,not_applicable
2-replica-repeat-3,model-replicas=2,3,68.0,standard-long-context,0,poisson,,10240,1,1,0,,not_applicable
2-replica-repeat-3,model-replicas=2,3,69.0,standard-long-context,0,poisson,,10240,1,1,0,,not_applicable
2-replica-repeat-3,model-replicas=2,3,70.0,standard-long-context,0,poisson,,10240,2,1,1,,not_applicable
2-replica-repeat-3,model-replicas=2,3,71.0,standard-long-context,0,poisson,,10240,3,2,1,,not_applicable
2-replica-repeat-3,model-replicas=2,3,72.0,standard-long-context,0,poisson,,10240,3,2,1,,not_applicable
2-replica-repeat-3,model-replicas=2,3,73.0,standard-long-context,0,poisson,,10240,4,3,1,,not_applicable
2-replica-repeat-3,model-replicas=2,3,74.0,standard-long-context,0,poisson,,10240,6,3,3,,not_applicable
2-replica-repeat-3,model-replicas=2,3,75.0,standard-long-context,0,poisson,,10240,6,5,1,,not_applicable
2-replica-repeat-3,model-replicas=2,3,76.0,standard-long-context,0,poisson,,10240,7,6,1,,not_applicable
2-replica-repeat-3,model-replicas=2,3,77.0,standard-long-context,0,poisson,,10240,7,6,1,,not_applicable
2-replica-repeat-3,model-replicas=2,3,78.0,standard-long-context,0,poisson,,10240,8,7,1,,not_applicable
2-replica-repeat-3,model-replicas=2,3,79.0,standard-long-context,0,poisson,,10240,9,7,2,,not_applicable
2-replica-repeat-3,model-replicas=2,3,80.0,standard-long-context,0,poisson,,10240,9,9,0,,not_applicable
2-replica-repeat-3,model-replicas=2,3,81.0,standard-long-context,0,poisson,,10240,12,9,3,,not_applicable
2-replica-repeat-3,model-replicas=2,3,82.0,standard-long-context,0,poisson,,10240,15,9,6,,not_applicable
2-replica-repeat-3,model-replicas=2,3,83.0,standard-long-context,0,poisson,,10240,18,9,9,,not_applicable
2-replica-repeat-3,model-replicas=2,3,84.0,standard-long-context,0,poisson,,10240,18,17,1,,not_applicable
2-replica-repeat-3,model-replicas=2,3,85.0,standard-long-context,0,poisson,,10240,19,18,1,,not_applicable
2-replica-repeat-3,model-replicas=2,3,86.0,standard-long-context,0,poisson,,10240,19,19,0,,not_applicable
2-replica-repeat-3,model-replicas=2,3,87.0,standard-long-context,0,poisson,,10240,22,19,3,,not_applicable
2-replica-repeat-3,model-replicas=2,3,88.0,standard-long-context,0,poisson,,10240,24,19,5,,not_applicable
2-replica-repeat-3,model-replicas=2,3,89.0,standard-long-context,0,poisson,,10240,26,24,2,,not_applicable
2-replica-repeat-3,model-replicas=2,3,90.0,standard-long-context,0,poisson,,10240,28,26,2,,not_applicable
2-replica-repeat-3,model-replicas=2,3,91.0,standard-long-context,0,poisson,,10240,30,27,3,,not_applicable
2-replica-repeat-3,model-replicas=2,3,92.0,standard-long-context,0,poisson,,10240,30,30,0,,not_applicable
2-replica-repeat-3,model-replicas=2,3,93.0,standard-long-context,0,poisson,,10240,32,30,2,,not_applicable
2-replica-repeat-3,model-replicas=2,3,94.0,standard-long-context,0,poisson,,10240,34,30,4,,not_applicable
2-replica-repeat-3,model-replicas=2,3,95.0,standard-long-context,0,poisson,,10240,34,33,1,,not_applicable
2-replica-repeat-3,model-replicas=2,3,96.0,standard-long-context,0,poisson,,10240,35,34,1,,not_applicable
2-replica-repeat-3,model-replicas=2,3,97.0,standard-long-context,0,poisson,,10240,35,35,0,,not_applicable
2-replica-repeat-3,model-replicas=2,3,98.0,standard-long-context,0,poisson,,10240,36,35,1,,not_applicable
2-replica-repeat-3,model-replicas=2,3,99.0,standard-long-context,0,poisson,,10240,36,36,0,,not_applicable
2-replica-repeat-3,model-replicas=2,3,100.0,standard-long-context,0,poisson,,10240,37,36,1,,not_applicable
2-replica-repeat-3,model-replicas=2,3,101.0,standard-long-context,0,poisson,,10240,37,37,0,,not_applicable
2-replica-repeat-3,model-replicas=2,3,102.0,standard-long-context,0,poisson,,10240,38,37,1,,not_applicable
2-replica-repeat-3,model-replicas=2,3,103.0,standard-long-context,0,poisson,,10240,41,38,3,,not_applicable
2-replica-repeat-3,model-replicas=2,3,104.0,standard-long-context,0,poisson,,10240,42,41,1,,not_applicable
2-replica-repeat-3,model-replicas=2,3,105.0,standard-long-context,0,poisson,,10240,43,42,1,,not_applicable
2-replica-repeat-3,model-replicas=2,3,106.0,standard-long-context,0,poisson,,10240,44,43,1,,not_applicable
2-replica-repeat-3,model-replicas=2,3,107.0,standard-long-context,0,poisson,,10240,44,44,0,,not_applicable
2-replica-repeat-3,model-replicas=2,3,108.0,standard-long-context,0,poisson,,10240,47,44,3,,not_applicable
2-replica-repeat-3,model-replicas=2,3,109.0,standard-long-context,0,poisson,,10240,48,44,4,,not_applicable
2-replica-repeat-3,model-replicas=2,3,110.0,standard-long-context,0,poisson,,10240,49,48,1,,not_applicable
2-replica-repeat-3,model-replicas=2,3,111.0,standard-long-context,0,poisson,,10240,52,48,4,,not_applicable
2-replica-repeat-3,model-replicas=2,3,112.0,standard-long-context,0,poisson,,10240,52,52,0,,not_applicable
2-replica-repeat-3,model-replicas=2,3,113.0,standard-long-context,0,poisson,,10240,52,52,0,,not_applicable
2-replica-repeat-3,model-replicas=2,3,114.0,standard-long-context,0,poisson,,10240,53,53,0,,not_applicable
2-replica-repeat-3,model-replicas=2,3,115.0,standard-long-context,0,poisson,,10240,54,53,1,,not_applicable
2-replica-repeat-3,model-replicas=2,3,116.0,standard-long-context,0,poisson,,10240,54,54,0,,not_applicable
2-replica-repeat-3,model-replicas=2,3,117.0,standard-long-context,0,poisson,,10240,55,54,1,,not_applicable
2-replica-repeat-3,model-replicas=2,3,118.0,standard-long-context,0,poisson,,10240,56,54,2,,not_applicable
2-replica-repeat-3,model-replicas=2,3,119.0,standard-long-context,0,poisson,,10240,56,55,1,,not_applicable
2-replica-repeat-3,model-replicas=2,3,120.0,standard-long-context,0,poisson,,10240,60,56,4,,not_applicable
2-replica-repeat-3,model-replicas=2,3,121.0,standard-long-context,0,poisson,,10240,62,57,5,,not_applicable
2-replica-repeat-3,model-replicas=2,3,122.0,standard-long-context,0,poisson,,10240,62,57,5,,not_applicable
2-replica-repeat-3,model-replicas=2,3,123.0,standard-long-context,0,poisson,,10240,62,62,0,,not_applicable
2-replica-repeat-3,model-replicas=2,3,124.0,standard-long-context,0,poisson,,10240,64,62,2,,not_applicable
2-replica-repeat-3,model-replicas=2,3,125.0,standard-long-context,0,poisson,,10240,64,64,0,,not_applicable
2-replica-repeat-3,model-replicas=2,3,126.0,standard-long-context,0,poisson,,10240,66,64,2,,not_applicable
2-replica-repeat-3,model-replicas=2,3,127.0,standard-long-context,0,poisson,,10240,68,64,4,,not_applicable
2-replica-repeat-3,model-replicas=2,3,128.0,standard-long-context,0,poisson,,10240,68,68,0,,not_applicable
2-replica-repeat-3,model-replicas=2,3,129.0,standard-long-context,0,poisson,,10240,68,68,0,,not_applicable
2-replica-repeat-3,model-replicas=2,3,130.0,standard-long-context,0,poisson,,10240,68,68,0,,not_applicable
2-replica-repeat-3,model-replicas=2,3,131.0,standard-long-context,0,poisson,,10240,69,68,1,,not_applicable
2-replica-repeat-3,model-replicas=2,3,132.0,standard-long-context,0,poisson,,10240,70,69,1,,not_applicable
2-replica-repeat-3,model-replicas=2,3,133.0,standard-long-context,0,poisson,,10240,71,70,1,,not_applicable
2-replica-repeat-3,model-replicas=2,3,134.0,standard-long-context,0,poisson,,10240,73,71,2,,not_applicable
2-replica-repeat-3,model-replicas=2,3,135.0,standard-long-context,0,poisson,,10240,74,71,3,,not_applicable
2-replica-repeat-3,model-replicas=2,3,136.0,standard-long-context,0,poisson,,10240,74,74,0,,not_applicable
2-replica-repeat-3,model-replicas=2,3,137.0,standard-long-context,0,poisson,,10240,75,74,1,,not_applicable
2-replica-repeat-3,model-replicas=2,3,138.0,standard-long-context,0,poisson,,10240,77,75,2,,not_applicable
2-replica-repeat-3,model-replicas=2,3,139.0,standard-long-context,0,poisson,,10240,78,76,2,,not_applicable
2-replica-repeat-3,model-replicas=2,3,140.0,standard-long-context,0,poisson,,10240,78,78,0,,not_applicable
2-replica-repeat-3,model-replicas=2,3,141.0,standard-long-context,0,poisson,,10240,78,78,0,,not_applicable
2-replica-repeat-3,model-replicas=2,3,142.0,standard-long-context,0,poisson,,10240,78,78,0,,not_applicable
2-replica-repeat-3,model-replicas=2,3,143.0,standard-long-context,0,poisson,,10240,82,78,4,,not_applicable
2-replica-repeat-3,model-replicas=2,3,144.0,standard-long-context,0,poisson,,10240,82,78,4,,not_applicable
2-replica-repeat-3,model-replicas=2,3,145.0,standard-long-context,0,poisson,,10240,84,82,2,,not_applicable
2-replica-repeat-3,model-replicas=2,3,146.0,standard-long-context,0,poisson,,10240,86,82,4,,not_applicable
2-replica-repeat-3,model-replicas=2,3,147.0,standard-long-context,0,poisson,,10240,86,86,0,,not_applicable
2-replica-repeat-3,model-replicas=2,3,148.0,standard-long-context,0,poisson,,10240,86,86,0,,not_applicable
2-replica-repeat-3,model-replicas=2,3,149.0,standard-long-context,0,poisson,,10240,87,86,1,,not_applicable
2-replica-repeat-3,model-replicas=2,3,150.0,standard-long-context,0,poisson,,10240,87,86,1,,not_applicable
2-replica-repeat-3,model-replicas=2,3,151.0,standard-long-context,0,poisson,,10240,87,87,0,,not_applicable
2-replica-repeat-3,model-replicas=2,3,152.0,standard-long-context,0,poisson,,10240,87,87,0,,not_applicable
2-replica-repeat-3,model-replicas=2,3,153.0,standard-long-context,0,poisson,,10240,88,87,1,,not_applicable
2-replica-repeat-3,model-replicas=2,3,154.0,standard-long-context,0,poisson,,10240,91,87,4,,not_applicable
2-replica-repeat-3,model-replicas=2,3,155.0,standard-long-context,0,poisson,,10240,91,91,0,,not_applicable
2-replica-repeat-3,model-replicas=2,3,156.0,standard-long-context,0,poisson,,10240,91,91,0,,not_applicable
2-replica-repeat-3,model-replicas=2,3,157.0,standard-long-context,0,poisson,,10240,93,91,2,,not_applicable
2-replica-repeat-3,model-replicas=2,3,158.0,standard-long-context,0,poisson,,10240,93,93,0,,not_applicable
2-replica-repeat-3,model-replicas=2,3,159.0,standard-long-context,0,poisson,,10240,93,93,0,,not_applicable
2-replica-repeat-3,model-replicas=2,3,160.0,standard-long-context,0,poisson,,10240,94,93,1,,not_applicable
2-replica-repeat-3,model-replicas=2,3,161.0,standard-long-context,0,poisson,,10240,95,94,1,,not_applicable
2-replica-repeat-3,model-replicas=2,3,162.0,standard-long-context,0,poisson,,10240,96,95,1,,not_applicable
2-replica-repeat-3,model-replicas=2,3,163.0,standard-long-context,0,poisson,,10240,96,96,0,,not_applicable
2-replica-repeat-3,model-replicas=2,3,164.0,standard-long-context,0,poisson,,10240,97,96,1,,not_applicable
2-replica-repeat-3,model-replicas=2,3,165.0,standard-long-context,0,poisson,,10240,98,96,2,,not_applicable
2-replica-repeat-3,model-replicas=2,3,166.0,standard-long-context,0,poisson,,10240,100,97,3,,not_applicable
2-replica-repeat-3,model-replicas=2,3,167.0,standard-long-context,0,poisson,,10240,103,99,4,,not_applicable
2-replica-repeat-3,model-replicas=2,3,168.0,standard-long-context,0,poisson,,10240,103,101,2,,not_applicable
2-replica-repeat-3,model-replicas=2,3,169.0,standard-long-context,0,poisson,,10240,105,103,2,,not_applicable
2-replica-repeat-3,model-replicas=2,3,170.0,standard-long-context,0,poisson,,10240,105,105,0,,not_applicable
2-replica-repeat-3,model-replicas=2,3,171.0,standard-long-context,0,poisson,,10240,105,105,0,,not_applicable
2-replica-repeat-3,model-replicas=2,3,172.0,standard-long-context,0,poisson,,10240,105,105,0,,not_applicable
2-replica-repeat-3,model-replicas=2,3,173.0,standard-long-context,0,poisson,,10240,107,105,2,,not_applicable
2-replica-repeat-3,model-replicas=2,3,174.0,standard-long-context,0,poisson,,10240,107,105,2,,not_applicable
2-replica-repeat-3,model-replicas=2,3,175.0,standard-long-context,0,poisson,,10240,107,107,0,,not_applicable
2-replica-repeat-3,model-replicas=2,3,176.0,standard-long-context,0,poisson,,10240,109,107,2,,not_applicable
2-replica-repeat-3,model-replicas=2,3,177.0,standard-long-context,0,poisson,,10240,109,109,0,,not_applicable
2-replica-repeat-3,model-replicas=2,3,178.0,standard-long-context,0,poisson,,10240,110,109,1,,not_applicable
2-replica-repeat-3,model-replicas=2,3,179.0,standard-long-context,0,poisson,,10240,110,110,0,,not_applicable
2-replica-repeat-3,model-replicas=2,3,180.0,standard-long-context,0,poisson,,10240,110,110,0,,not_applicable
2-replica-repeat-3,model-replicas=2,3,181.0,standard-long-context,0,poisson,,10240,110,110,0,,not_applicable
2-replica-repeat-3,model-replicas=2,3,182.0,standard-long-context,0,poisson,,10240,110,110,0,,not_applicable
2-replica-repeat-3,model-replicas=2,3,183.0,standard-long-context,0,poisson,,10240,110,110,0,,not_applicable
2-replica-repeat-3,model-replicas=2,3,184.0,standard-long-context,0,poisson,,10240,111,110,1,,not_applicable
2-replica-repeat-3,model-replicas=2,3,185.0,standard-long-context,0,poisson,,10240,113,111,2,,not_applicable
2-replica-repeat-3,model-replicas=2,3,186.0,standard-long-context,0,poisson,,10240,113,113,0,,not_applicable
2-replica-repeat-3,model-replicas=2,3,187.0,standard-long-context,0,poisson,,10240,115,113,2,,not_applicable
2-replica-repeat-3,model-replicas=2,3,188.0,standard-long-context,0,poisson,,10240,115,115,0,,not_applicable
2-replica-repeat-3,model-replicas=2,3,189.0,standard-long-context,0,poisson,,10240,116,115,1,,not_applicable
2-replica-repeat-3,model-replicas=2,3,190.0,standard-long-context,0,poisson,,10240,117,116,1,,not_applicable
2-replica-repeat-3,model-replicas=2,3,191.0,standard-long-context,0,poisson,,10240,118,117,1,,not_applicable
2-replica-repeat-3,model-replicas=2,3,192.0,standard-long-context,0,poisson,,10240,119,117,2,,not_applicable
2-replica-repeat-3,model-replicas=2,3,193.0,standard-long-context,0,poisson,,10240,119,118,1,,not_applicable
2-replica-repeat-3,model-replicas=2,3,194.0,standard-long-context,0,poisson,,10240,119,119,0,,not_applicable
2-replica-repeat-3,model-replicas=2,3,195.0,standard-long-context,0,poisson,,10240,120,119,1,,not_applicable
2-replica-repeat-3,model-replicas=2,3,196.0,standard-long-context,0,poisson,,10240,120,120,0,,not_applicable
2-replica-repeat-3,model-replicas=2,3,197.0,standard-long-context,0,poisson,,10240,121,120,1,,not_applicable
2-replica-repeat-3,model-replicas=2,3,198.0,standard-long-context,0,poisson,,10240,121,120,1,,not_applicable
2-replica-repeat-3,model-replicas=2,3,199.0,standard-long-context,0,poisson,,10240,124,121,3,,not_applicable
2-replica-repeat-3,model-replicas=2,3,200.0,standard-long-context,0,poisson,,10240,125,121,4,,not_applicable
2-replica-repeat-3,model-replicas=2,3,201.0,standard-long-context,0,poisson,,10240,126,122,4,,not_applicable
2-replica-repeat-3,model-replicas=2,3,202.0,standard-long-context,0,poisson,,10240,128,126,2,,not_applicable
2-replica-repeat-3,model-replicas=2,3,203.0,standard-long-context,0,poisson,,10240,128,128,0,,not_applicable
2-replica-repeat-3,model-replicas=2,3,204.0,standard-long-context,0,poisson,,10240,128,128,0,,not_applicable
2-replica-repeat-3,model-replicas=2,3,205.0,standard-long-context,0,poisson,,10240,130,128,2,,not_applicable
2-replica-repeat-3,model-replicas=2,3,206.0,standard-long-context,0,poisson,,10240,130,130,0,,not_applicable
2-replica-repeat-3,model-replicas=2,3,207.0,standard-long-context,0,poisson,,10240,131,130,1,,not_applicable
2-replica-repeat-3,model-replicas=2,3,208.0,standard-long-context,0,poisson,,10240,132,131,1,,not_applicable
2-replica-repeat-3,model-replicas=2,3,209.0,standard-long-context,0,poisson,,10240,134,131,3,,not_applicable
2-replica-repeat-3,model-replicas=2,3,210.0,standard-long-context,0,poisson,,10240,134,134,0,,not_applicable
2-replica-repeat-3,model-replicas=2,3,211.0,standard-long-context,0,poisson,,10240,134,134,0,,not_applicable
2-replica-repeat-3,model-replicas=2,3,212.0,standard-long-context,0,poisson,,10240,134,134,0,,not_applicable
2-replica-repeat-3,model-replicas=2,3,213.0,standard-long-context,0,poisson,,10240,134,134,0,,not_applicable
2-replica-repeat-3,model-replicas=2,3,214.0,standard-long-context,0,poisson,,10240,134,134,0,,not_applicable
2-replica-repeat-3,model-replicas=2,3,215.0,standard-long-context,0,poisson,,10240,134,134,0,,not_applicable
2-replica-repeat-3,model-replicas=2,3,216.0,standard-long-context,0,poisson,,10240,134,134,0,,not_applicable
2-replica-repeat-3,model-replicas=2,3,217.0,standard-long-context,0,poisson,,10240,134,134,0,,not_applicable
2-replica-repeat-3,model-replicas=2,3,218.0,standard-long-context,0,poisson,,10240,134,134,0,,not_applicable
2-replica-repeat-3,model-replicas=2,3,219.0,standard-long-context,0,poisson,,10240,134,134,0,,not_applicable
2-replica-repeat-3,model-replicas=2,3,220.0,standard-long-context,0,poisson,,10240,134,134,0,,not_applicable
2-replica-repeat-3,model-replicas=2,3,221.0,standard-long-context,0,poisson,,10240,134,134,0,,not_applicable
2-replica-repeat-3,model-replicas=2,3,222.0,standard-long-context,0,poisson,,10240,134,134,0,,not_applicable
2-replica-repeat-3,model-replicas=2,3,223.0,standard-long-context,0,poisson,,10240,134,134,0,,not_applicable
2-replica-repeat-3,model-replicas=2,3,224.0,standard-long-context,0,poisson,,10240,134,134,0,,not_applicable
2-replica-repeat-3,model-replicas=2,3,225.0,standard-long-context,0,poisson,,10240,134,134,0,,not_applicable
2-replica-repeat-3,model-replicas=2,3,226.0,standard-long-context,0,poisson,,10240,134,134,0,,not_applicable
2-replica-repeat-3,model-replicas=2,3,227.0,standard-long-context,0,poisson,,10240,134,134,0,,not_applicable
2-replica-repeat-3,model-replicas=2,3,228.0,standard-long-context,0,poisson,,10240,134,134,0,,not_applicable
2-replica-repeat-3,model-replicas=2,3,229.0,standard-long-context,0,poisson,,10240,134,134,0,,not_applicable
2-replica-repeat-3,model-replicas=2,3,230.0,standard-long-context,0,poisson,,10240,134,134,0,,not_applicable
2-replica-repeat-3,model-replicas=2,3,231.0,standard-long-context,0,poisson,,10240,134,134,0,,not_applicable
2-replica-repeat-3,model-replicas=2,3,232.0,standard-long-context,0,poisson,,10240,134,134,0,,not_applicable
2-replica-repeat-3,model-replicas=2,3,233.0,standard-long-context,0,poisson,,10240,134,134,0,,not_applicable
2-replica-repeat-3,model-replicas=2,3,234.0,standard-long-context,0,poisson,,10240,134,134,0,,not_applicable
2-replica-repeat-3,model-replicas=2,3,235.0,standard-long-context,0,poisson,,10240,134,134,0,,not_applicable
2-replica-repeat-3,model-replicas=2,3,236.0,standard-long-context,0,poisson,,10240,134,134,0,,not_applicable
2-replica-repeat-3,model-replicas=2,3,237.0,standard-long-context,0,poisson,,10240,134,134,0,,not_applicable
2-replica-repeat-3,model-replicas=2,3,238.0,standard-long-context,0,poisson,,10240,134,134,0,,not_applicable
2-replica-repeat-3,model-replicas=2,3,239.0,standard-long-context,0,poisson,,10240,134,134,0,,not_applicable
2-replica-repeat-3,model-replicas=2,3,240.0,standard-long-context,0,poisson,,10240,134,134,0,,not_applicable
2-replica-repeat-3,model-replicas=2,3,241.0,standard-long-context,0,poisson,,10240,134,134,0,,not_applicable
2-replica-repeat-3,model-replicas=2,3,242.0,standard-long-context,0,poisson,,10240,134,134,0,,not_applicable
2-replica-repeat-3,model-replicas=2,3,243.0,standard-long-context,0,poisson,,10240,134,134,0,,not_applicable
2-replica-repeat-3,model-replicas=2,3,244.0,standard-long-context,0,poisson,,10240,134,134,0,,not_applicable
2-replica-repeat-3,model-replicas=2,3,245.0,standard-long-context,0,poisson,,10240,134,134,0,,not_applicable
2-replica-repeat-3,model-replicas=2,3,246.0,standard-long-context,0,poisson,,10240,134,134,0,,not_applicable
2-replica-repeat-3,model-replicas=2,3,247.0,standard-long-context,0,poisson,,10240,134,134,0,,not_applicable
2-replica-repeat-3,model-replicas=2,3,248.0,standard-long-context,0,poisson,,10240,134,134,0,,not_applicable
2-replica-repeat-3,model-replicas=2,3,249.0,standard-long-context,0,poisson,,10240,134,134,0,,not_applicable
2-replica-repeat-3,model-replicas=2,3,250.0,standard-long-context,0,poisson,,10240,134,134,0,,not_applicable
2-replica-repeat-3,model-replicas=2,3,251.0,standard-long-context,0,poisson,,10240,134,134,0,,not_applicable
2-replica-repeat-3,model-replicas=2,3,252.0,standard-long-context,0,poisson,,10240,134,134,0,,not_applicable
2-replica-repeat-3,model-replicas=2,3,253.0,standard-long-context,0,poisson,,10240,134,134,0,,not_applicable
2-replica-repeat-3,model-replicas=2,3,254.0,standard-long-context,0,poisson,,10240,134,134,0,,not_applicable
2-replica-repeat-3,model-replicas=2,3,255.0,standard-long-context,0,poisson,,10240,134,134,0,,not_applicable
2-replica-repeat-3,model-replicas=2,3,256.0,standard-long-context,0,poisson,,10240,134,134,0,,not_applicable
2-replica-repeat-3,model-replicas=2,3,257.0,standard-long-context,0,poisson,,10240,134,134,0,,not_applicable
2-replica-repeat-3,model-replicas=2,3,258.0,standard-long-context,0,poisson,,10240,134,134,0,,not_applicable
2-replica-repeat-3,model-replicas=2,3,259.0,standard-long-context,0,poisson,,10240,134,134,0,,not_applicable
2-replica-repeat-3,model-replicas=2,3,260.0,standard-long-context,0,poisson,,10240,134,134,0,,not_applicable
2-replica-repeat-3,model-replicas=2,3,261.0,standard-long-context,0,poisson,,10240,134,134,0,,not_applicable
2-replica-repeat-3,model-replicas=2,3,262.0,standard-long-context,0,poisson,,10240,134,134,0,,not_applicable
2-replica-repeat-3,model-replicas=2,3,263.0,standard-long-context,0,poisson,,10240,134,134,0,,not_applicable
2-replica-repeat-3,model-replicas=2,3,264.0,standard-long-context,0,poisson,,10240,134,134,0,,not_applicable
2-replica-repeat-3,model-replicas=2,3,265.0,standard-long-context,0,poisson,,10240,134,134,0,,not_applicable
2-replica-repeat-3,model-replicas=2,3,266.0,standard-long-context,0,poisson,,10240,134,134,0,,not_applicable
2-replica-repeat-3,model-replicas=2,3,267.0,standard-long-context,0,poisson,,10240,134,134,0,,not_applicable
2-replica-repeat-3,model-replicas=2,3,268.0,standard-long-context,0,poisson,,10240,134,134,0,,not_applicable
2-replica-repeat-3,model-replicas=2,3,269.0,standard-long-context,0,poisson,,10240,134,134,0,,not_applicable
2-replica-repeat-3,model-replicas=2,3,270.0,standard-long-context,0,poisson,,10240,134,134,0,,not_applicable
