run_name,sweep,setting,value,repeat,elapsed_seconds,issued_requests,completed_requests,outstanding_requests,send_delay_seconds,safety_ceiling_state
concurrency 8 - repeat 1,flow-control-off capacity,concurrency,8.0,1,0.0,0,0,0,,ok
concurrency 8 - repeat 1,flow-control-off capacity,concurrency,8.0,1,0.516,0,0,0,,ok
concurrency 8 - repeat 1,flow-control-off capacity,concurrency,8.0,1,1.043,0,0,0,,ok
concurrency 8 - repeat 1,flow-control-off capacity,concurrency,8.0,1,1.507,0,0,0,,ok
concurrency 8 - repeat 1,flow-control-off capacity,concurrency,8.0,1,2.046,1,0,1,,ok
concurrency 8 - repeat 1,flow-control-off capacity,concurrency,8.0,1,2.517,1,0,1,,ok
concurrency 8 - repeat 1,flow-control-off capacity,concurrency,8.0,1,3.028,2,1,1,,ok
concurrency 8 - repeat 1,flow-control-off capacity,concurrency,8.0,1,3.54,3,2,1,,ok
concurrency 8 - repeat 1,flow-control-off capacity,concurrency,8.0,1,4.001,3,2,1,,ok
concurrency 8 - repeat 1,flow-control-off capacity,concurrency,8.0,1,4.512,4,3,1,,ok
concurrency 8 - repeat 1,flow-control-off capacity,concurrency,8.0,1,5.027,5,4,1,,ok
concurrency 8 - repeat 1,flow-control-off capacity,concurrency,8.0,1,5.538,5,4,1,,ok
concurrency 8 - repeat 1,flow-control-off capacity,concurrency,8.0,1,6.049,7,5,2,,ok
concurrency 8 - repeat 1,flow-control-off capacity,concurrency,8.0,1,6.506,8,6,2,,ok
concurrency 8 - repeat 1,flow-control-off capacity,concurrency,8.0,1,7.026,9,8,1,,ok
concurrency 8 - repeat 1,flow-control-off capacity,concurrency,8.0,1,7.535,11,9,2,,ok
concurrency 8 - repeat 1,flow-control-off capacity,concurrency,8.0,1,8.044,12,10,2,,ok
concurrency 8 - repeat 1,flow-control-off capacity,concurrency,8.0,1,8.507,13,11,2,,ok
concurrency 8 - repeat 1,flow-control-off capacity,concurrency,8.0,1,9.023,15,13,2,,ok
concurrency 8 - repeat 1,flow-control-off capacity,concurrency,8.0,1,9.55,17,14,3,,ok
concurrency 8 - repeat 1,flow-control-off capacity,concurrency,8.0,1,10.009,18,15,3,,ok
concurrency 8 - repeat 1,flow-control-off capacity,concurrency,8.0,1,10.517,21,18,3,,ok
concurrency 8 - repeat 1,flow-control-off capacity,concurrency,8.0,1,11.027,22,19,3,,ok
concurrency 8 - repeat 1,flow-control-off capacity,concurrency,8.0,1,11.542,24,21,3,,ok
concurrency 8 - repeat 1,flow-control-off capacity,concurrency,8.0,1,12.021,25,22,3,,ok
concurrency 8 - repeat 1,flow-control-off capacity,concurrency,8.0,1,12.541,28,25,3,,ok
concurrency 8 - repeat 1,flow-control-off capacity,concurrency,8.0,1,13.002,28,27,1,,ok
concurrency 8 - repeat 1,flow-control-off capacity,concurrency,8.0,1,13.53,32,28,4,,ok
concurrency 8 - repeat 1,flow-control-off capacity,concurrency,8.0,1,14.037,34,31,3,,ok
concurrency 8 - repeat 1,flow-control-off capacity,concurrency,8.0,1,14.558,36,32,4,,ok
concurrency 8 - repeat 1,flow-control-off capacity,concurrency,8.0,1,15.022,39,35,4,,ok
concurrency 8 - repeat 1,flow-control-off capacity,concurrency,8.0,1,15.531,40,36,4,,ok
concurrency 8 - repeat 1,flow-control-off capacity,concurrency,8.0,1,16.042,44,40,4,,ok
concurrency 8 - repeat 1,flow-control-off capacity,concurrency,8.0,1,16.502,45,41,4,,ok
concurrency 8 - repeat 1,flow-control-off capacity,concurrency,8.0,1,17.028,49,44,5,,ok
concurrency 8 - repeat 1,flow-control-off capacity,concurrency,8.0,1,17.541,53,48,5,,ok
concurrency 8 - repeat 1,flow-control-off capacity,concurrency,8.0,1,18.047,53,48,5,,ok
concurrency 8 - repeat 1,flow-control-off capacity,concurrency,8.0,1,18.513,58,53,5,,ok
concurrency 8 - repeat 1,flow-control-off capacity,concurrency,8.0,1,19.028,58,55,3,,ok
concurrency 8 - repeat 1,flow-control-off capacity,concurrency,8.0,1,19.506,63,58,5,,ok
concurrency 8 - repeat 1,flow-control-off capacity,concurrency,8.0,1,20.033,65,60,5,,ok
concurrency 8 - repeat 1,flow-control-off capacity,concurrency,8.0,1,20.514,68,63,5,,ok
concurrency 8 - repeat 1,flow-control-off capacity,concurrency,8.0,1,21.023,71,65,6,,ok
concurrency 8 - repeat 1,flow-control-off capacity,concurrency,8.0,1,21.544,74,68,6,,ok
concurrency 8 - repeat 1,flow-control-off capacity,concurrency,8.0,1,22.002,77,71,6,,ok
concurrency 8 - repeat 1,flow-control-off capacity,concurrency,8.0,1,22.522,80,74,6,,ok
concurrency 8 - repeat 1,flow-control-off capacity,concurrency,8.0,1,23.031,83,77,6,,ok
concurrency 8 - repeat 1,flow-control-off capacity,concurrency,8.0,1,23.542,86,80,6,,ok
concurrency 8 - repeat 1,flow-control-off capacity,concurrency,8.0,1,24.051,89,83,6,,ok
concurrency 8 - repeat 1,flow-control-off capacity,concurrency,8.0,1,24.509,93,86,7,,ok
concurrency 8 - repeat 1,flow-control-off capacity,concurrency,8.0,1,25.017,96,89,7,,ok
concurrency 8 - repeat 1,flow-control-off capacity,concurrency,8.0,1,25.526,99,92,7,,ok
concurrency 8 - repeat 1,flow-control-off capacity,concurrency,8.0,1,26.036,100,99,1,,ok
concurrency 8 - repeat 1,flow-control-off capacity,concurrency,8.0,1,26.546,106,100,6,,ok
concurrency 8 - repeat 1,flow-control-off capacity,concurrency,8.0,1,27.009,107,100,7,,ok
concurrency 8 - repeat 1,flow-control-off capacity,concurrency,8.0,1,27.523,114,107,7,,ok
concurrency 8 - repeat 1,flow-control-off capacity,concurrency,8.0,1,28.041,115,112,3,,ok
concurrency 8 - repeat 1,flow-control-off capacity,concurrency,8.0,1,28.509,121,114,7,,ok
concurrency 8 - repeat 1,flow-control-off capacity,concurrency,8.0,1,29.016,122,115,7,,ok
concurrency 8 - repeat 1,flow-control-off capacity,concurrency,8.0,1,29.526,130,122,8,,ok
concurrency 8 - repeat 1,flow-control-off capacity,concurrency,8.0,1,30.034,131,123,8,,ok
concurrency 8 - repeat 1,flow-control-off capacity,concurrency,8.0,1,30.542,138,130,8,,ok
concurrency 8 - repeat 1,flow-control-off capacity,concurrency,8.0,1,31.001,139,131,8,,ok
concurrency 8 - repeat 1,flow-control-off capacity,concurrency,8.0,1,31.512,146,138,8,,ok
concurrency 8 - repeat 1,flow-control-off capacity,concurrency,8.0,1,32.018,147,139,8,,ok
concurrency 8 - repeat 1,flow-control-off capacity,concurrency,8.0,1,32.541,154,146,8,,ok
concurrency 8 - repeat 1,flow-control-off capacity,concurrency,8.0,1,33.05,155,147,8,,ok
concurrency 8 - repeat 1,flow-control-off capacity,concurrency,8.0,1,33.509,162,154,8,,ok
concurrency 8 - repeat 1,flow-control-off capacity,concurrency,8.0,1,34.037,163,155,8,,ok
concurrency 8 - repeat 1,flow-control-off capacity,concurrency,8.0,1,34.548,170,162,8,,ok
concurrency 8 - repeat 1,flow-control-off capacity,concurrency,8.0,1,35.009,171,163,8,,ok
concurrency 8 - repeat 1,flow-control-off capacity,concurrency,8.0,1,35.518,178,170,8,,ok
concurrency 8 - repeat 1,flow-control-off capacity,concurrency,8.0,1,36.042,179,171,8,,ok
concurrency 8 - repeat 1,flow-control-off capacity,concurrency,8.0,1,36.551,187,179,8,,ok
concurrency 8 - repeat 1,flow-control-off capacity,concurrency,8.0,1,37.023,187,179,8,,ok
concurrency 8 - repeat 1,flow-control-off capacity,concurrency,8.0,1,37.549,195,187,8,,ok
concurrency 8 - repeat 1,flow-control-off capacity,concurrency,8.0,1,38.005,195,187,8,,ok
concurrency 8 - repeat 1,flow-control-off capacity,concurrency,8.0,1,38.513,196,188,8,,ok
concurrency 8 - repeat 1,flow-control-off capacity,concurrency,8.0,1,39.021,203,195,8,,ok
concurrency 8 - repeat 1,flow-control-off capacity,concurrency,8.0,1,39.531,204,196,8,,ok
concurrency 8 - repeat 1,flow-control-off capacity,concurrency,8.0,1,40.048,211,203,8,,ok
concurrency 8 - repeat 1,flow-control-off capacity,concurrency,8.0,1,40.503,212,204,8,,ok
concurrency 8 - repeat 1,flow-control-off capacity,concurrency,8.0,1,41.015,219,211,8,,ok
concurrency 8 - repeat 1,flow-control-off capacity,concurrency,8.0,1,41.525,220,212,8,,ok
concurrency 8 - repeat 1,flow-control-off capacity,concurrency,8.0,1,42.03,228,220,8,,ok
concurrency 8 - repeat 1,flow-control-off capacity,concurrency,8.0,1,42.539,228,220,8,,ok
concurrency 8 - repeat 1,flow-control-off capacity,concurrency,8.0,1,43.006,236,228,8,,ok
concurrency 8 - repeat 1,flow-control-off capacity,concurrency,8.0,1,43.514,236,228,8,,ok
concurrency 8 - repeat 1,flow-control-off capacity,concurrency,8.0,1,44.028,244,236,8,,ok
concurrency 8 - repeat 1,flow-control-off capacity,concurrency,8.0,1,44.536,244,236,8,,ok
concurrency 8 - repeat 1,flow-control-off capacity,concurrency,8.0,1,45.043,252,244,8,,ok
concurrency 8 - repeat 1,flow-control-off capacity,concurrency,8.0,1,45.55,252,244,8,,ok
concurrency 8 - repeat 1,flow-control-off capacity,concurrency,8.0,1,46.012,260,252,8,,ok
concurrency 8 - repeat 1,flow-control-off capacity,concurrency,8.0,1,46.508,260,252,8,,ok
concurrency 8 - repeat 1,flow-control-off capacity,concurrency,8.0,1,47.032,260,260,0,,ok
concurrency 8 - repeat 1,flow-control-off capacity,concurrency,8.0,1,47.546,268,260,8,,ok
concurrency 8 - repeat 1,flow-control-off capacity,concurrency,8.0,1,48.003,268,260,8,,ok
concurrency 8 - repeat 1,flow-control-off capacity,concurrency,8.0,1,48.516,276,268,8,,ok
concurrency 8 - repeat 1,flow-control-off capacity,concurrency,8.0,1,49.028,276,268,8,,ok
concurrency 8 - repeat 1,flow-control-off capacity,concurrency,8.0,1,49.537,284,276,8,,ok
concurrency 8 - repeat 1,flow-control-off capacity,concurrency,8.0,1,50.044,284,276,8,,ok
concurrency 8 - repeat 1,flow-control-off capacity,concurrency,8.0,1,50.505,292,284,8,,ok
concurrency 8 - repeat 1,flow-control-off capacity,concurrency,8.0,1,51.017,292,284,8,,ok
concurrency 8 - repeat 1,flow-control-off capacity,concurrency,8.0,1,51.541,300,292,8,,ok
concurrency 8 - repeat 1,flow-control-off capacity,concurrency,8.0,1,52.015,300,292,8,,ok
concurrency 8 - repeat 1,flow-control-off capacity,concurrency,8.0,1,52.538,308,300,8,,ok
concurrency 8 - repeat 1,flow-control-off capacity,concurrency,8.0,1,53.004,308,300,8,,ok
concurrency 8 - repeat 1,flow-control-off capacity,concurrency,8.0,1,53.526,316,308,8,,ok
concurrency 8 - repeat 1,flow-control-off capacity,concurrency,8.0,1,54.036,316,308,8,,ok
concurrency 8 - repeat 1,flow-control-off capacity,concurrency,8.0,1,54.546,324,316,8,,ok
concurrency 8 - repeat 1,flow-control-off capacity,concurrency,8.0,1,55.004,324,316,8,,ok
concurrency 8 - repeat 1,flow-control-off capacity,concurrency,8.0,1,55.517,332,324,8,,ok
concurrency 8 - repeat 1,flow-control-off capacity,concurrency,8.0,1,56.025,332,324,8,,ok
concurrency 8 - repeat 1,flow-control-off capacity,concurrency,8.0,1,56.536,340,332,8,,ok
concurrency 8 - repeat 1,flow-control-off capacity,concurrency,8.0,1,57.018,340,332,8,,ok
concurrency 8 - repeat 1,flow-control-off capacity,concurrency,8.0,1,57.535,348,340,8,,ok
concurrency 8 - repeat 1,flow-control-off capacity,concurrency,8.0,1,58.043,348,340,8,,ok
concurrency 8 - repeat 1,flow-control-off capacity,concurrency,8.0,1,58.512,356,348,8,,ok
concurrency 8 - repeat 1,flow-control-off capacity,concurrency,8.0,1,59.024,356,348,8,,ok
concurrency 8 - repeat 1,flow-control-off capacity,concurrency,8.0,1,59.532,361,353,8,,ok
concurrency 8 - repeat 1,flow-control-off capacity,concurrency,8.0,1,60.044,364,356,8,,ok
concurrency 8 - repeat 1,flow-control-off capacity,concurrency,8.0,1,60.501,369,361,8,,ok
concurrency 8 - repeat 1,flow-control-off capacity,concurrency,8.0,1,61.027,372,364,8,,ok
concurrency 8 - repeat 1,flow-control-off capacity,concurrency,8.0,1,61.547,377,370,7,,ok
concurrency 8 - repeat 1,flow-control-off capacity,concurrency,8.0,1,62.005,380,372,8,,ok
concurrency 8 - repeat 1,flow-control-off capacity,concurrency,8.0,1,62.516,385,378,7,,ok
concurrency 8 - repeat 1,flow-control-off capacity,concurrency,8.0,1,63.023,388,380,8,,ok
concurrency 8 - repeat 1,flow-control-off capacity,concurrency,8.0,1,63.55,393,386,7,,ok
concurrency 8 - repeat 1,flow-control-off capacity,concurrency,8.0,1,64.018,396,388,8,,ok
concurrency 8 - repeat 1,flow-control-off capacity,concurrency,8.0,1,64.505,401,394,7,,ok
concurrency 8 - repeat 1,flow-control-off capacity,concurrency,8.0,1,65.013,404,396,8,,ok
concurrency 8 - repeat 1,flow-control-off capacity,concurrency,8.0,1,65.523,410,402,8,,ok
concurrency 8 - repeat 1,flow-control-off capacity,concurrency,8.0,1,66.034,412,404,8,,ok
concurrency 8 - repeat 1,flow-control-off capacity,concurrency,8.0,1,66.506,418,410,8,,ok
concurrency 8 - repeat 1,flow-control-off capacity,concurrency,8.0,1,67.025,420,412,8,,ok
concurrency 8 - repeat 1,flow-control-off capacity,concurrency,8.0,1,67.534,426,418,8,,ok
concurrency 8 - repeat 1,flow-control-off capacity,concurrency,8.0,1,68.043,428,420,8,,ok
concurrency 8 - repeat 1,flow-control-off capacity,concurrency,8.0,1,68.55,434,426,8,,ok
concurrency 8 - repeat 1,flow-control-off capacity,concurrency,8.0,1,69.012,436,428,8,,ok
concurrency 8 - repeat 1,flow-control-off capacity,concurrency,8.0,1,69.526,436,434,2,,ok
concurrency 8 - repeat 1,flow-control-off capacity,concurrency,8.0,1,70.051,444,436,8,,ok
concurrency 8 - repeat 1,flow-control-off capacity,concurrency,8.0,1,70.509,450,442,8,,ok
concurrency 8 - repeat 1,flow-control-off capacity,concurrency,8.0,1,71.025,452,444,8,,ok
concurrency 8 - repeat 1,flow-control-off capacity,concurrency,8.0,1,71.532,458,450,8,,ok
concurrency 8 - repeat 1,flow-control-off capacity,concurrency,8.0,1,72.04,460,452,8,,ok
concurrency 8 - repeat 1,flow-control-off capacity,concurrency,8.0,1,72.508,466,458,8,,ok
concurrency 8 - repeat 1,flow-control-off capacity,concurrency,8.0,1,73.031,468,460,8,,ok
concurrency 8 - repeat 1,flow-control-off capacity,concurrency,8.0,1,73.54,474,467,7,,ok
concurrency 8 - repeat 1,flow-control-off capacity,concurrency,8.0,1,74.001,476,468,8,,ok
concurrency 8 - repeat 1,flow-control-off capacity,concurrency,8.0,1,74.513,484,476,8,,ok
concurrency 8 - repeat 1,flow-control-off capacity,concurrency,8.0,1,75.031,484,476,8,,ok
concurrency 8 - repeat 1,flow-control-off capacity,concurrency,8.0,1,75.502,492,484,8,,ok
concurrency 8 - repeat 1,flow-control-off capacity,concurrency,8.0,1,76.007,492,484,8,,ok
concurrency 8 - repeat 1,flow-control-off capacity,concurrency,8.0,1,76.52,500,492,8,,ok
concurrency 8 - repeat 1,flow-control-off capacity,concurrency,8.0,1,77.044,500,492,8,,ok
concurrency 8 - repeat 1,flow-control-off capacity,concurrency,8.0,1,77.516,508,500,8,,ok
concurrency 8 - repeat 1,flow-control-off capacity,concurrency,8.0,1,78.023,508,500,8,,ok
concurrency 8 - repeat 1,flow-control-off capacity,concurrency,8.0,1,78.544,516,508,8,,ok
concurrency 8 - repeat 1,flow-control-off capacity,concurrency,8.0,1,79.003,516,508,8,,ok
concurrency 8 - repeat 1,flow-control-off capacity,concurrency,8.0,1,79.511,524,516,8,,ok
concurrency 8 - repeat 1,flow-control-off capacity,concurrency,8.0,1,80.022,524,516,8,,ok
concurrency 8 - repeat 1,flow-control-off capacity,concurrency,8.0,1,80.545,532,524,8,,ok
concurrency 8 - repeat 1,flow-control-off capacity,concurrency,8.0,1,81.0,532,524,8,,ok
concurrency 8 - repeat 1,flow-control-off capacity,concurrency,8.0,1,81.536,540,532,8,,ok
concurrency 8 - repeat 1,flow-control-off capacity,concurrency,8.0,1,82.044,540,532,8,,ok
concurrency 8 - repeat 1,flow-control-off capacity,concurrency,8.0,1,82.505,548,540,8,,ok
concurrency 8 - repeat 1,flow-control-off capacity,concurrency,8.0,1,83.013,548,540,8,,ok
concurrency 8 - repeat 1,flow-control-off capacity,concurrency,8.0,1,83.529,556,548,8,,ok
concurrency 8 - repeat 1,flow-control-off capacity,concurrency,8.0,1,84.035,556,548,8,,ok
concurrency 8 - repeat 1,flow-control-off capacity,concurrency,8.0,1,84.546,564,556,8,,ok
concurrency 8 - repeat 1,flow-control-off capacity,concurrency,8.0,1,85.002,564,556,8,,ok
concurrency 8 - repeat 1,flow-control-off capacity,concurrency,8.0,1,85.518,572,564,8,,ok
concurrency 8 - repeat 1,flow-control-off capacity,concurrency,8.0,1,86.032,572,564,8,,ok
concurrency 8 - repeat 1,flow-control-off capacity,concurrency,8.0,1,86.539,580,572,8,,ok
concurrency 8 - repeat 1,flow-control-off capacity,concurrency,8.0,1,87.007,580,572,8,,ok
concurrency 8 - repeat 1,flow-control-off capacity,concurrency,8.0,1,87.522,588,580,8,,ok
concurrency 8 - repeat 1,flow-control-off capacity,concurrency,8.0,1,88.031,588,580,8,,ok
concurrency 8 - repeat 1,flow-control-off capacity,concurrency,8.0,1,88.501,596,588,8,,ok
concurrency 8 - repeat 1,flow-control-off capacity,concurrency,8.0,1,89.009,596,588,8,,ok
concurrency 8 - repeat 1,flow-control-off capacity,concurrency,8.0,1,89.525,604,596,8,,ok
concurrency 8 - repeat 1,flow-control-off capacity,concurrency,8.0,1,90.037,605,597,8,,ok
concurrency 8 - repeat 1,flow-control-off capacity,concurrency,8.0,1,90.543,612,604,8,,ok
concurrency 8 - repeat 1,flow-control-off capacity,concurrency,8.0,1,91.012,613,605,8,,ok
concurrency 8 - repeat 1,flow-control-off capacity,concurrency,8.0,1,91.523,613,605,8,,ok
concurrency 8 - repeat 1,flow-control-off capacity,concurrency,8.0,1,92.037,621,613,8,,ok
concurrency 8 - repeat 1,flow-control-off capacity,concurrency,8.0,1,92.545,621,613,8,,ok
concurrency 8 - repeat 1,flow-control-off capacity,concurrency,8.0,1,93.001,629,621,8,,ok
concurrency 8 - repeat 1,flow-control-off capacity,concurrency,8.0,1,93.519,629,621,8,,ok
concurrency 8 - repeat 1,flow-control-off capacity,concurrency,8.0,1,94.031,637,629,8,,ok
concurrency 8 - repeat 1,flow-control-off capacity,concurrency,8.0,1,94.54,637,629,8,,ok
concurrency 8 - repeat 1,flow-control-off capacity,concurrency,8.0,1,95.001,645,637,8,,ok
concurrency 8 - repeat 1,flow-control-off capacity,concurrency,8.0,1,95.518,645,637,8,,ok
concurrency 8 - repeat 1,flow-control-off capacity,concurrency,8.0,1,96.03,653,645,8,,ok
concurrency 8 - repeat 1,flow-control-off capacity,concurrency,8.0,1,96.538,653,645,8,,ok
concurrency 8 - repeat 1,flow-control-off capacity,concurrency,8.0,1,97.035,661,653,8,,ok
concurrency 8 - repeat 1,flow-control-off capacity,concurrency,8.0,1,97.53,661,661,0,,ok
concurrency 8 - repeat 1,flow-control-off capacity,concurrency,8.0,1,98.019,669,661,8,,ok
concurrency 8 - repeat 1,flow-control-off capacity,concurrency,8.0,1,98.526,677,669,8,,ok
concurrency 8 - repeat 1,flow-control-off capacity,concurrency,8.0,1,99.048,677,669,8,,ok
concurrency 8 - repeat 1,flow-control-off capacity,concurrency,8.0,1,99.512,685,677,8,,ok
concurrency 8 - repeat 1,flow-control-off capacity,concurrency,8.0,1,100.019,685,677,8,,ok
concurrency 8 - repeat 1,flow-control-off capacity,concurrency,8.0,1,100.531,693,685,8,,ok
concurrency 8 - repeat 1,flow-control-off capacity,concurrency,8.0,1,101.04,693,685,8,,ok
concurrency 8 - repeat 1,flow-control-off capacity,concurrency,8.0,1,101.547,701,693,8,,ok
concurrency 8 - repeat 1,flow-control-off capacity,concurrency,8.0,1,102.004,701,693,8,,ok
concurrency 8 - repeat 1,flow-control-off capacity,concurrency,8.0,1,102.514,709,701,8,,ok
concurrency 8 - repeat 1,flow-control-off capacity,concurrency,8.0,1,103.023,709,701,8,,ok
concurrency 8 - repeat 1,flow-control-off capacity,concurrency,8.0,1,103.538,711,703,8,,ok
concurrency 8 - repeat 1,flow-control-off capacity,concurrency,8.0,1,104.051,717,709,8,,ok
concurrency 8 - repeat 1,flow-control-off capacity,concurrency,8.0,1,104.512,719,711,8,,ok
concurrency 8 - repeat 1,flow-control-off capacity,concurrency,8.0,1,105.023,725,717,8,,ok
concurrency 8 - repeat 1,flow-control-off capacity,concurrency,8.0,1,105.547,727,719,8,,ok
concurrency 8 - repeat 1,flow-control-off capacity,concurrency,8.0,1,106.005,733,725,8,,ok
concurrency 8 - repeat 1,flow-control-off capacity,concurrency,8.0,1,106.516,735,727,8,,ok
concurrency 8 - repeat 1,flow-control-off capacity,concurrency,8.0,1,107.035,741,735,6,,ok
concurrency 8 - repeat 1,flow-control-off capacity,concurrency,8.0,1,107.501,743,735,8,,ok
concurrency 8 - repeat 1,flow-control-off capacity,concurrency,8.0,1,108.014,751,743,8,,ok
concurrency 8 - repeat 1,flow-control-off capacity,concurrency,8.0,1,108.534,751,743,8,,ok
concurrency 8 - repeat 1,flow-control-off capacity,concurrency,8.0,1,109.014,759,751,8,,ok
concurrency 8 - repeat 1,flow-control-off capacity,concurrency,8.0,1,109.523,759,751,8,,ok
concurrency 8 - repeat 1,flow-control-off capacity,concurrency,8.0,1,110.036,767,759,8,,ok
concurrency 8 - repeat 1,flow-control-off capacity,concurrency,8.0,1,110.545,767,759,8,,ok
concurrency 8 - repeat 1,flow-control-off capacity,concurrency,8.0,1,111.005,775,767,8,,ok
concurrency 8 - repeat 1,flow-control-off capacity,concurrency,8.0,1,111.511,775,767,8,,ok
concurrency 8 - repeat 1,flow-control-off capacity,concurrency,8.0,1,112.02,783,775,8,,ok
concurrency 8 - repeat 1,flow-control-off capacity,concurrency,8.0,1,112.528,783,775,8,,ok
concurrency 8 - repeat 1,flow-control-off capacity,concurrency,8.0,1,113.04,791,783,8,,ok
concurrency 8 - repeat 1,flow-control-off capacity,concurrency,8.0,1,113.548,791,783,8,,ok
concurrency 8 - repeat 1,flow-control-off capacity,concurrency,8.0,1,114.005,799,791,8,,ok
concurrency 8 - repeat 1,flow-control-off capacity,concurrency,8.0,1,114.518,799,791,8,,ok
concurrency 8 - repeat 1,flow-control-off capacity,concurrency,8.0,1,115.029,807,799,8,,ok
concurrency 8 - repeat 1,flow-control-off capacity,concurrency,8.0,1,115.537,807,799,8,,ok
concurrency 8 - repeat 1,flow-control-off capacity,concurrency,8.0,1,116.001,815,807,8,,ok
concurrency 8 - repeat 1,flow-control-off capacity,concurrency,8.0,1,116.51,815,807,8,,ok
concurrency 8 - repeat 1,flow-control-off capacity,concurrency,8.0,1,117.032,823,815,8,,ok
concurrency 8 - repeat 1,flow-control-off capacity,concurrency,8.0,1,117.504,823,815,8,,ok
concurrency 8 - repeat 1,flow-control-off capacity,concurrency,8.0,1,118.016,831,823,8,,ok
concurrency 8 - repeat 1,flow-control-off capacity,concurrency,8.0,1,118.523,831,823,8,,ok
concurrency 8 - repeat 1,flow-control-off capacity,concurrency,8.0,1,119.032,839,831,8,,ok
concurrency 8 - repeat 1,flow-control-off capacity,concurrency,8.0,1,119.539,839,831,8,,ok
concurrency 8 - repeat 1,flow-control-off capacity,concurrency,8.0,1,120.01,847,839,8,,ok
concurrency 8 - repeat 1,flow-control-off capacity,concurrency,8.0,1,120.512,847,839,8,,ok
concurrency 8 - repeat 1,flow-control-off capacity,concurrency,8.0,1,121.025,855,847,8,,ok
concurrency 8 - repeat 1,flow-control-off capacity,concurrency,8.0,1,121.536,857,855,2,,ok
concurrency 8 - repeat 1,flow-control-off capacity,concurrency,8.0,1,122.047,863,855,8,,ok
concurrency 8 - repeat 1,flow-control-off capacity,concurrency,8.0,1,122.504,863,863,0,,ok
concurrency 8 - repeat 1,flow-control-off capacity,concurrency,8.0,1,123.029,871,863,8,,ok
concurrency 8 - repeat 1,flow-control-off capacity,concurrency,8.0,1,123.542,871,863,8,,ok
concurrency 8 - repeat 1,flow-control-off capacity,concurrency,8.0,1,124.002,871,863,8,,ok
concurrency 8 - repeat 1,flow-control-off capacity,concurrency,8.0,1,124.515,879,871,8,,ok
concurrency 8 - repeat 1,flow-control-off capacity,concurrency,8.0,1,125.022,882,879,3,,ok
concurrency 8 - repeat 1,flow-control-off capacity,concurrency,8.0,1,125.548,887,879,8,,ok
concurrency 8 - repeat 1,flow-control-off capacity,concurrency,8.0,1,126.004,890,887,3,,ok
concurrency 8 - repeat 1,flow-control-off capacity,concurrency,8.0,1,126.513,895,887,8,,ok
concurrency 8 - repeat 1,flow-control-off capacity,concurrency,8.0,1,127.046,903,895,8,,ok
concurrency 8 - repeat 1,flow-control-off capacity,concurrency,8.0,1,127.548,903,895,8,,ok
concurrency 8 - repeat 1,flow-control-off capacity,concurrency,8.0,1,128.015,911,903,8,,ok
concurrency 8 - repeat 1,flow-control-off capacity,concurrency,8.0,1,128.526,911,903,8,,ok
concurrency 8 - repeat 1,flow-control-off capacity,concurrency,8.0,1,129.038,919,911,8,,ok
concurrency 8 - repeat 1,flow-control-off capacity,concurrency,8.0,1,129.548,919,911,8,,ok
concurrency 8 - repeat 1,flow-control-off capacity,concurrency,8.0,1,130.018,927,919,8,,ok
concurrency 8 - repeat 1,flow-control-off capacity,concurrency,8.0,1,130.526,927,919,8,,ok
concurrency 8 - repeat 1,flow-control-off capacity,concurrency,8.0,1,131.042,935,927,8,,ok
concurrency 8 - repeat 1,flow-control-off capacity,concurrency,8.0,1,131.502,935,927,8,,ok
concurrency 8 - repeat 1,flow-control-off capacity,concurrency,8.0,1,132.024,943,935,8,,ok
concurrency 8 - repeat 1,flow-control-off capacity,concurrency,8.0,1,132.542,943,935,8,,ok
concurrency 8 - repeat 1,flow-control-off capacity,concurrency,8.0,1,133.001,951,943,8,,ok
concurrency 8 - repeat 1,flow-control-off capacity,concurrency,8.0,1,133.522,951,943,8,,ok
concurrency 8 - repeat 1,flow-control-off capacity,concurrency,8.0,1,134.04,959,951,8,,ok
concurrency 8 - repeat 1,flow-control-off capacity,concurrency,8.0,1,134.548,959,951,8,,ok
concurrency 8 - repeat 1,flow-control-off capacity,concurrency,8.0,1,135.006,967,959,8,,ok
concurrency 8 - repeat 1,flow-control-off capacity,concurrency,8.0,1,135.513,967,959,8,,ok
concurrency 8 - repeat 1,flow-control-off capacity,concurrency,8.0,1,136.024,975,967,8,,ok
concurrency 8 - repeat 1,flow-control-off capacity,concurrency,8.0,1,136.538,975,967,8,,ok
concurrency 8 - repeat 1,flow-control-off capacity,concurrency,8.0,1,137.022,983,975,8,,ok
concurrency 8 - repeat 1,flow-control-off capacity,concurrency,8.0,1,137.538,983,975,8,,ok
concurrency 8 - repeat 1,flow-control-off capacity,concurrency,8.0,1,138.051,991,983,8,,ok
concurrency 8 - repeat 1,flow-control-off capacity,concurrency,8.0,1,138.508,991,983,8,,ok
concurrency 8 - repeat 1,flow-control-off capacity,concurrency,8.0,1,139.019,999,991,8,,ok
concurrency 8 - repeat 1,flow-control-off capacity,concurrency,8.0,1,139.529,999,991,8,,ok
concurrency 8 - repeat 1,flow-control-off capacity,concurrency,8.0,1,140.041,1007,999,8,,ok
concurrency 8 - repeat 1,flow-control-off capacity,concurrency,8.0,1,140.501,1007,999,8,,ok
concurrency 8 - repeat 1,flow-control-off capacity,concurrency,8.0,1,141.014,1015,1007,8,,ok
concurrency 8 - repeat 1,flow-control-off capacity,concurrency,8.0,1,141.522,1015,1007,8,,ok
concurrency 8 - repeat 1,flow-control-off capacity,concurrency,8.0,1,142.033,1023,1015,8,,ok
concurrency 8 - repeat 1,flow-control-off capacity,concurrency,8.0,1,142.505,1023,1015,8,,ok
concurrency 8 - repeat 1,flow-control-off capacity,concurrency,8.0,1,143.025,1031,1023,8,,ok
concurrency 8 - repeat 1,flow-control-off capacity,concurrency,8.0,1,143.537,1031,1023,8,,ok
concurrency 8 - repeat 1,flow-control-off capacity,concurrency,8.0,1,144.0,1032,1031,1,,ok
concurrency 8 - repeat 1,flow-control-off capacity,concurrency,8.0,1,144.525,1039,1031,8,,ok
concurrency 8 - repeat 1,flow-control-off capacity,concurrency,8.0,1,145.042,1040,1039,1,,ok
concurrency 8 - repeat 1,flow-control-off capacity,concurrency,8.0,1,145.502,1047,1039,8,,ok
concurrency 8 - repeat 1,flow-control-off capacity,concurrency,8.0,1,146.036,1048,1040,8,,ok
concurrency 8 - repeat 1,flow-control-off capacity,concurrency,8.0,1,146.545,1055,1047,8,,ok
concurrency 8 - repeat 1,flow-control-off capacity,concurrency,8.0,1,147.02,1056,1048,8,,ok
concurrency 8 - repeat 1,flow-control-off capacity,concurrency,8.0,1,147.504,1063,1055,8,,ok
concurrency 8 - repeat 1,flow-control-off capacity,concurrency,8.0,1,148.013,1064,1056,8,,ok
concurrency 8 - repeat 1,flow-control-off capacity,concurrency,8.0,1,148.522,1071,1063,8,,ok
concurrency 8 - repeat 1,flow-control-off capacity,concurrency,8.0,1,149.029,1072,1064,8,,ok
concurrency 8 - repeat 1,flow-control-off capacity,concurrency,8.0,1,149.54,1079,1072,7,,ok
concurrency 8 - repeat 1,flow-control-off capacity,concurrency,8.0,1,150.048,1080,1072,8,,ok
concurrency 8 - repeat 1,flow-control-off capacity,concurrency,8.0,1,150.502,1088,1080,8,,ok
concurrency 8 - repeat 1,flow-control-off capacity,concurrency,8.0,1,151.014,1088,1080,8,,ok
concurrency 8 - repeat 1,flow-control-off capacity,concurrency,8.0,1,151.527,1096,1088,8,,ok
concurrency 8 - repeat 1,flow-control-off capacity,concurrency,8.0,1,152.044,1096,1088,8,,ok
concurrency 8 - repeat 1,flow-control-off capacity,concurrency,8.0,1,152.517,1104,1096,8,,ok
concurrency 8 - repeat 1,flow-control-off capacity,concurrency,8.0,1,153.025,1104,1096,8,,ok
concurrency 8 - repeat 1,flow-control-off capacity,concurrency,8.0,1,153.538,1112,1104,8,,ok
concurrency 8 - repeat 1,flow-control-off capacity,concurrency,8.0,1,154.045,1112,1104,8,,ok
concurrency 8 - repeat 1,flow-control-off capacity,concurrency,8.0,1,154.506,1120,1112,8,,ok
concurrency 8 - repeat 1,flow-control-off capacity,concurrency,8.0,1,155.022,1120,1112,8,,ok
concurrency 8 - repeat 1,flow-control-off capacity,concurrency,8.0,1,155.53,1128,1120,8,,ok
concurrency 8 - repeat 1,flow-control-off capacity,concurrency,8.0,1,156.039,1128,1128,0,,ok
concurrency 8 - repeat 1,flow-control-off capacity,concurrency,8.0,1,156.501,1136,1128,8,,ok
concurrency 8 - repeat 1,flow-control-off capacity,concurrency,8.0,1,157.027,1136,1128,8,,ok
concurrency 8 - repeat 1,flow-control-off capacity,concurrency,8.0,1,157.518,1144,1136,8,,ok
concurrency 8 - repeat 1,flow-control-off capacity,concurrency,8.0,1,158.028,1144,1136,8,,ok
concurrency 8 - repeat 1,flow-control-off capacity,concurrency,8.0,1,158.543,1152,1144,8,,ok
concurrency 8 - repeat 1,flow-control-off capacity,concurrency,8.0,1,159.01,1152,1144,8,,ok
concurrency 8 - repeat 1,flow-control-off capacity,concurrency,8.0,1,159.518,1160,1152,8,,ok
concurrency 8 - repeat 1,flow-control-off capacity,concurrency,8.0,1,160.024,1160,1152,8,,ok
concurrency 8 - repeat 1,flow-control-off capacity,concurrency,8.0,1,160.536,1168,1160,8,,ok
concurrency 8 - repeat 1,flow-control-off capacity,concurrency,8.0,1,161.006,1168,1160,8,,ok
concurrency 8 - repeat 1,flow-control-off capacity,concurrency,8.0,1,161.53,1176,1168,8,,ok
concurrency 8 - repeat 1,flow-control-off capacity,concurrency,8.0,1,162.038,1176,1176,0,,ok
concurrency 8 - repeat 1,flow-control-off capacity,concurrency,8.0,1,162.5,1184,1176,8,,ok
concurrency 8 - repeat 1,flow-control-off capacity,concurrency,8.0,1,163.009,1185,1184,1,,ok
concurrency 8 - repeat 1,flow-control-off capacity,concurrency,8.0,1,163.527,1192,1184,8,,ok
concurrency 8 - repeat 1,flow-control-off capacity,concurrency,8.0,1,164.001,1193,1192,1,,ok
concurrency 8 - repeat 1,flow-control-off capacity,concurrency,8.0,1,164.522,1200,1192,8,,ok
concurrency 8 - repeat 1,flow-control-off capacity,concurrency,8.0,1,165.03,1207,1199,8,,ok
concurrency 8 - repeat 1,flow-control-off capacity,concurrency,8.0,1,165.547,1208,1200,8,,ok
concurrency 8 - repeat 1,flow-control-off capacity,concurrency,8.0,1,166.003,1208,1208,0,,ok
concurrency 8 - repeat 1,flow-control-off capacity,concurrency,8.0,1,166.515,1216,1208,8,,ok
concurrency 8 - repeat 1,flow-control-off capacity,concurrency,8.0,1,167.045,1216,1216,0,,ok
concurrency 8 - repeat 1,flow-control-off capacity,concurrency,8.0,1,167.515,1224,1216,8,,ok
concurrency 8 - repeat 1,flow-control-off capacity,concurrency,8.0,1,168.022,1224,1216,8,,ok
concurrency 8 - repeat 1,flow-control-off capacity,concurrency,8.0,1,168.543,1232,1224,8,,ok
concurrency 8 - repeat 1,flow-control-off capacity,concurrency,8.0,1,169.05,1232,1225,7,,ok
concurrency 8 - repeat 1,flow-control-off capacity,concurrency,8.0,1,169.512,1240,1232,8,,ok
concurrency 8 - repeat 1,flow-control-off capacity,concurrency,8.0,1,170.021,1240,1232,8,,ok
concurrency 8 - repeat 1,flow-control-off capacity,concurrency,8.0,1,170.535,1248,1240,8,,ok
concurrency 8 - repeat 1,flow-control-off capacity,concurrency,8.0,1,171.044,1248,1240,8,,ok
concurrency 8 - repeat 1,flow-control-off capacity,concurrency,8.0,1,171.505,1256,1248,8,,ok
concurrency 8 - repeat 1,flow-control-off capacity,concurrency,8.0,1,172.014,1256,1248,8,,ok
concurrency 8 - repeat 1,flow-control-off capacity,concurrency,8.0,1,172.528,1264,1256,8,,ok
concurrency 8 - repeat 1,flow-control-off capacity,concurrency,8.0,1,173.04,1264,1256,8,,ok
concurrency 8 - repeat 1,flow-control-off capacity,concurrency,8.0,1,173.502,1272,1264,8,,ok
concurrency 8 - repeat 1,flow-control-off capacity,concurrency,8.0,1,174.01,1272,1264,8,,ok
concurrency 8 - repeat 1,flow-control-off capacity,concurrency,8.0,1,174.52,1280,1272,8,,ok
concurrency 8 - repeat 1,flow-control-off capacity,concurrency,8.0,1,175.048,1280,1272,8,,ok
concurrency 8 - repeat 1,flow-control-off capacity,concurrency,8.0,1,175.505,1288,1280,8,,ok
concurrency 8 - repeat 1,flow-control-off capacity,concurrency,8.0,1,176.03,1288,1280,8,,ok
concurrency 8 - repeat 1,flow-control-off capacity,concurrency,8.0,1,176.54,1296,1288,8,,ok
concurrency 8 - repeat 1,flow-control-off capacity,concurrency,8.0,1,177.004,1296,1289,7,,ok
concurrency 8 - repeat 1,flow-control-off capacity,concurrency,8.0,1,177.528,1304,1296,8,,ok
concurrency 8 - repeat 1,flow-control-off capacity,concurrency,8.0,1,178.036,1305,1297,8,,ok
concurrency 8 - repeat 1,flow-control-off capacity,concurrency,8.0,1,178.545,1312,1304,8,,ok
concurrency 8 - repeat 1,flow-control-off capacity,concurrency,8.0,1,179.003,1313,1305,8,,ok
concurrency 8 - repeat 1,flow-control-off capacity,concurrency,8.0,1,179.513,1320,1312,8,,ok
concurrency 16 - repeat 1,flow-control-off capacity,concurrency,16.0,1,0.001,0,0,0,,ok
concurrency 16 - repeat 1,flow-control-off capacity,concurrency,16.0,1,0.526,0,0,0,,ok
concurrency 16 - repeat 1,flow-control-off capacity,concurrency,16.0,1,1.043,1,0,1,,ok
concurrency 16 - repeat 1,flow-control-off capacity,concurrency,16.0,1,1.514,1,0,1,,ok
concurrency 16 - repeat 1,flow-control-off capacity,concurrency,16.0,1,2.03,2,1,1,,ok
concurrency 16 - repeat 1,flow-control-off capacity,concurrency,16.0,1,2.539,2,1,1,,ok
concurrency 16 - repeat 1,flow-control-off capacity,concurrency,16.0,1,3.05,4,2,2,,ok
concurrency 16 - repeat 1,flow-control-off capacity,concurrency,16.0,1,3.512,5,3,2,,ok
concurrency 16 - repeat 1,flow-control-off capacity,concurrency,16.0,1,4.029,6,5,1,,ok
concurrency 16 - repeat 1,flow-control-off capacity,concurrency,16.0,1,4.539,7,6,1,,ok
concurrency 16 - repeat 1,flow-control-off capacity,concurrency,16.0,1,5.048,10,7,3,,ok
concurrency 16 - repeat 1,flow-control-off capacity,concurrency,16.0,1,5.504,11,8,3,,ok
concurrency 16 - repeat 1,flow-control-off capacity,concurrency,16.0,1,6.015,13,10,3,,ok
concurrency 16 - repeat 1,flow-control-off capacity,concurrency,16.0,1,6.526,15,13,2,,ok
concurrency 16 - repeat 1,flow-control-off capacity,concurrency,16.0,1,7.033,18,14,4,,ok
concurrency 16 - repeat 1,flow-control-off capacity,concurrency,16.0,1,7.542,20,16,4,,ok
concurrency 16 - repeat 1,flow-control-off capacity,concurrency,16.0,1,8.048,22,18,4,,ok
concurrency 16 - repeat 1,flow-control-off capacity,concurrency,16.0,1,8.507,25,21,4,,ok
concurrency 16 - repeat 1,flow-control-off capacity,concurrency,16.0,1,9.022,27,22,5,,ok
concurrency 16 - repeat 1,flow-control-off capacity,concurrency,16.0,1,9.544,30,26,4,,ok
concurrency 16 - repeat 1,flow-control-off capacity,concurrency,16.0,1,10.011,33,28,5,,ok
concurrency 16 - repeat 1,flow-control-off capacity,concurrency,16.0,1,10.52,38,32,6,,ok
concurrency 16 - repeat 1,flow-control-off capacity,concurrency,16.0,1,11.027,40,34,6,,ok
concurrency 16 - repeat 1,flow-control-off capacity,concurrency,16.0,1,11.533,44,38,6,,ok
concurrency 16 - repeat 1,flow-control-off capacity,concurrency,16.0,1,12.04,46,40,6,,ok
concurrency 16 - repeat 1,flow-control-off capacity,concurrency,16.0,1,12.547,51,44,7,,ok
concurrency 16 - repeat 1,flow-control-off capacity,concurrency,16.0,1,13.007,53,46,7,,ok
concurrency 16 - repeat 1,flow-control-off capacity,concurrency,16.0,1,13.523,58,51,7,,ok
concurrency 16 - repeat 1,flow-control-off capacity,concurrency,16.0,1,14.032,60,53,7,,ok
concurrency 16 - repeat 1,flow-control-off capacity,concurrency,16.0,1,14.544,66,58,8,,ok
concurrency 16 - repeat 1,flow-control-off capacity,concurrency,16.0,1,15.005,68,60,8,,ok
concurrency 16 - repeat 1,flow-control-off capacity,concurrency,16.0,1,15.52,74,66,8,,ok
concurrency 16 - repeat 1,flow-control-off capacity,concurrency,16.0,1,16.037,77,68,9,,ok
concurrency 16 - repeat 1,flow-control-off capacity,concurrency,16.0,1,16.547,83,74,9,,ok
concurrency 16 - repeat 1,flow-control-off capacity,concurrency,16.0,1,17.005,85,76,9,,ok
concurrency 16 - repeat 1,flow-control-off capacity,concurrency,16.0,1,17.513,92,83,9,,ok
concurrency 16 - repeat 1,flow-control-off capacity,concurrency,16.0,1,18.021,95,85,10,,ok
concurrency 16 - repeat 1,flow-control-off capacity,concurrency,16.0,1,18.531,102,92,10,,ok
concurrency 16 - repeat 1,flow-control-off capacity,concurrency,16.0,1,19.042,104,95,9,,ok
concurrency 16 - repeat 1,flow-control-off capacity,concurrency,16.0,1,19.522,106,96,10,,ok
concurrency 16 - repeat 1,flow-control-off capacity,concurrency,16.0,1,20.05,113,102,11,,ok
concurrency 16 - repeat 1,flow-control-off capacity,concurrency,16.0,1,20.507,117,106,11,,ok
concurrency 16 - repeat 1,flow-control-off capacity,concurrency,16.0,1,21.017,123,112,11,,ok
concurrency 16 - repeat 1,flow-control-off capacity,concurrency,16.0,1,21.538,128,117,11,,ok
concurrency 16 - repeat 1,flow-control-off capacity,concurrency,16.0,1,22.006,135,123,12,,ok
concurrency 16 - repeat 1,flow-control-off capacity,concurrency,16.0,1,22.518,139,127,12,,ok
concurrency 16 - repeat 1,flow-control-off capacity,concurrency,16.0,1,23.029,141,131,10,,ok
concurrency 16 - repeat 1,flow-control-off capacity,concurrency,16.0,1,23.542,152,139,13,,ok
concurrency 16 - repeat 1,flow-control-off capacity,concurrency,16.0,1,24.0,153,140,13,,ok
concurrency 16 - repeat 1,flow-control-off capacity,concurrency,16.0,1,24.512,160,147,13,,ok
concurrency 16 - repeat 1,flow-control-off capacity,concurrency,16.0,1,25.024,166,153,13,,ok
concurrency 16 - repeat 1,flow-control-off capacity,concurrency,16.0,1,25.534,174,160,14,,ok
concurrency 16 - repeat 1,flow-control-off capacity,concurrency,16.0,1,26.045,179,166,13,,ok
concurrency 16 - repeat 1,flow-control-off capacity,concurrency,16.0,1,26.504,181,167,14,,ok
concurrency 16 - repeat 1,flow-control-off capacity,concurrency,16.0,1,27.015,188,174,14,,ok
concurrency 16 - repeat 1,flow-control-off capacity,concurrency,16.0,1,27.539,195,181,14,,ok
concurrency 16 - repeat 1,flow-control-off capacity,concurrency,16.0,1,28.048,203,188,15,,ok
concurrency 16 - repeat 1,flow-control-off capacity,concurrency,16.0,1,28.516,209,194,15,,ok
concurrency 16 - repeat 1,flow-control-off capacity,concurrency,16.0,1,29.037,211,202,9,,ok
concurrency 16 - repeat 1,flow-control-off capacity,concurrency,16.0,1,29.517,225,209,16,,ok
concurrency 16 - repeat 1,flow-control-off capacity,concurrency,16.0,1,30.038,227,211,16,,ok
concurrency 16 - repeat 1,flow-control-off capacity,concurrency,16.0,1,30.504,235,225,10,,ok
concurrency 16 - repeat 1,flow-control-off capacity,concurrency,16.0,1,31.016,243,227,16,,ok
concurrency 16 - repeat 1,flow-control-off capacity,concurrency,16.0,1,31.537,250,234,16,,ok
concurrency 16 - repeat 1,flow-control-off capacity,concurrency,16.0,1,32.009,258,242,16,,ok
concurrency 16 - repeat 1,flow-control-off capacity,concurrency,16.0,1,32.52,266,250,16,,ok
concurrency 16 - repeat 1,flow-control-off capacity,concurrency,16.0,1,33.03,273,258,15,,ok
concurrency 16 - repeat 1,flow-control-off capacity,concurrency,16.0,1,33.541,275,266,9,,ok
concurrency 16 - repeat 1,flow-control-off capacity,concurrency,16.0,1,34.0,289,273,16,,ok
concurrency 16 - repeat 1,flow-control-off capacity,concurrency,16.0,1,34.511,291,275,16,,ok
concurrency 16 - repeat 1,flow-control-off capacity,concurrency,16.0,1,35.021,298,282,16,,ok
concurrency 16 - repeat 1,flow-control-off capacity,concurrency,16.0,1,35.543,307,291,16,,ok
concurrency 16 - repeat 1,flow-control-off capacity,concurrency,16.0,1,36.051,314,298,16,,ok
concurrency 16 - repeat 1,flow-control-off capacity,concurrency,16.0,1,36.509,322,306,16,,ok
concurrency 16 - repeat 1,flow-control-off capacity,concurrency,16.0,1,37.016,323,308,15,,ok
concurrency 16 - repeat 1,flow-control-off capacity,concurrency,16.0,1,37.534,338,322,16,,ok
concurrency 16 - repeat 1,flow-control-off capacity,concurrency,16.0,1,38.041,339,323,16,,ok
concurrency 16 - repeat 1,flow-control-off capacity,concurrency,16.0,1,38.501,346,330,16,,ok
concurrency 16 - repeat 1,flow-control-off capacity,concurrency,16.0,1,39.014,355,339,16,,ok
concurrency 16 - repeat 1,flow-control-off capacity,concurrency,16.0,1,39.528,362,346,16,,ok
concurrency 16 - repeat 1,flow-control-off capacity,concurrency,16.0,1,40.051,370,355,15,,ok
concurrency 16 - repeat 1,flow-control-off capacity,concurrency,16.0,1,40.509,372,362,10,,ok
concurrency 16 - repeat 1,flow-control-off capacity,concurrency,16.0,1,41.025,386,370,16,,ok
concurrency 16 - repeat 1,flow-control-off capacity,concurrency,16.0,1,41.533,387,372,15,,ok
concurrency 16 - repeat 1,flow-control-off capacity,concurrency,16.0,1,42.04,402,386,16,,ok
concurrency 16 - repeat 1,flow-control-off capacity,concurrency,16.0,1,42.551,403,387,16,,ok
concurrency 16 - repeat 1,flow-control-off capacity,concurrency,16.0,1,43.01,410,394,16,,ok
concurrency 16 - repeat 1,flow-control-off capacity,concurrency,16.0,1,43.518,419,403,16,,ok
concurrency 16 - repeat 1,flow-control-off capacity,concurrency,16.0,1,44.046,426,410,16,,ok
concurrency 16 - repeat 1,flow-control-off capacity,concurrency,16.0,1,44.506,434,419,15,,ok
concurrency 16 - repeat 1,flow-control-off capacity,concurrency,16.0,1,45.012,435,426,9,,ok
concurrency 16 - repeat 1,flow-control-off capacity,concurrency,16.0,1,45.521,450,435,15,,ok
concurrency 16 - repeat 1,flow-control-off capacity,concurrency,16.0,1,46.029,451,435,16,,ok
concurrency 16 - repeat 1,flow-control-off capacity,concurrency,16.0,1,46.537,458,450,8,,ok
concurrency 16 - repeat 1,flow-control-off capacity,concurrency,16.0,1,47.045,467,451,16,,ok
concurrency 16 - repeat 1,flow-control-off capacity,concurrency,16.0,1,47.503,474,458,16,,ok
concurrency 16 - repeat 1,flow-control-off capacity,concurrency,16.0,1,48.012,483,467,16,,ok
concurrency 16 - repeat 1,flow-control-off capacity,concurrency,16.0,1,48.519,490,474,16,,ok
concurrency 16 - repeat 1,flow-control-off capacity,concurrency,16.0,1,49.028,499,483,16,,ok
concurrency 16 - repeat 1,flow-control-off capacity,concurrency,16.0,1,49.516,499,490,9,,ok
concurrency 16 - repeat 1,flow-control-off capacity,concurrency,16.0,1,50.038,515,499,16,,ok
concurrency 16 - repeat 1,flow-control-off capacity,concurrency,16.0,1,50.55,515,499,16,,ok
concurrency 16 - repeat 1,flow-control-off capacity,concurrency,16.0,1,51.019,522,515,7,,ok
concurrency 16 - repeat 1,flow-control-off capacity,concurrency,16.0,1,51.529,531,515,16,,ok
concurrency 16 - repeat 1,flow-control-off capacity,concurrency,16.0,1,52.036,538,522,16,,ok
concurrency 16 - repeat 1,flow-control-off capacity,concurrency,16.0,1,52.546,547,531,16,,ok
concurrency 16 - repeat 1,flow-control-off capacity,concurrency,16.0,1,53.002,554,538,16,,ok
concurrency 16 - repeat 1,flow-control-off capacity,concurrency,16.0,1,53.511,563,547,16,,ok
concurrency 16 - repeat 1,flow-control-off capacity,concurrency,16.0,1,54.02,570,554,16,,ok
concurrency 16 - repeat 1,flow-control-off capacity,concurrency,16.0,1,54.531,579,563,16,,ok
concurrency 16 - repeat 1,flow-control-off capacity,concurrency,16.0,1,55.048,579,563,16,,ok
concurrency 16 - repeat 1,flow-control-off capacity,concurrency,16.0,1,55.508,586,570,16,,ok
concurrency 16 - repeat 1,flow-control-off capacity,concurrency,16.0,1,56.018,595,579,16,,ok
concurrency 16 - repeat 1,flow-control-off capacity,concurrency,16.0,1,56.529,602,586,16,,ok
concurrency 16 - repeat 1,flow-control-off capacity,concurrency,16.0,1,57.05,611,595,16,,ok
concurrency 16 - repeat 1,flow-control-off capacity,concurrency,16.0,1,57.512,618,602,16,,ok
concurrency 16 - repeat 1,flow-control-off capacity,concurrency,16.0,1,58.022,627,611,16,,ok
concurrency 16 - repeat 1,flow-control-off capacity,concurrency,16.0,1,58.53,634,618,16,,ok
concurrency 16 - repeat 1,flow-control-off capacity,concurrency,16.0,1,59.048,643,627,16,,ok
concurrency 16 - repeat 1,flow-control-off capacity,concurrency,16.0,1,59.522,643,627,16,,ok
concurrency 16 - repeat 1,flow-control-off capacity,concurrency,16.0,1,60.014,650,634,16,,ok
concurrency 16 - repeat 1,flow-control-off capacity,concurrency,16.0,1,60.535,659,643,16,,ok
concurrency 16 - repeat 1,flow-control-off capacity,concurrency,16.0,1,61.043,666,650,16,,ok
concurrency 16 - repeat 1,flow-control-off capacity,concurrency,16.0,1,61.502,675,659,16,,ok
concurrency 16 - repeat 1,flow-control-off capacity,concurrency,16.0,1,62.012,682,666,16,,ok
concurrency 16 - repeat 1,flow-control-off capacity,concurrency,16.0,1,62.518,691,675,16,,ok
concurrency 16 - repeat 1,flow-control-off capacity,concurrency,16.0,1,63.031,698,682,16,,ok
concurrency 16 - repeat 1,flow-control-off capacity,concurrency,16.0,1,63.543,698,682,16,,ok
concurrency 16 - repeat 1,flow-control-off capacity,concurrency,16.0,1,64.052,707,691,16,,ok
concurrency 16 - repeat 1,flow-control-off capacity,concurrency,16.0,1,64.51,714,698,16,,ok
concurrency 16 - repeat 1,flow-control-off capacity,concurrency,16.0,1,65.019,723,707,16,,ok
concurrency 16 - repeat 1,flow-control-off capacity,concurrency,16.0,1,65.528,730,714,16,,ok
concurrency 16 - repeat 1,flow-control-off capacity,concurrency,16.0,1,66.049,739,723,16,,ok
concurrency 16 - repeat 1,flow-control-off capacity,concurrency,16.0,1,66.522,746,730,16,,ok
concurrency 16 - repeat 1,flow-control-off capacity,concurrency,16.0,1,67.029,755,739,16,,ok
concurrency 16 - repeat 1,flow-control-off capacity,concurrency,16.0,1,67.538,762,746,16,,ok
concurrency 16 - repeat 1,flow-control-off capacity,concurrency,16.0,1,68.046,762,746,16,,ok
concurrency 16 - repeat 1,flow-control-off capacity,concurrency,16.0,1,68.503,771,755,16,,ok
concurrency 16 - repeat 1,flow-control-off capacity,concurrency,16.0,1,69.013,778,762,16,,ok
concurrency 16 - repeat 1,flow-control-off capacity,concurrency,16.0,1,69.53,787,771,16,,ok
concurrency 16 - repeat 1,flow-control-off capacity,concurrency,16.0,1,70.006,794,778,16,,ok
concurrency 16 - repeat 1,flow-control-off capacity,concurrency,16.0,1,70.52,800,787,13,,ok
concurrency 16 - repeat 1,flow-control-off capacity,concurrency,16.0,1,71.043,810,794,16,,ok
concurrency 16 - repeat 1,flow-control-off capacity,concurrency,16.0,1,71.512,810,794,16,,ok
concurrency 16 - repeat 1,flow-control-off capacity,concurrency,16.0,1,72.021,826,810,16,,ok
concurrency 16 - repeat 1,flow-control-off capacity,concurrency,16.0,1,72.531,826,810,16,,ok
concurrency 16 - repeat 1,flow-control-off capacity,concurrency,16.0,1,73.038,835,819,16,,ok
concurrency 16 - repeat 1,flow-control-off capacity,concurrency,16.0,1,73.547,842,826,16,,ok
concurrency 16 - repeat 1,flow-control-off capacity,concurrency,16.0,1,74.006,851,835,16,,ok
concurrency 16 - repeat 1,flow-control-off capacity,concurrency,16.0,1,74.518,858,842,16,,ok
concurrency 16 - repeat 1,flow-control-off capacity,concurrency,16.0,1,75.027,858,842,16,,ok
concurrency 16 - repeat 1,flow-control-off capacity,concurrency,16.0,1,75.538,874,858,16,,ok
concurrency 16 - repeat 1,flow-control-off capacity,concurrency,16.0,1,76.047,874,858,16,,ok
concurrency 16 - repeat 1,flow-control-off capacity,concurrency,16.0,1,76.508,889,873,16,,ok
concurrency 16 - repeat 1,flow-control-off capacity,concurrency,16.0,1,77.03,890,874,16,,ok
concurrency 16 - repeat 1,flow-control-off capacity,concurrency,16.0,1,77.537,899,889,10,,ok
concurrency 16 - repeat 1,flow-control-off capacity,concurrency,16.0,1,78.003,906,890,16,,ok
concurrency 16 - repeat 1,flow-control-off capacity,concurrency,16.0,1,78.514,915,899,16,,ok
concurrency 16 - repeat 1,flow-control-off capacity,concurrency,16.0,1,79.024,922,906,16,,ok
concurrency 16 - repeat 1,flow-control-off capacity,concurrency,16.0,1,79.503,922,906,16,,ok
concurrency 16 - repeat 1,flow-control-off capacity,concurrency,16.0,1,80.025,938,922,16,,ok
concurrency 16 - repeat 1,flow-control-off capacity,concurrency,16.0,1,80.537,938,922,16,,ok
concurrency 16 - repeat 1,flow-control-off capacity,concurrency,16.0,1,81.003,954,938,16,,ok
concurrency 16 - repeat 1,flow-control-off capacity,concurrency,16.0,1,81.508,954,938,16,,ok
concurrency 16 - repeat 1,flow-control-off capacity,concurrency,16.0,1,82.018,970,954,16,,ok
concurrency 16 - repeat 1,flow-control-off capacity,concurrency,16.0,1,82.526,970,954,16,,ok
concurrency 16 - repeat 1,flow-control-off capacity,concurrency,16.0,1,83.035,986,970,16,,ok
concurrency 16 - repeat 1,flow-control-off capacity,concurrency,16.0,1,83.543,986,970,16,,ok
concurrency 16 - repeat 1,flow-control-off capacity,concurrency,16.0,1,84.001,1001,986,15,,ok
concurrency 16 - repeat 1,flow-control-off capacity,concurrency,16.0,1,84.512,1002,986,16,,ok
concurrency 16 - repeat 1,flow-control-off capacity,concurrency,16.0,1,85.023,1002,986,16,,ok
concurrency 16 - repeat 1,flow-control-off capacity,concurrency,16.0,1,85.537,1018,1002,16,,ok
concurrency 16 - repeat 1,flow-control-off capacity,concurrency,16.0,1,86.044,1018,1002,16,,ok
concurrency 16 - repeat 1,flow-control-off capacity,concurrency,16.0,1,86.508,1034,1018,16,,ok
concurrency 16 - repeat 1,flow-control-off capacity,concurrency,16.0,1,87.016,1034,1018,16,,ok
concurrency 16 - repeat 1,flow-control-off capacity,concurrency,16.0,1,87.528,1050,1034,16,,ok
concurrency 16 - repeat 1,flow-control-off capacity,concurrency,16.0,1,88.032,1050,1034,16,,ok
concurrency 16 - repeat 1,flow-control-off capacity,concurrency,16.0,1,88.543,1066,1050,16,,ok
concurrency 16 - repeat 1,flow-control-off capacity,concurrency,16.0,1,89.047,1066,1050,16,,ok
concurrency 16 - repeat 1,flow-control-off capacity,concurrency,16.0,1,89.533,1082,1066,16,,ok
concurrency 16 - repeat 1,flow-control-off capacity,concurrency,16.0,1,90.044,1082,1066,16,,ok
concurrency 16 - repeat 1,flow-control-off capacity,concurrency,16.0,1,90.509,1098,1082,16,,ok
concurrency 16 - repeat 1,flow-control-off capacity,concurrency,16.0,1,91.036,1098,1082,16,,ok
concurrency 16 - repeat 1,flow-control-off capacity,concurrency,16.0,1,91.546,1098,1098,0,,ok
concurrency 16 - repeat 1,flow-control-off capacity,concurrency,16.0,1,92.011,1114,1098,16,,ok
concurrency 16 - repeat 1,flow-control-off capacity,concurrency,16.0,1,92.521,1114,1098,16,,ok
concurrency 16 - repeat 1,flow-control-off capacity,concurrency,16.0,1,93.031,1130,1114,16,,ok
concurrency 16 - repeat 1,flow-control-off capacity,concurrency,16.0,1,93.541,1130,1114,16,,ok
concurrency 16 - repeat 1,flow-control-off capacity,concurrency,16.0,1,94.05,1146,1130,16,,ok
concurrency 16 - repeat 1,flow-control-off capacity,concurrency,16.0,1,94.506,1146,1130,16,,ok
concurrency 16 - repeat 1,flow-control-off capacity,concurrency,16.0,1,95.019,1162,1146,16,,ok
concurrency 16 - repeat 1,flow-control-off capacity,concurrency,16.0,1,95.528,1162,1146,16,,ok
concurrency 16 - repeat 1,flow-control-off capacity,concurrency,16.0,1,96.037,1178,1162,16,,ok
concurrency 16 - repeat 1,flow-control-off capacity,concurrency,16.0,1,96.503,1178,1162,16,,ok
concurrency 16 - repeat 1,flow-control-off capacity,concurrency,16.0,1,97.015,1194,1178,16,,ok
concurrency 16 - repeat 1,flow-control-off capacity,concurrency,16.0,1,97.524,1194,1178,16,,ok
concurrency 16 - repeat 1,flow-control-off capacity,concurrency,16.0,1,98.031,1194,1183,11,,ok
concurrency 16 - repeat 1,flow-control-off capacity,concurrency,16.0,1,98.539,1210,1194,16,,ok
concurrency 16 - repeat 1,flow-control-off capacity,concurrency,16.0,1,99.047,1210,1194,16,,ok
concurrency 16 - repeat 1,flow-control-off capacity,concurrency,16.0,1,99.515,1226,1210,16,,ok
concurrency 16 - repeat 1,flow-control-off capacity,concurrency,16.0,1,100.001,1226,1210,16,,ok
concurrency 16 - repeat 1,flow-control-off capacity,concurrency,16.0,1,100.511,1242,1226,16,,ok
concurrency 16 - repeat 1,flow-control-off capacity,concurrency,16.0,1,101.031,1242,1226,16,,ok
concurrency 16 - repeat 1,flow-control-off capacity,concurrency,16.0,1,101.546,1258,1242,16,,ok
concurrency 16 - repeat 1,flow-control-off capacity,concurrency,16.0,1,102.006,1258,1242,16,,ok
concurrency 16 - repeat 1,flow-control-off capacity,concurrency,16.0,1,102.519,1274,1258,16,,ok
concurrency 16 - repeat 1,flow-control-off capacity,concurrency,16.0,1,103.028,1274,1258,16,,ok
concurrency 16 - repeat 1,flow-control-off capacity,concurrency,16.0,1,103.546,1274,1274,0,,ok
concurrency 16 - repeat 1,flow-control-off capacity,concurrency,16.0,1,104.009,1290,1274,16,,ok
concurrency 16 - repeat 1,flow-control-off capacity,concurrency,16.0,1,104.515,1290,1274,16,,ok
concurrency 16 - repeat 1,flow-control-off capacity,concurrency,16.0,1,105.023,1306,1290,16,,ok
concurrency 16 - repeat 1,flow-control-off capacity,concurrency,16.0,1,105.531,1306,1290,16,,ok
concurrency 16 - repeat 1,flow-control-off capacity,concurrency,16.0,1,106.042,1322,1306,16,,ok
concurrency 16 - repeat 1,flow-control-off capacity,concurrency,16.0,1,106.55,1322,1306,16,,ok
concurrency 16 - repeat 1,flow-control-off capacity,concurrency,16.0,1,107.005,1338,1322,16,,ok
concurrency 16 - repeat 1,flow-control-off capacity,concurrency,16.0,1,107.52,1338,1322,16,,ok
concurrency 16 - repeat 1,flow-control-off capacity,concurrency,16.0,1,108.034,1354,1338,16,,ok
concurrency 16 - repeat 1,flow-control-off capacity,concurrency,16.0,1,108.543,1354,1338,16,,ok
concurrency 16 - repeat 1,flow-control-off capacity,concurrency,16.0,1,109.002,1356,1354,2,,ok
concurrency 16 - repeat 1,flow-control-off capacity,concurrency,16.0,1,109.525,1370,1354,16,,ok
concurrency 16 - repeat 1,flow-control-off capacity,concurrency,16.0,1,110.015,1371,1356,15,,ok
concurrency 16 - repeat 1,flow-control-off capacity,concurrency,16.0,1,110.534,1386,1370,16,,ok
concurrency 16 - repeat 1,flow-control-off capacity,concurrency,16.0,1,111.041,1387,1371,16,,ok
concurrency 16 - repeat 1,flow-control-off capacity,concurrency,16.0,1,111.502,1402,1386,16,,ok
concurrency 16 - repeat 1,flow-control-off capacity,concurrency,16.0,1,112.025,1402,1387,15,,ok
concurrency 16 - repeat 1,flow-control-off capacity,concurrency,16.0,1,112.541,1418,1402,16,,ok
concurrency 16 - repeat 1,flow-control-off capacity,concurrency,16.0,1,113.0,1418,1403,15,,ok
concurrency 16 - repeat 1,flow-control-off capacity,concurrency,16.0,1,113.512,1420,1418,2,,ok
concurrency 16 - repeat 1,flow-control-off capacity,concurrency,16.0,1,114.031,1434,1419,15,,ok
concurrency 16 - repeat 1,flow-control-off capacity,concurrency,16.0,1,114.539,1436,1420,16,,ok
concurrency 16 - repeat 1,flow-control-off capacity,concurrency,16.0,1,115.05,1450,1435,15,,ok
concurrency 16 - repeat 1,flow-control-off capacity,concurrency,16.0,1,115.508,1452,1436,16,,ok
concurrency 16 - repeat 1,flow-control-off capacity,concurrency,16.0,1,116.027,1466,1450,16,,ok
concurrency 16 - repeat 1,flow-control-off capacity,concurrency,16.0,1,116.532,1467,1452,15,,ok
concurrency 16 - repeat 1,flow-control-off capacity,concurrency,16.0,1,117.042,1482,1466,16,,ok
concurrency 16 - repeat 1,flow-control-off capacity,concurrency,16.0,1,117.55,1483,1468,15,,ok
concurrency 16 - repeat 1,flow-control-off capacity,concurrency,16.0,1,118.012,1498,1482,16,,ok
concurrency 16 - repeat 1,flow-control-off capacity,concurrency,16.0,1,118.526,1499,1483,16,,ok
concurrency 16 - repeat 1,flow-control-off capacity,concurrency,16.0,1,119.035,1500,1498,2,,ok
concurrency 16 - repeat 1,flow-control-off capacity,concurrency,16.0,1,119.518,1515,1499,16,,ok
concurrency 16 - repeat 1,flow-control-off capacity,concurrency,16.0,1,120.001,1516,1500,16,,ok
concurrency 16 - repeat 1,flow-control-off capacity,concurrency,16.0,1,120.515,1531,1515,16,,ok
concurrency 16 - repeat 1,flow-control-off capacity,concurrency,16.0,1,121.023,1532,1516,16,,ok
concurrency 16 - repeat 1,flow-control-off capacity,concurrency,16.0,1,121.531,1547,1531,16,,ok
concurrency 16 - repeat 1,flow-control-off capacity,concurrency,16.0,1,122.049,1548,1532,16,,ok
concurrency 16 - repeat 1,flow-control-off capacity,concurrency,16.0,1,122.505,1563,1547,16,,ok
concurrency 16 - repeat 1,flow-control-off capacity,concurrency,16.0,1,123.018,1563,1548,15,,ok
concurrency 16 - repeat 1,flow-control-off capacity,concurrency,16.0,1,123.527,1579,1563,16,,ok
concurrency 16 - repeat 1,flow-control-off capacity,concurrency,16.0,1,124.044,1579,1564,15,,ok
concurrency 16 - repeat 1,flow-control-off capacity,concurrency,16.0,1,124.501,1580,1564,16,,ok
concurrency 16 - repeat 1,flow-control-off capacity,concurrency,16.0,1,125.01,1595,1579,16,,ok
concurrency 16 - repeat 1,flow-control-off capacity,concurrency,16.0,1,125.525,1596,1580,16,,ok
concurrency 16 - repeat 1,flow-control-off capacity,concurrency,16.0,1,126.042,1611,1595,16,,ok
concurrency 16 - repeat 1,flow-control-off capacity,concurrency,16.0,1,126.55,1612,1596,16,,ok
concurrency 16 - repeat 1,flow-control-off capacity,concurrency,16.0,1,127.007,1627,1611,16,,ok
concurrency 16 - repeat 1,flow-control-off capacity,concurrency,16.0,1,127.518,1628,1612,16,,ok
concurrency 16 - repeat 1,flow-control-off capacity,concurrency,16.0,1,128.024,1643,1627,16,,ok
concurrency 16 - repeat 1,flow-control-off capacity,concurrency,16.0,1,128.544,1644,1628,16,,ok
concurrency 16 - repeat 1,flow-control-off capacity,concurrency,16.0,1,129.001,1659,1643,16,,ok
concurrency 16 - repeat 1,flow-control-off capacity,concurrency,16.0,1,129.529,1660,1644,16,,ok
concurrency 16 - repeat 1,flow-control-off capacity,concurrency,16.0,1,130.045,1661,1659,2,,ok
concurrency 16 - repeat 1,flow-control-off capacity,concurrency,16.0,1,130.509,1676,1660,16,,ok
concurrency 16 - repeat 1,flow-control-off capacity,concurrency,16.0,1,131.026,1677,1661,16,,ok
concurrency 16 - repeat 1,flow-control-off capacity,concurrency,16.0,1,131.543,1692,1676,16,,ok
concurrency 16 - repeat 1,flow-control-off capacity,concurrency,16.0,1,132.001,1693,1677,16,,ok
concurrency 16 - repeat 1,flow-control-off capacity,concurrency,16.0,1,132.51,1708,1692,16,,ok
concurrency 16 - repeat 1,flow-control-off capacity,concurrency,16.0,1,133.021,1709,1693,16,,ok
concurrency 16 - repeat 1,flow-control-off capacity,concurrency,16.0,1,133.534,1724,1708,16,,ok
concurrency 16 - repeat 1,flow-control-off capacity,concurrency,16.0,1,134.043,1724,1709,15,,ok
concurrency 16 - repeat 1,flow-control-off capacity,concurrency,16.0,1,134.504,1740,1724,16,,ok
concurrency 16 - repeat 1,flow-control-off capacity,concurrency,16.0,1,135.014,1740,1725,15,,ok
concurrency 16 - repeat 1,flow-control-off capacity,concurrency,16.0,1,135.529,1741,1736,5,,ok
concurrency 16 - repeat 1,flow-control-off capacity,concurrency,16.0,1,136.04,1756,1741,15,,ok
concurrency 16 - repeat 1,flow-control-off capacity,concurrency,16.0,1,136.55,1757,1741,16,,ok
concurrency 16 - repeat 1,flow-control-off capacity,concurrency,16.0,1,137.011,1772,1757,15,,ok
concurrency 16 - repeat 1,flow-control-off capacity,concurrency,16.0,1,137.528,1773,1757,16,,ok
concurrency 16 - repeat 1,flow-control-off capacity,concurrency,16.0,1,138.041,1789,1773,16,,ok
concurrency 16 - repeat 1,flow-control-off capacity,concurrency,16.0,1,138.501,1789,1773,16,,ok
concurrency 16 - repeat 1,flow-control-off capacity,concurrency,16.0,1,139.009,1804,1788,16,,ok
concurrency 16 - repeat 1,flow-control-off capacity,concurrency,16.0,1,139.525,1805,1789,16,,ok
concurrency 16 - repeat 1,flow-control-off capacity,concurrency,16.0,1,140.041,1820,1804,16,,ok
concurrency 16 - repeat 1,flow-control-off capacity,concurrency,16.0,1,140.547,1821,1805,16,,ok
concurrency 16 - repeat 1,flow-control-off capacity,concurrency,16.0,1,141.004,1824,1819,5,,ok
concurrency 16 - repeat 1,flow-control-off capacity,concurrency,16.0,1,141.517,1837,1821,16,,ok
concurrency 16 - repeat 1,flow-control-off capacity,concurrency,16.0,1,142.038,1837,1821,16,,ok
concurrency 16 - repeat 1,flow-control-off capacity,concurrency,16.0,1,142.55,1853,1837,16,,ok
concurrency 16 - repeat 1,flow-control-off capacity,concurrency,16.0,1,143.02,1853,1837,16,,ok
concurrency 16 - repeat 1,flow-control-off capacity,concurrency,16.0,1,143.533,1869,1853,16,,ok
concurrency 16 - repeat 1,flow-control-off capacity,concurrency,16.0,1,144.044,1869,1853,16,,ok
concurrency 16 - repeat 1,flow-control-off capacity,concurrency,16.0,1,144.502,1885,1869,16,,ok
concurrency 16 - repeat 1,flow-control-off capacity,concurrency,16.0,1,145.023,1885,1869,16,,ok
concurrency 16 - repeat 1,flow-control-off capacity,concurrency,16.0,1,145.54,1901,1885,16,,ok
concurrency 16 - repeat 1,flow-control-off capacity,concurrency,16.0,1,146.013,1901,1885,16,,ok
concurrency 16 - repeat 1,flow-control-off capacity,concurrency,16.0,1,146.544,1902,1901,1,,ok
concurrency 16 - repeat 1,flow-control-off capacity,concurrency,16.0,1,147.01,1917,1901,16,,ok
concurrency 16 - repeat 1,flow-control-off capacity,concurrency,16.0,1,147.517,1918,1902,16,,ok
concurrency 16 - repeat 1,flow-control-off capacity,concurrency,16.0,1,148.029,1933,1917,16,,ok
concurrency 16 - repeat 1,flow-control-off capacity,concurrency,16.0,1,148.542,1934,1918,16,,ok
concurrency 16 - repeat 1,flow-control-off capacity,concurrency,16.0,1,149.002,1949,1933,16,,ok
concurrency 16 - repeat 1,flow-control-off capacity,concurrency,16.0,1,149.52,1949,1934,15,,ok
concurrency 16 - repeat 1,flow-control-off capacity,concurrency,16.0,1,150.053,1965,1949,16,,ok
concurrency 16 - repeat 1,flow-control-off capacity,concurrency,16.0,1,150.518,1965,1949,16,,ok
concurrency 16 - repeat 1,flow-control-off capacity,concurrency,16.0,1,151.04,1981,1965,16,,ok
concurrency 16 - repeat 1,flow-control-off capacity,concurrency,16.0,1,151.507,1981,1965,16,,ok
concurrency 16 - repeat 1,flow-control-off capacity,concurrency,16.0,1,152.015,1982,1981,1,,ok
concurrency 16 - repeat 1,flow-control-off capacity,concurrency,16.0,1,152.536,1997,1981,16,,ok
concurrency 16 - repeat 1,flow-control-off capacity,concurrency,16.0,1,153.047,1998,1982,16,,ok
concurrency 16 - repeat 1,flow-control-off capacity,concurrency,16.0,1,153.506,2013,1997,16,,ok
concurrency 16 - repeat 1,flow-control-off capacity,concurrency,16.0,1,154.013,2014,1998,16,,ok
concurrency 16 - repeat 1,flow-control-off capacity,concurrency,16.0,1,154.521,2029,2013,16,,ok
concurrency 16 - repeat 1,flow-control-off capacity,concurrency,16.0,1,155.034,2030,2014,16,,ok
concurrency 16 - repeat 1,flow-control-off capacity,concurrency,16.0,1,155.551,2045,2029,16,,ok
concurrency 16 - repeat 1,flow-control-off capacity,concurrency,16.0,1,156.01,2046,2030,16,,ok
concurrency 16 - repeat 1,flow-control-off capacity,concurrency,16.0,1,156.52,2046,2045,1,,ok
concurrency 16 - repeat 1,flow-control-off capacity,concurrency,16.0,1,157.028,2062,2046,16,,ok
concurrency 16 - repeat 1,flow-control-off capacity,concurrency,16.0,1,157.546,2062,2046,16,,ok
concurrency 16 - repeat 1,flow-control-off capacity,concurrency,16.0,1,158.012,2078,2062,16,,ok
concurrency 16 - repeat 1,flow-control-off capacity,concurrency,16.0,1,158.529,2078,2062,16,,ok
concurrency 16 - repeat 1,flow-control-off capacity,concurrency,16.0,1,159.039,2094,2078,16,,ok
concurrency 16 - repeat 1,flow-control-off capacity,concurrency,16.0,1,159.509,2094,2078,16,,ok
concurrency 16 - repeat 1,flow-control-off capacity,concurrency,16.0,1,160.043,2110,2094,16,,ok
concurrency 16 - repeat 1,flow-control-off capacity,concurrency,16.0,1,160.502,2110,2094,16,,ok
concurrency 16 - repeat 1,flow-control-off capacity,concurrency,16.0,1,161.013,2126,2110,16,,ok
concurrency 16 - repeat 1,flow-control-off capacity,concurrency,16.0,1,161.526,2126,2110,16,,ok
concurrency 16 - repeat 1,flow-control-off capacity,concurrency,16.0,1,162.004,2129,2126,3,,ok
concurrency 16 - repeat 1,flow-control-off capacity,concurrency,16.0,1,162.515,2142,2126,16,,ok
concurrency 16 - repeat 1,flow-control-off capacity,concurrency,16.0,1,163.039,2142,2129,13,,ok
concurrency 16 - repeat 1,flow-control-off capacity,concurrency,16.0,1,163.501,2158,2142,16,,ok
concurrency 16 - repeat 1,flow-control-off capacity,concurrency,16.0,1,164.007,2158,2142,16,,ok
concurrency 16 - repeat 1,flow-control-off capacity,concurrency,16.0,1,164.519,2174,2158,16,,ok
concurrency 16 - repeat 1,flow-control-off capacity,concurrency,16.0,1,165.026,2174,2158,16,,ok
concurrency 16 - repeat 1,flow-control-off capacity,concurrency,16.0,1,165.538,2190,2174,16,,ok
concurrency 16 - repeat 1,flow-control-off capacity,concurrency,16.0,1,166.047,2190,2174,16,,ok
concurrency 16 - repeat 1,flow-control-off capacity,concurrency,16.0,1,166.521,2206,2190,16,,ok
concurrency 16 - repeat 1,flow-control-off capacity,concurrency,16.0,1,167.042,2206,2190,16,,ok
concurrency 16 - repeat 1,flow-control-off capacity,concurrency,16.0,1,167.51,2206,2206,0,,ok
concurrency 16 - repeat 1,flow-control-off capacity,concurrency,16.0,1,168.032,2222,2206,16,,ok
concurrency 16 - repeat 1,flow-control-off capacity,concurrency,16.0,1,168.539,2222,2206,16,,ok
concurrency 16 - repeat 1,flow-control-off capacity,concurrency,16.0,1,169.003,2238,2222,16,,ok
concurrency 16 - repeat 1,flow-control-off capacity,concurrency,16.0,1,169.524,2238,2222,16,,ok
concurrency 16 - repeat 1,flow-control-off capacity,concurrency,16.0,1,170.014,2254,2238,16,,ok
concurrency 16 - repeat 1,flow-control-off capacity,concurrency,16.0,1,170.528,2254,2238,16,,ok
concurrency 16 - repeat 1,flow-control-off capacity,concurrency,16.0,1,171.039,2270,2254,16,,ok
concurrency 16 - repeat 1,flow-control-off capacity,concurrency,16.0,1,171.546,2270,2254,16,,ok
concurrency 16 - repeat 1,flow-control-off capacity,concurrency,16.0,1,172.014,2286,2270,16,,ok
concurrency 16 - repeat 1,flow-control-off capacity,concurrency,16.0,1,172.527,2286,2270,16,,ok
concurrency 16 - repeat 1,flow-control-off capacity,concurrency,16.0,1,173.036,2302,2286,16,,ok
concurrency 16 - repeat 1,flow-control-off capacity,concurrency,16.0,1,173.546,2302,2286,16,,ok
concurrency 16 - repeat 1,flow-control-off capacity,concurrency,16.0,1,174.002,2302,2302,0,,ok
concurrency 16 - repeat 1,flow-control-off capacity,concurrency,16.0,1,174.513,2318,2302,16,,ok
concurrency 16 - repeat 1,flow-control-off capacity,concurrency,16.0,1,175.021,2318,2302,16,,ok
concurrency 16 - repeat 1,flow-control-off capacity,concurrency,16.0,1,175.534,2334,2318,16,,ok
concurrency 16 - repeat 1,flow-control-off capacity,concurrency,16.0,1,176.049,2334,2318,16,,ok
concurrency 16 - repeat 1,flow-control-off capacity,concurrency,16.0,1,176.509,2350,2334,16,,ok
concurrency 16 - repeat 1,flow-control-off capacity,concurrency,16.0,1,177.02,2350,2334,16,,ok
concurrency 16 - repeat 1,flow-control-off capacity,concurrency,16.0,1,177.534,2366,2350,16,,ok
concurrency 16 - repeat 1,flow-control-off capacity,concurrency,16.0,1,178.049,2366,2350,16,,ok
concurrency 16 - repeat 1,flow-control-off capacity,concurrency,16.0,1,178.507,2382,2366,16,,ok
concurrency 16 - repeat 1,flow-control-off capacity,concurrency,16.0,1,179.018,2382,2366,16,,ok
concurrency 16 - repeat 1,flow-control-off capacity,concurrency,16.0,1,179.552,2398,2382,16,,ok
concurrency 24 - repeat 1,flow-control-off capacity,concurrency,24.0,1,0.0,0,0,0,,ok
concurrency 24 - repeat 1,flow-control-off capacity,concurrency,24.0,1,0.513,0,0,0,,ok
concurrency 24 - repeat 1,flow-control-off capacity,concurrency,24.0,1,1.027,1,0,1,,ok
concurrency 24 - repeat 1,flow-control-off capacity,concurrency,24.0,1,1.539,1,0,1,,ok
concurrency 24 - repeat 1,flow-control-off capacity,concurrency,24.0,1,2.034,3,1,2,,ok
concurrency 24 - repeat 1,flow-control-off capacity,concurrency,24.0,1,2.549,4,2,2,,ok
concurrency 24 - repeat 1,flow-control-off capacity,concurrency,24.0,1,3.006,5,3,2,,ok
concurrency 24 - repeat 1,flow-control-off capacity,concurrency,24.0,1,3.517,7,4,3,,ok
concurrency 24 - repeat 1,flow-control-off capacity,concurrency,24.0,1,4.028,9,6,3,,ok
concurrency 24 - repeat 1,flow-control-off capacity,concurrency,24.0,1,4.537,12,8,4,,ok
concurrency 24 - repeat 1,flow-control-off capacity,concurrency,24.0,1,5.047,14,10,4,,ok
concurrency 24 - repeat 1,flow-control-off capacity,concurrency,24.0,1,5.504,15,12,3,,ok
concurrency 24 - repeat 1,flow-control-off capacity,concurrency,24.0,1,6.025,19,14,5,,ok
concurrency 24 - repeat 1,flow-control-off capacity,concurrency,24.0,1,6.535,21,16,5,,ok
concurrency 24 - repeat 1,flow-control-off capacity,concurrency,24.0,1,7.003,25,19,6,,ok
concurrency 24 - repeat 1,flow-control-off capacity,concurrency,24.0,1,7.508,27,21,6,,ok
concurrency 24 - repeat 1,flow-control-off capacity,concurrency,24.0,1,8.024,30,24,6,,ok
concurrency 24 - repeat 1,flow-control-off capacity,concurrency,24.0,1,8.542,34,27,7,,ok
concurrency 24 - repeat 1,flow-control-off capacity,concurrency,24.0,1,9.008,37,30,7,,ok
concurrency 24 - repeat 1,flow-control-off capacity,concurrency,24.0,1,9.519,42,34,8,,ok
concurrency 24 - repeat 1,flow-control-off capacity,concurrency,24.0,1,10.032,45,37,8,,ok
concurrency 24 - repeat 1,flow-control-off capacity,concurrency,24.0,1,10.54,49,41,8,,ok
concurrency 24 - repeat 1,flow-control-off capacity,concurrency,24.0,1,11.05,54,45,9,,ok
concurrency 24 - repeat 1,flow-control-off capacity,concurrency,24.0,1,11.506,58,49,9,,ok
concurrency 24 - repeat 1,flow-control-off capacity,concurrency,24.0,1,12.036,64,54,10,,ok
concurrency 24 - repeat 1,flow-control-off capacity,concurrency,24.0,1,12.502,67,57,10,,ok
concurrency 24 - repeat 1,flow-control-off capacity,concurrency,24.0,1,13.014,73,63,10,,ok
concurrency 24 - repeat 1,flow-control-off capacity,concurrency,24.0,1,13.534,78,67,11,,ok
concurrency 24 - repeat 1,flow-control-off capacity,concurrency,24.0,1,14.013,84,73,11,,ok
concurrency 24 - repeat 1,flow-control-off capacity,concurrency,24.0,1,14.536,87,78,9,,ok
concurrency 24 - repeat 1,flow-control-off capacity,concurrency,24.0,1,15.044,92,81,11,,ok
concurrency 24 - repeat 1,flow-control-off capacity,concurrency,24.0,1,15.501,96,84,12,,ok
concurrency 24 - repeat 1,flow-control-off capacity,concurrency,24.0,1,16.01,104,91,13,,ok
concurrency 24 - repeat 1,flow-control-off capacity,concurrency,24.0,1,16.529,109,96,13,,ok
concurrency 24 - repeat 1,flow-control-off capacity,concurrency,24.0,1,17.043,117,104,13,,ok
concurrency 24 - repeat 1,flow-control-off capacity,concurrency,24.0,1,17.501,123,109,14,,ok
concurrency 24 - repeat 1,flow-control-off capacity,concurrency,24.0,1,18.021,130,116,14,,ok
concurrency 24 - repeat 1,flow-control-off capacity,concurrency,24.0,1,18.529,138,123,15,,ok
concurrency 24 - repeat 1,flow-control-off capacity,concurrency,24.0,1,19.051,140,130,10,,ok
concurrency 24 - repeat 1,flow-control-off capacity,concurrency,24.0,1,19.511,148,133,15,,ok
concurrency 24 - repeat 1,flow-control-off capacity,concurrency,24.0,1,20.023,154,138,16,,ok
concurrency 24 - repeat 1,flow-control-off capacity,concurrency,24.0,1,20.532,162,146,16,,ok
concurrency 24 - repeat 1,flow-control-off capacity,concurrency,24.0,1,21.039,171,154,17,,ok
concurrency 24 - repeat 1,flow-control-off capacity,concurrency,24.0,1,21.5,178,161,17,,ok
concurrency 24 - repeat 1,flow-control-off capacity,concurrency,24.0,1,22.037,188,171,17,,ok
concurrency 24 - repeat 1,flow-control-off capacity,concurrency,24.0,1,22.514,189,171,18,,ok
concurrency 24 - repeat 1,flow-control-off capacity,concurrency,24.0,1,23.031,198,180,18,,ok
concurrency 24 - repeat 1,flow-control-off capacity,concurrency,24.0,1,23.544,199,180,19,,ok
concurrency 24 - repeat 1,flow-control-off capacity,concurrency,24.0,1,24.003,208,189,19,,ok
concurrency 24 - repeat 1,flow-control-off capacity,concurrency,24.0,1,24.513,216,196,20,,ok
concurrency 24 - repeat 1,flow-control-off capacity,concurrency,24.0,1,25.023,227,207,20,,ok
concurrency 24 - repeat 1,flow-control-off capacity,concurrency,24.0,1,25.53,228,208,20,,ok
concurrency 24 - repeat 1,flow-control-off capacity,concurrency,24.0,1,26.039,240,219,21,,ok
concurrency 24 - repeat 1,flow-control-off capacity,concurrency,24.0,1,26.55,249,228,21,,ok
concurrency 24 - repeat 1,flow-control-off capacity,concurrency,24.0,1,27.01,257,236,21,,ok
concurrency 24 - repeat 1,flow-control-off capacity,concurrency,24.0,1,27.531,262,249,13,,ok
concurrency 24 - repeat 1,flow-control-off capacity,concurrency,24.0,1,28.039,271,249,22,,ok
concurrency 24 - repeat 1,flow-control-off capacity,concurrency,24.0,1,28.507,281,260,21,,ok
concurrency 24 - repeat 1,flow-control-off capacity,concurrency,24.0,1,29.031,294,271,23,,ok
concurrency 24 - repeat 1,flow-control-off capacity,concurrency,24.0,1,29.537,295,271,24,,ok
concurrency 24 - repeat 1,flow-control-off capacity,concurrency,24.0,1,30.051,308,284,24,,ok
concurrency 24 - repeat 1,flow-control-off capacity,concurrency,24.0,1,30.508,318,294,24,,ok
concurrency 24 - repeat 1,flow-control-off capacity,concurrency,24.0,1,31.022,332,308,24,,ok
concurrency 24 - repeat 1,flow-control-off capacity,concurrency,24.0,1,31.534,342,318,24,,ok
concurrency 24 - repeat 1,flow-control-off capacity,concurrency,24.0,1,32.002,342,318,24,,ok
concurrency 24 - repeat 1,flow-control-off capacity,concurrency,24.0,1,32.53,356,332,24,,ok
concurrency 24 - repeat 1,flow-control-off capacity,concurrency,24.0,1,33.005,366,342,24,,ok
concurrency 24 - repeat 1,flow-control-off capacity,concurrency,24.0,1,33.511,380,356,24,,ok
concurrency 24 - repeat 1,flow-control-off capacity,concurrency,24.0,1,34.034,390,366,24,,ok
concurrency 24 - repeat 1,flow-control-off capacity,concurrency,24.0,1,34.503,390,366,24,,ok
concurrency 24 - repeat 1,flow-control-off capacity,concurrency,24.0,1,35.015,404,380,24,,ok
concurrency 24 - repeat 1,flow-control-off capacity,concurrency,24.0,1,35.526,414,390,24,,ok
concurrency 24 - repeat 1,flow-control-off capacity,concurrency,24.0,1,36.033,428,404,24,,ok
concurrency 24 - repeat 1,flow-control-off capacity,concurrency,24.0,1,36.544,438,414,24,,ok
concurrency 24 - repeat 1,flow-control-off capacity,concurrency,24.0,1,37.004,438,414,24,,ok
concurrency 24 - repeat 1,flow-control-off capacity,concurrency,24.0,1,37.523,452,428,24,,ok
concurrency 24 - repeat 1,flow-control-off capacity,concurrency,24.0,1,38.032,462,438,24,,ok
concurrency 24 - repeat 1,flow-control-off capacity,concurrency,24.0,1,38.54,466,452,14,,ok
concurrency 24 - repeat 1,flow-control-off capacity,concurrency,24.0,1,39.008,486,462,24,,ok
concurrency 24 - repeat 1,flow-control-off capacity,concurrency,24.0,1,39.529,486,462,24,,ok
concurrency 24 - repeat 1,flow-control-off capacity,concurrency,24.0,1,40.034,500,476,24,,ok
concurrency 24 - repeat 1,flow-control-off capacity,concurrency,24.0,1,40.55,510,486,24,,ok
concurrency 24 - repeat 1,flow-control-off capacity,concurrency,24.0,1,41.01,510,486,24,,ok
concurrency 24 - repeat 1,flow-control-off capacity,concurrency,24.0,1,41.52,524,500,24,,ok
concurrency 24 - repeat 1,flow-control-off capacity,concurrency,24.0,1,42.038,534,510,24,,ok
concurrency 24 - repeat 1,flow-control-off capacity,concurrency,24.0,1,42.503,534,510,24,,ok
concurrency 24 - repeat 1,flow-control-off capacity,concurrency,24.0,1,43.021,548,524,24,,ok
concurrency 24 - repeat 1,flow-control-off capacity,concurrency,24.0,1,43.53,558,534,24,,ok
concurrency 24 - repeat 1,flow-control-off capacity,concurrency,24.0,1,44.042,572,548,24,,ok
concurrency 24 - repeat 1,flow-control-off capacity,concurrency,24.0,1,44.502,582,558,24,,ok
concurrency 24 - repeat 1,flow-control-off capacity,concurrency,24.0,1,45.011,582,558,24,,ok
concurrency 24 - repeat 1,flow-control-off capacity,concurrency,24.0,1,45.523,596,572,24,,ok
concurrency 24 - repeat 1,flow-control-off capacity,concurrency,24.0,1,46.015,606,582,24,,ok
concurrency 24 - repeat 1,flow-control-off capacity,concurrency,24.0,1,46.526,620,596,24,,ok
concurrency 24 - repeat 1,flow-control-off capacity,concurrency,24.0,1,47.038,630,606,24,,ok
concurrency 24 - repeat 1,flow-control-off capacity,concurrency,24.0,1,47.546,630,606,24,,ok
concurrency 24 - repeat 1,flow-control-off capacity,concurrency,24.0,1,48.005,644,620,24,,ok
concurrency 24 - repeat 1,flow-control-off capacity,concurrency,24.0,1,48.523,654,630,24,,ok
concurrency 24 - repeat 1,flow-control-off capacity,concurrency,24.0,1,49.035,668,644,24,,ok
concurrency 24 - repeat 1,flow-control-off capacity,concurrency,24.0,1,49.543,678,654,24,,ok
concurrency 24 - repeat 1,flow-control-off capacity,concurrency,24.0,1,50.002,678,654,24,,ok
concurrency 24 - repeat 1,flow-control-off capacity,concurrency,24.0,1,50.512,692,668,24,,ok
concurrency 24 - repeat 1,flow-control-off capacity,concurrency,24.0,1,51.026,702,678,24,,ok
concurrency 24 - repeat 1,flow-control-off capacity,concurrency,24.0,1,51.532,707,692,15,,ok
concurrency 24 - repeat 1,flow-control-off capacity,concurrency,24.0,1,52.048,726,702,24,,ok
concurrency 24 - repeat 1,flow-control-off capacity,concurrency,24.0,1,52.52,726,702,24,,ok
concurrency 24 - repeat 1,flow-control-off capacity,concurrency,24.0,1,53.032,740,716,24,,ok
concurrency 24 - repeat 1,flow-control-off capacity,concurrency,24.0,1,53.544,750,726,24,,ok
concurrency 24 - repeat 1,flow-control-off capacity,concurrency,24.0,1,54.004,764,740,24,,ok
concurrency 24 - repeat 1,flow-control-off capacity,concurrency,24.0,1,54.514,774,750,24,,ok
concurrency 24 - repeat 1,flow-control-off capacity,concurrency,24.0,1,55.023,774,750,24,,ok
concurrency 24 - repeat 1,flow-control-off capacity,concurrency,24.0,1,55.532,788,764,24,,ok
concurrency 24 - repeat 1,flow-control-off capacity,concurrency,24.0,1,56.05,798,774,24,,ok
concurrency 24 - repeat 1,flow-control-off capacity,concurrency,24.0,1,56.504,812,788,24,,ok
concurrency 24 - repeat 1,flow-control-off capacity,concurrency,24.0,1,57.012,822,798,24,,ok
concurrency 24 - repeat 1,flow-control-off capacity,concurrency,24.0,1,57.523,822,798,24,,ok
concurrency 24 - repeat 1,flow-control-off capacity,concurrency,24.0,1,58.03,836,812,24,,ok
concurrency 24 - repeat 1,flow-control-off capacity,concurrency,24.0,1,58.541,846,822,24,,ok
concurrency 24 - repeat 1,flow-control-off capacity,concurrency,24.0,1,59.047,859,835,24,,ok
concurrency 24 - repeat 1,flow-control-off capacity,concurrency,24.0,1,59.502,870,846,24,,ok
concurrency 24 - repeat 1,flow-control-off capacity,concurrency,24.0,1,60.017,870,846,24,,ok
concurrency 24 - repeat 1,flow-control-off capacity,concurrency,24.0,1,60.538,884,860,24,,ok
concurrency 24 - repeat 1,flow-control-off capacity,concurrency,24.0,1,61.049,894,870,24,,ok
concurrency 24 - repeat 1,flow-control-off capacity,concurrency,24.0,1,61.506,908,884,24,,ok
concurrency 24 - repeat 1,flow-control-off capacity,concurrency,24.0,1,62.022,918,894,24,,ok
concurrency 24 - repeat 1,flow-control-off capacity,concurrency,24.0,1,62.545,918,895,23,,ok
concurrency 24 - repeat 1,flow-control-off capacity,concurrency,24.0,1,63.002,932,908,24,,ok
concurrency 24 - repeat 1,flow-control-off capacity,concurrency,24.0,1,63.513,942,918,24,,ok
concurrency 24 - repeat 1,flow-control-off capacity,concurrency,24.0,1,64.046,956,932,24,,ok
concurrency 24 - repeat 1,flow-control-off capacity,concurrency,24.0,1,64.504,956,942,14,,ok
concurrency 24 - repeat 1,flow-control-off capacity,concurrency,24.0,1,65.013,966,942,24,,ok
concurrency 24 - repeat 1,flow-control-off capacity,concurrency,24.0,1,65.519,980,956,24,,ok
concurrency 24 - repeat 1,flow-control-off capacity,concurrency,24.0,1,66.032,990,966,24,,ok
concurrency 24 - repeat 1,flow-control-off capacity,concurrency,24.0,1,66.541,1004,980,24,,ok
concurrency 24 - repeat 1,flow-control-off capacity,concurrency,24.0,1,67.011,1004,980,24,,ok
concurrency 24 - repeat 1,flow-control-off capacity,concurrency,24.0,1,67.536,1014,990,24,,ok
concurrency 24 - repeat 1,flow-control-off capacity,concurrency,24.0,1,68.009,1028,1004,24,,ok
concurrency 24 - repeat 1,flow-control-off capacity,concurrency,24.0,1,68.519,1038,1014,24,,ok
concurrency 24 - repeat 1,flow-control-off capacity,concurrency,24.0,1,69.049,1052,1028,24,,ok
concurrency 24 - repeat 1,flow-control-off capacity,concurrency,24.0,1,69.509,1052,1029,23,,ok
concurrency 24 - repeat 1,flow-control-off capacity,concurrency,24.0,1,70.019,1062,1038,24,,ok
concurrency 24 - repeat 1,flow-control-off capacity,concurrency,24.0,1,70.526,1076,1052,24,,ok
concurrency 24 - repeat 1,flow-control-off capacity,concurrency,24.0,1,71.034,1086,1062,24,,ok
concurrency 24 - repeat 1,flow-control-off capacity,concurrency,24.0,1,71.542,1100,1076,24,,ok
concurrency 24 - repeat 1,flow-control-off capacity,concurrency,24.0,1,72.009,1100,1077,23,,ok
concurrency 24 - repeat 1,flow-control-off capacity,concurrency,24.0,1,72.525,1110,1086,24,,ok
concurrency 24 - repeat 1,flow-control-off capacity,concurrency,24.0,1,73.001,1124,1100,24,,ok
concurrency 24 - repeat 1,flow-control-off capacity,concurrency,24.0,1,73.513,1134,1110,24,,ok
concurrency 24 - repeat 1,flow-control-off capacity,concurrency,24.0,1,74.031,1148,1124,24,,ok
concurrency 24 - repeat 1,flow-control-off capacity,concurrency,24.0,1,74.538,1148,1124,24,,ok
concurrency 24 - repeat 1,flow-control-off capacity,concurrency,24.0,1,75.047,1158,1134,24,,ok
concurrency 24 - repeat 1,flow-control-off capacity,concurrency,24.0,1,75.508,1172,1148,24,,ok
concurrency 24 - repeat 1,flow-control-off capacity,concurrency,24.0,1,76.021,1182,1158,24,,ok
concurrency 24 - repeat 1,flow-control-off capacity,concurrency,24.0,1,76.529,1196,1172,24,,ok
concurrency 24 - repeat 1,flow-control-off capacity,concurrency,24.0,1,77.04,1196,1182,14,,ok
concurrency 24 - repeat 1,flow-control-off capacity,concurrency,24.0,1,77.55,1206,1182,24,,ok
concurrency 24 - repeat 1,flow-control-off capacity,concurrency,24.0,1,78.016,1220,1196,24,,ok
concurrency 24 - repeat 1,flow-control-off capacity,concurrency,24.0,1,78.524,1230,1206,24,,ok
concurrency 24 - repeat 1,flow-control-off capacity,concurrency,24.0,1,79.034,1244,1220,24,,ok
concurrency 24 - repeat 1,flow-control-off capacity,concurrency,24.0,1,79.543,1244,1230,14,,ok
concurrency 24 - repeat 1,flow-control-off capacity,concurrency,24.0,1,80.002,1254,1230,24,,ok
concurrency 24 - repeat 1,flow-control-off capacity,concurrency,24.0,1,80.548,1268,1244,24,,ok
concurrency 24 - repeat 1,flow-control-off capacity,concurrency,24.0,1,81.003,1278,1254,24,,ok
concurrency 24 - repeat 1,flow-control-off capacity,concurrency,24.0,1,81.513,1279,1255,24,,ok
concurrency 24 - repeat 1,flow-control-off capacity,concurrency,24.0,1,82.048,1292,1268,24,,ok
concurrency 24 - repeat 1,flow-control-off capacity,concurrency,24.0,1,82.546,1302,1278,24,,ok
concurrency 24 - repeat 1,flow-control-off capacity,concurrency,24.0,1,83.003,1316,1292,24,,ok
concurrency 24 - repeat 1,flow-control-off capacity,concurrency,24.0,1,83.514,1326,1302,24,,ok
concurrency 24 - repeat 1,flow-control-off capacity,concurrency,24.0,1,84.041,1326,1302,24,,ok
concurrency 24 - repeat 1,flow-control-off capacity,concurrency,24.0,1,84.509,1326,1303,23,,ok
concurrency 24 - repeat 1,flow-control-off capacity,concurrency,24.0,1,85.019,1340,1316,24,,ok
concurrency 24 - repeat 1,flow-control-off capacity,concurrency,24.0,1,85.529,1350,1326,24,,ok
concurrency 24 - repeat 1,flow-control-off capacity,concurrency,24.0,1,86.04,1364,1340,24,,ok
concurrency 24 - repeat 1,flow-control-off capacity,concurrency,24.0,1,86.513,1374,1350,24,,ok
concurrency 24 - repeat 1,flow-control-off capacity,concurrency,24.0,1,87.019,1375,1364,11,,ok
concurrency 24 - repeat 1,flow-control-off capacity,concurrency,24.0,1,87.528,1388,1368,20,,ok
concurrency 24 - repeat 1,flow-control-off capacity,concurrency,24.0,1,88.036,1398,1374,24,,ok
concurrency 24 - repeat 1,flow-control-off capacity,concurrency,24.0,1,88.505,1412,1388,24,,ok
concurrency 24 - repeat 1,flow-control-off capacity,concurrency,24.0,1,89.012,1422,1398,24,,ok
concurrency 24 - repeat 1,flow-control-off capacity,concurrency,24.0,1,89.522,1422,1398,24,,ok
concurrency 24 - repeat 1,flow-control-off capacity,concurrency,24.0,1,90.033,1446,1422,24,,ok
concurrency 24 - repeat 1,flow-control-off capacity,concurrency,24.0,1,90.54,1446,1422,24,,ok
concurrency 24 - repeat 1,flow-control-off capacity,concurrency,24.0,1,91.002,1460,1436,24,,ok
concurrency 24 - repeat 1,flow-control-off capacity,concurrency,24.0,1,91.522,1470,1446,24,,ok
concurrency 24 - repeat 1,flow-control-off capacity,concurrency,24.0,1,92.054,1470,1446,24,,ok
concurrency 24 - repeat 1,flow-control-off capacity,concurrency,24.0,1,92.531,1484,1470,14,,ok
concurrency 24 - repeat 1,flow-control-off capacity,concurrency,24.0,1,93.014,1494,1470,24,,ok
concurrency 24 - repeat 1,flow-control-off capacity,concurrency,24.0,1,93.521,1508,1484,24,,ok
concurrency 24 - repeat 1,flow-control-off capacity,concurrency,24.0,1,94.037,1518,1494,24,,ok
concurrency 24 - repeat 1,flow-control-off capacity,concurrency,24.0,1,94.546,1518,1494,24,,ok
concurrency 24 - repeat 1,flow-control-off capacity,concurrency,24.0,1,95.005,1532,1518,14,,ok
concurrency 24 - repeat 1,flow-control-off capacity,concurrency,24.0,1,95.514,1542,1518,24,,ok
concurrency 24 - repeat 1,flow-control-off capacity,concurrency,24.0,1,96.025,1556,1532,24,,ok
concurrency 24 - repeat 1,flow-control-off capacity,concurrency,24.0,1,96.536,1566,1542,24,,ok
concurrency 24 - repeat 1,flow-control-off capacity,concurrency,24.0,1,97.002,1566,1542,24,,ok
concurrency 24 - repeat 1,flow-control-off capacity,concurrency,24.0,1,97.543,1590,1566,24,,ok
concurrency 24 - repeat 1,flow-control-off capacity,concurrency,24.0,1,98.001,1590,1566,24,,ok
concurrency 24 - repeat 1,flow-control-off capacity,concurrency,24.0,1,98.522,1604,1580,24,,ok
concurrency 24 - repeat 1,flow-control-off capacity,concurrency,24.0,1,99.044,1614,1590,24,,ok
concurrency 24 - repeat 1,flow-control-off capacity,concurrency,24.0,1,99.501,1614,1590,24,,ok
concurrency 24 - repeat 1,flow-control-off capacity,concurrency,24.0,1,100.011,1628,1604,24,,ok
concurrency 24 - repeat 1,flow-control-off capacity,concurrency,24.0,1,100.522,1638,1614,24,,ok
concurrency 24 - repeat 1,flow-control-off capacity,concurrency,24.0,1,101.047,1652,1628,24,,ok
concurrency 24 - repeat 1,flow-control-off capacity,concurrency,24.0,1,101.505,1662,1638,24,,ok
concurrency 24 - repeat 1,flow-control-off capacity,concurrency,24.0,1,102.047,1662,1638,24,,ok
concurrency 24 - repeat 1,flow-control-off capacity,concurrency,24.0,1,102.519,1676,1653,23,,ok
concurrency 24 - repeat 1,flow-control-off capacity,concurrency,24.0,1,103.034,1686,1662,24,,ok
concurrency 24 - repeat 1,flow-control-off capacity,concurrency,24.0,1,103.54,1700,1676,24,,ok
concurrency 24 - repeat 1,flow-control-off capacity,concurrency,24.0,1,104.006,1710,1686,24,,ok
concurrency 24 - repeat 1,flow-control-off capacity,concurrency,24.0,1,104.514,1710,1686,24,,ok
concurrency 24 - repeat 1,flow-control-off capacity,concurrency,24.0,1,105.03,1724,1700,24,,ok
concurrency 24 - repeat 1,flow-control-off capacity,concurrency,24.0,1,105.541,1734,1710,24,,ok
concurrency 24 - repeat 1,flow-control-off capacity,concurrency,24.0,1,106.016,1734,1710,24,,ok
concurrency 24 - repeat 1,flow-control-off capacity,concurrency,24.0,1,106.535,1748,1724,24,,ok
concurrency 24 - repeat 1,flow-control-off capacity,concurrency,24.0,1,107.046,1758,1734,24,,ok
concurrency 24 - repeat 1,flow-control-off capacity,concurrency,24.0,1,107.504,1758,1734,24,,ok
concurrency 24 - repeat 1,flow-control-off capacity,concurrency,24.0,1,108.014,1773,1758,15,,ok
concurrency 24 - repeat 1,flow-control-off capacity,concurrency,24.0,1,108.528,1782,1758,24,,ok
concurrency 24 - repeat 1,flow-control-off capacity,concurrency,24.0,1,109.039,1796,1772,24,,ok
concurrency 24 - repeat 1,flow-control-off capacity,concurrency,24.0,1,109.549,1806,1782,24,,ok
concurrency 24 - repeat 1,flow-control-off capacity,concurrency,24.0,1,110.006,1806,1782,24,,ok
concurrency 24 - repeat 1,flow-control-off capacity,concurrency,24.0,1,110.524,1820,1797,23,,ok
concurrency 24 - repeat 1,flow-control-off capacity,concurrency,24.0,1,111.05,1830,1806,24,,ok
concurrency 24 - repeat 1,flow-control-off capacity,concurrency,24.0,1,111.507,1844,1820,24,,ok
concurrency 24 - repeat 1,flow-control-off capacity,concurrency,24.0,1,112.038,1854,1830,24,,ok
concurrency 24 - repeat 1,flow-control-off capacity,concurrency,24.0,1,112.547,1854,1830,24,,ok
concurrency 24 - repeat 1,flow-control-off capacity,concurrency,24.0,1,113.008,1868,1845,23,,ok
concurrency 24 - repeat 1,flow-control-off capacity,concurrency,24.0,1,113.531,1878,1854,24,,ok
concurrency 24 - repeat 1,flow-control-off capacity,concurrency,24.0,1,114.039,1892,1868,24,,ok
concurrency 24 - repeat 1,flow-control-off capacity,concurrency,24.0,1,114.547,1902,1878,24,,ok
concurrency 24 - repeat 1,flow-control-off capacity,concurrency,24.0,1,115.002,1902,1878,24,,ok
concurrency 24 - repeat 1,flow-control-off capacity,concurrency,24.0,1,115.523,1916,1893,23,,ok
concurrency 24 - repeat 1,flow-control-off capacity,concurrency,24.0,1,116.033,1926,1902,24,,ok
concurrency 24 - repeat 1,flow-control-off capacity,concurrency,24.0,1,116.502,1940,1916,24,,ok
concurrency 24 - repeat 1,flow-control-off capacity,concurrency,24.0,1,117.01,1950,1926,24,,ok
concurrency 24 - repeat 1,flow-control-off capacity,concurrency,24.0,1,117.524,1950,1926,24,,ok
concurrency 24 - repeat 1,flow-control-off capacity,concurrency,24.0,1,118.039,1964,1940,24,,ok
concurrency 24 - repeat 1,flow-control-off capacity,concurrency,24.0,1,118.501,1974,1950,24,,ok
concurrency 24 - repeat 1,flow-control-off capacity,concurrency,24.0,1,119.013,1988,1964,24,,ok
concurrency 24 - repeat 1,flow-control-off capacity,concurrency,24.0,1,119.52,1998,1974,24,,ok
concurrency 24 - repeat 1,flow-control-off capacity,concurrency,24.0,1,120.028,1998,1988,10,,ok
concurrency 24 - repeat 1,flow-control-off capacity,concurrency,24.0,1,120.538,2012,1988,24,,ok
concurrency 24 - repeat 1,flow-control-off capacity,concurrency,24.0,1,121.012,2022,1998,24,,ok
concurrency 24 - repeat 1,flow-control-off capacity,concurrency,24.0,1,121.52,2036,2012,24,,ok
concurrency 24 - repeat 1,flow-control-off capacity,concurrency,24.0,1,122.038,2046,2022,24,,ok
concurrency 24 - repeat 1,flow-control-off capacity,concurrency,24.0,1,122.505,2047,2036,11,,ok
concurrency 24 - repeat 1,flow-control-off capacity,concurrency,24.0,1,123.04,2060,2046,14,,ok
concurrency 24 - repeat 1,flow-control-off capacity,concurrency,24.0,1,123.547,2070,2046,24,,ok
concurrency 24 - repeat 1,flow-control-off capacity,concurrency,24.0,1,124.005,2084,2060,24,,ok
concurrency 24 - repeat 1,flow-control-off capacity,concurrency,24.0,1,124.512,2094,2070,24,,ok
concurrency 24 - repeat 1,flow-control-off capacity,concurrency,24.0,1,125.02,2095,2071,24,,ok
concurrency 24 - repeat 1,flow-control-off capacity,concurrency,24.0,1,125.546,2108,2084,24,,ok
concurrency 24 - repeat 1,flow-control-off capacity,concurrency,24.0,1,126.006,2118,2094,24,,ok
concurrency 24 - repeat 1,flow-control-off capacity,concurrency,24.0,1,126.51,2132,2108,24,,ok
concurrency 24 - repeat 1,flow-control-off capacity,concurrency,24.0,1,127.023,2142,2118,24,,ok
concurrency 24 - repeat 1,flow-control-off capacity,concurrency,24.0,1,127.544,2142,2119,23,,ok
concurrency 24 - repeat 1,flow-control-off capacity,concurrency,24.0,1,128.001,2156,2132,24,,ok
concurrency 24 - repeat 1,flow-control-off capacity,concurrency,24.0,1,128.511,2166,2142,24,,ok
concurrency 24 - repeat 1,flow-control-off capacity,concurrency,24.0,1,129.03,2180,2156,24,,ok
concurrency 24 - repeat 1,flow-control-off capacity,concurrency,24.0,1,129.503,2190,2166,24,,ok
concurrency 24 - repeat 1,flow-control-off capacity,concurrency,24.0,1,130.025,2190,2167,23,,ok
concurrency 24 - repeat 1,flow-control-off capacity,concurrency,24.0,1,130.531,2204,2180,24,,ok
concurrency 24 - repeat 1,flow-control-off capacity,concurrency,24.0,1,131.04,2214,2190,24,,ok
concurrency 24 - repeat 1,flow-control-off capacity,concurrency,24.0,1,131.548,2228,2204,24,,ok
concurrency 24 - repeat 1,flow-control-off capacity,concurrency,24.0,1,132.021,2228,2208,20,,ok
concurrency 24 - repeat 1,flow-control-off capacity,concurrency,24.0,1,132.535,2238,2214,24,,ok
concurrency 24 - repeat 1,flow-control-off capacity,concurrency,24.0,1,133.046,2252,2228,24,,ok
concurrency 24 - repeat 1,flow-control-off capacity,concurrency,24.0,1,133.504,2262,2238,24,,ok
concurrency 24 - repeat 1,flow-control-off capacity,concurrency,24.0,1,134.009,2276,2252,24,,ok
concurrency 24 - repeat 1,flow-control-off capacity,concurrency,24.0,1,134.528,2286,2262,24,,ok
concurrency 24 - repeat 1,flow-control-off capacity,concurrency,24.0,1,135.041,2286,2276,10,,ok
concurrency 24 - repeat 1,flow-control-off capacity,concurrency,24.0,1,135.5,2300,2276,24,,ok
concurrency 24 - repeat 1,flow-control-off capacity,concurrency,24.0,1,136.012,2310,2286,24,,ok
concurrency 24 - repeat 1,flow-control-off capacity,concurrency,24.0,1,136.521,2324,2300,24,,ok
concurrency 24 - repeat 1,flow-control-off capacity,concurrency,24.0,1,137.03,2334,2310,24,,ok
concurrency 24 - repeat 1,flow-control-off capacity,concurrency,24.0,1,137.509,2334,2310,24,,ok
concurrency 24 - repeat 1,flow-control-off capacity,concurrency,24.0,1,138.026,2334,2310,24,,ok
concurrency 24 - repeat 1,flow-control-off capacity,concurrency,24.0,1,138.537,2348,2324,24,,ok
concurrency 24 - repeat 1,flow-control-off capacity,concurrency,24.0,1,139.051,2358,2334,24,,ok
concurrency 24 - repeat 1,flow-control-off capacity,concurrency,24.0,1,139.511,2372,2348,24,,ok
concurrency 24 - repeat 1,flow-control-off capacity,concurrency,24.0,1,140.019,2382,2358,24,,ok
concurrency 24 - repeat 1,flow-control-off capacity,concurrency,24.0,1,140.532,2382,2358,24,,ok
concurrency 24 - repeat 1,flow-control-off capacity,concurrency,24.0,1,141.041,2396,2372,24,,ok
concurrency 24 - repeat 1,flow-control-off capacity,concurrency,24.0,1,141.514,2406,2382,24,,ok
concurrency 24 - repeat 1,flow-control-off capacity,concurrency,24.0,1,142.027,2419,2395,24,,ok
concurrency 24 - repeat 1,flow-control-off capacity,concurrency,24.0,1,142.541,2430,2406,24,,ok
concurrency 24 - repeat 1,flow-control-off capacity,concurrency,24.0,1,143.016,2430,2406,24,,ok
concurrency 24 - repeat 1,flow-control-off capacity,concurrency,24.0,1,143.525,2444,2420,24,,ok
concurrency 24 - repeat 1,flow-control-off capacity,concurrency,24.0,1,144.03,2454,2430,24,,ok
concurrency 24 - repeat 1,flow-control-off capacity,concurrency,24.0,1,144.536,2467,2444,23,,ok
concurrency 24 - repeat 1,flow-control-off capacity,concurrency,24.0,1,145.049,2478,2454,24,,ok
concurrency 24 - repeat 1,flow-control-off capacity,concurrency,24.0,1,145.506,2478,2454,24,,ok
concurrency 24 - repeat 1,flow-control-off capacity,concurrency,24.0,1,146.015,2492,2468,24,,ok
concurrency 24 - repeat 1,flow-control-off capacity,concurrency,24.0,1,146.537,2502,2478,24,,ok
concurrency 24 - repeat 1,flow-control-off capacity,concurrency,24.0,1,147.046,2516,2492,24,,ok
concurrency 24 - repeat 1,flow-control-off capacity,concurrency,24.0,1,147.504,2516,2492,24,,ok
concurrency 24 - repeat 1,flow-control-off capacity,concurrency,24.0,1,148.015,2526,2502,24,,ok
concurrency 24 - repeat 1,flow-control-off capacity,concurrency,24.0,1,148.525,2540,2516,24,,ok
concurrency 24 - repeat 1,flow-control-off capacity,concurrency,24.0,1,149.034,2550,2526,24,,ok
concurrency 24 - repeat 1,flow-control-off capacity,concurrency,24.0,1,149.542,2564,2540,24,,ok
concurrency 24 - repeat 1,flow-control-off capacity,concurrency,24.0,1,150.003,2564,2540,24,,ok
concurrency 24 - repeat 1,flow-control-off capacity,concurrency,24.0,1,150.509,2574,2550,24,,ok
concurrency 24 - repeat 1,flow-control-off capacity,concurrency,24.0,1,151.015,2588,2564,24,,ok
concurrency 24 - repeat 1,flow-control-off capacity,concurrency,24.0,1,151.535,2598,2574,24,,ok
concurrency 24 - repeat 1,flow-control-off capacity,concurrency,24.0,1,152.011,2612,2588,24,,ok
concurrency 24 - repeat 1,flow-control-off capacity,concurrency,24.0,1,152.541,2612,2588,24,,ok
concurrency 24 - repeat 1,flow-control-off capacity,concurrency,24.0,1,153.0,2622,2598,24,,ok
concurrency 24 - repeat 1,flow-control-off capacity,concurrency,24.0,1,153.523,2636,2612,24,,ok
concurrency 24 - repeat 1,flow-control-off capacity,concurrency,24.0,1,154.044,2646,2622,24,,ok
concurrency 24 - repeat 1,flow-control-off capacity,concurrency,24.0,1,154.506,2660,2636,24,,ok
concurrency 24 - repeat 1,flow-control-off capacity,concurrency,24.0,1,155.022,2660,2636,24,,ok
concurrency 24 - repeat 1,flow-control-off capacity,concurrency,24.0,1,155.543,2670,2646,24,,ok
concurrency 24 - repeat 1,flow-control-off capacity,concurrency,24.0,1,156.005,2684,2660,24,,ok
concurrency 24 - repeat 1,flow-control-off capacity,concurrency,24.0,1,156.525,2694,2670,24,,ok
concurrency 24 - repeat 1,flow-control-off capacity,concurrency,24.0,1,157.036,2707,2684,23,,ok
concurrency 24 - repeat 1,flow-control-off capacity,concurrency,24.0,1,157.542,2708,2684,24,,ok
concurrency 24 - repeat 1,flow-control-off capacity,concurrency,24.0,1,158.052,2718,2694,24,,ok
concurrency 24 - repeat 1,flow-control-off capacity,concurrency,24.0,1,158.508,2732,2708,24,,ok
concurrency 24 - repeat 1,flow-control-off capacity,concurrency,24.0,1,159.018,2742,2718,24,,ok
concurrency 24 - repeat 1,flow-control-off capacity,concurrency,24.0,1,159.529,2756,2732,24,,ok
concurrency 24 - repeat 1,flow-control-off capacity,concurrency,24.0,1,160.036,2756,2732,24,,ok
concurrency 24 - repeat 1,flow-control-off capacity,concurrency,24.0,1,160.547,2766,2756,10,,ok
concurrency 24 - repeat 1,flow-control-off capacity,concurrency,24.0,1,161.008,2780,2756,24,,ok
concurrency 24 - repeat 1,flow-control-off capacity,concurrency,24.0,1,161.523,2790,2766,24,,ok
concurrency 24 - repeat 1,flow-control-off capacity,concurrency,24.0,1,162.0,2804,2780,24,,ok
concurrency 24 - repeat 1,flow-control-off capacity,concurrency,24.0,1,162.514,2804,2780,24,,ok
concurrency 24 - repeat 1,flow-control-off capacity,concurrency,24.0,1,163.003,2814,2790,24,,ok
concurrency 24 - repeat 1,flow-control-off capacity,concurrency,24.0,1,163.511,2828,2804,24,,ok
concurrency 24 - repeat 1,flow-control-off capacity,concurrency,24.0,1,164.024,2838,2814,24,,ok
concurrency 24 - repeat 1,flow-control-off capacity,concurrency,24.0,1,164.533,2852,2828,24,,ok
concurrency 24 - repeat 1,flow-control-off capacity,concurrency,24.0,1,165.004,2852,2828,24,,ok
concurrency 24 - repeat 1,flow-control-off capacity,concurrency,24.0,1,165.514,2862,2838,24,,ok
concurrency 24 - repeat 1,flow-control-off capacity,concurrency,24.0,1,166.037,2876,2852,24,,ok
concurrency 24 - repeat 1,flow-control-off capacity,concurrency,24.0,1,166.548,2886,2862,24,,ok
concurrency 24 - repeat 1,flow-control-off capacity,concurrency,24.0,1,167.004,2900,2876,24,,ok
concurrency 24 - repeat 1,flow-control-off capacity,concurrency,24.0,1,167.512,2900,2876,24,,ok
concurrency 24 - repeat 1,flow-control-off capacity,concurrency,24.0,1,168.031,2910,2886,24,,ok
concurrency 24 - repeat 1,flow-control-off capacity,concurrency,24.0,1,168.537,2924,2900,24,,ok
concurrency 24 - repeat 1,flow-control-off capacity,concurrency,24.0,1,169.046,2934,2910,24,,ok
concurrency 24 - repeat 1,flow-control-off capacity,concurrency,24.0,1,169.507,2948,2924,24,,ok
concurrency 24 - repeat 1,flow-control-off capacity,concurrency,24.0,1,170.024,2948,2924,24,,ok
concurrency 24 - repeat 1,flow-control-off capacity,concurrency,24.0,1,170.539,2958,2948,10,,ok
concurrency 24 - repeat 1,flow-control-off capacity,concurrency,24.0,1,171.048,2972,2948,24,,ok
concurrency 24 - repeat 1,flow-control-off capacity,concurrency,24.0,1,171.507,2982,2958,24,,ok
concurrency 24 - repeat 1,flow-control-off capacity,concurrency,24.0,1,172.035,2996,2972,24,,ok
concurrency 24 - repeat 1,flow-control-off capacity,concurrency,24.0,1,172.514,2996,2972,24,,ok
concurrency 24 - repeat 1,flow-control-off capacity,concurrency,24.0,1,173.028,3006,2996,10,,ok
concurrency 24 - repeat 1,flow-control-off capacity,concurrency,24.0,1,173.541,3020,2996,24,,ok
concurrency 24 - repeat 1,flow-control-off capacity,concurrency,24.0,1,174.002,3029,3005,24,,ok
concurrency 24 - repeat 1,flow-control-off capacity,concurrency,24.0,1,174.511,3044,3020,24,,ok
concurrency 24 - repeat 1,flow-control-off capacity,concurrency,24.0,1,175.021,3044,3024,20,,ok
concurrency 24 - repeat 1,flow-control-off capacity,concurrency,24.0,1,175.537,3054,3034,20,,ok
concurrency 24 - repeat 1,flow-control-off capacity,concurrency,24.0,1,176.011,3068,3044,24,,ok
concurrency 24 - repeat 1,flow-control-off capacity,concurrency,24.0,1,176.528,3077,3054,23,,ok
concurrency 24 - repeat 1,flow-control-off capacity,concurrency,24.0,1,177.04,3092,3068,24,,ok
concurrency 24 - repeat 1,flow-control-off capacity,concurrency,24.0,1,177.5,3092,3068,24,,ok
concurrency 24 - repeat 1,flow-control-off capacity,concurrency,24.0,1,178.009,3102,3092,10,,ok
concurrency 24 - repeat 1,flow-control-off capacity,concurrency,24.0,1,178.53,3116,3092,24,,ok
concurrency 24 - repeat 1,flow-control-off capacity,concurrency,24.0,1,179.048,3126,3102,24,,ok
concurrency 24 - repeat 1,flow-control-off capacity,concurrency,24.0,1,179.508,3140,3116,24,,ok
concurrency 32 - repeat 1,flow-control-off capacity,concurrency,32.0,1,0.0,0,0,0,,ok
concurrency 32 - repeat 1,flow-control-off capacity,concurrency,32.0,1,0.519,0,0,0,,ok
concurrency 32 - repeat 1,flow-control-off capacity,concurrency,32.0,1,1.036,1,0,1,,ok
concurrency 32 - repeat 1,flow-control-off capacity,concurrency,32.0,1,1.509,2,0,2,,ok
concurrency 32 - repeat 1,flow-control-off capacity,concurrency,32.0,1,2.021,3,1,2,,ok
concurrency 32 - repeat 1,flow-control-off capacity,concurrency,32.0,1,2.532,6,3,3,,ok
concurrency 32 - repeat 1,flow-control-off capacity,concurrency,32.0,1,3.042,6,3,3,,ok
concurrency 32 - repeat 1,flow-control-off capacity,concurrency,32.0,1,3.508,10,6,4,,ok
concurrency 32 - repeat 1,flow-control-off capacity,concurrency,32.0,1,4.033,11,7,4,,ok
concurrency 32 - repeat 1,flow-control-off capacity,concurrency,32.0,1,4.54,15,10,5,,ok
concurrency 32 - repeat 1,flow-control-off capacity,concurrency,32.0,1,5.011,17,12,5,,ok
concurrency 32 - repeat 1,flow-control-off capacity,concurrency,32.0,1,5.521,21,15,6,,ok
concurrency 32 - repeat 1,flow-control-off capacity,concurrency,32.0,1,6.033,24,18,6,,ok
concurrency 32 - repeat 1,flow-control-off capacity,concurrency,32.0,1,6.548,28,21,7,,ok
concurrency 32 - repeat 1,flow-control-off capacity,concurrency,32.0,1,7.004,31,24,7,,ok
concurrency 32 - repeat 1,flow-control-off capacity,concurrency,32.0,1,7.513,36,28,8,,ok
concurrency 32 - repeat 1,flow-control-off capacity,concurrency,32.0,1,8.03,40,32,8,,ok
concurrency 32 - repeat 1,flow-control-off capacity,concurrency,32.0,1,8.538,45,36,9,,ok
concurrency 32 - repeat 1,flow-control-off capacity,concurrency,32.0,1,9.048,48,40,8,,ok
concurrency 32 - repeat 1,flow-control-off capacity,concurrency,32.0,1,9.505,52,42,10,,ok
concurrency 32 - repeat 1,flow-control-off capacity,concurrency,32.0,1,10.017,58,47,11,,ok
concurrency 32 - repeat 1,flow-control-off capacity,concurrency,32.0,1,10.526,63,52,11,,ok
concurrency 32 - repeat 1,flow-control-off capacity,concurrency,32.0,1,11.048,69,57,12,,ok
concurrency 32 - repeat 1,flow-control-off capacity,concurrency,32.0,1,11.504,75,63,12,,ok
concurrency 32 - repeat 1,flow-control-off capacity,concurrency,32.0,1,12.02,80,67,13,,ok
concurrency 32 - repeat 1,flow-control-off capacity,concurrency,32.0,1,12.529,88,75,13,,ok
concurrency 32 - repeat 1,flow-control-off capacity,concurrency,32.0,1,13.047,93,79,14,,ok
concurrency 32 - repeat 1,flow-control-off capacity,concurrency,32.0,1,13.505,96,82,14,,ok
concurrency 32 - repeat 1,flow-control-off capacity,concurrency,32.0,1,14.014,104,89,15,,ok
concurrency 32 - repeat 1,flow-control-off capacity,concurrency,32.0,1,14.534,111,96,15,,ok
concurrency 32 - repeat 1,flow-control-off capacity,concurrency,32.0,1,15.053,119,103,16,,ok
concurrency 32 - repeat 1,flow-control-off capacity,concurrency,32.0,1,15.511,125,109,16,,ok
concurrency 32 - repeat 1,flow-control-off capacity,concurrency,32.0,1,16.017,128,111,17,,ok
concurrency 32 - repeat 1,flow-control-off capacity,concurrency,32.0,1,16.527,142,125,17,,ok
concurrency 32 - repeat 1,flow-control-off capacity,concurrency,32.0,1,17.036,146,128,18,,ok
concurrency 32 - repeat 1,flow-control-off capacity,concurrency,32.0,1,17.502,155,136,19,,ok
concurrency 32 - repeat 1,flow-control-off capacity,concurrency,32.0,1,18.015,162,143,19,,ok
concurrency 32 - repeat 1,flow-control-off capacity,concurrency,32.0,1,18.529,166,146,20,,ok
concurrency 32 - repeat 1,flow-control-off capacity,concurrency,32.0,1,19.044,166,147,19,,ok
concurrency 32 - repeat 1,flow-control-off capacity,concurrency,32.0,1,19.503,177,162,15,,ok
concurrency 32 - repeat 1,flow-control-off capacity,concurrency,32.0,1,20.011,187,166,21,,ok
concurrency 32 - repeat 1,flow-control-off capacity,concurrency,32.0,1,20.52,197,175,22,,ok
concurrency 32 - repeat 1,flow-control-off capacity,concurrency,32.0,1,21.029,205,183,22,,ok
concurrency 32 - repeat 1,flow-control-off capacity,concurrency,32.0,1,21.542,210,187,23,,ok
concurrency 32 - repeat 1,flow-control-off capacity,concurrency,32.0,1,22.051,221,198,23,,ok
concurrency 32 - repeat 1,flow-control-off capacity,concurrency,32.0,1,22.51,233,209,24,,ok
concurrency 32 - repeat 1,flow-control-off capacity,concurrency,32.0,1,23.02,238,220,18,,ok
concurrency 32 - repeat 1,flow-control-off capacity,concurrency,32.0,1,23.531,253,229,24,,ok
concurrency 32 - repeat 1,flow-control-off capacity,concurrency,32.0,1,24.05,260,234,26,,ok
concurrency 32 - repeat 1,flow-control-off capacity,concurrency,32.0,1,24.531,270,244,26,,ok
concurrency 32 - repeat 1,flow-control-off capacity,concurrency,32.0,1,25.018,272,246,26,,ok
concurrency 32 - repeat 1,flow-control-off capacity,concurrency,32.0,1,25.545,285,258,27,,ok
concurrency 32 - repeat 1,flow-control-off capacity,concurrency,32.0,1,26.01,287,260,27,,ok
concurrency 32 - repeat 1,flow-control-off capacity,concurrency,32.0,1,26.524,301,273,28,,ok
concurrency 32 - repeat 1,flow-control-off capacity,concurrency,32.0,1,27.035,314,285,29,,ok
concurrency 32 - repeat 1,flow-control-off capacity,concurrency,32.0,1,27.543,327,298,29,,ok
concurrency 32 - repeat 1,flow-control-off capacity,concurrency,32.0,1,28.004,331,301,30,,ok
concurrency 32 - repeat 1,flow-control-off capacity,concurrency,32.0,1,28.521,344,314,30,,ok
concurrency 32 - repeat 1,flow-control-off capacity,concurrency,32.0,1,29.032,358,327,31,,ok
concurrency 32 - repeat 1,flow-control-off capacity,concurrency,32.0,1,29.5,362,331,31,,ok
concurrency 32 - repeat 1,flow-control-off capacity,concurrency,32.0,1,30.035,376,345,31,,ok
concurrency 32 - repeat 1,flow-control-off capacity,concurrency,32.0,1,30.548,390,358,32,,ok
concurrency 32 - repeat 1,flow-control-off capacity,concurrency,32.0,1,31.003,394,362,32,,ok
concurrency 32 - repeat 1,flow-control-off capacity,concurrency,32.0,1,31.512,409,377,32,,ok
concurrency 32 - repeat 1,flow-control-off capacity,concurrency,32.0,1,32.025,422,394,28,,ok
concurrency 32 - repeat 1,flow-control-off capacity,concurrency,32.0,1,32.536,440,408,32,,ok
concurrency 32 - repeat 1,flow-control-off capacity,concurrency,32.0,1,33.01,454,422,32,,ok
concurrency 32 - repeat 1,flow-control-off capacity,concurrency,32.0,1,33.518,458,426,32,,ok
concurrency 32 - repeat 1,flow-control-off capacity,concurrency,32.0,1,34.031,473,441,32,,ok
concurrency 32 - repeat 1,flow-control-off capacity,concurrency,32.0,1,34.501,486,454,32,,ok
concurrency 32 - repeat 1,flow-control-off capacity,concurrency,32.0,1,35.025,490,458,32,,ok
concurrency 32 - repeat 1,flow-control-off capacity,concurrency,32.0,1,35.517,505,473,32,,ok
concurrency 32 - repeat 1,flow-control-off capacity,concurrency,32.0,1,36.026,518,486,32,,ok
concurrency 32 - repeat 1,flow-control-off capacity,concurrency,32.0,1,36.536,523,505,18,,ok
concurrency 32 - repeat 1,flow-control-off capacity,concurrency,32.0,1,37.006,537,505,32,,ok
concurrency 32 - repeat 1,flow-control-off capacity,concurrency,32.0,1,37.536,554,522,32,,ok
concurrency 32 - repeat 1,flow-control-off capacity,concurrency,32.0,1,38.045,569,537,32,,ok
concurrency 32 - repeat 1,flow-control-off capacity,concurrency,32.0,1,38.507,582,550,32,,ok
concurrency 32 - repeat 1,flow-control-off capacity,concurrency,32.0,1,39.02,586,554,32,,ok
concurrency 32 - repeat 1,flow-control-off capacity,concurrency,32.0,1,39.531,601,569,32,,ok
concurrency 32 - repeat 1,flow-control-off capacity,concurrency,32.0,1,40.041,614,582,32,,ok
concurrency 32 - repeat 1,flow-control-off capacity,concurrency,32.0,1,40.5,618,586,32,,ok
concurrency 32 - repeat 1,flow-control-off capacity,concurrency,32.0,1,41.024,633,601,32,,ok
concurrency 32 - repeat 1,flow-control-off capacity,concurrency,32.0,1,41.541,646,614,32,,ok
concurrency 32 - repeat 1,flow-control-off capacity,concurrency,32.0,1,42.001,651,619,32,,ok
concurrency 32 - repeat 1,flow-control-off capacity,concurrency,32.0,1,42.511,665,633,32,,ok
concurrency 32 - repeat 1,flow-control-off capacity,concurrency,32.0,1,43.037,679,647,32,,ok
concurrency 32 - repeat 1,flow-control-off capacity,concurrency,32.0,1,43.503,697,665,32,,ok
concurrency 32 - repeat 1,flow-control-off capacity,concurrency,32.0,1,44.014,710,678,32,,ok
concurrency 32 - repeat 1,flow-control-off capacity,concurrency,32.0,1,44.538,714,682,32,,ok
concurrency 32 - repeat 1,flow-control-off capacity,concurrency,32.0,1,45.026,729,697,32,,ok
concurrency 32 - repeat 1,flow-control-off capacity,concurrency,32.0,1,45.548,742,710,32,,ok
concurrency 32 - repeat 1,flow-control-off capacity,concurrency,32.0,1,46.007,746,714,32,,ok
concurrency 32 - repeat 1,flow-control-off capacity,concurrency,32.0,1,46.52,761,729,32,,ok
concurrency 32 - repeat 1,flow-control-off capacity,concurrency,32.0,1,47.031,774,742,32,,ok
concurrency 32 - repeat 1,flow-control-off capacity,concurrency,32.0,1,47.544,778,746,32,,ok
concurrency 32 - repeat 1,flow-control-off capacity,concurrency,32.0,1,48.009,793,761,32,,ok
concurrency 32 - repeat 1,flow-control-off capacity,concurrency,32.0,1,48.52,806,774,32,,ok
concurrency 32 - repeat 1,flow-control-off capacity,concurrency,32.0,1,49.029,825,793,32,,ok
concurrency 32 - repeat 1,flow-control-off capacity,concurrency,32.0,1,49.543,838,806,32,,ok
concurrency 32 - repeat 1,flow-control-off capacity,concurrency,32.0,1,50.017,842,810,32,,ok
concurrency 32 - repeat 1,flow-control-off capacity,concurrency,32.0,1,50.526,857,825,32,,ok
concurrency 32 - repeat 1,flow-control-off capacity,concurrency,32.0,1,51.032,870,838,32,,ok
concurrency 32 - repeat 1,flow-control-off capacity,concurrency,32.0,1,51.541,874,842,32,,ok
concurrency 32 - repeat 1,flow-control-off capacity,concurrency,32.0,1,52.002,889,857,32,,ok
concurrency 32 - repeat 1,flow-control-off capacity,concurrency,32.0,1,52.51,902,870,32,,ok
concurrency 32 - repeat 1,flow-control-off capacity,concurrency,32.0,1,53.017,906,874,32,,ok
concurrency 32 - repeat 1,flow-control-off capacity,concurrency,32.0,1,53.528,921,889,32,,ok
concurrency 32 - repeat 1,flow-control-off capacity,concurrency,32.0,1,54.035,934,902,32,,ok
concurrency 32 - repeat 1,flow-control-off capacity,concurrency,32.0,1,54.507,953,921,32,,ok
concurrency 32 - repeat 1,flow-control-off capacity,concurrency,32.0,1,55.005,966,934,32,,ok
concurrency 32 - repeat 1,flow-control-off capacity,concurrency,32.0,1,55.517,970,938,32,,ok
concurrency 32 - repeat 1,flow-control-off capacity,concurrency,32.0,1,56.038,985,953,32,,ok
concurrency 32 - repeat 1,flow-control-off capacity,concurrency,32.0,1,56.513,998,966,32,,ok
concurrency 32 - repeat 1,flow-control-off capacity,concurrency,32.0,1,57.027,1002,970,32,,ok
concurrency 32 - repeat 1,flow-control-off capacity,concurrency,32.0,1,57.537,1017,985,32,,ok
concurrency 32 - repeat 1,flow-control-off capacity,concurrency,32.0,1,58.046,1030,998,32,,ok
concurrency 32 - repeat 1,flow-control-off capacity,concurrency,32.0,1,58.51,1049,1017,32,,ok
concurrency 32 - repeat 1,flow-control-off capacity,concurrency,32.0,1,59.024,1062,1030,32,,ok
concurrency 32 - repeat 1,flow-control-off capacity,concurrency,32.0,1,59.534,1062,1034,28,,ok
concurrency 32 - repeat 1,flow-control-off capacity,concurrency,32.0,1,60.047,1081,1049,32,,ok
concurrency 32 - repeat 1,flow-control-off capacity,concurrency,32.0,1,60.509,1094,1062,32,,ok
concurrency 32 - repeat 1,flow-control-off capacity,concurrency,32.0,1,61.035,1098,1066,32,,ok
concurrency 32 - repeat 1,flow-control-off capacity,concurrency,32.0,1,61.544,1113,1081,32,,ok
concurrency 32 - repeat 1,flow-control-off capacity,concurrency,32.0,1,62.007,1126,1094,32,,ok
concurrency 32 - repeat 1,flow-control-off capacity,concurrency,32.0,1,62.526,1130,1098,32,,ok
concurrency 32 - repeat 1,flow-control-off capacity,concurrency,32.0,1,63.051,1145,1113,32,,ok
concurrency 32 - repeat 1,flow-control-off capacity,concurrency,32.0,1,63.513,1158,1126,32,,ok
concurrency 32 - repeat 1,flow-control-off capacity,concurrency,32.0,1,64.039,1162,1130,32,,ok
concurrency 32 - repeat 1,flow-control-off capacity,concurrency,32.0,1,64.549,1177,1145,32,,ok
concurrency 32 - repeat 1,flow-control-off capacity,concurrency,32.0,1,65.021,1190,1162,28,,ok
concurrency 32 - repeat 1,flow-control-off capacity,concurrency,32.0,1,65.532,1209,1177,32,,ok
concurrency 32 - repeat 1,flow-control-off capacity,concurrency,32.0,1,66.051,1222,1190,32,,ok
concurrency 32 - repeat 1,flow-control-off capacity,concurrency,32.0,1,66.509,1226,1194,32,,ok
concurrency 32 - repeat 1,flow-control-off capacity,concurrency,32.0,1,67.017,1241,1209,32,,ok
concurrency 32 - repeat 1,flow-control-off capacity,concurrency,32.0,1,67.53,1254,1222,32,,ok
concurrency 32 - repeat 1,flow-control-off capacity,concurrency,32.0,1,68.002,1258,1226,32,,ok
concurrency 32 - repeat 1,flow-control-off capacity,concurrency,32.0,1,68.521,1273,1241,32,,ok
concurrency 32 - repeat 1,flow-control-off capacity,concurrency,32.0,1,69.046,1286,1254,32,,ok
concurrency 32 - repeat 1,flow-control-off capacity,concurrency,32.0,1,69.509,1290,1258,32,,ok
concurrency 32 - repeat 1,flow-control-off capacity,concurrency,32.0,1,70.019,1305,1273,32,,ok
concurrency 32 - repeat 1,flow-control-off capacity,concurrency,32.0,1,70.53,1318,1290,28,,ok
concurrency 32 - repeat 1,flow-control-off capacity,concurrency,32.0,1,71.037,1337,1305,32,,ok
concurrency 32 - repeat 1,flow-control-off capacity,concurrency,32.0,1,71.546,1350,1318,32,,ok
concurrency 32 - repeat 1,flow-control-off capacity,concurrency,32.0,1,72.005,1354,1322,32,,ok
concurrency 32 - repeat 1,flow-control-off capacity,concurrency,32.0,1,72.516,1369,1337,32,,ok
concurrency 32 - repeat 1,flow-control-off capacity,concurrency,32.0,1,73.029,1382,1350,32,,ok
concurrency 32 - repeat 1,flow-control-off capacity,concurrency,32.0,1,73.539,1386,1354,32,,ok
concurrency 32 - repeat 1,flow-control-off capacity,concurrency,32.0,1,74.0,1401,1369,32,,ok
concurrency 32 - repeat 1,flow-control-off capacity,concurrency,32.0,1,74.515,1414,1382,32,,ok
concurrency 32 - repeat 1,flow-control-off capacity,concurrency,32.0,1,75.044,1418,1386,32,,ok
concurrency 32 - repeat 1,flow-control-off capacity,concurrency,32.0,1,75.502,1433,1401,32,,ok
concurrency 32 - repeat 1,flow-control-off capacity,concurrency,32.0,1,76.01,1450,1418,32,,ok
concurrency 32 - repeat 1,flow-control-off capacity,concurrency,32.0,1,76.522,1464,1432,32,,ok
concurrency 32 - repeat 1,flow-control-off capacity,concurrency,32.0,1,77.033,1465,1446,19,,ok
concurrency 32 - repeat 1,flow-control-off capacity,concurrency,32.0,1,77.547,1482,1450,32,,ok
concurrency 32 - repeat 1,flow-control-off capacity,concurrency,32.0,1,78.006,1497,1465,32,,ok
concurrency 32 - repeat 1,flow-control-off capacity,concurrency,32.0,1,78.524,1510,1478,32,,ok
concurrency 32 - repeat 1,flow-control-off capacity,concurrency,32.0,1,79.038,1514,1482,32,,ok
concurrency 32 - repeat 1,flow-control-off capacity,concurrency,32.0,1,79.507,1529,1497,32,,ok
concurrency 32 - repeat 1,flow-control-off capacity,concurrency,32.0,1,80.021,1542,1510,32,,ok
concurrency 32 - repeat 1,flow-control-off capacity,concurrency,32.0,1,80.529,1546,1514,32,,ok
concurrency 32 - repeat 1,flow-control-off capacity,concurrency,32.0,1,81.039,1561,1529,32,,ok
concurrency 32 - repeat 1,flow-control-off capacity,concurrency,32.0,1,81.502,1578,1546,32,,ok
concurrency 32 - repeat 1,flow-control-off capacity,concurrency,32.0,1,82.012,1578,1551,27,,ok
concurrency 32 - repeat 1,flow-control-off capacity,concurrency,32.0,1,82.53,1593,1561,32,,ok
concurrency 32 - repeat 1,flow-control-off capacity,concurrency,32.0,1,83.04,1610,1578,32,,ok
concurrency 32 - repeat 1,flow-control-off capacity,concurrency,32.0,1,83.552,1625,1593,32,,ok
concurrency 32 - repeat 1,flow-control-off capacity,concurrency,32.0,1,84.01,1625,1610,15,,ok
concurrency 32 - repeat 1,flow-control-off capacity,concurrency,32.0,1,84.538,1642,1610,32,,ok
concurrency 32 - repeat 1,flow-control-off capacity,concurrency,32.0,1,85.02,1657,1625,32,,ok
concurrency 32 - repeat 1,flow-control-off capacity,concurrency,32.0,1,85.533,1674,1642,32,,ok
concurrency 32 - repeat 1,flow-control-off capacity,concurrency,32.0,1,86.04,1689,1657,32,,ok
concurrency 32 - repeat 1,flow-control-off capacity,concurrency,32.0,1,86.549,1689,1657,32,,ok
concurrency 32 - repeat 1,flow-control-off capacity,concurrency,32.0,1,87.007,1706,1674,32,,ok
concurrency 32 - repeat 1,flow-control-off capacity,concurrency,32.0,1,87.516,1721,1689,32,,ok
concurrency 32 - repeat 1,flow-control-off capacity,concurrency,32.0,1,88.023,1721,1692,29,,ok
concurrency 32 - repeat 1,flow-control-off capacity,concurrency,32.0,1,88.534,1738,1706,32,,ok
concurrency 32 - repeat 1,flow-control-off capacity,concurrency,32.0,1,89.043,1753,1721,32,,ok
concurrency 32 - repeat 1,flow-control-off capacity,concurrency,32.0,1,89.5,1756,1738,18,,ok
concurrency 32 - repeat 1,flow-control-off capacity,concurrency,32.0,1,90.01,1770,1738,32,,ok
concurrency 32 - repeat 1,flow-control-off capacity,concurrency,32.0,1,90.516,1785,1753,32,,ok
concurrency 32 - repeat 1,flow-control-off capacity,concurrency,32.0,1,91.031,1802,1770,32,,ok
concurrency 32 - repeat 1,flow-control-off capacity,concurrency,32.0,1,91.542,1817,1785,32,,ok
concurrency 32 - repeat 1,flow-control-off capacity,concurrency,32.0,1,92.013,1817,1785,32,,ok
concurrency 32 - repeat 1,flow-control-off capacity,concurrency,32.0,1,92.531,1834,1802,32,,ok
concurrency 32 - repeat 1,flow-control-off capacity,concurrency,32.0,1,93.041,1849,1817,32,,ok
concurrency 32 - repeat 1,flow-control-off capacity,concurrency,32.0,1,93.505,1849,1822,27,,ok
concurrency 32 - repeat 1,flow-control-off capacity,concurrency,32.0,1,94.028,1866,1834,32,,ok
concurrency 32 - repeat 1,flow-control-off capacity,concurrency,32.0,1,94.545,1881,1849,32,,ok
concurrency 32 - repeat 1,flow-control-off capacity,concurrency,32.0,1,95.016,1883,1864,19,,ok
concurrency 32 - repeat 1,flow-control-off capacity,concurrency,32.0,1,95.538,1898,1878,20,,ok
concurrency 32 - repeat 1,flow-control-off capacity,concurrency,32.0,1,96.047,1913,1881,32,,ok
concurrency 32 - repeat 1,flow-control-off capacity,concurrency,32.0,1,96.536,1930,1898,32,,ok
concurrency 32 - repeat 1,flow-control-off capacity,concurrency,32.0,1,97.048,1942,1910,32,,ok
concurrency 32 - repeat 1,flow-control-off capacity,concurrency,32.0,1,97.503,1945,1913,32,,ok
concurrency 32 - repeat 1,flow-control-off capacity,concurrency,32.0,1,98.015,1962,1930,32,,ok
concurrency 32 - repeat 1,flow-control-off capacity,concurrency,32.0,1,98.528,1976,1944,32,,ok
concurrency 32 - repeat 1,flow-control-off capacity,concurrency,32.0,1,99.04,1977,1962,15,,ok
concurrency 32 - repeat 1,flow-control-off capacity,concurrency,32.0,1,99.551,2005,1975,30,,ok
concurrency 32 - repeat 1,flow-control-off capacity,concurrency,32.0,1,100.025,2008,1977,31,,ok
concurrency 32 - repeat 1,flow-control-off capacity,concurrency,32.0,1,100.537,2026,1994,32,,ok
concurrency 32 - repeat 1,flow-control-off capacity,concurrency,32.0,1,101.051,2040,2008,32,,ok
concurrency 32 - repeat 1,flow-control-off capacity,concurrency,32.0,1,101.511,2041,2009,32,,ok
concurrency 32 - repeat 1,flow-control-off capacity,concurrency,32.0,1,102.027,2058,2026,32,,ok
concurrency 32 - repeat 1,flow-control-off capacity,concurrency,32.0,1,102.501,2072,2040,32,,ok
concurrency 32 - repeat 1,flow-control-off capacity,concurrency,32.0,1,103.014,2073,2041,32,,ok
concurrency 32 - repeat 1,flow-control-off capacity,concurrency,32.0,1,103.524,2103,2071,32,,ok
concurrency 32 - repeat 1,flow-control-off capacity,concurrency,32.0,1,104.036,2105,2073,32,,ok
concurrency 32 - repeat 1,flow-control-off capacity,concurrency,32.0,1,104.547,2122,2090,32,,ok
concurrency 32 - repeat 1,flow-control-off capacity,concurrency,32.0,1,105.017,2136,2104,32,,ok
concurrency 32 - repeat 1,flow-control-off capacity,concurrency,32.0,1,105.53,2137,2105,32,,ok
concurrency 32 - repeat 1,flow-control-off capacity,concurrency,32.0,1,106.042,2154,2136,18,,ok
concurrency 32 - repeat 1,flow-control-off capacity,concurrency,32.0,1,106.501,2168,2136,32,,ok
concurrency 32 - repeat 1,flow-control-off capacity,concurrency,32.0,1,107.01,2169,2137,32,,ok
concurrency 32 - repeat 1,flow-control-off capacity,concurrency,32.0,1,107.525,2200,2168,32,,ok
concurrency 32 - repeat 1,flow-control-off capacity,concurrency,32.0,1,108.038,2201,2169,32,,ok
concurrency 32 - repeat 1,flow-control-off capacity,concurrency,32.0,1,108.55,2232,2200,32,,ok
concurrency 32 - repeat 1,flow-control-off capacity,concurrency,32.0,1,109.008,2232,2200,32,,ok
concurrency 32 - repeat 1,flow-control-off capacity,concurrency,32.0,1,109.533,2233,2201,32,,ok
concurrency 32 - repeat 1,flow-control-off capacity,concurrency,32.0,1,110.051,2264,2232,32,,ok
concurrency 32 - repeat 1,flow-control-off capacity,concurrency,32.0,1,110.508,2265,2233,32,,ok
concurrency 32 - repeat 1,flow-control-off capacity,concurrency,32.0,1,111.031,2266,2234,32,,ok
concurrency 32 - repeat 1,flow-control-off capacity,concurrency,32.0,1,111.54,2296,2264,32,,ok
concurrency 32 - repeat 1,flow-control-off capacity,concurrency,32.0,1,112.049,2297,2265,32,,ok
concurrency 32 - repeat 1,flow-control-off capacity,concurrency,32.0,1,112.51,2328,2296,32,,ok
concurrency 32 - repeat 1,flow-control-off capacity,concurrency,32.0,1,113.016,2328,2296,32,,ok
concurrency 32 - repeat 1,flow-control-off capacity,concurrency,32.0,1,113.529,2329,2297,32,,ok
concurrency 32 - repeat 1,flow-control-off capacity,concurrency,32.0,1,114.042,2360,2328,32,,ok
concurrency 32 - repeat 1,flow-control-off capacity,concurrency,32.0,1,114.523,2361,2329,32,,ok
concurrency 32 - repeat 1,flow-control-off capacity,concurrency,32.0,1,115.043,2363,2331,32,,ok
concurrency 32 - repeat 1,flow-control-off capacity,concurrency,32.0,1,115.526,2392,2360,32,,ok
concurrency 32 - repeat 1,flow-control-off capacity,concurrency,32.0,1,116.034,2393,2361,32,,ok
concurrency 32 - repeat 1,flow-control-off capacity,concurrency,32.0,1,116.507,2395,2385,10,,ok
concurrency 32 - repeat 1,flow-control-off capacity,concurrency,32.0,1,117.029,2425,2393,32,,ok
concurrency 32 - repeat 1,flow-control-off capacity,concurrency,32.0,1,117.537,2426,2395,31,,ok
concurrency 32 - repeat 1,flow-control-off capacity,concurrency,32.0,1,118.046,2457,2425,32,,ok
concurrency 32 - repeat 1,flow-control-off capacity,concurrency,32.0,1,118.501,2457,2425,32,,ok
concurrency 32 - repeat 1,flow-control-off capacity,concurrency,32.0,1,119.009,2459,2427,32,,ok
concurrency 32 - repeat 1,flow-control-off capacity,concurrency,32.0,1,119.529,2489,2457,32,,ok
concurrency 32 - repeat 1,flow-control-off capacity,concurrency,32.0,1,120.051,2489,2459,30,,ok
concurrency 32 - repeat 1,flow-control-off capacity,concurrency,32.0,1,120.508,2491,2489,2,,ok
concurrency 32 - repeat 1,flow-control-off capacity,concurrency,32.0,1,121.022,2521,2489,32,,ok
concurrency 32 - repeat 1,flow-control-off capacity,concurrency,32.0,1,121.534,2523,2491,32,,ok
concurrency 32 - repeat 1,flow-control-off capacity,concurrency,32.0,1,122.042,2553,2521,32,,ok
concurrency 32 - repeat 1,flow-control-off capacity,concurrency,32.0,1,122.504,2553,2521,32,,ok
concurrency 32 - repeat 1,flow-control-off capacity,concurrency,32.0,1,123.015,2555,2523,32,,ok
concurrency 32 - repeat 1,flow-control-off capacity,concurrency,32.0,1,123.534,2585,2553,32,,ok
concurrency 32 - repeat 1,flow-control-off capacity,concurrency,32.0,1,124.0,2587,2555,32,,ok
concurrency 32 - repeat 1,flow-control-off capacity,concurrency,32.0,1,124.531,2587,2585,2,,ok
concurrency 32 - repeat 1,flow-control-off capacity,concurrency,32.0,1,125.046,2617,2586,31,,ok
concurrency 32 - repeat 1,flow-control-off capacity,concurrency,32.0,1,125.516,2619,2587,32,,ok
concurrency 32 - repeat 1,flow-control-off capacity,concurrency,32.0,1,126.036,2649,2618,31,,ok
concurrency 32 - repeat 1,flow-control-off capacity,concurrency,32.0,1,126.548,2650,2618,32,,ok
concurrency 32 - repeat 1,flow-control-off capacity,concurrency,32.0,1,127.017,2651,2619,32,,ok
concurrency 32 - repeat 1,flow-control-off capacity,concurrency,32.0,1,127.535,2682,2650,32,,ok
concurrency 32 - repeat 1,flow-control-off capacity,concurrency,32.0,1,128.046,2683,2651,32,,ok
concurrency 32 - repeat 1,flow-control-off capacity,concurrency,32.0,1,128.505,2683,2651,32,,ok
concurrency 32 - repeat 1,flow-control-off capacity,concurrency,32.0,1,129.019,2715,2683,32,,ok
concurrency 32 - repeat 1,flow-control-off capacity,concurrency,32.0,1,129.543,2715,2683,32,,ok
concurrency 32 - repeat 1,flow-control-off capacity,concurrency,32.0,1,130.015,2747,2715,32,,ok
concurrency 32 - repeat 1,flow-control-off capacity,concurrency,32.0,1,130.551,2747,2715,32,,ok
concurrency 32 - repeat 1,flow-control-off capacity,concurrency,32.0,1,131.047,2747,2715,32,,ok
concurrency 32 - repeat 1,flow-control-off capacity,concurrency,32.0,1,131.514,2779,2747,32,,ok
concurrency 32 - repeat 1,flow-control-off capacity,concurrency,32.0,1,132.022,2779,2747,32,,ok
concurrency 32 - repeat 1,flow-control-off capacity,concurrency,32.0,1,132.531,2781,2779,2,,ok
concurrency 32 - repeat 1,flow-control-off capacity,concurrency,32.0,1,133.04,2811,2779,32,,ok
concurrency 32 - repeat 1,flow-control-off capacity,concurrency,32.0,1,133.548,2811,2779,32,,ok
concurrency 32 - repeat 1,flow-control-off capacity,concurrency,32.0,1,134.015,2843,2811,32,,ok
concurrency 32 - repeat 1,flow-control-off capacity,concurrency,32.0,1,134.543,2843,2811,32,,ok
concurrency 32 - repeat 1,flow-control-off capacity,concurrency,32.0,1,135.016,2843,2811,32,,ok
concurrency 32 - repeat 1,flow-control-off capacity,concurrency,32.0,1,135.531,2875,2843,32,,ok
concurrency 32 - repeat 1,flow-control-off capacity,concurrency,32.0,1,136.049,2875,2843,32,,ok
concurrency 32 - repeat 1,flow-control-off capacity,concurrency,32.0,1,136.507,2907,2875,32,,ok
concurrency 32 - repeat 1,flow-control-off capacity,concurrency,32.0,1,137.038,2907,2875,32,,ok
concurrency 32 - repeat 1,flow-control-off capacity,concurrency,32.0,1,137.548,2907,2875,32,,ok
concurrency 32 - repeat 1,flow-control-off capacity,concurrency,32.0,1,138.019,2939,2907,32,,ok
concurrency 32 - repeat 1,flow-control-off capacity,concurrency,32.0,1,138.539,2939,2907,32,,ok
concurrency 32 - repeat 1,flow-control-off capacity,concurrency,32.0,1,139.049,2939,2939,0,,ok
concurrency 32 - repeat 1,flow-control-off capacity,concurrency,32.0,1,139.515,2971,2939,32,,ok
concurrency 32 - repeat 1,flow-control-off capacity,concurrency,32.0,1,140.023,2971,2939,32,,ok
concurrency 32 - repeat 1,flow-control-off capacity,concurrency,32.0,1,140.536,3003,2971,32,,ok
concurrency 32 - repeat 1,flow-control-off capacity,concurrency,32.0,1,141.014,3003,2971,32,,ok
concurrency 32 - repeat 1,flow-control-off capacity,concurrency,32.0,1,141.542,3003,2971,32,,ok
concurrency 32 - repeat 1,flow-control-off capacity,concurrency,32.0,1,142.004,3035,3003,32,,ok
concurrency 32 - repeat 1,flow-control-off capacity,concurrency,32.0,1,142.514,3035,3003,32,,ok
concurrency 32 - repeat 1,flow-control-off capacity,concurrency,32.0,1,143.022,3035,3003,32,,ok
concurrency 32 - repeat 1,flow-control-off capacity,concurrency,32.0,1,143.534,3067,3035,32,,ok
concurrency 32 - repeat 1,flow-control-off capacity,concurrency,32.0,1,144.045,3067,3035,32,,ok
concurrency 32 - repeat 1,flow-control-off capacity,concurrency,32.0,1,144.525,3099,3067,32,,ok
concurrency 32 - repeat 1,flow-control-off capacity,concurrency,32.0,1,145.003,3099,3067,32,,ok
concurrency 32 - repeat 1,flow-control-off capacity,concurrency,32.0,1,145.516,3099,3067,32,,ok
concurrency 32 - repeat 1,flow-control-off capacity,concurrency,32.0,1,146.027,3131,3099,32,,ok
concurrency 32 - repeat 1,flow-control-off capacity,concurrency,32.0,1,146.542,3131,3099,32,,ok
concurrency 32 - repeat 1,flow-control-off capacity,concurrency,32.0,1,147.025,3132,3102,30,,ok
concurrency 32 - repeat 1,flow-control-off capacity,concurrency,32.0,1,147.542,3163,3131,32,,ok
concurrency 32 - repeat 1,flow-control-off capacity,concurrency,32.0,1,148.048,3163,3131,32,,ok
concurrency 32 - repeat 1,flow-control-off capacity,concurrency,32.0,1,148.509,3195,3163,32,,ok
concurrency 32 - repeat 1,flow-control-off capacity,concurrency,32.0,1,149.025,3195,3163,32,,ok
concurrency 32 - repeat 1,flow-control-off capacity,concurrency,32.0,1,149.538,3195,3164,31,,ok
concurrency 32 - repeat 1,flow-control-off capacity,concurrency,32.0,1,150.05,3227,3195,32,,ok
concurrency 32 - repeat 1,flow-control-off capacity,concurrency,32.0,1,150.505,3227,3195,32,,ok
concurrency 32 - repeat 1,flow-control-off capacity,concurrency,32.0,1,151.013,3228,3227,1,,ok
concurrency 32 - repeat 1,flow-control-off capacity,concurrency,32.0,1,151.527,3259,3227,32,,ok
concurrency 32 - repeat 1,flow-control-off capacity,concurrency,32.0,1,152.036,3260,3228,32,,ok
concurrency 32 - repeat 1,flow-control-off capacity,concurrency,32.0,1,152.503,3291,3259,32,,ok
concurrency 32 - repeat 1,flow-control-off capacity,concurrency,32.0,1,153.013,3291,3259,32,,ok
concurrency 32 - repeat 1,flow-control-off capacity,concurrency,32.0,1,153.522,3292,3260,32,,ok
concurrency 32 - repeat 1,flow-control-off capacity,concurrency,32.0,1,154.037,3323,3291,32,,ok
concurrency 32 - repeat 1,flow-control-off capacity,concurrency,32.0,1,154.521,3324,3292,32,,ok
concurrency 32 - repeat 1,flow-control-off capacity,concurrency,32.0,1,155.019,3324,3296,28,,ok
concurrency 32 - repeat 1,flow-control-off capacity,concurrency,32.0,1,155.543,3355,3323,32,,ok
concurrency 32 - repeat 1,flow-control-off capacity,concurrency,32.0,1,156.018,3356,3324,32,,ok
concurrency 32 - repeat 1,flow-control-off capacity,concurrency,32.0,1,156.528,3387,3355,32,,ok
concurrency 32 - repeat 1,flow-control-off capacity,concurrency,32.0,1,157.047,3387,3355,32,,ok
concurrency 32 - repeat 1,flow-control-off capacity,concurrency,32.0,1,157.504,3388,3356,32,,ok
concurrency 32 - repeat 1,flow-control-off capacity,concurrency,32.0,1,158.022,3388,3356,32,,ok
concurrency 32 - repeat 1,flow-control-off capacity,concurrency,32.0,1,158.53,3420,3388,32,,ok
concurrency 32 - repeat 1,flow-control-off capacity,concurrency,32.0,1,159.037,3420,3388,32,,ok
concurrency 32 - repeat 1,flow-control-off capacity,concurrency,32.0,1,159.545,3452,3420,32,,ok
concurrency 32 - repeat 1,flow-control-off capacity,concurrency,32.0,1,160.022,3452,3420,32,,ok
concurrency 32 - repeat 1,flow-control-off capacity,concurrency,32.0,1,160.536,3452,3421,31,,ok
concurrency 32 - repeat 1,flow-control-off capacity,concurrency,32.0,1,161.043,3484,3452,32,,ok
concurrency 32 - repeat 1,flow-control-off capacity,concurrency,32.0,1,161.516,3484,3452,32,,ok
concurrency 32 - repeat 1,flow-control-off capacity,concurrency,32.0,1,162.024,3485,3453,32,,ok
concurrency 32 - repeat 1,flow-control-off capacity,concurrency,32.0,1,162.536,3516,3484,32,,ok
concurrency 32 - repeat 1,flow-control-off capacity,concurrency,32.0,1,163.006,3517,3485,32,,ok
concurrency 32 - repeat 1,flow-control-off capacity,concurrency,32.0,1,163.516,3548,3516,32,,ok
concurrency 32 - repeat 1,flow-control-off capacity,concurrency,32.0,1,164.032,3548,3516,32,,ok
concurrency 32 - repeat 1,flow-control-off capacity,concurrency,32.0,1,164.549,3549,3517,32,,ok
concurrency 32 - repeat 1,flow-control-off capacity,concurrency,32.0,1,165.027,3580,3548,32,,ok
concurrency 32 - repeat 1,flow-control-off capacity,concurrency,32.0,1,165.546,3581,3549,32,,ok
concurrency 32 - repeat 1,flow-control-off capacity,concurrency,32.0,1,166.006,3581,3549,32,,ok
concurrency 32 - repeat 1,flow-control-off capacity,concurrency,32.0,1,166.521,3612,3580,32,,ok
concurrency 32 - repeat 1,flow-control-off capacity,concurrency,32.0,1,167.038,3613,3581,32,,ok
concurrency 32 - repeat 1,flow-control-off capacity,concurrency,32.0,1,167.543,3644,3612,32,,ok
concurrency 32 - repeat 1,flow-control-off capacity,concurrency,32.0,1,168.004,3645,3613,32,,ok
concurrency 32 - repeat 1,flow-control-off capacity,concurrency,32.0,1,168.509,3645,3613,32,,ok
concurrency 32 - repeat 1,flow-control-off capacity,concurrency,32.0,1,169.025,3676,3644,32,,ok
concurrency 32 - repeat 1,flow-control-off capacity,concurrency,32.0,1,169.535,3677,3645,32,,ok
concurrency 32 - repeat 1,flow-control-off capacity,concurrency,32.0,1,170.044,3677,3664,13,,ok
concurrency 32 - repeat 1,flow-control-off capacity,concurrency,32.0,1,170.504,3709,3677,32,,ok
concurrency 32 - repeat 1,flow-control-off capacity,concurrency,32.0,1,171.021,3709,3677,32,,ok
concurrency 32 - repeat 1,flow-control-off capacity,concurrency,32.0,1,171.537,3741,3709,32,,ok
concurrency 32 - repeat 1,flow-control-off capacity,concurrency,32.0,1,172.048,3741,3709,32,,ok
concurrency 32 - repeat 1,flow-control-off capacity,concurrency,32.0,1,172.51,3741,3709,32,,ok
concurrency 32 - repeat 1,flow-control-off capacity,concurrency,32.0,1,173.035,3773,3741,32,,ok
concurrency 32 - repeat 1,flow-control-off capacity,concurrency,32.0,1,173.545,3773,3741,32,,ok
concurrency 32 - repeat 1,flow-control-off capacity,concurrency,32.0,1,174.005,3805,3773,32,,ok
concurrency 32 - repeat 1,flow-control-off capacity,concurrency,32.0,1,174.529,3805,3773,32,,ok
concurrency 32 - repeat 1,flow-control-off capacity,concurrency,32.0,1,175.022,3805,3773,32,,ok
concurrency 32 - repeat 1,flow-control-off capacity,concurrency,32.0,1,175.549,3837,3805,32,,ok
concurrency 32 - repeat 1,flow-control-off capacity,concurrency,32.0,1,176.01,3837,3805,32,,ok
concurrency 32 - repeat 1,flow-control-off capacity,concurrency,32.0,1,176.519,3837,3809,28,,ok
concurrency 32 - repeat 1,flow-control-off capacity,concurrency,32.0,1,177.033,3869,3837,32,,ok
concurrency 32 - repeat 1,flow-control-off capacity,concurrency,32.0,1,177.542,3869,3837,32,,ok
concurrency 32 - repeat 1,flow-control-off capacity,concurrency,32.0,1,178.001,3901,3869,32,,ok
concurrency 32 - repeat 1,flow-control-off capacity,concurrency,32.0,1,178.515,3901,3869,32,,ok
concurrency 32 - repeat 1,flow-control-off capacity,concurrency,32.0,1,179.023,3901,3869,32,,ok
concurrency 32 - repeat 1,flow-control-off capacity,concurrency,32.0,1,179.537,3933,3901,32,,ok
concurrency 48 - repeat 1,flow-control-off capacity,concurrency,48.0,1,0.0,0,0,0,,ok
concurrency 48 - repeat 1,flow-control-off capacity,concurrency,48.0,1,0.516,1,0,1,,ok
concurrency 48 - repeat 1,flow-control-off capacity,concurrency,48.0,1,1.032,2,0,2,,ok
concurrency 48 - repeat 1,flow-control-off capacity,concurrency,48.0,1,1.542,2,0,2,,ok
concurrency 48 - repeat 1,flow-control-off capacity,concurrency,48.0,1,2.008,4,2,2,,ok
concurrency 48 - repeat 1,flow-control-off capacity,concurrency,48.0,1,2.525,6,3,3,,ok
concurrency 48 - repeat 1,flow-control-off capacity,concurrency,48.0,1,3.036,10,5,5,,ok
concurrency 48 - repeat 1,flow-control-off capacity,concurrency,48.0,1,3.545,14,8,6,,ok
concurrency 48 - repeat 1,flow-control-off capacity,concurrency,48.0,1,4.001,15,10,5,,ok
concurrency 48 - repeat 1,flow-control-off capacity,concurrency,48.0,1,4.507,19,12,7,,ok
concurrency 48 - repeat 1,flow-control-off capacity,concurrency,48.0,1,5.014,24,16,8,,ok
concurrency 48 - repeat 1,flow-control-off capacity,concurrency,48.0,1,5.523,28,19,9,,ok
concurrency 48 - repeat 1,flow-control-off capacity,concurrency,48.0,1,6.032,34,24,10,,ok
concurrency 48 - repeat 1,flow-control-off capacity,concurrency,48.0,1,6.545,37,28,9,,ok
concurrency 48 - repeat 1,flow-control-off capacity,concurrency,48.0,1,7.006,43,33,10,,ok
concurrency 48 - repeat 1,flow-control-off capacity,concurrency,48.0,1,7.535,49,37,12,,ok
concurrency 48 - repeat 1,flow-control-off capacity,concurrency,48.0,1,8.021,55,42,13,,ok
concurrency 48 - repeat 1,flow-control-off capacity,concurrency,48.0,1,8.533,63,49,14,,ok
concurrency 48 - repeat 1,flow-control-off capacity,concurrency,48.0,1,9.0,67,53,14,,ok
concurrency 48 - repeat 1,flow-control-off capacity,concurrency,48.0,1,9.509,72,57,15,,ok
concurrency 48 - repeat 1,flow-control-off capacity,concurrency,48.0,1,10.018,79,64,15,,ok
concurrency 48 - repeat 1,flow-control-off capacity,concurrency,48.0,1,10.529,89,72,17,,ok
concurrency 48 - repeat 1,flow-control-off capacity,concurrency,48.0,1,11.046,94,76,18,,ok
concurrency 48 - repeat 1,flow-control-off capacity,concurrency,48.0,1,11.502,101,83,18,,ok
concurrency 48 - repeat 1,flow-control-off capacity,concurrency,48.0,1,12.009,108,89,19,,ok
concurrency 48 - repeat 1,flow-control-off capacity,concurrency,48.0,1,12.534,121,101,20,,ok
concurrency 48 - repeat 1,flow-control-off capacity,concurrency,48.0,1,13.044,129,108,21,,ok
concurrency 48 - repeat 1,flow-control-off capacity,concurrency,48.0,1,13.502,130,108,22,,ok
concurrency 48 - repeat 1,flow-control-off capacity,concurrency,48.0,1,14.026,143,121,22,,ok
concurrency 48 - repeat 1,flow-control-off capacity,concurrency,48.0,1,14.543,152,129,23,,ok
concurrency 48 - repeat 1,flow-control-off capacity,concurrency,48.0,1,15.052,167,143,24,,ok
concurrency 48 - repeat 1,flow-control-off capacity,concurrency,48.0,1,15.512,168,143,25,,ok
concurrency 48 - repeat 1,flow-control-off capacity,concurrency,48.0,1,16.035,178,152,26,,ok
concurrency 48 - repeat 1,flow-control-off capacity,concurrency,48.0,1,16.544,193,167,26,,ok
concurrency 48 - repeat 1,flow-control-off capacity,concurrency,48.0,1,17.002,204,177,27,,ok
concurrency 48 - repeat 1,flow-control-off capacity,concurrency,48.0,1,17.528,219,193,26,,ok
concurrency 48 - repeat 1,flow-control-off capacity,concurrency,48.0,1,18.013,222,193,29,,ok
concurrency 48 - repeat 1,flow-control-off capacity,concurrency,48.0,1,18.521,234,204,30,,ok
concurrency 48 - repeat 1,flow-control-off capacity,concurrency,48.0,1,19.03,251,221,30,,ok
concurrency 48 - repeat 1,flow-control-off capacity,concurrency,48.0,1,19.543,253,222,31,,ok
concurrency 48 - repeat 1,flow-control-off capacity,concurrency,48.0,1,20.016,265,233,32,,ok
concurrency 48 - repeat 1,flow-control-off capacity,concurrency,48.0,1,20.53,284,251,33,,ok
concurrency 48 - repeat 1,flow-control-off capacity,concurrency,48.0,1,21.039,285,251,34,,ok
concurrency 48 - repeat 1,flow-control-off capacity,concurrency,48.0,1,21.549,298,264,34,,ok
concurrency 48 - repeat 1,flow-control-off capacity,concurrency,48.0,1,22.021,311,284,27,,ok
concurrency 48 - repeat 1,flow-control-off capacity,concurrency,48.0,1,22.533,320,284,36,,ok
concurrency 48 - repeat 1,flow-control-off capacity,concurrency,48.0,1,23.042,335,298,37,,ok
concurrency 48 - repeat 1,flow-control-off capacity,concurrency,48.0,1,23.503,338,319,19,,ok
concurrency 48 - repeat 1,flow-control-off capacity,concurrency,48.0,1,24.019,357,320,37,,ok
concurrency 48 - repeat 1,flow-control-off capacity,concurrency,48.0,1,24.535,374,335,39,,ok
concurrency 48 - repeat 1,flow-control-off capacity,concurrency,48.0,1,25.009,377,337,40,,ok
concurrency 48 - repeat 1,flow-control-off capacity,concurrency,48.0,1,25.52,398,357,41,,ok
concurrency 48 - repeat 1,flow-control-off capacity,concurrency,48.0,1,26.044,407,365,42,,ok
concurrency 48 - repeat 1,flow-control-off capacity,concurrency,48.0,1,26.505,417,375,42,,ok
concurrency 48 - repeat 1,flow-control-off capacity,concurrency,48.0,1,27.033,440,397,43,,ok
concurrency 48 - repeat 1,flow-control-off capacity,concurrency,48.0,1,27.544,450,406,44,,ok
concurrency 48 - repeat 1,flow-control-off capacity,concurrency,48.0,1,28.031,462,417,45,,ok
concurrency 48 - repeat 1,flow-control-off capacity,concurrency,48.0,1,28.538,486,440,46,,ok
concurrency 48 - repeat 1,flow-control-off capacity,concurrency,48.0,1,29.051,496,450,46,,ok
concurrency 48 - repeat 1,flow-control-off capacity,concurrency,48.0,1,29.507,508,462,46,,ok
concurrency 48 - repeat 1,flow-control-off capacity,concurrency,48.0,1,30.034,533,485,48,,ok
concurrency 48 - repeat 1,flow-control-off capacity,concurrency,48.0,1,30.501,544,496,48,,ok
concurrency 48 - repeat 1,flow-control-off capacity,concurrency,48.0,1,31.013,557,509,48,,ok
concurrency 48 - repeat 1,flow-control-off capacity,concurrency,48.0,1,31.524,581,533,48,,ok
concurrency 48 - repeat 1,flow-control-off capacity,concurrency,48.0,1,32.039,592,544,48,,ok
concurrency 48 - repeat 1,flow-control-off capacity,concurrency,48.0,1,32.55,605,557,48,,ok
concurrency 48 - repeat 1,flow-control-off capacity,concurrency,48.0,1,33.023,629,581,48,,ok
concurrency 48 - repeat 1,flow-control-off capacity,concurrency,48.0,1,33.544,629,581,48,,ok
concurrency 48 - repeat 1,flow-control-off capacity,concurrency,48.0,1,34.004,640,592,48,,ok
concurrency 48 - repeat 1,flow-control-off capacity,concurrency,48.0,1,34.521,653,605,48,,ok
concurrency 48 - repeat 1,flow-control-off capacity,concurrency,48.0,1,35.037,677,629,48,,ok
concurrency 48 - repeat 1,flow-control-off capacity,concurrency,48.0,1,35.552,688,640,48,,ok
concurrency 48 - repeat 1,flow-control-off capacity,concurrency,48.0,1,36.01,701,653,48,,ok
concurrency 48 - repeat 1,flow-control-off capacity,concurrency,48.0,1,36.524,725,677,48,,ok
concurrency 48 - repeat 1,flow-control-off capacity,concurrency,48.0,1,37.036,736,688,48,,ok
concurrency 48 - repeat 1,flow-control-off capacity,concurrency,48.0,1,37.511,749,701,48,,ok
concurrency 48 - repeat 1,flow-control-off capacity,concurrency,48.0,1,38.028,773,725,48,,ok
concurrency 48 - repeat 1,flow-control-off capacity,concurrency,48.0,1,38.502,784,736,48,,ok
concurrency 48 - repeat 1,flow-control-off capacity,concurrency,48.0,1,39.024,797,749,48,,ok
concurrency 48 - repeat 1,flow-control-off capacity,concurrency,48.0,1,39.534,797,773,24,,ok
concurrency 48 - repeat 1,flow-control-off capacity,concurrency,48.0,1,40.048,832,784,48,,ok
concurrency 48 - repeat 1,flow-control-off capacity,concurrency,48.0,1,40.514,845,797,48,,ok
concurrency 48 - repeat 1,flow-control-off capacity,concurrency,48.0,1,41.026,845,797,48,,ok
concurrency 48 - repeat 1,flow-control-off capacity,concurrency,48.0,1,41.537,870,832,38,,ok
concurrency 48 - repeat 1,flow-control-off capacity,concurrency,48.0,1,42.045,892,844,48,,ok
concurrency 48 - repeat 1,flow-control-off capacity,concurrency,48.0,1,42.509,893,845,48,,ok
concurrency 48 - repeat 1,flow-control-off capacity,concurrency,48.0,1,43.041,918,880,38,,ok
concurrency 48 - repeat 1,flow-control-off capacity,concurrency,48.0,1,43.503,928,882,46,,ok
concurrency 48 - repeat 1,flow-control-off capacity,concurrency,48.0,1,44.015,941,893,48,,ok
concurrency 48 - repeat 1,flow-control-off capacity,concurrency,48.0,1,44.531,965,917,48,,ok
concurrency 48 - repeat 1,flow-control-off capacity,concurrency,48.0,1,45.047,966,928,38,,ok
concurrency 48 - repeat 1,flow-control-off capacity,concurrency,48.0,1,45.508,976,930,46,,ok
concurrency 48 - repeat 1,flow-control-off capacity,concurrency,48.0,1,46.02,989,941,48,,ok
concurrency 48 - repeat 1,flow-control-off capacity,concurrency,48.0,1,46.53,1013,966,47,,ok
concurrency 48 - repeat 1,flow-control-off capacity,concurrency,48.0,1,47.002,1024,976,48,,ok
concurrency 48 - repeat 1,flow-control-off capacity,concurrency,48.0,1,47.546,1037,989,48,,ok
concurrency 48 - repeat 1,flow-control-off capacity,concurrency,48.0,1,48.006,1062,1014,48,,ok
concurrency 48 - repeat 1,flow-control-off capacity,concurrency,48.0,1,48.527,1072,1024,48,,ok
concurrency 48 - repeat 1,flow-control-off capacity,concurrency,48.0,1,49.034,1085,1037,48,,ok
concurrency 48 - repeat 1,flow-control-off capacity,concurrency,48.0,1,49.546,1110,1062,48,,ok
concurrency 48 - repeat 1,flow-control-off capacity,concurrency,48.0,1,50.006,1120,1072,48,,ok
concurrency 48 - repeat 1,flow-control-off capacity,concurrency,48.0,1,50.525,1133,1085,48,,ok
concurrency 48 - repeat 1,flow-control-off capacity,concurrency,48.0,1,51.037,1158,1120,38,,ok
concurrency 48 - repeat 1,flow-control-off capacity,concurrency,48.0,1,51.501,1168,1120,48,,ok
concurrency 48 - repeat 1,flow-control-off capacity,concurrency,48.0,1,52.01,1181,1133,48,,ok
concurrency 48 - repeat 1,flow-control-off capacity,concurrency,48.0,1,52.522,1181,1158,23,,ok
concurrency 48 - repeat 1,flow-control-off capacity,concurrency,48.0,1,53.013,1216,1168,48,,ok
concurrency 48 - repeat 1,flow-control-off capacity,concurrency,48.0,1,53.524,1229,1181,48,,ok
concurrency 48 - repeat 1,flow-control-off capacity,concurrency,48.0,1,54.0,1229,1181,48,,ok
concurrency 48 - repeat 1,flow-control-off capacity,concurrency,48.0,1,54.515,1264,1216,48,,ok
concurrency 48 - repeat 1,flow-control-off capacity,concurrency,48.0,1,55.032,1277,1229,48,,ok
concurrency 48 - repeat 1,flow-control-off capacity,concurrency,48.0,1,55.544,1277,1258,19,,ok
concurrency 48 - repeat 1,flow-control-off capacity,concurrency,48.0,1,56.004,1312,1264,48,,ok
concurrency 48 - repeat 1,flow-control-off capacity,concurrency,48.0,1,56.527,1312,1277,35,,ok
concurrency 48 - repeat 1,flow-control-off capacity,concurrency,48.0,1,57.036,1325,1277,48,,ok
concurrency 48 - repeat 1,flow-control-off capacity,concurrency,48.0,1,57.508,1360,1312,48,,ok
concurrency 48 - repeat 1,flow-control-off capacity,concurrency,48.0,1,58.001,1360,1312,48,,ok
concurrency 48 - repeat 1,flow-control-off capacity,concurrency,48.0,1,58.507,1373,1325,48,,ok
concurrency 48 - repeat 1,flow-control-off capacity,concurrency,48.0,1,59.017,1373,1360,13,,ok
concurrency 48 - repeat 1,flow-control-off capacity,concurrency,48.0,1,59.53,1408,1360,48,,ok
concurrency 48 - repeat 1,flow-control-off capacity,concurrency,48.0,1,60.0,1421,1373,48,,ok
concurrency 48 - repeat 1,flow-control-off capacity,concurrency,48.0,1,60.509,1421,1373,48,,ok
concurrency 48 - repeat 1,flow-control-off capacity,concurrency,48.0,1,61.022,1456,1408,48,,ok
concurrency 48 - repeat 1,flow-control-off capacity,concurrency,48.0,1,61.545,1469,1421,48,,ok
concurrency 48 - repeat 1,flow-control-off capacity,concurrency,48.0,1,62.01,1469,1421,48,,ok
concurrency 48 - repeat 1,flow-control-off capacity,concurrency,48.0,1,62.517,1504,1456,48,,ok
concurrency 48 - repeat 1,flow-control-off capacity,concurrency,48.0,1,63.027,1517,1469,48,,ok
concurrency 48 - repeat 1,flow-control-off capacity,concurrency,48.0,1,63.537,1517,1469,48,,ok
concurrency 48 - repeat 1,flow-control-off capacity,concurrency,48.0,1,64.01,1552,1504,48,,ok
concurrency 48 - repeat 1,flow-control-off capacity,concurrency,48.0,1,64.535,1565,1517,48,,ok
concurrency 48 - repeat 1,flow-control-off capacity,concurrency,48.0,1,65.05,1565,1517,48,,ok
concurrency 48 - repeat 1,flow-control-off capacity,concurrency,48.0,1,65.515,1600,1552,48,,ok
concurrency 48 - repeat 1,flow-control-off capacity,concurrency,48.0,1,66.027,1613,1565,48,,ok
concurrency 48 - repeat 1,flow-control-off capacity,concurrency,48.0,1,66.502,1613,1565,48,,ok
concurrency 48 - repeat 1,flow-control-off capacity,concurrency,48.0,1,67.023,1613,1600,13,,ok
concurrency 48 - repeat 1,flow-control-off capacity,concurrency,48.0,1,67.547,1653,1613,40,,ok
concurrency 48 - repeat 1,flow-control-off capacity,concurrency,48.0,1,68.032,1661,1613,48,,ok
concurrency 48 - repeat 1,flow-control-off capacity,concurrency,48.0,1,68.5,1661,1613,48,,ok
concurrency 48 - repeat 1,flow-control-off capacity,concurrency,48.0,1,69.014,1701,1653,48,,ok
concurrency 48 - repeat 1,flow-control-off capacity,concurrency,48.0,1,69.529,1709,1661,48,,ok
concurrency 48 - repeat 1,flow-control-off capacity,concurrency,48.0,1,70.036,1709,1661,48,,ok
concurrency 48 - repeat 1,flow-control-off capacity,concurrency,48.0,1,70.545,1749,1701,48,,ok
concurrency 48 - repeat 1,flow-control-off capacity,concurrency,48.0,1,71.005,1757,1709,48,,ok
concurrency 48 - repeat 1,flow-control-off capacity,concurrency,48.0,1,71.515,1757,1709,48,,ok
concurrency 48 - repeat 1,flow-control-off capacity,concurrency,48.0,1,72.026,1805,1757,48,,ok
concurrency 48 - repeat 1,flow-control-off capacity,concurrency,48.0,1,72.502,1805,1757,48,,ok
concurrency 48 - repeat 1,flow-control-off capacity,concurrency,48.0,1,73.008,1805,1757,48,,ok
concurrency 48 - repeat 1,flow-control-off capacity,concurrency,48.0,1,73.52,1805,1758,47,,ok
concurrency 48 - repeat 1,flow-control-off capacity,concurrency,48.0,1,74.038,1853,1805,48,,ok
concurrency 48 - repeat 1,flow-control-off capacity,concurrency,48.0,1,74.547,1853,1805,48,,ok
concurrency 48 - repeat 1,flow-control-off capacity,concurrency,48.0,1,75.022,1854,1806,48,,ok
concurrency 48 - repeat 1,flow-control-off capacity,concurrency,48.0,1,75.537,1901,1853,48,,ok
concurrency 48 - repeat 1,flow-control-off capacity,concurrency,48.0,1,76.045,1901,1853,48,,ok
concurrency 48 - repeat 1,flow-control-off capacity,concurrency,48.0,1,76.505,1902,1854,48,,ok
concurrency 48 - repeat 1,flow-control-off capacity,concurrency,48.0,1,77.027,1949,1901,48,,ok
concurrency 48 - repeat 1,flow-control-off capacity,concurrency,48.0,1,77.535,1949,1901,48,,ok
concurrency 48 - repeat 1,flow-control-off capacity,concurrency,48.0,1,78.05,1950,1921,29,,ok
concurrency 48 - repeat 1,flow-control-off capacity,concurrency,48.0,1,78.511,1997,1949,48,,ok
concurrency 48 - repeat 1,flow-control-off capacity,concurrency,48.0,1,79.031,1997,1949,48,,ok
concurrency 48 - repeat 1,flow-control-off capacity,concurrency,48.0,1,79.542,1998,1950,48,,ok
concurrency 48 - repeat 1,flow-control-off capacity,concurrency,48.0,1,80.001,2045,1997,48,,ok
concurrency 48 - repeat 1,flow-control-off capacity,concurrency,48.0,1,80.512,2045,1997,48,,ok
concurrency 48 - repeat 1,flow-control-off capacity,concurrency,48.0,1,81.019,2046,1998,48,,ok
concurrency 48 - repeat 1,flow-control-off capacity,concurrency,48.0,1,81.534,2093,2045,48,,ok
concurrency 48 - repeat 1,flow-control-off capacity,concurrency,48.0,1,82.042,2093,2045,48,,ok
concurrency 48 - repeat 1,flow-control-off capacity,concurrency,48.0,1,82.5,2094,2046,48,,ok
concurrency 48 - repeat 1,flow-control-off capacity,concurrency,48.0,1,83.012,2141,2093,48,,ok
concurrency 48 - repeat 1,flow-control-off capacity,concurrency,48.0,1,83.523,2141,2094,47,,ok
concurrency 48 - repeat 1,flow-control-off capacity,concurrency,48.0,1,84.034,2142,2094,48,,ok
concurrency 48 - repeat 1,flow-control-off capacity,concurrency,48.0,1,84.539,2189,2141,48,,ok
concurrency 48 - repeat 1,flow-control-off capacity,concurrency,48.0,1,85.005,2190,2142,48,,ok
concurrency 48 - repeat 1,flow-control-off capacity,concurrency,48.0,1,85.511,2190,2142,48,,ok
concurrency 48 - repeat 1,flow-control-off capacity,concurrency,48.0,1,86.022,2238,2190,48,,ok
concurrency 48 - repeat 1,flow-control-off capacity,concurrency,48.0,1,86.55,2238,2190,48,,ok
concurrency 48 - repeat 1,flow-control-off capacity,concurrency,48.0,1,87.008,2238,2190,48,,ok
concurrency 48 - repeat 1,flow-control-off capacity,concurrency,48.0,1,87.508,2286,2238,48,,ok
concurrency 48 - repeat 1,flow-control-off capacity,concurrency,48.0,1,88.025,2286,2238,48,,ok
concurrency 48 - repeat 1,flow-control-off capacity,concurrency,48.0,1,88.532,2286,2238,48,,ok
concurrency 48 - repeat 1,flow-control-off capacity,concurrency,48.0,1,89.041,2290,2286,4,,ok
concurrency 48 - repeat 1,flow-control-off capacity,concurrency,48.0,1,89.502,2334,2286,48,,ok
concurrency 48 - repeat 1,flow-control-off capacity,concurrency,48.0,1,90.01,2334,2286,48,,ok
concurrency 48 - repeat 1,flow-control-off capacity,concurrency,48.0,1,90.519,2334,2286,48,,ok
concurrency 48 - repeat 1,flow-control-off capacity,concurrency,48.0,1,91.036,2382,2334,48,,ok
concurrency 48 - repeat 1,flow-control-off capacity,concurrency,48.0,1,91.502,2382,2334,48,,ok
concurrency 48 - repeat 1,flow-control-off capacity,concurrency,48.0,1,92.01,2382,2334,48,,ok
concurrency 48 - repeat 1,flow-control-off capacity,concurrency,48.0,1,92.52,2430,2382,48,,ok
concurrency 48 - repeat 1,flow-control-off capacity,concurrency,48.0,1,93.006,2430,2382,48,,ok
concurrency 48 - repeat 1,flow-control-off capacity,concurrency,48.0,1,93.518,2430,2382,48,,ok
concurrency 48 - repeat 1,flow-control-off capacity,concurrency,48.0,1,94.034,2478,2430,48,,ok
concurrency 48 - repeat 1,flow-control-off capacity,concurrency,48.0,1,94.549,2478,2430,48,,ok
concurrency 48 - repeat 1,flow-control-off capacity,concurrency,48.0,1,95.006,2478,2430,48,,ok
concurrency 48 - repeat 1,flow-control-off capacity,concurrency,48.0,1,95.516,2526,2478,48,,ok
concurrency 48 - repeat 1,flow-control-off capacity,concurrency,48.0,1,96.026,2526,2478,48,,ok
concurrency 48 - repeat 1,flow-control-off capacity,concurrency,48.0,1,96.534,2528,2480,48,,ok
concurrency 48 - repeat 1,flow-control-off capacity,concurrency,48.0,1,97.045,2574,2526,48,,ok
concurrency 48 - repeat 1,flow-control-off capacity,concurrency,48.0,1,97.524,2574,2526,48,,ok
concurrency 48 - repeat 1,flow-control-off capacity,concurrency,48.0,1,98.002,2576,2528,48,,ok
concurrency 48 - repeat 1,flow-control-off capacity,concurrency,48.0,1,98.511,2622,2574,48,,ok
concurrency 48 - repeat 1,flow-control-off capacity,concurrency,48.0,1,99.026,2622,2574,48,,ok
concurrency 48 - repeat 1,flow-control-off capacity,concurrency,48.0,1,99.537,2624,2576,48,,ok
concurrency 48 - repeat 1,flow-control-off capacity,concurrency,48.0,1,100.046,2624,2622,2,,ok
concurrency 48 - repeat 1,flow-control-off capacity,concurrency,48.0,1,100.507,2670,2622,48,,ok
concurrency 48 - repeat 1,flow-control-off capacity,concurrency,48.0,1,101.022,2672,2624,48,,ok
concurrency 48 - repeat 1,flow-control-off capacity,concurrency,48.0,1,101.529,2672,2624,48,,ok
concurrency 48 - repeat 1,flow-control-off capacity,concurrency,48.0,1,102.041,2720,2672,48,,ok
concurrency 48 - repeat 1,flow-control-off capacity,concurrency,48.0,1,102.55,2720,2672,48,,ok
concurrency 48 - repeat 1,flow-control-off capacity,concurrency,48.0,1,103.005,2720,2672,48,,ok
concurrency 48 - repeat 1,flow-control-off capacity,concurrency,48.0,1,103.523,2768,2720,48,,ok
concurrency 48 - repeat 1,flow-control-off capacity,concurrency,48.0,1,104.033,2768,2720,48,,ok
concurrency 48 - repeat 1,flow-control-off capacity,concurrency,48.0,1,104.541,2768,2720,48,,ok
concurrency 48 - repeat 1,flow-control-off capacity,concurrency,48.0,1,105.013,2816,2768,48,,ok
concurrency 48 - repeat 1,flow-control-off capacity,concurrency,48.0,1,105.525,2816,2768,48,,ok
concurrency 48 - repeat 1,flow-control-off capacity,concurrency,48.0,1,106.008,2816,2768,48,,ok
concurrency 48 - repeat 1,flow-control-off capacity,concurrency,48.0,1,106.541,2864,2816,48,,ok
concurrency 48 - repeat 1,flow-control-off capacity,concurrency,48.0,1,107.01,2864,2816,48,,ok
concurrency 48 - repeat 1,flow-control-off capacity,concurrency,48.0,1,107.513,2864,2816,48,,ok
concurrency 48 - repeat 1,flow-control-off capacity,concurrency,48.0,1,108.033,2912,2864,48,,ok
concurrency 48 - repeat 1,flow-control-off capacity,concurrency,48.0,1,108.546,2912,2864,48,,ok
concurrency 48 - repeat 1,flow-control-off capacity,concurrency,48.0,1,109.009,2912,2864,48,,ok
concurrency 48 - repeat 1,flow-control-off capacity,concurrency,48.0,1,109.538,2912,2864,48,,ok
concurrency 48 - repeat 1,flow-control-off capacity,concurrency,48.0,1,110.009,2959,2912,47,,ok
concurrency 48 - repeat 1,flow-control-off capacity,concurrency,48.0,1,110.52,2960,2912,48,,ok
concurrency 48 - repeat 1,flow-control-off capacity,concurrency,48.0,1,111.026,2960,2912,48,,ok
concurrency 48 - repeat 1,flow-control-off capacity,concurrency,48.0,1,111.538,3008,2960,48,,ok
concurrency 48 - repeat 1,flow-control-off capacity,concurrency,48.0,1,112.049,3008,2960,48,,ok
concurrency 48 - repeat 1,flow-control-off capacity,concurrency,48.0,1,112.51,3008,2960,48,,ok
concurrency 48 - repeat 1,flow-control-off capacity,concurrency,48.0,1,113.02,3056,3008,48,,ok
concurrency 48 - repeat 1,flow-control-off capacity,concurrency,48.0,1,113.536,3056,3008,48,,ok
concurrency 48 - repeat 1,flow-control-off capacity,concurrency,48.0,1,114.045,3056,3008,48,,ok
concurrency 48 - repeat 1,flow-control-off capacity,concurrency,48.0,1,114.507,3104,3056,48,,ok
concurrency 48 - repeat 1,flow-control-off capacity,concurrency,48.0,1,115.024,3104,3056,48,,ok
concurrency 48 - repeat 1,flow-control-off capacity,concurrency,48.0,1,115.538,3104,3056,48,,ok
concurrency 48 - repeat 1,flow-control-off capacity,concurrency,48.0,1,116.001,3152,3104,48,,ok
concurrency 48 - repeat 1,flow-control-off capacity,concurrency,48.0,1,116.522,3152,3104,48,,ok
concurrency 48 - repeat 1,flow-control-off capacity,concurrency,48.0,1,117.03,3152,3104,48,,ok
concurrency 48 - repeat 1,flow-control-off capacity,concurrency,48.0,1,117.545,3200,3152,48,,ok
concurrency 48 - repeat 1,flow-control-off capacity,concurrency,48.0,1,118.016,3200,3152,48,,ok
concurrency 48 - repeat 1,flow-control-off capacity,concurrency,48.0,1,118.531,3200,3152,48,,ok
concurrency 48 - repeat 1,flow-control-off capacity,concurrency,48.0,1,119.004,3248,3200,48,,ok
concurrency 48 - repeat 1,flow-control-off capacity,concurrency,48.0,1,119.523,3248,3200,48,,ok
concurrency 48 - repeat 1,flow-control-off capacity,concurrency,48.0,1,120.041,3248,3200,48,,ok
concurrency 48 - repeat 1,flow-control-off capacity,concurrency,48.0,1,120.551,3296,3248,48,,ok
concurrency 48 - repeat 1,flow-control-off capacity,concurrency,48.0,1,121.014,3296,3248,48,,ok
concurrency 48 - repeat 1,flow-control-off capacity,concurrency,48.0,1,121.522,3296,3248,48,,ok
concurrency 48 - repeat 1,flow-control-off capacity,concurrency,48.0,1,122.031,3296,3248,48,,ok
concurrency 48 - repeat 1,flow-control-off capacity,concurrency,48.0,1,122.548,3344,3296,48,,ok
concurrency 48 - repeat 1,flow-control-off capacity,concurrency,48.0,1,123.002,3344,3296,48,,ok
concurrency 48 - repeat 1,flow-control-off capacity,concurrency,48.0,1,123.509,3344,3296,48,,ok
concurrency 48 - repeat 1,flow-control-off capacity,concurrency,48.0,1,124.045,3392,3344,48,,ok
concurrency 48 - repeat 1,flow-control-off capacity,concurrency,48.0,1,124.527,3392,3344,48,,ok
concurrency 48 - repeat 1,flow-control-off capacity,concurrency,48.0,1,125.034,3392,3344,48,,ok
concurrency 48 - repeat 1,flow-control-off capacity,concurrency,48.0,1,125.507,3440,3392,48,,ok
concurrency 48 - repeat 1,flow-control-off capacity,concurrency,48.0,1,126.023,3440,3392,48,,ok
concurrency 48 - repeat 1,flow-control-off capacity,concurrency,48.0,1,126.5,3440,3392,48,,ok
concurrency 48 - repeat 1,flow-control-off capacity,concurrency,48.0,1,127.023,3488,3440,48,,ok
concurrency 48 - repeat 1,flow-control-off capacity,concurrency,48.0,1,127.506,3488,3440,48,,ok
concurrency 48 - repeat 1,flow-control-off capacity,concurrency,48.0,1,128.018,3488,3440,48,,ok
concurrency 48 - repeat 1,flow-control-off capacity,concurrency,48.0,1,128.527,3536,3488,48,,ok
concurrency 48 - repeat 1,flow-control-off capacity,concurrency,48.0,1,129.039,3536,3488,48,,ok
concurrency 48 - repeat 1,flow-control-off capacity,concurrency,48.0,1,129.549,3536,3488,48,,ok
concurrency 48 - repeat 1,flow-control-off capacity,concurrency,48.0,1,130.01,3584,3536,48,,ok
concurrency 48 - repeat 1,flow-control-off capacity,concurrency,48.0,1,130.535,3584,3536,48,,ok
concurrency 48 - repeat 1,flow-control-off capacity,concurrency,48.0,1,131.04,3585,3537,48,,ok
concurrency 48 - repeat 1,flow-control-off capacity,concurrency,48.0,1,131.549,3632,3584,48,,ok
concurrency 48 - repeat 1,flow-control-off capacity,concurrency,48.0,1,132.012,3632,3584,48,,ok
concurrency 48 - repeat 1,flow-control-off capacity,concurrency,48.0,1,132.527,3633,3585,48,,ok
concurrency 48 - repeat 1,flow-control-off capacity,concurrency,48.0,1,133.033,3635,3587,48,,ok
concurrency 48 - repeat 1,flow-control-off capacity,concurrency,48.0,1,133.545,3680,3632,48,,ok
concurrency 48 - repeat 1,flow-control-off capacity,concurrency,48.0,1,134.013,3681,3633,48,,ok
concurrency 48 - repeat 1,flow-control-off capacity,concurrency,48.0,1,134.545,3682,3635,47,,ok
concurrency 48 - repeat 1,flow-control-off capacity,concurrency,48.0,1,135.004,3729,3681,48,,ok
concurrency 48 - repeat 1,flow-control-off capacity,concurrency,48.0,1,135.512,3729,3681,48,,ok
concurrency 48 - repeat 1,flow-control-off capacity,concurrency,48.0,1,136.019,3730,3682,48,,ok
concurrency 48 - repeat 1,flow-control-off capacity,concurrency,48.0,1,136.529,3777,3729,48,,ok
concurrency 48 - repeat 1,flow-control-off capacity,concurrency,48.0,1,137.041,3777,3729,48,,ok
concurrency 48 - repeat 1,flow-control-off capacity,concurrency,48.0,1,137.519,3779,3731,48,,ok
concurrency 48 - repeat 1,flow-control-off capacity,concurrency,48.0,1,138.048,3825,3777,48,,ok
concurrency 48 - repeat 1,flow-control-off capacity,concurrency,48.0,1,138.517,3825,3777,48,,ok
concurrency 48 - repeat 1,flow-control-off capacity,concurrency,48.0,1,139.032,3827,3779,48,,ok
concurrency 48 - repeat 1,flow-control-off capacity,concurrency,48.0,1,139.503,3873,3825,48,,ok
concurrency 48 - repeat 1,flow-control-off capacity,concurrency,48.0,1,140.03,3874,3826,48,,ok
concurrency 48 - repeat 1,flow-control-off capacity,concurrency,48.0,1,140.501,3875,3827,48,,ok
concurrency 48 - repeat 1,flow-control-off capacity,concurrency,48.0,1,141.01,3921,3873,48,,ok
concurrency 48 - repeat 1,flow-control-off capacity,concurrency,48.0,1,141.526,3922,3874,48,,ok
concurrency 48 - repeat 1,flow-control-off capacity,concurrency,48.0,1,142.034,3923,3875,48,,ok
concurrency 48 - repeat 1,flow-control-off capacity,concurrency,48.0,1,142.544,3969,3921,48,,ok
concurrency 48 - repeat 1,flow-control-off capacity,concurrency,48.0,1,143.007,3970,3923,47,,ok
concurrency 48 - repeat 1,flow-control-off capacity,concurrency,48.0,1,143.521,3971,3923,48,,ok
concurrency 48 - repeat 1,flow-control-off capacity,concurrency,48.0,1,144.03,3972,3924,48,,ok
concurrency 48 - repeat 1,flow-control-off capacity,concurrency,48.0,1,144.545,4019,3971,48,,ok
concurrency 48 - repeat 1,flow-control-off capacity,concurrency,48.0,1,145.006,4020,3972,48,,ok
concurrency 48 - repeat 1,flow-control-off capacity,concurrency,48.0,1,145.517,4020,3972,48,,ok
concurrency 48 - repeat 1,flow-control-off capacity,concurrency,48.0,1,146.029,4067,4019,48,,ok
concurrency 48 - repeat 1,flow-control-off capacity,concurrency,48.0,1,146.535,4068,4020,48,,ok
concurrency 48 - repeat 1,flow-control-off capacity,concurrency,48.0,1,147.042,4068,4020,48,,ok
concurrency 48 - repeat 1,flow-control-off capacity,concurrency,48.0,1,147.518,4116,4068,48,,ok
concurrency 48 - repeat 1,flow-control-off capacity,concurrency,48.0,1,148.006,4116,4068,48,,ok
concurrency 48 - repeat 1,flow-control-off capacity,concurrency,48.0,1,148.513,4116,4068,48,,ok
concurrency 48 - repeat 1,flow-control-off capacity,concurrency,48.0,1,149.04,4164,4116,48,,ok
concurrency 48 - repeat 1,flow-control-off capacity,concurrency,48.0,1,149.513,4164,4116,48,,ok
concurrency 48 - repeat 1,flow-control-off capacity,concurrency,48.0,1,150.017,4164,4116,48,,ok
concurrency 48 - repeat 1,flow-control-off capacity,concurrency,48.0,1,150.531,4212,4164,48,,ok
concurrency 48 - repeat 1,flow-control-off capacity,concurrency,48.0,1,151.043,4212,4164,48,,ok
concurrency 48 - repeat 1,flow-control-off capacity,concurrency,48.0,1,151.509,4212,4164,48,,ok
concurrency 48 - repeat 1,flow-control-off capacity,concurrency,48.0,1,152.024,4260,4212,48,,ok
concurrency 48 - repeat 1,flow-control-off capacity,concurrency,48.0,1,152.547,4260,4212,48,,ok
concurrency 48 - repeat 1,flow-control-off capacity,concurrency,48.0,1,153.016,4260,4212,48,,ok
concurrency 48 - repeat 1,flow-control-off capacity,concurrency,48.0,1,153.532,4281,4260,21,,ok
concurrency 48 - repeat 1,flow-control-off capacity,concurrency,48.0,1,154.05,4308,4260,48,,ok
concurrency 48 - repeat 1,flow-control-off capacity,concurrency,48.0,1,154.516,4308,4260,48,,ok
concurrency 48 - repeat 1,flow-control-off capacity,concurrency,48.0,1,155.024,4313,4265,48,,ok
concurrency 48 - repeat 1,flow-control-off capacity,concurrency,48.0,1,155.539,4356,4308,48,,ok
concurrency 48 - repeat 1,flow-control-off capacity,concurrency,48.0,1,156.049,4356,4308,48,,ok
concurrency 48 - repeat 1,flow-control-off capacity,concurrency,48.0,1,156.512,4357,4309,48,,ok
concurrency 48 - repeat 1,flow-control-off capacity,concurrency,48.0,1,157.026,4404,4356,48,,ok
concurrency 48 - repeat 1,flow-control-off capacity,concurrency,48.0,1,157.547,4404,4357,47,,ok
concurrency 48 - repeat 1,flow-control-off capacity,concurrency,48.0,1,158.026,4405,4357,48,,ok
concurrency 48 - repeat 1,flow-control-off capacity,concurrency,48.0,1,158.541,4452,4404,48,,ok
concurrency 48 - repeat 1,flow-control-off capacity,concurrency,48.0,1,159.05,4453,4405,48,,ok
concurrency 48 - repeat 1,flow-control-off capacity,concurrency,48.0,1,159.535,4453,4405,48,,ok
concurrency 48 - repeat 1,flow-control-off capacity,concurrency,48.0,1,160.048,4501,4453,48,,ok
concurrency 48 - repeat 1,flow-control-off capacity,concurrency,48.0,1,160.524,4501,4453,48,,ok
concurrency 48 - repeat 1,flow-control-off capacity,concurrency,48.0,1,161.032,4501,4453,48,,ok
concurrency 48 - repeat 1,flow-control-off capacity,concurrency,48.0,1,161.543,4549,4501,48,,ok
concurrency 48 - repeat 1,flow-control-off capacity,concurrency,48.0,1,162.004,4549,4501,48,,ok
concurrency 48 - repeat 1,flow-control-off capacity,concurrency,48.0,1,162.517,4549,4501,48,,ok
concurrency 48 - repeat 1,flow-control-off capacity,concurrency,48.0,1,163.04,4597,4549,48,,ok
concurrency 48 - repeat 1,flow-control-off capacity,concurrency,48.0,1,163.551,4597,4549,48,,ok
concurrency 48 - repeat 1,flow-control-off capacity,concurrency,48.0,1,164.01,4597,4549,48,,ok
concurrency 48 - repeat 1,flow-control-off capacity,concurrency,48.0,1,164.524,4598,4597,1,,ok
concurrency 48 - repeat 1,flow-control-off capacity,concurrency,48.0,1,165.038,4645,4597,48,,ok
concurrency 48 - repeat 1,flow-control-off capacity,concurrency,48.0,1,165.545,4645,4597,48,,ok
concurrency 48 - repeat 1,flow-control-off capacity,concurrency,48.0,1,166.014,4646,4598,48,,ok
concurrency 48 - repeat 1,flow-control-off capacity,concurrency,48.0,1,166.528,4693,4645,48,,ok
concurrency 48 - repeat 1,flow-control-off capacity,concurrency,48.0,1,167.038,4693,4645,48,,ok
concurrency 48 - repeat 1,flow-control-off capacity,concurrency,48.0,1,167.522,4694,4646,48,,ok
concurrency 48 - repeat 1,flow-control-off capacity,concurrency,48.0,1,168.024,4741,4693,48,,ok
concurrency 48 - repeat 1,flow-control-off capacity,concurrency,48.0,1,168.531,4741,4694,47,,ok
concurrency 48 - repeat 1,flow-control-off capacity,concurrency,48.0,1,169.05,4742,4694,48,,ok
concurrency 48 - repeat 1,flow-control-off capacity,concurrency,48.0,1,169.506,4789,4741,48,,ok
concurrency 48 - repeat 1,flow-control-off capacity,concurrency,48.0,1,170.02,4790,4742,48,,ok
concurrency 48 - repeat 1,flow-control-off capacity,concurrency,48.0,1,170.538,4790,4742,48,,ok
concurrency 48 - repeat 1,flow-control-off capacity,concurrency,48.0,1,171.047,4838,4790,48,,ok
concurrency 48 - repeat 1,flow-control-off capacity,concurrency,48.0,1,171.504,4838,4790,48,,ok
concurrency 48 - repeat 1,flow-control-off capacity,concurrency,48.0,1,172.014,4838,4790,48,,ok
concurrency 48 - repeat 1,flow-control-off capacity,concurrency,48.0,1,172.529,4886,4838,48,,ok
concurrency 48 - repeat 1,flow-control-off capacity,concurrency,48.0,1,173.002,4886,4838,48,,ok
concurrency 48 - repeat 1,flow-control-off capacity,concurrency,48.0,1,173.516,4886,4838,48,,ok
concurrency 48 - repeat 1,flow-control-off capacity,concurrency,48.0,1,174.027,4934,4886,48,,ok
concurrency 48 - repeat 1,flow-control-off capacity,concurrency,48.0,1,174.539,4934,4886,48,,ok
concurrency 48 - repeat 1,flow-control-off capacity,concurrency,48.0,1,175.048,4934,4886,48,,ok
concurrency 48 - repeat 1,flow-control-off capacity,concurrency,48.0,1,175.504,4937,4934,3,,ok
concurrency 48 - repeat 1,flow-control-off capacity,concurrency,48.0,1,176.018,4982,4934,48,,ok
concurrency 48 - repeat 1,flow-control-off capacity,concurrency,48.0,1,176.527,4982,4934,48,,ok
concurrency 48 - repeat 1,flow-control-off capacity,concurrency,48.0,1,177.01,4983,4939,44,,ok
concurrency 48 - repeat 1,flow-control-off capacity,concurrency,48.0,1,177.546,5030,4982,48,,ok
concurrency 48 - repeat 1,flow-control-off capacity,concurrency,48.0,1,178.016,5030,4982,48,,ok
concurrency 48 - repeat 1,flow-control-off capacity,concurrency,48.0,1,178.524,5031,4983,48,,ok
concurrency 48 - repeat 1,flow-control-off capacity,concurrency,48.0,1,179.04,5078,5030,48,,ok
concurrency 48 - repeat 1,flow-control-off capacity,concurrency,48.0,1,179.548,5078,5031,47,,ok
concurrency 64 - repeat 1,flow-control-off capacity,concurrency,64.0,1,0.001,0,0,0,,ok
concurrency 64 - repeat 1,flow-control-off capacity,concurrency,64.0,1,0.52,1,0,1,,ok
concurrency 64 - repeat 1,flow-control-off capacity,concurrency,64.0,1,1.033,2,0,2,,ok
concurrency 64 - repeat 1,flow-control-off capacity,concurrency,64.0,1,1.545,3,1,2,,ok
concurrency 64 - repeat 1,flow-control-off capacity,concurrency,64.0,1,2.003,6,2,4,,ok
concurrency 64 - repeat 1,flow-control-off capacity,concurrency,64.0,1,2.516,10,5,5,,ok
concurrency 64 - repeat 1,flow-control-off capacity,concurrency,64.0,1,3.023,12,6,6,,ok
concurrency 64 - repeat 1,flow-control-off capacity,concurrency,64.0,1,3.543,17,10,7,,ok
concurrency 64 - repeat 1,flow-control-off capacity,concurrency,64.0,1,4.009,20,12,8,,ok
concurrency 64 - repeat 1,flow-control-off capacity,concurrency,64.0,1,4.519,27,17,10,,ok
concurrency 64 - repeat 1,flow-control-off capacity,concurrency,64.0,1,5.027,31,20,11,,ok
concurrency 64 - repeat 1,flow-control-off capacity,concurrency,64.0,1,5.537,38,26,12,,ok
concurrency 64 - repeat 1,flow-control-off capacity,concurrency,64.0,1,6.046,43,30,13,,ok
concurrency 64 - repeat 1,flow-control-off capacity,concurrency,64.0,1,6.503,47,37,10,,ok
concurrency 64 - repeat 1,flow-control-off capacity,concurrency,64.0,1,7.015,55,41,14,,ok
concurrency 64 - repeat 1,flow-control-off capacity,concurrency,64.0,1,7.525,60,44,16,,ok
concurrency 64 - repeat 1,flow-control-off capacity,concurrency,64.0,1,8.034,69,52,17,,ok
concurrency 64 - repeat 1,flow-control-off capacity,concurrency,64.0,1,8.541,76,58,18,,ok
concurrency 64 - repeat 1,flow-control-off capacity,concurrency,64.0,1,9.004,86,67,19,,ok
concurrency 64 - repeat 1,flow-control-off capacity,concurrency,64.0,1,9.515,92,74,18,,ok
concurrency 64 - repeat 1,flow-control-off capacity,concurrency,64.0,1,10.049,98,78,20,,ok
concurrency 64 - repeat 1,flow-control-off capacity,concurrency,64.0,1,10.533,108,86,22,,ok
concurrency 64 - repeat 1,flow-control-off capacity,concurrency,64.0,1,11.041,117,94,23,,ok
concurrency 64 - repeat 1,flow-control-off capacity,concurrency,64.0,1,11.501,124,102,22,,ok
concurrency 64 - repeat 1,flow-control-off capacity,concurrency,64.0,1,12.008,136,117,19,,ok
concurrency 64 - repeat 1,flow-control-off capacity,concurrency,64.0,1,12.517,148,121,27,,ok
concurrency 64 - repeat 1,flow-control-off capacity,concurrency,64.0,1,13.032,155,133,22,,ok
concurrency 64 - repeat 1,flow-control-off capacity,concurrency,64.0,1,13.547,171,142,29,,ok
concurrency 64 - repeat 1,flow-control-off capacity,concurrency,64.0,1,14.021,177,148,29,,ok
concurrency 64 - repeat 1,flow-control-off capacity,concurrency,64.0,1,14.529,191,160,31,,ok
concurrency 64 - repeat 1,flow-control-off capacity,concurrency,64.0,1,15.045,202,172,30,,ok
concurrency 64 - repeat 1,flow-control-off capacity,concurrency,64.0,1,15.505,212,179,33,,ok
concurrency 64 - repeat 1,flow-control-off capacity,concurrency,64.0,1,16.011,226,192,34,,ok
concurrency 64 - repeat 1,flow-control-off capacity,concurrency,64.0,1,16.524,239,204,35,,ok
concurrency 64 - repeat 1,flow-control-off capacity,concurrency,64.0,1,17.036,248,215,33,,ok
concurrency 64 - repeat 1,flow-control-off capacity,concurrency,64.0,1,17.548,263,226,37,,ok
concurrency 64 - repeat 1,flow-control-off capacity,concurrency,64.0,1,18.014,277,239,38,,ok
concurrency 64 - repeat 1,flow-control-off capacity,concurrency,64.0,1,18.522,290,251,39,,ok
concurrency 64 - repeat 1,flow-control-off capacity,concurrency,64.0,1,19.043,304,263,41,,ok
concurrency 64 - repeat 1,flow-control-off capacity,concurrency,64.0,1,19.503,306,277,29,,ok
concurrency 64 - repeat 1,flow-control-off capacity,concurrency,64.0,1,20.024,326,290,36,,ok
concurrency 64 - repeat 1,flow-control-off capacity,concurrency,64.0,1,20.539,347,303,44,,ok
concurrency 64 - repeat 1,flow-control-off capacity,concurrency,64.0,1,21.049,350,318,32,,ok
concurrency 64 - repeat 1,flow-control-off capacity,concurrency,64.0,1,21.526,366,320,46,,ok
concurrency 64 - repeat 1,flow-control-off capacity,concurrency,64.0,1,22.037,392,345,47,,ok
concurrency 64 - repeat 1,flow-control-off capacity,concurrency,64.0,1,22.544,397,349,48,,ok
concurrency 64 - repeat 1,flow-control-off capacity,concurrency,64.0,1,23.005,414,365,49,,ok
concurrency 64 - repeat 1,flow-control-off capacity,concurrency,64.0,1,23.514,441,391,50,,ok
concurrency 64 - repeat 1,flow-control-off capacity,concurrency,64.0,1,24.022,447,396,51,,ok
concurrency 64 - repeat 1,flow-control-off capacity,concurrency,64.0,1,24.534,466,414,52,,ok
concurrency 64 - repeat 1,flow-control-off capacity,concurrency,64.0,1,25.048,494,441,53,,ok
concurrency 64 - repeat 1,flow-control-off capacity,concurrency,64.0,1,25.508,501,447,54,,ok
concurrency 64 - repeat 1,flow-control-off capacity,concurrency,64.0,1,26.018,521,466,55,,ok
concurrency 64 - repeat 1,flow-control-off capacity,concurrency,64.0,1,26.534,522,466,56,,ok
concurrency 64 - repeat 1,flow-control-off capacity,concurrency,64.0,1,27.045,552,497,55,,ok
concurrency 64 - repeat 1,flow-control-off capacity,concurrency,64.0,1,27.516,561,502,59,,ok
concurrency 64 - repeat 1,flow-control-off capacity,concurrency,64.0,1,28.026,582,522,60,,ok
concurrency 64 - repeat 1,flow-control-off capacity,concurrency,64.0,1,28.535,612,554,58,,ok
concurrency 64 - repeat 1,flow-control-off capacity,concurrency,64.0,1,29.047,621,559,62,,ok
concurrency 64 - repeat 1,flow-control-off capacity,concurrency,64.0,1,29.504,643,580,63,,ok
concurrency 64 - repeat 1,flow-control-off capacity,concurrency,64.0,1,30.027,646,582,64,,ok
concurrency 64 - repeat 1,flow-control-off capacity,concurrency,64.0,1,30.542,683,619,64,,ok
concurrency 64 - repeat 1,flow-control-off capacity,concurrency,64.0,1,31.006,683,619,64,,ok
concurrency 64 - repeat 1,flow-control-off capacity,concurrency,64.0,1,31.513,706,642,64,,ok
concurrency 64 - repeat 1,flow-control-off capacity,concurrency,64.0,1,32.024,708,644,64,,ok
concurrency 64 - repeat 1,flow-control-off capacity,concurrency,64.0,1,32.534,747,683,64,,ok
concurrency 64 - repeat 1,flow-control-off capacity,concurrency,64.0,1,33.049,747,683,64,,ok
concurrency 64 - repeat 1,flow-control-off capacity,concurrency,64.0,1,33.508,749,686,63,,ok
concurrency 64 - repeat 1,flow-control-off capacity,concurrency,64.0,1,34.018,771,708,63,,ok
concurrency 64 - repeat 1,flow-control-off capacity,concurrency,64.0,1,34.525,775,743,32,,ok
concurrency 64 - repeat 1,flow-control-off capacity,concurrency,64.0,1,35.039,811,747,64,,ok
concurrency 64 - repeat 1,flow-control-off capacity,concurrency,64.0,1,35.55,812,749,63,,ok
concurrency 64 - repeat 1,flow-control-off capacity,concurrency,64.0,1,36.013,835,771,64,,ok
concurrency 64 - repeat 1,flow-control-off capacity,concurrency,64.0,1,36.521,838,774,64,,ok
concurrency 64 - repeat 1,flow-control-off capacity,concurrency,64.0,1,37.03,875,811,64,,ok
concurrency 64 - repeat 1,flow-control-off capacity,concurrency,64.0,1,37.541,883,835,48,,ok
concurrency 64 - repeat 1,flow-control-off capacity,concurrency,64.0,1,38.006,899,835,64,,ok
concurrency 64 - repeat 1,flow-control-off capacity,concurrency,64.0,1,38.517,900,836,64,,ok
concurrency 64 - repeat 1,flow-control-off capacity,concurrency,64.0,1,39.037,939,875,64,,ok
concurrency 64 - repeat 1,flow-control-off capacity,concurrency,64.0,1,39.519,940,878,62,,ok
concurrency 64 - repeat 1,flow-control-off capacity,concurrency,64.0,1,40.001,963,899,64,,ok
concurrency 64 - repeat 1,flow-control-off capacity,concurrency,64.0,1,40.539,967,903,64,,ok
concurrency 64 - repeat 1,flow-control-off capacity,concurrency,64.0,1,41.009,1003,939,64,,ok
concurrency 64 - repeat 1,flow-control-off capacity,concurrency,64.0,1,41.515,1027,963,64,,ok
concurrency 64 - repeat 1,flow-control-off capacity,concurrency,64.0,1,42.026,1028,964,64,,ok
concurrency 64 - repeat 1,flow-control-off capacity,concurrency,64.0,1,42.533,1067,1003,64,,ok
concurrency 64 - repeat 1,flow-control-off capacity,concurrency,64.0,1,43.002,1068,1004,64,,ok
concurrency 64 - repeat 1,flow-control-off capacity,concurrency,64.0,1,43.513,1091,1027,64,,ok
concurrency 64 - repeat 1,flow-control-off capacity,concurrency,64.0,1,44.026,1091,1028,63,,ok
concurrency 64 - repeat 1,flow-control-off capacity,concurrency,64.0,1,44.533,1095,1031,64,,ok
concurrency 64 - repeat 1,flow-control-off capacity,concurrency,64.0,1,45.046,1132,1068,64,,ok
concurrency 64 - repeat 1,flow-control-off capacity,concurrency,64.0,1,45.512,1155,1091,64,,ok
concurrency 64 - repeat 1,flow-control-off capacity,concurrency,64.0,1,46.022,1156,1095,61,,ok
concurrency 64 - repeat 1,flow-control-off capacity,concurrency,64.0,1,46.53,1196,1132,64,,ok
concurrency 64 - repeat 1,flow-control-off capacity,concurrency,64.0,1,47.002,1196,1155,41,,ok
concurrency 64 - repeat 1,flow-control-off capacity,concurrency,64.0,1,47.524,1219,1156,63,,ok
concurrency 64 - repeat 1,flow-control-off capacity,concurrency,64.0,1,48.034,1223,1159,64,,ok
concurrency 64 - repeat 1,flow-control-off capacity,concurrency,64.0,1,48.544,1260,1196,64,,ok
concurrency 64 - repeat 1,flow-control-off capacity,concurrency,64.0,1,49.002,1283,1219,64,,ok
concurrency 64 - repeat 1,flow-control-off capacity,concurrency,64.0,1,49.523,1284,1223,61,,ok
concurrency 64 - repeat 1,flow-control-off capacity,concurrency,64.0,1,50.052,1324,1260,64,,ok
concurrency 64 - repeat 1,flow-control-off capacity,concurrency,64.0,1,50.532,1330,1283,47,,ok
concurrency 64 - repeat 1,flow-control-off capacity,concurrency,64.0,1,51.049,1348,1284,64,,ok
concurrency 64 - repeat 1,flow-control-off capacity,concurrency,64.0,1,51.507,1351,1287,64,,ok
concurrency 64 - repeat 1,flow-control-off capacity,concurrency,64.0,1,52.024,1388,1324,64,,ok
concurrency 64 - repeat 1,flow-control-off capacity,concurrency,64.0,1,52.545,1388,1330,58,,ok
concurrency 64 - repeat 1,flow-control-off capacity,concurrency,64.0,1,53.006,1411,1347,64,,ok
concurrency 64 - repeat 1,flow-control-off capacity,concurrency,64.0,1,53.513,1415,1351,64,,ok
concurrency 64 - repeat 1,flow-control-off capacity,concurrency,64.0,1,54.02,1452,1388,64,,ok
concurrency 64 - repeat 1,flow-control-off capacity,concurrency,64.0,1,54.527,1475,1411,64,,ok
concurrency 64 - repeat 1,flow-control-off capacity,concurrency,64.0,1,55.038,1476,1412,64,,ok
concurrency 64 - repeat 1,flow-control-off capacity,concurrency,64.0,1,55.503,1479,1415,64,,ok
concurrency 64 - repeat 1,flow-control-off capacity,concurrency,64.0,1,56.014,1539,1475,64,,ok
concurrency 64 - repeat 1,flow-control-off capacity,concurrency,64.0,1,56.535,1539,1476,63,,ok
concurrency 64 - repeat 1,flow-control-off capacity,concurrency,64.0,1,57.01,1543,1479,64,,ok
concurrency 64 - repeat 1,flow-control-off capacity,concurrency,64.0,1,57.519,1603,1539,64,,ok
concurrency 64 - repeat 1,flow-control-off capacity,concurrency,64.0,1,58.032,1603,1539,64,,ok
concurrency 64 - repeat 1,flow-control-off capacity,concurrency,64.0,1,58.546,1605,1543,62,,ok
concurrency 64 - repeat 1,flow-control-off capacity,concurrency,64.0,1,59.007,1607,1543,64,,ok
concurrency 64 - repeat 1,flow-control-off capacity,concurrency,64.0,1,59.516,1667,1603,64,,ok
concurrency 64 - repeat 1,flow-control-off capacity,concurrency,64.0,1,60.019,1668,1604,64,,ok
concurrency 64 - repeat 1,flow-control-off capacity,concurrency,64.0,1,60.538,1671,1607,64,,ok
concurrency 64 - repeat 1,flow-control-off capacity,concurrency,64.0,1,61.009,1731,1667,64,,ok
concurrency 64 - repeat 1,flow-control-off capacity,concurrency,64.0,1,61.529,1731,1668,63,,ok
concurrency 64 - repeat 1,flow-control-off capacity,concurrency,64.0,1,62.035,1735,1671,64,,ok
concurrency 64 - repeat 1,flow-control-off capacity,concurrency,64.0,1,62.547,1736,1672,64,,ok
concurrency 64 - repeat 1,flow-control-off capacity,concurrency,64.0,1,63.008,1796,1732,64,,ok
concurrency 64 - repeat 1,flow-control-off capacity,concurrency,64.0,1,63.516,1799,1735,64,,ok
concurrency 64 - repeat 1,flow-control-off capacity,concurrency,64.0,1,64.022,1799,1735,64,,ok
concurrency 64 - repeat 1,flow-control-off capacity,concurrency,64.0,1,64.53,1861,1797,64,,ok
concurrency 64 - repeat 1,flow-control-off capacity,concurrency,64.0,1,65.043,1862,1798,64,,ok
concurrency 64 - repeat 1,flow-control-off capacity,concurrency,64.0,1,65.503,1863,1799,64,,ok
concurrency 64 - repeat 1,flow-control-off capacity,concurrency,64.0,1,66.024,1864,1819,45,,ok
concurrency 64 - repeat 1,flow-control-off capacity,concurrency,64.0,1,66.5,1926,1862,64,,ok
concurrency 64 - repeat 1,flow-control-off capacity,concurrency,64.0,1,67.009,1927,1863,64,,ok
concurrency 64 - repeat 1,flow-control-off capacity,concurrency,64.0,1,67.516,1928,1864,64,,ok
concurrency 64 - repeat 1,flow-control-off capacity,concurrency,64.0,1,68.037,1991,1927,64,,ok
concurrency 64 - repeat 1,flow-control-off capacity,concurrency,64.0,1,68.516,1991,1927,64,,ok
concurrency 64 - repeat 1,flow-control-off capacity,concurrency,64.0,1,69.03,1992,1928,64,,ok
concurrency 64 - repeat 1,flow-control-off capacity,concurrency,64.0,1,69.503,2055,1991,64,,ok
concurrency 64 - repeat 1,flow-control-off capacity,concurrency,64.0,1,70.037,2055,1991,64,,ok
concurrency 64 - repeat 1,flow-control-off capacity,concurrency,64.0,1,70.527,2056,1992,64,,ok
concurrency 64 - repeat 1,flow-control-off capacity,concurrency,64.0,1,71.039,2056,1992,64,,ok
concurrency 64 - repeat 1,flow-control-off capacity,concurrency,64.0,1,71.5,2119,2055,64,,ok
concurrency 64 - repeat 1,flow-control-off capacity,concurrency,64.0,1,72.008,2119,2056,63,,ok
concurrency 64 - repeat 1,flow-control-off capacity,concurrency,64.0,1,72.518,2120,2056,64,,ok
concurrency 64 - repeat 1,flow-control-off capacity,concurrency,64.0,1,73.028,2183,2119,64,,ok
concurrency 64 - repeat 1,flow-control-off capacity,concurrency,64.0,1,73.542,2183,2119,64,,ok
concurrency 64 - repeat 1,flow-control-off capacity,concurrency,64.0,1,74.049,2184,2120,64,,ok
concurrency 64 - repeat 1,flow-control-off capacity,concurrency,64.0,1,74.513,2185,2121,64,,ok
concurrency 64 - repeat 1,flow-control-off capacity,concurrency,64.0,1,75.027,2248,2184,64,,ok
concurrency 64 - repeat 1,flow-control-off capacity,concurrency,64.0,1,75.549,2248,2184,64,,ok
concurrency 64 - repeat 1,flow-control-off capacity,concurrency,64.0,1,76.004,2248,2184,64,,ok
concurrency 64 - repeat 1,flow-control-off capacity,concurrency,64.0,1,76.518,2312,2248,64,,ok
concurrency 64 - repeat 1,flow-control-off capacity,concurrency,64.0,1,77.039,2312,2248,64,,ok
concurrency 64 - repeat 1,flow-control-off capacity,concurrency,64.0,1,77.549,2312,2248,64,,ok
concurrency 64 - repeat 1,flow-control-off capacity,concurrency,64.0,1,78.009,2376,2312,64,,ok
concurrency 64 - repeat 1,flow-control-off capacity,concurrency,64.0,1,78.525,2376,2312,64,,ok
concurrency 64 - repeat 1,flow-control-off capacity,concurrency,64.0,1,79.048,2376,2312,64,,ok
concurrency 64 - repeat 1,flow-control-off capacity,concurrency,64.0,1,79.518,2378,2314,64,,ok
concurrency 64 - repeat 1,flow-control-off capacity,concurrency,64.0,1,80.001,2440,2376,64,,ok
concurrency 64 - repeat 1,flow-control-off capacity,concurrency,64.0,1,80.52,2440,2376,64,,ok
concurrency 64 - repeat 1,flow-control-off capacity,concurrency,64.0,1,81.032,2442,2378,64,,ok
concurrency 64 - repeat 1,flow-control-off capacity,concurrency,64.0,1,81.542,2504,2440,64,,ok
concurrency 64 - repeat 1,flow-control-off capacity,concurrency,64.0,1,82.002,2504,2440,64,,ok
concurrency 64 - repeat 1,flow-control-off capacity,concurrency,64.0,1,82.511,2506,2442,64,,ok
concurrency 64 - repeat 1,flow-control-off capacity,concurrency,64.0,1,83.03,2506,2442,64,,ok
concurrency 64 - repeat 1,flow-control-off capacity,concurrency,64.0,1,83.537,2568,2504,64,,ok
concurrency 64 - repeat 1,flow-control-off capacity,concurrency,64.0,1,84.0,2568,2504,64,,ok
concurrency 64 - repeat 1,flow-control-off capacity,concurrency,64.0,1,84.51,2570,2506,64,,ok
concurrency 64 - repeat 1,flow-control-off capacity,concurrency,64.0,1,85.021,2632,2568,64,,ok
concurrency 64 - repeat 1,flow-control-off capacity,concurrency,64.0,1,85.538,2632,2568,64,,ok
concurrency 64 - repeat 1,flow-control-off capacity,concurrency,64.0,1,86.001,2632,2568,64,,ok
concurrency 64 - repeat 1,flow-control-off capacity,concurrency,64.0,1,86.517,2634,2570,64,,ok
concurrency 64 - repeat 1,flow-control-off capacity,concurrency,64.0,1,87.026,2639,2575,64,,ok
concurrency 64 - repeat 1,flow-control-off capacity,concurrency,64.0,1,87.546,2696,2632,64,,ok
concurrency 64 - repeat 1,flow-control-off capacity,concurrency,64.0,1,88.002,2698,2634,64,,ok
concurrency 64 - repeat 1,flow-control-off capacity,concurrency,64.0,1,88.517,2698,2634,64,,ok
concurrency 64 - repeat 1,flow-control-off capacity,concurrency,64.0,1,89.024,2760,2696,64,,ok
concurrency 64 - repeat 1,flow-control-off capacity,concurrency,64.0,1,89.534,2761,2697,64,,ok
concurrency 64 - repeat 1,flow-control-off capacity,concurrency,64.0,1,90.037,2762,2698,64,,ok
concurrency 64 - repeat 1,flow-control-off capacity,concurrency,64.0,1,90.549,2824,2760,64,,ok
concurrency 64 - repeat 1,flow-control-off capacity,concurrency,64.0,1,91.025,2824,2760,64,,ok
concurrency 64 - repeat 1,flow-control-off capacity,concurrency,64.0,1,91.534,2826,2762,64,,ok
concurrency 64 - repeat 1,flow-control-off capacity,concurrency,64.0,1,92.051,2826,2763,63,,ok
concurrency 64 - repeat 1,flow-control-off capacity,concurrency,64.0,1,92.517,2888,2824,64,,ok
concurrency 64 - repeat 1,flow-control-off capacity,concurrency,64.0,1,93.039,2889,2825,64,,ok
concurrency 64 - repeat 1,flow-control-off capacity,concurrency,64.0,1,93.547,2890,2826,64,,ok
concurrency 64 - repeat 1,flow-control-off capacity,concurrency,64.0,1,94.007,2952,2888,64,,ok
concurrency 64 - repeat 1,flow-control-off capacity,concurrency,64.0,1,94.517,2953,2889,64,,ok
concurrency 64 - repeat 1,flow-control-off capacity,concurrency,64.0,1,95.032,2954,2890,64,,ok
concurrency 64 - repeat 1,flow-control-off capacity,concurrency,64.0,1,95.536,2955,2952,3,,ok
concurrency 64 - repeat 1,flow-control-off capacity,concurrency,64.0,1,96.049,3017,2953,64,,ok
concurrency 64 - repeat 1,flow-control-off capacity,concurrency,64.0,1,96.508,3018,2954,64,,ok
concurrency 64 - repeat 1,flow-control-off capacity,concurrency,64.0,1,97.014,3018,2955,63,,ok
concurrency 64 - repeat 1,flow-control-off capacity,concurrency,64.0,1,97.535,3081,3017,64,,ok
concurrency 64 - repeat 1,flow-control-off capacity,concurrency,64.0,1,98.042,3082,3018,64,,ok
concurrency 64 - repeat 1,flow-control-off capacity,concurrency,64.0,1,98.502,3082,3018,64,,ok
concurrency 64 - repeat 1,flow-control-off capacity,concurrency,64.0,1,99.011,3145,3081,64,,ok
concurrency 64 - repeat 1,flow-control-off capacity,concurrency,64.0,1,99.531,3145,3081,64,,ok
concurrency 64 - repeat 1,flow-control-off capacity,concurrency,64.0,1,100.007,3146,3082,64,,ok
concurrency 64 - repeat 1,flow-control-off capacity,concurrency,64.0,1,100.511,3147,3083,64,,ok
concurrency 64 - repeat 1,flow-control-off capacity,concurrency,64.0,1,101.034,3209,3145,64,,ok
concurrency 64 - repeat 1,flow-control-off capacity,concurrency,64.0,1,101.542,3210,3146,64,,ok
concurrency 64 - repeat 1,flow-control-off capacity,concurrency,64.0,1,102.05,3211,3147,64,,ok
concurrency 64 - repeat 1,flow-control-off capacity,concurrency,64.0,1,102.507,3274,3210,64,,ok
concurrency 64 - repeat 1,flow-control-off capacity,concurrency,64.0,1,103.021,3274,3210,64,,ok
concurrency 64 - repeat 1,flow-control-off capacity,concurrency,64.0,1,103.529,3274,3211,63,,ok
concurrency 64 - repeat 1,flow-control-off capacity,concurrency,64.0,1,104.003,3275,3211,64,,ok
concurrency 64 - repeat 1,flow-control-off capacity,concurrency,64.0,1,104.519,3338,3274,64,,ok
concurrency 64 - repeat 1,flow-control-off capacity,concurrency,64.0,1,105.031,3338,3274,64,,ok
concurrency 64 - repeat 1,flow-control-off capacity,concurrency,64.0,1,105.538,3339,3275,64,,ok
concurrency 64 - repeat 1,flow-control-off capacity,concurrency,64.0,1,106.049,3402,3338,64,,ok
concurrency 64 - repeat 1,flow-control-off capacity,concurrency,64.0,1,106.523,3402,3338,64,,ok
concurrency 64 - repeat 1,flow-control-off capacity,concurrency,64.0,1,107.033,3403,3339,64,,ok
concurrency 64 - repeat 1,flow-control-off capacity,concurrency,64.0,1,107.542,3407,3343,64,,ok
concurrency 64 - repeat 1,flow-control-off capacity,concurrency,64.0,1,108.003,3466,3402,64,,ok
concurrency 64 - repeat 1,flow-control-off capacity,concurrency,64.0,1,108.51,3467,3403,64,,ok
concurrency 64 - repeat 1,flow-control-off capacity,concurrency,64.0,1,109.026,3467,3404,63,,ok
concurrency 64 - repeat 1,flow-control-off capacity,concurrency,64.0,1,109.501,3530,3466,64,,ok
concurrency 64 - repeat 1,flow-control-off capacity,concurrency,64.0,1,110.045,3531,3467,64,,ok
concurrency 64 - repeat 1,flow-control-off capacity,concurrency,64.0,1,110.515,3531,3467,64,,ok
concurrency 64 - repeat 1,flow-control-off capacity,concurrency,64.0,1,111.034,3534,3530,4,,ok
concurrency 64 - repeat 1,flow-control-off capacity,concurrency,64.0,1,111.501,3594,3530,64,,ok
concurrency 64 - repeat 1,flow-control-off capacity,concurrency,64.0,1,112.017,3595,3531,64,,ok
concurrency 64 - repeat 1,flow-control-off capacity,concurrency,64.0,1,112.525,3598,3534,64,,ok
concurrency 64 - repeat 1,flow-control-off capacity,concurrency,64.0,1,113.036,3659,3595,64,,ok
concurrency 64 - repeat 1,flow-control-off capacity,concurrency,64.0,1,113.549,3659,3595,64,,ok
concurrency 64 - repeat 1,flow-control-off capacity,concurrency,64.0,1,114.013,3659,3598,61,,ok
concurrency 64 - repeat 1,flow-control-off capacity,concurrency,64.0,1,114.538,3662,3649,13,,ok
concurrency 64 - repeat 1,flow-control-off capacity,concurrency,64.0,1,115.005,3723,3659,64,,ok
concurrency 64 - repeat 1,flow-control-off capacity,concurrency,64.0,1,115.518,3723,3659,64,,ok
concurrency 64 - repeat 1,flow-control-off capacity,concurrency,64.0,1,116.027,3726,3662,64,,ok
concurrency 64 - repeat 1,flow-control-off capacity,concurrency,64.0,1,116.543,3787,3723,64,,ok
concurrency 64 - repeat 1,flow-control-off capacity,concurrency,64.0,1,117.008,3787,3723,64,,ok
concurrency 64 - repeat 1,flow-control-off capacity,concurrency,64.0,1,117.518,3790,3726,64,,ok
concurrency 64 - repeat 1,flow-control-off capacity,concurrency,64.0,1,118.037,3790,3765,25,,ok
concurrency 64 - repeat 1,flow-control-off capacity,concurrency,64.0,1,118.551,3851,3787,64,,ok
concurrency 64 - repeat 1,flow-control-off capacity,concurrency,64.0,1,119.006,3854,3790,64,,ok
concurrency 64 - repeat 1,flow-control-off capacity,concurrency,64.0,1,119.521,3854,3790,64,,ok
concurrency 64 - repeat 1,flow-control-off capacity,concurrency,64.0,1,120.029,3915,3851,64,,ok
concurrency 64 - repeat 1,flow-control-off capacity,concurrency,64.0,1,120.511,3915,3851,64,,ok
concurrency 64 - repeat 1,flow-control-off capacity,concurrency,64.0,1,121.001,3918,3854,64,,ok
concurrency 64 - repeat 1,flow-control-off capacity,concurrency,64.0,1,121.513,3918,3915,3,,ok
concurrency 64 - repeat 1,flow-control-off capacity,concurrency,64.0,1,122.024,3979,3915,64,,ok
concurrency 64 - repeat 1,flow-control-off capacity,concurrency,64.0,1,122.549,3982,3918,64,,ok
concurrency 64 - repeat 1,flow-control-off capacity,concurrency,64.0,1,123.007,3982,3918,64,,ok
concurrency 64 - repeat 1,flow-control-off capacity,concurrency,64.0,1,123.514,4046,3982,64,,ok
concurrency 64 - repeat 1,flow-control-off capacity,concurrency,64.0,1,124.027,4046,3982,64,,ok
concurrency 64 - repeat 1,flow-control-off capacity,concurrency,64.0,1,124.548,4046,3982,64,,ok
concurrency 64 - repeat 1,flow-control-off capacity,concurrency,64.0,1,125.005,4046,3993,53,,ok
concurrency 64 - repeat 1,flow-control-off capacity,concurrency,64.0,1,125.523,4110,4046,64,,ok
concurrency 64 - repeat 1,flow-control-off capacity,concurrency,64.0,1,126.033,4110,4046,64,,ok
concurrency 64 - repeat 1,flow-control-off capacity,concurrency,64.0,1,126.541,4110,4046,64,,ok
concurrency 64 - repeat 1,flow-control-off capacity,concurrency,64.0,1,127.05,4174,4110,64,,ok
concurrency 64 - repeat 1,flow-control-off capacity,concurrency,64.0,1,127.521,4174,4110,64,,ok
concurrency 64 - repeat 1,flow-control-off capacity,concurrency,64.0,1,128.033,4174,4110,64,,ok
concurrency 64 - repeat 1,flow-control-off capacity,concurrency,64.0,1,128.539,4238,4174,64,,ok
concurrency 64 - repeat 1,flow-control-off capacity,concurrency,64.0,1,129.008,4238,4174,64,,ok
concurrency 64 - repeat 1,flow-control-off capacity,concurrency,64.0,1,129.517,4238,4174,64,,ok
concurrency 64 - repeat 1,flow-control-off capacity,concurrency,64.0,1,130.013,4239,4175,64,,ok
concurrency 64 - repeat 1,flow-control-off capacity,concurrency,64.0,1,130.543,4302,4238,64,,ok
concurrency 64 - repeat 1,flow-control-off capacity,concurrency,64.0,1,131.05,4302,4238,64,,ok
concurrency 64 - repeat 1,flow-control-off capacity,concurrency,64.0,1,131.514,4303,4239,64,,ok
concurrency 64 - repeat 1,flow-control-off capacity,concurrency,64.0,1,132.023,4366,4302,64,,ok
concurrency 64 - repeat 1,flow-control-off capacity,concurrency,64.0,1,132.531,4366,4302,64,,ok
concurrency 64 - repeat 1,flow-control-off capacity,concurrency,64.0,1,133.043,4366,4303,63,,ok
concurrency 64 - repeat 1,flow-control-off capacity,concurrency,64.0,1,133.508,4368,4338,30,,ok
concurrency 64 - repeat 1,flow-control-off capacity,concurrency,64.0,1,134.022,4430,4366,64,,ok
concurrency 64 - repeat 1,flow-control-off capacity,concurrency,64.0,1,134.53,4430,4366,64,,ok
concurrency 64 - repeat 1,flow-control-off capacity,concurrency,64.0,1,135.04,4431,4367,64,,ok
concurrency 64 - repeat 1,flow-control-off capacity,concurrency,64.0,1,135.508,4494,4430,64,,ok
concurrency 64 - repeat 1,flow-control-off capacity,concurrency,64.0,1,136.028,4494,4430,64,,ok
concurrency 64 - repeat 1,flow-control-off capacity,concurrency,64.0,1,136.533,4495,4431,64,,ok
concurrency 64 - repeat 1,flow-control-off capacity,concurrency,64.0,1,137.042,4497,4494,3,,ok
concurrency 64 - repeat 1,flow-control-off capacity,concurrency,64.0,1,137.508,4558,4494,64,,ok
concurrency 64 - repeat 1,flow-control-off capacity,concurrency,64.0,1,138.017,4559,4495,64,,ok
concurrency 64 - repeat 1,flow-control-off capacity,concurrency,64.0,1,138.54,4561,4497,64,,ok
concurrency 64 - repeat 1,flow-control-off capacity,concurrency,64.0,1,139.048,4622,4558,64,,ok
concurrency 64 - repeat 1,flow-control-off capacity,concurrency,64.0,1,139.51,4622,4558,64,,ok
concurrency 64 - repeat 1,flow-control-off capacity,concurrency,64.0,1,140.002,4624,4560,64,,ok
concurrency 64 - repeat 1,flow-control-off capacity,concurrency,64.0,1,140.537,4686,4622,64,,ok
concurrency 64 - repeat 1,flow-control-off capacity,concurrency,64.0,1,141.051,4686,4622,64,,ok
concurrency 64 - repeat 1,flow-control-off capacity,concurrency,64.0,1,141.519,4687,4623,64,,ok
concurrency 64 - repeat 1,flow-control-off capacity,concurrency,64.0,1,142.025,4689,4626,63,,ok
concurrency 64 - repeat 1,flow-control-off capacity,concurrency,64.0,1,142.535,4750,4686,64,,ok
concurrency 64 - repeat 1,flow-control-off capacity,concurrency,64.0,1,143.006,4751,4687,64,,ok
concurrency 64 - repeat 1,flow-control-off capacity,concurrency,64.0,1,143.511,4753,4689,64,,ok
concurrency 64 - repeat 1,flow-control-off capacity,concurrency,64.0,1,144.021,4814,4750,64,,ok
concurrency 64 - repeat 1,flow-control-off capacity,concurrency,64.0,1,144.536,4814,4750,64,,ok
concurrency 64 - repeat 1,flow-control-off capacity,concurrency,64.0,1,145.047,4815,4752,63,,ok
concurrency 64 - repeat 1,flow-control-off capacity,concurrency,64.0,1,145.51,4818,4754,64,,ok
concurrency 64 - repeat 1,flow-control-off capacity,concurrency,64.0,1,146.023,4879,4815,64,,ok
concurrency 64 - repeat 1,flow-control-off capacity,concurrency,64.0,1,146.534,4879,4815,64,,ok
concurrency 64 - repeat 1,flow-control-off capacity,concurrency,64.0,1,147.043,4881,4817,64,,ok
concurrency 64 - repeat 1,flow-control-off capacity,concurrency,64.0,1,147.548,4943,4879,64,,ok
concurrency 64 - repeat 1,flow-control-off capacity,concurrency,64.0,1,148.011,4943,4879,64,,ok
concurrency 64 - repeat 1,flow-control-off capacity,concurrency,64.0,1,148.52,4945,4881,64,,ok
concurrency 64 - repeat 1,flow-control-off capacity,concurrency,64.0,1,149.025,4947,4883,64,,ok
concurrency 64 - repeat 1,flow-control-off capacity,concurrency,64.0,1,149.546,5007,4943,64,,ok
concurrency 64 - repeat 1,flow-control-off capacity,concurrency,64.0,1,150.035,5007,4944,63,,ok
concurrency 64 - repeat 1,flow-control-off capacity,concurrency,64.0,1,150.513,5010,4946,64,,ok
concurrency 64 - repeat 1,flow-control-off capacity,concurrency,64.0,1,151.022,5071,5007,64,,ok
concurrency 64 - repeat 1,flow-control-off capacity,concurrency,64.0,1,151.534,5071,5007,64,,ok
concurrency 64 - repeat 1,flow-control-off capacity,concurrency,64.0,1,152.044,5074,5010,64,,ok
concurrency 64 - repeat 1,flow-control-off capacity,concurrency,64.0,1,152.501,5076,5033,43,,ok
concurrency 64 - repeat 1,flow-control-off capacity,concurrency,64.0,1,153.019,5135,5071,64,,ok
concurrency 64 - repeat 1,flow-control-off capacity,concurrency,64.0,1,153.535,5137,5073,64,,ok
concurrency 64 - repeat 1,flow-control-off capacity,concurrency,64.0,1,154.04,5139,5075,64,,ok
concurrency 64 - repeat 1,flow-control-off capacity,concurrency,64.0,1,154.549,5199,5135,64,,ok
concurrency 64 - repeat 1,flow-control-off capacity,concurrency,64.0,1,155.012,5201,5137,64,,ok
concurrency 64 - repeat 1,flow-control-off capacity,concurrency,64.0,1,155.528,5202,5139,63,,ok
concurrency 64 - repeat 1,flow-control-off capacity,concurrency,64.0,1,156.033,5263,5199,64,,ok
concurrency 64 - repeat 1,flow-control-off capacity,concurrency,64.0,1,156.547,5263,5200,63,,ok
concurrency 64 - repeat 1,flow-control-off capacity,concurrency,64.0,1,157.005,5265,5202,63,,ok
concurrency 64 - repeat 1,flow-control-off capacity,concurrency,64.0,1,157.528,5267,5203,64,,ok
concurrency 64 - repeat 1,flow-control-off capacity,concurrency,64.0,1,158.005,5328,5264,64,,ok
concurrency 64 - repeat 1,flow-control-off capacity,concurrency,64.0,1,158.523,5329,5265,64,,ok
concurrency 64 - repeat 1,flow-control-off capacity,concurrency,64.0,1,159.041,5331,5267,64,,ok
concurrency 64 - repeat 1,flow-control-off capacity,concurrency,64.0,1,159.549,5393,5329,64,,ok
concurrency 64 - repeat 1,flow-control-off capacity,concurrency,64.0,1,160.036,5393,5329,64,,ok
concurrency 64 - repeat 1,flow-control-off capacity,concurrency,64.0,1,160.521,5394,5331,63,,ok
concurrency 64 - repeat 1,flow-control-off capacity,concurrency,64.0,1,161.031,5395,5383,12,,ok
concurrency 64 - repeat 1,flow-control-off capacity,concurrency,64.0,1,161.549,5457,5393,64,,ok
concurrency 64 - repeat 1,flow-control-off capacity,concurrency,64.0,1,162.005,5458,5394,64,,ok
concurrency 64 - repeat 1,flow-control-off capacity,concurrency,64.0,1,162.519,5459,5395,64,,ok
concurrency 64 - repeat 1,flow-control-off capacity,concurrency,64.0,1,163.028,5521,5457,64,,ok
concurrency 64 - repeat 1,flow-control-off capacity,concurrency,64.0,1,163.549,5521,5457,64,,ok
concurrency 64 - repeat 1,flow-control-off capacity,concurrency,64.0,1,164.016,5523,5459,64,,ok
concurrency 64 - repeat 1,flow-control-off capacity,concurrency,64.0,1,164.525,5585,5521,64,,ok
concurrency 64 - repeat 1,flow-control-off capacity,concurrency,64.0,1,165.037,5585,5521,64,,ok
concurrency 64 - repeat 1,flow-control-off capacity,concurrency,64.0,1,165.548,5587,5523,64,,ok
concurrency 64 - repeat 1,flow-control-off capacity,concurrency,64.0,1,166.004,5587,5523,64,,ok
concurrency 64 - repeat 1,flow-control-off capacity,concurrency,64.0,1,166.521,5649,5585,64,,ok
concurrency 64 - repeat 1,flow-control-off capacity,concurrency,64.0,1,167.033,5651,5587,64,,ok
concurrency 64 - repeat 1,flow-control-off capacity,concurrency,64.0,1,167.544,5651,5587,64,,ok
concurrency 64 - repeat 1,flow-control-off capacity,concurrency,64.0,1,168.049,5714,5650,64,,ok
concurrency 64 - repeat 1,flow-control-off capacity,concurrency,64.0,1,168.508,5714,5651,63,,ok
concurrency 64 - repeat 1,flow-control-off capacity,concurrency,64.0,1,169.015,5715,5651,64,,ok
concurrency 64 - repeat 1,flow-control-off capacity,concurrency,64.0,1,169.523,5715,5665,50,,ok
concurrency 64 - repeat 1,flow-control-off capacity,concurrency,64.0,1,170.022,5779,5715,64,,ok
concurrency 64 - repeat 1,flow-control-off capacity,concurrency,64.0,1,170.539,5779,5715,64,,ok
concurrency 64 - repeat 1,flow-control-off capacity,concurrency,64.0,1,171.049,5779,5715,64,,ok
concurrency 64 - repeat 1,flow-control-off capacity,concurrency,64.0,1,171.521,5843,5779,64,,ok
concurrency 64 - repeat 1,flow-control-off capacity,concurrency,64.0,1,172.042,5843,5779,64,,ok
concurrency 64 - repeat 1,flow-control-off capacity,concurrency,64.0,1,172.551,5843,5779,64,,ok
concurrency 64 - repeat 1,flow-control-off capacity,concurrency,64.0,1,173.009,5907,5843,64,,ok
concurrency 64 - repeat 1,flow-control-off capacity,concurrency,64.0,1,173.525,5907,5843,64,,ok
concurrency 64 - repeat 1,flow-control-off capacity,concurrency,64.0,1,174.033,5907,5843,64,,ok
concurrency 64 - repeat 1,flow-control-off capacity,concurrency,64.0,1,174.542,5907,5843,64,,ok
concurrency 64 - repeat 1,flow-control-off capacity,concurrency,64.0,1,175.008,5971,5907,64,,ok
concurrency 64 - repeat 1,flow-control-off capacity,concurrency,64.0,1,175.519,5971,5907,64,,ok
concurrency 64 - repeat 1,flow-control-off capacity,concurrency,64.0,1,176.044,5971,5907,64,,ok
concurrency 64 - repeat 1,flow-control-off capacity,concurrency,64.0,1,176.545,6035,5971,64,,ok
concurrency 64 - repeat 1,flow-control-off capacity,concurrency,64.0,1,177.009,6035,5971,64,,ok
concurrency 64 - repeat 1,flow-control-off capacity,concurrency,64.0,1,177.515,6035,5971,64,,ok
concurrency 64 - repeat 1,flow-control-off capacity,concurrency,64.0,1,178.031,6037,5974,63,,ok
concurrency 64 - repeat 1,flow-control-off capacity,concurrency,64.0,1,178.539,6099,6035,64,,ok
concurrency 64 - repeat 1,flow-control-off capacity,concurrency,64.0,1,179.0,6099,6035,64,,ok
concurrency 64 - repeat 1,flow-control-off capacity,concurrency,64.0,1,179.508,6099,6035,64,,ok
concurrency 96 - repeat 1,flow-control-off capacity,concurrency,96.0,1,0.0,0,0,0,,ok
concurrency 96 - repeat 1,flow-control-off capacity,concurrency,96.0,1,0.526,2,0,2,,ok
concurrency 96 - repeat 1,flow-control-off capacity,concurrency,96.0,1,1.001,3,0,3,,ok
concurrency 96 - repeat 1,flow-control-off capacity,concurrency,96.0,1,1.513,5,0,5,,ok
concurrency 96 - repeat 1,flow-control-off capacity,concurrency,96.0,1,2.022,9,3,6,,ok
concurrency 96 - repeat 1,flow-control-off capacity,concurrency,96.0,1,2.537,12,6,6,,ok
concurrency 96 - repeat 1,flow-control-off capacity,concurrency,96.0,1,3.045,19,9,10,,ok
concurrency 96 - repeat 1,flow-control-off capacity,concurrency,96.0,1,3.503,22,11,11,,ok
concurrency 96 - repeat 1,flow-control-off capacity,concurrency,96.0,1,4.012,30,17,13,,ok
concurrency 96 - repeat 1,flow-control-off capacity,concurrency,96.0,1,4.52,35,21,14,,ok
concurrency 96 - repeat 1,flow-control-off capacity,concurrency,96.0,1,5.039,45,29,16,,ok
concurrency 96 - repeat 1,flow-control-off capacity,concurrency,96.0,1,5.545,52,34,18,,ok
concurrency 96 - repeat 1,flow-control-off capacity,concurrency,96.0,1,6.005,61,42,19,,ok
concurrency 96 - repeat 1,flow-control-off capacity,concurrency,96.0,1,6.518,66,46,20,,ok
concurrency 96 - repeat 1,flow-control-off capacity,concurrency,96.0,1,7.039,74,53,21,,ok
concurrency 96 - repeat 1,flow-control-off capacity,concurrency,96.0,1,7.506,87,63,24,,ok
concurrency 96 - repeat 1,flow-control-off capacity,concurrency,96.0,1,8.033,92,72,20,,ok
concurrency 96 - repeat 1,flow-control-off capacity,concurrency,96.0,1,8.545,102,75,27,,ok
concurrency 96 - repeat 1,flow-control-off capacity,concurrency,96.0,1,9.006,116,89,27,,ok
concurrency 96 - repeat 1,flow-control-off capacity,concurrency,96.0,1,9.52,127,98,29,,ok
concurrency 96 - repeat 1,flow-control-off capacity,concurrency,96.0,1,10.03,134,102,32,,ok
concurrency 96 - repeat 1,flow-control-off capacity,concurrency,96.0,1,10.505,150,117,33,,ok
concurrency 96 - repeat 1,flow-control-off capacity,concurrency,96.0,1,11.027,163,128,35,,ok
concurrency 96 - repeat 1,flow-control-off capacity,concurrency,96.0,1,11.533,170,135,35,,ok
concurrency 96 - repeat 1,flow-control-off capacity,concurrency,96.0,1,12.046,188,151,37,,ok
concurrency 96 - repeat 1,flow-control-off capacity,concurrency,96.0,1,12.504,193,162,31,,ok
concurrency 96 - repeat 1,flow-control-off capacity,concurrency,96.0,1,13.017,210,169,41,,ok
concurrency 96 - repeat 1,flow-control-off capacity,concurrency,96.0,1,13.528,226,184,42,,ok
concurrency 96 - repeat 1,flow-control-off capacity,concurrency,96.0,1,14.042,237,192,45,,ok
concurrency 96 - repeat 1,flow-control-off capacity,concurrency,96.0,1,14.5,250,208,42,,ok
concurrency 96 - repeat 1,flow-control-off capacity,concurrency,96.0,1,15.009,273,225,48,,ok
concurrency 96 - repeat 1,flow-control-off capacity,concurrency,96.0,1,15.518,282,236,46,,ok
concurrency 96 - repeat 1,flow-control-off capacity,concurrency,96.0,1,16.037,300,249,51,,ok
concurrency 96 - repeat 1,flow-control-off capacity,concurrency,96.0,1,16.548,325,272,53,,ok
concurrency 96 - repeat 1,flow-control-off capacity,concurrency,96.0,1,17.007,335,281,54,,ok
concurrency 96 - repeat 1,flow-control-off capacity,concurrency,96.0,1,17.515,343,297,46,,ok
concurrency 96 - repeat 1,flow-control-off capacity,concurrency,96.0,1,18.036,382,324,58,,ok
concurrency 96 - repeat 1,flow-control-off capacity,concurrency,96.0,1,18.501,385,326,59,,ok
concurrency 96 - repeat 1,flow-control-off capacity,concurrency,96.0,1,19.011,401,340,61,,ok
concurrency 96 - repeat 1,flow-control-off capacity,concurrency,96.0,1,19.527,418,356,62,,ok
concurrency 96 - repeat 1,flow-control-off capacity,concurrency,96.0,1,20.038,446,382,64,,ok
concurrency 96 - repeat 1,flow-control-off capacity,concurrency,96.0,1,20.54,460,394,66,,ok
concurrency 96 - repeat 1,flow-control-off capacity,concurrency,96.0,1,21.006,469,402,67,,ok
concurrency 96 - repeat 1,flow-control-off capacity,concurrency,96.0,1,21.528,471,402,69,,ok
concurrency 96 - repeat 1,flow-control-off capacity,concurrency,96.0,1,22.038,488,418,70,,ok
concurrency 96 - repeat 1,flow-control-off capacity,concurrency,96.0,1,22.549,517,445,72,,ok
concurrency 96 - repeat 1,flow-control-off capacity,concurrency,96.0,1,23.011,519,446,73,,ok
concurrency 96 - repeat 1,flow-control-off capacity,concurrency,96.0,1,23.522,534,460,74,,ok
concurrency 96 - repeat 1,flow-control-off capacity,concurrency,96.0,1,24.033,547,471,76,,ok
concurrency 96 - repeat 1,flow-control-off capacity,concurrency,96.0,1,24.544,566,491,75,,ok
concurrency 96 - repeat 1,flow-control-off capacity,concurrency,96.0,1,25.002,599,519,80,,ok
concurrency 96 - repeat 1,flow-control-off capacity,concurrency,96.0,1,25.519,614,533,81,,ok
concurrency 96 - repeat 1,flow-control-off capacity,concurrency,96.0,1,26.047,630,547,83,,ok
concurrency 96 - repeat 1,flow-control-off capacity,concurrency,96.0,1,26.506,650,565,85,,ok
concurrency 96 - repeat 1,flow-control-off capacity,concurrency,96.0,1,27.024,684,598,86,,ok
concurrency 96 - repeat 1,flow-control-off capacity,concurrency,96.0,1,27.54,687,600,87,,ok
concurrency 96 - repeat 1,flow-control-off capacity,concurrency,96.0,1,28.015,703,614,89,,ok
concurrency 96 - repeat 1,flow-control-off capacity,concurrency,96.0,1,28.541,720,629,91,,ok
concurrency 96 - repeat 1,flow-control-off capacity,concurrency,96.0,1,29.006,722,629,93,,ok
concurrency 96 - repeat 1,flow-control-off capacity,concurrency,96.0,1,29.515,743,649,94,,ok
concurrency 96 - repeat 1,flow-control-off capacity,concurrency,96.0,1,30.025,783,687,96,,ok
concurrency 96 - repeat 1,flow-control-off capacity,concurrency,96.0,1,30.511,783,687,96,,ok
concurrency 96 - repeat 1,flow-control-off capacity,concurrency,96.0,1,31.008,799,703,96,,ok
concurrency 96 - repeat 1,flow-control-off capacity,concurrency,96.0,1,31.526,817,721,96,,ok
concurrency 96 - repeat 1,flow-control-off capacity,concurrency,96.0,1,32.048,839,743,96,,ok
concurrency 96 - repeat 1,flow-control-off capacity,concurrency,96.0,1,32.524,839,743,96,,ok
concurrency 96 - repeat 1,flow-control-off capacity,concurrency,96.0,1,33.047,879,786,93,,ok
concurrency 96 - repeat 1,flow-control-off capacity,concurrency,96.0,1,33.513,887,791,96,,ok
concurrency 96 - repeat 1,flow-control-off capacity,concurrency,96.0,1,34.05,895,799,96,,ok
concurrency 96 - repeat 1,flow-control-off capacity,concurrency,96.0,1,34.509,897,817,80,,ok
concurrency 96 - repeat 1,flow-control-off capacity,concurrency,96.0,1,35.025,918,822,96,,ok
concurrency 96 - repeat 1,flow-control-off capacity,concurrency,96.0,1,35.538,935,839,96,,ok
concurrency 96 - repeat 1,flow-control-off capacity,concurrency,96.0,1,36.006,935,839,96,,ok
concurrency 96 - repeat 1,flow-control-off capacity,concurrency,96.0,1,36.512,983,891,92,,ok
concurrency 96 - repeat 1,flow-control-off capacity,concurrency,96.0,1,37.028,987,891,96,,ok
concurrency 96 - repeat 1,flow-control-off capacity,concurrency,96.0,1,37.535,991,895,96,,ok
concurrency 96 - repeat 1,flow-control-off capacity,concurrency,96.0,1,38.008,1014,918,96,,ok
concurrency 96 - repeat 1,flow-control-off capacity,concurrency,96.0,1,38.533,1014,918,96,,ok
concurrency 96 - repeat 1,flow-control-off capacity,concurrency,96.0,1,39.042,1032,937,95,,ok
concurrency 96 - repeat 1,flow-control-off capacity,concurrency,96.0,1,39.51,1083,987,96,,ok
concurrency 96 - repeat 1,flow-control-off capacity,concurrency,96.0,1,40.023,1087,991,96,,ok
concurrency 96 - repeat 1,flow-control-off capacity,concurrency,96.0,1,40.501,1087,991,96,,ok
concurrency 96 - repeat 1,flow-control-off capacity,concurrency,96.0,1,41.025,1110,1014,96,,ok
concurrency 96 - repeat 1,flow-control-off capacity,concurrency,96.0,1,41.544,1129,1033,96,,ok
concurrency 96 - repeat 1,flow-control-off capacity,concurrency,96.0,1,42.004,1183,1087,96,,ok
concurrency 96 - repeat 1,flow-control-off capacity,concurrency,96.0,1,42.531,1183,1087,96,,ok
concurrency 96 - repeat 1,flow-control-off capacity,concurrency,96.0,1,43.005,1206,1110,96,,ok
concurrency 96 - repeat 1,flow-control-off capacity,concurrency,96.0,1,43.522,1206,1110,96,,ok
concurrency 96 - repeat 1,flow-control-off capacity,concurrency,96.0,1,44.034,1225,1129,96,,ok
concurrency 96 - repeat 1,flow-control-off capacity,concurrency,96.0,1,44.546,1279,1183,96,,ok
concurrency 96 - repeat 1,flow-control-off capacity,concurrency,96.0,1,45.01,1279,1183,96,,ok
concurrency 96 - repeat 1,flow-control-off capacity,concurrency,96.0,1,45.523,1279,1188,91,,ok
concurrency 96 - repeat 1,flow-control-off capacity,concurrency,96.0,1,46.036,1302,1206,96,,ok
concurrency 96 - repeat 1,flow-control-off capacity,concurrency,96.0,1,46.548,1321,1225,96,,ok
concurrency 96 - repeat 1,flow-control-off capacity,concurrency,96.0,1,47.006,1375,1279,96,,ok
concurrency 96 - repeat 1,flow-control-off capacity,concurrency,96.0,1,47.515,1375,1279,96,,ok
concurrency 96 - repeat 1,flow-control-off capacity,concurrency,96.0,1,48.039,1398,1302,96,,ok
concurrency 96 - repeat 1,flow-control-off capacity,concurrency,96.0,1,48.55,1417,1321,96,,ok
concurrency 96 - repeat 1,flow-control-off capacity,concurrency,96.0,1,49.016,1471,1375,96,,ok
concurrency 96 - repeat 1,flow-control-off capacity,concurrency,96.0,1,49.541,1471,1375,96,,ok
concurrency 96 - repeat 1,flow-control-off capacity,concurrency,96.0,1,50.049,1471,1375,96,,ok
concurrency 96 - repeat 1,flow-control-off capacity,concurrency,96.0,1,50.526,1494,1398,96,,ok
concurrency 96 - repeat 1,flow-control-off capacity,concurrency,96.0,1,51.052,1513,1417,96,,ok
concurrency 96 - repeat 1,flow-control-off capacity,concurrency,96.0,1,51.534,1513,1417,96,,ok
concurrency 96 - repeat 1,flow-control-off capacity,concurrency,96.0,1,52.049,1567,1471,96,,ok
concurrency 96 - repeat 1,flow-control-off capacity,concurrency,96.0,1,52.512,1567,1471,96,,ok
concurrency 96 - repeat 1,flow-control-off capacity,concurrency,96.0,1,53.025,1588,1493,95,,ok
concurrency 96 - repeat 1,flow-control-off capacity,concurrency,96.0,1,53.544,1592,1496,96,,ok
concurrency 96 - repeat 1,flow-control-off capacity,concurrency,96.0,1,54.01,1609,1514,95,,ok
concurrency 96 - repeat 1,flow-control-off capacity,concurrency,96.0,1,54.524,1663,1567,96,,ok
concurrency 96 - repeat 1,flow-control-off capacity,concurrency,96.0,1,55.005,1663,1567,96,,ok
concurrency 96 - repeat 1,flow-control-off capacity,concurrency,96.0,1,55.514,1663,1572,91,,ok
concurrency 96 - repeat 1,flow-control-off capacity,concurrency,96.0,1,56.025,1686,1591,95,,ok
concurrency 96 - repeat 1,flow-control-off capacity,concurrency,96.0,1,56.537,1705,1609,96,,ok
concurrency 96 - repeat 1,flow-control-off capacity,concurrency,96.0,1,57.003,1705,1609,96,,ok
concurrency 96 - repeat 1,flow-control-off capacity,concurrency,96.0,1,57.516,1759,1663,96,,ok
concurrency 96 - repeat 1,flow-control-off capacity,concurrency,96.0,1,58.036,1759,1663,96,,ok
concurrency 96 - repeat 1,flow-control-off capacity,concurrency,96.0,1,58.502,1776,1686,90,,ok
concurrency 96 - repeat 1,flow-control-off capacity,concurrency,96.0,1,59.016,1782,1686,96,,ok
concurrency 96 - repeat 1,flow-control-off capacity,concurrency,96.0,1,59.531,1801,1705,96,,ok
concurrency 96 - repeat 1,flow-control-off capacity,concurrency,96.0,1,60.05,1811,1759,52,,ok
concurrency 96 - repeat 1,flow-control-off capacity,concurrency,96.0,1,60.529,1855,1759,96,,ok
concurrency 96 - repeat 1,flow-control-off capacity,concurrency,96.0,1,61.048,1878,1782,96,,ok
concurrency 96 - repeat 1,flow-control-off capacity,concurrency,96.0,1,61.526,1883,1801,82,,ok
concurrency 96 - repeat 1,flow-control-off capacity,concurrency,96.0,1,62.036,1897,1810,87,,ok
concurrency 96 - repeat 1,flow-control-off capacity,concurrency,96.0,1,62.502,1951,1855,96,,ok
concurrency 96 - repeat 1,flow-control-off capacity,concurrency,96.0,1,63.019,1951,1855,96,,ok
concurrency 96 - repeat 1,flow-control-off capacity,concurrency,96.0,1,63.524,1974,1878,96,,ok
concurrency 96 - repeat 1,flow-control-off capacity,concurrency,96.0,1,64.033,1974,1897,77,,ok
concurrency 96 - repeat 1,flow-control-off capacity,concurrency,96.0,1,64.502,1993,1897,96,,ok
concurrency 96 - repeat 1,flow-control-off capacity,concurrency,96.0,1,65.013,2047,1951,96,,ok
concurrency 96 - repeat 1,flow-control-off capacity,concurrency,96.0,1,65.523,2047,1969,78,,ok
concurrency 96 - repeat 1,flow-control-off capacity,concurrency,96.0,1,66.032,2070,1974,96,,ok
concurrency 96 - repeat 1,flow-control-off capacity,concurrency,96.0,1,66.544,2089,1993,96,,ok
concurrency 96 - repeat 1,flow-control-off capacity,concurrency,96.0,1,67.005,2089,1993,96,,ok
concurrency 96 - repeat 1,flow-control-off capacity,concurrency,96.0,1,67.529,2143,2047,96,,ok
concurrency 96 - repeat 1,flow-control-off capacity,concurrency,96.0,1,68.037,2143,2047,96,,ok
concurrency 96 - repeat 1,flow-control-off capacity,concurrency,96.0,1,68.549,2166,2070,96,,ok
concurrency 96 - repeat 1,flow-control-off capacity,concurrency,96.0,1,69.007,2185,2089,96,,ok
concurrency 96 - repeat 1,flow-control-off capacity,concurrency,96.0,1,69.528,2239,2143,96,,ok
concurrency 96 - repeat 1,flow-control-off capacity,concurrency,96.0,1,70.045,2239,2143,96,,ok
concurrency 96 - repeat 1,flow-control-off capacity,concurrency,96.0,1,70.551,2262,2166,96,,ok
concurrency 96 - repeat 1,flow-control-off capacity,concurrency,96.0,1,71.023,2281,2185,96,,ok
concurrency 96 - repeat 1,flow-control-off capacity,concurrency,96.0,1,71.506,2335,2239,96,,ok
concurrency 96 - repeat 1,flow-control-off capacity,concurrency,96.0,1,72.021,2335,2239,96,,ok
concurrency 96 - repeat 1,flow-control-off capacity,concurrency,96.0,1,72.531,2358,2262,96,,ok
concurrency 96 - repeat 1,flow-control-off capacity,concurrency,96.0,1,73.042,2377,2281,96,,ok
concurrency 96 - repeat 1,flow-control-off capacity,concurrency,96.0,1,73.501,2431,2335,96,,ok
concurrency 96 - repeat 1,flow-control-off capacity,concurrency,96.0,1,74.014,2431,2335,96,,ok
concurrency 96 - repeat 1,flow-control-off capacity,concurrency,96.0,1,74.523,2454,2358,96,,ok
concurrency 96 - repeat 1,flow-control-off capacity,concurrency,96.0,1,75.049,2473,2377,96,,ok
concurrency 96 - repeat 1,flow-control-off capacity,concurrency,96.0,1,75.518,2527,2431,96,,ok
concurrency 96 - repeat 1,flow-control-off capacity,concurrency,96.0,1,76.035,2527,2431,96,,ok
concurrency 96 - repeat 1,flow-control-off capacity,concurrency,96.0,1,76.53,2550,2454,96,,ok
concurrency 96 - repeat 1,flow-control-off capacity,concurrency,96.0,1,77.042,2569,2473,96,,ok
concurrency 96 - repeat 1,flow-control-off capacity,concurrency,96.0,1,77.549,2569,2526,43,,ok
concurrency 96 - repeat 1,flow-control-off capacity,concurrency,96.0,1,78.016,2623,2527,96,,ok
concurrency 96 - repeat 1,flow-control-off capacity,concurrency,96.0,1,78.526,2623,2527,96,,ok
concurrency 96 - repeat 1,flow-control-off capacity,concurrency,96.0,1,79.035,2646,2550,96,,ok
concurrency 96 - repeat 1,flow-control-off capacity,concurrency,96.0,1,79.505,2665,2569,96,,ok
concurrency 96 - repeat 1,flow-control-off capacity,concurrency,96.0,1,80.029,2719,2623,96,,ok
concurrency 96 - repeat 1,flow-control-off capacity,concurrency,96.0,1,80.522,2719,2623,96,,ok
concurrency 96 - repeat 1,flow-control-off capacity,concurrency,96.0,1,81.043,2742,2646,96,,ok
concurrency 96 - repeat 1,flow-control-off capacity,concurrency,96.0,1,81.51,2761,2665,96,,ok
concurrency 96 - repeat 1,flow-control-off capacity,concurrency,96.0,1,82.018,2815,2719,96,,ok
concurrency 96 - repeat 1,flow-control-off capacity,concurrency,96.0,1,82.532,2815,2719,96,,ok
concurrency 96 - repeat 1,flow-control-off capacity,concurrency,96.0,1,83.006,2815,2719,96,,ok
concurrency 96 - repeat 1,flow-control-off capacity,concurrency,96.0,1,83.522,2838,2742,96,,ok
concurrency 96 - repeat 1,flow-control-off capacity,concurrency,96.0,1,84.031,2857,2761,96,,ok
concurrency 96 - repeat 1,flow-control-off capacity,concurrency,96.0,1,84.544,2911,2815,96,,ok
concurrency 96 - repeat 1,flow-control-off capacity,concurrency,96.0,1,85.021,2911,2815,96,,ok
concurrency 96 - repeat 1,flow-control-off capacity,concurrency,96.0,1,85.532,2934,2838,96,,ok
concurrency 96 - repeat 1,flow-control-off capacity,concurrency,96.0,1,86.048,2953,2857,96,,ok
concurrency 96 - repeat 1,flow-control-off capacity,concurrency,96.0,1,86.523,3007,2911,96,,ok
concurrency 96 - repeat 1,flow-control-off capacity,concurrency,96.0,1,87.033,3007,2911,96,,ok
concurrency 96 - repeat 1,flow-control-off capacity,concurrency,96.0,1,87.544,3030,2934,96,,ok
concurrency 96 - repeat 1,flow-control-off capacity,concurrency,96.0,1,88.002,3049,2953,96,,ok
concurrency 96 - repeat 1,flow-control-off capacity,concurrency,96.0,1,88.513,3103,3007,96,,ok
concurrency 96 - repeat 1,flow-control-off capacity,concurrency,96.0,1,89.031,3103,3007,96,,ok
concurrency 96 - repeat 1,flow-control-off capacity,concurrency,96.0,1,89.548,3103,3007,96,,ok
concurrency 96 - repeat 1,flow-control-off capacity,concurrency,96.0,1,90.009,3126,3030,96,,ok
concurrency 96 - repeat 1,flow-control-off capacity,concurrency,96.0,1,90.529,3145,3049,96,,ok
concurrency 96 - repeat 1,flow-control-off capacity,concurrency,96.0,1,91.0,3199,3103,96,,ok
concurrency 96 - repeat 1,flow-control-off capacity,concurrency,96.0,1,91.518,3199,3103,96,,ok
concurrency 96 - repeat 1,flow-control-off capacity,concurrency,96.0,1,92.023,3199,3103,96,,ok
concurrency 96 - repeat 1,flow-control-off capacity,concurrency,96.0,1,92.515,3222,3126,96,,ok
concurrency 96 - repeat 1,flow-control-off capacity,concurrency,96.0,1,93.026,3241,3145,96,,ok
concurrency 96 - repeat 1,flow-control-off capacity,concurrency,96.0,1,93.539,3295,3199,96,,ok
concurrency 96 - repeat 1,flow-control-off capacity,concurrency,96.0,1,94.01,3295,3199,96,,ok
concurrency 96 - repeat 1,flow-control-off capacity,concurrency,96.0,1,94.521,3318,3222,96,,ok
concurrency 96 - repeat 1,flow-control-off capacity,concurrency,96.0,1,95.033,3337,3241,96,,ok
concurrency 96 - repeat 1,flow-control-off capacity,concurrency,96.0,1,95.55,3391,3295,96,,ok
concurrency 96 - repeat 1,flow-control-off capacity,concurrency,96.0,1,96.01,3391,3295,96,,ok
concurrency 96 - repeat 1,flow-control-off capacity,concurrency,96.0,1,96.537,3414,3318,96,,ok
concurrency 96 - repeat 1,flow-control-off capacity,concurrency,96.0,1,97.01,3433,3337,96,,ok
concurrency 96 - repeat 1,flow-control-off capacity,concurrency,96.0,1,97.523,3487,3391,96,,ok
concurrency 96 - repeat 1,flow-control-off capacity,concurrency,96.0,1,98.037,3487,3391,96,,ok
concurrency 96 - repeat 1,flow-control-off capacity,concurrency,96.0,1,98.55,3487,3391,96,,ok
concurrency 96 - repeat 1,flow-control-off capacity,concurrency,96.0,1,99.019,3510,3414,96,,ok
concurrency 96 - repeat 1,flow-control-off capacity,concurrency,96.0,1,99.529,3529,3433,96,,ok
concurrency 96 - repeat 1,flow-control-off capacity,concurrency,96.0,1,100.037,3583,3487,96,,ok
concurrency 96 - repeat 1,flow-control-off capacity,concurrency,96.0,1,100.536,3583,3487,96,,ok
concurrency 96 - repeat 1,flow-control-off capacity,concurrency,96.0,1,101.02,3606,3510,96,,ok
concurrency 96 - repeat 1,flow-control-off capacity,concurrency,96.0,1,101.539,3625,3529,96,,ok
concurrency 96 - repeat 1,flow-control-off capacity,concurrency,96.0,1,102.049,3679,3583,96,,ok
concurrency 96 - repeat 1,flow-control-off capacity,concurrency,96.0,1,102.52,3679,3583,96,,ok
concurrency 96 - repeat 1,flow-control-off capacity,concurrency,96.0,1,103.028,3679,3583,96,,ok
concurrency 96 - repeat 1,flow-control-off capacity,concurrency,96.0,1,103.5,3702,3606,96,,ok
concurrency 96 - repeat 1,flow-control-off capacity,concurrency,96.0,1,104.013,3721,3625,96,,ok
concurrency 96 - repeat 1,flow-control-off capacity,concurrency,96.0,1,104.523,3775,3679,96,,ok
concurrency 96 - repeat 1,flow-control-off capacity,concurrency,96.0,1,105.034,3775,3679,96,,ok
concurrency 96 - repeat 1,flow-control-off capacity,concurrency,96.0,1,105.55,3798,3702,96,,ok
concurrency 96 - repeat 1,flow-control-off capacity,concurrency,96.0,1,106.016,3817,3721,96,,ok
concurrency 96 - repeat 1,flow-control-off capacity,concurrency,96.0,1,106.525,3871,3775,96,,ok
concurrency 96 - repeat 1,flow-control-off capacity,concurrency,96.0,1,107.038,3871,3775,96,,ok
concurrency 96 - repeat 1,flow-control-off capacity,concurrency,96.0,1,107.548,3894,3798,96,,ok
concurrency 96 - repeat 1,flow-control-off capacity,concurrency,96.0,1,108.016,3913,3817,96,,ok
concurrency 96 - repeat 1,flow-control-off capacity,concurrency,96.0,1,108.52,3967,3871,96,,ok
concurrency 96 - repeat 1,flow-control-off capacity,concurrency,96.0,1,109.032,3967,3871,96,,ok
concurrency 96 - repeat 1,flow-control-off capacity,concurrency,96.0,1,109.539,3973,3894,79,,ok
concurrency 96 - repeat 1,flow-control-off capacity,concurrency,96.0,1,110.049,4009,3913,96,,ok
concurrency 96 - repeat 1,flow-control-off capacity,concurrency,96.0,1,110.539,4009,3913,96,,ok
concurrency 96 - repeat 1,flow-control-off capacity,concurrency,96.0,1,111.017,4063,3967,96,,ok
concurrency 96 - repeat 1,flow-control-off capacity,concurrency,96.0,1,111.533,4063,3967,96,,ok
concurrency 96 - repeat 1,flow-control-off capacity,concurrency,96.0,1,112.043,4086,3990,96,,ok
concurrency 96 - repeat 1,flow-control-off capacity,concurrency,96.0,1,112.549,4105,4009,96,,ok
concurrency 96 - repeat 1,flow-control-off capacity,concurrency,96.0,1,113.008,4159,4063,96,,ok
concurrency 96 - repeat 1,flow-control-off capacity,concurrency,96.0,1,113.526,4159,4063,96,,ok
concurrency 96 - repeat 1,flow-control-off capacity,concurrency,96.0,1,114.032,4182,4086,96,,ok
concurrency 96 - repeat 1,flow-control-off capacity,concurrency,96.0,1,114.543,4182,4105,77,,ok
concurrency 96 - repeat 1,flow-control-off capacity,concurrency,96.0,1,115.001,4201,4105,96,,ok
concurrency 96 - repeat 1,flow-control-off capacity,concurrency,96.0,1,115.509,4255,4159,96,,ok
concurrency 96 - repeat 1,flow-control-off capacity,concurrency,96.0,1,116.019,4255,4182,73,,ok
concurrency 96 - repeat 1,flow-control-off capacity,concurrency,96.0,1,116.529,4278,4182,96,,ok
concurrency 96 - repeat 1,flow-control-off capacity,concurrency,96.0,1,117.038,4297,4201,96,,ok
concurrency 96 - repeat 1,flow-control-off capacity,concurrency,96.0,1,117.506,4351,4255,96,,ok
concurrency 96 - repeat 1,flow-control-off capacity,concurrency,96.0,1,118.024,4351,4260,91,,ok
concurrency 96 - repeat 1,flow-control-off capacity,concurrency,96.0,1,118.551,4374,4278,96,,ok
concurrency 96 - repeat 1,flow-control-off capacity,concurrency,96.0,1,119.009,4393,4297,96,,ok
concurrency 96 - repeat 1,flow-control-off capacity,concurrency,96.0,1,119.527,4447,4351,96,,ok
concurrency 96 - repeat 1,flow-control-off capacity,concurrency,96.0,1,120.042,4447,4351,96,,ok
concurrency 96 - repeat 1,flow-control-off capacity,concurrency,96.0,1,120.514,4470,4374,96,,ok
concurrency 96 - repeat 1,flow-control-off capacity,concurrency,96.0,1,121.044,4489,4393,96,,ok
concurrency 96 - repeat 1,flow-control-off capacity,concurrency,96.0,1,121.507,4490,4394,96,,ok
concurrency 96 - repeat 1,flow-control-off capacity,concurrency,96.0,1,122.015,4543,4447,96,,ok
concurrency 96 - repeat 1,flow-control-off capacity,concurrency,96.0,1,122.525,4566,4470,96,,ok
concurrency 96 - repeat 1,flow-control-off capacity,concurrency,96.0,1,123.037,4585,4489,96,,ok
concurrency 96 - repeat 1,flow-control-off capacity,concurrency,96.0,1,123.544,4586,4490,96,,ok
concurrency 96 - repeat 1,flow-control-off capacity,concurrency,96.0,1,124.008,4639,4543,96,,ok
concurrency 96 - repeat 1,flow-control-off capacity,concurrency,96.0,1,124.527,4639,4564,75,,ok
concurrency 96 - repeat 1,flow-control-off capacity,concurrency,96.0,1,125.038,4662,4566,96,,ok
concurrency 96 - repeat 1,flow-control-off capacity,concurrency,96.0,1,125.571,4681,4585,96,,ok
concurrency 96 - repeat 1,flow-control-off capacity,concurrency,96.0,1,126.05,4682,4595,87,,ok
concurrency 96 - repeat 1,flow-control-off capacity,concurrency,96.0,1,126.523,4735,4639,96,,ok
concurrency 96 - repeat 1,flow-control-off capacity,concurrency,96.0,1,127.036,4758,4662,96,,ok
concurrency 96 - repeat 1,flow-control-off capacity,concurrency,96.0,1,127.548,4777,4681,96,,ok
concurrency 96 - repeat 1,flow-control-off capacity,concurrency,96.0,1,128.005,4778,4682,96,,ok
concurrency 96 - repeat 1,flow-control-off capacity,concurrency,96.0,1,128.518,4831,4739,92,,ok
concurrency 96 - repeat 1,flow-control-off capacity,concurrency,96.0,1,129.042,4854,4758,96,,ok
concurrency 96 - repeat 1,flow-control-off capacity,concurrency,96.0,1,129.514,4873,4777,96,,ok
concurrency 96 - repeat 1,flow-control-off capacity,concurrency,96.0,1,130.037,4874,4778,96,,ok
concurrency 96 - repeat 1,flow-control-off capacity,concurrency,96.0,1,130.545,4950,4854,96,,ok
concurrency 96 - repeat 1,flow-control-off capacity,concurrency,96.0,1,131.016,4950,4854,96,,ok
concurrency 96 - repeat 1,flow-control-off capacity,concurrency,96.0,1,131.54,4950,4854,96,,ok
concurrency 96 - repeat 1,flow-control-off capacity,concurrency,96.0,1,132.046,4969,4873,96,,ok
concurrency 96 - repeat 1,flow-control-off capacity,concurrency,96.0,1,132.503,4970,4874,96,,ok
concurrency 96 - repeat 1,flow-control-off capacity,concurrency,96.0,1,133.012,5046,4950,96,,ok
concurrency 96 - repeat 1,flow-control-off capacity,concurrency,96.0,1,133.529,5046,4950,96,,ok
concurrency 96 - repeat 1,flow-control-off capacity,concurrency,96.0,1,134.002,5065,4969,96,,ok
concurrency 96 - repeat 1,flow-control-off capacity,concurrency,96.0,1,134.514,5066,4970,96,,ok
concurrency 96 - repeat 1,flow-control-off capacity,concurrency,96.0,1,135.025,5142,5046,96,,ok
concurrency 96 - repeat 1,flow-control-off capacity,concurrency,96.0,1,135.548,5142,5046,96,,ok
concurrency 96 - repeat 1,flow-control-off capacity,concurrency,96.0,1,136.009,5142,5046,96,,ok
concurrency 96 - repeat 1,flow-control-off capacity,concurrency,96.0,1,136.519,5161,5065,96,,ok
concurrency 96 - repeat 1,flow-control-off capacity,concurrency,96.0,1,137.026,5162,5066,96,,ok
concurrency 96 - repeat 1,flow-control-off capacity,concurrency,96.0,1,137.539,5238,5142,96,,ok
concurrency 96 - repeat 1,flow-control-off capacity,concurrency,96.0,1,138.051,5238,5142,96,,ok
concurrency 96 - repeat 1,flow-control-off capacity,concurrency,96.0,1,138.511,5257,5161,96,,ok
concurrency 96 - repeat 1,flow-control-off capacity,concurrency,96.0,1,139.02,5258,5162,96,,ok
concurrency 96 - repeat 1,flow-control-off capacity,concurrency,96.0,1,139.527,5334,5238,96,,ok
concurrency 96 - repeat 1,flow-control-off capacity,concurrency,96.0,1,140.048,5334,5238,96,,ok
concurrency 96 - repeat 1,flow-control-off capacity,concurrency,96.0,1,140.525,5353,5257,96,,ok
concurrency 96 - repeat 1,flow-control-off capacity,concurrency,96.0,1,141.013,5354,5258,96,,ok
concurrency 96 - repeat 1,flow-control-off capacity,concurrency,96.0,1,141.503,5354,5334,20,,ok
concurrency 96 - repeat 1,flow-control-off capacity,concurrency,96.0,1,142.019,5430,5334,96,,ok
concurrency 96 - repeat 1,flow-control-off capacity,concurrency,96.0,1,142.542,5430,5353,77,,ok
concurrency 96 - repeat 1,flow-control-off capacity,concurrency,96.0,1,143.002,5450,5354,96,,ok
concurrency 96 - repeat 1,flow-control-off capacity,concurrency,96.0,1,143.511,5450,5354,96,,ok
concurrency 96 - repeat 1,flow-control-off capacity,concurrency,96.0,1,144.023,5526,5430,96,,ok
concurrency 96 - repeat 1,flow-control-off capacity,concurrency,96.0,1,144.531,5526,5430,96,,ok
concurrency 96 - repeat 1,flow-control-off capacity,concurrency,96.0,1,145.051,5546,5450,96,,ok
concurrency 96 - repeat 1,flow-control-off capacity,concurrency,96.0,1,145.506,5546,5450,96,,ok
concurrency 96 - repeat 1,flow-control-off capacity,concurrency,96.0,1,146.017,5622,5526,96,,ok
concurrency 96 - repeat 1,flow-control-off capacity,concurrency,96.0,1,146.542,5622,5526,96,,ok
concurrency 96 - repeat 1,flow-control-off capacity,concurrency,96.0,1,147.002,5642,5546,96,,ok
concurrency 96 - repeat 1,flow-control-off capacity,concurrency,96.0,1,147.509,5642,5546,96,,ok
concurrency 96 - repeat 1,flow-control-off capacity,concurrency,96.0,1,148.018,5718,5622,96,,ok
concurrency 96 - repeat 1,flow-control-off capacity,concurrency,96.0,1,148.538,5718,5622,96,,ok
concurrency 96 - repeat 1,flow-control-off capacity,concurrency,96.0,1,149.005,5718,5622,96,,ok
concurrency 96 - repeat 1,flow-control-off capacity,concurrency,96.0,1,149.514,5738,5642,96,,ok
concurrency 96 - repeat 1,flow-control-off capacity,concurrency,96.0,1,150.028,5738,5642,96,,ok
concurrency 96 - repeat 1,flow-control-off capacity,concurrency,96.0,1,150.501,5814,5718,96,,ok
concurrency 96 - repeat 1,flow-control-off capacity,concurrency,96.0,1,151.038,5814,5718,96,,ok
concurrency 96 - repeat 1,flow-control-off capacity,concurrency,96.0,1,151.503,5834,5738,96,,ok
concurrency 96 - repeat 1,flow-control-off capacity,concurrency,96.0,1,152.029,5834,5738,96,,ok
concurrency 96 - repeat 1,flow-control-off capacity,concurrency,96.0,1,152.537,5910,5814,96,,ok
concurrency 96 - repeat 1,flow-control-off capacity,concurrency,96.0,1,153.002,5910,5814,96,,ok
concurrency 96 - repeat 1,flow-control-off capacity,concurrency,96.0,1,153.509,5930,5834,96,,ok
concurrency 96 - repeat 1,flow-control-off capacity,concurrency,96.0,1,154.016,5930,5834,96,,ok
concurrency 96 - repeat 1,flow-control-off capacity,concurrency,96.0,1,154.522,6006,5910,96,,ok
concurrency 96 - repeat 1,flow-control-off capacity,concurrency,96.0,1,155.031,6006,5910,96,,ok
concurrency 96 - repeat 1,flow-control-off capacity,concurrency,96.0,1,155.552,6006,5910,96,,ok
concurrency 96 - repeat 1,flow-control-off capacity,concurrency,96.0,1,156.014,6026,5930,96,,ok
concurrency 96 - repeat 1,flow-control-off capacity,concurrency,96.0,1,156.521,6026,5930,96,,ok
concurrency 96 - repeat 1,flow-control-off capacity,concurrency,96.0,1,157.03,6102,6006,96,,ok
concurrency 96 - repeat 1,flow-control-off capacity,concurrency,96.0,1,157.54,6102,6006,96,,ok
concurrency 96 - repeat 1,flow-control-off capacity,concurrency,96.0,1,158.01,6122,6026,96,,ok
concurrency 96 - repeat 1,flow-control-off capacity,concurrency,96.0,1,158.504,6122,6026,96,,ok
concurrency 96 - repeat 1,flow-control-off capacity,concurrency,96.0,1,159.014,6198,6102,96,,ok
concurrency 96 - repeat 1,flow-control-off capacity,concurrency,96.0,1,159.525,6198,6102,96,,ok
concurrency 96 - repeat 1,flow-control-off capacity,concurrency,96.0,1,160.037,6198,6102,96,,ok
concurrency 96 - repeat 1,flow-control-off capacity,concurrency,96.0,1,160.528,6217,6121,96,,ok
concurrency 96 - repeat 1,flow-control-off capacity,concurrency,96.0,1,161.001,6218,6122,96,,ok
concurrency 96 - repeat 1,flow-control-off capacity,concurrency,96.0,1,161.513,6294,6198,96,,ok
concurrency 96 - repeat 1,flow-control-off capacity,concurrency,96.0,1,162.024,6294,6198,96,,ok
concurrency 96 - repeat 1,flow-control-off capacity,concurrency,96.0,1,162.532,6313,6217,96,,ok
concurrency 96 - repeat 1,flow-control-off capacity,concurrency,96.0,1,163.039,6314,6218,96,,ok
concurrency 96 - repeat 1,flow-control-off capacity,concurrency,96.0,1,163.55,6390,6294,96,,ok
concurrency 96 - repeat 1,flow-control-off capacity,concurrency,96.0,1,164.015,6390,6294,96,,ok
concurrency 96 - repeat 1,flow-control-off capacity,concurrency,96.0,1,164.525,6409,6313,96,,ok
concurrency 96 - repeat 1,flow-control-off capacity,concurrency,96.0,1,165.034,6410,6314,96,,ok
concurrency 96 - repeat 1,flow-control-off capacity,concurrency,96.0,1,165.543,6411,6315,96,,ok
concurrency 96 - repeat 1,flow-control-off capacity,concurrency,96.0,1,166.002,6486,6390,96,,ok
concurrency 96 - repeat 1,flow-control-off capacity,concurrency,96.0,1,166.523,6486,6390,96,,ok
concurrency 96 - repeat 1,flow-control-off capacity,concurrency,96.0,1,167.034,6505,6409,96,,ok
concurrency 96 - repeat 1,flow-control-off capacity,concurrency,96.0,1,167.54,6506,6410,96,,ok
concurrency 96 - repeat 1,flow-control-off capacity,concurrency,96.0,1,168.05,6513,6486,27,,ok
concurrency 96 - repeat 1,flow-control-off capacity,concurrency,96.0,1,168.521,6582,6486,96,,ok
concurrency 96 - repeat 1,flow-control-off capacity,concurrency,96.0,1,169.046,6601,6505,96,,ok
concurrency 96 - repeat 1,flow-control-off capacity,concurrency,96.0,1,169.514,6602,6506,96,,ok
concurrency 96 - repeat 1,flow-control-off capacity,concurrency,96.0,1,170.02,6603,6507,96,,ok
concurrency 96 - repeat 1,flow-control-off capacity,concurrency,96.0,1,170.518,6678,6582,96,,ok
concurrency 96 - repeat 1,flow-control-off capacity,concurrency,96.0,1,171.047,6697,6601,96,,ok
concurrency 96 - repeat 1,flow-control-off capacity,concurrency,96.0,1,171.509,6698,6602,96,,ok
concurrency 96 - repeat 1,flow-control-off capacity,concurrency,96.0,1,172.036,6699,6603,96,,ok
concurrency 96 - repeat 1,flow-control-off capacity,concurrency,96.0,1,172.547,6774,6678,96,,ok
concurrency 96 - repeat 1,flow-control-off capacity,concurrency,96.0,1,173.025,6793,6697,96,,ok
concurrency 96 - repeat 1,flow-control-off capacity,concurrency,96.0,1,173.539,6794,6698,96,,ok
concurrency 96 - repeat 1,flow-control-off capacity,concurrency,96.0,1,174.045,6795,6699,96,,ok
concurrency 96 - repeat 1,flow-control-off capacity,concurrency,96.0,1,174.52,6870,6774,96,,ok
concurrency 96 - repeat 1,flow-control-off capacity,concurrency,96.0,1,175.034,6870,6793,77,,ok
concurrency 96 - repeat 1,flow-control-off capacity,concurrency,96.0,1,175.548,6889,6794,95,,ok
concurrency 96 - repeat 1,flow-control-off capacity,concurrency,96.0,1,176.004,6890,6794,96,,ok
concurrency 96 - repeat 1,flow-control-off capacity,concurrency,96.0,1,176.514,6966,6870,96,,ok
concurrency 96 - repeat 1,flow-control-off capacity,concurrency,96.0,1,177.03,6966,6870,96,,ok
concurrency 96 - repeat 1,flow-control-off capacity,concurrency,96.0,1,177.54,6985,6889,96,,ok
concurrency 96 - repeat 1,flow-control-off capacity,concurrency,96.0,1,178.048,6986,6890,96,,ok
concurrency 96 - repeat 1,flow-control-off capacity,concurrency,96.0,1,178.508,7062,6966,96,,ok
concurrency 96 - repeat 1,flow-control-off capacity,concurrency,96.0,1,179.011,7062,6966,96,,ok
concurrency 96 - repeat 1,flow-control-off capacity,concurrency,96.0,1,179.539,7081,6985,96,,ok
concurrency 128 - repeat 1,flow-control-off capacity,concurrency,128.0,1,0.001,0,0,0,,ok
concurrency 128 - repeat 1,flow-control-off capacity,concurrency,128.0,1,0.517,2,0,2,,ok
concurrency 128 - repeat 1,flow-control-off capacity,concurrency,128.0,1,1.028,4,0,4,,ok
concurrency 128 - repeat 1,flow-control-off capacity,concurrency,128.0,1,1.538,8,2,6,,ok
concurrency 128 - repeat 1,flow-control-off capacity,concurrency,128.0,1,2.046,13,4,9,,ok
concurrency 128 - repeat 1,flow-control-off capacity,concurrency,128.0,1,2.505,17,8,9,,ok
concurrency 128 - repeat 1,flow-control-off capacity,concurrency,128.0,1,3.041,24,11,13,,ok
concurrency 128 - repeat 1,flow-control-off capacity,concurrency,128.0,1,3.501,29,15,14,,ok
concurrency 128 - repeat 1,flow-control-off capacity,concurrency,128.0,1,4.017,38,21,17,,ok
concurrency 128 - repeat 1,flow-control-off capacity,concurrency,128.0,1,4.529,44,26,18,,ok
concurrency 128 - repeat 1,flow-control-off capacity,concurrency,128.0,1,5.041,54,33,21,,ok
concurrency 128 - repeat 1,flow-control-off capacity,concurrency,128.0,1,5.549,60,40,20,,ok
concurrency 128 - repeat 1,flow-control-off capacity,concurrency,128.0,1,6.008,70,45,25,,ok
concurrency 128 - repeat 1,flow-control-off capacity,concurrency,128.0,1,6.519,81,53,28,,ok
concurrency 128 - repeat 1,flow-control-off capacity,concurrency,128.0,1,7.03,89,60,29,,ok
concurrency 128 - repeat 1,flow-control-off capacity,concurrency,128.0,1,7.543,102,70,32,,ok
concurrency 128 - repeat 1,flow-control-off capacity,concurrency,128.0,1,8.002,113,80,33,,ok
concurrency 128 - repeat 1,flow-control-off capacity,concurrency,128.0,1,8.511,124,88,36,,ok
concurrency 128 - repeat 1,flow-control-off capacity,concurrency,128.0,1,9.02,139,101,38,,ok
concurrency 128 - repeat 1,flow-control-off capacity,concurrency,128.0,1,9.528,152,112,40,,ok
concurrency 128 - repeat 1,flow-control-off capacity,concurrency,128.0,1,10.037,166,123,43,,ok
concurrency 128 - repeat 1,flow-control-off capacity,concurrency,128.0,1,10.547,184,139,45,,ok
concurrency 128 - repeat 1,flow-control-off capacity,concurrency,128.0,1,11.015,199,152,47,,ok
concurrency 128 - repeat 1,flow-control-off capacity,concurrency,128.0,1,11.519,214,165,49,,ok
concurrency 128 - repeat 1,flow-control-off capacity,concurrency,128.0,1,12.029,233,183,50,,ok
concurrency 128 - repeat 1,flow-control-off capacity,concurrency,128.0,1,12.549,251,198,53,,ok
concurrency 128 - repeat 1,flow-control-off capacity,concurrency,128.0,1,13.03,255,208,47,,ok
concurrency 128 - repeat 1,flow-control-off capacity,concurrency,128.0,1,13.501,272,215,57,,ok
concurrency 128 - repeat 1,flow-control-off capacity,concurrency,128.0,1,14.015,295,235,60,,ok
concurrency 128 - repeat 1,flow-control-off capacity,concurrency,128.0,1,14.526,315,253,62,,ok
concurrency 128 - repeat 1,flow-control-off capacity,concurrency,128.0,1,15.034,334,270,64,,ok
concurrency 128 - repeat 1,flow-control-off capacity,concurrency,128.0,1,15.542,341,293,48,,ok
concurrency 128 - repeat 1,flow-control-off capacity,concurrency,128.0,1,16.001,362,294,68,,ok
concurrency 128 - repeat 1,flow-control-off capacity,concurrency,128.0,1,16.508,385,315,70,,ok
concurrency 128 - repeat 1,flow-control-off capacity,concurrency,128.0,1,17.019,405,333,72,,ok
concurrency 128 - repeat 1,flow-control-off capacity,concurrency,128.0,1,17.526,415,359,56,,ok
concurrency 128 - repeat 1,flow-control-off capacity,concurrency,128.0,1,18.037,438,361,77,,ok
concurrency 128 - repeat 1,flow-control-off capacity,concurrency,128.0,1,18.502,463,384,79,,ok
concurrency 128 - repeat 1,flow-control-off capacity,concurrency,128.0,1,19.013,486,405,81,,ok
concurrency 128 - repeat 1,flow-control-off capacity,concurrency,128.0,1,19.52,497,414,83,,ok
concurrency 128 - repeat 1,flow-control-off capacity,concurrency,128.0,1,20.048,522,437,85,,ok
concurrency 128 - repeat 1,flow-control-off capacity,concurrency,128.0,1,20.507,551,464,87,,ok
concurrency 128 - repeat 1,flow-control-off capacity,concurrency,128.0,1,21.03,575,485,90,,ok
concurrency 128 - repeat 1,flow-control-off capacity,concurrency,128.0,1,21.548,588,496,92,,ok
concurrency 128 - repeat 1,flow-control-off capacity,concurrency,128.0,1,22.014,590,496,94,,ok
concurrency 128 - repeat 1,flow-control-off capacity,concurrency,128.0,1,22.544,617,521,96,,ok
concurrency 128 - repeat 1,flow-control-off capacity,concurrency,128.0,1,23.016,649,551,98,,ok
concurrency 128 - repeat 1,flow-control-off capacity,concurrency,128.0,1,23.523,651,551,100,,ok
concurrency 128 - repeat 1,flow-control-off capacity,concurrency,128.0,1,24.04,676,574,102,,ok
concurrency 128 - repeat 1,flow-control-off capacity,concurrency,128.0,1,24.5,693,589,104,,ok
concurrency 128 - repeat 1,flow-control-off capacity,concurrency,128.0,1,25.014,723,616,107,,ok
concurrency 128 - repeat 1,flow-control-off capacity,concurrency,128.0,1,25.532,725,616,109,,ok
concurrency 128 - repeat 1,flow-control-off capacity,concurrency,128.0,1,26.039,729,651,78,,ok
concurrency 128 - repeat 1,flow-control-off capacity,concurrency,128.0,1,26.518,765,652,113,,ok
concurrency 128 - repeat 1,flow-control-off capacity,concurrency,128.0,1,27.036,767,652,115,,ok
concurrency 128 - repeat 1,flow-control-off capacity,concurrency,128.0,1,27.51,794,677,117,,ok
concurrency 128 - repeat 1,flow-control-off capacity,concurrency,128.0,1,28.031,796,677,119,,ok
concurrency 128 - repeat 1,flow-control-off capacity,concurrency,128.0,1,28.507,834,713,121,,ok
concurrency 128 - repeat 1,flow-control-off capacity,concurrency,128.0,1,29.019,847,723,124,,ok
concurrency 128 - repeat 1,flow-control-off capacity,concurrency,128.0,1,29.536,849,723,126,,ok
concurrency 128 - repeat 1,flow-control-off capacity,concurrency,128.0,1,30.048,855,727,128,,ok
concurrency 128 - repeat 1,flow-control-off capacity,concurrency,128.0,1,30.521,894,766,128,,ok
concurrency 128 - repeat 1,flow-control-off capacity,concurrency,128.0,1,31.038,923,795,128,,ok
concurrency 128 - repeat 1,flow-control-off capacity,concurrency,128.0,1,31.546,940,848,92,,ok
concurrency 128 - repeat 1,flow-control-off capacity,concurrency,128.0,1,32.008,976,848,128,,ok
concurrency 128 - repeat 1,flow-control-off capacity,concurrency,128.0,1,32.53,982,854,128,,ok
concurrency 128 - repeat 1,flow-control-off capacity,concurrency,128.0,1,33.03,1022,894,128,,ok
concurrency 128 - repeat 1,flow-control-off capacity,concurrency,128.0,1,33.53,1051,923,128,,ok
concurrency 128 - repeat 1,flow-control-off capacity,concurrency,128.0,1,34.042,1104,976,128,,ok
concurrency 128 - repeat 1,flow-control-off capacity,concurrency,128.0,1,34.511,1104,976,128,,ok
concurrency 128 - repeat 1,flow-control-off capacity,concurrency,128.0,1,35.031,1106,982,124,,ok
concurrency 128 - repeat 1,flow-control-off capacity,concurrency,128.0,1,35.538,1112,984,128,,ok
concurrency 128 - repeat 1,flow-control-off capacity,concurrency,128.0,1,36.049,1150,1022,128,,ok
concurrency 128 - repeat 1,flow-control-off capacity,concurrency,128.0,1,36.512,1150,1022,128,,ok
concurrency 128 - repeat 1,flow-control-off capacity,concurrency,128.0,1,37.03,1179,1051,128,,ok
concurrency 128 - repeat 1,flow-control-off capacity,concurrency,128.0,1,37.546,1179,1103,76,,ok
concurrency 128 - repeat 1,flow-control-off capacity,concurrency,128.0,1,38.005,1232,1104,128,,ok
concurrency 128 - repeat 1,flow-control-off capacity,concurrency,128.0,1,38.523,1238,1110,128,,ok
concurrency 128 - repeat 1,flow-control-off capacity,concurrency,128.0,1,39.042,1278,1150,128,,ok
concurrency 128 - repeat 1,flow-control-off capacity,concurrency,128.0,1,39.503,1285,1179,106,,ok
concurrency 128 - repeat 1,flow-control-off capacity,concurrency,128.0,1,40.042,1307,1179,128,,ok
concurrency 128 - repeat 1,flow-control-off capacity,concurrency,128.0,1,40.549,1360,1232,128,,ok
concurrency 128 - repeat 1,flow-control-off capacity,concurrency,128.0,1,41.014,1360,1232,128,,ok
concurrency 128 - repeat 1,flow-control-off capacity,concurrency,128.0,1,41.52,1366,1238,128,,ok
concurrency 128 - repeat 1,flow-control-off capacity,concurrency,128.0,1,42.031,1406,1278,128,,ok
concurrency 128 - repeat 1,flow-control-off capacity,concurrency,128.0,1,42.546,1435,1307,128,,ok
concurrency 128 - repeat 1,flow-control-off capacity,concurrency,128.0,1,43.032,1488,1360,128,,ok
concurrency 128 - repeat 1,flow-control-off capacity,concurrency,128.0,1,43.502,1488,1360,128,,ok
concurrency 128 - repeat 1,flow-control-off capacity,concurrency,128.0,1,44.013,1488,1362,126,,ok
concurrency 128 - repeat 1,flow-control-off capacity,concurrency,128.0,1,44.519,1495,1368,127,,ok
concurrency 128 - repeat 1,flow-control-off capacity,concurrency,128.0,1,45.042,1535,1418,117,,ok
concurrency 128 - repeat 1,flow-control-off capacity,concurrency,128.0,1,45.514,1546,1425,121,,ok
concurrency 128 - repeat 1,flow-control-off capacity,concurrency,128.0,1,46.028,1563,1435,128,,ok
concurrency 128 - repeat 1,flow-control-off capacity,concurrency,128.0,1,46.548,1616,1488,128,,ok
concurrency 128 - repeat 1,flow-control-off capacity,concurrency,128.0,1,47.012,1619,1494,125,,ok
concurrency 128 - repeat 1,flow-control-off capacity,concurrency,128.0,1,47.523,1624,1496,128,,ok
concurrency 128 - repeat 1,flow-control-off capacity,concurrency,128.0,1,48.03,1691,1563,128,,ok
concurrency 128 - repeat 1,flow-control-off capacity,concurrency,128.0,1,48.546,1691,1563,128,,ok
concurrency 128 - repeat 1,flow-control-off capacity,concurrency,128.0,1,49.018,1691,1563,128,,ok
concurrency 128 - repeat 1,flow-control-off capacity,concurrency,128.0,1,49.533,1746,1618,128,,ok
concurrency 128 - repeat 1,flow-control-off capacity,concurrency,128.0,1,50.003,1750,1622,128,,ok
concurrency 128 - repeat 1,flow-control-off capacity,concurrency,128.0,1,50.511,1753,1625,128,,ok
concurrency 128 - repeat 1,flow-control-off capacity,concurrency,128.0,1,51.035,1819,1691,128,,ok
concurrency 128 - repeat 1,flow-control-off capacity,concurrency,128.0,1,51.55,1819,1691,128,,ok
concurrency 128 - repeat 1,flow-control-off capacity,concurrency,128.0,1,52.011,1874,1746,128,,ok
concurrency 128 - repeat 1,flow-control-off capacity,concurrency,128.0,1,52.545,1874,1746,128,,ok
concurrency 128 - repeat 1,flow-control-off capacity,concurrency,128.0,1,53.018,1878,1750,128,,ok
concurrency 128 - repeat 1,flow-control-off capacity,concurrency,128.0,1,53.558,1880,1752,128,,ok
concurrency 128 - repeat 1,flow-control-off capacity,concurrency,128.0,1,54.024,1947,1819,128,,ok
concurrency 128 - repeat 1,flow-control-off capacity,concurrency,128.0,1,54.536,1947,1819,128,,ok
concurrency 128 - repeat 1,flow-control-off capacity,concurrency,128.0,1,55.05,1947,1826,121,,ok
concurrency 128 - repeat 1,flow-control-off capacity,concurrency,128.0,1,55.504,2002,1874,128,,ok
concurrency 128 - repeat 1,flow-control-off capacity,concurrency,128.0,1,56.018,2002,1875,127,,ok
concurrency 128 - repeat 1,flow-control-off capacity,concurrency,128.0,1,56.526,2008,1880,128,,ok
concurrency 128 - repeat 1,flow-control-off capacity,concurrency,128.0,1,57.041,2009,1890,119,,ok
concurrency 128 - repeat 1,flow-control-off capacity,concurrency,128.0,1,57.544,2075,1947,128,,ok
concurrency 128 - repeat 1,flow-control-off capacity,concurrency,128.0,1,58.005,2130,2002,128,,ok
concurrency 128 - repeat 1,flow-control-off capacity,concurrency,128.0,1,58.527,2130,2002,128,,ok
concurrency 128 - repeat 1,flow-control-off capacity,concurrency,128.0,1,59.042,2131,2006,125,,ok
concurrency 128 - repeat 1,flow-control-off capacity,concurrency,128.0,1,59.553,2136,2008,128,,ok
concurrency 128 - repeat 1,flow-control-off capacity,concurrency,128.0,1,60.008,2152,2074,78,,ok
concurrency 128 - repeat 1,flow-control-off capacity,concurrency,128.0,1,60.524,2203,2075,128,,ok
concurrency 128 - repeat 1,flow-control-off capacity,concurrency,128.0,1,61.041,2203,2075,128,,ok
concurrency 128 - repeat 1,flow-control-off capacity,concurrency,128.0,1,61.505,2203,2075,128,,ok
concurrency 128 - repeat 1,flow-control-off capacity,concurrency,128.0,1,62.031,2259,2131,128,,ok
concurrency 128 - repeat 1,flow-control-off capacity,concurrency,128.0,1,62.536,2262,2134,128,,ok
concurrency 128 - repeat 1,flow-control-off capacity,concurrency,128.0,1,63.016,2265,2137,128,,ok
concurrency 128 - repeat 1,flow-control-off capacity,concurrency,128.0,1,63.542,2331,2203,128,,ok
concurrency 128 - repeat 1,flow-control-off capacity,concurrency,128.0,1,64.025,2331,2203,128,,ok
concurrency 128 - repeat 1,flow-control-off capacity,concurrency,128.0,1,64.536,2387,2259,128,,ok
concurrency 128 - repeat 1,flow-control-off capacity,concurrency,128.0,1,65.044,2387,2260,127,,ok
concurrency 128 - repeat 1,flow-control-off capacity,concurrency,128.0,1,65.55,2392,2264,128,,ok
concurrency 128 - repeat 1,flow-control-off capacity,concurrency,128.0,1,66.009,2393,2265,128,,ok
concurrency 128 - repeat 1,flow-control-off capacity,concurrency,128.0,1,66.52,2459,2331,128,,ok
concurrency 128 - repeat 1,flow-control-off capacity,concurrency,128.0,1,67.034,2515,2387,128,,ok
concurrency 128 - repeat 1,flow-control-off capacity,concurrency,128.0,1,67.548,2518,2390,128,,ok
concurrency 128 - repeat 1,flow-control-off capacity,concurrency,128.0,1,68.01,2518,2390,128,,ok
concurrency 128 - repeat 1,flow-control-off capacity,concurrency,128.0,1,68.53,2520,2393,127,,ok
concurrency 128 - repeat 1,flow-control-off capacity,concurrency,128.0,1,69.039,2587,2459,128,,ok
concurrency 128 - repeat 1,flow-control-off capacity,concurrency,128.0,1,69.502,2587,2459,128,,ok
concurrency 128 - repeat 1,flow-control-off capacity,concurrency,128.0,1,70.029,2587,2459,128,,ok
concurrency 128 - repeat 1,flow-control-off capacity,concurrency,128.0,1,70.54,2646,2518,128,,ok
concurrency 128 - repeat 1,flow-control-off capacity,concurrency,128.0,1,71.002,2646,2518,128,,ok
concurrency 128 - repeat 1,flow-control-off capacity,concurrency,128.0,1,71.512,2648,2520,128,,ok
concurrency 128 - repeat 1,flow-control-off capacity,concurrency,128.0,1,72.02,2707,2587,120,,ok
concurrency 128 - repeat 1,flow-control-off capacity,concurrency,128.0,1,72.503,2715,2587,128,,ok
concurrency 128 - repeat 1,flow-control-off capacity,concurrency,128.0,1,73.038,2774,2646,128,,ok
concurrency 128 - repeat 1,flow-control-off capacity,concurrency,128.0,1,73.524,2774,2646,128,,ok
concurrency 128 - repeat 1,flow-control-off capacity,concurrency,128.0,1,74.036,2776,2649,127,,ok
concurrency 128 - repeat 1,flow-control-off capacity,concurrency,128.0,1,74.543,2843,2715,128,,ok
concurrency 128 - repeat 1,flow-control-off capacity,concurrency,128.0,1,75.014,2843,2715,128,,ok
concurrency 128 - repeat 1,flow-control-off capacity,concurrency,128.0,1,75.523,2902,2774,128,,ok
concurrency 128 - repeat 1,flow-control-off capacity,concurrency,128.0,1,76.034,2903,2775,128,,ok
concurrency 128 - repeat 1,flow-control-off capacity,concurrency,128.0,1,76.54,2905,2777,128,,ok
concurrency 128 - repeat 1,flow-control-off capacity,concurrency,128.0,1,77.049,2971,2843,128,,ok
concurrency 128 - repeat 1,flow-control-off capacity,concurrency,128.0,1,77.511,2971,2843,128,,ok
concurrency 128 - repeat 1,flow-control-off capacity,concurrency,128.0,1,78.026,3030,2902,128,,ok
concurrency 128 - repeat 1,flow-control-off capacity,concurrency,128.0,1,78.543,3030,2902,128,,ok
concurrency 128 - repeat 1,flow-control-off capacity,concurrency,128.0,1,79.048,3032,2905,127,,ok
concurrency 128 - repeat 1,flow-control-off capacity,concurrency,128.0,1,79.504,3033,2905,128,,ok
concurrency 128 - repeat 1,flow-control-off capacity,concurrency,128.0,1,80.03,3099,2971,128,,ok
concurrency 128 - repeat 1,flow-control-off capacity,concurrency,128.0,1,80.545,3099,2971,128,,ok
concurrency 128 - repeat 1,flow-control-off capacity,concurrency,128.0,1,81.002,3158,3030,128,,ok
concurrency 128 - repeat 1,flow-control-off capacity,concurrency,128.0,1,81.519,3159,3031,128,,ok
concurrency 128 - repeat 1,flow-control-off capacity,concurrency,128.0,1,82.035,3160,3032,128,,ok
concurrency 128 - repeat 1,flow-control-off capacity,concurrency,128.0,1,82.536,3161,3033,128,,ok
concurrency 128 - repeat 1,flow-control-off capacity,concurrency,128.0,1,83.045,3227,3099,128,,ok
concurrency 128 - repeat 1,flow-control-off capacity,concurrency,128.0,1,83.548,3227,3099,128,,ok
concurrency 128 - repeat 1,flow-control-off capacity,concurrency,128.0,1,84.009,3287,3159,128,,ok
concurrency 128 - repeat 1,flow-control-off capacity,concurrency,128.0,1,84.523,3287,3159,128,,ok
concurrency 128 - repeat 1,flow-control-off capacity,concurrency,128.0,1,85.039,3288,3160,128,,ok
concurrency 128 - repeat 1,flow-control-off capacity,concurrency,128.0,1,85.547,3289,3161,128,,ok
concurrency 128 - repeat 1,flow-control-off capacity,concurrency,128.0,1,86.012,3355,3227,128,,ok
concurrency 128 - repeat 1,flow-control-off capacity,concurrency,128.0,1,86.55,3355,3227,128,,ok
concurrency 128 - repeat 1,flow-control-off capacity,concurrency,128.0,1,87.012,3415,3287,128,,ok
concurrency 128 - repeat 1,flow-control-off capacity,concurrency,128.0,1,87.524,3416,3288,128,,ok
concurrency 128 - repeat 1,flow-control-off capacity,concurrency,128.0,1,88.046,3417,3289,128,,ok
concurrency 128 - repeat 1,flow-control-off capacity,concurrency,128.0,1,88.516,3417,3294,123,,ok
concurrency 128 - repeat 1,flow-control-off capacity,concurrency,128.0,1,89.035,3483,3355,128,,ok
concurrency 128 - repeat 1,flow-control-off capacity,concurrency,128.0,1,89.505,3483,3355,128,,ok
concurrency 128 - repeat 1,flow-control-off capacity,concurrency,128.0,1,90.014,3543,3415,128,,ok
concurrency 128 - repeat 1,flow-control-off capacity,concurrency,128.0,1,90.53,3544,3416,128,,ok
concurrency 128 - repeat 1,flow-control-off capacity,concurrency,128.0,1,91.039,3545,3417,128,,ok
concurrency 128 - repeat 1,flow-control-off capacity,concurrency,128.0,1,91.502,3611,3483,128,,ok
concurrency 128 - repeat 1,flow-control-off capacity,concurrency,128.0,1,92.017,3611,3483,128,,ok
concurrency 128 - repeat 1,flow-control-off capacity,concurrency,128.0,1,92.502,3672,3544,128,,ok
concurrency 128 - repeat 1,flow-control-off capacity,concurrency,128.0,1,93.003,3672,3545,127,,ok
concurrency 128 - repeat 1,flow-control-off capacity,concurrency,128.0,1,93.531,3673,3545,128,,ok
concurrency 128 - repeat 1,flow-control-off capacity,concurrency,128.0,1,94.021,3739,3611,128,,ok
concurrency 128 - repeat 1,flow-control-off capacity,concurrency,128.0,1,94.542,3739,3611,128,,ok
concurrency 128 - repeat 1,flow-control-off capacity,concurrency,128.0,1,95.007,3800,3672,128,,ok
concurrency 128 - repeat 1,flow-control-off capacity,concurrency,128.0,1,95.535,3800,3672,128,,ok
concurrency 128 - repeat 1,flow-control-off capacity,concurrency,128.0,1,96.003,3801,3673,128,,ok
concurrency 128 - repeat 1,flow-control-off capacity,concurrency,128.0,1,96.526,3867,3739,128,,ok
concurrency 128 - repeat 1,flow-control-off capacity,concurrency,128.0,1,97.043,3867,3739,128,,ok
concurrency 128 - repeat 1,flow-control-off capacity,concurrency,128.0,1,97.503,3928,3800,128,,ok
concurrency 128 - repeat 1,flow-control-off capacity,concurrency,128.0,1,98.013,3928,3800,128,,ok
concurrency 128 - repeat 1,flow-control-off capacity,concurrency,128.0,1,98.533,3929,3801,128,,ok
concurrency 128 - repeat 1,flow-control-off capacity,concurrency,128.0,1,99.002,3995,3867,128,,ok
concurrency 128 - repeat 1,flow-control-off capacity,concurrency,128.0,1,99.515,3995,3867,128,,ok
concurrency 128 - repeat 1,flow-control-off capacity,concurrency,128.0,1,100.038,4056,3928,128,,ok
concurrency 128 - repeat 1,flow-control-off capacity,concurrency,128.0,1,100.504,4056,3928,128,,ok
concurrency 128 - repeat 1,flow-control-off capacity,concurrency,128.0,1,101.028,4057,3929,128,,ok
concurrency 128 - repeat 1,flow-control-off capacity,concurrency,128.0,1,101.506,4057,3929,128,,ok
concurrency 128 - repeat 1,flow-control-off capacity,concurrency,128.0,1,102.013,4123,3995,128,,ok
concurrency 128 - repeat 1,flow-control-off capacity,concurrency,128.0,1,102.503,4184,4056,128,,ok
concurrency 128 - repeat 1,flow-control-off capacity,concurrency,128.0,1,103.044,4184,4056,128,,ok
concurrency 128 - repeat 1,flow-control-off capacity,concurrency,128.0,1,103.519,4184,4056,128,,ok
concurrency 128 - repeat 1,flow-control-off capacity,concurrency,128.0,1,104.052,4185,4057,128,,ok
concurrency 128 - repeat 1,flow-control-off capacity,concurrency,128.0,1,104.512,4251,4123,128,,ok
concurrency 128 - repeat 1,flow-control-off capacity,concurrency,128.0,1,105.028,4299,4171,128,,ok
concurrency 128 - repeat 1,flow-control-off capacity,concurrency,128.0,1,105.541,4312,4184,128,,ok
concurrency 128 - repeat 1,flow-control-off capacity,concurrency,128.0,1,106.049,4313,4185,128,,ok
concurrency 128 - repeat 1,flow-control-off capacity,concurrency,128.0,1,106.506,4313,4185,128,,ok
concurrency 128 - repeat 1,flow-control-off capacity,concurrency,128.0,1,107.027,4440,4312,128,,ok
concurrency 128 - repeat 1,flow-control-off capacity,concurrency,128.0,1,107.539,4440,4312,128,,ok
concurrency 128 - repeat 1,flow-control-off capacity,concurrency,128.0,1,108.011,4440,4312,128,,ok
concurrency 128 - repeat 1,flow-control-off capacity,concurrency,128.0,1,108.529,4440,4312,128,,ok
concurrency 128 - repeat 1,flow-control-off capacity,concurrency,128.0,1,109.042,4441,4313,128,,ok
concurrency 128 - repeat 1,flow-control-off capacity,concurrency,128.0,1,109.549,4441,4314,127,,ok
concurrency 128 - repeat 1,flow-control-off capacity,concurrency,128.0,1,110.008,4568,4440,128,,ok
concurrency 128 - repeat 1,flow-control-off capacity,concurrency,128.0,1,110.536,4568,4440,128,,ok
concurrency 128 - repeat 1,flow-control-off capacity,concurrency,128.0,1,111.048,4569,4441,128,,ok
concurrency 128 - repeat 1,flow-control-off capacity,concurrency,128.0,1,111.507,4569,4441,128,,ok
concurrency 128 - repeat 1,flow-control-off capacity,concurrency,128.0,1,112.017,4570,4442,128,,ok
concurrency 128 - repeat 1,flow-control-off capacity,concurrency,128.0,1,112.511,4696,4568,128,,ok
concurrency 128 - repeat 1,flow-control-off capacity,concurrency,128.0,1,113.02,4696,4568,128,,ok
concurrency 128 - repeat 1,flow-control-off capacity,concurrency,128.0,1,113.505,4696,4568,128,,ok
concurrency 128 - repeat 1,flow-control-off capacity,concurrency,128.0,1,114.028,4697,4569,128,,ok
concurrency 128 - repeat 1,flow-control-off capacity,concurrency,128.0,1,114.539,4697,4570,127,,ok
concurrency 128 - repeat 1,flow-control-off capacity,concurrency,128.0,1,115.048,4824,4696,128,,ok
concurrency 128 - repeat 1,flow-control-off capacity,concurrency,128.0,1,115.517,4825,4697,128,,ok
concurrency 128 - repeat 1,flow-control-off capacity,concurrency,128.0,1,116.029,4825,4697,128,,ok
concurrency 128 - repeat 1,flow-control-off capacity,concurrency,128.0,1,116.502,4825,4697,128,,ok
concurrency 128 - repeat 1,flow-control-off capacity,concurrency,128.0,1,117.009,4826,4698,128,,ok
concurrency 128 - repeat 1,flow-control-off capacity,concurrency,128.0,1,117.519,4953,4825,128,,ok
concurrency 128 - repeat 1,flow-control-off capacity,concurrency,128.0,1,118.034,4953,4825,128,,ok
concurrency 128 - repeat 1,flow-control-off capacity,concurrency,128.0,1,118.545,4953,4825,128,,ok
concurrency 128 - repeat 1,flow-control-off capacity,concurrency,128.0,1,119.008,4953,4825,128,,ok
concurrency 128 - repeat 1,flow-control-off capacity,concurrency,128.0,1,119.517,4954,4826,128,,ok
concurrency 128 - repeat 1,flow-control-off capacity,concurrency,128.0,1,120.028,5081,4953,128,,ok
concurrency 128 - repeat 1,flow-control-off capacity,concurrency,128.0,1,120.523,5081,4953,128,,ok
concurrency 128 - repeat 1,flow-control-off capacity,concurrency,128.0,1,121.039,5081,4953,128,,ok
concurrency 128 - repeat 1,flow-control-off capacity,concurrency,128.0,1,121.546,5081,4954,127,,ok
concurrency 128 - repeat 1,flow-control-off capacity,concurrency,128.0,1,122.007,5082,4954,128,,ok
concurrency 128 - repeat 1,flow-control-off capacity,concurrency,128.0,1,122.517,5209,5081,128,,ok
concurrency 128 - repeat 1,flow-control-off capacity,concurrency,128.0,1,123.018,5209,5081,128,,ok
concurrency 128 - repeat 1,flow-control-off capacity,concurrency,128.0,1,123.55,5209,5081,128,,ok
concurrency 128 - repeat 1,flow-control-off capacity,concurrency,128.0,1,124.013,5210,5082,128,,ok
concurrency 128 - repeat 1,flow-control-off capacity,concurrency,128.0,1,124.52,5210,5082,128,,ok
concurrency 128 - repeat 1,flow-control-off capacity,concurrency,128.0,1,125.027,5337,5209,128,,ok
concurrency 128 - repeat 1,flow-control-off capacity,concurrency,128.0,1,125.544,5337,5209,128,,ok
concurrency 128 - repeat 1,flow-control-off capacity,concurrency,128.0,1,126.051,5337,5209,128,,ok
concurrency 128 - repeat 1,flow-control-off capacity,concurrency,128.0,1,126.507,5338,5210,128,,ok
concurrency 128 - repeat 1,flow-control-off capacity,concurrency,128.0,1,127.021,5341,5308,33,,ok
concurrency 128 - repeat 1,flow-control-off capacity,concurrency,128.0,1,127.544,5465,5337,128,,ok
concurrency 128 - repeat 1,flow-control-off capacity,concurrency,128.0,1,128.009,5465,5337,128,,ok
concurrency 128 - repeat 1,flow-control-off capacity,concurrency,128.0,1,128.521,5466,5338,128,,ok
concurrency 128 - repeat 1,flow-control-off capacity,concurrency,128.0,1,129.034,5466,5338,128,,ok
concurrency 128 - repeat 1,flow-control-off capacity,concurrency,128.0,1,129.542,5593,5465,128,,ok
concurrency 128 - repeat 1,flow-control-off capacity,concurrency,128.0,1,130.004,5593,5465,128,,ok
concurrency 128 - repeat 1,flow-control-off capacity,concurrency,128.0,1,130.517,5593,5465,128,,ok
concurrency 128 - repeat 1,flow-control-off capacity,concurrency,128.0,1,131.033,5594,5466,128,,ok
concurrency 128 - repeat 1,flow-control-off capacity,concurrency,128.0,1,131.504,5594,5466,128,,ok
concurrency 128 - repeat 1,flow-control-off capacity,concurrency,128.0,1,132.03,5721,5593,128,,ok
concurrency 128 - repeat 1,flow-control-off capacity,concurrency,128.0,1,132.56,5721,5593,128,,ok
concurrency 128 - repeat 1,flow-control-off capacity,concurrency,128.0,1,133.047,5721,5593,128,,ok
concurrency 128 - repeat 1,flow-control-off capacity,concurrency,128.0,1,133.513,5722,5594,128,,ok
concurrency 128 - repeat 1,flow-control-off capacity,concurrency,128.0,1,134.035,5722,5594,128,,ok
concurrency 128 - repeat 1,flow-control-off capacity,concurrency,128.0,1,134.504,5722,5594,128,,ok
concurrency 128 - repeat 1,flow-control-off capacity,concurrency,128.0,1,135.018,5850,5722,128,,ok
concurrency 128 - repeat 1,flow-control-off capacity,concurrency,128.0,1,135.535,5850,5722,128,,ok
concurrency 128 - repeat 1,flow-control-off capacity,concurrency,128.0,1,136.051,5850,5722,128,,ok
concurrency 128 - repeat 1,flow-control-off capacity,concurrency,128.0,1,136.518,5850,5722,128,,ok
concurrency 128 - repeat 1,flow-control-off capacity,concurrency,128.0,1,137.027,5850,5722,128,,ok
concurrency 128 - repeat 1,flow-control-off capacity,concurrency,128.0,1,137.538,5967,5850,117,,ok
concurrency 128 - repeat 1,flow-control-off capacity,concurrency,128.0,1,138.002,5978,5850,128,,ok
concurrency 128 - repeat 1,flow-control-off capacity,concurrency,128.0,1,138.517,5978,5850,128,,ok
concurrency 128 - repeat 1,flow-control-off capacity,concurrency,128.0,1,139.032,5978,5850,128,,ok
concurrency 128 - repeat 1,flow-control-off capacity,concurrency,128.0,1,139.54,5978,5850,128,,ok
concurrency 128 - repeat 1,flow-control-off capacity,concurrency,128.0,1,140.048,6106,5978,128,,ok
concurrency 128 - repeat 1,flow-control-off capacity,concurrency,128.0,1,140.518,6106,5978,128,,ok
concurrency 128 - repeat 1,flow-control-off capacity,concurrency,128.0,1,141.039,6106,5978,128,,ok
concurrency 128 - repeat 1,flow-control-off capacity,concurrency,128.0,1,141.546,6106,5978,128,,ok
concurrency 128 - repeat 1,flow-control-off capacity,concurrency,128.0,1,142.003,6106,5978,128,,ok
concurrency 128 - repeat 1,flow-control-off capacity,concurrency,128.0,1,142.524,6234,6106,128,,ok
concurrency 128 - repeat 1,flow-control-off capacity,concurrency,128.0,1,143.049,6234,6106,128,,ok
concurrency 128 - repeat 1,flow-control-off capacity,concurrency,128.0,1,143.524,6234,6106,128,,ok
concurrency 128 - repeat 1,flow-control-off capacity,concurrency,128.0,1,144.045,6234,6106,128,,ok
concurrency 128 - repeat 1,flow-control-off capacity,concurrency,128.0,1,144.503,6234,6107,127,,ok
concurrency 128 - repeat 1,flow-control-off capacity,concurrency,128.0,1,145.023,6362,6234,128,,ok
concurrency 128 - repeat 1,flow-control-off capacity,concurrency,128.0,1,145.541,6362,6234,128,,ok
concurrency 128 - repeat 1,flow-control-off capacity,concurrency,128.0,1,146.002,6362,6234,128,,ok
concurrency 128 - repeat 1,flow-control-off capacity,concurrency,128.0,1,146.512,6362,6234,128,,ok
concurrency 128 - repeat 1,flow-control-off capacity,concurrency,128.0,1,147.021,6363,6235,128,,ok
concurrency 128 - repeat 1,flow-control-off capacity,concurrency,128.0,1,147.545,6490,6362,128,,ok
concurrency 128 - repeat 1,flow-control-off capacity,concurrency,128.0,1,148.01,6490,6362,128,,ok
concurrency 128 - repeat 1,flow-control-off capacity,concurrency,128.0,1,148.524,6490,6362,128,,ok
concurrency 128 - repeat 1,flow-control-off capacity,concurrency,128.0,1,149.035,6490,6363,127,,ok
concurrency 128 - repeat 1,flow-control-off capacity,concurrency,128.0,1,149.543,6491,6374,117,,ok
concurrency 128 - repeat 1,flow-control-off capacity,concurrency,128.0,1,150.017,6618,6490,128,,ok
concurrency 128 - repeat 1,flow-control-off capacity,concurrency,128.0,1,150.536,6618,6490,128,,ok
concurrency 128 - repeat 1,flow-control-off capacity,concurrency,128.0,1,151.004,6618,6490,128,,ok
concurrency 128 - repeat 1,flow-control-off capacity,concurrency,128.0,1,151.514,6619,6491,128,,ok
concurrency 128 - repeat 1,flow-control-off capacity,concurrency,128.0,1,152.023,6653,6618,35,,ok
concurrency 128 - repeat 1,flow-control-off capacity,concurrency,128.0,1,152.535,6746,6618,128,,ok
concurrency 128 - repeat 1,flow-control-off capacity,concurrency,128.0,1,153.015,6746,6618,128,,ok
concurrency 128 - repeat 1,flow-control-off capacity,concurrency,128.0,1,153.557,6746,6618,128,,ok
concurrency 128 - repeat 1,flow-control-off capacity,concurrency,128.0,1,154.035,6747,6619,128,,ok
concurrency 128 - repeat 1,flow-control-off capacity,concurrency,128.0,1,154.55,6874,6746,128,,ok
concurrency 128 - repeat 1,flow-control-off capacity,concurrency,128.0,1,155.012,6874,6746,128,,ok
concurrency 128 - repeat 1,flow-control-off capacity,concurrency,128.0,1,155.532,6874,6746,128,,ok
concurrency 128 - repeat 1,flow-control-off capacity,concurrency,128.0,1,156.041,6875,6747,128,,ok
concurrency 128 - repeat 1,flow-control-off capacity,concurrency,128.0,1,156.513,6875,6747,128,,ok
concurrency 128 - repeat 1,flow-control-off capacity,concurrency,128.0,1,157.021,7002,6874,128,,ok
concurrency 128 - repeat 1,flow-control-off capacity,concurrency,128.0,1,157.535,7002,6874,128,,ok
concurrency 128 - repeat 1,flow-control-off capacity,concurrency,128.0,1,158.052,7002,6874,128,,ok
concurrency 128 - repeat 1,flow-control-off capacity,concurrency,128.0,1,158.511,7003,6875,128,,ok
concurrency 128 - repeat 1,flow-control-off capacity,concurrency,128.0,1,159.022,7003,6875,128,,ok
concurrency 128 - repeat 1,flow-control-off capacity,concurrency,128.0,1,159.539,7130,7002,128,,ok
concurrency 128 - repeat 1,flow-control-off capacity,concurrency,128.0,1,160.023,7130,7002,128,,ok
concurrency 128 - repeat 1,flow-control-off capacity,concurrency,128.0,1,160.537,7130,7003,127,,ok
concurrency 128 - repeat 1,flow-control-off capacity,concurrency,128.0,1,161.047,7131,7003,128,,ok
concurrency 128 - repeat 1,flow-control-off capacity,concurrency,128.0,1,161.505,7131,7003,128,,ok
concurrency 128 - repeat 1,flow-control-off capacity,concurrency,128.0,1,162.017,7259,7131,128,,ok
concurrency 128 - repeat 1,flow-control-off capacity,concurrency,128.0,1,162.543,7259,7131,128,,ok
concurrency 128 - repeat 1,flow-control-off capacity,concurrency,128.0,1,163.02,7259,7131,128,,ok
concurrency 128 - repeat 1,flow-control-off capacity,concurrency,128.0,1,163.531,7259,7131,128,,ok
concurrency 128 - repeat 1,flow-control-off capacity,concurrency,128.0,1,164.013,7259,7131,128,,ok
concurrency 128 - repeat 1,flow-control-off capacity,concurrency,128.0,1,164.521,7387,7259,128,,ok
concurrency 128 - repeat 1,flow-control-off capacity,concurrency,128.0,1,165.034,7387,7259,128,,ok
concurrency 128 - repeat 1,flow-control-off capacity,concurrency,128.0,1,165.517,7387,7259,128,,ok
concurrency 128 - repeat 1,flow-control-off capacity,concurrency,128.0,1,166.034,7387,7259,128,,ok
concurrency 128 - repeat 1,flow-control-off capacity,concurrency,128.0,1,166.542,7387,7259,128,,ok
concurrency 128 - repeat 1,flow-control-off capacity,concurrency,128.0,1,167.002,7515,7387,128,,ok
concurrency 128 - repeat 1,flow-control-off capacity,concurrency,128.0,1,167.512,7515,7387,128,,ok
concurrency 128 - repeat 1,flow-control-off capacity,concurrency,128.0,1,168.021,7515,7387,128,,ok
concurrency 128 - repeat 1,flow-control-off capacity,concurrency,128.0,1,168.543,7515,7387,128,,ok
concurrency 128 - repeat 1,flow-control-off capacity,concurrency,128.0,1,169.001,7515,7387,128,,ok
concurrency 128 - repeat 1,flow-control-off capacity,concurrency,128.0,1,169.52,7643,7515,128,,ok
concurrency 128 - repeat 1,flow-control-off capacity,concurrency,128.0,1,170.034,7643,7515,128,,ok
concurrency 128 - repeat 1,flow-control-off capacity,concurrency,128.0,1,170.544,7643,7515,128,,ok
concurrency 128 - repeat 1,flow-control-off capacity,concurrency,128.0,1,171.05,7643,7515,128,,ok
concurrency 128 - repeat 1,flow-control-off capacity,concurrency,128.0,1,171.506,7643,7515,128,,ok
concurrency 128 - repeat 1,flow-control-off capacity,concurrency,128.0,1,172.021,7771,7643,128,,ok
concurrency 128 - repeat 1,flow-control-off capacity,concurrency,128.0,1,172.511,7771,7643,128,,ok
concurrency 128 - repeat 1,flow-control-off capacity,concurrency,128.0,1,173.035,7771,7643,128,,ok
concurrency 128 - repeat 1,flow-control-off capacity,concurrency,128.0,1,173.505,7771,7643,128,,ok
concurrency 128 - repeat 1,flow-control-off capacity,concurrency,128.0,1,174.012,7775,7742,33,,ok
concurrency 128 - repeat 1,flow-control-off capacity,concurrency,128.0,1,174.527,7899,7771,128,,ok
concurrency 128 - repeat 1,flow-control-off capacity,concurrency,128.0,1,175.046,7899,7771,128,,ok
concurrency 128 - repeat 1,flow-control-off capacity,concurrency,128.0,1,175.506,7899,7771,128,,ok
concurrency 128 - repeat 1,flow-control-off capacity,concurrency,128.0,1,176.014,7899,7771,128,,ok
concurrency 128 - repeat 1,flow-control-off capacity,concurrency,128.0,1,176.533,8027,7899,128,,ok
concurrency 128 - repeat 1,flow-control-off capacity,concurrency,128.0,1,177.046,8027,7899,128,,ok
concurrency 128 - repeat 1,flow-control-off capacity,concurrency,128.0,1,177.51,8027,7899,128,,ok
concurrency 128 - repeat 1,flow-control-off capacity,concurrency,128.0,1,178.027,8027,7899,128,,ok
concurrency 128 - repeat 1,flow-control-off capacity,concurrency,128.0,1,178.545,8027,7899,128,,ok
concurrency 128 - repeat 1,flow-control-off capacity,concurrency,128.0,1,179.0,8155,8027,128,,ok
concurrency 128 - repeat 1,flow-control-off capacity,concurrency,128.0,1,179.519,8155,8027,128,,ok
concurrency 160 - repeat 1,flow-control-off capacity,concurrency,160.0,1,0.0,0,0,0,,ok
concurrency 160 - repeat 1,flow-control-off capacity,concurrency,160.0,1,0.518,2,0,2,,ok
concurrency 160 - repeat 1,flow-control-off capacity,concurrency,160.0,1,1.031,5,0,5,,ok
concurrency 160 - repeat 1,flow-control-off capacity,concurrency,160.0,1,1.54,9,1,8,,ok
concurrency 160 - repeat 1,flow-control-off capacity,concurrency,160.0,1,2.048,15,4,11,,ok
concurrency 160 - repeat 1,flow-control-off capacity,concurrency,160.0,1,2.507,21,8,13,,ok
concurrency 160 - repeat 1,flow-control-off capacity,concurrency,160.0,1,3.014,29,13,16,,ok
concurrency 160 - repeat 1,flow-control-off capacity,concurrency,160.0,1,3.525,35,17,18,,ok
concurrency 160 - repeat 1,flow-control-off capacity,concurrency,160.0,1,4.04,42,21,21,,ok
concurrency 160 - repeat 1,flow-control-off capacity,concurrency,160.0,1,4.507,53,29,24,,ok
concurrency 160 - repeat 1,flow-control-off capacity,concurrency,160.0,1,5.032,65,38,27,,ok
concurrency 160 - repeat 1,flow-control-off capacity,concurrency,160.0,1,5.503,72,43,29,,ok
concurrency 160 - repeat 1,flow-control-off capacity,concurrency,160.0,1,6.026,84,57,27,,ok
concurrency 160 - repeat 1,flow-control-off capacity,concurrency,160.0,1,6.537,100,65,35,,ok
concurrency 160 - repeat 1,flow-control-off capacity,concurrency,160.0,1,7.048,107,71,36,,ok
concurrency 160 - repeat 1,flow-control-off capacity,concurrency,160.0,1,7.513,123,84,39,,ok
concurrency 160 - repeat 1,flow-control-off capacity,concurrency,160.0,1,8.028,141,99,42,,ok
concurrency 160 - repeat 1,flow-control-off capacity,concurrency,160.0,1,8.551,151,106,45,,ok
concurrency 160 - repeat 1,flow-control-off capacity,concurrency,160.0,1,9.008,162,121,41,,ok
concurrency 160 - repeat 1,flow-control-off capacity,concurrency,160.0,1,9.521,180,129,51,,ok
concurrency 160 - repeat 1,flow-control-off capacity,concurrency,160.0,1,10.028,195,142,53,,ok
concurrency 160 - repeat 1,flow-control-off capacity,concurrency,160.0,1,10.537,216,160,56,,ok
concurrency 160 - repeat 1,flow-control-off capacity,concurrency,160.0,1,11.049,237,178,59,,ok
concurrency 160 - repeat 1,flow-control-off capacity,concurrency,160.0,1,11.509,253,192,61,,ok
concurrency 160 - repeat 1,flow-control-off capacity,concurrency,160.0,1,12.036,268,204,64,,ok
concurrency 160 - repeat 1,flow-control-off capacity,concurrency,160.0,1,12.547,298,231,67,,ok
concurrency 160 - repeat 1,flow-control-off capacity,concurrency,160.0,1,13.003,305,236,69,,ok
concurrency 160 - repeat 1,flow-control-off capacity,concurrency,160.0,1,13.526,324,253,71,,ok
concurrency 160 - repeat 1,flow-control-off capacity,concurrency,160.0,1,14.003,341,267,74,,ok
concurrency 160 - repeat 1,flow-control-off capacity,concurrency,160.0,1,14.528,376,303,73,,ok
concurrency 160 - repeat 1,flow-control-off capacity,concurrency,160.0,1,15.016,384,304,80,,ok
concurrency 160 - repeat 1,flow-control-off capacity,concurrency,160.0,1,15.528,407,324,83,,ok
concurrency 160 - repeat 1,flow-control-off capacity,concurrency,160.0,1,16.045,426,341,85,,ok
concurrency 160 - repeat 1,flow-control-off capacity,concurrency,160.0,1,16.518,429,341,88,,ok
concurrency 160 - repeat 1,flow-control-off capacity,concurrency,160.0,1,17.025,470,379,91,,ok
concurrency 160 - repeat 1,flow-control-off capacity,concurrency,160.0,1,17.541,473,380,93,,ok
concurrency 160 - repeat 1,flow-control-off capacity,concurrency,160.0,1,18.049,479,385,94,,ok
concurrency 160 - repeat 1,flow-control-off capacity,concurrency,160.0,1,18.521,505,406,99,,ok
concurrency 160 - repeat 1,flow-control-off capacity,concurrency,160.0,1,19.041,530,429,101,,ok
concurrency 160 - repeat 1,flow-control-off capacity,concurrency,160.0,1,19.549,570,473,97,,ok
concurrency 160 - repeat 1,flow-control-off capacity,concurrency,160.0,1,20.013,579,473,106,,ok
concurrency 160 - repeat 1,flow-control-off capacity,concurrency,160.0,1,20.523,592,483,109,,ok
concurrency 160 - repeat 1,flow-control-off capacity,concurrency,160.0,1,21.035,616,505,111,,ok
concurrency 160 - repeat 1,flow-control-off capacity,concurrency,160.0,1,21.543,647,532,115,,ok
concurrency 160 - repeat 1,flow-control-off capacity,concurrency,160.0,1,22.0,695,578,117,,ok
concurrency 160 - repeat 1,flow-control-off capacity,concurrency,160.0,1,22.528,703,583,120,,ok
concurrency 160 - repeat 1,flow-control-off capacity,concurrency,160.0,1,23.037,720,597,123,,ok
concurrency 160 - repeat 1,flow-control-off capacity,concurrency,160.0,1,23.501,741,616,125,,ok
concurrency 160 - repeat 1,flow-control-off capacity,concurrency,160.0,1,24.041,774,646,128,,ok
concurrency 160 - repeat 1,flow-control-off capacity,concurrency,160.0,1,24.537,777,646,131,,ok
concurrency 160 - repeat 1,flow-control-off capacity,concurrency,160.0,1,25.023,829,696,133,,ok
concurrency 160 - repeat 1,flow-control-off capacity,concurrency,160.0,1,25.542,833,697,136,,ok
concurrency 160 - repeat 1,flow-control-off capacity,concurrency,160.0,1,26.002,841,704,137,,ok
concurrency 160 - repeat 1,flow-control-off capacity,concurrency,160.0,1,26.514,860,734,126,,ok
concurrency 160 - repeat 1,flow-control-off capacity,concurrency,160.0,1,27.023,884,742,142,,ok
concurrency 160 - repeat 1,flow-control-off capacity,concurrency,160.0,1,27.533,922,775,147,,ok
concurrency 160 - repeat 1,flow-control-off capacity,concurrency,160.0,1,28.046,924,775,149,,ok
concurrency 160 - repeat 1,flow-control-off capacity,concurrency,160.0,1,28.508,977,825,152,,ok
concurrency 160 - repeat 1,flow-control-off capacity,concurrency,160.0,1,29.024,990,835,155,,ok
concurrency 160 - repeat 1,flow-control-off capacity,concurrency,160.0,1,29.536,1013,859,154,,ok
concurrency 160 - repeat 1,flow-control-off capacity,concurrency,160.0,1,30.004,1030,870,160,,ok
concurrency 160 - repeat 1,flow-control-off capacity,concurrency,160.0,1,30.526,1063,903,160,,ok
concurrency 160 - repeat 1,flow-control-off capacity,concurrency,160.0,1,31.001,1087,938,149,,ok
concurrency 160 - repeat 1,flow-control-off capacity,concurrency,160.0,1,31.53,1123,963,160,,ok
concurrency 160 - repeat 1,flow-control-off capacity,concurrency,160.0,1,32.041,1147,992,155,,ok
concurrency 160 - repeat 1,flow-control-off capacity,concurrency,160.0,1,32.503,1158,998,160,,ok
concurrency 160 - repeat 1,flow-control-off capacity,concurrency,160.0,1,33.016,1191,1031,160,,ok
concurrency 160 - repeat 1,flow-control-off capacity,concurrency,160.0,1,33.54,1226,1066,160,,ok
concurrency 160 - repeat 1,flow-control-off capacity,concurrency,160.0,1,34.022,1251,1091,160,,ok
concurrency 160 - repeat 1,flow-control-off capacity,concurrency,160.0,1,34.518,1275,1115,160,,ok
concurrency 160 - repeat 1,flow-control-off capacity,concurrency,160.0,1,35.013,1286,1136,150,,ok
concurrency 160 - repeat 1,flow-control-off capacity,concurrency,160.0,1,35.525,1319,1159,160,,ok
concurrency 160 - repeat 1,flow-control-off capacity,concurrency,160.0,1,36.038,1365,1209,156,,ok
concurrency 160 - repeat 1,flow-control-off capacity,concurrency,160.0,1,36.547,1382,1223,159,,ok
concurrency 160 - repeat 1,flow-control-off capacity,concurrency,160.0,1,37.034,1410,1250,160,,ok
concurrency 160 - repeat 1,flow-control-off capacity,concurrency,160.0,1,37.5,1415,1264,151,,ok
concurrency 160 - repeat 1,flow-control-off capacity,concurrency,160.0,1,38.029,1447,1289,158,,ok
concurrency 160 - repeat 1,flow-control-off capacity,concurrency,160.0,1,38.549,1497,1341,156,,ok
concurrency 160 - repeat 1,flow-control-off capacity,concurrency,160.0,1,39.013,1510,1352,158,,ok
concurrency 160 - repeat 1,flow-control-off capacity,concurrency,160.0,1,39.522,1538,1378,160,,ok
concurrency 160 - repeat 1,flow-control-off capacity,concurrency,160.0,1,40.044,1557,1399,158,,ok
concurrency 160 - repeat 1,flow-control-off capacity,concurrency,160.0,1,40.504,1575,1417,158,,ok
concurrency 160 - repeat 1,flow-control-off capacity,concurrency,160.0,1,41.021,1625,1469,156,,ok
concurrency 160 - repeat 1,flow-control-off capacity,concurrency,160.0,1,41.534,1640,1484,156,,ok
concurrency 160 - repeat 1,flow-control-off capacity,concurrency,160.0,1,42.043,1666,1507,159,,ok
concurrency 160 - repeat 1,flow-control-off capacity,concurrency,160.0,1,42.502,1680,1527,153,,ok
concurrency 160 - repeat 1,flow-control-off capacity,concurrency,160.0,1,43.01,1703,1546,157,,ok
concurrency 160 - repeat 1,flow-control-off capacity,concurrency,160.0,1,43.524,1753,1597,156,,ok
concurrency 160 - repeat 1,flow-control-off capacity,concurrency,160.0,1,44.056,1768,1612,156,,ok
concurrency 160 - repeat 1,flow-control-off capacity,concurrency,160.0,1,44.537,1795,1635,160,,ok
concurrency 160 - repeat 1,flow-control-off capacity,concurrency,160.0,1,45.055,1815,1655,160,,ok
concurrency 160 - repeat 1,flow-control-off capacity,concurrency,160.0,1,45.525,1834,1685,149,,ok
concurrency 160 - repeat 1,flow-control-off capacity,concurrency,160.0,1,46.045,1885,1726,159,,ok
concurrency 160 - repeat 1,flow-control-off capacity,concurrency,160.0,1,46.509,1900,1740,160,,ok
concurrency 160 - repeat 1,flow-control-off capacity,concurrency,160.0,1,47.029,1924,1764,160,,ok
concurrency 160 - repeat 1,flow-control-off capacity,concurrency,160.0,1,47.541,1943,1789,154,,ok
concurrency 160 - repeat 1,flow-control-off capacity,concurrency,160.0,1,48.001,1963,1813,150,,ok
concurrency 160 - repeat 1,flow-control-off capacity,concurrency,160.0,1,48.519,2014,1855,159,,ok
concurrency 160 - repeat 1,flow-control-off capacity,concurrency,160.0,1,49.035,2028,1871,157,,ok
concurrency 160 - repeat 1,flow-control-off capacity,concurrency,160.0,1,49.501,2052,1892,160,,ok
concurrency 160 - repeat 1,flow-control-off capacity,concurrency,160.0,1,50.028,2077,1927,150,,ok
concurrency 160 - repeat 1,flow-control-off capacity,concurrency,160.0,1,50.54,2109,1949,160,,ok
concurrency 160 - repeat 1,flow-control-off capacity,concurrency,160.0,1,51.002,2143,1984,159,,ok
concurrency 160 - repeat 1,flow-control-off capacity,concurrency,160.0,1,51.514,2159,2007,152,,ok
concurrency 160 - repeat 1,flow-control-off capacity,concurrency,160.0,1,52.027,2180,2022,158,,ok
concurrency 160 - repeat 1,flow-control-off capacity,concurrency,160.0,1,52.54,2215,2055,160,,ok
concurrency 160 - repeat 1,flow-control-off capacity,concurrency,160.0,1,53.049,2238,2079,159,,ok
concurrency 160 - repeat 1,flow-control-off capacity,concurrency,160.0,1,53.515,2271,2115,156,,ok
concurrency 160 - repeat 1,flow-control-off capacity,concurrency,160.0,1,54.05,2296,2139,157,,ok
concurrency 160 - repeat 1,flow-control-off capacity,concurrency,160.0,1,54.546,2309,2150,159,,ok
concurrency 160 - repeat 1,flow-control-off capacity,concurrency,160.0,1,55.022,2343,2183,160,,ok
concurrency 160 - repeat 1,flow-control-off capacity,concurrency,160.0,1,55.538,2367,2207,160,,ok
concurrency 160 - repeat 1,flow-control-off capacity,concurrency,160.0,1,56.05,2403,2243,160,,ok
concurrency 160 - repeat 1,flow-control-off capacity,concurrency,160.0,1,56.51,2424,2267,157,,ok
concurrency 160 - repeat 1,flow-control-off capacity,concurrency,160.0,1,57.026,2438,2279,159,,ok
concurrency 160 - repeat 1,flow-control-off capacity,concurrency,160.0,1,57.542,2471,2311,160,,ok
concurrency 160 - repeat 1,flow-control-off capacity,concurrency,160.0,1,58.002,2500,2346,154,,ok
concurrency 160 - repeat 1,flow-control-off capacity,concurrency,160.0,1,58.51,2531,2374,157,,ok
concurrency 160 - repeat 1,flow-control-off capacity,concurrency,160.0,1,59.027,2555,2402,153,,ok
concurrency 160 - repeat 1,flow-control-off capacity,concurrency,160.0,1,59.539,2567,2416,151,,ok
concurrency 160 - repeat 1,flow-control-off capacity,concurrency,160.0,1,60.048,2599,2439,160,,ok
concurrency 160 - repeat 1,flow-control-off capacity,concurrency,160.0,1,60.507,2634,2485,149,,ok
concurrency 160 - repeat 1,flow-control-off capacity,concurrency,160.0,1,61.016,2662,2502,160,,ok
concurrency 160 - repeat 1,flow-control-off capacity,concurrency,160.0,1,61.526,2690,2530,160,,ok
concurrency 160 - repeat 1,flow-control-off capacity,concurrency,160.0,1,62.042,2704,2549,155,,ok
concurrency 160 - repeat 1,flow-control-off capacity,concurrency,160.0,1,62.511,2727,2569,158,,ok
concurrency 160 - repeat 1,flow-control-off capacity,concurrency,160.0,1,63.034,2777,2621,156,,ok
concurrency 160 - repeat 1,flow-control-off capacity,concurrency,160.0,1,63.543,2791,2632,159,,ok
concurrency 160 - repeat 1,flow-control-off capacity,concurrency,160.0,1,64.01,2814,2658,156,,ok
concurrency 160 - repeat 1,flow-control-off capacity,concurrency,160.0,1,64.533,2829,2679,150,,ok
concurrency 160 - repeat 1,flow-control-off capacity,concurrency,160.0,1,65.003,2855,2695,160,,ok
concurrency 160 - repeat 1,flow-control-off capacity,concurrency,160.0,1,65.526,2905,2745,160,,ok
concurrency 160 - repeat 1,flow-control-off capacity,concurrency,160.0,1,66.038,2920,2760,160,,ok
concurrency 160 - repeat 1,flow-control-off capacity,concurrency,160.0,1,66.551,2947,2787,160,,ok
concurrency 160 - repeat 1,flow-control-off capacity,concurrency,160.0,1,67.006,2965,2807,158,,ok
concurrency 160 - repeat 1,flow-control-off capacity,concurrency,160.0,1,67.533,2986,2827,159,,ok
concurrency 160 - repeat 1,flow-control-off capacity,concurrency,160.0,1,68.045,3037,2878,159,,ok
concurrency 160 - repeat 1,flow-control-off capacity,concurrency,160.0,1,68.502,3051,2892,159,,ok
concurrency 160 - repeat 1,flow-control-off capacity,concurrency,160.0,1,69.016,3075,2916,159,,ok
concurrency 160 - repeat 1,flow-control-off capacity,concurrency,160.0,1,69.532,3095,2939,156,,ok
concurrency 160 - repeat 1,flow-control-off capacity,concurrency,160.0,1,70.002,3115,2965,150,,ok
concurrency 160 - repeat 1,flow-control-off capacity,concurrency,160.0,1,70.521,3165,3007,158,,ok
concurrency 160 - repeat 1,flow-control-off capacity,concurrency,160.0,1,71.031,3180,3023,157,,ok
concurrency 160 - repeat 1,flow-control-off capacity,concurrency,160.0,1,71.541,3204,3044,160,,ok
concurrency 160 - repeat 1,flow-control-off capacity,concurrency,160.0,1,72.001,3223,3069,154,,ok
concurrency 160 - repeat 1,flow-control-off capacity,concurrency,160.0,1,72.51,3253,3101,152,,ok
concurrency 160 - repeat 1,flow-control-off capacity,concurrency,160.0,1,73.037,3295,3136,159,,ok
concurrency 160 - repeat 1,flow-control-off capacity,concurrency,160.0,1,73.55,3311,3159,152,,ok
concurrency 160 - repeat 1,flow-control-off capacity,concurrency,160.0,1,74.014,3332,3172,160,,ok
concurrency 160 - repeat 1,flow-control-off capacity,concurrency,160.0,1,74.504,3351,3202,149,,ok
concurrency 160 - repeat 1,flow-control-off capacity,concurrency,160.0,1,75.02,3389,3229,160,,ok
concurrency 160 - repeat 1,flow-control-off capacity,concurrency,160.0,1,75.532,3422,3267,155,,ok
concurrency 160 - repeat 1,flow-control-off capacity,concurrency,160.0,1,76.002,3439,3279,160,,ok
concurrency 160 - repeat 1,flow-control-off capacity,concurrency,160.0,1,76.514,3460,3300,160,,ok
concurrency 160 - repeat 1,flow-control-off capacity,concurrency,160.0,1,77.025,3495,3335,160,,ok
concurrency 160 - repeat 1,flow-control-off capacity,concurrency,160.0,1,77.539,3519,3359,160,,ok
concurrency 160 - repeat 1,flow-control-off capacity,concurrency,160.0,1,78.007,3555,3395,160,,ok
concurrency 160 - repeat 1,flow-control-off capacity,concurrency,160.0,1,78.52,3575,3416,159,,ok
concurrency 160 - repeat 1,flow-control-off capacity,concurrency,160.0,1,79.029,3590,3430,160,,ok
concurrency 160 - repeat 1,flow-control-off capacity,concurrency,160.0,1,79.517,3623,3463,160,,ok
concurrency 160 - repeat 1,flow-control-off capacity,concurrency,160.0,1,80.029,3647,3498,149,,ok
concurrency 160 - repeat 1,flow-control-off capacity,concurrency,160.0,1,80.542,3683,3523,160,,ok
concurrency 160 - repeat 1,flow-control-off capacity,concurrency,160.0,1,81.011,3704,3547,157,,ok
concurrency 160 - repeat 1,flow-control-off capacity,concurrency,160.0,1,81.519,3718,3559,159,,ok
concurrency 160 - repeat 1,flow-control-off capacity,concurrency,160.0,1,82.027,3751,3591,160,,ok
concurrency 160 - repeat 1,flow-control-off capacity,concurrency,160.0,1,82.536,3786,3637,149,,ok
concurrency 160 - repeat 1,flow-control-off capacity,concurrency,160.0,1,83.009,3811,3652,159,,ok
concurrency 160 - repeat 1,flow-control-off capacity,concurrency,160.0,1,83.527,3835,3682,153,,ok
concurrency 160 - repeat 1,flow-control-off capacity,concurrency,160.0,1,84.019,3846,3696,150,,ok
concurrency 160 - repeat 1,flow-control-off capacity,concurrency,160.0,1,84.511,3879,3719,160,,ok
concurrency 160 - repeat 1,flow-control-off capacity,concurrency,160.0,1,85.03,3914,3765,149,,ok
concurrency 160 - repeat 1,flow-control-off capacity,concurrency,160.0,1,85.542,3942,3783,159,,ok
concurrency 160 - repeat 1,flow-control-off capacity,concurrency,160.0,1,86.002,3960,3810,150,,ok
concurrency 160 - repeat 1,flow-control-off capacity,concurrency,160.0,1,86.526,3974,3829,145,,ok
concurrency 160 - repeat 1,flow-control-off capacity,concurrency,160.0,1,87.036,4007,3848,159,,ok
concurrency 160 - repeat 1,flow-control-off capacity,concurrency,160.0,1,87.549,4053,3897,156,,ok
concurrency 160 - repeat 1,flow-control-off capacity,concurrency,160.0,1,88.005,4070,3910,160,,ok
concurrency 160 - repeat 1,flow-control-off capacity,concurrency,160.0,1,88.514,4098,3938,160,,ok
concurrency 160 - repeat 1,flow-control-off capacity,concurrency,160.0,1,89.025,4112,3957,155,,ok
concurrency 160 - repeat 1,flow-control-off capacity,concurrency,160.0,1,89.547,4137,3978,159,,ok
concurrency 160 - repeat 1,flow-control-off capacity,concurrency,160.0,1,90.019,4185,4029,156,,ok
concurrency 160 - repeat 1,flow-control-off capacity,concurrency,160.0,1,90.535,4200,4042,158,,ok
concurrency 160 - repeat 1,flow-control-off capacity,concurrency,160.0,1,91.05,4226,4067,159,,ok
concurrency 160 - repeat 1,flow-control-off capacity,concurrency,160.0,1,91.512,4245,4087,158,,ok
concurrency 160 - repeat 1,flow-control-off capacity,concurrency,160.0,1,92.02,4265,4106,159,,ok
concurrency 160 - repeat 1,flow-control-off capacity,concurrency,160.0,1,92.545,4317,4157,160,,ok
concurrency 160 - repeat 1,flow-control-off capacity,concurrency,160.0,1,93.005,4328,4172,156,,ok
concurrency 160 - repeat 1,flow-control-off capacity,concurrency,160.0,1,93.519,4355,4195,160,,ok
concurrency 160 - repeat 1,flow-control-off capacity,concurrency,160.0,1,94.047,4375,4215,160,,ok
concurrency 160 - repeat 1,flow-control-off capacity,concurrency,160.0,1,94.519,4394,4235,159,,ok
concurrency 160 - repeat 1,flow-control-off capacity,concurrency,160.0,1,95.038,4445,4285,160,,ok
concurrency 160 - repeat 1,flow-control-off capacity,concurrency,160.0,1,95.551,4460,4300,160,,ok
concurrency 160 - repeat 1,flow-control-off capacity,concurrency,160.0,1,96.022,4483,4324,159,,ok
concurrency 160 - repeat 1,flow-control-off capacity,concurrency,160.0,1,96.531,4503,4343,160,,ok
concurrency 160 - repeat 1,flow-control-off capacity,concurrency,160.0,1,97.042,4522,4373,149,,ok
concurrency 160 - repeat 1,flow-control-off capacity,concurrency,160.0,1,97.508,4573,4413,160,,ok
concurrency 160 - repeat 1,flow-control-off capacity,concurrency,160.0,1,98.018,4588,4428,160,,ok
concurrency 160 - repeat 1,flow-control-off capacity,concurrency,160.0,1,98.541,4611,4451,160,,ok
concurrency 160 - repeat 1,flow-control-off capacity,concurrency,160.0,1,99.0,4631,4471,160,,ok
concurrency 160 - repeat 1,flow-control-off capacity,concurrency,160.0,1,99.526,4661,4501,160,,ok
concurrency 160 - repeat 1,flow-control-off capacity,concurrency,160.0,1,100.039,4702,4543,159,,ok
concurrency 160 - repeat 1,flow-control-off capacity,concurrency,160.0,1,100.504,4716,4556,160,,ok
concurrency 160 - repeat 1,flow-control-off capacity,concurrency,160.0,1,101.016,4740,4580,160,,ok
concurrency 160 - repeat 1,flow-control-off capacity,concurrency,160.0,1,101.528,4765,4605,160,,ok
concurrency 160 - repeat 1,flow-control-off capacity,concurrency,160.0,1,102.051,4797,4637,160,,ok
concurrency 160 - repeat 1,flow-control-off capacity,concurrency,160.0,1,102.511,4830,4671,159,,ok
concurrency 160 - repeat 1,flow-control-off capacity,concurrency,160.0,1,103.038,4847,4695,152,,ok
concurrency 160 - repeat 1,flow-control-off capacity,concurrency,160.0,1,103.501,4868,4708,160,,ok
concurrency 160 - repeat 1,flow-control-off capacity,concurrency,160.0,1,104.014,4893,4743,150,,ok
concurrency 160 - repeat 1,flow-control-off capacity,concurrency,160.0,1,104.507,4917,4765,152,,ok
concurrency 160 - repeat 1,flow-control-off capacity,concurrency,160.0,1,105.023,4959,4802,157,,ok
concurrency 160 - repeat 1,flow-control-off capacity,concurrency,160.0,1,105.533,4975,4823,152,,ok
concurrency 160 - repeat 1,flow-control-off capacity,concurrency,160.0,1,106.046,4996,4838,158,,ok
concurrency 160 - repeat 1,flow-control-off capacity,concurrency,160.0,1,106.529,5023,4871,152,,ok
concurrency 160 - repeat 1,flow-control-off capacity,concurrency,160.0,1,107.038,5053,4895,158,,ok
concurrency 160 - repeat 1,flow-control-off capacity,concurrency,160.0,1,107.55,5091,4931,160,,ok
concurrency 160 - repeat 1,flow-control-off capacity,concurrency,160.0,1,108.009,5100,4951,149,,ok
concurrency 160 - repeat 1,flow-control-off capacity,concurrency,160.0,1,108.518,5124,4964,160,,ok
concurrency 160 - repeat 1,flow-control-off capacity,concurrency,160.0,1,109.033,5159,4999,160,,ok
concurrency 160 - repeat 1,flow-control-off capacity,concurrency,160.0,1,109.544,5181,5021,160,,ok
concurrency 160 - repeat 1,flow-control-off capacity,concurrency,160.0,1,110.006,5216,5059,157,,ok
concurrency 160 - repeat 1,flow-control-off capacity,concurrency,160.0,1,110.519,5239,5080,159,,ok
concurrency 160 - repeat 1,flow-control-off capacity,concurrency,160.0,1,111.037,5254,5094,160,,ok
concurrency 160 - repeat 1,flow-control-off capacity,concurrency,160.0,1,111.552,5287,5127,160,,ok
concurrency 160 - repeat 1,flow-control-off capacity,concurrency,160.0,1,112.014,5311,5158,153,,ok
concurrency 160 - repeat 1,flow-control-off capacity,concurrency,160.0,1,112.539,5347,5187,160,,ok
concurrency 160 - repeat 1,flow-control-off capacity,concurrency,160.0,1,113.052,5368,5211,157,,ok
concurrency 160 - repeat 1,flow-control-off capacity,concurrency,160.0,1,113.521,5382,5222,160,,ok
concurrency 160 - repeat 1,flow-control-off capacity,concurrency,160.0,1,114.052,5415,5255,160,,ok
concurrency 160 - repeat 1,flow-control-off capacity,concurrency,160.0,1,114.531,5439,5290,149,,ok
concurrency 160 - repeat 1,flow-control-off capacity,concurrency,160.0,1,115.043,5475,5315,160,,ok
concurrency 160 - repeat 1,flow-control-off capacity,concurrency,160.0,1,115.523,5496,5339,157,,ok
concurrency 160 - repeat 1,flow-control-off capacity,concurrency,160.0,1,116.037,5510,5351,159,,ok
concurrency 160 - repeat 1,flow-control-off capacity,concurrency,160.0,1,116.512,5543,5383,160,,ok
concurrency 160 - repeat 1,flow-control-off capacity,concurrency,160.0,1,117.032,5578,5424,154,,ok
concurrency 160 - repeat 1,flow-control-off capacity,concurrency,160.0,1,117.546,5603,5446,157,,ok
concurrency 160 - repeat 1,flow-control-off capacity,concurrency,160.0,1,118.004,5615,5467,148,,ok
concurrency 160 - repeat 1,flow-control-off capacity,concurrency,160.0,1,118.512,5637,5479,158,,ok
concurrency 160 - repeat 1,flow-control-off capacity,concurrency,160.0,1,119.036,5671,5511,160,,ok
concurrency 160 - repeat 1,flow-control-off capacity,concurrency,160.0,1,119.548,5695,5557,138,,ok
concurrency 160 - repeat 1,flow-control-off capacity,concurrency,160.0,1,120.007,5731,5571,160,,ok
concurrency 160 - repeat 1,flow-control-off capacity,concurrency,160.0,1,120.503,5752,5595,157,,ok
concurrency 160 - repeat 1,flow-control-off capacity,concurrency,160.0,1,121.035,5767,5616,151,,ok
concurrency 160 - repeat 1,flow-control-off capacity,concurrency,160.0,1,121.544,5799,5639,160,,ok
concurrency 160 - repeat 1,flow-control-off capacity,concurrency,160.0,1,122.005,5834,5685,149,,ok
concurrency 160 - repeat 1,flow-control-off capacity,concurrency,160.0,1,122.523,5859,5702,157,,ok
concurrency 160 - repeat 1,flow-control-off capacity,concurrency,160.0,1,123.034,5883,5730,153,,ok
concurrency 160 - repeat 1,flow-control-off capacity,concurrency,160.0,1,123.508,5894,5744,150,,ok
concurrency 160 - repeat 1,flow-control-off capacity,concurrency,160.0,1,124.029,5927,5767,160,,ok
concurrency 160 - repeat 1,flow-control-off capacity,concurrency,160.0,1,124.502,5962,5813,149,,ok
concurrency 160 - repeat 1,flow-control-off capacity,concurrency,160.0,1,125.031,5990,5831,159,,ok
concurrency 160 - repeat 1,flow-control-off capacity,concurrency,160.0,1,125.542,6018,5858,160,,ok
concurrency 160 - repeat 1,flow-control-off capacity,concurrency,160.0,1,126.008,6023,5872,151,,ok
concurrency 160 - repeat 1,flow-control-off capacity,concurrency,160.0,1,126.518,6055,5896,159,,ok
concurrency 160 - repeat 1,flow-control-off capacity,concurrency,160.0,1,127.03,6101,5945,156,,ok
concurrency 160 - repeat 1,flow-control-off capacity,concurrency,160.0,1,127.544,6118,5960,158,,ok
concurrency 160 - repeat 1,flow-control-off capacity,concurrency,160.0,1,128.005,6146,5986,160,,ok
concurrency 160 - repeat 1,flow-control-off capacity,concurrency,160.0,1,128.51,6150,6005,145,,ok
concurrency 160 - repeat 1,flow-control-off capacity,concurrency,160.0,1,129.031,6183,6025,158,,ok
concurrency 160 - repeat 1,flow-control-off capacity,concurrency,160.0,1,129.54,6218,6074,144,,ok
concurrency 160 - repeat 1,flow-control-off capacity,concurrency,160.0,1,130.048,6246,6088,158,,ok
concurrency 160 - repeat 1,flow-control-off capacity,concurrency,160.0,1,130.511,6274,6114,160,,ok
concurrency 160 - repeat 1,flow-control-off capacity,concurrency,160.0,1,131.022,6293,6133,160,,ok
concurrency 160 - repeat 1,flow-control-off capacity,concurrency,160.0,1,131.535,6313,6153,160,,ok
concurrency 160 - repeat 1,flow-control-off capacity,concurrency,160.0,1,132.048,6365,6205,160,,ok
concurrency 160 - repeat 1,flow-control-off capacity,concurrency,160.0,1,132.505,6375,6216,159,,ok
concurrency 160 - repeat 1,flow-control-off capacity,concurrency,160.0,1,133.016,6402,6243,159,,ok
concurrency 160 - repeat 1,flow-control-off capacity,concurrency,160.0,1,133.539,6423,6263,160,,ok
concurrency 160 - repeat 1,flow-control-off capacity,concurrency,160.0,1,134.019,6441,6282,159,,ok
concurrency 160 - repeat 1,flow-control-off capacity,concurrency,160.0,1,134.533,6493,6333,160,,ok
concurrency 160 - repeat 1,flow-control-off capacity,concurrency,160.0,1,135.008,6504,6348,156,,ok
concurrency 160 - repeat 1,flow-control-off capacity,concurrency,160.0,1,135.537,6531,6372,159,,ok
concurrency 160 - repeat 1,flow-control-off capacity,concurrency,160.0,1,136.01,6551,6391,160,,ok
concurrency 160 - repeat 1,flow-control-off capacity,concurrency,160.0,1,136.528,6571,6421,150,,ok
concurrency 160 - repeat 1,flow-control-off capacity,concurrency,160.0,1,137.003,6621,6461,160,,ok
concurrency 160 - repeat 1,flow-control-off capacity,concurrency,160.0,1,137.528,6636,6476,160,,ok
concurrency 160 - repeat 1,flow-control-off capacity,concurrency,160.0,1,138.004,6659,6500,159,,ok
concurrency 160 - repeat 1,flow-control-off capacity,concurrency,160.0,1,138.524,6679,6525,154,,ok
concurrency 160 - repeat 1,flow-control-off capacity,concurrency,160.0,1,139.044,6709,6557,152,,ok
concurrency 160 - repeat 1,flow-control-off capacity,concurrency,160.0,1,139.505,6749,6591,158,,ok
concurrency 160 - repeat 1,flow-control-off capacity,concurrency,160.0,1,140.025,6764,6607,157,,ok
concurrency 160 - repeat 1,flow-control-off capacity,concurrency,160.0,1,140.539,6788,6629,159,,ok
concurrency 160 - repeat 1,flow-control-off capacity,concurrency,160.0,1,141.002,6807,6647,160,,ok
concurrency 160 - repeat 1,flow-control-off capacity,concurrency,160.0,1,141.529,6845,6685,160,,ok
concurrency 160 - repeat 1,flow-control-off capacity,concurrency,160.0,1,142.048,6879,6719,160,,ok
concurrency 160 - repeat 1,flow-control-off capacity,concurrency,160.0,1,142.62,6892,6743,149,,ok
concurrency 160 - repeat 1,flow-control-off capacity,concurrency,160.0,1,143.031,6916,6758,158,,ok
concurrency 160 - repeat 1,flow-control-off capacity,concurrency,160.0,1,143.506,6941,6791,150,,ok
concurrency 160 - repeat 1,flow-control-off capacity,concurrency,160.0,1,144.021,6973,6815,158,,ok
concurrency 160 - repeat 1,flow-control-off capacity,concurrency,160.0,1,144.504,7007,6851,156,,ok
concurrency 160 - repeat 1,flow-control-off capacity,concurrency,160.0,1,145.022,7031,6872,159,,ok
concurrency 160 - repeat 1,flow-control-off capacity,concurrency,160.0,1,145.537,7046,6886,160,,ok
concurrency 160 - repeat 1,flow-control-off capacity,concurrency,160.0,1,146.005,7079,6919,160,,ok
concurrency 160 - repeat 1,flow-control-off capacity,concurrency,160.0,1,146.516,7103,6949,154,,ok
concurrency 160 - repeat 1,flow-control-off capacity,concurrency,160.0,1,147.041,7139,6979,160,,ok
concurrency 160 - repeat 1,flow-control-off capacity,concurrency,160.0,1,147.502,7159,7000,159,,ok
concurrency 160 - repeat 1,flow-control-off capacity,concurrency,160.0,1,148.025,7174,7015,159,,ok
concurrency 160 - repeat 1,flow-control-off capacity,concurrency,160.0,1,148.544,7207,7047,160,,ok
concurrency 160 - repeat 1,flow-control-off capacity,concurrency,160.0,1,149.017,7242,7091,151,,ok
concurrency 160 - repeat 1,flow-control-off capacity,concurrency,160.0,1,149.529,7267,7110,157,,ok
concurrency 160 - repeat 1,flow-control-off capacity,concurrency,160.0,1,150.041,7291,7138,153,,ok
concurrency 160 - repeat 1,flow-control-off capacity,concurrency,160.0,1,150.502,7301,7143,158,,ok
concurrency 160 - repeat 1,flow-control-off capacity,concurrency,160.0,1,151.013,7335,7175,160,,ok
concurrency 160 - repeat 1,flow-control-off capacity,concurrency,160.0,1,151.537,7364,7216,148,,ok
concurrency 160 - repeat 1,flow-control-off capacity,concurrency,160.0,1,152.0,7395,7235,160,,ok
concurrency 160 - repeat 1,flow-control-off capacity,concurrency,160.0,1,152.527,7419,7259,160,,ok
concurrency 160 - repeat 1,flow-control-off capacity,concurrency,160.0,1,153.035,7440,7280,160,,ok
concurrency 160 - repeat 1,flow-control-off capacity,concurrency,160.0,1,153.511,7463,7303,160,,ok
concurrency 160 - repeat 1,flow-control-off capacity,concurrency,160.0,1,154.012,7501,7353,148,,ok
concurrency 160 - repeat 1,flow-control-off capacity,concurrency,160.0,1,154.535,7526,7367,159,,ok
concurrency 160 - repeat 1,flow-control-off capacity,concurrency,160.0,1,155.007,7554,7394,160,,ok
concurrency 160 - repeat 1,flow-control-off capacity,concurrency,160.0,1,155.525,7568,7413,155,,ok
concurrency 160 - repeat 1,flow-control-off capacity,concurrency,160.0,1,156.047,7593,7434,159,,ok
concurrency 160 - repeat 1,flow-control-off capacity,concurrency,160.0,1,156.524,7641,7481,160,,ok
concurrency 160 - repeat 1,flow-control-off capacity,concurrency,160.0,1,157.031,7655,7496,159,,ok
concurrency 160 - repeat 1,flow-control-off capacity,concurrency,160.0,1,157.5,7682,7522,160,,ok
concurrency 160 - repeat 1,flow-control-off capacity,concurrency,160.0,1,158.01,7701,7541,160,,ok
concurrency 160 - repeat 1,flow-control-off capacity,concurrency,160.0,1,158.52,7721,7562,159,,ok
concurrency 160 - repeat 1,flow-control-off capacity,concurrency,160.0,1,159.036,7769,7613,156,,ok
concurrency 160 - repeat 1,flow-control-off capacity,concurrency,160.0,1,159.502,7783,7624,159,,ok
concurrency 160 - repeat 1,flow-control-off capacity,concurrency,160.0,1,160.013,7810,7651,159,,ok
concurrency 160 - repeat 1,flow-control-off capacity,concurrency,160.0,1,160.523,7829,7671,158,,ok
concurrency 160 - repeat 1,flow-control-off capacity,concurrency,160.0,1,161.035,7850,7690,160,,ok
concurrency 160 - repeat 1,flow-control-off capacity,concurrency,160.0,1,161.55,7901,7741,160,,ok
concurrency 160 - repeat 1,flow-control-off capacity,concurrency,160.0,1,162.013,7911,7756,155,,ok
concurrency 160 - repeat 1,flow-control-off capacity,concurrency,160.0,1,162.532,7938,7779,159,,ok
concurrency 160 - repeat 1,flow-control-off capacity,concurrency,160.0,1,163.051,7957,7799,158,,ok
concurrency 160 - repeat 1,flow-control-off capacity,concurrency,160.0,1,163.522,7978,7818,160,,ok
concurrency 160 - repeat 1,flow-control-off capacity,concurrency,160.0,1,164.014,8029,7869,160,,ok
concurrency 160 - repeat 1,flow-control-off capacity,concurrency,160.0,1,164.661,8040,7895,145,,ok
concurrency 160 - repeat 1,flow-control-off capacity,concurrency,160.0,1,165.025,8067,7908,159,,ok
concurrency 160 - repeat 1,flow-control-off capacity,concurrency,160.0,1,165.512,8087,7927,160,,ok
concurrency 160 - repeat 1,flow-control-off capacity,concurrency,160.0,1,166.041,8116,7957,159,,ok
concurrency 160 - repeat 1,flow-control-off capacity,concurrency,160.0,1,166.507,8157,7998,159,,ok
concurrency 160 - repeat 1,flow-control-off capacity,concurrency,160.0,1,167.013,8172,8012,160,,ok
concurrency 160 - repeat 1,flow-control-off capacity,concurrency,160.0,1,167.524,8196,8036,160,,ok
concurrency 160 - repeat 1,flow-control-off capacity,concurrency,160.0,1,168.033,8215,8061,154,,ok
concurrency 160 - repeat 1,flow-control-off capacity,concurrency,160.0,1,168.504,8245,8090,155,,ok
concurrency 160 - repeat 1,flow-control-off capacity,concurrency,160.0,1,169.015,8286,8127,159,,ok
concurrency 160 - repeat 1,flow-control-off capacity,concurrency,160.0,1,169.528,8300,8143,157,,ok
concurrency 160 - repeat 1,flow-control-off capacity,concurrency,160.0,1,170.008,8324,8164,160,,ok
concurrency 160 - repeat 1,flow-control-off capacity,concurrency,160.0,1,170.521,8349,8195,154,,ok
concurrency 160 - repeat 1,flow-control-off capacity,concurrency,160.0,1,171.046,8381,8221,160,,ok
concurrency 160 - repeat 1,flow-control-off capacity,concurrency,160.0,1,171.51,8415,8256,159,,ok
concurrency 160 - repeat 1,flow-control-off capacity,concurrency,160.0,1,172.032,8431,8279,152,,ok
concurrency 160 - repeat 1,flow-control-off capacity,concurrency,160.0,1,172.542,8452,8294,158,,ok
concurrency 160 - repeat 1,flow-control-off capacity,concurrency,160.0,1,173.002,8471,8311,160,,ok
concurrency 160 - repeat 1,flow-control-off capacity,concurrency,160.0,1,173.509,8501,8341,160,,ok
concurrency 160 - repeat 1,flow-control-off capacity,concurrency,160.0,1,174.042,8543,8383,160,,ok
concurrency 160 - repeat 1,flow-control-off capacity,concurrency,160.0,1,174.542,8567,8407,160,,ok
concurrency 160 - repeat 1,flow-control-off capacity,concurrency,160.0,1,175.03,8581,8422,159,,ok
concurrency 160 - repeat 1,flow-control-off capacity,concurrency,160.0,1,175.544,8615,8455,160,,ok
concurrency 160 - repeat 1,flow-control-off capacity,concurrency,160.0,1,176.001,8637,8479,158,,ok
concurrency 160 - repeat 1,flow-control-off capacity,concurrency,160.0,1,176.511,8672,8515,157,,ok
concurrency 160 - repeat 1,flow-control-off capacity,concurrency,160.0,1,177.026,8695,8536,159,,ok
concurrency 160 - repeat 1,flow-control-off capacity,concurrency,160.0,1,177.549,8710,8550,160,,ok
concurrency 160 - repeat 1,flow-control-off capacity,concurrency,160.0,1,178.045,8743,8583,160,,ok
concurrency 160 - repeat 1,flow-control-off capacity,concurrency,160.0,1,178.517,8766,8607,159,,ok
concurrency 160 - repeat 1,flow-control-off capacity,concurrency,160.0,1,179.026,8803,8643,160,,ok
concurrency 160 - repeat 1,flow-control-off capacity,concurrency,160.0,1,179.545,8824,8667,157,,ok
max sequences 64 - repeat 1,vLLM max sequences,max sequences,64.0,1,0.0,0,0,0,,ok
max sequences 64 - repeat 1,vLLM max sequences,max sequences,64.0,1,0.517,3,0,3,,ok
max sequences 64 - repeat 1,vLLM max sequences,max sequences,64.0,1,1.041,6,0,6,,ok
max sequences 64 - repeat 1,vLLM max sequences,max sequences,64.0,1,1.501,10,1,9,,ok
max sequences 64 - repeat 1,vLLM max sequences,max sequences,64.0,1,2.012,14,4,10,,ok
max sequences 64 - repeat 1,vLLM max sequences,max sequences,64.0,1,2.525,23,7,16,,ok
max sequences 64 - repeat 1,vLLM max sequences,max sequences,64.0,1,3.001,26,7,19,,ok
max sequences 64 - repeat 1,vLLM max sequences,max sequences,64.0,1,3.534,29,7,22,,ok
max sequences 64 - repeat 1,vLLM max sequences,max sequences,64.0,1,4.05,34,8,26,,ok
max sequences 64 - repeat 1,vLLM max sequences,max sequences,64.0,1,4.511,40,11,29,,ok
max sequences 64 - repeat 1,vLLM max sequences,max sequences,64.0,1,5.017,62,30,32,,ok
max sequences 64 - repeat 1,vLLM max sequences,max sequences,64.0,1,5.532,65,30,35,,ok
max sequences 64 - repeat 1,vLLM max sequences,max sequences,64.0,1,6.002,69,31,38,,ok
max sequences 64 - repeat 1,vLLM max sequences,max sequences,64.0,1,6.518,72,31,41,,ok
max sequences 64 - repeat 1,vLLM max sequences,max sequences,64.0,1,7.051,76,31,45,,ok
max sequences 64 - repeat 1,vLLM max sequences,max sequences,64.0,1,7.515,82,35,47,,ok
max sequences 64 - repeat 1,vLLM max sequences,max sequences,64.0,1,8.028,86,35,51,,ok
max sequences 64 - repeat 1,vLLM max sequences,max sequences,64.0,1,8.539,89,35,54,,ok
max sequences 64 - repeat 1,vLLM max sequences,max sequences,64.0,1,9.049,96,39,57,,ok
max sequences 64 - repeat 1,vLLM max sequences,max sequences,64.0,1,9.507,136,75,61,,ok
max sequences 64 - repeat 1,vLLM max sequences,max sequences,64.0,1,10.03,139,75,64,,ok
max sequences 64 - repeat 1,vLLM max sequences,max sequences,64.0,1,10.546,142,75,67,,ok
max sequences 64 - repeat 1,vLLM max sequences,max sequences,64.0,1,11.007,147,87,60,,ok
max sequences 64 - repeat 1,vLLM max sequences,max sequences,64.0,1,11.54,162,88,74,,ok
max sequences 64 - repeat 1,vLLM max sequences,max sequences,64.0,1,12.002,169,94,75,,ok
max sequences 64 - repeat 1,vLLM max sequences,max sequences,64.0,1,12.519,179,101,78,,ok
max sequences 64 - repeat 1,vLLM max sequences,max sequences,64.0,1,13.035,194,126,68,,ok
max sequences 64 - repeat 1,vLLM max sequences,max sequences,64.0,1,13.549,212,126,86,,ok
max sequences 64 - repeat 1,vLLM max sequences,max sequences,64.0,1,14.012,226,137,89,,ok
max sequences 64 - repeat 1,vLLM max sequences,max sequences,64.0,1,14.527,238,145,93,,ok
max sequences 64 - repeat 1,vLLM max sequences,max sequences,64.0,1,15.002,254,158,96,,ok
max sequences 64 - repeat 1,vLLM max sequences,max sequences,64.0,1,15.523,274,190,84,,ok
max sequences 64 - repeat 1,vLLM max sequences,max sequences,64.0,1,16.038,303,201,102,,ok
max sequences 64 - repeat 1,vLLM max sequences,max sequences,64.0,1,16.545,315,209,106,,ok
max sequences 64 - repeat 1,vLLM max sequences,max sequences,64.0,1,17.017,330,222,108,,ok
max sequences 64 - repeat 1,vLLM max sequences,max sequences,64.0,1,17.531,341,239,102,,ok
max sequences 64 - repeat 1,vLLM max sequences,max sequences,64.0,1,18.05,384,270,114,,ok
max sequences 64 - repeat 1,vLLM max sequences,max sequences,64.0,1,18.519,400,285,115,,ok
max sequences 64 - repeat 1,vLLM max sequences,max sequences,64.0,1,19.044,413,291,122,,ok
max sequences 64 - repeat 1,vLLM max sequences,max sequences,64.0,1,19.507,457,333,124,,ok
max sequences 64 - repeat 1,vLLM max sequences,max sequences,64.0,1,20.034,473,346,127,,ok
max sequences 64 - repeat 1,vLLM max sequences,max sequences,64.0,1,20.502,485,354,131,,ok
max sequences 64 - repeat 1,vLLM max sequences,max sequences,64.0,1,21.033,529,395,134,,ok
max sequences 64 - repeat 1,vLLM max sequences,max sequences,64.0,1,21.55,546,409,137,,ok
max sequences 64 - repeat 1,vLLM max sequences,max sequences,64.0,1,22.019,555,416,139,,ok
max sequences 64 - repeat 1,vLLM max sequences,max sequences,64.0,1,22.53,590,454,136,,ok
max sequences 64 - repeat 1,vLLM max sequences,max sequences,64.0,1,23.046,612,466,146,,ok
max sequences 64 - repeat 1,vLLM max sequences,max sequences,64.0,1,23.52,627,478,149,,ok
max sequences 64 - repeat 1,vLLM max sequences,max sequences,64.0,1,24.04,637,495,142,,ok
max sequences 64 - repeat 1,vLLM max sequences,max sequences,64.0,1,24.52,682,525,157,,ok
max sequences 64 - repeat 1,vLLM max sequences,max sequences,64.0,1,25.03,699,539,160,,ok
max sequences 64 - repeat 1,vLLM max sequences,max sequences,64.0,1,25.541,710,547,163,,ok
max sequences 64 - repeat 1,vLLM max sequences,max sequences,64.0,1,26.013,754,589,165,,ok
max sequences 64 - repeat 1,vLLM max sequences,max sequences,64.0,1,26.529,771,602,169,,ok
max sequences 64 - repeat 1,vLLM max sequences,max sequences,64.0,1,27.048,783,611,172,,ok
max sequences 64 - repeat 1,vLLM max sequences,max sequences,64.0,1,27.53,827,651,176,,ok
max sequences 64 - repeat 1,vLLM max sequences,max sequences,64.0,1,28.006,843,664,179,,ok
max sequences 64 - repeat 1,vLLM max sequences,max sequences,64.0,1,28.517,852,672,180,,ok
max sequences 64 - repeat 1,vLLM max sequences,max sequences,64.0,1,29.029,887,710,177,,ok
max sequences 64 - repeat 1,vLLM max sequences,max sequences,64.0,1,29.537,910,722,188,,ok
max sequences 64 - repeat 1,vLLM max sequences,max sequences,64.0,1,30.047,926,734,192,,ok
max sequences 64 - repeat 1,vLLM max sequences,max sequences,64.0,1,30.527,933,751,182,,ok
max sequences 64 - repeat 1,vLLM max sequences,max sequences,64.0,1,31.051,974,783,191,,ok
max sequences 64 - repeat 1,vLLM max sequences,max sequences,64.0,1,31.516,989,797,192,,ok
max sequences 64 - repeat 1,vLLM max sequences,max sequences,64.0,1,32.021,995,803,192,,ok
max sequences 64 - repeat 1,vLLM max sequences,max sequences,64.0,1,32.535,1037,845,192,,ok
max sequences 64 - repeat 1,vLLM max sequences,max sequences,64.0,1,33.048,1050,858,192,,ok
max sequences 64 - repeat 1,vLLM max sequences,max sequences,64.0,1,33.512,1058,867,191,,ok
max sequences 64 - repeat 1,vLLM max sequences,max sequences,64.0,1,34.021,1099,907,192,,ok
max sequences 64 - repeat 1,vLLM max sequences,max sequences,64.0,1,34.531,1106,921,185,,ok
max sequences 64 - repeat 1,vLLM max sequences,max sequences,64.0,1,35.007,1118,926,192,,ok
max sequences 64 - repeat 1,vLLM max sequences,max sequences,64.0,1,35.524,1150,958,192,,ok
max sequences 64 - repeat 1,vLLM max sequences,max sequences,64.0,1,36.038,1169,977,192,,ok
max sequences 64 - repeat 1,vLLM max sequences,max sequences,64.0,1,36.503,1182,990,192,,ok
max sequences 64 - repeat 1,vLLM max sequences,max sequences,64.0,1,37.034,1199,1007,192,,ok
max sequences 64 - repeat 1,vLLM max sequences,max sequences,64.0,1,37.504,1229,1038,191,,ok
max sequences 64 - repeat 1,vLLM max sequences,max sequences,64.0,1,38.021,1245,1053,192,,ok
max sequences 64 - repeat 1,vLLM max sequences,max sequences,64.0,1,38.551,1251,1061,190,,ok
max sequences 64 - repeat 1,vLLM max sequences,max sequences,64.0,1,39.017,1293,1101,192,,ok
max sequences 64 - repeat 1,vLLM max sequences,max sequences,64.0,1,39.533,1306,1114,192,,ok
max sequences 64 - repeat 1,vLLM max sequences,max sequences,64.0,1,40.019,1314,1123,191,,ok
max sequences 64 - repeat 1,vLLM max sequences,max sequences,64.0,1,40.531,1355,1163,192,,ok
max sequences 64 - repeat 1,vLLM max sequences,max sequences,64.0,1,41.004,1368,1177,191,,ok
max sequences 64 - repeat 1,vLLM max sequences,max sequences,64.0,1,41.529,1376,1185,191,,ok
max sequences 64 - repeat 1,vLLM max sequences,max sequences,64.0,1,42.048,1414,1227,187,,ok
max sequences 64 - repeat 1,vLLM max sequences,max sequences,64.0,1,42.511,1425,1234,191,,ok
max sequences 64 - repeat 1,vLLM max sequences,max sequences,64.0,1,43.029,1438,1246,192,,ok
max sequences 64 - repeat 1,vLLM max sequences,max sequences,64.0,1,43.543,1455,1278,177,,ok
max sequences 64 - repeat 1,vLLM max sequences,max sequences,64.0,1,44.002,1485,1294,191,,ok
max sequences 64 - repeat 1,vLLM max sequences,max sequences,64.0,1,44.523,1501,1309,192,,ok
max sequences 64 - repeat 1,vLLM max sequences,max sequences,64.0,1,45.044,1507,1317,190,,ok
max sequences 64 - repeat 1,vLLM max sequences,max sequences,64.0,1,45.505,1548,1357,191,,ok
max sequences 64 - repeat 1,vLLM max sequences,max sequences,64.0,1,46.018,1562,1370,192,,ok
max sequences 64 - repeat 1,vLLM max sequences,max sequences,64.0,1,46.528,1570,1378,192,,ok
max sequences 64 - repeat 1,vLLM max sequences,max sequences,64.0,1,47.063,1611,1419,192,,ok
max sequences 64 - repeat 1,vLLM max sequences,max sequences,64.0,1,47.53,1625,1433,192,,ok
max sequences 64 - repeat 1,vLLM max sequences,max sequences,64.0,1,48.047,1633,1442,191,,ok
max sequences 64 - repeat 1,vLLM max sequences,max sequences,64.0,1,48.511,1670,1483,187,,ok
max sequences 64 - repeat 1,vLLM max sequences,max sequences,64.0,1,49.021,1681,1496,185,,ok
max sequences 64 - repeat 1,vLLM max sequences,max sequences,64.0,1,49.53,1694,1502,192,,ok
max sequences 64 - repeat 1,vLLM max sequences,max sequences,64.0,1,50.003,1711,1534,177,,ok
max sequences 64 - repeat 1,vLLM max sequences,max sequences,64.0,1,50.516,1742,1552,190,,ok
max sequences 64 - repeat 1,vLLM max sequences,max sequences,64.0,1,51.036,1757,1566,191,,ok
max sequences 64 - repeat 1,vLLM max sequences,max sequences,64.0,1,51.55,1765,1573,192,,ok
max sequences 64 - repeat 1,vLLM max sequences,max sequences,64.0,1,52.02,1805,1613,192,,ok
max sequences 64 - repeat 1,vLLM max sequences,max sequences,64.0,1,52.544,1818,1629,189,,ok
max sequences 64 - repeat 1,vLLM max sequences,max sequences,64.0,1,53.011,1827,1635,192,,ok
max sequences 64 - repeat 1,vLLM max sequences,max sequences,64.0,1,53.525,1867,1676,191,,ok
max sequences 64 - repeat 1,vLLM max sequences,max sequences,64.0,1,54.031,1881,1690,191,,ok
max sequences 64 - repeat 1,vLLM max sequences,max sequences,64.0,1,54.541,1889,1698,191,,ok
max sequences 64 - repeat 1,vLLM max sequences,max sequences,64.0,1,55.001,1926,1739,187,,ok
max sequences 64 - repeat 1,vLLM max sequences,max sequences,64.0,1,55.531,1938,1752,186,,ok
max sequences 64 - repeat 1,vLLM max sequences,max sequences,64.0,1,56.045,1950,1759,191,,ok
max sequences 64 - repeat 1,vLLM max sequences,max sequences,64.0,1,56.507,1957,1790,167,,ok
max sequences 64 - repeat 1,vLLM max sequences,max sequences,64.0,1,57.026,1997,1805,192,,ok
max sequences 64 - repeat 1,vLLM max sequences,max sequences,64.0,1,57.58,2013,1821,192,,ok
max sequences 64 - repeat 1,vLLM max sequences,max sequences,64.0,1,58.039,2019,1827,192,,ok
max sequences 64 - repeat 1,vLLM max sequences,max sequences,64.0,1,58.502,2061,1869,192,,ok
max sequences 64 - repeat 1,vLLM max sequences,max sequences,64.0,1,59.013,2074,1882,192,,ok
max sequences 64 - repeat 1,vLLM max sequences,max sequences,64.0,1,59.521,2083,1891,192,,ok
max sequences 64 - repeat 1,vLLM max sequences,max sequences,64.0,1,60.035,2123,1932,191,,ok
max sequences 64 - repeat 1,vLLM max sequences,max sequences,64.0,1,60.512,2136,1945,191,,ok
max sequences 64 - repeat 1,vLLM max sequences,max sequences,64.0,1,61.034,2145,1954,191,,ok
max sequences 64 - repeat 1,vLLM max sequences,max sequences,64.0,1,61.52,2182,1995,187,,ok
max sequences 64 - repeat 1,vLLM max sequences,max sequences,64.0,1,62.039,2194,2008,186,,ok
max sequences 64 - repeat 1,vLLM max sequences,max sequences,64.0,1,62.505,2206,2014,192,,ok
max sequences 64 - repeat 1,vLLM max sequences,max sequences,64.0,1,63.032,2238,2046,192,,ok
max sequences 64 - repeat 1,vLLM max sequences,max sequences,64.0,1,63.548,2256,2065,191,,ok
max sequences 64 - repeat 1,vLLM max sequences,max sequences,64.0,1,64.016,2269,2078,191,,ok
max sequences 64 - repeat 1,vLLM max sequences,max sequences,64.0,1,64.526,2277,2085,192,,ok
max sequences 64 - repeat 1,vLLM max sequences,max sequences,64.0,1,65.038,2317,2125,192,,ok
max sequences 64 - repeat 1,vLLM max sequences,max sequences,64.0,1,65.502,2330,2138,192,,ok
max sequences 64 - repeat 1,vLLM max sequences,max sequences,64.0,1,66.011,2339,2147,192,,ok
max sequences 64 - repeat 1,vLLM max sequences,max sequences,64.0,1,66.537,2380,2189,191,,ok
max sequences 64 - repeat 1,vLLM max sequences,max sequences,64.0,1,67.017,2392,2202,190,,ok
max sequences 64 - repeat 1,vLLM max sequences,max sequences,64.0,1,67.536,2400,2210,190,,ok
max sequences 64 - repeat 1,vLLM max sequences,max sequences,64.0,1,68.006,2438,2246,192,,ok
max sequences 64 - repeat 1,vLLM max sequences,max sequences,64.0,1,68.516,2450,2258,192,,ok
max sequences 64 - repeat 1,vLLM max sequences,max sequences,64.0,1,69.024,2462,2270,192,,ok
max sequences 64 - repeat 1,vLLM max sequences,max sequences,64.0,1,69.538,2494,2310,184,,ok
max sequences 64 - repeat 1,vLLM max sequences,max sequences,64.0,1,70.051,2513,2321,192,,ok
max sequences 64 - repeat 1,vLLM max sequences,max sequences,64.0,1,70.511,2525,2334,191,,ok
max sequences 64 - repeat 1,vLLM max sequences,max sequences,64.0,1,71.025,2532,2351,181,,ok
max sequences 64 - repeat 1,vLLM max sequences,max sequences,64.0,1,71.534,2573,2381,192,,ok
max sequences 64 - repeat 1,vLLM max sequences,max sequences,64.0,1,72.043,2589,2397,192,,ok
max sequences 64 - repeat 1,vLLM max sequences,max sequences,64.0,1,72.502,2595,2403,192,,ok
max sequences 64 - repeat 1,vLLM max sequences,max sequences,64.0,1,73.013,2636,2445,191,,ok
max sequences 64 - repeat 1,vLLM max sequences,max sequences,64.0,1,73.523,2649,2458,191,,ok
max sequences 64 - repeat 1,vLLM max sequences,max sequences,64.0,1,74.04,2658,2467,191,,ok
max sequences 64 - repeat 1,vLLM max sequences,max sequences,64.0,1,74.55,2699,2507,192,,ok
max sequences 64 - repeat 1,vLLM max sequences,max sequences,64.0,1,75.026,2712,2520,192,,ok
max sequences 64 - repeat 1,vLLM max sequences,max sequences,64.0,1,75.508,2718,2527,191,,ok
max sequences 64 - repeat 1,vLLM max sequences,max sequences,64.0,1,76.029,2750,2566,184,,ok
max sequences 64 - repeat 1,vLLM max sequences,max sequences,64.0,1,76.551,2769,2577,192,,ok
max sequences 64 - repeat 1,vLLM max sequences,max sequences,64.0,1,77.039,2782,2590,192,,ok
max sequences 64 - repeat 1,vLLM max sequences,max sequences,64.0,1,77.536,2787,2607,180,,ok
max sequences 64 - repeat 1,vLLM max sequences,max sequences,64.0,1,78.006,2829,2637,192,,ok
max sequences 64 - repeat 1,vLLM max sequences,max sequences,64.0,1,78.522,2842,2653,189,,ok
max sequences 64 - repeat 1,vLLM max sequences,max sequences,64.0,1,79.032,2851,2659,192,,ok
max sequences 64 - repeat 1,vLLM max sequences,max sequences,64.0,1,79.55,2892,2700,192,,ok
max sequences 64 - repeat 1,vLLM max sequences,max sequences,64.0,1,80.01,2905,2714,191,,ok
max sequences 64 - repeat 1,vLLM max sequences,max sequences,64.0,1,80.521,2914,2723,191,,ok
max sequences 64 - repeat 1,vLLM max sequences,max sequences,64.0,1,81.037,2955,2763,192,,ok
max sequences 64 - repeat 1,vLLM max sequences,max sequences,64.0,1,81.5,2968,2776,192,,ok
max sequences 64 - repeat 1,vLLM max sequences,max sequences,64.0,1,82.014,2974,2784,190,,ok
max sequences 64 - repeat 1,vLLM max sequences,max sequences,64.0,1,82.533,3014,2822,192,,ok
max sequences 64 - repeat 1,vLLM max sequences,max sequences,64.0,1,83.007,3023,2833,190,,ok
max sequences 64 - repeat 1,vLLM max sequences,max sequences,64.0,1,83.519,3038,2846,192,,ok
max sequences 64 - repeat 1,vLLM max sequences,max sequences,64.0,1,84.05,3051,2863,188,,ok
max sequences 64 - repeat 1,vLLM max sequences,max sequences,64.0,1,84.512,3085,2893,192,,ok
max sequences 64 - repeat 1,vLLM max sequences,max sequences,64.0,1,85.042,3101,2909,192,,ok
max sequences 64 - repeat 1,vLLM max sequences,max sequences,64.0,1,85.513,3107,2915,192,,ok
max sequences 64 - repeat 1,vLLM max sequences,max sequences,64.0,1,86.04,3149,2957,192,,ok
max sequences 64 - repeat 1,vLLM max sequences,max sequences,64.0,1,86.511,3161,2970,191,,ok
max sequences 64 - repeat 1,vLLM max sequences,max sequences,64.0,1,87.007,3169,2979,190,,ok
max sequences 64 - repeat 1,vLLM max sequences,max sequences,64.0,1,87.539,3211,3019,192,,ok
max sequences 64 - repeat 1,vLLM max sequences,max sequences,64.0,1,88.012,3224,3032,192,,ok
max sequences 64 - repeat 1,vLLM max sequences,max sequences,64.0,1,88.529,3230,3040,190,,ok
max sequences 64 - repeat 1,vLLM max sequences,max sequences,64.0,1,89.039,3262,3078,184,,ok
max sequences 64 - repeat 1,vLLM max sequences,max sequences,64.0,1,89.546,3280,3090,190,,ok
max sequences 64 - repeat 1,vLLM max sequences,max sequences,64.0,1,90.002,3294,3102,192,,ok
max sequences 64 - repeat 1,vLLM max sequences,max sequences,64.0,1,90.517,3301,3119,182,,ok
max sequences 64 - repeat 1,vLLM max sequences,max sequences,64.0,1,91.03,3341,3150,191,,ok
max sequences 64 - repeat 1,vLLM max sequences,max sequences,64.0,1,91.543,3357,3165,192,,ok
max sequences 64 - repeat 1,vLLM max sequences,max sequences,64.0,1,92.05,3363,3173,190,,ok
max sequences 64 - repeat 1,vLLM max sequences,max sequences,64.0,1,92.511,3405,3213,192,,ok
max sequences 64 - repeat 1,vLLM max sequences,max sequences,64.0,1,93.028,3418,3226,192,,ok
max sequences 64 - repeat 1,vLLM max sequences,max sequences,64.0,1,93.542,3427,3235,192,,ok
max sequences 64 - repeat 1,vLLM max sequences,max sequences,64.0,1,94.009,3467,3275,192,,ok
max sequences 64 - repeat 1,vLLM max sequences,max sequences,64.0,1,94.521,3480,3289,191,,ok
max sequences 64 - repeat 1,vLLM max sequences,max sequences,64.0,1,95.027,3488,3297,191,,ok
max sequences 64 - repeat 1,vLLM max sequences,max sequences,64.0,1,95.538,3526,3339,187,,ok
max sequences 64 - repeat 1,vLLM max sequences,max sequences,64.0,1,96.01,3537,3346,191,,ok
max sequences 64 - repeat 1,vLLM max sequences,max sequences,64.0,1,96.522,3550,3358,192,,ok
max sequences 64 - repeat 1,vLLM max sequences,max sequences,64.0,1,97.049,3567,3390,177,,ok
max sequences 64 - repeat 1,vLLM max sequences,max sequences,64.0,1,97.544,3598,3409,189,,ok
max sequences 64 - repeat 1,vLLM max sequences,max sequences,64.0,1,98.009,3613,3421,192,,ok
max sequences 64 - repeat 1,vLLM max sequences,max sequences,64.0,1,98.518,3619,3427,192,,ok
max sequences 64 - repeat 1,vLLM max sequences,max sequences,64.0,1,99.034,3661,3469,192,,ok
max sequences 64 - repeat 1,vLLM max sequences,max sequences,64.0,1,99.552,3674,3485,189,,ok
max sequences 64 - repeat 1,vLLM max sequences,max sequences,64.0,1,100.008,3682,3490,192,,ok
max sequences 64 - repeat 1,vLLM max sequences,max sequences,64.0,1,100.536,3723,3531,192,,ok
max sequences 64 - repeat 1,vLLM max sequences,max sequences,64.0,1,101.005,3736,3544,192,,ok
max sequences 64 - repeat 1,vLLM max sequences,max sequences,64.0,1,101.516,3743,3552,191,,ok
max sequences 64 - repeat 1,vLLM max sequences,max sequences,64.0,1,102.041,3782,3590,192,,ok
max sequences 64 - repeat 1,vLLM max sequences,max sequences,64.0,1,102.551,3793,3606,187,,ok
max sequences 64 - repeat 1,vLLM max sequences,max sequences,64.0,1,103.008,3806,3614,192,,ok
max sequences 64 - repeat 1,vLLM max sequences,max sequences,64.0,1,103.52,3823,3631,192,,ok
max sequences 64 - repeat 1,vLLM max sequences,max sequences,64.0,1,104.032,3853,3663,190,,ok
max sequences 64 - repeat 1,vLLM max sequences,max sequences,64.0,1,104.543,3869,3678,191,,ok
max sequences 64 - repeat 1,vLLM max sequences,max sequences,64.0,1,105.049,3875,3685,190,,ok
max sequences 64 - repeat 1,vLLM max sequences,max sequences,64.0,1,105.51,3917,3725,192,,ok
max sequences 64 - repeat 1,vLLM max sequences,max sequences,64.0,1,106.033,3930,3738,192,,ok
max sequences 64 - repeat 1,vLLM max sequences,max sequences,64.0,1,106.546,3939,3747,192,,ok
max sequences 64 - repeat 1,vLLM max sequences,max sequences,64.0,1,107.034,3979,3787,192,,ok
max sequences 64 - repeat 1,vLLM max sequences,max sequences,64.0,1,107.501,3992,3801,191,,ok
max sequences 64 - repeat 1,vLLM max sequences,max sequences,64.0,1,108.02,4000,3809,191,,ok
max sequences 64 - repeat 1,vLLM max sequences,max sequences,64.0,1,108.54,4038,3851,187,,ok
max sequences 64 - repeat 1,vLLM max sequences,max sequences,64.0,1,109.006,4049,3857,192,,ok
max sequences 64 - repeat 1,vLLM max sequences,max sequences,64.0,1,109.517,4062,3870,192,,ok
max sequences 64 - repeat 1,vLLM max sequences,max sequences,64.0,1,110.028,4069,3902,167,,ok
max sequences 64 - repeat 1,vLLM max sequences,max sequences,64.0,1,110.546,4109,3921,188,,ok
max sequences 64 - repeat 1,vLLM max sequences,max sequences,64.0,1,111.002,4125,3933,192,,ok
max sequences 64 - repeat 1,vLLM max sequences,max sequences,64.0,1,111.517,4131,3939,192,,ok
max sequences 64 - repeat 1,vLLM max sequences,max sequences,64.0,1,112.037,4173,3981,192,,ok
max sequences 64 - repeat 1,vLLM max sequences,max sequences,64.0,1,112.502,4186,3994,192,,ok
max sequences 64 - repeat 1,vLLM max sequences,max sequences,64.0,1,113.011,4194,4003,191,,ok
max sequences 64 - repeat 1,vLLM max sequences,max sequences,64.0,1,113.531,4235,4044,191,,ok
max sequences 64 - repeat 1,vLLM max sequences,max sequences,64.0,1,114.046,4249,4057,192,,ok
max sequences 64 - repeat 1,vLLM max sequences,max sequences,64.0,1,114.502,4255,4065,190,,ok
max sequences 64 - repeat 1,vLLM max sequences,max sequences,64.0,1,115.02,4294,4107,187,,ok
max sequences 64 - repeat 1,vLLM max sequences,max sequences,64.0,1,115.529,4305,4114,191,,ok
max sequences 64 - repeat 1,vLLM max sequences,max sequences,64.0,1,116.042,4318,4126,192,,ok
max sequences 64 - repeat 1,vLLM max sequences,max sequences,64.0,1,116.506,4325,4143,182,,ok
max sequences 64 - repeat 1,vLLM max sequences,max sequences,64.0,1,117.045,4366,4177,189,,ok
max sequences 64 - repeat 1,vLLM max sequences,max sequences,64.0,1,117.541,4381,4190,191,,ok
max sequences 64 - repeat 1,vLLM max sequences,max sequences,64.0,1,118.028,4387,4197,190,,ok
max sequences 64 - repeat 1,vLLM max sequences,max sequences,64.0,1,118.547,4429,4237,192,,ok
max sequences 64 - repeat 1,vLLM max sequences,max sequences,64.0,1,119.016,4442,4250,192,,ok
max sequences 64 - repeat 1,vLLM max sequences,max sequences,64.0,1,119.543,4451,4259,192,,ok
max sequences 64 - repeat 1,vLLM max sequences,max sequences,64.0,1,120.022,4491,4299,192,,ok
max sequences 64 - repeat 1,vLLM max sequences,max sequences,64.0,1,120.53,4504,4313,191,,ok
max sequences 64 - repeat 1,vLLM max sequences,max sequences,64.0,1,121.041,4510,4322,188,,ok
max sequences 64 - repeat 1,vLLM max sequences,max sequences,64.0,1,121.504,4542,4350,192,,ok
max sequences 64 - repeat 1,vLLM max sequences,max sequences,64.0,1,122.048,4561,4369,192,,ok
max sequences 64 - repeat 1,vLLM max sequences,max sequences,64.0,1,122.507,4574,4382,192,,ok
max sequences 64 - repeat 1,vLLM max sequences,max sequences,64.0,1,123.015,4581,4399,182,,ok
max sequences 64 - repeat 1,vLLM max sequences,max sequences,64.0,1,123.529,4621,4430,191,,ok
max sequences 64 - repeat 1,vLLM max sequences,max sequences,64.0,1,124.038,4637,4445,192,,ok
max sequences 64 - repeat 1,vLLM max sequences,max sequences,64.0,1,124.504,4643,4451,192,,ok
max sequences 64 - repeat 1,vLLM max sequences,max sequences,64.0,1,125.012,4685,4493,192,,ok
max sequences 64 - repeat 1,vLLM max sequences,max sequences,64.0,1,125.532,4698,4506,192,,ok
max sequences 64 - repeat 1,vLLM max sequences,max sequences,64.0,1,126.002,4706,4515,191,,ok
max sequences 64 - repeat 1,vLLM max sequences,max sequences,64.0,1,126.517,4747,4555,192,,ok
max sequences 64 - repeat 1,vLLM max sequences,max sequences,64.0,1,127.013,4760,4569,191,,ok
max sequences 64 - repeat 1,vLLM max sequences,max sequences,64.0,1,127.544,4768,4578,190,,ok
max sequences 64 - repeat 1,vLLM max sequences,max sequences,64.0,1,128.02,4806,4614,192,,ok
max sequences 64 - repeat 1,vLLM max sequences,max sequences,64.0,1,128.539,4817,4626,191,,ok
max sequences 64 - repeat 1,vLLM max sequences,max sequences,64.0,1,129.047,4830,4638,192,,ok
max sequences 64 - repeat 1,vLLM max sequences,max sequences,64.0,1,129.504,4837,4655,182,,ok
max sequences 64 - repeat 1,vLLM max sequences,max sequences,64.0,1,130.031,4877,4687,190,,ok
max sequences 64 - repeat 1,vLLM max sequences,max sequences,64.0,1,130.504,4893,4701,192,,ok
max sequences 64 - repeat 1,vLLM max sequences,max sequences,64.0,1,131.014,4899,4707,192,,ok
max sequences 64 - repeat 1,vLLM max sequences,max sequences,64.0,1,131.539,4941,4749,192,,ok
max sequences 64 - repeat 1,vLLM max sequences,max sequences,64.0,1,132.049,4953,4762,191,,ok
max sequences 64 - repeat 1,vLLM max sequences,max sequences,64.0,1,132.508,4962,4770,192,,ok
max sequences 64 - repeat 1,vLLM max sequences,max sequences,64.0,1,133.022,5003,4811,192,,ok
max sequences 64 - repeat 1,vLLM max sequences,max sequences,64.0,1,133.549,5016,4824,192,,ok
max sequences 64 - repeat 1,vLLM max sequences,max sequences,64.0,1,134.01,5023,4832,191,,ok
max sequences 64 - repeat 1,vLLM max sequences,max sequences,64.0,1,134.517,5056,4870,186,,ok
max sequences 64 - repeat 1,vLLM max sequences,max sequences,64.0,1,135.026,5073,4882,191,,ok
max sequences 64 - repeat 1,vLLM max sequences,max sequences,64.0,1,135.538,5086,4894,192,,ok
max sequences 64 - repeat 1,vLLM max sequences,max sequences,64.0,1,136.05,5103,4926,177,,ok
max sequences 64 - repeat 1,vLLM max sequences,max sequences,64.0,1,136.513,5133,4942,191,,ok
max sequences 64 - repeat 1,vLLM max sequences,max sequences,64.0,1,137.047,5149,4957,192,,ok
max sequences 64 - repeat 1,vLLM max sequences,max sequences,64.0,1,137.546,5155,4965,190,,ok
max sequences 64 - repeat 1,vLLM max sequences,max sequences,64.0,1,138.014,5197,5005,192,,ok
max sequences 64 - repeat 1,vLLM max sequences,max sequences,64.0,1,138.528,5210,5018,192,,ok
max sequences 64 - repeat 1,vLLM max sequences,max sequences,64.0,1,139.035,5218,5027,191,,ok
max sequences 64 - repeat 1,vLLM max sequences,max sequences,64.0,1,139.519,5259,5067,192,,ok
max sequences 64 - repeat 1,vLLM max sequences,max sequences,64.0,1,140.025,5272,5081,191,,ok
max sequences 64 - repeat 1,vLLM max sequences,max sequences,64.0,1,140.533,5280,5089,191,,ok
max sequences 64 - repeat 1,vLLM max sequences,max sequences,64.0,1,141.044,5318,5131,187,,ok
max sequences 64 - repeat 1,vLLM max sequences,max sequences,64.0,1,141.518,5329,5137,192,,ok
max sequences 64 - repeat 1,vLLM max sequences,max sequences,64.0,1,142.028,5342,5150,192,,ok
max sequences 64 - repeat 1,vLLM max sequences,max sequences,64.0,1,142.513,5347,5167,180,,ok
max sequences 64 - repeat 1,vLLM max sequences,max sequences,64.0,1,143.026,5389,5198,191,,ok
max sequences 64 - repeat 1,vLLM max sequences,max sequences,64.0,1,143.54,5404,5213,191,,ok
max sequences 64 - repeat 1,vLLM max sequences,max sequences,64.0,1,144.048,5411,5219,192,,ok
max sequences 64 - repeat 1,vLLM max sequences,max sequences,64.0,1,144.513,5452,5261,191,,ok
max sequences 64 - repeat 1,vLLM max sequences,max sequences,64.0,1,145.021,5466,5274,192,,ok
max sequences 64 - repeat 1,vLLM max sequences,max sequences,64.0,1,145.511,5474,5283,191,,ok
max sequences 64 - repeat 1,vLLM max sequences,max sequences,64.0,1,146.048,5515,5323,192,,ok
max sequences 64 - repeat 1,vLLM max sequences,max sequences,64.0,1,146.523,5528,5337,191,,ok
max sequences 64 - repeat 1,vLLM max sequences,max sequences,64.0,1,147.012,5534,5344,190,,ok
max sequences 64 - repeat 1,vLLM max sequences,max sequences,64.0,1,147.535,5574,5382,192,,ok
max sequences 64 - repeat 1,vLLM max sequences,max sequences,64.0,1,148.045,5585,5394,191,,ok
max sequences 64 - repeat 1,vLLM max sequences,max sequences,64.0,1,148.507,5598,5406,192,,ok
max sequences 64 - repeat 1,vLLM max sequences,max sequences,64.0,1,149.021,5605,5423,182,,ok
max sequences 64 - repeat 1,vLLM max sequences,max sequences,64.0,1,149.538,5645,5455,190,,ok
max sequences 64 - repeat 1,vLLM max sequences,max sequences,64.0,1,150.05,5661,5469,192,,ok
max sequences 64 - repeat 1,vLLM max sequences,max sequences,64.0,1,150.508,5667,5475,192,,ok
max sequences 64 - repeat 1,vLLM max sequences,max sequences,64.0,1,151.019,5709,5517,192,,ok
max sequences 64 - repeat 1,vLLM max sequences,max sequences,64.0,1,151.537,5722,5530,192,,ok
max sequences 64 - repeat 1,vLLM max sequences,max sequences,64.0,1,152.004,5730,5539,191,,ok
max sequences 64 - repeat 1,vLLM max sequences,max sequences,64.0,1,152.518,5771,5579,192,,ok
max sequences 64 - repeat 1,vLLM max sequences,max sequences,64.0,1,153.026,5781,5593,188,,ok
max sequences 64 - repeat 1,vLLM max sequences,max sequences,64.0,1,153.535,5790,5601,189,,ok
max sequences 64 - repeat 1,vLLM max sequences,max sequences,64.0,1,154.048,5822,5643,179,,ok
max sequences 64 - repeat 1,vLLM max sequences,max sequences,64.0,1,154.526,5841,5649,192,,ok
max sequences 64 - repeat 1,vLLM max sequences,max sequences,64.0,1,155.039,5854,5662,192,,ok
max sequences 64 - repeat 1,vLLM max sequences,max sequences,64.0,1,155.515,5861,5679,182,,ok
max sequences 64 - repeat 1,vLLM max sequences,max sequences,64.0,1,156.027,5901,5710,191,,ok
max sequences 64 - repeat 1,vLLM max sequences,max sequences,64.0,1,156.539,5917,5725,192,,ok
max sequences 64 - repeat 1,vLLM max sequences,max sequences,64.0,1,157.053,5923,5731,192,,ok
max sequences 64 - repeat 1,vLLM max sequences,max sequences,64.0,1,157.524,5964,5773,191,,ok
max sequences 64 - repeat 1,vLLM max sequences,max sequences,64.0,1,158.049,5978,5786,192,,ok
max sequences 64 - repeat 1,vLLM max sequences,max sequences,64.0,1,158.508,5986,5795,191,,ok
max sequences 64 - repeat 1,vLLM max sequences,max sequences,64.0,1,159.024,6027,5835,192,,ok
max sequences 64 - repeat 1,vLLM max sequences,max sequences,64.0,1,159.544,6040,5849,191,,ok
max sequences 64 - repeat 1,vLLM max sequences,max sequences,64.0,1,160.016,6046,5856,190,,ok
max sequences 64 - repeat 1,vLLM max sequences,max sequences,64.0,1,160.54,6086,5894,192,,ok
max sequences 64 - repeat 1,vLLM max sequences,max sequences,64.0,1,161.016,6097,5905,192,,ok
max sequences 64 - repeat 1,vLLM max sequences,max sequences,64.0,1,161.54,6110,5918,192,,ok
max sequences 64 - repeat 1,vLLM max sequences,max sequences,64.0,1,162.008,6117,5935,182,,ok
max sequences 64 - repeat 1,vLLM max sequences,max sequences,64.0,1,162.535,6157,5966,191,,ok
max sequences 64 - repeat 1,vLLM max sequences,max sequences,64.0,1,163.005,6173,5981,192,,ok
max sequences 64 - repeat 1,vLLM max sequences,max sequences,64.0,1,163.515,6179,5987,192,,ok
max sequences 64 - repeat 1,vLLM max sequences,max sequences,64.0,1,164.001,6219,6029,190,,ok
max sequences 64 - repeat 1,vLLM max sequences,max sequences,64.0,1,164.513,6233,6042,191,,ok
max sequences 64 - repeat 1,vLLM max sequences,max sequences,64.0,1,165.039,6242,6051,191,,ok
max sequences 64 - repeat 1,vLLM max sequences,max sequences,64.0,1,165.502,6283,6091,192,,ok
max sequences 64 - repeat 1,vLLM max sequences,max sequences,64.0,1,166.015,6296,6104,192,,ok
max sequences 64 - repeat 1,vLLM max sequences,max sequences,64.0,1,166.527,6303,6112,191,,ok
max sequences 64 - repeat 1,vLLM max sequences,max sequences,64.0,1,167.007,6334,6150,184,,ok
max sequences 64 - repeat 1,vLLM max sequences,max sequences,64.0,1,167.553,6353,6162,191,,ok
max sequences 64 - repeat 1,vLLM max sequences,max sequences,64.0,1,168.012,6366,6174,192,,ok
max sequences 64 - repeat 1,vLLM max sequences,max sequences,64.0,1,168.523,6373,6191,182,,ok
max sequences 64 - repeat 1,vLLM max sequences,max sequences,64.0,1,169.039,6413,6222,191,,ok
max sequences 64 - repeat 1,vLLM max sequences,max sequences,64.0,1,169.521,6429,6237,192,,ok
max sequences 64 - repeat 1,vLLM max sequences,max sequences,64.0,1,170.035,6435,6243,192,,ok
max sequences 64 - repeat 1,vLLM max sequences,max sequences,64.0,1,170.549,6477,6285,192,,ok
max sequences 64 - repeat 1,vLLM max sequences,max sequences,64.0,1,171.008,6489,6298,191,,ok
max sequences 64 - repeat 1,vLLM max sequences,max sequences,64.0,1,171.515,6498,6307,191,,ok
max sequences 64 - repeat 1,vLLM max sequences,max sequences,64.0,1,172.026,6539,6347,192,,ok
max sequences 64 - repeat 1,vLLM max sequences,max sequences,64.0,1,172.51,6552,6360,192,,ok
max sequences 64 - repeat 1,vLLM max sequences,max sequences,64.0,1,173.038,6559,6369,190,,ok
max sequences 64 - repeat 1,vLLM max sequences,max sequences,64.0,1,173.503,6590,6406,184,,ok
max sequences 64 - repeat 1,vLLM max sequences,max sequences,64.0,1,174.014,6609,6417,192,,ok
max sequences 64 - repeat 1,vLLM max sequences,max sequences,64.0,1,174.527,6622,6430,192,,ok
max sequences 64 - repeat 1,vLLM max sequences,max sequences,64.0,1,175.049,6639,6462,177,,ok
max sequences 64 - repeat 1,vLLM max sequences,max sequences,64.0,1,175.524,6669,6478,191,,ok
max sequences 64 - repeat 1,vLLM max sequences,max sequences,64.0,1,176.034,6685,6493,192,,ok
max sequences 64 - repeat 1,vLLM max sequences,max sequences,64.0,1,176.546,6691,6499,192,,ok
max sequences 64 - repeat 1,vLLM max sequences,max sequences,64.0,1,177.028,6733,6541,192,,ok
max sequences 64 - repeat 1,vLLM max sequences,max sequences,64.0,1,177.546,6746,6554,192,,ok
max sequences 64 - repeat 1,vLLM max sequences,max sequences,64.0,1,178.004,6754,6563,191,,ok
max sequences 64 - repeat 1,vLLM max sequences,max sequences,64.0,1,178.518,6795,6603,192,,ok
max sequences 64 - repeat 1,vLLM max sequences,max sequences,64.0,1,179.028,6808,6617,191,,ok
max sequences 64 - repeat 1,vLLM max sequences,max sequences,64.0,1,179.535,6816,6625,191,,ok
max sequences 96 - repeat 1,vLLM max sequences,max sequences,96.0,1,0.0,0,0,0,,ok
max sequences 96 - repeat 1,vLLM max sequences,max sequences,96.0,1,0.519,3,0,3,,ok
max sequences 96 - repeat 1,vLLM max sequences,max sequences,96.0,1,1.032,6,0,6,,ok
max sequences 96 - repeat 1,vLLM max sequences,max sequences,96.0,1,1.502,10,1,9,,ok
max sequences 96 - repeat 1,vLLM max sequences,max sequences,96.0,1,2.012,15,2,13,,ok
max sequences 96 - repeat 1,vLLM max sequences,max sequences,96.0,1,2.526,23,7,16,,ok
max sequences 96 - repeat 1,vLLM max sequences,max sequences,96.0,1,3.047,26,7,19,,ok
max sequences 96 - repeat 1,vLLM max sequences,max sequences,96.0,1,3.511,29,7,22,,ok
max sequences 96 - repeat 1,vLLM max sequences,max sequences,96.0,1,4.042,34,8,26,,ok
max sequences 96 - repeat 1,vLLM max sequences,max sequences,96.0,1,4.527,40,11,29,,ok
max sequences 96 - repeat 1,vLLM max sequences,max sequences,96.0,1,5.04,61,29,32,,ok
max sequences 96 - repeat 1,vLLM max sequences,max sequences,96.0,1,5.503,64,29,35,,ok
max sequences 96 - repeat 1,vLLM max sequences,max sequences,96.0,1,6.024,71,33,38,,ok
max sequences 96 - repeat 1,vLLM max sequences,max sequences,96.0,1,6.537,79,37,42,,ok
max sequences 96 - repeat 1,vLLM max sequences,max sequences,96.0,1,7.019,82,37,45,,ok
max sequences 96 - repeat 1,vLLM max sequences,max sequences,96.0,1,7.537,85,37,48,,ok
max sequences 96 - repeat 1,vLLM max sequences,max sequences,96.0,1,8.002,89,39,50,,ok
max sequences 96 - repeat 1,vLLM max sequences,max sequences,96.0,1,8.518,117,63,54,,ok
max sequences 96 - repeat 1,vLLM max sequences,max sequences,96.0,1,9.031,120,63,57,,ok
max sequences 96 - repeat 1,vLLM max sequences,max sequences,96.0,1,9.544,124,64,60,,ok
max sequences 96 - repeat 1,vLLM max sequences,max sequences,96.0,1,10.002,134,70,64,,ok
max sequences 96 - repeat 1,vLLM max sequences,max sequences,96.0,1,10.526,152,85,67,,ok
max sequences 96 - repeat 1,vLLM max sequences,max sequences,96.0,1,11.002,155,85,70,,ok
max sequences 96 - repeat 1,vLLM max sequences,max sequences,96.0,1,11.522,159,86,73,,ok
max sequences 96 - repeat 1,vLLM max sequences,max sequences,96.0,1,12.045,163,86,77,,ok
max sequences 96 - repeat 1,vLLM max sequences,max sequences,96.0,1,12.52,167,88,79,,ok
max sequences 96 - repeat 1,vLLM max sequences,max sequences,96.0,1,13.036,191,108,83,,ok
max sequences 96 - repeat 1,vLLM max sequences,max sequences,96.0,1,13.5,206,120,86,,ok
max sequences 96 - repeat 1,vLLM max sequences,max sequences,96.0,1,14.028,209,120,89,,ok
max sequences 96 - repeat 1,vLLM max sequences,max sequences,96.0,1,14.503,213,121,92,,ok
max sequences 96 - repeat 1,vLLM max sequences,max sequences,96.0,1,15.025,217,121,96,,ok
max sequences 96 - repeat 1,vLLM max sequences,max sequences,96.0,1,15.535,224,125,99,,ok
max sequences 96 - repeat 1,vLLM max sequences,max sequences,96.0,1,16.048,230,129,101,,ok
max sequences 96 - repeat 1,vLLM max sequences,max sequences,96.0,1,16.507,250,145,105,,ok
max sequences 96 - repeat 1,vLLM max sequences,max sequences,96.0,1,17.032,261,152,109,,ok
max sequences 96 - repeat 1,vLLM max sequences,max sequences,96.0,1,17.547,271,163,108,,ok
max sequences 96 - repeat 1,vLLM max sequences,max sequences,96.0,1,18.012,297,190,107,,ok
max sequences 96 - repeat 1,vLLM max sequences,max sequences,96.0,1,18.524,332,214,118,,ok
max sequences 96 - repeat 1,vLLM max sequences,max sequences,96.0,1,19.041,336,214,122,,ok
max sequences 96 - repeat 1,vLLM max sequences,max sequences,96.0,1,19.504,340,215,125,,ok
max sequences 96 - repeat 1,vLLM max sequences,max sequences,96.0,1,20.023,355,228,127,,ok
max sequences 96 - repeat 1,vLLM max sequences,max sequences,96.0,1,20.535,386,259,127,,ok
max sequences 96 - repeat 1,vLLM max sequences,max sequences,96.0,1,21.047,397,263,134,,ok
max sequences 96 - repeat 1,vLLM max sequences,max sequences,96.0,1,21.511,414,280,134,,ok
max sequences 96 - repeat 1,vLLM max sequences,max sequences,96.0,1,22.023,452,311,141,,ok
max sequences 96 - repeat 1,vLLM max sequences,max sequences,96.0,1,22.535,466,323,143,,ok
max sequences 96 - repeat 1,vLLM max sequences,max sequences,96.0,1,23.002,491,347,144,,ok
max sequences 96 - repeat 1,vLLM max sequences,max sequences,96.0,1,23.51,507,373,134,,ok
max sequences 96 - repeat 1,vLLM max sequences,max sequences,96.0,1,24.019,559,407,152,,ok
max sequences 96 - repeat 1,vLLM max sequences,max sequences,96.0,1,24.504,571,415,156,,ok
max sequences 96 - repeat 1,vLLM max sequences,max sequences,96.0,1,25.033,584,440,144,,ok
max sequences 96 - repeat 1,vLLM max sequences,max sequences,96.0,1,25.541,616,453,163,,ok
max sequences 96 - repeat 1,vLLM max sequences,max sequences,96.0,1,26.008,668,502,166,,ok
max sequences 96 - repeat 1,vLLM max sequences,max sequences,96.0,1,26.519,679,510,169,,ok
max sequences 96 - repeat 1,vLLM max sequences,max sequences,96.0,1,27.028,690,519,171,,ok
max sequences 96 - repeat 1,vLLM max sequences,max sequences,96.0,1,27.537,723,548,175,,ok
max sequences 96 - repeat 1,vLLM max sequences,max sequences,96.0,1,28.011,758,588,170,,ok
max sequences 96 - repeat 1,vLLM max sequences,max sequences,96.0,1,28.52,783,601,182,,ok
max sequences 96 - repeat 1,vLLM max sequences,max sequences,96.0,1,29.028,797,613,184,,ok
max sequences 96 - repeat 1,vLLM max sequences,max sequences,96.0,1,29.542,832,643,189,,ok
max sequences 96 - repeat 1,vLLM max sequences,max sequences,96.0,1,30.016,856,672,184,,ok
max sequences 96 - repeat 1,vLLM max sequences,max sequences,96.0,1,30.525,887,695,192,,ok
max sequences 96 - repeat 1,vLLM max sequences,max sequences,96.0,1,31.042,899,708,191,,ok
max sequences 96 - repeat 1,vLLM max sequences,max sequences,96.0,1,31.501,923,735,188,,ok
max sequences 96 - repeat 1,vLLM max sequences,max sequences,96.0,1,32.033,949,757,192,,ok
max sequences 96 - repeat 1,vLLM max sequences,max sequences,96.0,1,32.544,983,791,192,,ok
max sequences 96 - repeat 1,vLLM max sequences,max sequences,96.0,1,33.036,991,801,190,,ok
max sequences 96 - repeat 1,vLLM max sequences,max sequences,96.0,1,33.547,1016,827,189,,ok
max sequences 96 - repeat 1,vLLM max sequences,max sequences,96.0,1,34.036,1029,839,190,,ok
max sequences 96 - repeat 1,vLLM max sequences,max sequences,96.0,1,34.523,1078,886,192,,ok
max sequences 96 - repeat 1,vLLM max sequences,max sequences,96.0,1,35.031,1083,895,188,,ok
max sequences 96 - repeat 1,vLLM max sequences,max sequences,96.0,1,35.542,1093,907,186,,ok
max sequences 96 - repeat 1,vLLM max sequences,max sequences,96.0,1,36.018,1123,931,192,,ok
max sequences 96 - repeat 1,vLLM max sequences,max sequences,96.0,1,36.532,1164,972,192,,ok
max sequences 96 - repeat 1,vLLM max sequences,max sequences,96.0,1,37.042,1179,987,192,,ok
max sequences 96 - repeat 1,vLLM max sequences,max sequences,96.0,1,37.549,1189,997,192,,ok
max sequences 96 - repeat 1,vLLM max sequences,max sequences,96.0,1,38.018,1219,1027,192,,ok
max sequences 96 - repeat 1,vLLM max sequences,max sequences,96.0,1,38.532,1248,1059,189,,ok
max sequences 96 - repeat 1,vLLM max sequences,max sequences,96.0,1,39.048,1272,1081,191,,ok
max sequences 96 - repeat 1,vLLM max sequences,max sequences,96.0,1,39.509,1283,1092,191,,ok
max sequences 96 - repeat 1,vLLM max sequences,max sequences,96.0,1,40.026,1311,1123,188,,ok
max sequences 96 - repeat 1,vLLM max sequences,max sequences,96.0,1,40.539,1333,1144,189,,ok
max sequences 96 - repeat 1,vLLM max sequences,max sequences,96.0,1,41.002,1367,1175,192,,ok
max sequences 96 - repeat 1,vLLM max sequences,max sequences,96.0,1,41.514,1375,1185,190,,ok
max sequences 96 - repeat 1,vLLM max sequences,max sequences,96.0,1,42.035,1400,1211,189,,ok
max sequences 96 - repeat 1,vLLM max sequences,max sequences,96.0,1,42.513,1413,1223,190,,ok
max sequences 96 - repeat 1,vLLM max sequences,max sequences,96.0,1,43.032,1462,1271,191,,ok
max sequences 96 - repeat 1,vLLM max sequences,max sequences,96.0,1,43.505,1470,1279,191,,ok
max sequences 96 - repeat 1,vLLM max sequences,max sequences,96.0,1,44.038,1480,1291,189,,ok
max sequences 96 - repeat 1,vLLM max sequences,max sequences,96.0,1,44.524,1507,1317,190,,ok
max sequences 96 - repeat 1,vLLM max sequences,max sequences,96.0,1,45.038,1548,1366,182,,ok
max sequences 96 - repeat 1,vLLM max sequences,max sequences,96.0,1,45.504,1561,1371,190,,ok
max sequences 96 - repeat 1,vLLM max sequences,max sequences,96.0,1,46.023,1572,1381,191,,ok
max sequences 96 - repeat 1,vLLM max sequences,max sequences,96.0,1,46.537,1603,1411,192,,ok
max sequences 96 - repeat 1,vLLM max sequences,max sequences,96.0,1,47.05,1632,1443,189,,ok
max sequences 96 - repeat 1,vLLM max sequences,max sequences,96.0,1,47.51,1655,1464,191,,ok
max sequences 96 - repeat 1,vLLM max sequences,max sequences,96.0,1,48.044,1668,1476,192,,ok
max sequences 96 - repeat 1,vLLM max sequences,max sequences,96.0,1,48.502,1695,1507,188,,ok
max sequences 96 - repeat 1,vLLM max sequences,max sequences,96.0,1,49.001,1717,1528,189,,ok
max sequences 96 - repeat 1,vLLM max sequences,max sequences,96.0,1,49.511,1751,1559,192,,ok
max sequences 96 - repeat 1,vLLM max sequences,max sequences,96.0,1,50.038,1761,1570,191,,ok
max sequences 96 - repeat 1,vLLM max sequences,max sequences,96.0,1,50.551,1787,1599,188,,ok
max sequences 96 - repeat 1,vLLM max sequences,max sequences,96.0,1,51.012,1799,1607,192,,ok
max sequences 96 - repeat 1,vLLM max sequences,max sequences,96.0,1,51.531,1846,1655,191,,ok
max sequences 96 - repeat 1,vLLM max sequences,max sequences,96.0,1,52.01,1855,1663,192,,ok
max sequences 96 - repeat 1,vLLM max sequences,max sequences,96.0,1,52.52,1864,1675,189,,ok
max sequences 96 - repeat 1,vLLM max sequences,max sequences,96.0,1,53.002,1892,1701,191,,ok
max sequences 96 - repeat 1,vLLM max sequences,max sequences,96.0,1,53.518,1942,1750,192,,ok
max sequences 96 - repeat 1,vLLM max sequences,max sequences,96.0,1,54.049,1947,1758,189,,ok
max sequences 96 - repeat 1,vLLM max sequences,max sequences,96.0,1,54.512,1957,1765,192,,ok
max sequences 96 - repeat 1,vLLM max sequences,max sequences,96.0,1,55.038,1987,1795,192,,ok
max sequences 96 - repeat 1,vLLM max sequences,max sequences,96.0,1,55.504,2016,1827,189,,ok
max sequences 96 - repeat 1,vLLM max sequences,max sequences,96.0,1,56.01,2039,1849,190,,ok
max sequences 96 - repeat 1,vLLM max sequences,max sequences,96.0,1,56.526,2051,1860,191,,ok
max sequences 96 - repeat 1,vLLM max sequences,max sequences,96.0,1,57.002,2079,1887,192,,ok
max sequences 96 - repeat 1,vLLM max sequences,max sequences,96.0,1,57.518,2101,1909,192,,ok
max sequences 96 - repeat 1,vLLM max sequences,max sequences,96.0,1,58.034,2135,1943,192,,ok
max sequences 96 - repeat 1,vLLM max sequences,max sequences,96.0,1,58.543,2146,1954,192,,ok
max sequences 96 - repeat 1,vLLM max sequences,max sequences,96.0,1,59.001,2171,1982,189,,ok
max sequences 96 - repeat 1,vLLM max sequences,max sequences,96.0,1,59.524,2193,2005,188,,ok
max sequences 96 - repeat 1,vLLM max sequences,max sequences,96.0,1,60.042,2231,2039,192,,ok
max sequences 96 - repeat 1,vLLM max sequences,max sequences,96.0,1,60.507,2239,2047,192,,ok
max sequences 96 - repeat 1,vLLM max sequences,max sequences,96.0,1,61.03,2247,2072,175,,ok
max sequences 96 - repeat 1,vLLM max sequences,max sequences,96.0,1,61.539,2277,2087,190,,ok
max sequences 96 - repeat 1,vLLM max sequences,max sequences,96.0,1,62.001,2326,2134,192,,ok
max sequences 96 - repeat 1,vLLM max sequences,max sequences,96.0,1,62.514,2331,2142,189,,ok
max sequences 96 - repeat 1,vLLM max sequences,max sequences,96.0,1,63.034,2341,2151,190,,ok
max sequences 96 - repeat 1,vLLM max sequences,max sequences,96.0,1,63.543,2371,2181,190,,ok
max sequences 96 - repeat 1,vLLM max sequences,max sequences,96.0,1,64.027,2403,2220,183,,ok
max sequences 96 - repeat 1,vLLM max sequences,max sequences,96.0,1,64.506,2425,2233,192,,ok
max sequences 96 - repeat 1,vLLM max sequences,max sequences,96.0,1,65.022,2436,2244,192,,ok
max sequences 96 - repeat 1,vLLM max sequences,max sequences,96.0,1,65.532,2467,2275,192,,ok
max sequences 96 - repeat 1,vLLM max sequences,max sequences,96.0,1,66.048,2488,2304,184,,ok
max sequences 96 - repeat 1,vLLM max sequences,max sequences,96.0,1,66.509,2519,2327,192,,ok
max sequences 96 - repeat 1,vLLM max sequences,max sequences,96.0,1,67.02,2527,2339,188,,ok
max sequences 96 - repeat 1,vLLM max sequences,max sequences,96.0,1,67.538,2552,2367,185,,ok
max sequences 96 - repeat 1,vLLM max sequences,max sequences,96.0,1,68.001,2567,2375,192,,ok
max sequences 96 - repeat 1,vLLM max sequences,max sequences,96.0,1,68.518,2615,2423,192,,ok
max sequences 96 - repeat 1,vLLM max sequences,max sequences,96.0,1,69.028,2623,2431,192,,ok
max sequences 96 - repeat 1,vLLM max sequences,max sequences,96.0,1,69.536,2635,2456,179,,ok
max sequences 96 - repeat 1,vLLM max sequences,max sequences,96.0,1,70.052,2661,2471,190,,ok
max sequences 96 - repeat 1,vLLM max sequences,max sequences,96.0,1,70.516,2710,2518,192,,ok
max sequences 96 - repeat 1,vLLM max sequences,max sequences,96.0,1,71.006,2715,2526,189,,ok
max sequences 96 - repeat 1,vLLM max sequences,max sequences,96.0,1,71.522,2725,2535,190,,ok
max sequences 96 - repeat 1,vLLM max sequences,max sequences,96.0,1,72.036,2755,2563,192,,ok
max sequences 96 - repeat 1,vLLM max sequences,max sequences,96.0,1,72.511,2787,2604,183,,ok
max sequences 96 - repeat 1,vLLM max sequences,max sequences,96.0,1,73.038,2809,2619,190,,ok
max sequences 96 - repeat 1,vLLM max sequences,max sequences,96.0,1,73.552,2820,2629,191,,ok
max sequences 96 - repeat 1,vLLM max sequences,max sequences,96.0,1,74.031,2851,2659,192,,ok
max sequences 96 - repeat 1,vLLM max sequences,max sequences,96.0,1,74.501,2869,2680,189,,ok
max sequences 96 - repeat 1,vLLM max sequences,max sequences,96.0,1,75.021,2903,2711,192,,ok
max sequences 96 - repeat 1,vLLM max sequences,max sequences,96.0,1,75.542,2914,2724,190,,ok
max sequences 96 - repeat 1,vLLM max sequences,max sequences,96.0,1,76.018,2939,2751,188,,ok
max sequences 96 - repeat 1,vLLM max sequences,max sequences,96.0,1,76.539,2965,2773,192,,ok
max sequences 96 - repeat 1,vLLM max sequences,max sequences,96.0,1,77.003,2998,2807,191,,ok
max sequences 96 - repeat 1,vLLM max sequences,max sequences,96.0,1,77.511,3007,2815,192,,ok
max sequences 96 - repeat 1,vLLM max sequences,max sequences,96.0,1,78.02,3015,2840,175,,ok
max sequences 96 - repeat 1,vLLM max sequences,max sequences,96.0,1,78.547,3045,2855,190,,ok
max sequences 96 - repeat 1,vLLM max sequences,max sequences,96.0,1,79.006,3094,2902,192,,ok
max sequences 96 - repeat 1,vLLM max sequences,max sequences,96.0,1,79.513,3099,2907,192,,ok
max sequences 96 - repeat 1,vLLM max sequences,max sequences,96.0,1,80.023,3109,2918,191,,ok
max sequences 96 - repeat 1,vLLM max sequences,max sequences,96.0,1,80.534,3139,2947,192,,ok
max sequences 96 - repeat 1,vLLM max sequences,max sequences,96.0,1,81.047,3171,2988,183,,ok
max sequences 96 - repeat 1,vLLM max sequences,max sequences,96.0,1,81.512,3193,3001,192,,ok
max sequences 96 - repeat 1,vLLM max sequences,max sequences,96.0,1,82.039,3204,3013,191,,ok
max sequences 96 - repeat 1,vLLM max sequences,max sequences,96.0,1,82.5,3235,3043,192,,ok
max sequences 96 - repeat 1,vLLM max sequences,max sequences,96.0,1,83.014,3256,3072,184,,ok
max sequences 96 - repeat 1,vLLM max sequences,max sequences,96.0,1,83.522,3287,3095,192,,ok
max sequences 96 - repeat 1,vLLM max sequences,max sequences,96.0,1,84.001,3297,3107,190,,ok
max sequences 96 - repeat 1,vLLM max sequences,max sequences,96.0,1,84.519,3323,3135,188,,ok
max sequences 96 - repeat 1,vLLM max sequences,max sequences,96.0,1,85.046,3349,3157,192,,ok
max sequences 96 - repeat 1,vLLM max sequences,max sequences,96.0,1,85.511,3383,3191,192,,ok
max sequences 96 - repeat 1,vLLM max sequences,max sequences,96.0,1,86.02,3391,3201,190,,ok
max sequences 96 - repeat 1,vLLM max sequences,max sequences,96.0,1,86.501,3403,3224,179,,ok
max sequences 96 - repeat 1,vLLM max sequences,max sequences,96.0,1,87.031,3429,3239,190,,ok
max sequences 96 - repeat 1,vLLM max sequences,max sequences,96.0,1,87.544,3478,3286,192,,ok
max sequences 96 - repeat 1,vLLM max sequences,max sequences,96.0,1,88.004,3486,3295,191,,ok
max sequences 96 - repeat 1,vLLM max sequences,max sequences,96.0,1,88.514,3493,3304,189,,ok
max sequences 96 - repeat 1,vLLM max sequences,max sequences,96.0,1,89.026,3523,3333,190,,ok
max sequences 96 - repeat 1,vLLM max sequences,max sequences,96.0,1,89.538,3555,3382,173,,ok
max sequences 96 - repeat 1,vLLM max sequences,max sequences,96.0,1,90.015,3577,3385,192,,ok
max sequences 96 - repeat 1,vLLM max sequences,max sequences,96.0,1,90.525,3588,3396,192,,ok
max sequences 96 - repeat 1,vLLM max sequences,max sequences,96.0,1,91.037,3619,3427,192,,ok
max sequences 96 - repeat 1,vLLM max sequences,max sequences,96.0,1,91.546,3648,3459,189,,ok
max sequences 96 - repeat 1,vLLM max sequences,max sequences,96.0,1,92.004,3671,3481,190,,ok
max sequences 96 - repeat 1,vLLM max sequences,max sequences,96.0,1,92.533,3684,3492,192,,ok
max sequences 96 - repeat 1,vLLM max sequences,max sequences,96.0,1,93.039,3715,3523,192,,ok
max sequences 96 - repeat 1,vLLM max sequences,max sequences,96.0,1,93.507,3733,3544,189,,ok
max sequences 96 - repeat 1,vLLM max sequences,max sequences,96.0,1,94.03,3767,3575,192,,ok
max sequences 96 - repeat 1,vLLM max sequences,max sequences,96.0,1,94.549,3777,3587,190,,ok
max sequences 96 - repeat 1,vLLM max sequences,max sequences,96.0,1,95.014,3800,3611,189,,ok
max sequences 96 - repeat 1,vLLM max sequences,max sequences,96.0,1,95.528,3815,3637,178,,ok
max sequences 96 - repeat 1,vLLM max sequences,max sequences,96.0,1,96.043,3862,3671,191,,ok
max sequences 96 - repeat 1,vLLM max sequences,max sequences,96.0,1,96.517,3871,3679,192,,ok
max sequences 96 - repeat 1,vLLM max sequences,max sequences,96.0,1,97.04,3883,3695,188,,ok
max sequences 96 - repeat 1,vLLM max sequences,max sequences,96.0,1,97.508,3908,3717,191,,ok
max sequences 96 - repeat 1,vLLM max sequences,max sequences,96.0,1,98.026,3951,3766,185,,ok
max sequences 96 - repeat 1,vLLM max sequences,max sequences,96.0,1,98.534,3963,3774,189,,ok
max sequences 96 - repeat 1,vLLM max sequences,max sequences,96.0,1,99.008,3972,3781,191,,ok
max sequences 96 - repeat 1,vLLM max sequences,max sequences,96.0,1,99.528,4003,3811,192,,ok
max sequences 96 - repeat 1,vLLM max sequences,max sequences,96.0,1,100.002,4024,3832,192,,ok
max sequences 96 - repeat 1,vLLM max sequences,max sequences,96.0,1,100.525,4055,3863,192,,ok
max sequences 96 - repeat 1,vLLM max sequences,max sequences,96.0,1,101.036,4068,3876,192,,ok
max sequences 96 - repeat 1,vLLM max sequences,max sequences,96.0,1,101.551,4099,3907,192,,ok
max sequences 96 - repeat 1,vLLM max sequences,max sequences,96.0,1,102.011,4117,3928,189,,ok
max sequences 96 - repeat 1,vLLM max sequences,max sequences,96.0,1,102.519,4151,3959,192,,ok
max sequences 96 - repeat 1,vLLM max sequences,max sequences,96.0,1,103.034,4161,3970,191,,ok
max sequences 96 - repeat 1,vLLM max sequences,max sequences,96.0,1,103.549,4187,3999,188,,ok
max sequences 96 - repeat 1,vLLM max sequences,max sequences,96.0,1,104.034,4197,4007,190,,ok
max sequences 96 - repeat 1,vLLM max sequences,max sequences,96.0,1,104.506,4246,4055,191,,ok
max sequences 96 - repeat 1,vLLM max sequences,max sequences,96.0,1,105.024,4255,4063,192,,ok
max sequences 96 - repeat 1,vLLM max sequences,max sequences,96.0,1,105.543,4267,4075,192,,ok
max sequences 96 - repeat 1,vLLM max sequences,max sequences,96.0,1,106.004,4291,4101,190,,ok
max sequences 96 - repeat 1,vLLM max sequences,max sequences,96.0,1,106.524,4332,4150,182,,ok
max sequences 96 - repeat 1,vLLM max sequences,max sequences,96.0,1,107.033,4347,4158,189,,ok
max sequences 96 - repeat 1,vLLM max sequences,max sequences,96.0,1,107.551,4357,4167,190,,ok
max sequences 96 - repeat 1,vLLM max sequences,max sequences,96.0,1,108.016,4387,4195,192,,ok
max sequences 96 - repeat 1,vLLM max sequences,max sequences,96.0,1,108.526,4419,4227,192,,ok
max sequences 96 - repeat 1,vLLM max sequences,max sequences,96.0,1,109.039,4441,4249,192,,ok
max sequences 96 - repeat 1,vLLM max sequences,max sequences,96.0,1,109.549,4452,4260,192,,ok
max sequences 96 - repeat 1,vLLM max sequences,max sequences,96.0,1,110.011,4475,4291,184,,ok
max sequences 96 - repeat 1,vLLM max sequences,max sequences,96.0,1,110.524,4501,4312,189,,ok
max sequences 96 - repeat 1,vLLM max sequences,max sequences,96.0,1,111.035,4535,4343,192,,ok
max sequences 96 - repeat 1,vLLM max sequences,max sequences,96.0,1,111.543,4543,4355,188,,ok
max sequences 96 - repeat 1,vLLM max sequences,max sequences,96.0,1,112.004,4568,4376,192,,ok
max sequences 96 - repeat 1,vLLM max sequences,max sequences,96.0,1,112.511,4583,4391,192,,ok
max sequences 96 - repeat 1,vLLM max sequences,max sequences,96.0,1,113.027,4630,4439,191,,ok
max sequences 96 - repeat 1,vLLM max sequences,max sequences,96.0,1,113.538,4639,4447,192,,ok
max sequences 96 - repeat 1,vLLM max sequences,max sequences,96.0,1,114.031,4651,4459,192,,ok
max sequences 96 - repeat 1,vLLM max sequences,max sequences,96.0,1,114.546,4677,4485,192,,ok
max sequences 96 - repeat 1,vLLM max sequences,max sequences,96.0,1,115.017,4716,4534,182,,ok
max sequences 96 - repeat 1,vLLM max sequences,max sequences,96.0,1,115.524,4731,4542,189,,ok
max sequences 96 - repeat 1,vLLM max sequences,max sequences,96.0,1,116.033,4741,4551,190,,ok
max sequences 96 - repeat 1,vLLM max sequences,max sequences,96.0,1,116.533,4771,4579,192,,ok
max sequences 96 - repeat 1,vLLM max sequences,max sequences,96.0,1,117.048,4803,4620,183,,ok
max sequences 96 - repeat 1,vLLM max sequences,max sequences,96.0,1,117.516,4824,4633,191,,ok
max sequences 96 - repeat 1,vLLM max sequences,max sequences,96.0,1,118.026,4836,4644,192,,ok
max sequences 96 - repeat 1,vLLM max sequences,max sequences,96.0,1,118.544,4867,4675,192,,ok
max sequences 96 - repeat 1,vLLM max sequences,max sequences,96.0,1,119.011,4885,4696,189,,ok
max sequences 96 - repeat 1,vLLM max sequences,max sequences,96.0,1,119.53,4919,4727,192,,ok
max sequences 96 - repeat 1,vLLM max sequences,max sequences,96.0,1,120.044,4929,4739,190,,ok
max sequences 96 - repeat 1,vLLM max sequences,max sequences,96.0,1,120.507,4952,4763,189,,ok
max sequences 96 - repeat 1,vLLM max sequences,max sequences,96.0,1,121.017,4965,4789,176,,ok
max sequences 96 - repeat 1,vLLM max sequences,max sequences,96.0,1,121.56,5014,4823,191,,ok
max sequences 96 - repeat 1,vLLM max sequences,max sequences,96.0,1,122.017,5022,4830,192,,ok
max sequences 96 - repeat 1,vLLM max sequences,max sequences,96.0,1,122.528,5032,4840,192,,ok
max sequences 96 - repeat 1,vLLM max sequences,max sequences,96.0,1,123.041,5061,4869,192,,ok
max sequences 96 - repeat 1,vLLM max sequences,max sequences,96.0,1,123.502,5100,4918,182,,ok
max sequences 96 - repeat 1,vLLM max sequences,max sequences,96.0,1,124.02,5115,4926,189,,ok
max sequences 96 - repeat 1,vLLM max sequences,max sequences,96.0,1,124.543,5125,4935,190,,ok
max sequences 96 - repeat 1,vLLM max sequences,max sequences,96.0,1,125.002,5155,4963,192,,ok
max sequences 96 - repeat 1,vLLM max sequences,max sequences,96.0,1,125.523,5187,5002,185,,ok
max sequences 96 - repeat 1,vLLM max sequences,max sequences,96.0,1,126.035,5209,5017,192,,ok
max sequences 96 - repeat 1,vLLM max sequences,max sequences,96.0,1,126.55,5220,5029,191,,ok
max sequences 96 - repeat 1,vLLM max sequences,max sequences,96.0,1,127.031,5251,5059,192,,ok
max sequences 96 - repeat 1,vLLM max sequences,max sequences,96.0,1,127.503,5269,5080,189,,ok
max sequences 96 - repeat 1,vLLM max sequences,max sequences,96.0,1,128.017,5303,5111,192,,ok
max sequences 96 - repeat 1,vLLM max sequences,max sequences,96.0,1,128.524,5313,5123,190,,ok
max sequences 96 - repeat 1,vLLM max sequences,max sequences,96.0,1,129.038,5339,5151,188,,ok
max sequences 96 - repeat 1,vLLM max sequences,max sequences,96.0,1,129.532,5365,5173,192,,ok
max sequences 96 - repeat 1,vLLM max sequences,max sequences,96.0,1,130.015,5398,5207,191,,ok
max sequences 96 - repeat 1,vLLM max sequences,max sequences,96.0,1,130.501,5407,5215,192,,ok
max sequences 96 - repeat 1,vLLM max sequences,max sequences,96.0,1,131.013,5419,5240,179,,ok
max sequences 96 - repeat 1,vLLM max sequences,max sequences,96.0,1,131.526,5445,5253,192,,ok
max sequences 96 - repeat 1,vLLM max sequences,max sequences,96.0,1,132.039,5494,5302,192,,ok
max sequences 96 - repeat 1,vLLM max sequences,max sequences,96.0,1,132.514,5498,5310,188,,ok
max sequences 96 - repeat 1,vLLM max sequences,max sequences,96.0,1,133.024,5509,5317,192,,ok
max sequences 96 - repeat 1,vLLM max sequences,max sequences,96.0,1,133.541,5539,5347,192,,ok
max sequences 96 - repeat 1,vLLM max sequences,max sequences,96.0,1,134.008,5571,5379,192,,ok
max sequences 96 - repeat 1,vLLM max sequences,max sequences,96.0,1,134.544,5593,5401,192,,ok
max sequences 96 - repeat 1,vLLM max sequences,max sequences,96.0,1,135.02,5604,5412,192,,ok
max sequences 96 - repeat 1,vLLM max sequences,max sequences,96.0,1,135.538,5635,5443,192,,ok
max sequences 96 - repeat 1,vLLM max sequences,max sequences,96.0,1,136.05,5656,5472,184,,ok
max sequences 96 - repeat 1,vLLM max sequences,max sequences,96.0,1,136.516,5687,5495,192,,ok
max sequences 96 - repeat 1,vLLM max sequences,max sequences,96.0,1,137.039,5698,5508,190,,ok
max sequences 96 - repeat 1,vLLM max sequences,max sequences,96.0,1,137.55,5723,5535,188,,ok
max sequences 96 - repeat 1,vLLM max sequences,max sequences,96.0,1,138.012,5735,5557,178,,ok
max sequences 96 - repeat 1,vLLM max sequences,max sequences,96.0,1,138.521,5783,5591,192,,ok
max sequences 96 - repeat 1,vLLM max sequences,max sequences,96.0,1,139.035,5791,5599,192,,ok
max sequences 96 - repeat 1,vLLM max sequences,max sequences,96.0,1,139.51,5800,5611,189,,ok
max sequences 96 - repeat 1,vLLM max sequences,max sequences,96.0,1,140.032,5829,5637,192,,ok
max sequences 96 - repeat 1,vLLM max sequences,max sequences,96.0,1,140.55,5878,5686,192,,ok
max sequences 96 - repeat 1,vLLM max sequences,max sequences,96.0,1,141.026,5883,5694,189,,ok
max sequences 96 - repeat 1,vLLM max sequences,max sequences,96.0,1,141.501,5893,5701,192,,ok
max sequences 96 - repeat 1,vLLM max sequences,max sequences,96.0,1,142.016,5923,5731,192,,ok
max sequences 96 - repeat 1,vLLM max sequences,max sequences,96.0,1,142.532,5955,5771,184,,ok
max sequences 96 - repeat 1,vLLM max sequences,max sequences,96.0,1,143.01,5975,5785,190,,ok
max sequences 96 - repeat 1,vLLM max sequences,max sequences,96.0,1,143.527,5987,5796,191,,ok
max sequences 96 - repeat 1,vLLM max sequences,max sequences,96.0,1,144.001,6015,5823,192,,ok
max sequences 96 - repeat 1,vLLM max sequences,max sequences,96.0,1,144.539,6037,5845,192,,ok
max sequences 96 - repeat 1,vLLM max sequences,max sequences,96.0,1,145.019,6071,5879,192,,ok
max sequences 96 - repeat 1,vLLM max sequences,max sequences,96.0,1,145.533,6081,5890,191,,ok
max sequences 96 - repeat 1,vLLM max sequences,max sequences,96.0,1,146.039,6107,5916,191,,ok
max sequences 96 - repeat 1,vLLM max sequences,max sequences,96.0,1,146.5,6119,5927,192,,ok
max sequences 96 - repeat 1,vLLM max sequences,max sequences,96.0,1,147.013,6166,5975,191,,ok
max sequences 96 - repeat 1,vLLM max sequences,max sequences,96.0,1,147.524,6175,5983,192,,ok
max sequences 96 - repeat 1,vLLM max sequences,max sequences,96.0,1,148.033,6187,5995,192,,ok
max sequences 96 - repeat 1,vLLM max sequences,max sequences,96.0,1,148.547,6213,6021,192,,ok
max sequences 96 - repeat 1,vLLM max sequences,max sequences,96.0,1,149.009,6252,6070,182,,ok
max sequences 96 - repeat 1,vLLM max sequences,max sequences,96.0,1,149.522,6267,6076,191,,ok
max sequences 96 - repeat 1,vLLM max sequences,max sequences,96.0,1,150.034,6277,6085,192,,ok
max sequences 96 - repeat 1,vLLM max sequences,max sequences,96.0,1,150.543,6307,6115,192,,ok
max sequences 96 - repeat 1,vLLM max sequences,max sequences,96.0,1,151.003,6336,6147,189,,ok
max sequences 96 - repeat 1,vLLM max sequences,max sequences,96.0,1,151.517,6359,6169,190,,ok
max sequences 96 - repeat 1,vLLM max sequences,max sequences,96.0,1,152.034,6372,6180,192,,ok
max sequences 96 - repeat 1,vLLM max sequences,max sequences,96.0,1,152.505,6399,6211,188,,ok
max sequences 96 - repeat 1,vLLM max sequences,max sequences,96.0,1,153.012,6421,6232,189,,ok
max sequences 96 - repeat 1,vLLM max sequences,max sequences,96.0,1,153.52,6455,6263,192,,ok
max sequences 96 - repeat 1,vLLM max sequences,max sequences,96.0,1,154.034,6463,6274,189,,ok
max sequences 96 - repeat 1,vLLM max sequences,max sequences,96.0,1,154.512,6488,6296,192,,ok
max sequences 96 - repeat 1,vLLM max sequences,max sequences,96.0,1,155.025,6501,6309,192,,ok
max sequences 96 - repeat 1,vLLM max sequences,max sequences,96.0,1,155.537,6550,6358,192,,ok
max sequences 96 - repeat 1,vLLM max sequences,max sequences,96.0,1,156.046,6559,6367,192,,ok
max sequences 96 - repeat 1,vLLM max sequences,max sequences,96.0,1,156.515,6568,6379,189,,ok
max sequences 96 - repeat 1,vLLM max sequences,max sequences,96.0,1,157.024,6597,6405,192,,ok
max sequences 96 - repeat 1,vLLM max sequences,max sequences,96.0,1,157.537,6646,6454,192,,ok
max sequences 96 - repeat 1,vLLM max sequences,max sequences,96.0,1,158.048,6651,6462,189,,ok
max sequences 96 - repeat 1,vLLM max sequences,max sequences,96.0,1,158.503,6661,6469,192,,ok
max sequences 96 - repeat 1,vLLM max sequences,max sequences,96.0,1,159.016,6691,6499,192,,ok
max sequences 96 - repeat 1,vLLM max sequences,max sequences,96.0,1,159.538,6723,6531,192,,ok
max sequences 96 - repeat 1,vLLM max sequences,max sequences,96.0,1,160.006,6743,6553,190,,ok
max sequences 96 - repeat 1,vLLM max sequences,max sequences,96.0,1,160.53,6755,6564,191,,ok
max sequences 96 - repeat 1,vLLM max sequences,max sequences,96.0,1,161.043,6787,6595,192,,ok
max sequences 96 - repeat 1,vLLM max sequences,max sequences,96.0,1,161.513,6805,6616,189,,ok
max sequences 96 - repeat 1,vLLM max sequences,max sequences,96.0,1,162.025,6839,6647,192,,ok
max sequences 96 - repeat 1,vLLM max sequences,max sequences,96.0,1,162.537,6849,6658,191,,ok
max sequences 96 - repeat 1,vLLM max sequences,max sequences,96.0,1,163.048,6875,6687,188,,ok
max sequences 96 - repeat 1,vLLM max sequences,max sequences,96.0,1,163.521,6887,6709,178,,ok
max sequences 96 - repeat 1,vLLM max sequences,max sequences,96.0,1,164.006,6934,6743,191,,ok
max sequences 96 - repeat 1,vLLM max sequences,max sequences,96.0,1,164.533,6942,6751,191,,ok
max sequences 96 - repeat 1,vLLM max sequences,max sequences,96.0,1,165.045,6951,6776,175,,ok
max sequences 96 - repeat 1,vLLM max sequences,max sequences,96.0,1,165.513,6981,6789,192,,ok
max sequences 96 - repeat 1,vLLM max sequences,max sequences,96.0,1,166.036,7030,6838,192,,ok
max sequences 96 - repeat 1,vLLM max sequences,max sequences,96.0,1,166.546,7038,6846,192,,ok
max sequences 96 - repeat 1,vLLM max sequences,max sequences,96.0,1,167.008,7045,6853,192,,ok
max sequences 96 - repeat 1,vLLM max sequences,max sequences,96.0,1,167.523,7075,6883,192,,ok
max sequences 96 - repeat 1,vLLM max sequences,max sequences,96.0,1,168.033,7107,6924,183,,ok
max sequences 96 - repeat 1,vLLM max sequences,max sequences,96.0,1,168.541,7129,6937,192,,ok
max sequences 96 - repeat 1,vLLM max sequences,max sequences,96.0,1,169.014,7140,6948,192,,ok
max sequences 96 - repeat 1,vLLM max sequences,max sequences,96.0,1,169.529,7171,6979,192,,ok
max sequences 96 - repeat 1,vLLM max sequences,max sequences,96.0,1,170.042,7192,7008,184,,ok
max sequences 96 - repeat 1,vLLM max sequences,max sequences,96.0,1,170.503,7223,7031,192,,ok
max sequences 96 - repeat 1,vLLM max sequences,max sequences,96.0,1,171.013,7233,7043,190,,ok
max sequences 96 - repeat 1,vLLM max sequences,max sequences,96.0,1,171.53,7259,7071,188,,ok
max sequences 96 - repeat 1,vLLM max sequences,max sequences,96.0,1,172.043,7285,7093,192,,ok
max sequences 96 - repeat 1,vLLM max sequences,max sequences,96.0,1,172.504,7319,7127,192,,ok
max sequences 96 - repeat 1,vLLM max sequences,max sequences,96.0,1,173.014,7327,7135,192,,ok
max sequences 96 - repeat 1,vLLM max sequences,max sequences,96.0,1,173.525,7339,7160,179,,ok
max sequences 96 - repeat 1,vLLM max sequences,max sequences,96.0,1,174.01,7365,7173,192,,ok
max sequences 96 - repeat 1,vLLM max sequences,max sequences,96.0,1,174.555,7414,7222,192,,ok
max sequences 96 - repeat 1,vLLM max sequences,max sequences,96.0,1,175.026,7417,7231,186,,ok
max sequences 96 - repeat 1,vLLM max sequences,max sequences,96.0,1,175.535,7429,7240,189,,ok
max sequences 96 - repeat 1,vLLM max sequences,max sequences,96.0,1,176.002,7459,7267,192,,ok
max sequences 96 - repeat 1,vLLM max sequences,max sequences,96.0,1,176.518,7491,7299,192,,ok
max sequences 96 - repeat 1,vLLM max sequences,max sequences,96.0,1,177.024,7513,7321,192,,ok
max sequences 96 - repeat 1,vLLM max sequences,max sequences,96.0,1,177.539,7524,7333,191,,ok
max sequences 96 - repeat 1,vLLM max sequences,max sequences,96.0,1,178.022,7555,7363,192,,ok
max sequences 96 - repeat 1,vLLM max sequences,max sequences,96.0,1,178.543,7584,7395,189,,ok
max sequences 96 - repeat 1,vLLM max sequences,max sequences,96.0,1,179.05,7607,7417,190,,ok
max sequences 96 - repeat 1,vLLM max sequences,max sequences,96.0,1,179.512,7618,7428,190,,ok
max sequences 128 - repeat 1,vLLM max sequences,max sequences,128.0,1,0.012,0,0,0,,ok
max sequences 128 - repeat 1,vLLM max sequences,max sequences,128.0,1,0.521,3,0,3,,ok
max sequences 128 - repeat 1,vLLM max sequences,max sequences,128.0,1,1.03,6,0,6,,ok
max sequences 128 - repeat 1,vLLM max sequences,max sequences,128.0,1,1.537,11,1,10,,ok
max sequences 128 - repeat 1,vLLM max sequences,max sequences,128.0,1,2.045,17,4,13,,ok
max sequences 128 - repeat 1,vLLM max sequences,max sequences,128.0,1,2.506,24,8,16,,ok
max sequences 128 - repeat 1,vLLM max sequences,max sequences,128.0,1,3.026,33,14,19,,ok
max sequences 128 - repeat 1,vLLM max sequences,max sequences,128.0,1,3.546,37,15,22,,ok
max sequences 128 - repeat 1,vLLM max sequences,max sequences,128.0,1,4.003,40,15,25,,ok
max sequences 128 - repeat 1,vLLM max sequences,max sequences,128.0,1,4.512,44,15,29,,ok
max sequences 128 - repeat 1,vLLM max sequences,max sequences,128.0,1,5.03,52,20,32,,ok
max sequences 128 - repeat 1,vLLM max sequences,max sequences,128.0,1,5.536,58,25,33,,ok
max sequences 128 - repeat 1,vLLM max sequences,max sequences,128.0,1,6.042,81,43,38,,ok
max sequences 128 - repeat 1,vLLM max sequences,max sequences,128.0,1,6.55,85,43,42,,ok
max sequences 128 - repeat 1,vLLM max sequences,max sequences,128.0,1,7.021,88,43,45,,ok
max sequences 128 - repeat 1,vLLM max sequences,max sequences,128.0,1,7.528,95,51,44,,ok
max sequences 128 - repeat 1,vLLM max sequences,max sequences,128.0,1,8.046,103,52,51,,ok
max sequences 128 - repeat 1,vLLM max sequences,max sequences,128.0,1,8.508,106,52,54,,ok
max sequences 128 - repeat 1,vLLM max sequences,max sequences,128.0,1,9.035,113,56,57,,ok
max sequences 128 - repeat 1,vLLM max sequences,max sequences,128.0,1,9.502,116,56,60,,ok
max sequences 128 - repeat 1,vLLM max sequences,max sequences,128.0,1,10.023,129,65,64,,ok
max sequences 128 - repeat 1,vLLM max sequences,max sequences,128.0,1,10.532,154,87,67,,ok
max sequences 128 - repeat 1,vLLM max sequences,max sequences,128.0,1,11.044,158,88,70,,ok
max sequences 128 - repeat 1,vLLM max sequences,max sequences,128.0,1,11.501,161,88,73,,ok
max sequences 128 - repeat 1,vLLM max sequences,max sequences,128.0,1,12.011,165,88,77,,ok
max sequences 128 - repeat 1,vLLM max sequences,max sequences,128.0,1,12.52,168,88,80,,ok
max sequences 128 - repeat 1,vLLM max sequences,max sequences,128.0,1,13.001,186,103,83,,ok
max sequences 128 - repeat 1,vLLM max sequences,max sequences,128.0,1,13.51,190,104,86,,ok
max sequences 128 - repeat 1,vLLM max sequences,max sequences,128.0,1,14.036,204,114,90,,ok
max sequences 128 - repeat 1,vLLM max sequences,max sequences,128.0,1,14.551,207,114,93,,ok
max sequences 128 - repeat 1,vLLM max sequences,max sequences,128.0,1,15.009,214,119,95,,ok
max sequences 128 - repeat 1,vLLM max sequences,max sequences,128.0,1,15.516,226,129,97,,ok
max sequences 128 - repeat 1,vLLM max sequences,max sequences,128.0,1,16.026,268,166,102,,ok
max sequences 128 - repeat 1,vLLM max sequences,max sequences,128.0,1,16.504,271,166,105,,ok
max sequences 128 - repeat 1,vLLM max sequences,max sequences,128.0,1,17.015,275,166,109,,ok
max sequences 128 - repeat 1,vLLM max sequences,max sequences,128.0,1,17.525,278,166,112,,ok
max sequences 128 - repeat 1,vLLM max sequences,max sequences,128.0,1,18.03,303,189,114,,ok
max sequences 128 - repeat 1,vLLM max sequences,max sequences,128.0,1,18.541,307,189,118,,ok
max sequences 128 - repeat 1,vLLM max sequences,max sequences,128.0,1,19.029,327,208,119,,ok
max sequences 128 - repeat 1,vLLM max sequences,max sequences,128.0,1,19.551,337,212,125,,ok
max sequences 128 - repeat 1,vLLM max sequences,max sequences,128.0,1,20.03,340,212,128,,ok
max sequences 128 - repeat 1,vLLM max sequences,max sequences,128.0,1,20.54,343,212,131,,ok
max sequences 128 - repeat 1,vLLM max sequences,max sequences,128.0,1,21.047,354,220,134,,ok
max sequences 128 - repeat 1,vLLM max sequences,max sequences,128.0,1,21.517,357,220,137,,ok
max sequences 128 - repeat 1,vLLM max sequences,max sequences,128.0,1,22.027,362,223,139,,ok
max sequences 128 - repeat 1,vLLM max sequences,max sequences,128.0,1,22.536,386,242,144,,ok
max sequences 128 - repeat 1,vLLM max sequences,max sequences,128.0,1,23.063,419,272,147,,ok
max sequences 128 - repeat 1,vLLM max sequences,max sequences,128.0,1,23.522,423,275,148,,ok
max sequences 128 - repeat 1,vLLM max sequences,max sequences,128.0,1,24.028,431,278,153,,ok
max sequences 128 - repeat 1,vLLM max sequences,max sequences,128.0,1,24.538,454,297,157,,ok
max sequences 128 - repeat 1,vLLM max sequences,max sequences,128.0,1,25.049,468,308,160,,ok
max sequences 128 - repeat 1,vLLM max sequences,max sequences,128.0,1,25.504,504,341,163,,ok
max sequences 128 - repeat 1,vLLM max sequences,max sequences,128.0,1,26.011,521,355,166,,ok
max sequences 128 - repeat 1,vLLM max sequences,max sequences,128.0,1,26.518,574,405,169,,ok
max sequences 128 - repeat 1,vLLM max sequences,max sequences,128.0,1,27.025,583,425,158,,ok
max sequences 128 - repeat 1,vLLM max sequences,max sequences,128.0,1,27.537,612,442,170,,ok
max sequences 128 - repeat 1,vLLM max sequences,max sequences,128.0,1,28.046,650,476,174,,ok
max sequences 128 - repeat 1,vLLM max sequences,max sequences,128.0,1,28.504,674,507,167,,ok
max sequences 128 - repeat 1,vLLM max sequences,max sequences,128.0,1,29.034,718,533,185,,ok
max sequences 128 - repeat 1,vLLM max sequences,max sequences,128.0,1,29.503,747,559,188,,ok
max sequences 128 - repeat 1,vLLM max sequences,max sequences,128.0,1,30.027,756,585,171,,ok
max sequences 128 - repeat 1,vLLM max sequences,max sequences,128.0,1,30.546,796,605,191,,ok
max sequences 128 - repeat 1,vLLM max sequences,max sequences,128.0,1,31.018,827,642,185,,ok
max sequences 128 - repeat 1,vLLM max sequences,max sequences,128.0,1,31.53,853,662,191,,ok
max sequences 128 - repeat 1,vLLM max sequences,max sequences,128.0,1,32.038,882,690,192,,ok
max sequences 128 - repeat 1,vLLM max sequences,max sequences,128.0,1,32.52,910,718,192,,ok
max sequences 128 - repeat 1,vLLM max sequences,max sequences,128.0,1,33.031,927,735,192,,ok
max sequences 128 - repeat 1,vLLM max sequences,max sequences,128.0,1,33.51,962,776,186,,ok
max sequences 128 - repeat 1,vLLM max sequences,max sequences,128.0,1,34.029,982,790,192,,ok
max sequences 128 - repeat 1,vLLM max sequences,max sequences,128.0,1,34.538,1011,820,191,,ok
max sequences 128 - repeat 1,vLLM max sequences,max sequences,128.0,1,35.048,1038,853,185,,ok
max sequences 128 - repeat 1,vLLM max sequences,max sequences,128.0,1,35.512,1055,863,192,,ok
max sequences 128 - repeat 1,vLLM max sequences,max sequences,128.0,1,36.022,1107,915,192,,ok
max sequences 128 - repeat 1,vLLM max sequences,max sequences,128.0,1,36.542,1110,918,192,,ok
max sequences 128 - repeat 1,vLLM max sequences,max sequences,128.0,1,37.014,1140,948,192,,ok
max sequences 128 - repeat 1,vLLM max sequences,max sequences,128.0,1,37.522,1173,981,192,,ok
max sequences 128 - repeat 1,vLLM max sequences,max sequences,128.0,1,38.05,1185,995,190,,ok
max sequences 128 - repeat 1,vLLM max sequences,max sequences,128.0,1,38.533,1235,1045,190,,ok
max sequences 128 - repeat 1,vLLM max sequences,max sequences,128.0,1,39.007,1238,1048,190,,ok
max sequences 128 - repeat 1,vLLM max sequences,max sequences,128.0,1,39.522,1268,1076,192,,ok
max sequences 128 - repeat 1,vLLM max sequences,max sequences,128.0,1,40.03,1301,1109,192,,ok
max sequences 128 - repeat 1,vLLM max sequences,max sequences,128.0,1,40.542,1316,1132,184,,ok
max sequences 128 - repeat 1,vLLM max sequences,max sequences,128.0,1,41.001,1363,1173,190,,ok
max sequences 128 - repeat 1,vLLM max sequences,max sequences,128.0,1,41.514,1366,1193,173,,ok
max sequences 128 - repeat 1,vLLM max sequences,max sequences,128.0,1,42.029,1396,1209,187,,ok
max sequences 128 - repeat 1,vLLM max sequences,max sequences,128.0,1,42.555,1431,1244,187,,ok
max sequences 128 - repeat 1,vLLM max sequences,max sequences,128.0,1,43.012,1467,1275,192,,ok
max sequences 128 - repeat 1,vLLM max sequences,max sequences,128.0,1,43.52,1493,1301,192,,ok
max sequences 128 - repeat 1,vLLM max sequences,max sequences,128.0,1,44.038,1519,1330,189,,ok
max sequences 128 - repeat 1,vLLM max sequences,max sequences,128.0,1,44.55,1545,1358,187,,ok
max sequences 128 - repeat 1,vLLM max sequences,max sequences,128.0,1,45.008,1559,1373,186,,ok
max sequences 128 - repeat 1,vLLM max sequences,max sequences,128.0,1,45.52,1595,1410,185,,ok
max sequences 128 - repeat 1,vLLM max sequences,max sequences,128.0,1,46.028,1621,1430,191,,ok
max sequences 128 - repeat 1,vLLM max sequences,max sequences,128.0,1,46.546,1650,1459,191,,ok
max sequences 128 - repeat 1,vLLM max sequences,max sequences,128.0,1,47.003,1678,1486,192,,ok
max sequences 128 - repeat 1,vLLM max sequences,max sequences,128.0,1,47.517,1695,1503,192,,ok
max sequences 128 - repeat 1,vLLM max sequences,max sequences,128.0,1,48.026,1736,1548,188,,ok
max sequences 128 - repeat 1,vLLM max sequences,max sequences,128.0,1,48.561,1750,1558,192,,ok
max sequences 128 - repeat 1,vLLM max sequences,max sequences,128.0,1,49.02,1778,1588,190,,ok
max sequences 128 - repeat 1,vLLM max sequences,max sequences,128.0,1,49.504,1810,1621,189,,ok
max sequences 128 - repeat 1,vLLM max sequences,max sequences,128.0,1,50.025,1825,1633,192,,ok
max sequences 128 - repeat 1,vLLM max sequences,max sequences,128.0,1,50.536,1875,1683,192,,ok
max sequences 128 - repeat 1,vLLM max sequences,max sequences,128.0,1,51.05,1878,1686,192,,ok
max sequences 128 - repeat 1,vLLM max sequences,max sequences,128.0,1,51.521,1908,1716,192,,ok
max sequences 128 - repeat 1,vLLM max sequences,max sequences,128.0,1,52.04,1941,1749,192,,ok
max sequences 128 - repeat 1,vLLM max sequences,max sequences,128.0,1,52.517,1953,1763,190,,ok
max sequences 128 - repeat 1,vLLM max sequences,max sequences,128.0,1,53.031,2003,1813,190,,ok
max sequences 128 - repeat 1,vLLM max sequences,max sequences,128.0,1,53.539,2006,1814,192,,ok
max sequences 128 - repeat 1,vLLM max sequences,max sequences,128.0,1,54.011,2036,1844,192,,ok
max sequences 128 - repeat 1,vLLM max sequences,max sequences,128.0,1,54.518,2069,1879,190,,ok
max sequences 128 - repeat 1,vLLM max sequences,max sequences,128.0,1,55.027,2083,1900,183,,ok
max sequences 128 - repeat 1,vLLM max sequences,max sequences,128.0,1,55.534,2133,1941,192,,ok
max sequences 128 - repeat 1,vLLM max sequences,max sequences,128.0,1,56.041,2153,1967,186,,ok
max sequences 128 - repeat 1,vLLM max sequences,max sequences,128.0,1,56.548,2164,1978,186,,ok
max sequences 128 - repeat 1,vLLM max sequences,max sequences,128.0,1,57.005,2199,2007,192,,ok
max sequences 128 - repeat 1,vLLM max sequences,max sequences,128.0,1,57.514,2231,2039,192,,ok
max sequences 128 - repeat 1,vLLM max sequences,max sequences,128.0,1,58.025,2261,2069,192,,ok
max sequences 128 - repeat 1,vLLM max sequences,max sequences,128.0,1,58.546,2287,2095,192,,ok
max sequences 128 - repeat 1,vLLM max sequences,max sequences,128.0,1,59.027,2298,2121,177,,ok
max sequences 128 - repeat 1,vLLM max sequences,max sequences,128.0,1,59.549,2332,2143,189,,ok
max sequences 128 - repeat 1,vLLM max sequences,max sequences,128.0,1,60.036,2369,2178,191,,ok
max sequences 128 - repeat 1,vLLM max sequences,max sequences,128.0,1,60.543,2390,2198,192,,ok
max sequences 128 - repeat 1,vLLM max sequences,max sequences,128.0,1,61.051,2419,2227,192,,ok
max sequences 128 - repeat 1,vLLM max sequences,max sequences,128.0,1,61.535,2446,2256,190,,ok
max sequences 128 - repeat 1,vLLM max sequences,max sequences,128.0,1,62.012,2461,2271,190,,ok
max sequences 128 - repeat 1,vLLM max sequences,max sequences,128.0,1,62.53,2498,2312,186,,ok
max sequences 128 - repeat 1,vLLM max sequences,max sequences,128.0,1,63.002,2517,2326,191,,ok
max sequences 128 - repeat 1,vLLM max sequences,max sequences,128.0,1,63.511,2546,2355,191,,ok
max sequences 128 - repeat 1,vLLM max sequences,max sequences,128.0,1,64.036,2574,2389,185,,ok
max sequences 128 - repeat 1,vLLM max sequences,max sequences,128.0,1,64.544,2592,2400,192,,ok
max sequences 128 - repeat 1,vLLM max sequences,max sequences,128.0,1,65.017,2632,2451,181,,ok
max sequences 128 - repeat 1,vLLM max sequences,max sequences,128.0,1,65.524,2646,2454,192,,ok
max sequences 128 - repeat 1,vLLM max sequences,max sequences,128.0,1,66.036,2676,2484,192,,ok
max sequences 128 - repeat 1,vLLM max sequences,max sequences,128.0,1,66.545,2709,2517,192,,ok
max sequences 128 - repeat 1,vLLM max sequences,max sequences,128.0,1,67.002,2721,2529,192,,ok
max sequences 128 - repeat 1,vLLM max sequences,max sequences,128.0,1,67.513,2771,2580,191,,ok
max sequences 128 - repeat 1,vLLM max sequences,max sequences,128.0,1,68.022,2774,2582,192,,ok
max sequences 128 - repeat 1,vLLM max sequences,max sequences,128.0,1,68.532,2804,2612,192,,ok
max sequences 128 - repeat 1,vLLM max sequences,max sequences,128.0,1,69.025,2837,2645,192,,ok
max sequences 128 - repeat 1,vLLM max sequences,max sequences,128.0,1,69.55,2851,2668,183,,ok
max sequences 128 - repeat 1,vLLM max sequences,max sequences,128.0,1,70.024,2901,2709,192,,ok
max sequences 128 - repeat 1,vLLM max sequences,max sequences,128.0,1,70.536,2906,2729,177,,ok
max sequences 128 - repeat 1,vLLM max sequences,max sequences,128.0,1,71.044,2932,2746,186,,ok
max sequences 128 - repeat 1,vLLM max sequences,max sequences,128.0,1,71.502,2967,2775,192,,ok
max sequences 128 - repeat 1,vLLM max sequences,max sequences,128.0,1,72.018,2988,2811,177,,ok
max sequences 128 - repeat 1,vLLM max sequences,max sequences,128.0,1,72.526,3029,2837,192,,ok
max sequences 128 - repeat 1,vLLM max sequences,max sequences,128.0,1,73.035,3055,2866,189,,ok
max sequences 128 - repeat 1,vLLM max sequences,max sequences,128.0,1,73.543,3066,2889,177,,ok
max sequences 128 - repeat 1,vLLM max sequences,max sequences,128.0,1,74.013,3095,2908,187,,ok
max sequences 128 - repeat 1,vLLM max sequences,max sequences,128.0,1,74.52,3131,2946,185,,ok
max sequences 128 - repeat 1,vLLM max sequences,max sequences,128.0,1,75.035,3157,2965,192,,ok
max sequences 128 - repeat 1,vLLM max sequences,max sequences,128.0,1,75.541,3186,2994,192,,ok
max sequences 128 - repeat 1,vLLM max sequences,max sequences,128.0,1,76.047,3214,3022,192,,ok
max sequences 128 - repeat 1,vLLM max sequences,max sequences,128.0,1,76.524,3231,3039,192,,ok
max sequences 128 - repeat 1,vLLM max sequences,max sequences,128.0,1,77.041,3272,3091,181,,ok
max sequences 128 - repeat 1,vLLM max sequences,max sequences,128.0,1,77.516,3285,3094,191,,ok
max sequences 128 - repeat 1,vLLM max sequences,max sequences,128.0,1,78.027,3314,3124,190,,ok
max sequences 128 - repeat 1,vLLM max sequences,max sequences,128.0,1,78.541,3342,3157,185,,ok
max sequences 128 - repeat 1,vLLM max sequences,max sequences,128.0,1,79.033,3360,3168,192,,ok
max sequences 128 - repeat 1,vLLM max sequences,max sequences,128.0,1,79.516,3403,3219,184,,ok
max sequences 128 - repeat 1,vLLM max sequences,max sequences,128.0,1,80.044,3414,3222,192,,ok
max sequences 128 - repeat 1,vLLM max sequences,max sequences,128.0,1,80.519,3444,3252,192,,ok
max sequences 128 - repeat 1,vLLM max sequences,max sequences,128.0,1,81.026,3477,3285,192,,ok
max sequences 128 - repeat 1,vLLM max sequences,max sequences,128.0,1,81.537,3489,3299,190,,ok
max sequences 128 - repeat 1,vLLM max sequences,max sequences,128.0,1,82.0,3539,3348,191,,ok
max sequences 128 - repeat 1,vLLM max sequences,max sequences,128.0,1,82.505,3542,3354,188,,ok
max sequences 128 - repeat 1,vLLM max sequences,max sequences,128.0,1,83.013,3572,3380,192,,ok
max sequences 128 - repeat 1,vLLM max sequences,max sequences,128.0,1,83.522,3605,3413,192,,ok
max sequences 128 - repeat 1,vLLM max sequences,max sequences,128.0,1,84.035,3619,3436,183,,ok
max sequences 128 - repeat 1,vLLM max sequences,max sequences,128.0,1,84.502,3667,3477,190,,ok
max sequences 128 - repeat 1,vLLM max sequences,max sequences,128.0,1,85.022,3671,3497,174,,ok
max sequences 128 - repeat 1,vLLM max sequences,max sequences,128.0,1,85.531,3700,3508,192,,ok
max sequences 128 - repeat 1,vLLM max sequences,max sequences,128.0,1,86.01,3735,3543,192,,ok
max sequences 128 - repeat 1,vLLM max sequences,max sequences,128.0,1,86.518,3756,3579,177,,ok
max sequences 128 - repeat 1,vLLM max sequences,max sequences,128.0,1,87.026,3797,3605,192,,ok
max sequences 128 - repeat 1,vLLM max sequences,max sequences,128.0,1,87.535,3823,3634,189,,ok
max sequences 128 - repeat 1,vLLM max sequences,max sequences,128.0,1,88.003,3828,3642,186,,ok
max sequences 128 - repeat 1,vLLM max sequences,max sequences,128.0,1,88.512,3863,3676,187,,ok
max sequences 128 - repeat 1,vLLM max sequences,max sequences,128.0,1,89.042,3899,3714,185,,ok
max sequences 128 - repeat 1,vLLM max sequences,max sequences,128.0,1,89.546,3925,3734,191,,ok
max sequences 128 - repeat 1,vLLM max sequences,max sequences,128.0,1,90.039,3954,3762,192,,ok
max sequences 128 - repeat 1,vLLM max sequences,max sequences,128.0,1,90.546,3977,3785,192,,ok
max sequences 128 - repeat 1,vLLM max sequences,max sequences,128.0,1,91.003,3996,3807,189,,ok
max sequences 128 - repeat 1,vLLM max sequences,max sequences,128.0,1,91.534,4034,3848,186,,ok
max sequences 128 - repeat 1,vLLM max sequences,max sequences,128.0,1,92.053,4054,3862,192,,ok
max sequences 128 - repeat 1,vLLM max sequences,max sequences,128.0,1,92.511,4083,3891,192,,ok
max sequences 128 - repeat 1,vLLM max sequences,max sequences,128.0,1,93.018,4110,3922,188,,ok
max sequences 128 - repeat 1,vLLM max sequences,max sequences,128.0,1,93.527,4128,3937,191,,ok
max sequences 128 - repeat 1,vLLM max sequences,max sequences,128.0,1,94.035,4168,3987,181,,ok
max sequences 128 - repeat 1,vLLM max sequences,max sequences,128.0,1,94.543,4181,3989,192,,ok
max sequences 128 - repeat 1,vLLM max sequences,max sequences,128.0,1,95.001,4211,4020,191,,ok
max sequences 128 - repeat 1,vLLM max sequences,max sequences,128.0,1,95.52,4239,4053,186,,ok
max sequences 128 - repeat 1,vLLM max sequences,max sequences,128.0,1,96.031,4257,4065,192,,ok
max sequences 128 - repeat 1,vLLM max sequences,max sequences,128.0,1,96.54,4307,4116,191,,ok
max sequences 128 - repeat 1,vLLM max sequences,max sequences,128.0,1,97.011,4310,4118,192,,ok
max sequences 128 - repeat 1,vLLM max sequences,max sequences,128.0,1,97.537,4340,4148,192,,ok
max sequences 128 - repeat 1,vLLM max sequences,max sequences,128.0,1,98.045,4373,4181,192,,ok
max sequences 128 - repeat 1,vLLM max sequences,max sequences,128.0,1,98.51,4385,4195,190,,ok
max sequences 128 - repeat 1,vLLM max sequences,max sequences,128.0,1,99.04,4436,4245,191,,ok
max sequences 128 - repeat 1,vLLM max sequences,max sequences,128.0,1,99.525,4438,4250,188,,ok
max sequences 128 - repeat 1,vLLM max sequences,max sequences,128.0,1,100.035,4468,4276,192,,ok
max sequences 128 - repeat 1,vLLM max sequences,max sequences,128.0,1,100.562,4501,4316,185,,ok
max sequences 128 - repeat 1,vLLM max sequences,max sequences,128.0,1,101.018,4524,4332,192,,ok
max sequences 128 - repeat 1,vLLM max sequences,max sequences,128.0,1,101.525,4565,4373,192,,ok
max sequences 128 - repeat 1,vLLM max sequences,max sequences,128.0,1,102.033,4585,4399,186,,ok
max sequences 128 - repeat 1,vLLM max sequences,max sequences,128.0,1,102.541,4598,4410,188,,ok
max sequences 128 - repeat 1,vLLM max sequences,max sequences,128.0,1,103.048,4636,4444,192,,ok
max sequences 128 - repeat 1,vLLM max sequences,max sequences,128.0,1,103.505,4667,4481,186,,ok
max sequences 128 - repeat 1,vLLM max sequences,max sequences,128.0,1,104.04,4693,4501,192,,ok
max sequences 128 - repeat 1,vLLM max sequences,max sequences,128.0,1,104.548,4719,4530,189,,ok
max sequences 128 - repeat 1,vLLM max sequences,max sequences,128.0,1,105.006,4730,4553,177,,ok
max sequences 128 - repeat 1,vLLM max sequences,max sequences,128.0,1,105.516,4764,4573,191,,ok
max sequences 128 - repeat 1,vLLM max sequences,max sequences,128.0,1,106.025,4795,4610,185,,ok
max sequences 128 - repeat 1,vLLM max sequences,max sequences,128.0,1,106.532,4821,4630,191,,ok
max sequences 128 - repeat 1,vLLM max sequences,max sequences,128.0,1,107.043,4850,4659,191,,ok
max sequences 128 - repeat 1,vLLM max sequences,max sequences,128.0,1,107.501,4873,4686,187,,ok
max sequences 128 - repeat 1,vLLM max sequences,max sequences,128.0,1,108.019,4895,4703,192,,ok
max sequences 128 - repeat 1,vLLM max sequences,max sequences,128.0,1,108.55,4936,4744,192,,ok
max sequences 128 - repeat 1,vLLM max sequences,max sequences,128.0,1,109.053,4950,4758,192,,ok
max sequences 128 - repeat 1,vLLM max sequences,max sequences,128.0,1,109.515,4979,4788,191,,ok
max sequences 128 - repeat 1,vLLM max sequences,max sequences,128.0,1,110.008,5001,4818,183,,ok
max sequences 128 - repeat 1,vLLM max sequences,max sequences,128.0,1,110.526,5023,4833,190,,ok
max sequences 128 - repeat 1,vLLM max sequences,max sequences,128.0,1,111.033,5064,4883,181,,ok
max sequences 128 - repeat 1,vLLM max sequences,max sequences,128.0,1,111.541,5078,4886,192,,ok
max sequences 128 - repeat 1,vLLM max sequences,max sequences,128.0,1,112.049,5108,4916,192,,ok
max sequences 128 - repeat 1,vLLM max sequences,max sequences,128.0,1,112.526,5141,4949,192,,ok
max sequences 128 - repeat 1,vLLM max sequences,max sequences,128.0,1,113.041,5153,4963,190,,ok
max sequences 128 - repeat 1,vLLM max sequences,max sequences,128.0,1,113.505,5203,5011,192,,ok
max sequences 128 - repeat 1,vLLM max sequences,max sequences,128.0,1,114.01,5206,5015,191,,ok
max sequences 128 - repeat 1,vLLM max sequences,max sequences,128.0,1,114.53,5236,5044,192,,ok
max sequences 128 - repeat 1,vLLM max sequences,max sequences,128.0,1,115.042,5269,5077,192,,ok
max sequences 128 - repeat 1,vLLM max sequences,max sequences,128.0,1,115.504,5281,5091,190,,ok
max sequences 128 - repeat 1,vLLM max sequences,max sequences,128.0,1,116.016,5332,5141,191,,ok
max sequences 128 - repeat 1,vLLM max sequences,max sequences,128.0,1,116.503,5334,5146,188,,ok
max sequences 128 - repeat 1,vLLM max sequences,max sequences,128.0,1,117.015,5364,5172,192,,ok
max sequences 128 - repeat 1,vLLM max sequences,max sequences,128.0,1,117.524,5397,5207,190,,ok
max sequences 128 - repeat 1,vLLM max sequences,max sequences,128.0,1,118.054,5411,5243,168,,ok
max sequences 128 - repeat 1,vLLM max sequences,max sequences,128.0,1,118.521,5461,5269,192,,ok
max sequences 128 - repeat 1,vLLM max sequences,max sequences,128.0,1,119.029,5481,5289,192,,ok
max sequences 128 - repeat 1,vLLM max sequences,max sequences,128.0,1,119.624,5492,5326,166,,ok
max sequences 128 - repeat 1,vLLM max sequences,max sequences,128.0,1,120.036,5532,5340,192,,ok
max sequences 128 - repeat 1,vLLM max sequences,max sequences,128.0,1,120.54,5569,5377,192,,ok
max sequences 128 - repeat 1,vLLM max sequences,max sequences,128.0,1,121.013,5589,5397,192,,ok
max sequences 128 - repeat 1,vLLM max sequences,max sequences,128.0,1,121.546,5615,5426,189,,ok
max sequences 128 - repeat 1,vLLM max sequences,max sequences,128.0,1,122.013,5626,5434,192,,ok
max sequences 128 - repeat 1,vLLM max sequences,max sequences,128.0,1,122.524,5660,5468,192,,ok
max sequences 128 - repeat 1,vLLM max sequences,max sequences,128.0,1,123.038,5698,5506,192,,ok
max sequences 128 - repeat 1,vLLM max sequences,max sequences,128.0,1,123.545,5718,5526,192,,ok
max sequences 128 - repeat 1,vLLM max sequences,max sequences,128.0,1,124.007,5747,5555,192,,ok
max sequences 128 - repeat 1,vLLM max sequences,max sequences,128.0,1,124.518,5774,5586,188,,ok
max sequences 128 - repeat 1,vLLM max sequences,max sequences,128.0,1,125.027,5791,5601,190,,ok
max sequences 128 - repeat 1,vLLM max sequences,max sequences,128.0,1,125.538,5832,5651,181,,ok
max sequences 128 - repeat 1,vLLM max sequences,max sequences,128.0,1,126.047,5846,5654,192,,ok
max sequences 128 - repeat 1,vLLM max sequences,max sequences,128.0,1,126.504,5875,5684,191,,ok
max sequences 128 - repeat 1,vLLM max sequences,max sequences,128.0,1,127.022,5906,5717,189,,ok
max sequences 128 - repeat 1,vLLM max sequences,max sequences,128.0,1,127.544,5921,5729,192,,ok
max sequences 128 - repeat 1,vLLM max sequences,max sequences,128.0,1,128.014,5960,5779,181,,ok
max sequences 128 - repeat 1,vLLM max sequences,max sequences,128.0,1,128.532,5974,5782,192,,ok
max sequences 128 - repeat 1,vLLM max sequences,max sequences,128.0,1,129.011,6004,5812,192,,ok
max sequences 128 - repeat 1,vLLM max sequences,max sequences,128.0,1,129.552,6037,5845,192,,ok
max sequences 128 - repeat 1,vLLM max sequences,max sequences,128.0,1,130.028,6049,5859,190,,ok
max sequences 128 - repeat 1,vLLM max sequences,max sequences,128.0,1,130.501,6099,5908,191,,ok
max sequences 128 - repeat 1,vLLM max sequences,max sequences,128.0,1,131.019,6102,5914,188,,ok
max sequences 128 - repeat 1,vLLM max sequences,max sequences,128.0,1,131.528,6132,5940,192,,ok
max sequences 128 - repeat 1,vLLM max sequences,max sequences,128.0,1,132.035,6165,5975,190,,ok
max sequences 128 - repeat 1,vLLM max sequences,max sequences,128.0,1,132.546,6179,6011,168,,ok
max sequences 128 - repeat 1,vLLM max sequences,max sequences,128.0,1,133.003,6229,6037,192,,ok
max sequences 128 - repeat 1,vLLM max sequences,max sequences,128.0,1,133.53,6249,6057,192,,ok
max sequences 128 - repeat 1,vLLM max sequences,max sequences,128.0,1,134.028,6260,6072,188,,ok
max sequences 128 - repeat 1,vLLM max sequences,max sequences,128.0,1,134.537,6298,6108,190,,ok
max sequences 128 - repeat 1,vLLM max sequences,max sequences,128.0,1,135.046,6331,6145,186,,ok
max sequences 128 - repeat 1,vLLM max sequences,max sequences,128.0,1,135.502,6357,6165,192,,ok
max sequences 128 - repeat 1,vLLM max sequences,max sequences,128.0,1,136.009,6383,6194,189,,ok
max sequences 128 - repeat 1,vLLM max sequences,max sequences,128.0,1,136.522,6394,6217,177,,ok
max sequences 128 - repeat 1,vLLM max sequences,max sequences,128.0,1,137.031,6428,6237,191,,ok
max sequences 128 - repeat 1,vLLM max sequences,max sequences,128.0,1,137.501,6465,6274,191,,ok
max sequences 128 - repeat 1,vLLM max sequences,max sequences,128.0,1,138.027,6485,6294,191,,ok
max sequences 128 - repeat 1,vLLM max sequences,max sequences,128.0,1,138.579,6511,6323,188,,ok
max sequences 128 - repeat 1,vLLM max sequences,max sequences,128.0,1,139.024,6537,6353,184,,ok
max sequences 128 - repeat 1,vLLM max sequences,max sequences,128.0,1,139.575,6557,6369,188,,ok
max sequences 128 - repeat 1,vLLM max sequences,max sequences,128.0,1,140.038,6594,6402,192,,ok
max sequences 128 - repeat 1,vLLM max sequences,max sequences,128.0,1,140.546,6614,6422,192,,ok
max sequences 128 - repeat 1,vLLM max sequences,max sequences,128.0,1,141.01,6643,6452,191,,ok
max sequences 128 - repeat 1,vLLM max sequences,max sequences,128.0,1,141.516,6674,6485,189,,ok
max sequences 128 - repeat 1,vLLM max sequences,max sequences,128.0,1,142.038,6689,6497,192,,ok
max sequences 128 - repeat 1,vLLM max sequences,max sequences,128.0,1,142.504,6722,6547,175,,ok
max sequences 128 - repeat 1,vLLM max sequences,max sequences,128.0,1,143.011,6742,6550,192,,ok
max sequences 128 - repeat 1,vLLM max sequences,max sequences,128.0,1,143.518,6772,6580,192,,ok
max sequences 128 - repeat 1,vLLM max sequences,max sequences,128.0,1,144.026,6805,6613,192,,ok
max sequences 128 - repeat 1,vLLM max sequences,max sequences,128.0,1,144.531,6817,6625,192,,ok
max sequences 128 - repeat 1,vLLM max sequences,max sequences,128.0,1,145.041,6867,6676,191,,ok
max sequences 128 - repeat 1,vLLM max sequences,max sequences,128.0,1,145.549,6871,6682,189,,ok
max sequences 128 - repeat 1,vLLM max sequences,max sequences,128.0,1,146.007,6900,6708,192,,ok
max sequences 128 - repeat 1,vLLM max sequences,max sequences,128.0,1,146.531,6933,6743,190,,ok
max sequences 128 - repeat 1,vLLM max sequences,max sequences,128.0,1,147.049,6956,6779,177,,ok
max sequences 128 - repeat 1,vLLM max sequences,max sequences,128.0,1,147.504,6997,6805,192,,ok
max sequences 128 - repeat 1,vLLM max sequences,max sequences,128.0,1,148.011,7002,6825,177,,ok
max sequences 128 - repeat 1,vLLM max sequences,max sequences,128.0,1,148.539,7028,6836,192,,ok
max sequences 128 - repeat 1,vLLM max sequences,max sequences,128.0,1,149.004,7061,6876,185,,ok
max sequences 128 - repeat 1,vLLM max sequences,max sequences,128.0,1,149.542,7087,6913,174,,ok
max sequences 128 - repeat 1,vLLM max sequences,max sequences,128.0,1,150.0,7125,6933,192,,ok
max sequences 128 - repeat 1,vLLM max sequences,max sequences,128.0,1,150.515,7145,6953,192,,ok
max sequences 128 - repeat 1,vLLM max sequences,max sequences,128.0,1,151.027,7162,6970,192,,ok
max sequences 128 - repeat 1,vLLM max sequences,max sequences,128.0,1,151.539,7196,7004,192,,ok
max sequences 128 - repeat 1,vLLM max sequences,max sequences,128.0,1,152.049,7233,7042,191,,ok
max sequences 128 - repeat 1,vLLM max sequences,max sequences,128.0,1,152.519,7253,7062,191,,ok
max sequences 128 - repeat 1,vLLM max sequences,max sequences,128.0,1,153.033,7282,7091,191,,ok
max sequences 128 - repeat 1,vLLM max sequences,max sequences,128.0,1,153.547,7310,7119,191,,ok
max sequences 128 - repeat 1,vLLM max sequences,max sequences,128.0,1,154.019,7324,7133,191,,ok
max sequences 128 - repeat 1,vLLM max sequences,max sequences,128.0,1,154.528,7361,7169,192,,ok
max sequences 128 - repeat 1,vLLM max sequences,max sequences,128.0,1,155.036,7382,7190,192,,ok
max sequences 128 - repeat 1,vLLM max sequences,max sequences,128.0,1,155.506,7411,7219,192,,ok
max sequences 128 - repeat 1,vLLM max sequences,max sequences,128.0,1,156.042,7442,7250,192,,ok
max sequences 128 - repeat 1,vLLM max sequences,max sequences,128.0,1,156.548,7457,7265,192,,ok
max sequences 128 - repeat 1,vLLM max sequences,max sequences,128.0,1,157.005,7496,7315,181,,ok
max sequences 128 - repeat 1,vLLM max sequences,max sequences,128.0,1,157.513,7510,7318,192,,ok
max sequences 128 - repeat 1,vLLM max sequences,max sequences,128.0,1,158.021,7540,7348,192,,ok
max sequences 128 - repeat 1,vLLM max sequences,max sequences,128.0,1,158.58,7573,7381,192,,ok
max sequences 128 - repeat 1,vLLM max sequences,max sequences,128.0,1,159.048,7585,7395,190,,ok
max sequences 128 - repeat 1,vLLM max sequences,max sequences,128.0,1,159.543,7635,7444,191,,ok
max sequences 128 - repeat 1,vLLM max sequences,max sequences,128.0,1,160.017,7638,7446,192,,ok
max sequences 128 - repeat 1,vLLM max sequences,max sequences,128.0,1,160.525,7668,7476,192,,ok
max sequences 128 - repeat 1,vLLM max sequences,max sequences,128.0,1,161.033,7701,7509,192,,ok
max sequences 128 - repeat 1,vLLM max sequences,max sequences,128.0,1,161.54,7715,7523,192,,ok
max sequences 128 - repeat 1,vLLM max sequences,max sequences,128.0,1,162.05,7765,7573,192,,ok
max sequences 128 - repeat 1,vLLM max sequences,max sequences,128.0,1,162.505,7770,7578,192,,ok
max sequences 128 - repeat 1,vLLM max sequences,max sequences,128.0,1,163.012,7796,7604,192,,ok
max sequences 128 - repeat 1,vLLM max sequences,max sequences,128.0,1,163.515,7829,7639,190,,ok
max sequences 128 - repeat 1,vLLM max sequences,max sequences,128.0,1,164.025,7842,7675,167,,ok
max sequences 128 - repeat 1,vLLM max sequences,max sequences,128.0,1,164.532,7893,7701,192,,ok
max sequences 128 - repeat 1,vLLM max sequences,max sequences,128.0,1,165.04,7898,7727,171,,ok
max sequences 128 - repeat 1,vLLM max sequences,max sequences,128.0,1,165.549,7924,7732,192,,ok
max sequences 128 - repeat 1,vLLM max sequences,max sequences,128.0,1,166.004,7959,7772,187,,ok
max sequences 128 - repeat 1,vLLM max sequences,max sequences,128.0,1,166.519,7995,7809,186,,ok
max sequences 128 - repeat 1,vLLM max sequences,max sequences,128.0,1,167.026,8021,7830,191,,ok
max sequences 128 - repeat 1,vLLM max sequences,max sequences,128.0,1,167.5,8047,7858,189,,ok
max sequences 128 - repeat 1,vLLM max sequences,max sequences,128.0,1,168.019,8073,7883,190,,ok
max sequences 128 - repeat 1,vLLM max sequences,max sequences,128.0,1,168.538,8092,7903,189,,ok
max sequences 128 - repeat 1,vLLM max sequences,max sequences,128.0,1,169.006,8129,7938,191,,ok
max sequences 128 - repeat 1,vLLM max sequences,max sequences,128.0,1,169.541,8150,7958,192,,ok
max sequences 128 - repeat 1,vLLM max sequences,max sequences,128.0,1,170.001,8178,7987,191,,ok
max sequences 128 - repeat 1,vLLM max sequences,max sequences,128.0,1,170.509,8186,8014,172,,ok
max sequences 128 - repeat 1,vLLM max sequences,max sequences,128.0,1,171.017,8220,8032,188,,ok
max sequences 128 - repeat 1,vLLM max sequences,max sequences,128.0,1,171.523,8258,8077,181,,ok
max sequences 128 - repeat 1,vLLM max sequences,max sequences,128.0,1,172.035,8278,8086,192,,ok
max sequences 128 - repeat 1,vLLM max sequences,max sequences,128.0,1,172.543,8307,8115,192,,ok
max sequences 128 - repeat 1,vLLM max sequences,max sequences,128.0,1,173.013,8338,8149,189,,ok
max sequences 128 - repeat 1,vLLM max sequences,max sequences,128.0,1,173.523,8353,8161,192,,ok
max sequences 128 - repeat 1,vLLM max sequences,max sequences,128.0,1,174.034,8403,8211,192,,ok
max sequences 128 - repeat 1,vLLM max sequences,max sequences,128.0,1,174.541,8406,8214,192,,ok
max sequences 128 - repeat 1,vLLM max sequences,max sequences,128.0,1,175.006,8435,8244,191,,ok
max sequences 128 - repeat 1,vLLM max sequences,max sequences,128.0,1,175.514,8469,8277,192,,ok
max sequences 128 - repeat 1,vLLM max sequences,max sequences,128.0,1,176.02,8481,8289,192,,ok
max sequences 128 - repeat 1,vLLM max sequences,max sequences,128.0,1,176.541,8531,8339,192,,ok
max sequences 128 - repeat 1,vLLM max sequences,max sequences,128.0,1,177.049,8538,8346,192,,ok
max sequences 128 - repeat 1,vLLM max sequences,max sequences,128.0,1,177.563,8564,8372,192,,ok
max sequences 128 - repeat 1,vLLM max sequences,max sequences,128.0,1,178.02,8597,8407,190,,ok
max sequences 128 - repeat 1,vLLM max sequences,max sequences,128.0,1,178.511,8611,8428,183,,ok
max sequences 128 - repeat 1,vLLM max sequences,max sequences,128.0,1,179.051,8661,8469,192,,ok
max sequences 128 - repeat 1,vLLM max sequences,max sequences,128.0,1,179.525,8666,8489,177,,ok
max sequences 128 - repeat 2,vLLM max sequences,max sequences,128.0,2,0.001,0,0,0,,ok
max sequences 128 - repeat 2,vLLM max sequences,max sequences,128.0,2,0.522,3,0,3,,ok
max sequences 128 - repeat 2,vLLM max sequences,max sequences,128.0,2,1.032,6,0,6,,ok
max sequences 128 - repeat 2,vLLM max sequences,max sequences,128.0,2,1.563,11,1,10,,ok
max sequences 128 - repeat 2,vLLM max sequences,max sequences,128.0,2,2.025,15,5,10,,ok
max sequences 128 - repeat 2,vLLM max sequences,max sequences,128.0,2,2.514,24,9,15,,ok
max sequences 128 - repeat 2,vLLM max sequences,max sequences,128.0,2,3.02,30,11,19,,ok
max sequences 128 - repeat 2,vLLM max sequences,max sequences,128.0,2,3.525,42,20,22,,ok
max sequences 128 - repeat 2,vLLM max sequences,max sequences,128.0,2,4.03,50,25,25,,ok
max sequences 128 - repeat 2,vLLM max sequences,max sequences,128.0,2,4.526,60,32,28,,ok
max sequences 128 - repeat 2,vLLM max sequences,max sequences,128.0,2,5.048,76,44,32,,ok
max sequences 128 - repeat 2,vLLM max sequences,max sequences,128.0,2,5.503,84,50,34,,ok
max sequences 128 - repeat 2,vLLM max sequences,max sequences,128.0,2,6.016,97,60,37,,ok
max sequences 128 - repeat 2,vLLM max sequences,max sequences,128.0,2,6.525,113,74,39,,ok
max sequences 128 - repeat 2,vLLM max sequences,max sequences,128.0,2,7.032,126,81,45,,ok
max sequences 128 - repeat 2,vLLM max sequences,max sequences,128.0,2,7.538,136,90,46,,ok
max sequences 128 - repeat 2,vLLM max sequences,max sequences,128.0,2,8.024,150,99,51,,ok
max sequences 128 - repeat 2,vLLM max sequences,max sequences,128.0,2,8.532,166,112,54,,ok
max sequences 128 - repeat 2,vLLM max sequences,max sequences,128.0,2,9.007,169,112,57,,ok
max sequences 128 - repeat 2,vLLM max sequences,max sequences,128.0,2,9.516,178,121,57,,ok
max sequences 128 - repeat 2,vLLM max sequences,max sequences,128.0,2,10.055,185,121,64,,ok
max sequences 128 - repeat 2,vLLM max sequences,max sequences,128.0,2,10.508,200,134,66,,ok
max sequences 128 - repeat 2,vLLM max sequences,max sequences,128.0,2,11.019,207,138,69,,ok
max sequences 128 - repeat 2,vLLM max sequences,max sequences,128.0,2,11.526,242,169,73,,ok
max sequences 128 - repeat 2,vLLM max sequences,max sequences,128.0,2,12.042,246,169,77,,ok
max sequences 128 - repeat 2,vLLM max sequences,max sequences,128.0,2,12.504,249,169,80,,ok
max sequences 128 - repeat 2,vLLM max sequences,max sequences,128.0,2,13.01,264,184,80,,ok
max sequences 128 - repeat 2,vLLM max sequences,max sequences,128.0,2,13.522,285,200,85,,ok
max sequences 128 - repeat 2,vLLM max sequences,max sequences,128.0,2,14.042,290,200,90,,ok
max sequences 128 - repeat 2,vLLM max sequences,max sequences,128.0,2,14.51,299,206,93,,ok
max sequences 128 - repeat 2,vLLM max sequences,max sequences,128.0,2,15.041,344,248,96,,ok
max sequences 128 - repeat 2,vLLM max sequences,max sequences,128.0,2,15.502,347,248,99,,ok
max sequences 128 - repeat 2,vLLM max sequences,max sequences,128.0,2,16.04,350,257,93,,ok
max sequences 128 - repeat 2,vLLM max sequences,max sequences,128.0,2,16.548,372,266,106,,ok
max sequences 128 - repeat 2,vLLM max sequences,max sequences,128.0,2,17.005,376,268,108,,ok
max sequences 128 - repeat 2,vLLM max sequences,max sequences,128.0,2,17.513,402,290,112,,ok
max sequences 128 - repeat 2,vLLM max sequences,max sequences,128.0,2,18.022,405,290,115,,ok
max sequences 128 - repeat 2,vLLM max sequences,max sequences,128.0,2,18.529,417,299,118,,ok
max sequences 128 - repeat 2,vLLM max sequences,max sequences,128.0,2,19.038,421,300,121,,ok
max sequences 128 - repeat 2,vLLM max sequences,max sequences,128.0,2,19.538,472,347,125,,ok
max sequences 128 - repeat 2,vLLM max sequences,max sequences,128.0,2,20.03,475,347,128,,ok
max sequences 128 - repeat 2,vLLM max sequences,max sequences,128.0,2,20.515,478,347,131,,ok
max sequences 128 - repeat 2,vLLM max sequences,max sequences,128.0,2,21.027,506,372,134,,ok
max sequences 128 - repeat 2,vLLM max sequences,max sequences,128.0,2,21.509,512,376,136,,ok
max sequences 128 - repeat 2,vLLM max sequences,max sequences,128.0,2,22.004,543,403,140,,ok
max sequences 128 - repeat 2,vLLM max sequences,max sequences,128.0,2,22.523,547,403,144,,ok
max sequences 128 - repeat 2,vLLM max sequences,max sequences,128.0,2,23.031,551,404,147,,ok
max sequences 128 - repeat 2,vLLM max sequences,max sequences,128.0,2,23.539,569,420,149,,ok
max sequences 128 - repeat 2,vLLM max sequences,max sequences,128.0,2,24.023,626,473,153,,ok
max sequences 128 - repeat 2,vLLM max sequences,max sequences,128.0,2,24.531,630,475,155,,ok
max sequences 128 - repeat 2,vLLM max sequences,max sequences,128.0,2,25.049,636,476,160,,ok
max sequences 128 - repeat 2,vLLM max sequences,max sequences,128.0,2,25.525,646,498,148,,ok
max sequences 128 - repeat 2,vLLM max sequences,max sequences,128.0,2,26.05,673,512,161,,ok
max sequences 128 - repeat 2,vLLM max sequences,max sequences,128.0,2,26.534,701,534,167,,ok
max sequences 128 - repeat 2,vLLM max sequences,max sequences,128.0,2,27.006,720,547,173,,ok
max sequences 128 - repeat 2,vLLM max sequences,max sequences,128.0,2,27.517,737,561,176,,ok
max sequences 128 - repeat 2,vLLM max sequences,max sequences,128.0,2,28.049,776,604,172,,ok
max sequences 128 - repeat 2,vLLM max sequences,max sequences,128.0,2,28.505,790,611,179,,ok
max sequences 128 - repeat 2,vLLM max sequences,max sequences,128.0,2,29.012,817,635,182,,ok
max sequences 128 - repeat 2,vLLM max sequences,max sequences,128.0,2,29.553,847,660,187,,ok
max sequences 128 - repeat 2,vLLM max sequences,max sequences,128.0,2,30.018,867,675,192,,ok
max sequences 128 - repeat 2,vLLM max sequences,max sequences,128.0,2,30.504,892,710,182,,ok
max sequences 128 - repeat 2,vLLM max sequences,max sequences,128.0,2,31.014,928,736,192,,ok
max sequences 128 - repeat 2,vLLM max sequences,max sequences,128.0,2,31.544,954,762,192,,ok
max sequences 128 - repeat 2,vLLM max sequences,max sequences,128.0,2,32.046,980,788,192,,ok
max sequences 128 - repeat 2,vLLM max sequences,max sequences,128.0,2,32.511,995,803,192,,ok
max sequences 128 - repeat 2,vLLM max sequences,max sequences,128.0,2,33.023,1020,838,182,,ok
max sequences 128 - repeat 2,vLLM max sequences,max sequences,128.0,2,33.551,1056,864,192,,ok
max sequences 128 - repeat 2,vLLM max sequences,max sequences,128.0,2,34.011,1079,888,191,,ok
max sequences 128 - repeat 2,vLLM max sequences,max sequences,128.0,2,34.515,1107,915,192,,ok
max sequences 128 - repeat 2,vLLM max sequences,max sequences,128.0,2,35.022,1123,931,192,,ok
max sequences 128 - repeat 2,vLLM max sequences,max sequences,128.0,2,35.543,1146,956,190,,ok
max sequences 128 - repeat 2,vLLM max sequences,max sequences,128.0,2,36.001,1182,992,190,,ok
max sequences 128 - repeat 2,vLLM max sequences,max sequences,128.0,2,36.528,1207,1016,191,,ok
max sequences 128 - repeat 2,vLLM max sequences,max sequences,128.0,2,37.004,1229,1043,186,,ok
max sequences 128 - repeat 2,vLLM max sequences,max sequences,128.0,2,37.526,1250,1059,191,,ok
max sequences 128 - repeat 2,vLLM max sequences,max sequences,128.0,2,38.047,1270,1082,188,,ok
max sequences 128 - repeat 2,vLLM max sequences,max sequences,128.0,2,38.515,1309,1119,190,,ok
max sequences 128 - repeat 2,vLLM max sequences,max sequences,128.0,2,39.021,1334,1143,191,,ok
max sequences 128 - repeat 2,vLLM max sequences,max sequences,128.0,2,39.534,1347,1171,176,,ok
max sequences 128 - repeat 2,vLLM max sequences,max sequences,128.0,2,40.041,1374,1186,188,,ok
max sequences 128 - repeat 2,vLLM max sequences,max sequences,128.0,2,40.528,1386,1194,192,,ok
max sequences 128 - repeat 2,vLLM max sequences,max sequences,128.0,2,41.031,1436,1244,192,,ok
max sequences 128 - repeat 2,vLLM max sequences,max sequences,128.0,2,41.58,1460,1269,191,,ok
max sequences 128 - repeat 2,vLLM max sequences,max sequences,128.0,2,42.023,1475,1293,182,,ok
max sequences 128 - repeat 2,vLLM max sequences,max sequences,128.0,2,42.545,1506,1314,192,,ok
max sequences 128 - repeat 2,vLLM max sequences,max sequences,128.0,2,43.022,1514,1322,192,,ok
max sequences 128 - repeat 2,vLLM max sequences,max sequences,128.0,2,43.542,1564,1373,191,,ok
max sequences 128 - repeat 2,vLLM max sequences,max sequences,128.0,2,44.008,1588,1396,192,,ok
max sequences 128 - repeat 2,vLLM max sequences,max sequences,128.0,2,44.565,1600,1421,179,,ok
max sequences 128 - repeat 2,vLLM max sequences,max sequences,128.0,2,45.024,1629,1442,187,,ok
max sequences 128 - repeat 2,vLLM max sequences,max sequences,128.0,2,45.552,1638,1450,188,,ok
max sequences 128 - repeat 2,vLLM max sequences,max sequences,128.0,2,46.011,1692,1500,192,,ok
max sequences 128 - repeat 2,vLLM max sequences,max sequences,128.0,2,46.517,1716,1524,192,,ok
max sequences 128 - repeat 2,vLLM max sequences,max sequences,128.0,2,47.024,1730,1539,191,,ok
max sequences 128 - repeat 2,vLLM max sequences,max sequences,128.0,2,47.533,1748,1556,192,,ok
max sequences 128 - repeat 2,vLLM max sequences,max sequences,128.0,2,48.043,1764,1574,190,,ok
max sequences 128 - repeat 2,vLLM max sequences,max sequences,128.0,2,48.506,1820,1628,192,,ok
max sequences 128 - repeat 2,vLLM max sequences,max sequences,128.0,2,49.014,1842,1652,190,,ok
max sequences 128 - repeat 2,vLLM max sequences,max sequences,128.0,2,49.526,1856,1666,190,,ok
max sequences 128 - repeat 2,vLLM max sequences,max sequences,128.0,2,50.04,1881,1691,190,,ok
max sequences 128 - repeat 2,vLLM max sequences,max sequences,128.0,2,50.581,1892,1700,192,,ok
max sequences 128 - repeat 2,vLLM max sequences,max sequences,128.0,2,51.045,1941,1756,185,,ok
max sequences 128 - repeat 2,vLLM max sequences,max sequences,128.0,2,51.517,1955,1763,192,,ok
max sequences 128 - repeat 2,vLLM max sequences,max sequences,128.0,2,52.003,1980,1792,188,,ok
max sequences 128 - repeat 2,vLLM max sequences,max sequences,128.0,2,52.52,2006,1814,192,,ok
max sequences 128 - repeat 2,vLLM max sequences,max sequences,128.0,2,53.032,2020,1828,192,,ok
max sequences 128 - repeat 2,vLLM max sequences,max sequences,128.0,2,53.542,2069,1884,185,,ok
max sequences 128 - repeat 2,vLLM max sequences,max sequences,128.0,2,54.025,2083,1906,177,,ok
max sequences 128 - repeat 2,vLLM max sequences,max sequences,128.0,2,54.532,2107,1920,187,,ok
max sequences 128 - repeat 2,vLLM max sequences,max sequences,128.0,2,55.04,2132,1942,190,,ok
max sequences 128 - repeat 2,vLLM max sequences,max sequences,128.0,2,55.519,2147,1956,191,,ok
max sequences 128 - repeat 2,vLLM max sequences,max sequences,128.0,2,56.007,2180,2005,175,,ok
max sequences 128 - repeat 2,vLLM max sequences,max sequences,128.0,2,56.514,2208,2019,189,,ok
max sequences 128 - repeat 2,vLLM max sequences,max sequences,128.0,2,57.07,2234,2044,190,,ok
max sequences 128 - repeat 2,vLLM max sequences,max sequences,128.0,2,57.527,2260,2068,192,,ok
max sequences 128 - repeat 2,vLLM max sequences,max sequences,128.0,2,58.035,2275,2084,191,,ok
max sequences 128 - repeat 2,vLLM max sequences,max sequences,128.0,2,58.547,2310,2133,177,,ok
max sequences 128 - repeat 2,vLLM max sequences,max sequences,128.0,2,59.002,2336,2144,192,,ok
max sequences 128 - repeat 2,vLLM max sequences,max sequences,128.0,2,59.543,2362,2170,192,,ok
max sequences 128 - repeat 2,vLLM max sequences,max sequences,128.0,2,60.046,2387,2196,191,,ok
max sequences 128 - repeat 2,vLLM max sequences,max sequences,128.0,2,60.525,2402,2211,191,,ok
max sequences 128 - repeat 2,vLLM max sequences,max sequences,128.0,2,61.034,2419,2246,173,,ok
max sequences 128 - repeat 2,vLLM max sequences,max sequences,128.0,2,61.642,2463,2272,191,,ok
max sequences 128 - repeat 2,vLLM max sequences,max sequences,128.0,2,62.025,2487,2295,192,,ok
max sequences 128 - repeat 2,vLLM max sequences,max sequences,128.0,2,62.502,2515,2323,192,,ok
max sequences 128 - repeat 2,vLLM max sequences,max sequences,128.0,2,63.035,2531,2339,192,,ok
max sequences 128 - repeat 2,vLLM max sequences,max sequences,128.0,2,63.546,2555,2364,191,,ok
max sequences 128 - repeat 2,vLLM max sequences,max sequences,128.0,2,64.004,2591,2400,191,,ok
max sequences 128 - repeat 2,vLLM max sequences,max sequences,128.0,2,64.513,2615,2423,192,,ok
max sequences 128 - repeat 2,vLLM max sequences,max sequences,128.0,2,65.008,2640,2451,189,,ok
max sequences 128 - repeat 2,vLLM max sequences,max sequences,128.0,2,65.552,2658,2467,191,,ok
max sequences 128 - repeat 2,vLLM max sequences,max sequences,128.0,2,66.009,2673,2490,183,,ok
max sequences 128 - repeat 2,vLLM max sequences,max sequences,128.0,2,66.517,2718,2527,191,,ok
max sequences 128 - repeat 2,vLLM max sequences,max sequences,128.0,2,67.011,2742,2551,191,,ok
max sequences 128 - repeat 2,vLLM max sequences,max sequences,128.0,2,67.517,2765,2579,186,,ok
max sequences 128 - repeat 2,vLLM max sequences,max sequences,128.0,2,68.024,2786,2594,192,,ok
max sequences 128 - repeat 2,vLLM max sequences,max sequences,128.0,2,68.532,2801,2618,183,,ok
max sequences 128 - repeat 2,vLLM max sequences,max sequences,128.0,2,69.047,2845,2655,190,,ok
max sequences 128 - repeat 2,vLLM max sequences,max sequences,128.0,2,69.503,2866,2678,188,,ok
max sequences 128 - repeat 2,vLLM max sequences,max sequences,128.0,2,70.008,2883,2701,182,,ok
max sequences 128 - repeat 2,vLLM max sequences,max sequences,128.0,2,70.505,2914,2722,192,,ok
max sequences 128 - repeat 2,vLLM max sequences,max sequences,128.0,2,71.007,2922,2737,185,,ok
max sequences 128 - repeat 2,vLLM max sequences,max sequences,128.0,2,71.837,2972,2786,186,,ok
max sequences 128 - repeat 2,vLLM max sequences,max sequences,128.0,2,72.001,2996,2804,192,,ok
max sequences 128 - repeat 2,vLLM max sequences,max sequences,128.0,2,72.596,3010,2829,181,,ok
max sequences 128 - repeat 2,vLLM max sequences,max sequences,128.0,2,73.007,3037,2845,192,,ok
max sequences 128 - repeat 2,vLLM max sequences,max sequences,128.0,2,73.507,3046,2854,192,,ok
max sequences 128 - repeat 2,vLLM max sequences,max sequences,128.0,2,74.017,3100,2908,192,,ok
max sequences 128 - repeat 2,vLLM max sequences,max sequences,128.0,2,74.605,3124,2932,192,,ok
max sequences 128 - repeat 2,vLLM max sequences,max sequences,128.0,2,75.011,3138,2947,191,,ok
max sequences 128 - repeat 2,vLLM max sequences,max sequences,128.0,2,75.518,3164,2973,191,,ok
max sequences 128 - repeat 2,vLLM max sequences,max sequences,128.0,2,76.014,3172,2982,190,,ok
max sequences 128 - repeat 2,vLLM max sequences,max sequences,128.0,2,76.523,3228,3036,192,,ok
max sequences 128 - repeat 2,vLLM max sequences,max sequences,128.0,2,77.031,3252,3060,192,,ok
max sequences 128 - repeat 2,vLLM max sequences,max sequences,128.0,2,77.504,3264,3074,190,,ok
max sequences 128 - repeat 2,vLLM max sequences,max sequences,128.0,2,78.011,3288,3099,189,,ok
max sequences 128 - repeat 2,vLLM max sequences,max sequences,128.0,2,78.538,3300,3110,190,,ok
max sequences 128 - repeat 2,vLLM max sequences,max sequences,128.0,2,79.049,3356,3164,192,,ok
max sequences 128 - repeat 2,vLLM max sequences,max sequences,128.0,2,79.582,3363,3188,175,,ok
max sequences 128 - repeat 2,vLLM max sequences,max sequences,128.0,2,80.042,3392,3202,190,,ok
max sequences 128 - repeat 2,vLLM max sequences,max sequences,128.0,2,80.558,3414,3227,187,,ok
max sequences 128 - repeat 2,vLLM max sequences,max sequences,128.0,2,81.028,3428,3236,192,,ok
max sequences 128 - repeat 2,vLLM max sequences,max sequences,128.0,2,81.568,3452,3292,160,,ok
max sequences 128 - repeat 2,vLLM max sequences,max sequences,128.0,2,82.031,3491,3314,177,,ok
max sequences 128 - repeat 2,vLLM max sequences,max sequences,128.0,2,82.565,3514,3328,186,,ok
max sequences 128 - repeat 2,vLLM max sequences,max sequences,128.0,2,83.03,3540,3350,190,,ok
max sequences 128 - repeat 2,vLLM max sequences,max sequences,128.0,2,83.566,3555,3364,191,,ok
max sequences 128 - repeat 2,vLLM max sequences,max sequences,128.0,2,84.025,3590,3398,192,,ok
max sequences 128 - repeat 2,vLLM max sequences,max sequences,128.0,2,84.511,3616,3425,191,,ok
max sequences 128 - repeat 2,vLLM max sequences,max sequences,128.0,2,85.017,3642,3451,191,,ok
max sequences 128 - repeat 2,vLLM max sequences,max sequences,128.0,2,85.568,3668,3476,192,,ok
max sequences 128 - repeat 2,vLLM max sequences,max sequences,128.0,2,86.025,3683,3492,191,,ok
max sequences 128 - repeat 2,vLLM max sequences,max sequences,128.0,2,86.542,3708,3541,167,,ok
max sequences 128 - repeat 2,vLLM max sequences,max sequences,128.0,2,87.05,3744,3555,189,,ok
max sequences 128 - repeat 2,vLLM max sequences,max sequences,128.0,2,87.505,3768,3578,190,,ok
max sequences 128 - repeat 2,vLLM max sequences,max sequences,128.0,2,88.012,3796,3604,192,,ok
max sequences 128 - repeat 2,vLLM max sequences,max sequences,128.0,2,88.519,3811,3619,192,,ok
max sequences 128 - repeat 2,vLLM max sequences,max sequences,128.0,2,89.029,3836,3654,182,,ok
max sequences 128 - repeat 2,vLLM max sequences,max sequences,128.0,2,89.504,3872,3680,192,,ok
max sequences 128 - repeat 2,vLLM max sequences,max sequences,128.0,2,90.011,3896,3706,190,,ok
max sequences 128 - repeat 2,vLLM max sequences,max sequences,128.0,2,90.501,3923,3732,191,,ok
max sequences 128 - repeat 2,vLLM max sequences,max sequences,128.0,2,91.015,3939,3747,192,,ok
max sequences 128 - repeat 2,vLLM max sequences,max sequences,128.0,2,91.535,3964,3778,186,,ok
max sequences 128 - repeat 2,vLLM max sequences,max sequences,128.0,2,92.007,3999,3808,191,,ok
max sequences 128 - repeat 2,vLLM max sequences,max sequences,128.0,2,92.547,4024,3834,190,,ok
max sequences 128 - repeat 2,vLLM max sequences,max sequences,128.0,2,93.004,4045,3859,186,,ok
max sequences 128 - repeat 2,vLLM max sequences,max sequences,128.0,2,93.537,4066,3875,191,,ok
max sequences 128 - repeat 2,vLLM max sequences,max sequences,128.0,2,94.045,4081,3900,181,,ok
max sequences 128 - repeat 2,vLLM max sequences,max sequences,128.0,2,94.501,4126,3934,192,,ok
max sequences 128 - repeat 2,vLLM max sequences,max sequences,128.0,2,95.03,4150,3958,192,,ok
max sequences 128 - repeat 2,vLLM max sequences,max sequences,128.0,2,95.508,4173,3987,186,,ok
max sequences 128 - repeat 2,vLLM max sequences,max sequences,128.0,2,96.014,4194,4002,192,,ok
max sequences 128 - repeat 2,vLLM max sequences,max sequences,128.0,2,96.521,4209,4026,183,,ok
max sequences 128 - repeat 2,vLLM max sequences,max sequences,128.0,2,97.027,4253,4063,190,,ok
max sequences 128 - repeat 2,vLLM max sequences,max sequences,128.0,2,97.534,4278,4087,191,,ok
max sequences 128 - repeat 2,vLLM max sequences,max sequences,128.0,2,98.042,4301,4115,186,,ok
max sequences 128 - repeat 2,vLLM max sequences,max sequences,128.0,2,98.605,4322,4131,191,,ok
max sequences 128 - repeat 2,vLLM max sequences,max sequences,128.0,2,99.012,4330,4145,185,,ok
max sequences 128 - repeat 2,vLLM max sequences,max sequences,128.0,2,99.862,4380,4195,185,,ok
max sequences 128 - repeat 2,vLLM max sequences,max sequences,128.0,2,100.035,4404,4214,190,,ok
max sequences 128 - repeat 2,vLLM max sequences,max sequences,128.0,2,100.574,4419,4243,176,,ok
max sequences 128 - repeat 2,vLLM max sequences,max sequences,128.0,2,101.04,4450,4258,192,,ok
max sequences 128 - repeat 2,vLLM max sequences,max sequences,128.0,2,101.522,4452,4266,186,,ok
max sequences 128 - repeat 2,vLLM max sequences,max sequences,128.0,2,102.042,4508,4316,192,,ok
max sequences 128 - repeat 2,vLLM max sequences,max sequences,128.0,2,102.562,4532,4342,190,,ok
max sequences 128 - repeat 2,vLLM max sequences,max sequences,128.0,2,103.019,4546,4355,191,,ok
max sequences 128 - repeat 2,vLLM max sequences,max sequences,128.0,2,103.534,4573,4386,187,,ok
max sequences 128 - repeat 2,vLLM max sequences,max sequences,128.0,2,104.018,4580,4390,190,,ok
max sequences 128 - repeat 2,vLLM max sequences,max sequences,128.0,2,104.527,4636,4444,192,,ok
max sequences 128 - repeat 2,vLLM max sequences,max sequences,128.0,2,105.058,4658,4468,190,,ok
max sequences 128 - repeat 2,vLLM max sequences,max sequences,128.0,2,105.514,4672,4480,192,,ok
max sequences 128 - repeat 2,vLLM max sequences,max sequences,128.0,2,106.019,4694,4507,187,,ok
max sequences 128 - repeat 2,vLLM max sequences,max sequences,128.0,2,106.504,4708,4516,192,,ok
max sequences 128 - repeat 2,vLLM max sequences,max sequences,128.0,2,107.011,4764,4572,192,,ok
max sequences 128 - repeat 2,vLLM max sequences,max sequences,128.0,2,107.518,4786,4594,192,,ok
max sequences 128 - repeat 2,vLLM max sequences,max sequences,128.0,2,108.006,4795,4608,187,,ok
max sequences 128 - repeat 2,vLLM max sequences,max sequences,128.0,2,108.513,4822,4630,192,,ok
max sequences 128 - repeat 2,vLLM max sequences,max sequences,128.0,2,109.05,4836,4644,192,,ok
max sequences 128 - repeat 2,vLLM max sequences,max sequences,128.0,2,109.522,4885,4700,185,,ok
max sequences 128 - repeat 2,vLLM max sequences,max sequences,128.0,2,110.016,4899,4716,183,,ok
max sequences 128 - repeat 2,vLLM max sequences,max sequences,128.0,2,110.542,4923,4736,187,,ok
max sequences 128 - repeat 2,vLLM max sequences,max sequences,128.0,2,111.002,4948,4756,192,,ok
max sequences 128 - repeat 2,vLLM max sequences,max sequences,128.0,2,111.504,4963,4772,191,,ok
max sequences 128 - repeat 2,vLLM max sequences,max sequences,128.0,2,112.024,4998,4821,177,,ok
max sequences 128 - repeat 2,vLLM max sequences,max sequences,128.0,2,112.54,5024,4835,189,,ok
max sequences 128 - repeat 2,vLLM max sequences,max sequences,128.0,2,113.049,5050,4860,190,,ok
max sequences 128 - repeat 2,vLLM max sequences,max sequences,128.0,2,113.506,5076,4884,192,,ok
max sequences 128 - repeat 2,vLLM max sequences,max sequences,128.0,2,114.036,5091,4900,191,,ok
max sequences 128 - repeat 2,vLLM max sequences,max sequences,128.0,2,114.544,5126,4949,177,,ok
max sequences 128 - repeat 2,vLLM max sequences,max sequences,128.0,2,115.027,5151,4960,191,,ok
max sequences 128 - repeat 2,vLLM max sequences,max sequences,128.0,2,115.537,5175,4986,189,,ok
max sequences 128 - repeat 2,vLLM max sequences,max sequences,128.0,2,116.07,5203,5012,191,,ok
max sequences 128 - repeat 2,vLLM max sequences,max sequences,128.0,2,116.548,5219,5027,192,,ok
max sequences 128 - repeat 2,vLLM max sequences,max sequences,128.0,2,117.054,5242,5052,190,,ok
max sequences 128 - repeat 2,vLLM max sequences,max sequences,128.0,2,117.509,5280,5088,192,,ok
max sequences 128 - repeat 2,vLLM max sequences,max sequences,128.0,2,118.0,5302,5112,190,,ok
max sequences 128 - repeat 2,vLLM max sequences,max sequences,128.0,2,118.508,5331,5139,192,,ok
max sequences 128 - repeat 2,vLLM max sequences,max sequences,128.0,2,119.025,5347,5155,192,,ok
max sequences 128 - repeat 2,vLLM max sequences,max sequences,128.0,2,119.602,5370,5190,180,,ok
max sequences 128 - repeat 2,vLLM max sequences,max sequences,128.0,2,120.02,5407,5216,191,,ok
max sequences 128 - repeat 2,vLLM max sequences,max sequences,128.0,2,120.52,5430,5239,191,,ok
max sequences 128 - repeat 2,vLLM max sequences,max sequences,128.0,2,121.052,5459,5267,192,,ok
max sequences 128 - repeat 2,vLLM max sequences,max sequences,128.0,2,121.799,5474,5284,190,,ok
max sequences 128 - repeat 2,vLLM max sequences,max sequences,128.0,2,122.013,5489,5306,183,,ok
max sequences 128 - repeat 2,vLLM max sequences,max sequences,128.0,2,122.596,5533,5344,189,,ok
max sequences 128 - repeat 2,vLLM max sequences,max sequences,128.0,2,123.015,5558,5366,192,,ok
max sequences 128 - repeat 2,vLLM max sequences,max sequences,128.0,2,123.536,5581,5395,186,,ok
max sequences 128 - repeat 2,vLLM max sequences,max sequences,128.0,2,124.043,5602,5410,192,,ok
max sequences 128 - repeat 2,vLLM max sequences,max sequences,128.0,2,124.57,5617,5434,183,,ok
max sequences 128 - repeat 2,vLLM max sequences,max sequences,128.0,2,125.028,5660,5469,191,,ok
max sequences 128 - repeat 2,vLLM max sequences,max sequences,128.0,2,125.514,5684,5494,190,,ok
max sequences 128 - repeat 2,vLLM max sequences,max sequences,128.0,2,126.021,5698,5507,191,,ok
max sequences 128 - repeat 2,vLLM max sequences,max sequences,128.0,2,126.643,5725,5539,186,,ok
max sequences 128 - repeat 2,vLLM max sequences,max sequences,128.0,2,127.002,5734,5542,192,,ok
max sequences 128 - repeat 2,vLLM max sequences,max sequences,128.0,2,127.509,5788,5596,192,,ok
max sequences 128 - repeat 2,vLLM max sequences,max sequences,128.0,2,128.03,5812,5620,192,,ok
max sequences 128 - repeat 2,vLLM max sequences,max sequences,128.0,2,128.539,5827,5635,192,,ok
max sequences 128 - repeat 2,vLLM max sequences,max sequences,128.0,2,129.031,5853,5666,187,,ok
max sequences 128 - repeat 2,vLLM max sequences,max sequences,128.0,2,129.515,5860,5670,190,,ok
max sequences 128 - repeat 2,vLLM max sequences,max sequences,128.0,2,130.051,5916,5724,192,,ok
max sequences 128 - repeat 2,vLLM max sequences,max sequences,128.0,2,130.509,5940,5748,192,,ok
max sequences 128 - repeat 2,vLLM max sequences,max sequences,128.0,2,131.003,5952,5762,190,,ok
max sequences 128 - repeat 2,vLLM max sequences,max sequences,128.0,2,131.603,5974,5794,180,,ok
max sequences 128 - repeat 2,vLLM max sequences,max sequences,128.0,2,132.005,5988,5797,191,,ok
max sequences 128 - repeat 2,vLLM max sequences,max sequences,128.0,2,132.563,6044,5852,192,,ok
max sequences 128 - repeat 2,vLLM max sequences,max sequences,128.0,2,133.046,6068,5876,192,,ok
max sequences 128 - repeat 2,vLLM max sequences,max sequences,128.0,2,133.511,6080,5890,190,,ok
max sequences 128 - repeat 2,vLLM max sequences,max sequences,128.0,2,134.017,6100,5915,185,,ok
max sequences 128 - repeat 2,vLLM max sequences,max sequences,128.0,2,134.532,6116,5924,192,,ok
max sequences 128 - repeat 2,vLLM max sequences,max sequences,128.0,2,135.042,6172,5980,192,,ok
max sequences 128 - repeat 2,vLLM max sequences,max sequences,128.0,2,135.58,6194,6004,190,,ok
max sequences 128 - repeat 2,vLLM max sequences,max sequences,128.0,2,136.036,6204,6016,188,,ok
max sequences 128 - repeat 2,vLLM max sequences,max sequences,128.0,2,136.532,6228,6038,190,,ok
max sequences 128 - repeat 2,vLLM max sequences,max sequences,128.0,2,137.038,6243,6052,191,,ok
max sequences 128 - repeat 2,vLLM max sequences,max sequences,128.0,2,137.566,6278,6108,170,,ok
max sequences 128 - repeat 2,vLLM max sequences,max sequences,128.0,2,138.02,6305,6113,192,,ok
max sequences 128 - repeat 2,vLLM max sequences,max sequences,128.0,2,138.527,6330,6139,191,,ok
max sequences 128 - repeat 2,vLLM max sequences,max sequences,128.0,2,139.037,6356,6164,192,,ok
max sequences 128 - repeat 2,vLLM max sequences,max sequences,128.0,2,139.56,6371,6180,191,,ok
max sequences 128 - repeat 2,vLLM max sequences,max sequences,128.0,2,140.014,6406,6229,177,,ok
max sequences 128 - repeat 2,vLLM max sequences,max sequences,128.0,2,140.558,6432,6243,189,,ok
max sequences 128 - repeat 2,vLLM max sequences,max sequences,128.0,2,141.033,6458,6267,191,,ok
max sequences 128 - repeat 2,vLLM max sequences,max sequences,128.0,2,141.509,6484,6292,192,,ok
max sequences 128 - repeat 2,vLLM max sequences,max sequences,128.0,2,142.05,6499,6308,191,,ok
max sequences 128 - repeat 2,vLLM max sequences,max sequences,128.0,2,142.51,6524,6342,182,,ok
max sequences 128 - repeat 2,vLLM max sequences,max sequences,128.0,2,143.017,6560,6368,192,,ok
max sequences 128 - repeat 2,vLLM max sequences,max sequences,128.0,2,143.604,6584,6396,188,,ok
max sequences 128 - repeat 2,vLLM max sequences,max sequences,128.0,2,144.011,6611,6420,191,,ok
max sequences 128 - repeat 2,vLLM max sequences,max sequences,128.0,2,144.542,6627,6435,192,,ok
max sequences 128 - repeat 2,vLLM max sequences,max sequences,128.0,2,145.024,6651,6470,181,,ok
max sequences 128 - repeat 2,vLLM max sequences,max sequences,128.0,2,145.531,6688,6496,192,,ok
max sequences 128 - repeat 2,vLLM max sequences,max sequences,128.0,2,146.057,6712,6522,190,,ok
max sequences 128 - repeat 2,vLLM max sequences,max sequences,128.0,2,146.516,6739,6547,192,,ok
max sequences 128 - repeat 2,vLLM max sequences,max sequences,128.0,2,147.024,6754,6563,191,,ok
max sequences 128 - repeat 2,vLLM max sequences,max sequences,128.0,2,147.529,6769,6588,181,,ok
max sequences 128 - repeat 2,vLLM max sequences,max sequences,128.0,2,148.071,6813,6624,189,,ok
max sequences 128 - repeat 2,vLLM max sequences,max sequences,128.0,2,148.557,6838,6648,190,,ok
max sequences 128 - repeat 2,vLLM max sequences,max sequences,128.0,2,149.008,6867,6675,192,,ok
max sequences 128 - repeat 2,vLLM max sequences,max sequences,128.0,2,149.527,6882,6690,192,,ok
max sequences 128 - repeat 2,vLLM max sequences,max sequences,128.0,2,150.05,6897,6714,183,,ok
max sequences 128 - repeat 2,vLLM max sequences,max sequences,128.0,2,150.523,6941,6751,190,,ok
max sequences 128 - repeat 2,vLLM max sequences,max sequences,128.0,2,151.051,6966,6776,190,,ok
max sequences 128 - repeat 2,vLLM max sequences,max sequences,128.0,2,151.785,6968,6784,184,,ok
max sequences 128 - repeat 2,vLLM max sequences,max sequences,128.0,2,152.081,6976,6819,157,,ok
max sequences 128 - repeat 2,vLLM max sequences,max sequences,128.0,2,152.539,7018,6833,185,,ok
max sequences 128 - repeat 2,vLLM max sequences,max sequences,128.0,2,153.019,7068,6877,191,,ok
max sequences 128 - repeat 2,vLLM max sequences,max sequences,128.0,2,153.55,7094,6903,191,,ok
max sequences 128 - repeat 2,vLLM max sequences,max sequences,128.0,2,154.038,7117,6931,186,,ok
max sequences 128 - repeat 2,vLLM max sequences,max sequences,128.0,2,154.516,7138,6946,192,,ok
max sequences 128 - repeat 2,vLLM max sequences,max sequences,128.0,2,155.015,7140,6948,192,,ok
max sequences 128 - repeat 2,vLLM max sequences,max sequences,128.0,2,155.525,7196,7004,192,,ok
max sequences 128 - repeat 2,vLLM max sequences,max sequences,128.0,2,156.036,7220,7030,190,,ok
max sequences 128 - repeat 2,vLLM max sequences,max sequences,128.0,2,156.545,7235,7053,182,,ok
max sequences 128 - repeat 2,vLLM max sequences,max sequences,128.0,2,157.019,7261,7073,188,,ok
max sequences 128 - repeat 2,vLLM max sequences,max sequences,128.0,2,157.531,7268,7078,190,,ok
max sequences 128 - repeat 2,vLLM max sequences,max sequences,128.0,2,158.045,7324,7132,192,,ok
max sequences 128 - repeat 2,vLLM max sequences,max sequences,128.0,2,158.506,7328,7139,189,,ok
max sequences 128 - repeat 2,vLLM max sequences,max sequences,128.0,2,159.015,7356,7164,192,,ok
max sequences 128 - repeat 2,vLLM max sequences,max sequences,128.0,2,159.529,7380,7188,192,,ok
max sequences 128 - repeat 2,vLLM max sequences,max sequences,128.0,2,160.078,7396,7204,192,,ok
max sequences 128 - repeat 2,vLLM max sequences,max sequences,128.0,2,160.547,7445,7253,192,,ok
max sequences 128 - repeat 2,vLLM max sequences,max sequences,128.0,2,161.03,7459,7267,192,,ok
max sequences 128 - repeat 2,vLLM max sequences,max sequences,128.0,2,161.544,7484,7292,192,,ok
max sequences 128 - repeat 2,vLLM max sequences,max sequences,128.0,2,162.014,7510,7323,187,,ok
max sequences 128 - repeat 2,vLLM max sequences,max sequences,128.0,2,162.92,7524,7381,143,,ok
max sequences 128 - repeat 2,vLLM max sequences,max sequences,128.0,2,163.041,7580,7388,192,,ok
max sequences 128 - repeat 2,vLLM max sequences,max sequences,128.0,2,163.549,7587,7412,175,,ok
max sequences 128 - repeat 2,vLLM max sequences,max sequences,128.0,2,164.034,7612,7424,188,,ok
max sequences 128 - repeat 2,vLLM max sequences,max sequences,128.0,2,164.543,7638,7451,187,,ok
max sequences 128 - repeat 2,vLLM max sequences,max sequences,128.0,2,165.028,7652,7460,192,,ok
max sequences 128 - repeat 2,vLLM max sequences,max sequences,128.0,2,165.538,7701,7516,185,,ok
max sequences 128 - repeat 2,vLLM max sequences,max sequences,128.0,2,166.001,7712,7523,189,,ok
max sequences 128 - repeat 2,vLLM max sequences,max sequences,128.0,2,166.516,7738,7548,190,,ok
max sequences 128 - repeat 2,vLLM max sequences,max sequences,128.0,2,167.026,7764,7573,191,,ok
max sequences 128 - repeat 2,vLLM max sequences,max sequences,128.0,2,167.562,7779,7588,191,,ok
max sequences 128 - repeat 2,vLLM max sequences,max sequences,128.0,2,168.035,7814,7637,177,,ok
max sequences 128 - repeat 2,vLLM max sequences,max sequences,128.0,2,168.51,7840,7648,192,,ok
max sequences 128 - repeat 2,vLLM max sequences,max sequences,128.0,2,169.018,7863,7674,189,,ok
max sequences 128 - repeat 2,vLLM max sequences,max sequences,128.0,2,169.519,7891,7699,192,,ok
max sequences 128 - repeat 2,vLLM max sequences,max sequences,128.0,2,170.367,7907,7717,190,,ok
max sequences 128 - repeat 2,vLLM max sequences,max sequences,128.0,2,170.553,7930,7740,190,,ok
max sequences 128 - repeat 2,vLLM max sequences,max sequences,128.0,2,171.048,7968,7776,192,,ok
max sequences 128 - repeat 2,vLLM max sequences,max sequences,128.0,2,171.581,7971,7802,169,,ok
max sequences 128 - repeat 2,vLLM max sequences,max sequences,128.0,2,172.314,8019,7828,191,,ok
max sequences 128 - repeat 2,vLLM max sequences,max sequences,128.0,2,172.682,8020,7843,177,,ok
max sequences 128 - repeat 2,vLLM max sequences,max sequences,128.0,2,173.043,8059,7869,190,,ok
max sequences 128 - repeat 2,vLLM max sequences,max sequences,128.0,2,173.535,8093,7904,189,,ok
max sequences 128 - repeat 2,vLLM max sequences,max sequences,128.0,2,174.011,8118,7928,190,,ok
max sequences 128 - repeat 2,vLLM max sequences,max sequences,128.0,2,174.509,8147,7955,192,,ok
max sequences 128 - repeat 2,vLLM max sequences,max sequences,128.0,2,175.016,8162,7971,191,,ok
max sequences 128 - repeat 2,vLLM max sequences,max sequences,128.0,2,175.539,8186,7996,190,,ok
max sequences 128 - repeat 2,vLLM max sequences,max sequences,128.0,2,176.045,8223,8032,191,,ok
max sequences 128 - repeat 2,vLLM max sequences,max sequences,128.0,2,176.509,8246,8055,191,,ok
max sequences 128 - repeat 2,vLLM max sequences,max sequences,128.0,2,177.019,8269,8083,186,,ok
max sequences 128 - repeat 2,vLLM max sequences,max sequences,128.0,2,177.526,8290,8098,192,,ok
max sequences 128 - repeat 2,vLLM max sequences,max sequences,128.0,2,178.034,8305,8122,183,,ok
max sequences 128 - repeat 2,vLLM max sequences,max sequences,128.0,2,178.564,8349,8160,189,,ok
max sequences 128 - repeat 2,vLLM max sequences,max sequences,128.0,2,179.02,8372,8182,190,,ok
max sequences 128 - repeat 2,vLLM max sequences,max sequences,128.0,2,179.531,8387,8211,176,,ok
max sequences 128 - repeat 3,vLLM max sequences,max sequences,128.0,3,0.001,0,0,0,,ok
max sequences 128 - repeat 3,vLLM max sequences,max sequences,128.0,3,0.52,3,0,3,,ok
max sequences 128 - repeat 3,vLLM max sequences,max sequences,128.0,3,1.033,6,1,5,,ok
max sequences 128 - repeat 3,vLLM max sequences,max sequences,128.0,3,1.546,11,1,10,,ok
max sequences 128 - repeat 3,vLLM max sequences,max sequences,128.0,3,2.025,14,1,13,,ok
max sequences 128 - repeat 3,vLLM max sequences,max sequences,128.0,3,2.54,24,8,16,,ok
max sequences 128 - repeat 3,vLLM max sequences,max sequences,128.0,3,3.004,27,8,19,,ok
max sequences 128 - repeat 3,vLLM max sequences,max sequences,128.0,3,3.686,31,12,19,,ok
max sequences 128 - repeat 3,vLLM max sequences,max sequences,128.0,3,4.026,38,13,25,,ok
max sequences 128 - repeat 3,vLLM max sequences,max sequences,128.0,3,4.515,44,15,29,,ok
max sequences 128 - repeat 3,vLLM max sequences,max sequences,128.0,3,5.046,47,15,32,,ok
max sequences 128 - repeat 3,vLLM max sequences,max sequences,128.0,3,5.512,55,20,35,,ok
max sequences 128 - repeat 3,vLLM max sequences,max sequences,128.0,3,6.037,61,23,38,,ok
max sequences 128 - repeat 3,vLLM max sequences,max sequences,128.0,3,6.519,65,24,41,,ok
max sequences 128 - repeat 3,vLLM max sequences,max sequences,128.0,3,7.035,69,24,45,,ok
max sequences 128 - repeat 3,vLLM max sequences,max sequences,128.0,3,7.573,72,24,48,,ok
max sequences 128 - repeat 3,vLLM max sequences,max sequences,128.0,3,8.036,76,25,51,,ok
max sequences 128 - repeat 3,vLLM max sequences,max sequences,128.0,3,8.519,83,29,54,,ok
max sequences 128 - repeat 3,vLLM max sequences,max sequences,128.0,3,9.029,88,55,33,,ok
max sequences 128 - repeat 3,vLLM max sequences,max sequences,128.0,3,9.563,133,72,61,,ok
max sequences 128 - repeat 3,vLLM max sequences,max sequences,128.0,3,10.025,137,73,64,,ok
max sequences 128 - repeat 3,vLLM max sequences,max sequences,128.0,3,10.51,140,75,65,,ok
max sequences 128 - repeat 3,vLLM max sequences,max sequences,128.0,3,11.02,147,82,65,,ok
max sequences 128 - repeat 3,vLLM max sequences,max sequences,128.0,3,11.546,158,85,73,,ok
max sequences 128 - repeat 3,vLLM max sequences,max sequences,128.0,3,12.008,162,85,77,,ok
max sequences 128 - repeat 3,vLLM max sequences,max sequences,128.0,3,12.523,165,85,80,,ok
max sequences 128 - repeat 3,vLLM max sequences,max sequences,128.0,3,13.031,169,86,83,,ok
max sequences 128 - repeat 3,vLLM max sequences,max sequences,128.0,3,13.544,224,138,86,,ok
max sequences 128 - repeat 3,vLLM max sequences,max sequences,128.0,3,14.005,227,138,89,,ok
max sequences 128 - repeat 3,vLLM max sequences,max sequences,128.0,3,14.529,230,138,92,,ok
max sequences 128 - repeat 3,vLLM max sequences,max sequences,128.0,3,15.02,234,138,96,,ok
max sequences 128 - repeat 3,vLLM max sequences,max sequences,128.0,3,15.562,243,144,99,,ok
max sequences 128 - repeat 3,vLLM max sequences,max sequences,128.0,3,16.025,246,144,102,,ok
max sequences 128 - repeat 3,vLLM max sequences,max sequences,128.0,3,16.541,250,144,106,,ok
max sequences 128 - repeat 3,vLLM max sequences,max sequences,128.0,3,17.009,253,144,109,,ok
max sequences 128 - repeat 3,vLLM max sequences,max sequences,128.0,3,17.533,256,144,112,,ok
max sequences 128 - repeat 3,vLLM max sequences,max sequences,128.0,3,18.002,279,165,114,,ok
max sequences 128 - repeat 3,vLLM max sequences,max sequences,128.0,3,18.528,283,165,118,,ok
max sequences 128 - repeat 3,vLLM max sequences,max sequences,128.0,3,19.047,287,165,122,,ok
max sequences 128 - repeat 3,vLLM max sequences,max sequences,128.0,3,19.527,293,168,125,,ok
max sequences 128 - repeat 3,vLLM max sequences,max sequences,128.0,3,20.02,361,233,128,,ok
max sequences 128 - repeat 3,vLLM max sequences,max sequences,128.0,3,20.508,364,233,131,,ok
max sequences 128 - repeat 3,vLLM max sequences,max sequences,128.0,3,21.035,367,233,134,,ok
max sequences 128 - repeat 3,vLLM max sequences,max sequences,128.0,3,21.508,373,243,130,,ok
max sequences 128 - repeat 3,vLLM max sequences,max sequences,128.0,3,22.002,394,254,140,,ok
max sequences 128 - repeat 3,vLLM max sequences,max sequences,128.0,3,22.518,401,257,144,,ok
max sequences 128 - repeat 3,vLLM max sequences,max sequences,128.0,3,23.006,432,285,147,,ok
max sequences 128 - repeat 3,vLLM max sequences,max sequences,128.0,3,23.659,435,287,148,,ok
max sequences 128 - repeat 3,vLLM max sequences,max sequences,128.0,3,24.044,446,293,153,,ok
max sequences 128 - repeat 3,vLLM max sequences,max sequences,128.0,3,24.547,470,313,157,,ok
max sequences 128 - repeat 3,vLLM max sequences,max sequences,128.0,3,25.037,505,345,160,,ok
max sequences 128 - repeat 3,vLLM max sequences,max sequences,128.0,3,25.525,524,361,163,,ok
max sequences 128 - repeat 3,vLLM max sequences,max sequences,128.0,3,26.006,528,362,166,,ok
max sequences 128 - repeat 3,vLLM max sequences,max sequences,128.0,3,26.518,552,384,168,,ok
max sequences 128 - repeat 3,vLLM max sequences,max sequences,128.0,3,27.029,576,403,173,,ok
max sequences 128 - repeat 3,vLLM max sequences,max sequences,128.0,3,27.525,593,418,175,,ok
max sequences 128 - repeat 3,vLLM max sequences,max sequences,128.0,3,28.033,620,456,164,,ok
max sequences 128 - repeat 3,vLLM max sequences,max sequences,128.0,3,28.506,651,469,182,,ok
max sequences 128 - repeat 3,vLLM max sequences,max sequences,128.0,3,29.021,674,489,185,,ok
max sequences 128 - repeat 3,vLLM max sequences,max sequences,128.0,3,29.542,686,499,187,,ok
max sequences 128 - repeat 3,vLLM max sequences,max sequences,128.0,3,30.014,705,513,192,,ok
max sequences 128 - repeat 3,vLLM max sequences,max sequences,128.0,3,30.544,734,542,192,,ok
max sequences 128 - repeat 3,vLLM max sequences,max sequences,128.0,3,31.009,739,548,191,,ok
max sequences 128 - repeat 3,vLLM max sequences,max sequences,128.0,3,31.538,804,612,192,,ok
max sequences 128 - repeat 3,vLLM max sequences,max sequences,128.0,3,32.051,817,627,190,,ok
max sequences 128 - repeat 3,vLLM max sequences,max sequences,128.0,3,32.5,833,641,192,,ok
max sequences 128 - repeat 3,vLLM max sequences,max sequences,128.0,3,33.025,861,670,191,,ok
max sequences 128 - repeat 3,vLLM max sequences,max sequences,128.0,3,33.689,867,678,189,,ok
max sequences 128 - repeat 3,vLLM max sequences,max sequences,128.0,3,34.187,923,745,178,,ok
max sequences 128 - repeat 3,vLLM max sequences,max sequences,128.0,3,34.529,945,753,192,,ok
max sequences 128 - repeat 3,vLLM max sequences,max sequences,128.0,3,35.027,961,769,192,,ok
max sequences 128 - repeat 3,vLLM max sequences,max sequences,128.0,3,35.546,990,798,192,,ok
max sequences 128 - repeat 3,vLLM max sequences,max sequences,128.0,3,36.025,995,805,190,,ok
max sequences 128 - repeat 3,vLLM max sequences,max sequences,128.0,3,36.546,1060,873,187,,ok
max sequences 128 - repeat 3,vLLM max sequences,max sequences,128.0,3,37.007,1073,883,190,,ok
max sequences 128 - repeat 3,vLLM max sequences,max sequences,128.0,3,37.515,1089,897,192,,ok
max sequences 128 - repeat 3,vLLM max sequences,max sequences,128.0,3,38.032,1118,926,192,,ok
max sequences 128 - repeat 3,vLLM max sequences,max sequences,128.0,3,38.545,1124,933,191,,ok
max sequences 128 - repeat 3,vLLM max sequences,max sequences,128.0,3,39.025,1188,1001,187,,ok
max sequences 128 - repeat 3,vLLM max sequences,max sequences,128.0,3,39.517,1201,1011,190,,ok
max sequences 128 - repeat 3,vLLM max sequences,max sequences,128.0,3,40.029,1217,1025,192,,ok
max sequences 128 - repeat 3,vLLM max sequences,max sequences,128.0,3,40.542,1246,1054,192,,ok
max sequences 128 - repeat 3,vLLM max sequences,max sequences,128.0,3,41.028,1251,1061,190,,ok
max sequences 128 - repeat 3,vLLM max sequences,max sequences,128.0,3,41.543,1316,1129,187,,ok
max sequences 128 - repeat 3,vLLM max sequences,max sequences,128.0,3,42.02,1330,1139,191,,ok
max sequences 128 - repeat 3,vLLM max sequences,max sequences,128.0,3,42.534,1345,1156,189,,ok
max sequences 128 - repeat 3,vLLM max sequences,max sequences,128.0,3,43.046,1374,1183,191,,ok
max sequences 128 - repeat 3,vLLM max sequences,max sequences,128.0,3,43.944,1378,1187,191,,ok
max sequences 128 - repeat 3,vLLM max sequences,max sequences,128.0,3,44.05,1379,1252,127,,ok
max sequences 128 - repeat 3,vLLM max sequences,max sequences,128.0,3,44.537,1457,1265,192,,ok
max sequences 128 - repeat 3,vLLM max sequences,max sequences,128.0,3,45.032,1467,1277,190,,ok
max sequences 128 - repeat 3,vLLM max sequences,max sequences,128.0,3,45.531,1473,1293,180,,ok
max sequences 128 - repeat 3,vLLM max sequences,max sequences,128.0,3,46.029,1503,1313,190,,ok
max sequences 128 - repeat 3,vLLM max sequences,max sequences,128.0,3,46.522,1510,1322,188,,ok
max sequences 128 - repeat 3,vLLM max sequences,max sequences,128.0,3,47.04,1570,1378,192,,ok
max sequences 128 - repeat 3,vLLM max sequences,max sequences,128.0,3,47.537,1598,1407,191,,ok
max sequences 128 - repeat 3,vLLM max sequences,max sequences,128.0,3,48.002,1613,1424,189,,ok
max sequences 128 - repeat 3,vLLM max sequences,max sequences,128.0,3,48.538,1633,1441,192,,ok
max sequences 128 - repeat 3,vLLM max sequences,max sequences,128.0,3,49.012,1642,1453,189,,ok
max sequences 128 - repeat 3,vLLM max sequences,max sequences,128.0,3,49.524,1698,1507,191,,ok
max sequences 128 - repeat 3,vLLM max sequences,max sequences,128.0,3,50.002,1726,1535,191,,ok
max sequences 128 - repeat 3,vLLM max sequences,max sequences,128.0,3,50.501,1744,1555,189,,ok
max sequences 128 - repeat 3,vLLM max sequences,max sequences,128.0,3,51.042,1761,1570,191,,ok
max sequences 128 - repeat 3,vLLM max sequences,max sequences,128.0,3,51.532,1785,1608,177,,ok
max sequences 128 - repeat 3,vLLM max sequences,max sequences,128.0,3,52.045,1830,1638,192,,ok
max sequences 128 - repeat 3,vLLM max sequences,max sequences,128.0,3,52.507,1855,1664,191,,ok
max sequences 128 - repeat 3,vLLM max sequences,max sequences,128.0,3,53.026,1875,1686,189,,ok
max sequences 128 - repeat 3,vLLM max sequences,max sequences,128.0,3,53.739,1888,1701,187,,ok
max sequences 128 - repeat 3,vLLM max sequences,max sequences,128.0,3,54.029,1913,1749,164,,ok
max sequences 128 - repeat 3,vLLM max sequences,max sequences,128.0,3,54.57,1955,1777,178,,ok
max sequences 128 - repeat 3,vLLM max sequences,max sequences,128.0,3,55.04,1984,1792,192,,ok
max sequences 128 - repeat 3,vLLM max sequences,max sequences,128.0,3,55.523,2003,1814,189,,ok
max sequences 128 - repeat 3,vLLM max sequences,max sequences,128.0,3,56.004,2018,1827,191,,ok
max sequences 128 - repeat 3,vLLM max sequences,max sequences,128.0,3,56.545,2069,1877,192,,ok
max sequences 128 - repeat 3,vLLM max sequences,max sequences,128.0,3,57.003,2097,1905,192,,ok
max sequences 128 - repeat 3,vLLM max sequences,max sequences,128.0,3,57.558,2113,1921,192,,ok
max sequences 128 - repeat 3,vLLM max sequences,max sequences,128.0,3,58.02,2141,1949,192,,ok
max sequences 128 - repeat 3,vLLM max sequences,max sequences,128.0,3,58.535,2147,1955,192,,ok
max sequences 128 - repeat 3,vLLM max sequences,max sequences,128.0,3,59.047,2205,2018,187,,ok
max sequences 128 - repeat 3,vLLM max sequences,max sequences,128.0,3,59.539,2225,2035,190,,ok
max sequences 128 - repeat 3,vLLM max sequences,max sequences,128.0,3,60.012,2241,2049,192,,ok
max sequences 128 - repeat 3,vLLM max sequences,max sequences,128.0,3,60.531,2270,2078,192,,ok
max sequences 128 - repeat 3,vLLM max sequences,max sequences,128.0,3,61.022,2275,2085,190,,ok
max sequences 128 - repeat 3,vLLM max sequences,max sequences,128.0,3,61.537,2338,2146,192,,ok
max sequences 128 - repeat 3,vLLM max sequences,max sequences,128.0,3,62.048,2355,2171,184,,ok
max sequences 128 - repeat 3,vLLM max sequences,max sequences,128.0,3,62.524,2369,2180,189,,ok
max sequences 128 - repeat 3,vLLM max sequences,max sequences,128.0,3,63.045,2398,2206,192,,ok
max sequences 128 - repeat 3,vLLM max sequences,max sequences,128.0,3,63.549,2404,2213,191,,ok
max sequences 128 - repeat 3,vLLM max sequences,max sequences,128.0,3,64.047,2453,2274,179,,ok
max sequences 128 - repeat 3,vLLM max sequences,max sequences,128.0,3,64.589,2481,2302,179,,ok
max sequences 128 - repeat 3,vLLM max sequences,max sequences,128.0,3,65.004,2497,2305,192,,ok
max sequences 128 - repeat 3,vLLM max sequences,max sequences,128.0,3,65.644,2521,2337,184,,ok
max sequences 128 - repeat 3,vLLM max sequences,max sequences,128.0,3,66.016,2533,2341,192,,ok
max sequences 128 - repeat 3,vLLM max sequences,max sequences,128.0,3,66.545,2594,2402,192,,ok
max sequences 128 - repeat 3,vLLM max sequences,max sequences,128.0,3,67.016,2619,2430,189,,ok
max sequences 128 - repeat 3,vLLM max sequences,max sequences,128.0,3,67.524,2628,2445,183,,ok
max sequences 128 - repeat 3,vLLM max sequences,max sequences,128.0,3,68.031,2655,2465,190,,ok
max sequences 128 - repeat 3,vLLM max sequences,max sequences,128.0,3,68.513,2661,2470,191,,ok
max sequences 128 - repeat 3,vLLM max sequences,max sequences,128.0,3,69.029,2722,2530,192,,ok
max sequences 128 - repeat 3,vLLM max sequences,max sequences,128.0,3,69.547,2750,2559,191,,ok
max sequences 128 - repeat 3,vLLM max sequences,max sequences,128.0,3,70.004,2761,2573,188,,ok
max sequences 128 - repeat 3,vLLM max sequences,max sequences,128.0,3,70.546,2785,2593,192,,ok
max sequences 128 - repeat 3,vLLM max sequences,max sequences,128.0,3,71.025,2790,2602,188,,ok
max sequences 128 - repeat 3,vLLM max sequences,max sequences,128.0,3,71.538,2850,2658,192,,ok
max sequences 128 - repeat 3,vLLM max sequences,max sequences,128.0,3,72.018,2878,2687,191,,ok
max sequences 128 - repeat 3,vLLM max sequences,max sequences,128.0,3,72.538,2896,2707,189,,ok
max sequences 128 - repeat 3,vLLM max sequences,max sequences,128.0,3,73.006,2912,2721,191,,ok
max sequences 128 - repeat 3,vLLM max sequences,max sequences,128.0,3,73.698,2917,2773,144,,ok
max sequences 128 - repeat 3,vLLM max sequences,max sequences,128.0,3,74.013,2978,2787,191,,ok
max sequences 128 - repeat 3,vLLM max sequences,max sequences,128.0,3,74.777,3003,2817,186,,ok
max sequences 128 - repeat 3,vLLM max sequences,max sequences,128.0,3,75.036,3027,2835,192,,ok
max sequences 128 - repeat 3,vLLM max sequences,max sequences,128.0,3,75.612,3038,2850,188,,ok
max sequences 128 - repeat 3,vLLM max sequences,max sequences,128.0,3,76.041,3050,2888,162,,ok
max sequences 128 - repeat 3,vLLM max sequences,max sequences,128.0,3,76.519,3106,2914,192,,ok
max sequences 128 - repeat 3,vLLM max sequences,max sequences,128.0,3,77.092,3134,2944,190,,ok
max sequences 128 - repeat 3,vLLM max sequences,max sequences,128.0,3,77.503,3155,2963,192,,ok
max sequences 128 - repeat 3,vLLM max sequences,max sequences,128.0,3,78.011,3169,2978,191,,ok
max sequences 128 - repeat 3,vLLM max sequences,max sequences,128.0,3,78.509,3193,3016,177,,ok
max sequences 128 - repeat 3,vLLM max sequences,max sequences,128.0,3,79.022,3238,3057,181,,ok
max sequences 128 - repeat 3,vLLM max sequences,max sequences,128.0,3,79.531,3264,3073,191,,ok
max sequences 128 - repeat 3,vLLM max sequences,max sequences,128.0,3,80.043,3286,3099,187,,ok
max sequences 128 - repeat 3,vLLM max sequences,max sequences,128.0,3,80.501,3298,3107,191,,ok
max sequences 128 - repeat 3,vLLM max sequences,max sequences,128.0,3,81.024,3336,3157,179,,ok
max sequences 128 - repeat 3,vLLM max sequences,max sequences,128.0,3,81.541,3377,3185,192,,ok
max sequences 128 - repeat 3,vLLM max sequences,max sequences,128.0,3,82.027,3392,3201,191,,ok
max sequences 128 - repeat 3,vLLM max sequences,max sequences,128.0,3,82.537,3420,3229,191,,ok
max sequences 128 - repeat 3,vLLM max sequences,max sequences,128.0,3,83.04,3427,3235,192,,ok
max sequences 128 - repeat 3,vLLM max sequences,max sequences,128.0,3,83.507,3477,3285,192,,ok
max sequences 128 - repeat 3,vLLM max sequences,max sequences,128.0,3,84.194,3505,3323,182,,ok
max sequences 128 - repeat 3,vLLM max sequences,max sequences,128.0,3,84.589,3521,3329,192,,ok
max sequences 128 - repeat 3,vLLM max sequences,max sequences,128.0,3,85.026,3549,3358,191,,ok
max sequences 128 - repeat 3,vLLM max sequences,max sequences,128.0,3,85.537,3555,3364,191,,ok
max sequences 128 - repeat 3,vLLM max sequences,max sequences,128.0,3,86.092,3601,3426,175,,ok
max sequences 128 - repeat 3,vLLM max sequences,max sequences,128.0,3,86.507,3633,3441,192,,ok
max sequences 128 - repeat 3,vLLM max sequences,max sequences,128.0,3,87.028,3649,3457,192,,ok
max sequences 128 - repeat 3,vLLM max sequences,max sequences,128.0,3,87.506,3678,3486,192,,ok
max sequences 128 - repeat 3,vLLM max sequences,max sequences,128.0,3,88.036,3684,3492,192,,ok
max sequences 128 - repeat 3,vLLM max sequences,max sequences,128.0,3,88.509,3746,3554,192,,ok
max sequences 128 - repeat 3,vLLM max sequences,max sequences,128.0,3,89.001,3763,3571,192,,ok
max sequences 128 - repeat 3,vLLM max sequences,max sequences,128.0,3,89.532,3777,3588,189,,ok
max sequences 128 - repeat 3,vLLM max sequences,max sequences,128.0,3,90.004,3806,3614,192,,ok
max sequences 128 - repeat 3,vLLM max sequences,max sequences,128.0,3,90.538,3813,3622,191,,ok
max sequences 128 - repeat 3,vLLM max sequences,max sequences,128.0,3,91.043,3874,3682,192,,ok
max sequences 128 - repeat 3,vLLM max sequences,max sequences,128.0,3,91.522,3899,3710,189,,ok
max sequences 128 - repeat 3,vLLM max sequences,max sequences,128.0,3,92.01,3908,3719,189,,ok
max sequences 128 - repeat 3,vLLM max sequences,max sequences,128.0,3,92.52,3934,3744,190,,ok
max sequences 128 - repeat 3,vLLM max sequences,max sequences,128.0,3,93.038,3942,3754,188,,ok
max sequences 128 - repeat 3,vLLM max sequences,max sequences,128.0,3,93.643,4002,3812,190,,ok
max sequences 128 - repeat 3,vLLM max sequences,max sequences,128.0,3,94.001,4027,3838,189,,ok
max sequences 128 - repeat 3,vLLM max sequences,max sequences,128.0,3,94.676,4033,3859,174,,ok
max sequences 128 - repeat 3,vLLM max sequences,max sequences,128.0,3,95.002,4063,3873,190,,ok
max sequences 128 - repeat 3,vLLM max sequences,max sequences,128.0,3,95.715,4067,3878,189,,ok
max sequences 128 - repeat 3,vLLM max sequences,max sequences,128.0,3,96.099,4130,3940,190,,ok
max sequences 128 - repeat 3,vLLM max sequences,max sequences,128.0,3,96.528,4147,3967,180,,ok
max sequences 128 - repeat 3,vLLM max sequences,max sequences,128.0,3,97.029,4164,3984,180,,ok
max sequences 128 - repeat 3,vLLM max sequences,max sequences,128.0,3,97.537,4191,4001,190,,ok
max sequences 128 - repeat 3,vLLM max sequences,max sequences,128.0,3,98.015,4198,4006,192,,ok
max sequences 128 - repeat 3,vLLM max sequences,max sequences,128.0,3,98.528,4258,4066,192,,ok
max sequences 128 - repeat 3,vLLM max sequences,max sequences,128.0,3,99.007,4286,4095,191,,ok
max sequences 128 - repeat 3,vLLM max sequences,max sequences,128.0,3,99.541,4307,4115,192,,ok
max sequences 128 - repeat 3,vLLM max sequences,max sequences,128.0,3,100.047,4321,4130,191,,ok
max sequences 128 - repeat 3,vLLM max sequences,max sequences,128.0,3,100.54,4345,4168,177,,ok
max sequences 128 - repeat 3,vLLM max sequences,max sequences,128.0,3,101.049,4390,4207,183,,ok
max sequences 128 - repeat 3,vLLM max sequences,max sequences,128.0,3,101.53,4415,4224,191,,ok
max sequences 128 - repeat 3,vLLM max sequences,max sequences,128.0,3,102.011,4435,4243,192,,ok
max sequences 128 - repeat 3,vLLM max sequences,max sequences,128.0,3,102.53,4450,4258,192,,ok
max sequences 128 - repeat 3,vLLM max sequences,max sequences,128.0,3,103.05,4488,4309,179,,ok
max sequences 128 - repeat 3,vLLM max sequences,max sequences,128.0,3,103.504,4514,4335,179,,ok
max sequences 128 - repeat 3,vLLM max sequences,max sequences,128.0,3,104.031,4543,4353,190,,ok
max sequences 128 - repeat 3,vLLM max sequences,max sequences,128.0,3,104.536,4563,4381,182,,ok
max sequences 128 - repeat 3,vLLM max sequences,max sequences,128.0,3,105.027,4578,4386,192,,ok
max sequences 128 - repeat 3,vLLM max sequences,max sequences,128.0,3,105.504,4616,4437,179,,ok
max sequences 128 - repeat 3,vLLM max sequences,max sequences,128.0,3,106.018,4657,4465,192,,ok
max sequences 128 - repeat 3,vLLM max sequences,max sequences,128.0,3,106.545,4673,4481,192,,ok
max sequences 128 - repeat 3,vLLM max sequences,max sequences,128.0,3,107.006,4694,4509,185,,ok
max sequences 128 - repeat 3,vLLM max sequences,max sequences,128.0,3,107.513,4706,4515,191,,ok
max sequences 128 - repeat 3,vLLM max sequences,max sequences,128.0,3,108.028,4744,4578,166,,ok
max sequences 128 - repeat 3,vLLM max sequences,max sequences,128.0,3,108.504,4785,4593,192,,ok
max sequences 128 - repeat 3,vLLM max sequences,max sequences,128.0,3,109.011,4801,4609,192,,ok
max sequences 128 - repeat 3,vLLM max sequences,max sequences,128.0,3,109.535,4829,4637,192,,ok
max sequences 128 - repeat 3,vLLM max sequences,max sequences,128.0,3,110.02,4835,4643,192,,ok
max sequences 128 - repeat 3,vLLM max sequences,max sequences,128.0,3,110.529,4898,4706,192,,ok
max sequences 128 - repeat 3,vLLM max sequences,max sequences,128.0,3,111.013,4913,4723,190,,ok
max sequences 128 - repeat 3,vLLM max sequences,max sequences,128.0,3,111.527,4929,4737,192,,ok
max sequences 128 - repeat 3,vLLM max sequences,max sequences,128.0,3,112.007,4958,4766,192,,ok
max sequences 128 - repeat 3,vLLM max sequences,max sequences,128.0,3,112.518,4964,4773,191,,ok
max sequences 128 - repeat 3,vLLM max sequences,max sequences,128.0,3,113.037,5026,4834,192,,ok
max sequences 128 - repeat 3,vLLM max sequences,max sequences,128.0,3,113.552,5049,4859,190,,ok
max sequences 128 - repeat 3,vLLM max sequences,max sequences,128.0,3,114.073,5057,4868,189,,ok
max sequences 128 - repeat 3,vLLM max sequences,max sequences,128.0,3,114.514,5086,4894,192,,ok
max sequences 128 - repeat 3,vLLM max sequences,max sequences,128.0,3,115.147,5092,4921,171,,ok
max sequences 128 - repeat 3,vLLM max sequences,max sequences,128.0,3,115.508,5154,4962,192,,ok
max sequences 128 - repeat 3,vLLM max sequences,max sequences,128.0,3,116.101,5171,4991,180,,ok
max sequences 128 - repeat 3,vLLM max sequences,max sequences,128.0,3,116.541,5188,4996,192,,ok
max sequences 128 - repeat 3,vLLM max sequences,max sequences,128.0,3,117.007,5214,5024,190,,ok
max sequences 128 - repeat 3,vLLM max sequences,max sequences,128.0,3,117.519,5222,5034,188,,ok
max sequences 128 - repeat 3,vLLM max sequences,max sequences,128.0,3,118.025,5282,5090,192,,ok
max sequences 128 - repeat 3,vLLM max sequences,max sequences,128.0,3,118.544,5310,5119,191,,ok
max sequences 128 - repeat 3,vLLM max sequences,max sequences,128.0,3,119.003,5316,5131,185,,ok
max sequences 128 - repeat 3,vLLM max sequences,max sequences,128.0,3,119.512,5344,5152,192,,ok
max sequences 128 - repeat 3,vLLM max sequences,max sequences,128.0,3,120.019,5354,5162,192,,ok
max sequences 128 - repeat 3,vLLM max sequences,max sequences,128.0,3,120.538,5410,5218,192,,ok
max sequences 128 - repeat 3,vLLM max sequences,max sequences,128.0,3,121.05,5439,5247,192,,ok
max sequences 128 - repeat 3,vLLM max sequences,max sequences,128.0,3,121.505,5456,5267,189,,ok
max sequences 128 - repeat 3,vLLM max sequences,max sequences,128.0,3,122.012,5473,5281,192,,ok
max sequences 128 - repeat 3,vLLM max sequences,max sequences,128.0,3,122.539,5497,5320,177,,ok
max sequences 128 - repeat 3,vLLM max sequences,max sequences,128.0,3,123.046,5539,5350,189,,ok
max sequences 128 - repeat 3,vLLM max sequences,max sequences,128.0,3,123.759,5567,5377,190,,ok
max sequences 128 - repeat 3,vLLM max sequences,max sequences,128.0,3,124.061,5584,5398,186,,ok
max sequences 128 - repeat 3,vLLM max sequences,max sequences,128.0,3,124.52,5601,5410,191,,ok
max sequences 128 - repeat 3,vLLM max sequences,max sequences,128.0,3,125.003,5610,5448,162,,ok
max sequences 128 - repeat 3,vLLM max sequences,max sequences,128.0,3,125.522,5666,5489,177,,ok
max sequences 128 - repeat 3,vLLM max sequences,max sequences,128.0,3,126.024,5695,5504,191,,ok
max sequences 128 - repeat 3,vLLM max sequences,max sequences,128.0,3,126.526,5715,5523,192,,ok
max sequences 128 - repeat 3,vLLM max sequences,max sequences,128.0,3,127.036,5730,5538,192,,ok
max sequences 128 - repeat 3,vLLM max sequences,max sequences,128.0,3,127.515,5768,5589,179,,ok
max sequences 128 - repeat 3,vLLM max sequences,max sequences,128.0,3,128.03,5809,5617,192,,ok
max sequences 128 - repeat 3,vLLM max sequences,max sequences,128.0,3,128.504,5824,5633,191,,ok
max sequences 128 - repeat 3,vLLM max sequences,max sequences,128.0,3,129.012,5843,5661,182,,ok
max sequences 128 - repeat 3,vLLM max sequences,max sequences,128.0,3,129.549,5859,5667,192,,ok
max sequences 128 - repeat 3,vLLM max sequences,max sequences,128.0,3,130.009,5896,5712,184,,ok
max sequences 128 - repeat 3,vLLM max sequences,max sequences,128.0,3,130.516,5937,5745,192,,ok
max sequences 128 - repeat 3,vLLM max sequences,max sequences,128.0,3,131.024,5953,5761,192,,ok
max sequences 128 - repeat 3,vLLM max sequences,max sequences,128.0,3,131.516,5981,5789,192,,ok
max sequences 128 - repeat 3,vLLM max sequences,max sequences,128.0,3,132.027,5987,5795,192,,ok
max sequences 128 - repeat 3,vLLM max sequences,max sequences,128.0,3,132.542,6037,5858,179,,ok
max sequences 128 - repeat 3,vLLM max sequences,max sequences,128.0,3,133.001,6065,5873,192,,ok
max sequences 128 - repeat 3,vLLM max sequences,max sequences,128.0,3,133.54,6080,5889,191,,ok
max sequences 128 - repeat 3,vLLM max sequences,max sequences,128.0,3,134.003,6109,5918,191,,ok
max sequences 128 - repeat 3,vLLM max sequences,max sequences,128.0,3,134.557,6115,5925,190,,ok
max sequences 128 - repeat 3,vLLM max sequences,max sequences,128.0,3,135.03,6165,5986,179,,ok
max sequences 128 - repeat 3,vLLM max sequences,max sequences,128.0,3,135.539,6194,6003,191,,ok
max sequences 128 - repeat 3,vLLM max sequences,max sequences,128.0,3,136.021,6209,6017,192,,ok
max sequences 128 - repeat 3,vLLM max sequences,max sequences,128.0,3,136.542,6237,6046,191,,ok
max sequences 128 - repeat 3,vLLM max sequences,max sequences,128.0,3,137.086,6243,6054,189,,ok
max sequences 128 - repeat 3,vLLM max sequences,max sequences,128.0,3,137.546,6306,6114,192,,ok
max sequences 128 - repeat 3,vLLM max sequences,max sequences,128.0,3,138.033,6323,6131,192,,ok
max sequences 128 - repeat 3,vLLM max sequences,max sequences,128.0,3,138.541,6337,6145,192,,ok
max sequences 128 - repeat 3,vLLM max sequences,max sequences,128.0,3,139.05,6366,6174,192,,ok
max sequences 128 - repeat 3,vLLM max sequences,max sequences,128.0,3,139.508,6371,6180,191,,ok
max sequences 128 - repeat 3,vLLM max sequences,max sequences,128.0,3,140.038,6434,6242,192,,ok
max sequences 128 - repeat 3,vLLM max sequences,max sequences,128.0,3,140.545,6449,6268,181,,ok
max sequences 128 - repeat 3,vLLM max sequences,max sequences,128.0,3,141.004,6465,6273,192,,ok
max sequences 128 - repeat 3,vLLM max sequences,max sequences,128.0,3,141.512,6494,6302,192,,ok
max sequences 128 - repeat 3,vLLM max sequences,max sequences,128.0,3,142.005,6501,6309,192,,ok
max sequences 128 - repeat 3,vLLM max sequences,max sequences,128.0,3,142.514,6562,6370,192,,ok
max sequences 128 - repeat 3,vLLM max sequences,max sequences,128.0,3,143.041,6587,6395,192,,ok
max sequences 128 - repeat 3,vLLM max sequences,max sequences,128.0,3,143.622,6593,6404,189,,ok
max sequences 128 - repeat 3,vLLM max sequences,max sequences,128.0,3,144.106,6614,6433,181,,ok
max sequences 128 - repeat 3,vLLM max sequences,max sequences,128.0,3,144.547,6629,6438,191,,ok
max sequences 128 - repeat 3,vLLM max sequences,max sequences,128.0,3,145.025,6690,6498,192,,ok
max sequences 128 - repeat 3,vLLM max sequences,max sequences,128.0,3,145.542,6715,6526,189,,ok
max sequences 128 - repeat 3,vLLM max sequences,max sequences,128.0,3,146.008,6721,6529,192,,ok
max sequences 128 - repeat 3,vLLM max sequences,max sequences,128.0,3,146.682,6721,6558,163,,ok
max sequences 128 - repeat 3,vLLM max sequences,max sequences,128.0,3,147.011,6757,6565,192,,ok
max sequences 128 - repeat 3,vLLM max sequences,max sequences,128.0,3,147.573,6818,6626,192,,ok
max sequences 128 - repeat 3,vLLM max sequences,max sequences,128.0,3,148.035,6843,6654,189,,ok
max sequences 128 - repeat 3,vLLM max sequences,max sequences,128.0,3,148.543,6849,6657,192,,ok
max sequences 128 - repeat 3,vLLM max sequences,max sequences,128.0,3,149.003,6878,6686,192,,ok
max sequences 128 - repeat 3,vLLM max sequences,max sequences,128.0,3,149.508,6886,6694,192,,ok
max sequences 128 - repeat 3,vLLM max sequences,max sequences,128.0,3,150.045,6946,6754,192,,ok
max sequences 128 - repeat 3,vLLM max sequences,max sequences,128.0,3,150.508,6963,6782,181,,ok
max sequences 128 - repeat 3,vLLM max sequences,max sequences,128.0,3,151.042,6989,6800,189,,ok
max sequences 128 - repeat 3,vLLM max sequences,max sequences,128.0,3,151.549,7006,6817,189,,ok
max sequences 128 - repeat 3,vLLM max sequences,max sequences,128.0,3,152.045,7014,6826,188,,ok
max sequences 128 - repeat 3,vLLM max sequences,max sequences,128.0,3,152.502,7074,6882,192,,ok
max sequences 128 - repeat 3,vLLM max sequences,max sequences,128.0,3,153.038,7102,6910,192,,ok
max sequences 128 - repeat 3,vLLM max sequences,max sequences,128.0,3,153.512,7117,6928,189,,ok
max sequences 128 - repeat 3,vLLM max sequences,max sequences,128.0,3,154.095,7126,6945,181,,ok
max sequences 128 - repeat 3,vLLM max sequences,max sequences,128.0,3,154.541,7146,6969,177,,ok
max sequences 128 - repeat 3,vLLM max sequences,max sequences,128.0,3,155.03,7202,7010,192,,ok
max sequences 128 - repeat 3,vLLM max sequences,max sequences,128.0,3,155.543,7228,7039,189,,ok
max sequences 128 - repeat 3,vLLM max sequences,max sequences,128.0,3,156.004,7245,7056,189,,ok
max sequences 128 - repeat 3,vLLM max sequences,max sequences,128.0,3,156.516,7265,7073,192,,ok
max sequences 128 - repeat 3,vLLM max sequences,max sequences,128.0,3,157.051,7274,7097,177,,ok
max sequences 128 - repeat 3,vLLM max sequences,max sequences,128.0,3,157.505,7330,7139,191,,ok
max sequences 128 - repeat 3,vLLM max sequences,max sequences,128.0,3,158.013,7358,7167,191,,ok
max sequences 128 - repeat 3,vLLM max sequences,max sequences,128.0,3,158.536,7373,7187,186,,ok
max sequences 128 - repeat 3,vLLM max sequences,max sequences,128.0,3,159.169,7393,7203,190,,ok
max sequences 128 - repeat 3,vLLM max sequences,max sequences,128.0,3,159.531,7403,7211,192,,ok
max sequences 128 - repeat 3,vLLM max sequences,max sequences,128.0,3,160.04,7459,7267,192,,ok
max sequences 128 - repeat 3,vLLM max sequences,max sequences,128.0,3,160.549,7487,7296,191,,ok
max sequences 128 - repeat 3,vLLM max sequences,max sequences,128.0,3,161.077,7507,7315,192,,ok
max sequences 128 - repeat 3,vLLM max sequences,max sequences,128.0,3,161.535,7521,7330,191,,ok
max sequences 128 - repeat 3,vLLM max sequences,max sequences,128.0,3,162.045,7535,7368,167,,ok
max sequences 128 - repeat 3,vLLM max sequences,max sequences,128.0,3,162.533,7586,7398,188,,ok
max sequences 128 - repeat 3,vLLM max sequences,max sequences,128.0,3,163.045,7615,7423,192,,ok
max sequences 128 - repeat 3,vLLM max sequences,max sequences,128.0,3,163.512,7635,7443,192,,ok
max sequences 128 - repeat 3,vLLM max sequences,max sequences,128.0,3,164.01,7649,7458,191,,ok
max sequences 128 - repeat 3,vLLM max sequences,max sequences,128.0,3,164.514,7673,7496,177,,ok
max sequences 128 - repeat 3,vLLM max sequences,max sequences,128.0,3,165.012,7715,7526,189,,ok
max sequences 128 - repeat 3,vLLM max sequences,max sequences,128.0,3,165.518,7744,7552,192,,ok
max sequences 128 - repeat 3,vLLM max sequences,max sequences,128.0,3,166.018,7763,7574,189,,ok
max sequences 128 - repeat 3,vLLM max sequences,max sequences,128.0,3,166.544,7777,7587,190,,ok
max sequences 128 - repeat 3,vLLM max sequences,max sequences,128.0,3,167.02,7816,7627,189,,ok
max sequences 128 - repeat 3,vLLM max sequences,max sequences,128.0,3,167.532,7846,7665,181,,ok
max sequences 128 - repeat 3,vLLM max sequences,max sequences,128.0,3,168.04,7872,7680,192,,ok
max sequences 128 - repeat 3,vLLM max sequences,max sequences,128.0,3,168.518,7888,7702,186,,ok
max sequences 128 - repeat 3,vLLM max sequences,max sequences,128.0,3,169.043,7905,7715,190,,ok
max sequences 128 - repeat 3,vLLM max sequences,max sequences,128.0,3,169.549,7944,7765,179,,ok
max sequences 128 - repeat 3,vLLM max sequences,max sequences,128.0,3,170.007,7974,7787,187,,ok
max sequences 128 - repeat 3,vLLM max sequences,max sequences,128.0,3,170.537,8000,7808,192,,ok
max sequences 128 - repeat 3,vLLM max sequences,max sequences,128.0,3,171.045,8022,7831,191,,ok
max sequences 128 - repeat 3,vLLM max sequences,max sequences,128.0,3,171.502,8034,7843,191,,ok
max sequences 128 - repeat 3,vLLM max sequences,max sequences,128.0,3,172.01,8072,7893,179,,ok
max sequences 128 - repeat 3,vLLM max sequences,max sequences,128.0,3,172.527,8102,7921,181,,ok
max sequences 128 - repeat 3,vLLM max sequences,max sequences,128.0,3,173.032,8128,7937,191,,ok
max sequences 128 - repeat 3,vLLM max sequences,max sequences,128.0,3,173.564,8150,7966,184,,ok
max sequences 128 - repeat 3,vLLM max sequences,max sequences,128.0,3,174.037,8162,7971,191,,ok
max sequences 128 - repeat 3,vLLM max sequences,max sequences,128.0,3,174.563,8176,8021,155,,ok
max sequences 128 - repeat 3,vLLM max sequences,max sequences,128.0,3,175.046,8241,8049,192,,ok
max sequences 128 - repeat 3,vLLM max sequences,max sequences,128.0,3,175.51,8257,8065,192,,ok
max sequences 128 - repeat 3,vLLM max sequences,max sequences,128.0,3,176.038,8285,8094,191,,ok
max sequences 128 - repeat 3,vLLM max sequences,max sequences,128.0,3,176.527,8291,8099,192,,ok
max sequences 128 - repeat 3,vLLM max sequences,max sequences,128.0,3,177.002,8341,8162,179,,ok
max sequences 128 - repeat 3,vLLM max sequences,max sequences,128.0,3,177.509,8369,8177,192,,ok
max sequences 128 - repeat 3,vLLM max sequences,max sequences,128.0,3,178.016,8385,8193,192,,ok
max sequences 128 - repeat 3,vLLM max sequences,max sequences,128.0,3,178.525,8413,8222,191,,ok
max sequences 128 - repeat 3,vLLM max sequences,max sequences,128.0,3,179.027,8419,8229,190,,ok
max sequences 128 - repeat 3,vLLM max sequences,max sequences,128.0,3,179.54,8471,8290,181,,ok
max sequences 160 - repeat 1,vLLM max sequences,max sequences,160.0,1,0.0,0,0,0,,ok
max sequences 160 - repeat 1,vLLM max sequences,max sequences,160.0,1,0.51,3,0,3,,ok
max sequences 160 - repeat 1,vLLM max sequences,max sequences,160.0,1,1.018,6,0,6,,ok
max sequences 160 - repeat 1,vLLM max sequences,max sequences,160.0,1,1.529,10,1,9,,ok
max sequences 160 - repeat 1,vLLM max sequences,max sequences,160.0,1,2.003,13,1,12,,ok
max sequences 160 - repeat 1,vLLM max sequences,max sequences,160.0,1,2.523,24,8,16,,ok
max sequences 160 - repeat 1,vLLM max sequences,max sequences,160.0,1,3.041,27,8,19,,ok
max sequences 160 - repeat 1,vLLM max sequences,max sequences,160.0,1,3.5,30,8,22,,ok
max sequences 160 - repeat 1,vLLM max sequences,max sequences,160.0,1,4.009,33,8,25,,ok
max sequences 160 - repeat 1,vLLM max sequences,max sequences,160.0,1,4.52,37,8,29,,ok
max sequences 160 - repeat 1,vLLM max sequences,max sequences,160.0,1,5.027,40,8,32,,ok
max sequences 160 - repeat 1,vLLM max sequences,max sequences,160.0,1,5.532,46,11,35,,ok
max sequences 160 - repeat 1,vLLM max sequences,max sequences,160.0,1,6.04,73,35,38,,ok
max sequences 160 - repeat 1,vLLM max sequences,max sequences,160.0,1,6.501,76,35,41,,ok
max sequences 160 - repeat 1,vLLM max sequences,max sequences,160.0,1,7.009,80,35,45,,ok
max sequences 160 - repeat 1,vLLM max sequences,max sequences,160.0,1,7.519,83,35,48,,ok
max sequences 160 - repeat 1,vLLM max sequences,max sequences,160.0,1,8.027,88,37,51,,ok
max sequences 160 - repeat 1,vLLM max sequences,max sequences,160.0,1,8.536,92,38,54,,ok
max sequences 160 - repeat 1,vLLM max sequences,max sequences,160.0,1,9.042,102,44,58,,ok
max sequences 160 - repeat 1,vLLM max sequences,max sequences,160.0,1,9.55,143,82,61,,ok
max sequences 160 - repeat 1,vLLM max sequences,max sequences,160.0,1,10.012,146,82,64,,ok
max sequences 160 - repeat 1,vLLM max sequences,max sequences,160.0,1,10.519,155,89,66,,ok
max sequences 160 - repeat 1,vLLM max sequences,max sequences,160.0,1,11.029,165,99,66,,ok
max sequences 160 - repeat 1,vLLM max sequences,max sequences,160.0,1,11.54,173,99,74,,ok
max sequences 160 - repeat 1,vLLM max sequences,max sequences,160.0,1,12.009,176,99,77,,ok
max sequences 160 - repeat 1,vLLM max sequences,max sequences,160.0,1,12.543,179,99,80,,ok
max sequences 160 - repeat 1,vLLM max sequences,max sequences,160.0,1,13.0,183,100,83,,ok
max sequences 160 - repeat 1,vLLM max sequences,max sequences,160.0,1,13.51,187,101,86,,ok
max sequences 160 - repeat 1,vLLM max sequences,max sequences,160.0,1,14.019,251,162,89,,ok
max sequences 160 - repeat 1,vLLM max sequences,max sequences,160.0,1,14.528,256,163,93,,ok
max sequences 160 - repeat 1,vLLM max sequences,max sequences,160.0,1,15.037,259,163,96,,ok
max sequences 160 - repeat 1,vLLM max sequences,max sequences,160.0,1,15.546,272,173,99,,ok
max sequences 160 - repeat 1,vLLM max sequences,max sequences,160.0,1,16.005,275,173,102,,ok
max sequences 160 - repeat 1,vLLM max sequences,max sequences,160.0,1,16.512,280,175,105,,ok
max sequences 160 - repeat 1,vLLM max sequences,max sequences,160.0,1,17.022,284,175,109,,ok
max sequences 160 - repeat 1,vLLM max sequences,max sequences,160.0,1,17.532,287,175,112,,ok
max sequences 160 - repeat 1,vLLM max sequences,max sequences,160.0,1,18.049,290,175,115,,ok
max sequences 160 - repeat 1,vLLM max sequences,max sequences,160.0,1,18.513,295,177,118,,ok
max sequences 160 - repeat 1,vLLM max sequences,max sequences,160.0,1,19.042,379,257,122,,ok
max sequences 160 - repeat 1,vLLM max sequences,max sequences,160.0,1,19.55,398,273,125,,ok
max sequences 160 - repeat 1,vLLM max sequences,max sequences,160.0,1,20.01,401,273,128,,ok
max sequences 160 - repeat 1,vLLM max sequences,max sequences,160.0,1,20.521,404,273,131,,ok
max sequences 160 - repeat 1,vLLM max sequences,max sequences,160.0,1,21.031,407,273,134,,ok
max sequences 160 - repeat 1,vLLM max sequences,max sequences,160.0,1,21.542,411,273,138,,ok
max sequences 160 - repeat 1,vLLM max sequences,max sequences,160.0,1,22.013,414,273,141,,ok
max sequences 160 - repeat 1,vLLM max sequences,max sequences,160.0,1,22.536,417,275,142,,ok
max sequences 160 - repeat 1,vLLM max sequences,max sequences,160.0,1,23.055,435,288,147,,ok
max sequences 160 - repeat 1,vLLM max sequences,max sequences,160.0,1,23.547,439,289,150,,ok
max sequences 160 - repeat 1,vLLM max sequences,max sequences,160.0,1,24.018,442,289,153,,ok
max sequences 160 - repeat 1,vLLM max sequences,max sequences,160.0,1,24.542,446,289,157,,ok
max sequences 160 - repeat 1,vLLM max sequences,max sequences,160.0,1,25.011,451,291,160,,ok
max sequences 160 - repeat 1,vLLM max sequences,max sequences,160.0,1,25.52,462,300,162,,ok
max sequences 160 - repeat 1,vLLM max sequences,max sequences,160.0,1,26.041,466,300,166,,ok
max sequences 160 - repeat 1,vLLM max sequences,max sequences,160.0,1,26.5,561,392,169,,ok
max sequences 160 - repeat 1,vLLM max sequences,max sequences,160.0,1,27.009,585,412,173,,ok
max sequences 160 - repeat 1,vLLM max sequences,max sequences,160.0,1,27.519,589,413,176,,ok
max sequences 160 - repeat 1,vLLM max sequences,max sequences,160.0,1,28.029,593,414,179,,ok
max sequences 160 - repeat 1,vLLM max sequences,max sequences,160.0,1,28.543,621,442,179,,ok
max sequences 160 - repeat 1,vLLM max sequences,max sequences,160.0,1,29.001,629,444,185,,ok
max sequences 160 - repeat 1,vLLM max sequences,max sequences,160.0,1,29.513,634,445,189,,ok
max sequences 160 - repeat 1,vLLM max sequences,max sequences,160.0,1,30.04,701,509,192,,ok
max sequences 160 - repeat 1,vLLM max sequences,max sequences,160.0,1,30.549,733,541,192,,ok
max sequences 160 - repeat 1,vLLM max sequences,max sequences,160.0,1,31.007,765,573,192,,ok
max sequences 160 - repeat 1,vLLM max sequences,max sequences,160.0,1,31.523,765,573,192,,ok
max sequences 160 - repeat 1,vLLM max sequences,max sequences,160.0,1,32.019,766,574,192,,ok
max sequences 160 - repeat 1,vLLM max sequences,max sequences,160.0,1,32.549,795,603,192,,ok
max sequences 160 - repeat 1,vLLM max sequences,max sequences,160.0,1,33.04,796,605,191,,ok
max sequences 160 - repeat 1,vLLM max sequences,max sequences,160.0,1,33.519,814,622,192,,ok
max sequences 160 - repeat 1,vLLM max sequences,max sequences,160.0,1,34.01,844,652,192,,ok
max sequences 160 - repeat 1,vLLM max sequences,max sequences,160.0,1,34.526,891,699,192,,ok
max sequences 160 - repeat 1,vLLM max sequences,max sequences,160.0,1,35.001,925,733,192,,ok
max sequences 160 - repeat 1,vLLM max sequences,max sequences,160.0,1,35.511,925,733,192,,ok
max sequences 160 - repeat 1,vLLM max sequences,max sequences,160.0,1,36.025,926,734,192,,ok
max sequences 160 - repeat 1,vLLM max sequences,max sequences,160.0,1,36.533,955,763,192,,ok
max sequences 160 - repeat 1,vLLM max sequences,max sequences,160.0,1,37.017,957,765,192,,ok
max sequences 160 - repeat 1,vLLM max sequences,max sequences,160.0,1,37.527,978,786,192,,ok
max sequences 160 - repeat 1,vLLM max sequences,max sequences,160.0,1,38.036,989,797,192,,ok
max sequences 160 - repeat 1,vLLM max sequences,max sequences,160.0,1,38.546,1014,822,192,,ok
max sequences 160 - repeat 1,vLLM max sequences,max sequences,160.0,1,39.018,1036,844,192,,ok
max sequences 160 - repeat 1,vLLM max sequences,max sequences,160.0,1,39.527,1066,874,192,,ok
max sequences 160 - repeat 1,vLLM max sequences,max sequences,160.0,1,40.032,1086,894,192,,ok
max sequences 160 - repeat 1,vLLM max sequences,max sequences,160.0,1,40.548,1110,918,192,,ok
max sequences 160 - repeat 1,vLLM max sequences,max sequences,160.0,1,41.004,1116,924,192,,ok
max sequences 160 - repeat 1,vLLM max sequences,max sequences,160.0,1,41.551,1135,943,192,,ok
max sequences 160 - repeat 1,vLLM max sequences,max sequences,160.0,1,42.018,1174,982,192,,ok
max sequences 160 - repeat 1,vLLM max sequences,max sequences,160.0,1,42.542,1189,1004,185,,ok
max sequences 160 - repeat 1,vLLM max sequences,max sequences,160.0,1,43.002,1196,1004,192,,ok
max sequences 160 - repeat 1,vLLM max sequences,max sequences,160.0,1,43.524,1245,1054,191,,ok
max sequences 160 - repeat 1,vLLM max sequences,max sequences,160.0,1,44.058,1253,1071,182,,ok
max sequences 160 - repeat 1,vLLM max sequences,max sequences,160.0,1,44.519,1275,1083,192,,ok
max sequences 160 - repeat 1,vLLM max sequences,max sequences,160.0,1,45.034,1277,1085,192,,ok
max sequences 160 - repeat 1,vLLM max sequences,max sequences,160.0,1,45.501,1301,1117,184,,ok
max sequences 160 - repeat 1,vLLM max sequences,max sequences,160.0,1,46.01,1371,1179,192,,ok
max sequences 160 - repeat 1,vLLM max sequences,max sequences,160.0,1,46.517,1388,1196,192,,ok
max sequences 160 - repeat 1,vLLM max sequences,max sequences,160.0,1,47.03,1406,1214,192,,ok
max sequences 160 - repeat 1,vLLM max sequences,max sequences,160.0,1,47.539,1430,1242,188,,ok
max sequences 160 - repeat 1,vLLM max sequences,max sequences,160.0,1,48.049,1436,1244,192,,ok
max sequences 160 - repeat 1,vLLM max sequences,max sequences,160.0,1,48.513,1455,1266,189,,ok
max sequences 160 - repeat 1,vLLM max sequences,max sequences,160.0,1,49.035,1501,1319,182,,ok
max sequences 160 - repeat 1,vLLM max sequences,max sequences,160.0,1,49.544,1563,1373,190,,ok
max sequences 160 - repeat 1,vLLM max sequences,max sequences,160.0,1,50.002,1565,1373,192,,ok
max sequences 160 - repeat 1,vLLM max sequences,max sequences,160.0,1,50.513,1572,1380,192,,ok
max sequences 160 - repeat 1,vLLM max sequences,max sequences,160.0,1,51.021,1595,1403,192,,ok
max sequences 160 - repeat 1,vLLM max sequences,max sequences,160.0,1,51.534,1597,1405,192,,ok
max sequences 160 - repeat 1,vLLM max sequences,max sequences,160.0,1,52.0,1623,1431,192,,ok
max sequences 160 - repeat 1,vLLM max sequences,max sequences,160.0,1,52.53,1702,1511,191,,ok
max sequences 160 - repeat 1,vLLM max sequences,max sequences,160.0,1,53.012,1718,1526,192,,ok
max sequences 160 - repeat 1,vLLM max sequences,max sequences,160.0,1,53.55,1726,1534,192,,ok
max sequences 160 - repeat 1,vLLM max sequences,max sequences,160.0,1,54.032,1750,1562,188,,ok
max sequences 160 - repeat 1,vLLM max sequences,max sequences,160.0,1,54.543,1755,1564,191,,ok
max sequences 160 - repeat 1,vLLM max sequences,max sequences,160.0,1,55.007,1772,1583,189,,ok
max sequences 160 - repeat 1,vLLM max sequences,max sequences,160.0,1,55.515,1810,1618,192,,ok
max sequences 160 - repeat 1,vLLM max sequences,max sequences,160.0,1,56.023,1810,1629,181,,ok
max sequences 160 - repeat 1,vLLM max sequences,max sequences,160.0,1,56.547,1885,1693,192,,ok
max sequences 160 - repeat 1,vLLM max sequences,max sequences,160.0,1,57.003,1886,1694,192,,ok
max sequences 160 - repeat 1,vLLM max sequences,max sequences,160.0,1,57.512,1915,1723,192,,ok
max sequences 160 - repeat 1,vLLM max sequences,max sequences,160.0,1,58.019,1917,1725,192,,ok
max sequences 160 - repeat 1,vLLM max sequences,max sequences,160.0,1,58.534,1941,1751,190,,ok
max sequences 160 - repeat 1,vLLM max sequences,max sequences,160.0,1,59.043,2005,1821,184,,ok
max sequences 160 - repeat 1,vLLM max sequences,max sequences,160.0,1,59.501,2045,1853,192,,ok
max sequences 160 - repeat 1,vLLM max sequences,max sequences,160.0,1,60.01,2045,1853,192,,ok
max sequences 160 - repeat 1,vLLM max sequences,max sequences,160.0,1,60.526,2046,1854,192,,ok
max sequences 160 - repeat 1,vLLM max sequences,max sequences,160.0,1,61.035,2070,1882,188,,ok
max sequences 160 - repeat 1,vLLM max sequences,max sequences,160.0,1,61.546,2076,1884,192,,ok
max sequences 160 - repeat 1,vLLM max sequences,max sequences,160.0,1,62.026,2095,1903,192,,ok
max sequences 160 - repeat 1,vLLM max sequences,max sequences,160.0,1,62.517,2135,1949,186,,ok
max sequences 160 - repeat 1,vLLM max sequences,max sequences,160.0,1,63.017,2205,2013,192,,ok
max sequences 160 - repeat 1,vLLM max sequences,max sequences,160.0,1,63.544,2208,2020,188,,ok
max sequences 160 - repeat 1,vLLM max sequences,max sequences,160.0,1,64.003,2235,2043,192,,ok
max sequences 160 - repeat 1,vLLM max sequences,max sequences,160.0,1,64.528,2237,2045,192,,ok
max sequences 160 - repeat 1,vLLM max sequences,max sequences,160.0,1,65.042,2261,2071,190,,ok
max sequences 160 - repeat 1,vLLM max sequences,max sequences,160.0,1,65.5,2322,2132,190,,ok
max sequences 160 - repeat 1,vLLM max sequences,max sequences,160.0,1,66.009,2326,2134,192,,ok
max sequences 160 - repeat 1,vLLM max sequences,max sequences,160.0,1,66.519,2366,2174,192,,ok
max sequences 160 - repeat 1,vLLM max sequences,max sequences,160.0,1,67.01,2368,2188,180,,ok
max sequences 160 - repeat 1,vLLM max sequences,max sequences,160.0,1,67.543,2395,2204,191,,ok
max sequences 160 - repeat 1,vLLM max sequences,max sequences,160.0,1,68.002,2397,2205,192,,ok
max sequences 160 - repeat 1,vLLM max sequences,max sequences,160.0,1,68.512,2423,2231,192,,ok
max sequences 160 - repeat 1,vLLM max sequences,max sequences,160.0,1,69.022,2526,2334,192,,ok
max sequences 160 - repeat 1,vLLM max sequences,max sequences,160.0,1,69.534,2526,2334,192,,ok
max sequences 160 - repeat 1,vLLM max sequences,max sequences,160.0,1,70.043,2526,2334,192,,ok
max sequences 160 - repeat 1,vLLM max sequences,max sequences,160.0,1,70.501,2526,2334,192,,ok
max sequences 160 - repeat 1,vLLM max sequences,max sequences,160.0,1,71.01,2532,2351,181,,ok
max sequences 160 - repeat 1,vLLM max sequences,max sequences,160.0,1,71.539,2555,2364,191,,ok
max sequences 160 - repeat 1,vLLM max sequences,max sequences,160.0,1,72.037,2557,2365,192,,ok
max sequences 160 - repeat 1,vLLM max sequences,max sequences,160.0,1,72.512,2583,2394,189,,ok
max sequences 160 - repeat 1,vLLM max sequences,max sequences,160.0,1,73.048,2624,2432,192,,ok
max sequences 160 - repeat 1,vLLM max sequences,max sequences,160.0,1,73.522,2640,2463,177,,ok
max sequences 160 - repeat 1,vLLM max sequences,max sequences,160.0,1,74.047,2674,2482,192,,ok
max sequences 160 - repeat 1,vLLM max sequences,max sequences,160.0,1,74.515,2686,2496,190,,ok
max sequences 160 - repeat 1,vLLM max sequences,max sequences,160.0,1,75.024,2714,2523,191,,ok
max sequences 160 - repeat 1,vLLM max sequences,max sequences,160.0,1,75.534,2717,2525,192,,ok
max sequences 160 - repeat 1,vLLM max sequences,max sequences,160.0,1,76.042,2738,2546,192,,ok
max sequences 160 - repeat 1,vLLM max sequences,max sequences,160.0,1,76.547,2750,2561,189,,ok
max sequences 160 - repeat 1,vLLM max sequences,max sequences,160.0,1,77.005,2829,2637,192,,ok
max sequences 160 - repeat 1,vLLM max sequences,max sequences,160.0,1,77.514,2846,2654,192,,ok
max sequences 160 - repeat 1,vLLM max sequences,max sequences,160.0,1,78.027,2852,2671,181,,ok
max sequences 160 - repeat 1,vLLM max sequences,max sequences,160.0,1,78.501,2875,2683,192,,ok
max sequences 160 - repeat 1,vLLM max sequences,max sequences,160.0,1,79.021,2877,2685,192,,ok
max sequences 160 - repeat 1,vLLM max sequences,max sequences,160.0,1,79.529,2909,2717,192,,ok
max sequences 160 - repeat 1,vLLM max sequences,max sequences,160.0,1,80.045,2945,2753,192,,ok
max sequences 160 - repeat 1,vLLM max sequences,max sequences,160.0,1,80.502,3006,2814,192,,ok
max sequences 160 - repeat 1,vLLM max sequences,max sequences,160.0,1,81.014,3006,2814,192,,ok
max sequences 160 - repeat 1,vLLM max sequences,max sequences,160.0,1,81.531,3007,2818,189,,ok
max sequences 160 - repeat 1,vLLM max sequences,max sequences,160.0,1,82.046,3035,2843,192,,ok
max sequences 160 - repeat 1,vLLM max sequences,max sequences,160.0,1,82.516,3037,2845,192,,ok
max sequences 160 - repeat 1,vLLM max sequences,max sequences,160.0,1,83.043,3058,2866,192,,ok
max sequences 160 - repeat 1,vLLM max sequences,max sequences,160.0,1,83.542,3073,2881,192,,ok
max sequences 160 - repeat 1,vLLM max sequences,max sequences,160.0,1,84.023,3101,2909,192,,ok
max sequences 160 - repeat 1,vLLM max sequences,max sequences,160.0,1,84.537,3166,2974,192,,ok
max sequences 160 - repeat 1,vLLM max sequences,max sequences,160.0,1,85.045,3182,2991,191,,ok
max sequences 160 - repeat 1,vLLM max sequences,max sequences,160.0,1,85.518,3196,3004,192,,ok
max sequences 160 - repeat 1,vLLM max sequences,max sequences,160.0,1,86.029,3197,3008,189,,ok
max sequences 160 - repeat 1,vLLM max sequences,max sequences,160.0,1,86.539,3229,3038,191,,ok
max sequences 160 - repeat 1,vLLM max sequences,max sequences,160.0,1,87.047,3264,3073,191,,ok
max sequences 160 - repeat 1,vLLM max sequences,max sequences,160.0,1,87.502,3304,3124,180,,ok
max sequences 160 - repeat 1,vLLM max sequences,max sequences,160.0,1,88.011,3343,3153,190,,ok
max sequences 160 - repeat 1,vLLM max sequences,max sequences,160.0,1,88.52,3356,3164,192,,ok
max sequences 160 - repeat 1,vLLM max sequences,max sequences,160.0,1,89.032,3357,3180,177,,ok
max sequences 160 - repeat 1,vLLM max sequences,max sequences,160.0,1,89.502,3390,3198,192,,ok
max sequences 160 - repeat 1,vLLM max sequences,max sequences,160.0,1,90.019,3422,3230,192,,ok
max sequences 160 - repeat 1,vLLM max sequences,max sequences,160.0,1,90.526,3486,3294,192,,ok
max sequences 160 - repeat 1,vLLM max sequences,max sequences,160.0,1,91.036,3510,3318,192,,ok
max sequences 160 - repeat 1,vLLM max sequences,max sequences,160.0,1,91.549,3516,3324,192,,ok
max sequences 160 - repeat 1,vLLM max sequences,max sequences,160.0,1,92.017,3520,3343,177,,ok
max sequences 160 - repeat 1,vLLM max sequences,max sequences,160.0,1,92.54,3550,3358,192,,ok
max sequences 160 - repeat 1,vLLM max sequences,max sequences,160.0,1,93.025,3584,3397,187,,ok
max sequences 160 - repeat 1,vLLM max sequences,max sequences,160.0,1,93.516,3646,3454,192,,ok
max sequences 160 - repeat 1,vLLM max sequences,max sequences,160.0,1,94.042,3674,3482,192,,ok
max sequences 160 - repeat 1,vLLM max sequences,max sequences,160.0,1,94.507,3677,3485,192,,ok
max sequences 160 - repeat 1,vLLM max sequences,max sequences,160.0,1,95.018,3680,3506,174,,ok
max sequences 160 - repeat 1,vLLM max sequences,max sequences,160.0,1,95.527,3710,3518,192,,ok
max sequences 160 - repeat 1,vLLM max sequences,max sequences,160.0,1,96.036,3764,3581,183,,ok
max sequences 160 - repeat 1,vLLM max sequences,max sequences,160.0,1,96.544,3808,3616,192,,ok
max sequences 160 - repeat 1,vLLM max sequences,max sequences,160.0,1,97.003,3835,3643,192,,ok
max sequences 160 - repeat 1,vLLM max sequences,max sequences,160.0,1,97.561,3837,3645,192,,ok
max sequences 160 - repeat 1,vLLM max sequences,max sequences,160.0,1,98.045,3858,3669,189,,ok
max sequences 160 - repeat 1,vLLM max sequences,max sequences,160.0,1,98.502,3870,3687,183,,ok
max sequences 160 - repeat 1,vLLM max sequences,max sequences,160.0,1,99.012,3924,3744,180,,ok
max sequences 160 - repeat 1,vLLM max sequences,max sequences,160.0,1,99.521,3968,3788,180,,ok
max sequences 160 - repeat 1,vLLM max sequences,max sequences,160.0,1,100.028,3995,3804,191,,ok
max sequences 160 - repeat 1,vLLM max sequences,max sequences,160.0,1,100.536,3997,3805,192,,ok
max sequences 160 - repeat 1,vLLM max sequences,max sequences,160.0,1,101.014,4021,3831,190,,ok
max sequences 160 - repeat 1,vLLM max sequences,max sequences,160.0,1,101.524,4059,3869,190,,ok
max sequences 160 - repeat 1,vLLM max sequences,max sequences,160.0,1,102.025,4101,3924,177,,ok
max sequences 160 - repeat 1,vLLM max sequences,max sequences,160.0,1,102.547,4141,3951,190,,ok
max sequences 160 - repeat 1,vLLM max sequences,max sequences,160.0,1,103.02,4155,3964,191,,ok
max sequences 160 - repeat 1,vLLM max sequences,max sequences,160.0,1,103.54,4157,3968,189,,ok
max sequences 160 - repeat 1,vLLM max sequences,max sequences,160.0,1,104.206,4183,3998,185,,ok
max sequences 160 - repeat 1,vLLM max sequences,max sequences,160.0,1,104.528,4220,4029,191,,ok
max sequences 160 - repeat 1,vLLM max sequences,max sequences,160.0,1,105.057,4224,4032,192,,ok
max sequences 160 - repeat 1,vLLM max sequences,max sequences,160.0,1,105.539,4278,4086,192,,ok
max sequences 160 - repeat 1,vLLM max sequences,max sequences,160.0,1,106.049,4286,4094,192,,ok
max sequences 160 - repeat 1,vLLM max sequences,max sequences,160.0,1,106.508,4310,4122,188,,ok
max sequences 160 - repeat 1,vLLM max sequences,max sequences,160.0,1,107.001,4316,4125,191,,ok
max sequences 160 - repeat 1,vLLM max sequences,max sequences,160.0,1,107.521,4335,4146,189,,ok
max sequences 160 - repeat 1,vLLM max sequences,max sequences,160.0,1,108.029,4350,4158,192,,ok
max sequences 160 - repeat 1,vLLM max sequences,max sequences,160.0,1,108.551,4406,4221,185,,ok
max sequences 160 - repeat 1,vLLM max sequences,max sequences,160.0,1,109.008,4448,4256,192,,ok
max sequences 160 - repeat 1,vLLM max sequences,max sequences,160.0,1,109.513,4475,4283,192,,ok
max sequences 160 - repeat 1,vLLM max sequences,max sequences,160.0,1,110.022,4477,4285,192,,ok
max sequences 160 - repeat 1,vLLM max sequences,max sequences,160.0,1,110.548,4498,4309,189,,ok
max sequences 160 - repeat 1,vLLM max sequences,max sequences,160.0,1,111.006,4510,4318,192,,ok
max sequences 160 - repeat 1,vLLM max sequences,max sequences,160.0,1,111.52,4598,4406,192,,ok
max sequences 160 - repeat 1,vLLM max sequences,max sequences,160.0,1,112.074,4598,4414,184,,ok
max sequences 160 - repeat 1,vLLM max sequences,max sequences,160.0,1,112.543,4606,4414,192,,ok
max sequences 160 - repeat 1,vLLM max sequences,max sequences,160.0,1,113.021,4630,4442,188,,ok
max sequences 160 - repeat 1,vLLM max sequences,max sequences,160.0,1,113.524,4636,4445,191,,ok
max sequences 160 - repeat 1,vLLM max sequences,max sequences,160.0,1,114.03,4647,4466,181,,ok
max sequences 160 - repeat 1,vLLM max sequences,max sequences,160.0,1,114.528,4670,4478,192,,ok
max sequences 160 - repeat 1,vLLM max sequences,max sequences,160.0,1,115.041,4705,4528,177,,ok
max sequences 160 - repeat 1,vLLM max sequences,max sequences,160.0,1,115.514,4766,4574,192,,ok
max sequences 160 - repeat 1,vLLM max sequences,max sequences,160.0,1,116.042,4795,4603,192,,ok
max sequences 160 - repeat 1,vLLM max sequences,max sequences,160.0,1,116.514,4797,4605,192,,ok
max sequences 160 - repeat 1,vLLM max sequences,max sequences,160.0,1,117.022,4818,4626,192,,ok
max sequences 160 - repeat 1,vLLM max sequences,max sequences,160.0,1,117.502,4830,4641,189,,ok
max sequences 160 - repeat 1,vLLM max sequences,max sequences,160.0,1,118.028,4894,4702,192,,ok
max sequences 160 - repeat 1,vLLM max sequences,max sequences,160.0,1,118.535,4932,4746,186,,ok
max sequences 160 - repeat 1,vLLM max sequences,max sequences,160.0,1,119.0,4955,4763,192,,ok
max sequences 160 - repeat 1,vLLM max sequences,max sequences,160.0,1,119.739,4957,4766,191,,ok
max sequences 160 - repeat 1,vLLM max sequences,max sequences,160.0,1,120.034,4983,4791,192,,ok
max sequences 160 - repeat 1,vLLM max sequences,max sequences,160.0,1,120.548,5015,4830,185,,ok
max sequences 160 - repeat 1,vLLM max sequences,max sequences,160.0,1,121.009,5054,4877,177,,ok
max sequences 160 - repeat 1,vLLM max sequences,max sequences,160.0,1,121.522,5100,4911,189,,ok
max sequences 160 - repeat 1,vLLM max sequences,max sequences,160.0,1,122.155,5116,4924,192,,ok
max sequences 160 - repeat 1,vLLM max sequences,max sequences,160.0,1,122.538,5120,4928,192,,ok
max sequences 160 - repeat 1,vLLM max sequences,max sequences,160.0,1,123.034,5150,4958,192,,ok
max sequences 160 - repeat 1,vLLM max sequences,max sequences,160.0,1,123.523,5182,4990,192,,ok
max sequences 160 - repeat 1,vLLM max sequences,max sequences,160.0,1,124.014,5229,5037,192,,ok
max sequences 160 - repeat 1,vLLM max sequences,max sequences,160.0,1,124.534,5245,5053,192,,ok
max sequences 160 - repeat 1,vLLM max sequences,max sequences,160.0,1,125.043,5263,5082,181,,ok
max sequences 160 - repeat 1,vLLM max sequences,max sequences,160.0,1,125.504,5276,5084,192,,ok
max sequences 160 - repeat 1,vLLM max sequences,max sequences,160.0,1,126.019,5292,5100,192,,ok
max sequences 160 - repeat 1,vLLM max sequences,max sequences,160.0,1,126.529,5310,5118,192,,ok
max sequences 160 - repeat 1,vLLM max sequences,max sequences,160.0,1,127.037,5345,5153,192,,ok
max sequences 160 - repeat 1,vLLM max sequences,max sequences,160.0,1,127.544,5435,5243,192,,ok
max sequences 160 - repeat 1,vLLM max sequences,max sequences,160.0,1,128.003,5436,5244,192,,ok
max sequences 160 - repeat 1,vLLM max sequences,max sequences,160.0,1,128.512,5436,5244,192,,ok
max sequences 160 - repeat 1,vLLM max sequences,max sequences,160.0,1,129.021,5436,5244,192,,ok
max sequences 160 - repeat 1,vLLM max sequences,max sequences,160.0,1,129.53,5437,5245,192,,ok
max sequences 160 - repeat 1,vLLM max sequences,max sequences,160.0,1,130.038,5463,5277,186,,ok
max sequences 160 - repeat 1,vLLM max sequences,max sequences,160.0,1,130.545,5502,5310,192,,ok
max sequences 160 - repeat 1,vLLM max sequences,max sequences,160.0,1,131.0,5534,5342,192,,ok
max sequences 160 - repeat 1,vLLM max sequences,max sequences,160.0,1,131.545,5541,5357,184,,ok
max sequences 160 - repeat 1,vLLM max sequences,max sequences,160.0,1,132.021,5596,5404,192,,ok
max sequences 160 - repeat 1,vLLM max sequences,max sequences,160.0,1,132.501,5600,5408,192,,ok
max sequences 160 - repeat 1,vLLM max sequences,max sequences,160.0,1,133.02,5630,5438,192,,ok
max sequences 160 - repeat 1,vLLM max sequences,max sequences,160.0,1,133.506,5662,5470,192,,ok
max sequences 160 - repeat 1,vLLM max sequences,max sequences,160.0,1,134.028,5694,5502,192,,ok
max sequences 160 - repeat 1,vLLM max sequences,max sequences,160.0,1,134.528,5726,5538,188,,ok
max sequences 160 - repeat 1,vLLM max sequences,max sequences,160.0,1,135.036,5757,5565,192,,ok
max sequences 160 - repeat 1,vLLM max sequences,max sequences,160.0,1,135.5,5772,5586,186,,ok
max sequences 160 - repeat 1,vLLM max sequences,max sequences,160.0,1,136.008,5790,5598,192,,ok
max sequences 160 - repeat 1,vLLM max sequences,max sequences,160.0,1,136.521,5825,5633,192,,ok
max sequences 160 - repeat 1,vLLM max sequences,max sequences,160.0,1,137.028,5856,5664,192,,ok
max sequences 160 - repeat 1,vLLM max sequences,max sequences,160.0,1,137.534,5896,5704,192,,ok
max sequences 160 - repeat 1,vLLM max sequences,max sequences,160.0,1,138.077,5917,5725,192,,ok
max sequences 160 - repeat 1,vLLM max sequences,max sequences,160.0,1,138.536,5941,5751,190,,ok
max sequences 160 - repeat 1,vLLM max sequences,max sequences,160.0,1,139.179,5968,5790,178,,ok
max sequences 160 - repeat 1,vLLM max sequences,max sequences,160.0,1,139.533,6014,5822,192,,ok
max sequences 160 - repeat 1,vLLM max sequences,max sequences,160.0,1,140.044,6021,5832,189,,ok
max sequences 160 - repeat 1,vLLM max sequences,max sequences,160.0,1,140.511,6076,5884,192,,ok
max sequences 160 - repeat 1,vLLM max sequences,max sequences,160.0,1,141.021,6078,5888,190,,ok
max sequences 160 - repeat 1,vLLM max sequences,max sequences,160.0,1,141.57,6109,5918,191,,ok
max sequences 160 - repeat 1,vLLM max sequences,max sequences,160.0,1,142.055,6142,5950,192,,ok
max sequences 160 - repeat 1,vLLM max sequences,max sequences,160.0,1,142.615,6174,5984,190,,ok
max sequences 160 - repeat 1,vLLM max sequences,max sequences,160.0,1,143.041,6189,6018,171,,ok
max sequences 160 - repeat 1,vLLM max sequences,max sequences,160.0,1,143.536,6236,6044,192,,ok
max sequences 160 - repeat 1,vLLM max sequences,max sequences,160.0,1,144.032,6255,6063,192,,ok
max sequences 160 - repeat 1,vLLM max sequences,max sequences,160.0,1,144.545,6270,6078,192,,ok
max sequences 160 - repeat 1,vLLM max sequences,max sequences,160.0,1,145.041,6315,6123,192,,ok
max sequences 160 - repeat 1,vLLM max sequences,max sequences,160.0,1,145.507,6336,6145,191,,ok
max sequences 160 - repeat 1,vLLM max sequences,max sequences,160.0,1,146.017,6373,6184,189,,ok
max sequences 160 - repeat 1,vLLM max sequences,max sequences,160.0,1,146.53,6397,6205,192,,ok
max sequences 160 - repeat 1,vLLM max sequences,max sequences,160.0,1,147.041,6418,6229,189,,ok
max sequences 160 - repeat 1,vLLM max sequences,max sequences,160.0,1,147.553,6433,6263,170,,ok
max sequences 160 - repeat 1,vLLM max sequences,max sequences,160.0,1,148.014,6488,6296,192,,ok
max sequences 160 - repeat 1,vLLM max sequences,max sequences,160.0,1,148.527,6498,6309,189,,ok
max sequences 160 - repeat 1,vLLM max sequences,max sequences,160.0,1,149.036,6556,6364,192,,ok
max sequences 160 - repeat 1,vLLM max sequences,max sequences,160.0,1,149.548,6557,6368,189,,ok
max sequences 160 - repeat 1,vLLM max sequences,max sequences,160.0,1,150.004,6583,6397,186,,ok
max sequences 160 - repeat 1,vLLM max sequences,max sequences,160.0,1,150.517,6619,6430,189,,ok
max sequences 160 - repeat 1,vLLM max sequences,max sequences,160.0,1,151.041,6654,6462,192,,ok
max sequences 160 - repeat 1,vLLM max sequences,max sequences,160.0,1,151.551,6664,6482,182,,ok
max sequences 160 - repeat 1,vLLM max sequences,max sequences,160.0,1,152.018,6716,6524,192,,ok
max sequences 160 - repeat 1,vLLM max sequences,max sequences,160.0,1,152.543,6732,6543,189,,ok
max sequences 160 - repeat 1,vLLM max sequences,max sequences,160.0,1,153.023,6750,6558,192,,ok
max sequences 160 - repeat 1,vLLM max sequences,max sequences,160.0,1,153.504,6782,6590,192,,ok
max sequences 160 - repeat 1,vLLM max sequences,max sequences,160.0,1,154.038,6814,6624,190,,ok
max sequences 160 - repeat 1,vLLM max sequences,max sequences,160.0,1,154.529,6835,6643,192,,ok
max sequences 160 - repeat 1,vLLM max sequences,max sequences,160.0,1,155.018,6876,6685,191,,ok
max sequences 160 - repeat 1,vLLM max sequences,max sequences,160.0,1,155.533,6898,6706,192,,ok
max sequences 160 - repeat 1,vLLM max sequences,max sequences,160.0,1,156.041,6910,6718,192,,ok
max sequences 160 - repeat 1,vLLM max sequences,max sequences,160.0,1,156.504,6943,6763,180,,ok
max sequences 160 - repeat 1,vLLM max sequences,max sequences,160.0,1,157.034,6977,6786,191,,ok
max sequences 160 - repeat 1,vLLM max sequences,max sequences,160.0,1,157.544,7013,6835,178,,ok
max sequences 160 - repeat 1,vLLM max sequences,max sequences,160.0,1,158.003,7037,6845,192,,ok
max sequences 160 - repeat 1,vLLM max sequences,max sequences,160.0,1,158.528,7058,6866,192,,ok
max sequences 160 - repeat 1,vLLM max sequences,max sequences,160.0,1,159.043,7073,6881,192,,ok
max sequences 160 - repeat 1,vLLM max sequences,max sequences,160.0,1,159.502,7126,6936,190,,ok
max sequences 160 - repeat 1,vLLM max sequences,max sequences,160.0,1,160.02,7138,6949,189,,ok
max sequences 160 - repeat 1,vLLM max sequences,max sequences,160.0,1,160.527,7187,7000,187,,ok
max sequences 160 - repeat 1,vLLM max sequences,max sequences,160.0,1,161.037,7197,7005,192,,ok
max sequences 160 - repeat 1,vLLM max sequences,max sequences,160.0,1,161.521,7223,7037,186,,ok
max sequences 160 - repeat 1,vLLM max sequences,max sequences,160.0,1,162.058,7262,7070,192,,ok
max sequences 160 - repeat 1,vLLM max sequences,max sequences,160.0,1,162.569,7294,7102,192,,ok
max sequences 160 - repeat 1,vLLM max sequences,max sequences,160.0,1,163.043,7309,7117,192,,ok
max sequences 160 - repeat 1,vLLM max sequences,max sequences,160.0,1,163.534,7348,7164,184,,ok
max sequences 160 - repeat 1,vLLM max sequences,max sequences,160.0,1,164.002,7357,7166,191,,ok
max sequences 160 - repeat 1,vLLM max sequences,max sequences,160.0,1,164.564,7389,7198,191,,ok
max sequences 160 - repeat 1,vLLM max sequences,max sequences,160.0,1,165.023,7422,7230,192,,ok
max sequences 160 - repeat 1,vLLM max sequences,max sequences,160.0,1,165.531,7454,7262,192,,ok
max sequences 160 - repeat 1,vLLM max sequences,max sequences,160.0,1,166.039,7475,7283,192,,ok
max sequences 160 - repeat 1,vLLM max sequences,max sequences,160.0,1,166.515,7516,7324,192,,ok
max sequences 160 - repeat 1,vLLM max sequences,max sequences,160.0,1,167.022,7532,7343,189,,ok
max sequences 160 - repeat 1,vLLM max sequences,max sequences,160.0,1,167.538,7550,7358,192,,ok
max sequences 160 - repeat 1,vLLM max sequences,max sequences,160.0,1,168.009,7582,7393,189,,ok
max sequences 160 - repeat 1,vLLM max sequences,max sequences,160.0,1,168.517,7614,7424,190,,ok
max sequences 160 - repeat 1,vLLM max sequences,max sequences,160.0,1,169.036,7650,7464,186,,ok
max sequences 160 - repeat 1,vLLM max sequences,max sequences,160.0,1,169.544,7676,7484,192,,ok
max sequences 160 - repeat 1,vLLM max sequences,max sequences,160.0,1,170.011,7695,7503,192,,ok
max sequences 160 - repeat 1,vLLM max sequences,max sequences,160.0,1,170.523,7710,7518,192,,ok
max sequences 160 - repeat 1,vLLM max sequences,max sequences,160.0,1,171.035,7755,7563,192,,ok
max sequences 160 - repeat 1,vLLM max sequences,max sequences,160.0,1,171.72,7774,7592,182,,ok
max sequences 160 - repeat 1,vLLM max sequences,max sequences,160.0,1,172.001,7813,7624,189,,ok
max sequences 160 - repeat 1,vLLM max sequences,max sequences,160.0,1,172.504,7836,7645,191,,ok
max sequences 160 - repeat 1,vLLM max sequences,max sequences,160.0,1,173.032,7837,7666,171,,ok
max sequences 160 - repeat 1,vLLM max sequences,max sequences,160.0,1,173.856,7870,7701,169,,ok
max sequences 160 - repeat 1,vLLM max sequences,max sequences,160.0,1,174.076,7934,7742,192,,ok
max sequences 160 - repeat 1,vLLM max sequences,max sequences,160.0,1,174.554,7938,7746,192,,ok
max sequences 160 - repeat 1,vLLM max sequences,max sequences,160.0,1,175.019,7976,7794,182,,ok
max sequences 160 - repeat 1,vLLM max sequences,max sequences,160.0,1,175.549,7997,7805,192,,ok
max sequences 160 - repeat 1,vLLM max sequences,max sequences,160.0,1,176.007,8018,7826,192,,ok
max sequences 160 - repeat 1,vLLM max sequences,max sequences,160.0,1,176.515,8030,7838,192,,ok
max sequences 160 - repeat 1,vLLM max sequences,max sequences,160.0,1,177.033,8062,7870,192,,ok
max sequences 160 - repeat 1,vLLM max sequences,max sequences,160.0,1,177.55,8100,7908,192,,ok
max sequences 160 - repeat 1,vLLM max sequences,max sequences,160.0,1,178.009,8146,7954,192,,ok
max sequences 160 - repeat 1,vLLM max sequences,max sequences,160.0,1,178.519,8157,7965,192,,ok
max sequences 160 - repeat 1,vLLM max sequences,max sequences,160.0,1,179.03,8178,7991,187,,ok
max sequences 160 - repeat 1,vLLM max sequences,max sequences,160.0,1,179.541,8198,8023,175,,ok
max sequences 160 - repeat 2,vLLM max sequences,max sequences,160.0,2,0.001,0,0,0,,ok
max sequences 160 - repeat 2,vLLM max sequences,max sequences,160.0,2,0.511,3,0,3,,ok
max sequences 160 - repeat 2,vLLM max sequences,max sequences,160.0,2,1.024,6,0,6,,ok
max sequences 160 - repeat 2,vLLM max sequences,max sequences,160.0,2,1.547,10,0,10,,ok
max sequences 160 - repeat 2,vLLM max sequences,max sequences,160.0,2,2.019,18,5,13,,ok
max sequences 160 - repeat 2,vLLM max sequences,max sequences,160.0,2,2.55,22,6,16,,ok
max sequences 160 - repeat 2,vLLM max sequences,max sequences,160.0,2,3.013,25,6,19,,ok
max sequences 160 - repeat 2,vLLM max sequences,max sequences,160.0,2,3.535,28,6,22,,ok
max sequences 160 - repeat 2,vLLM max sequences,max sequences,160.0,2,4.008,32,7,25,,ok
max sequences 160 - repeat 2,vLLM max sequences,max sequences,160.0,2,4.543,38,11,27,,ok
max sequences 160 - repeat 2,vLLM max sequences,max sequences,160.0,2,5.025,56,24,32,,ok
max sequences 160 - repeat 2,vLLM max sequences,max sequences,160.0,2,5.543,63,28,35,,ok
max sequences 160 - repeat 2,vLLM max sequences,max sequences,160.0,2,6.001,66,28,38,,ok
max sequences 160 - repeat 2,vLLM max sequences,max sequences,160.0,2,6.509,69,28,41,,ok
max sequences 160 - repeat 2,vLLM max sequences,max sequences,160.0,2,7.029,76,32,44,,ok
max sequences 160 - repeat 2,vLLM max sequences,max sequences,160.0,2,7.545,84,38,46,,ok
max sequences 160 - repeat 2,vLLM max sequences,max sequences,160.0,2,8.006,89,38,51,,ok
max sequences 160 - repeat 2,vLLM max sequences,max sequences,160.0,2,8.524,92,38,54,,ok
max sequences 160 - repeat 2,vLLM max sequences,max sequences,160.0,2,9.045,126,68,58,,ok
max sequences 160 - repeat 2,vLLM max sequences,max sequences,160.0,2,9.522,130,69,61,,ok
max sequences 160 - repeat 2,vLLM max sequences,max sequences,160.0,2,10.029,135,71,64,,ok
max sequences 160 - repeat 2,vLLM max sequences,max sequences,160.0,2,10.533,147,80,67,,ok
max sequences 160 - repeat 2,vLLM max sequences,max sequences,160.0,2,11.05,161,91,70,,ok
max sequences 160 - repeat 2,vLLM max sequences,max sequences,160.0,2,11.531,164,91,73,,ok
max sequences 160 - repeat 2,vLLM max sequences,max sequences,160.0,2,12.021,168,91,77,,ok
max sequences 160 - repeat 2,vLLM max sequences,max sequences,160.0,2,12.529,173,94,79,,ok
max sequences 160 - repeat 2,vLLM max sequences,max sequences,160.0,2,13.038,177,94,83,,ok
max sequences 160 - repeat 2,vLLM max sequences,max sequences,160.0,2,13.522,215,129,86,,ok
max sequences 160 - repeat 2,vLLM max sequences,max sequences,160.0,2,14.035,218,129,89,,ok
max sequences 160 - repeat 2,vLLM max sequences,max sequences,160.0,2,14.511,226,137,89,,ok
max sequences 160 - repeat 2,vLLM max sequences,max sequences,160.0,2,15.029,238,145,93,,ok
max sequences 160 - repeat 2,vLLM max sequences,max sequences,160.0,2,15.509,267,168,99,,ok
max sequences 160 - repeat 2,vLLM max sequences,max sequences,160.0,2,16.019,270,168,102,,ok
max sequences 160 - repeat 2,vLLM max sequences,max sequences,160.0,2,16.528,273,168,105,,ok
max sequences 160 - repeat 2,vLLM max sequences,max sequences,160.0,2,17.012,277,170,107,,ok
max sequences 160 - repeat 2,vLLM max sequences,max sequences,160.0,2,17.542,287,176,111,,ok
max sequences 160 - repeat 2,vLLM max sequences,max sequences,160.0,2,18.004,291,176,115,,ok
max sequences 160 - repeat 2,vLLM max sequences,max sequences,160.0,2,18.546,335,217,118,,ok
max sequences 160 - repeat 2,vLLM max sequences,max sequences,160.0,2,19.018,338,217,121,,ok
max sequences 160 - repeat 2,vLLM max sequences,max sequences,160.0,2,19.541,343,218,125,,ok
max sequences 160 - repeat 2,vLLM max sequences,max sequences,160.0,2,20.018,346,218,128,,ok
max sequences 160 - repeat 2,vLLM max sequences,max sequences,160.0,2,20.549,354,223,131,,ok
max sequences 160 - repeat 2,vLLM max sequences,max sequences,160.0,2,21.03,366,232,134,,ok
max sequences 160 - repeat 2,vLLM max sequences,max sequences,160.0,2,21.511,369,232,137,,ok
max sequences 160 - repeat 2,vLLM max sequences,max sequences,160.0,2,22.031,373,232,141,,ok
max sequences 160 - repeat 2,vLLM max sequences,max sequences,160.0,2,22.542,377,233,144,,ok
max sequences 160 - repeat 2,vLLM max sequences,max sequences,160.0,2,23.007,420,274,146,,ok
max sequences 160 - repeat 2,vLLM max sequences,max sequences,160.0,2,23.528,424,274,150,,ok
max sequences 160 - repeat 2,vLLM max sequences,max sequences,160.0,2,24.01,428,275,153,,ok
max sequences 160 - repeat 2,vLLM max sequences,max sequences,160.0,2,24.517,475,318,157,,ok
max sequences 160 - repeat 2,vLLM max sequences,max sequences,160.0,2,25.042,498,342,156,,ok
max sequences 160 - repeat 2,vLLM max sequences,max sequences,160.0,2,25.551,508,345,163,,ok
max sequences 160 - repeat 2,vLLM max sequences,max sequences,160.0,2,26.022,511,345,166,,ok
max sequences 160 - repeat 2,vLLM max sequences,max sequences,160.0,2,26.516,516,347,169,,ok
max sequences 160 - repeat 2,vLLM max sequences,max sequences,160.0,2,27.027,532,359,173,,ok
max sequences 160 - repeat 2,vLLM max sequences,max sequences,160.0,2,27.52,552,376,176,,ok
max sequences 160 - repeat 2,vLLM max sequences,max sequences,160.0,2,28.049,555,376,179,,ok
max sequences 160 - repeat 2,vLLM max sequences,max sequences,160.0,2,28.506,561,380,181,,ok
max sequences 160 - repeat 2,vLLM max sequences,max sequences,160.0,2,29.019,590,405,185,,ok
max sequences 160 - repeat 2,vLLM max sequences,max sequences,160.0,2,29.526,612,423,189,,ok
max sequences 160 - repeat 2,vLLM max sequences,max sequences,160.0,2,30.041,619,427,192,,ok
max sequences 160 - repeat 2,vLLM max sequences,max sequences,160.0,2,30.537,621,429,192,,ok
max sequences 160 - repeat 2,vLLM max sequences,max sequences,160.0,2,31.017,635,443,192,,ok
max sequences 160 - repeat 2,vLLM max sequences,max sequences,160.0,2,31.539,650,458,192,,ok
max sequences 160 - repeat 2,vLLM max sequences,max sequences,160.0,2,32.015,668,476,192,,ok
max sequences 160 - repeat 2,vLLM max sequences,max sequences,160.0,2,32.548,689,497,192,,ok
max sequences 160 - repeat 2,vLLM max sequences,max sequences,160.0,2,33.024,703,512,191,,ok
max sequences 160 - repeat 2,vLLM max sequences,max sequences,160.0,2,33.539,716,525,191,,ok
max sequences 160 - repeat 2,vLLM max sequences,max sequences,160.0,2,34.03,732,541,191,,ok
max sequences 160 - repeat 2,vLLM max sequences,max sequences,160.0,2,34.54,778,586,192,,ok
max sequences 160 - repeat 2,vLLM max sequences,max sequences,160.0,2,35.006,810,619,191,,ok
max sequences 160 - repeat 2,vLLM max sequences,max sequences,160.0,2,35.548,828,636,192,,ok
max sequences 160 - repeat 2,vLLM max sequences,max sequences,160.0,2,36.01,849,657,192,,ok
max sequences 160 - repeat 2,vLLM max sequences,max sequences,160.0,2,36.535,858,670,188,,ok
max sequences 160 - repeat 2,vLLM max sequences,max sequences,160.0,2,37.041,867,682,185,,ok
max sequences 160 - repeat 2,vLLM max sequences,max sequences,160.0,2,37.513,892,700,192,,ok
max sequences 160 - repeat 2,vLLM max sequences,max sequences,160.0,2,38.023,937,745,192,,ok
max sequences 160 - repeat 2,vLLM max sequences,max sequences,160.0,2,38.542,954,763,191,,ok
max sequences 160 - repeat 2,vLLM max sequences,max sequences,160.0,2,39.038,970,778,192,,ok
max sequences 160 - repeat 2,vLLM max sequences,max sequences,160.0,2,39.55,983,791,192,,ok
max sequences 160 - repeat 2,vLLM max sequences,max sequences,160.0,2,40.023,1017,825,192,,ok
max sequences 160 - repeat 2,vLLM max sequences,max sequences,160.0,2,40.547,1018,826,192,,ok
max sequences 160 - repeat 2,vLLM max sequences,max sequences,160.0,2,41.002,1026,834,192,,ok
max sequences 160 - repeat 2,vLLM max sequences,max sequences,160.0,2,41.52,1048,856,192,,ok
max sequences 160 - repeat 2,vLLM max sequences,max sequences,160.0,2,42.027,1074,896,178,,ok
max sequences 160 - repeat 2,vLLM max sequences,max sequences,160.0,2,42.501,1097,905,192,,ok
max sequences 160 - repeat 2,vLLM max sequences,max sequences,160.0,2,43.045,1099,909,190,,ok
max sequences 160 - repeat 2,vLLM max sequences,max sequences,160.0,2,43.503,1169,977,192,,ok
max sequences 160 - repeat 2,vLLM max sequences,max sequences,160.0,2,44.036,1183,992,191,,ok
max sequences 160 - repeat 2,vLLM max sequences,max sequences,160.0,2,44.507,1196,1005,191,,ok
max sequences 160 - repeat 2,vLLM max sequences,max sequences,160.0,2,45.027,1212,1021,191,,ok
max sequences 160 - repeat 2,vLLM max sequences,max sequences,160.0,2,45.515,1258,1066,192,,ok
max sequences 160 - repeat 2,vLLM max sequences,max sequences,160.0,2,46.02,1290,1099,191,,ok
max sequences 160 - repeat 2,vLLM max sequences,max sequences,160.0,2,46.529,1322,1130,192,,ok
max sequences 160 - repeat 2,vLLM max sequences,max sequences,160.0,2,47.004,1337,1146,191,,ok
max sequences 160 - repeat 2,vLLM max sequences,max sequences,160.0,2,47.503,1346,1154,192,,ok
max sequences 160 - repeat 2,vLLM max sequences,max sequences,160.0,2,48.029,1368,1176,192,,ok
max sequences 160 - repeat 2,vLLM max sequences,max sequences,160.0,2,48.521,1404,1212,192,,ok
max sequences 160 - repeat 2,vLLM max sequences,max sequences,160.0,2,49.075,1419,1227,192,,ok
max sequences 160 - repeat 2,vLLM max sequences,max sequences,160.0,2,49.548,1495,1303,192,,ok
max sequences 160 - repeat 2,vLLM max sequences,max sequences,160.0,2,50.047,1504,1312,192,,ok
max sequences 160 - repeat 2,vLLM max sequences,max sequences,160.0,2,50.512,1516,1325,191,,ok
max sequences 160 - repeat 2,vLLM max sequences,max sequences,160.0,2,51.021,1532,1344,188,,ok
max sequences 160 - repeat 2,vLLM max sequences,max sequences,160.0,2,51.503,1578,1386,192,,ok
max sequences 160 - repeat 2,vLLM max sequences,max sequences,160.0,2,52.041,1611,1419,192,,ok
max sequences 160 - repeat 2,vLLM max sequences,max sequences,160.0,2,52.524,1642,1450,192,,ok
max sequences 160 - repeat 2,vLLM max sequences,max sequences,160.0,2,53.0,1658,1466,192,,ok
max sequences 160 - repeat 2,vLLM max sequences,max sequences,160.0,2,53.546,1667,1479,188,,ok
max sequences 160 - repeat 2,vLLM max sequences,max sequences,160.0,2,54.002,1688,1497,191,,ok
max sequences 160 - repeat 2,vLLM max sequences,max sequences,160.0,2,54.512,1724,1532,192,,ok
max sequences 160 - repeat 2,vLLM max sequences,max sequences,160.0,2,55.044,1739,1549,190,,ok
max sequences 160 - repeat 2,vLLM max sequences,max sequences,160.0,2,55.507,1802,1612,190,,ok
max sequences 160 - repeat 2,vLLM max sequences,max sequences,160.0,2,56.032,1823,1632,191,,ok
max sequences 160 - repeat 2,vLLM max sequences,max sequences,160.0,2,56.572,1836,1645,191,,ok
max sequences 160 - repeat 2,vLLM max sequences,max sequences,160.0,2,57.027,1852,1661,191,,ok
max sequences 160 - repeat 2,vLLM max sequences,max sequences,160.0,2,57.532,1892,1706,186,,ok
max sequences 160 - repeat 2,vLLM max sequences,max sequences,160.0,2,58.01,1915,1738,177,,ok
max sequences 160 - repeat 2,vLLM max sequences,max sequences,160.0,2,58.509,1966,1774,192,,ok
max sequences 160 - repeat 2,vLLM max sequences,max sequences,160.0,2,59.059,1984,1794,190,,ok
max sequences 160 - repeat 2,vLLM max sequences,max sequences,160.0,2,59.559,1997,1811,186,,ok
max sequences 160 - repeat 2,vLLM max sequences,max sequences,160.0,2,60.036,2022,1830,192,,ok
max sequences 160 - repeat 2,vLLM max sequences,max sequences,160.0,2,60.543,2059,1867,192,,ok
max sequences 160 - repeat 2,vLLM max sequences,max sequences,160.0,2,61.011,2091,1901,190,,ok
max sequences 160 - repeat 2,vLLM max sequences,max sequences,160.0,2,61.534,2138,1947,191,,ok
max sequences 160 - repeat 2,vLLM max sequences,max sequences,160.0,2,62.02,2146,1955,191,,ok
max sequences 160 - repeat 2,vLLM max sequences,max sequences,160.0,2,62.541,2169,1980,189,,ok
max sequences 160 - repeat 2,vLLM max sequences,max sequences,160.0,2,63.009,2204,2012,192,,ok
max sequences 160 - repeat 2,vLLM max sequences,max sequences,160.0,2,63.519,2219,2028,191,,ok
max sequences 160 - repeat 2,vLLM max sequences,max sequences,160.0,2,64.028,2282,2091,191,,ok
max sequences 160 - repeat 2,vLLM max sequences,max sequences,160.0,2,64.547,2302,2112,190,,ok
max sequences 160 - repeat 2,vLLM max sequences,max sequences,160.0,2,65.009,2314,2124,190,,ok
max sequences 160 - repeat 2,vLLM max sequences,max sequences,160.0,2,65.519,2332,2140,192,,ok
max sequences 160 - repeat 2,vLLM max sequences,max sequences,160.0,2,66.046,2378,2186,192,,ok
max sequences 160 - repeat 2,vLLM max sequences,max sequences,160.0,2,66.521,2395,2218,177,,ok
max sequences 160 - repeat 2,vLLM max sequences,max sequences,160.0,2,67.034,2445,2265,180,,ok
max sequences 160 - repeat 2,vLLM max sequences,max sequences,160.0,2,67.54,2464,2273,191,,ok
max sequences 160 - repeat 2,vLLM max sequences,max sequences,160.0,2,68.013,2477,2291,186,,ok
max sequences 160 - repeat 2,vLLM max sequences,max sequences,160.0,2,68.624,2492,2300,192,,ok
max sequences 160 - repeat 2,vLLM max sequences,max sequences,160.0,2,69.021,2538,2347,191,,ok
max sequences 160 - repeat 2,vLLM max sequences,max sequences,160.0,2,69.507,2571,2379,192,,ok
max sequences 160 - repeat 2,vLLM max sequences,max sequences,160.0,2,70.032,2617,2425,192,,ok
max sequences 160 - repeat 2,vLLM max sequences,max sequences,160.0,2,70.504,2626,2434,192,,ok
max sequences 160 - repeat 2,vLLM max sequences,max sequences,160.0,2,71.012,2648,2456,192,,ok
max sequences 160 - repeat 2,vLLM max sequences,max sequences,160.0,2,71.522,2684,2492,192,,ok
max sequences 160 - repeat 2,vLLM max sequences,max sequences,160.0,2,72.03,2699,2507,192,,ok
max sequences 160 - repeat 2,vLLM max sequences,max sequences,160.0,2,72.549,2762,2571,191,,ok
max sequences 160 - repeat 2,vLLM max sequences,max sequences,160.0,2,73.026,2780,2590,190,,ok
max sequences 160 - repeat 2,vLLM max sequences,max sequences,160.0,2,73.534,2794,2604,190,,ok
max sequences 160 - repeat 2,vLLM max sequences,max sequences,160.0,2,74.014,2812,2620,192,,ok
max sequences 160 - repeat 2,vLLM max sequences,max sequences,160.0,2,74.54,2844,2660,184,,ok
max sequences 160 - repeat 2,vLLM max sequences,max sequences,160.0,2,75.021,2875,2698,177,,ok
max sequences 160 - repeat 2,vLLM max sequences,max sequences,160.0,2,75.545,2934,2745,189,,ok
max sequences 160 - repeat 2,vLLM max sequences,max sequences,160.0,2,76.021,2944,2752,192,,ok
max sequences 160 - repeat 2,vLLM max sequences,max sequences,160.0,2,76.537,2957,2771,186,,ok
max sequences 160 - repeat 2,vLLM max sequences,max sequences,160.0,2,77.051,2982,2797,185,,ok
max sequences 160 - repeat 2,vLLM max sequences,max sequences,160.0,2,77.707,3011,2827,184,,ok
max sequences 160 - repeat 2,vLLM max sequences,max sequences,160.0,2,78.042,3050,2858,192,,ok
max sequences 160 - repeat 2,vLLM max sequences,max sequences,160.0,2,78.521,3051,2882,169,,ok
max sequences 160 - repeat 2,vLLM max sequences,max sequences,160.0,2,79.01,3097,2908,189,,ok
max sequences 160 - repeat 2,vLLM max sequences,max sequences,160.0,2,79.705,3106,2925,181,,ok
max sequences 160 - repeat 2,vLLM max sequences,max sequences,160.0,2,80.016,3129,2940,189,,ok
max sequences 160 - repeat 2,vLLM max sequences,max sequences,160.0,2,80.526,3164,2972,192,,ok
max sequences 160 - repeat 2,vLLM max sequences,max sequences,160.0,2,81.042,3181,2989,192,,ok
max sequences 160 - repeat 2,vLLM max sequences,max sequences,160.0,2,81.528,3243,3051,192,,ok
max sequences 160 - repeat 2,vLLM max sequences,max sequences,160.0,2,82.008,3251,3065,186,,ok
max sequences 160 - repeat 2,vLLM max sequences,max sequences,160.0,2,82.527,3265,3074,191,,ok
max sequences 160 - repeat 2,vLLM max sequences,max sequences,160.0,2,83.004,3283,3096,187,,ok
max sequences 160 - repeat 2,vLLM max sequences,max sequences,160.0,2,83.512,3302,3121,181,,ok
max sequences 160 - repeat 2,vLLM max sequences,max sequences,160.0,2,84.044,3339,3147,192,,ok
max sequences 160 - repeat 2,vLLM max sequences,max sequences,160.0,2,84.501,3376,3185,191,,ok
max sequences 160 - repeat 2,vLLM max sequences,max sequences,160.0,2,85.033,3419,3228,191,,ok
max sequences 160 - repeat 2,vLLM max sequences,max sequences,160.0,2,85.521,3430,3242,188,,ok
max sequences 160 - repeat 2,vLLM max sequences,max sequences,160.0,2,86.032,3452,3260,192,,ok
max sequences 160 - repeat 2,vLLM max sequences,max sequences,160.0,2,86.509,3484,3292,192,,ok
max sequences 160 - repeat 2,vLLM max sequences,max sequences,160.0,2,87.041,3501,3323,178,,ok
max sequences 160 - repeat 2,vLLM max sequences,max sequences,160.0,2,87.546,3571,3379,192,,ok
max sequences 160 - repeat 2,vLLM max sequences,max sequences,160.0,2,88.083,3584,3392,192,,ok
max sequences 160 - repeat 2,vLLM max sequences,max sequences,160.0,2,88.541,3597,3405,192,,ok
max sequences 160 - repeat 2,vLLM max sequences,max sequences,160.0,2,89.051,3613,3424,189,,ok
max sequences 160 - repeat 2,vLLM max sequences,max sequences,160.0,2,89.616,3645,3467,178,,ok
max sequences 160 - repeat 2,vLLM max sequences,max sequences,160.0,2,90.002,3675,3499,176,,ok
max sequences 160 - repeat 2,vLLM max sequences,max sequences,160.0,2,90.538,3729,3546,183,,ok
max sequences 160 - repeat 2,vLLM max sequences,max sequences,160.0,2,91.044,3745,3554,191,,ok
max sequences 160 - repeat 2,vLLM max sequences,max sequences,160.0,2,91.516,3768,3576,192,,ok
max sequences 160 - repeat 2,vLLM max sequences,max sequences,160.0,2,92.025,3793,3601,192,,ok
max sequences 160 - repeat 2,vLLM max sequences,max sequences,160.0,2,92.501,3819,3627,192,,ok
max sequences 160 - repeat 2,vLLM max sequences,max sequences,160.0,2,93.01,3867,3675,192,,ok
max sequences 160 - repeat 2,vLLM max sequences,max sequences,160.0,2,93.52,3877,3685,192,,ok
max sequences 160 - repeat 2,vLLM max sequences,max sequences,160.0,2,94.031,3900,3710,190,,ok
max sequences 160 - repeat 2,vLLM max sequences,max sequences,160.0,2,94.52,3914,3722,192,,ok
max sequences 160 - repeat 2,vLLM max sequences,max sequences,160.0,2,95.004,3932,3740,192,,ok
max sequences 160 - repeat 2,vLLM max sequences,max sequences,160.0,2,95.535,3964,3772,192,,ok
max sequences 160 - repeat 2,vLLM max sequences,max sequences,160.0,2,96.046,3995,3811,184,,ok
max sequences 160 - repeat 2,vLLM max sequences,max sequences,160.0,2,96.521,4041,3857,184,,ok
max sequences 160 - repeat 2,vLLM max sequences,max sequences,160.0,2,97.094,4062,3872,190,,ok
max sequences 160 - repeat 2,vLLM max sequences,max sequences,160.0,2,97.513,4077,3885,192,,ok
max sequences 160 - repeat 2,vLLM max sequences,max sequences,160.0,2,98.047,4093,3904,189,,ok
max sequences 160 - repeat 2,vLLM max sequences,max sequences,160.0,2,98.517,4132,3946,186,,ok
max sequences 160 - repeat 2,vLLM max sequences,max sequences,160.0,2,99.015,4163,3979,184,,ok
max sequences 160 - repeat 2,vLLM max sequences,max sequences,160.0,2,99.54,4217,4025,192,,ok
max sequences 160 - repeat 2,vLLM max sequences,max sequences,160.0,2,100.017,4224,4032,192,,ok
max sequences 160 - repeat 2,vLLM max sequences,max sequences,160.0,2,100.696,4237,4058,179,,ok
max sequences 160 - repeat 2,vLLM max sequences,max sequences,160.0,2,101.006,4256,4081,175,,ok
max sequences 160 - repeat 2,vLLM max sequences,max sequences,160.0,2,101.538,4298,4107,191,,ok
max sequences 160 - repeat 2,vLLM max sequences,max sequences,160.0,2,102.013,4331,4139,192,,ok
max sequences 160 - repeat 2,vLLM max sequences,max sequences,160.0,2,102.504,4378,4186,192,,ok
max sequences 160 - repeat 2,vLLM max sequences,max sequences,160.0,2,103.03,4387,4195,192,,ok
max sequences 160 - repeat 2,vLLM max sequences,max sequences,160.0,2,103.542,4409,4218,191,,ok
max sequences 160 - repeat 2,vLLM max sequences,max sequences,160.0,2,104.051,4444,4252,192,,ok
max sequences 160 - repeat 2,vLLM max sequences,max sequences,160.0,2,104.536,4459,4269,190,,ok
max sequences 160 - repeat 2,vLLM max sequences,max sequences,160.0,2,105.013,4511,4325,186,,ok
max sequences 160 - repeat 2,vLLM max sequences,max sequences,160.0,2,105.536,4542,4351,191,,ok
max sequences 160 - repeat 2,vLLM max sequences,max sequences,160.0,2,106.023,4554,4364,190,,ok
max sequences 160 - repeat 2,vLLM max sequences,max sequences,160.0,2,106.538,4572,4380,192,,ok
max sequences 160 - repeat 2,vLLM max sequences,max sequences,160.0,2,107.037,4604,4413,191,,ok
max sequences 160 - repeat 2,vLLM max sequences,max sequences,160.0,2,107.506,4621,4443,178,,ok
max sequences 160 - repeat 2,vLLM max sequences,max sequences,160.0,2,108.036,4681,4497,184,,ok
max sequences 160 - repeat 2,vLLM max sequences,max sequences,160.0,2,108.509,4704,4512,192,,ok
max sequences 160 - repeat 2,vLLM max sequences,max sequences,160.0,2,109.001,4716,4525,191,,ok
max sequences 160 - repeat 2,vLLM max sequences,max sequences,160.0,2,109.53,4733,4544,189,,ok
max sequences 160 - repeat 2,vLLM max sequences,max sequences,160.0,2,110.006,4772,4586,186,,ok
max sequences 160 - repeat 2,vLLM max sequences,max sequences,160.0,2,110.513,4811,4619,192,,ok
max sequences 160 - repeat 2,vLLM max sequences,max sequences,160.0,2,111.032,4857,4665,192,,ok
max sequences 160 - repeat 2,vLLM max sequences,max sequences,160.0,2,111.527,4865,4674,191,,ok
max sequences 160 - repeat 2,vLLM max sequences,max sequences,160.0,2,112.037,4877,4696,181,,ok
max sequences 160 - repeat 2,vLLM max sequences,max sequences,160.0,2,112.543,4902,4732,170,,ok
max sequences 160 - repeat 2,vLLM max sequences,max sequences,160.0,2,113.022,4939,4747,192,,ok
max sequences 160 - repeat 2,vLLM max sequences,max sequences,160.0,2,113.528,4973,4781,192,,ok
max sequences 160 - repeat 2,vLLM max sequences,max sequences,160.0,2,114.036,5018,4826,192,,ok
max sequences 160 - repeat 2,vLLM max sequences,max sequences,160.0,2,114.511,5026,4839,187,,ok
max sequences 160 - repeat 2,vLLM max sequences,max sequences,160.0,2,115.017,5049,4860,189,,ok
max sequences 160 - repeat 2,vLLM max sequences,max sequences,160.0,2,115.539,5084,4892,192,,ok
max sequences 160 - repeat 2,vLLM max sequences,max sequences,160.0,2,116.002,5099,4909,190,,ok
max sequences 160 - repeat 2,vLLM max sequences,max sequences,160.0,2,116.51,5151,4965,186,,ok
max sequences 160 - repeat 2,vLLM max sequences,max sequences,160.0,2,117.003,5180,4991,189,,ok
max sequences 160 - repeat 2,vLLM max sequences,max sequences,160.0,2,117.537,5196,5004,192,,ok
max sequences 160 - repeat 2,vLLM max sequences,max sequences,160.0,2,118.027,5212,5020,192,,ok
max sequences 160 - repeat 2,vLLM max sequences,max sequences,160.0,2,118.554,5244,5060,184,,ok
max sequences 160 - repeat 2,vLLM max sequences,max sequences,160.0,2,119.032,5275,5091,184,,ok
max sequences 160 - repeat 2,vLLM max sequences,max sequences,160.0,2,119.502,5321,5137,184,,ok
max sequences 160 - repeat 2,vLLM max sequences,max sequences,160.0,2,120.043,5329,5145,184,,ok
max sequences 160 - repeat 2,vLLM max sequences,max sequences,160.0,2,120.513,5337,5145,192,,ok
max sequences 160 - repeat 2,vLLM max sequences,max sequences,160.0,2,121.021,5344,5152,192,,ok
max sequences 160 - repeat 2,vLLM max sequences,max sequences,160.0,2,121.531,5368,5176,192,,ok
max sequences 160 - repeat 2,vLLM max sequences,max sequences,160.0,2,122.039,5393,5212,181,,ok
max sequences 160 - repeat 2,vLLM max sequences,max sequences,160.0,2,122.51,5418,5227,191,,ok
max sequences 160 - repeat 2,vLLM max sequences,max sequences,160.0,2,123.021,5453,5272,181,,ok
max sequences 160 - repeat 2,vLLM max sequences,max sequences,160.0,2,123.559,5498,5306,192,,ok
max sequences 160 - repeat 2,vLLM max sequences,max sequences,160.0,2,124.017,5507,5315,192,,ok
max sequences 160 - repeat 2,vLLM max sequences,max sequences,160.0,2,124.541,5532,5340,192,,ok
max sequences 160 - repeat 2,vLLM max sequences,max sequences,160.0,2,125.005,5564,5372,192,,ok
max sequences 160 - repeat 2,vLLM max sequences,max sequences,160.0,2,125.511,5581,5403,178,,ok
max sequences 160 - repeat 2,vLLM max sequences,max sequences,160.0,2,126.023,5630,5443,187,,ok
max sequences 160 - repeat 2,vLLM max sequences,max sequences,160.0,2,126.543,5664,5472,192,,ok
max sequences 160 - repeat 2,vLLM max sequences,max sequences,160.0,2,127.022,5671,5485,186,,ok
max sequences 160 - repeat 2,vLLM max sequences,max sequences,160.0,2,127.541,5692,5504,188,,ok
max sequences 160 - repeat 2,vLLM max sequences,max sequences,160.0,2,128.034,5727,5540,187,,ok
max sequences 160 - repeat 2,vLLM max sequences,max sequences,160.0,2,128.522,5755,5579,176,,ok
max sequences 160 - repeat 2,vLLM max sequences,max sequences,160.0,2,129.04,5817,5625,192,,ok
max sequences 160 - repeat 2,vLLM max sequences,max sequences,160.0,2,129.501,5817,5625,192,,ok
max sequences 160 - repeat 2,vLLM max sequences,max sequences,160.0,2,130.018,5820,5630,190,,ok
max sequences 160 - repeat 2,vLLM max sequences,max sequences,160.0,2,130.544,5834,5644,190,,ok
max sequences 160 - repeat 2,vLLM max sequences,max sequences,160.0,2,131.017,5852,5660,192,,ok
max sequences 160 - repeat 2,vLLM max sequences,max sequences,160.0,2,131.549,5884,5693,191,,ok
max sequences 160 - repeat 2,vLLM max sequences,max sequences,160.0,2,132.04,5915,5731,184,,ok
max sequences 160 - repeat 2,vLLM max sequences,max sequences,160.0,2,132.524,5967,5775,192,,ok
max sequences 160 - repeat 2,vLLM max sequences,max sequences,160.0,2,133.013,5983,5792,191,,ok
max sequences 160 - repeat 2,vLLM max sequences,max sequences,160.0,2,133.521,5996,5811,185,,ok
max sequences 160 - repeat 2,vLLM max sequences,max sequences,160.0,2,134.047,6013,5830,183,,ok
max sequences 160 - repeat 2,vLLM max sequences,max sequences,160.0,2,134.503,6052,5860,192,,ok
max sequences 160 - repeat 2,vLLM max sequences,max sequences,160.0,2,135.012,6083,5891,192,,ok
max sequences 160 - repeat 2,vLLM max sequences,max sequences,160.0,2,135.521,6091,5899,192,,ok
max sequences 160 - repeat 2,vLLM max sequences,max sequences,160.0,2,136.028,6138,5946,192,,ok
max sequences 160 - repeat 2,vLLM max sequences,max sequences,160.0,2,136.534,6147,5959,188,,ok
max sequences 160 - repeat 2,vLLM max sequences,max sequences,160.0,2,137.0,6168,5977,191,,ok
max sequences 160 - repeat 2,vLLM max sequences,max sequences,160.0,2,137.53,6204,6012,192,,ok
max sequences 160 - repeat 2,vLLM max sequences,max sequences,160.0,2,138.013,6219,6027,192,,ok
max sequences 160 - repeat 2,vLLM max sequences,max sequences,160.0,2,138.53,6268,6080,188,,ok
max sequences 160 - repeat 2,vLLM max sequences,max sequences,160.0,2,139.015,6300,6110,190,,ok
max sequences 160 - repeat 2,vLLM max sequences,max sequences,160.0,2,139.529,6311,6124,187,,ok
max sequences 160 - repeat 2,vLLM max sequences,max sequences,160.0,2,140.037,6332,6140,192,,ok
max sequences 160 - repeat 2,vLLM max sequences,max sequences,160.0,2,140.543,6364,6173,191,,ok
max sequences 160 - repeat 2,vLLM max sequences,max sequences,160.0,2,141.001,6395,6207,188,,ok
max sequences 160 - repeat 2,vLLM max sequences,max sequences,160.0,2,141.524,6443,6253,190,,ok
max sequences 160 - repeat 2,vLLM max sequences,max sequences,160.0,2,142.031,6464,6272,192,,ok
max sequences 160 - repeat 2,vLLM max sequences,max sequences,160.0,2,142.538,6477,6291,186,,ok
max sequences 160 - repeat 2,vLLM max sequences,max sequences,160.0,2,143.025,6492,6310,182,,ok
max sequences 160 - repeat 2,vLLM max sequences,max sequences,160.0,2,143.533,6538,6347,191,,ok
max sequences 160 - repeat 2,vLLM max sequences,max sequences,160.0,2,144.009,6559,6379,180,,ok
max sequences 160 - repeat 2,vLLM max sequences,max sequences,160.0,2,144.519,6606,6426,180,,ok
max sequences 160 - repeat 2,vLLM max sequences,max sequences,160.0,2,145.048,6626,6435,191,,ok
max sequences 160 - repeat 2,vLLM max sequences,max sequences,160.0,2,145.504,6648,6456,192,,ok
max sequences 160 - repeat 2,vLLM max sequences,max sequences,160.0,2,146.019,6673,6487,186,,ok
max sequences 160 - repeat 2,vLLM max sequences,max sequences,160.0,2,146.588,6699,6507,192,,ok
max sequences 160 - repeat 2,vLLM max sequences,max sequences,160.0,2,147.046,6733,6556,177,,ok
max sequences 160 - repeat 2,vLLM max sequences,max sequences,160.0,2,147.526,6779,6590,189,,ok
max sequences 160 - repeat 2,vLLM max sequences,max sequences,160.0,2,148.014,6791,6602,189,,ok
max sequences 160 - repeat 2,vLLM max sequences,max sequences,160.0,2,148.623,6812,6621,191,,ok
max sequences 160 - repeat 2,vLLM max sequences,max sequences,160.0,2,149.201,6844,6666,178,,ok
max sequences 160 - repeat 2,vLLM max sequences,max sequences,160.0,2,149.645,6859,6687,172,,ok
max sequences 160 - repeat 2,vLLM max sequences,max sequences,160.0,2,150.052,6938,6746,192,,ok
max sequences 160 - repeat 2,vLLM max sequences,max sequences,160.0,2,150.516,6938,6746,192,,ok
max sequences 160 - repeat 2,vLLM max sequences,max sequences,160.0,2,151.044,6944,6754,190,,ok
max sequences 160 - repeat 2,vLLM max sequences,max sequences,160.0,2,151.502,6957,6771,186,,ok
max sequences 160 - repeat 2,vLLM max sequences,max sequences,160.0,2,152.01,6976,6790,186,,ok
max sequences 160 - repeat 2,vLLM max sequences,max sequences,160.0,2,152.538,7019,6827,192,,ok
max sequences 160 - repeat 2,vLLM max sequences,max sequences,160.0,2,153.044,7051,6859,192,,ok
max sequences 160 - repeat 2,vLLM max sequences,max sequences,160.0,2,153.501,7098,6906,192,,ok
max sequences 160 - repeat 2,vLLM max sequences,max sequences,160.0,2,154.026,7099,6907,192,,ok
max sequences 160 - repeat 2,vLLM max sequences,max sequences,160.0,2,154.536,7107,6919,188,,ok
max sequences 160 - repeat 2,vLLM max sequences,max sequences,160.0,2,155.007,7128,6937,191,,ok
max sequences 160 - repeat 2,vLLM max sequences,max sequences,160.0,2,155.508,7158,6972,186,,ok
max sequences 160 - repeat 2,vLLM max sequences,max sequences,160.0,2,156.048,7179,6989,190,,ok
max sequences 160 - repeat 2,vLLM max sequences,max sequences,160.0,2,156.517,7211,7019,192,,ok
max sequences 160 - repeat 2,vLLM max sequences,max sequences,160.0,2,157.082,7260,7071,189,,ok
max sequences 160 - repeat 2,vLLM max sequences,max sequences,160.0,2,157.542,7276,7084,192,,ok
max sequences 160 - repeat 2,vLLM max sequences,max sequences,160.0,2,158.011,7292,7100,192,,ok
max sequences 160 - repeat 2,vLLM max sequences,max sequences,160.0,2,158.507,7324,7133,191,,ok
max sequences 160 - repeat 2,vLLM max sequences,max sequences,160.0,2,159.038,7359,7167,192,,ok
max sequences 160 - repeat 2,vLLM max sequences,max sequences,160.0,2,159.688,7374,7226,148,,ok
max sequences 160 - repeat 2,vLLM max sequences,max sequences,160.0,2,160.097,7425,7234,191,,ok
max sequences 160 - repeat 2,vLLM max sequences,max sequences,160.0,2,160.511,7437,7251,186,,ok
max sequences 160 - repeat 2,vLLM max sequences,max sequences,160.0,2,161.033,7462,7281,181,,ok
max sequences 160 - repeat 2,vLLM max sequences,max sequences,160.0,2,161.613,7499,7307,192,,ok
max sequences 160 - repeat 2,vLLM max sequences,max sequences,160.0,2,162.019,7531,7339,192,,ok
max sequences 160 - repeat 2,vLLM max sequences,max sequences,160.0,2,162.512,7566,7374,192,,ok
max sequences 160 - repeat 2,vLLM max sequences,max sequences,160.0,2,163.038,7587,7399,188,,ok
max sequences 160 - repeat 2,vLLM max sequences,max sequences,160.0,2,163.517,7609,7420,189,,ok
max sequences 160 - repeat 2,vLLM max sequences,max sequences,160.0,2,164.038,7644,7452,192,,ok
max sequences 160 - repeat 2,vLLM max sequences,max sequences,160.0,2,164.521,7659,7469,190,,ok
max sequences 160 - repeat 2,vLLM max sequences,max sequences,160.0,2,165.015,7691,7502,189,,ok
max sequences 160 - repeat 2,vLLM max sequences,max sequences,160.0,2,165.549,7726,7539,187,,ok
max sequences 160 - repeat 2,vLLM max sequences,max sequences,160.0,2,166.05,7756,7565,191,,ok
max sequences 160 - repeat 2,vLLM max sequences,max sequences,160.0,2,166.559,7772,7583,189,,ok
max sequences 160 - repeat 2,vLLM max sequences,max sequences,160.0,2,167.057,7804,7612,192,,ok
max sequences 160 - repeat 2,vLLM max sequences,max sequences,160.0,2,167.534,7839,7647,192,,ok
max sequences 160 - repeat 2,vLLM max sequences,max sequences,160.0,2,168.014,7883,7691,192,,ok
max sequences 160 - repeat 2,vLLM max sequences,max sequences,160.0,2,168.54,7905,7714,191,,ok
max sequences 160 - repeat 2,vLLM max sequences,max sequences,160.0,2,169.048,7928,7736,192,,ok
max sequences 160 - repeat 2,vLLM max sequences,max sequences,160.0,2,169.508,7936,7761,175,,ok
max sequences 160 - repeat 2,vLLM max sequences,max sequences,160.0,2,170.027,7979,7787,192,,ok
max sequences 160 - repeat 2,vLLM max sequences,max sequences,160.0,2,170.534,8011,7819,192,,ok
max sequences 160 - repeat 2,vLLM max sequences,max sequences,160.0,2,171.04,8046,7854,192,,ok
max sequences 160 - repeat 2,vLLM max sequences,max sequences,160.0,2,171.516,8067,7879,188,,ok
max sequences 160 - repeat 2,vLLM max sequences,max sequences,160.0,2,172.023,8092,7900,192,,ok
max sequences 160 - repeat 2,vLLM max sequences,max sequences,160.0,2,172.53,8124,7932,192,,ok
max sequences 160 - repeat 2,vLLM max sequences,max sequences,160.0,2,173.001,8139,7949,190,,ok
max sequences 160 - repeat 2,vLLM max sequences,max sequences,160.0,2,173.528,8174,7997,177,,ok
max sequences 160 - repeat 2,vLLM max sequences,max sequences,160.0,2,174.005,8206,8019,187,,ok
max sequences 160 - repeat 2,vLLM max sequences,max sequences,160.0,2,174.52,8237,8045,192,,ok
max sequences 160 - repeat 2,vLLM max sequences,max sequences,160.0,2,175.016,8252,8064,188,,ok
max sequences 160 - repeat 2,vLLM max sequences,max sequences,160.0,2,175.525,8288,8107,181,,ok
max sequences 160 - repeat 2,vLLM max sequences,max sequences,160.0,2,176.017,8319,8139,180,,ok
max sequences 160 - repeat 2,vLLM max sequences,max sequences,160.0,2,176.523,8362,8170,192,,ok
max sequences 160 - repeat 2,vLLM max sequences,max sequences,160.0,2,177.021,8385,8194,191,,ok
max sequences 160 - repeat 2,vLLM max sequences,max sequences,160.0,2,177.513,8403,8211,192,,ok
max sequences 160 - repeat 2,vLLM max sequences,max sequences,160.0,2,178.015,8433,8241,192,,ok
max sequences 160 - repeat 2,vLLM max sequences,max sequences,160.0,2,178.714,8459,8283,176,,ok
max sequences 160 - repeat 2,vLLM max sequences,max sequences,160.0,2,179.022,8491,8299,192,,ok
max sequences 160 - repeat 2,vLLM max sequences,max sequences,160.0,2,179.542,8526,8334,192,,ok
max sequences 160 - repeat 3,vLLM max sequences,max sequences,160.0,3,0.0,0,0,0,,ok
max sequences 160 - repeat 3,vLLM max sequences,max sequences,160.0,3,0.511,3,0,3,,ok
max sequences 160 - repeat 3,vLLM max sequences,max sequences,160.0,3,1.034,6,0,6,,ok
max sequences 160 - repeat 3,vLLM max sequences,max sequences,160.0,3,1.542,11,1,10,,ok
max sequences 160 - repeat 3,vLLM max sequences,max sequences,160.0,3,2.012,15,2,13,,ok
max sequences 160 - repeat 3,vLLM max sequences,max sequences,160.0,3,2.529,23,7,16,,ok
max sequences 160 - repeat 3,vLLM max sequences,max sequences,160.0,3,3.216,26,7,19,,ok
max sequences 160 - repeat 3,vLLM max sequences,max sequences,160.0,3,3.544,29,7,22,,ok
max sequences 160 - repeat 3,vLLM max sequences,max sequences,160.0,3,4.04,34,8,26,,ok
max sequences 160 - repeat 3,vLLM max sequences,max sequences,160.0,3,4.543,40,11,29,,ok
max sequences 160 - repeat 3,vLLM max sequences,max sequences,160.0,3,5.036,47,29,18,,ok
max sequences 160 - repeat 3,vLLM max sequences,max sequences,160.0,3,5.504,64,29,35,,ok
max sequences 160 - repeat 3,vLLM max sequences,max sequences,160.0,3,6.035,67,29,38,,ok
max sequences 160 - repeat 3,vLLM max sequences,max sequences,160.0,3,6.513,70,29,41,,ok
max sequences 160 - repeat 3,vLLM max sequences,max sequences,160.0,3,7.027,74,29,45,,ok
max sequences 160 - repeat 3,vLLM max sequences,max sequences,160.0,3,7.509,81,33,48,,ok
max sequences 160 - repeat 3,vLLM max sequences,max sequences,160.0,3,8.038,85,34,51,,ok
max sequences 160 - repeat 3,vLLM max sequences,max sequences,160.0,3,8.511,92,38,54,,ok
max sequences 160 - repeat 3,vLLM max sequences,max sequences,160.0,3,9.033,100,43,57,,ok
max sequences 160 - repeat 3,vLLM max sequences,max sequences,160.0,3,9.507,140,83,57,,ok
max sequences 160 - repeat 3,vLLM max sequences,max sequences,160.0,3,10.022,147,83,64,,ok
max sequences 160 - repeat 3,vLLM max sequences,max sequences,160.0,3,10.526,150,83,67,,ok
max sequences 160 - repeat 3,vLLM max sequences,max sequences,160.0,3,11.034,156,86,70,,ok
max sequences 160 - repeat 3,vLLM max sequences,max sequences,160.0,3,11.544,160,86,74,,ok
max sequences 160 - repeat 3,vLLM max sequences,max sequences,160.0,3,12.026,163,86,77,,ok
max sequences 160 - repeat 3,vLLM max sequences,max sequences,160.0,3,12.536,166,86,80,,ok
max sequences 160 - repeat 3,vLLM max sequences,max sequences,160.0,3,13.03,174,92,82,,ok
max sequences 160 - repeat 3,vLLM max sequences,max sequences,160.0,3,13.528,185,100,85,,ok
max sequences 160 - repeat 3,vLLM max sequences,max sequences,160.0,3,14.082,240,151,89,,ok
max sequences 160 - repeat 3,vLLM max sequences,max sequences,160.0,3,14.5,243,151,92,,ok
max sequences 160 - repeat 3,vLLM max sequences,max sequences,160.0,3,15.027,247,151,96,,ok
max sequences 160 - repeat 3,vLLM max sequences,max sequences,160.0,3,15.515,252,164,88,,ok
max sequences 160 - repeat 3,vLLM max sequences,max sequences,160.0,3,16.021,269,167,102,,ok
max sequences 160 - repeat 3,vLLM max sequences,max sequences,160.0,3,16.505,273,168,105,,ok
max sequences 160 - repeat 3,vLLM max sequences,max sequences,160.0,3,17.013,277,168,109,,ok
max sequences 160 - repeat 3,vLLM max sequences,max sequences,160.0,3,17.501,280,168,112,,ok
max sequences 160 - repeat 3,vLLM max sequences,max sequences,160.0,3,18.009,287,172,115,,ok
max sequences 160 - repeat 3,vLLM max sequences,max sequences,160.0,3,18.53,290,172,118,,ok
max sequences 160 - repeat 3,vLLM max sequences,max sequences,160.0,3,19.042,294,172,122,,ok
max sequences 160 - repeat 3,vLLM max sequences,max sequences,160.0,3,19.51,307,182,125,,ok
max sequences 160 - repeat 3,vLLM max sequences,max sequences,160.0,3,20.047,326,246,80,,ok
max sequences 160 - repeat 3,vLLM max sequences,max sequences,160.0,3,20.518,378,247,131,,ok
max sequences 160 - repeat 3,vLLM max sequences,max sequences,160.0,3,21.001,381,247,134,,ok
max sequences 160 - repeat 3,vLLM max sequences,max sequences,160.0,3,21.524,416,280,136,,ok
max sequences 160 - repeat 3,vLLM max sequences,max sequences,160.0,3,22.034,421,280,141,,ok
max sequences 160 - repeat 3,vLLM max sequences,max sequences,160.0,3,22.51,424,280,144,,ok
max sequences 160 - repeat 3,vLLM max sequences,max sequences,160.0,3,23.189,426,280,146,,ok
max sequences 160 - repeat 3,vLLM max sequences,max sequences,160.0,3,23.501,430,280,150,,ok
max sequences 160 - repeat 3,vLLM max sequences,max sequences,160.0,3,24.39,446,293,153,,ok
max sequences 160 - repeat 3,vLLM max sequences,max sequences,160.0,3,24.547,450,293,157,,ok
max sequences 160 - repeat 3,vLLM max sequences,max sequences,160.0,3,25.019,465,305,160,,ok
max sequences 160 - repeat 3,vLLM max sequences,max sequences,160.0,3,25.502,468,305,163,,ok
max sequences 160 - repeat 3,vLLM max sequences,max sequences,160.0,3,26.067,471,306,165,,ok
max sequences 160 - repeat 3,vLLM max sequences,max sequences,160.0,3,26.526,482,316,166,,ok
max sequences 160 - repeat 3,vLLM max sequences,max sequences,160.0,3,27.062,553,380,173,,ok
max sequences 160 - repeat 3,vLLM max sequences,max sequences,160.0,3,27.519,556,380,176,,ok
max sequences 160 - repeat 3,vLLM max sequences,max sequences,160.0,3,28.031,559,380,179,,ok
max sequences 160 - repeat 3,vLLM max sequences,max sequences,160.0,3,28.516,562,380,182,,ok
max sequences 160 - repeat 3,vLLM max sequences,max sequences,160.0,3,29.023,577,392,185,,ok
max sequences 160 - repeat 3,vLLM max sequences,max sequences,160.0,3,29.533,596,407,189,,ok
max sequences 160 - repeat 3,vLLM max sequences,max sequences,160.0,3,30.027,611,419,192,,ok
max sequences 160 - repeat 3,vLLM max sequences,max sequences,160.0,3,30.549,615,426,189,,ok
max sequences 160 - repeat 3,vLLM max sequences,max sequences,160.0,3,31.013,635,443,192,,ok
max sequences 160 - repeat 3,vLLM max sequences,max sequences,160.0,3,31.521,657,466,191,,ok
max sequences 160 - repeat 3,vLLM max sequences,max sequences,160.0,3,32.002,665,476,189,,ok
max sequences 160 - repeat 3,vLLM max sequences,max sequences,160.0,3,32.519,706,514,192,,ok
max sequences 160 - repeat 3,vLLM max sequences,max sequences,160.0,3,33.29,706,540,166,,ok
max sequences 160 - repeat 3,vLLM max sequences,max sequences,160.0,3,33.528,732,540,192,,ok
max sequences 160 - repeat 3,vLLM max sequences,max sequences,160.0,3,34.222,735,579,156,,ok
max sequences 160 - repeat 3,vLLM max sequences,max sequences,160.0,3,34.523,771,579,192,,ok
max sequences 160 - repeat 3,vLLM max sequences,max sequences,160.0,3,35.059,775,583,192,,ok
max sequences 160 - repeat 3,vLLM max sequences,max sequences,160.0,3,35.537,784,603,181,,ok
max sequences 160 - repeat 3,vLLM max sequences,max sequences,160.0,3,36.333,817,625,192,,ok
max sequences 160 - repeat 3,vLLM max sequences,max sequences,160.0,3,36.534,825,636,189,,ok
max sequences 160 - repeat 3,vLLM max sequences,max sequences,160.0,3,37.03,864,687,177,,ok
max sequences 160 - repeat 3,vLLM max sequences,max sequences,160.0,3,37.541,892,700,192,,ok
max sequences 160 - repeat 3,vLLM max sequences,max sequences,160.0,3,38.0,897,705,192,,ok
max sequences 160 - repeat 3,vLLM max sequences,max sequences,160.0,3,38.527,943,751,192,,ok
max sequences 160 - repeat 3,vLLM max sequences,max sequences,160.0,3,39.036,976,784,192,,ok
max sequences 160 - repeat 3,vLLM max sequences,max sequences,160.0,3,39.529,983,792,191,,ok
max sequences 160 - repeat 3,vLLM max sequences,max sequences,160.0,3,40.102,1011,832,179,,ok
max sequences 160 - repeat 3,vLLM max sequences,max sequences,160.0,3,40.512,1052,860,192,,ok
max sequences 160 - repeat 3,vLLM max sequences,max sequences,160.0,3,41.036,1053,861,192,,ok
max sequences 160 - repeat 3,vLLM max sequences,max sequences,160.0,3,41.549,1089,906,183,,ok
max sequences 160 - repeat 3,vLLM max sequences,max sequences,160.0,3,42.039,1115,927,188,,ok
max sequences 160 - repeat 3,vLLM max sequences,max sequences,160.0,3,42.544,1137,946,191,,ok
max sequences 160 - repeat 3,vLLM max sequences,max sequences,160.0,3,43.107,1145,959,186,,ok
max sequences 160 - repeat 3,vLLM max sequences,max sequences,160.0,3,43.507,1170,1020,150,,ok
max sequences 160 - repeat 3,vLLM max sequences,max sequences,160.0,3,44.099,1215,1029,186,,ok
max sequences 160 - repeat 3,vLLM max sequences,max sequences,160.0,3,44.537,1258,1066,192,,ok
max sequences 160 - repeat 3,vLLM max sequences,max sequences,160.0,3,45.052,1262,1070,192,,ok
max sequences 160 - repeat 3,vLLM max sequences,max sequences,160.0,3,45.593,1275,1089,186,,ok
max sequences 160 - repeat 3,vLLM max sequences,max sequences,160.0,3,46.028,1298,1109,189,,ok
max sequences 160 - repeat 3,vLLM max sequences,max sequences,160.0,3,46.515,1312,1124,188,,ok
max sequences 160 - repeat 3,vLLM max sequences,max sequences,160.0,3,47.026,1344,1167,177,,ok
max sequences 160 - repeat 3,vLLM max sequences,max sequences,160.0,3,47.534,1399,1215,184,,ok
max sequences 160 - repeat 3,vLLM max sequences,max sequences,160.0,3,48.032,1421,1229,192,,ok
max sequences 160 - repeat 3,vLLM max sequences,max sequences,160.0,3,48.515,1424,1232,192,,ok
max sequences 160 - repeat 3,vLLM max sequences,max sequences,160.0,3,49.032,1457,1265,192,,ok
max sequences 160 - repeat 3,vLLM max sequences,max sequences,160.0,3,49.541,1465,1273,192,,ok
max sequences 160 - repeat 3,vLLM max sequences,max sequences,160.0,3,50.003,1497,1311,186,,ok
max sequences 160 - repeat 3,vLLM max sequences,max sequences,160.0,3,50.516,1535,1343,192,,ok
max sequences 160 - repeat 3,vLLM max sequences,max sequences,160.0,3,51.041,1581,1390,191,,ok
max sequences 160 - repeat 3,vLLM max sequences,max sequences,160.0,3,51.546,1599,1409,190,,ok
max sequences 160 - repeat 3,vLLM max sequences,max sequences,160.0,3,52.041,1618,1429,189,,ok
max sequences 160 - repeat 3,vLLM max sequences,max sequences,160.0,3,52.502,1632,1440,192,,ok
max sequences 160 - repeat 3,vLLM max sequences,max sequences,160.0,3,53.499,1663,1505,158,,ok
max sequences 160 - repeat 3,vLLM max sequences,max sequences,160.0,3,53.57,1697,1552,145,,ok
max sequences 160 - repeat 3,vLLM max sequences,max sequences,160.0,3,54.011,1745,1553,192,,ok
max sequences 160 - repeat 3,vLLM max sequences,max sequences,160.0,3,54.512,1777,1585,192,,ok
max sequences 160 - repeat 3,vLLM max sequences,max sequences,160.0,3,55.009,1783,1592,191,,ok
max sequences 160 - repeat 3,vLLM max sequences,max sequences,160.0,3,55.523,1817,1631,186,,ok
max sequences 160 - repeat 3,vLLM max sequences,max sequences,160.0,3,56.097,1855,1663,192,,ok
max sequences 160 - repeat 3,vLLM max sequences,max sequences,160.0,3,56.508,1857,1680,177,,ok
max sequences 160 - repeat 3,vLLM max sequences,max sequences,160.0,3,57.018,1888,1696,192,,ok
max sequences 160 - repeat 3,vLLM max sequences,max sequences,160.0,3,57.53,1905,1713,192,,ok
max sequences 160 - repeat 3,vLLM max sequences,max sequences,160.0,3,58.038,1921,1744,177,,ok
max sequences 160 - repeat 3,vLLM max sequences,max sequences,160.0,3,58.504,1938,1751,187,,ok
max sequences 160 - repeat 3,vLLM max sequences,max sequences,160.0,3,59.008,1952,1760,192,,ok
max sequences 160 - repeat 3,vLLM max sequences,max sequences,160.0,3,59.515,1984,1792,192,,ok
max sequences 160 - repeat 3,vLLM max sequences,max sequences,160.0,3,60.006,2015,1823,192,,ok
max sequences 160 - repeat 3,vLLM max sequences,max sequences,160.0,3,60.544,2075,1883,192,,ok
max sequences 160 - repeat 3,vLLM max sequences,max sequences,160.0,3,61.002,2075,1887,188,,ok
max sequences 160 - repeat 3,vLLM max sequences,max sequences,160.0,3,61.515,2098,1906,192,,ok
max sequences 160 - repeat 3,vLLM max sequences,max sequences,160.0,3,62.013,2108,1920,188,,ok
max sequences 160 - repeat 3,vLLM max sequences,max sequences,160.0,3,62.523,2143,1951,192,,ok
max sequences 160 - repeat 3,vLLM max sequences,max sequences,160.0,3,63.204,2175,1983,192,,ok
max sequences 160 - repeat 3,vLLM max sequences,max sequences,160.0,3,63.514,2209,2017,192,,ok
max sequences 160 - repeat 3,vLLM max sequences,max sequences,160.0,3,64.018,2241,2065,176,,ok
max sequences 160 - repeat 3,vLLM max sequences,max sequences,160.0,3,64.548,2263,2072,191,,ok
max sequences 160 - repeat 3,vLLM max sequences,max sequences,160.0,3,65.051,2291,2105,186,,ok
max sequences 160 - repeat 3,vLLM max sequences,max sequences,160.0,3,65.541,2334,2143,191,,ok
max sequences 160 - repeat 3,vLLM max sequences,max sequences,160.0,3,66.024,2335,2145,190,,ok
max sequences 160 - repeat 3,vLLM max sequences,max sequences,160.0,3,66.548,2399,2207,192,,ok
max sequences 160 - repeat 3,vLLM max sequences,max sequences,160.0,3,67.02,2417,2226,191,,ok
max sequences 160 - repeat 3,vLLM max sequences,max sequences,160.0,3,67.542,2425,2240,185,,ok
max sequences 160 - repeat 3,vLLM max sequences,max sequences,160.0,3,68.03,2463,2271,192,,ok
max sequences 160 - repeat 3,vLLM max sequences,max sequences,160.0,3,68.541,2495,2303,192,,ok
max sequences 160 - repeat 3,vLLM max sequences,max sequences,160.0,3,69.018,2512,2337,175,,ok
max sequences 160 - repeat 3,vLLM max sequences,max sequences,160.0,3,69.527,2559,2367,192,,ok
max sequences 160 - repeat 3,vLLM max sequences,max sequences,160.0,3,70.042,2561,2385,176,,ok
max sequences 160 - repeat 3,vLLM max sequences,max sequences,160.0,3,70.55,2583,2392,191,,ok
max sequences 160 - repeat 3,vLLM max sequences,max sequences,160.0,3,71.007,2609,2419,190,,ok
max sequences 160 - repeat 3,vLLM max sequences,max sequences,160.0,3,71.542,2654,2462,192,,ok
max sequences 160 - repeat 3,vLLM max sequences,max sequences,160.0,3,72.013,2655,2463,192,,ok
max sequences 160 - repeat 3,vLLM max sequences,max sequences,160.0,3,72.536,2718,2527,191,,ok
max sequences 160 - repeat 3,vLLM max sequences,max sequences,160.0,3,73.173,2737,2546,191,,ok
max sequences 160 - repeat 3,vLLM max sequences,max sequences,160.0,3,73.547,2746,2556,190,,ok
max sequences 160 - repeat 3,vLLM max sequences,max sequences,160.0,3,74.025,2756,2583,173,,ok
max sequences 160 - repeat 3,vLLM max sequences,max sequences,160.0,3,74.543,2815,2623,192,,ok
max sequences 160 - repeat 3,vLLM max sequences,max sequences,160.0,3,75.039,2815,2623,192,,ok
max sequences 160 - repeat 3,vLLM max sequences,max sequences,160.0,3,75.504,2832,2655,177,,ok
max sequences 160 - repeat 3,vLLM max sequences,max sequences,160.0,3,76.104,2881,2705,176,,ok
max sequences 160 - repeat 3,vLLM max sequences,max sequences,160.0,3,76.512,2898,2709,189,,ok
max sequences 160 - repeat 3,vLLM max sequences,max sequences,160.0,3,77.048,2912,2724,188,,ok
max sequences 160 - repeat 3,vLLM max sequences,max sequences,160.0,3,77.508,2944,2756,188,,ok
max sequences 160 - repeat 3,vLLM max sequences,max sequences,160.0,3,78.045,2975,2783,192,,ok
max sequences 160 - repeat 3,vLLM max sequences,max sequences,160.0,3,78.502,3009,2817,192,,ok
max sequences 160 - repeat 3,vLLM max sequences,max sequences,160.0,3,79.011,3057,2865,192,,ok
max sequences 160 - repeat 3,vLLM max sequences,max sequences,160.0,3,79.527,3064,2873,191,,ok
max sequences 160 - repeat 3,vLLM max sequences,max sequences,160.0,3,80.035,3097,2905,192,,ok
max sequences 160 - repeat 3,vLLM max sequences,max sequences,160.0,3,80.544,3123,2943,180,,ok
max sequences 160 - repeat 3,vLLM max sequences,max sequences,160.0,3,81.049,3135,2960,175,,ok
max sequences 160 - repeat 3,vLLM max sequences,max sequences,160.0,3,81.507,3217,3025,192,,ok
max sequences 160 - repeat 3,vLLM max sequences,max sequences,160.0,3,82.016,3218,3026,192,,ok
max sequences 160 - repeat 3,vLLM max sequences,max sequences,160.0,3,82.541,3218,3026,192,,ok
max sequences 160 - repeat 3,vLLM max sequences,max sequences,160.0,3,83.176,3224,3040,184,,ok
max sequences 160 - repeat 3,vLLM max sequences,max sequences,160.0,3,83.507,3263,3071,192,,ok
max sequences 160 - repeat 3,vLLM max sequences,max sequences,160.0,3,84.006,3283,3091,192,,ok
max sequences 160 - repeat 3,vLLM max sequences,max sequences,160.0,3,84.549,3295,3103,192,,ok
max sequences 160 - repeat 3,vLLM max sequences,max sequences,160.0,3,85.034,3327,3135,192,,ok
max sequences 160 - repeat 3,vLLM max sequences,max sequences,160.0,3,85.507,3335,3151,184,,ok
max sequences 160 - repeat 3,vLLM max sequences,max sequences,160.0,3,86.129,3378,3192,186,,ok
max sequences 160 - repeat 3,vLLM max sequences,max sequences,160.0,3,86.545,3393,3204,189,,ok
max sequences 160 - repeat 3,vLLM max sequences,max sequences,160.0,3,87.029,3424,3236,188,,ok
max sequences 160 - repeat 3,vLLM max sequences,max sequences,160.0,3,87.537,3428,3248,180,,ok
max sequences 160 - repeat 3,vLLM max sequences,max sequences,160.0,3,88.045,3455,3263,192,,ok
max sequences 160 - repeat 3,vLLM max sequences,max sequences,160.0,3,88.525,3488,3297,191,,ok
max sequences 160 - repeat 3,vLLM max sequences,max sequences,160.0,3,89.043,3520,3329,191,,ok
max sequences 160 - repeat 3,vLLM max sequences,max sequences,160.0,3,89.505,3543,3352,191,,ok
max sequences 160 - repeat 3,vLLM max sequences,max sequences,160.0,3,90.012,3571,3384,187,,ok
max sequences 160 - repeat 3,vLLM max sequences,max sequences,160.0,3,90.531,3606,3415,191,,ok
max sequences 160 - repeat 3,vLLM max sequences,max sequences,160.0,3,91.038,3615,3425,190,,ok
max sequences 160 - repeat 3,vLLM max sequences,max sequences,160.0,3,91.546,3649,3462,187,,ok
max sequences 160 - repeat 3,vLLM max sequences,max sequences,160.0,3,92.002,3681,3489,192,,ok
max sequences 160 - repeat 3,vLLM max sequences,max sequences,160.0,3,92.515,3705,3513,192,,ok
max sequences 160 - repeat 3,vLLM max sequences,max sequences,160.0,3,93.44,3731,3567,164,,ok
max sequences 160 - repeat 3,vLLM max sequences,max sequences,160.0,3,93.546,3775,3583,192,,ok
max sequences 160 - repeat 3,vLLM max sequences,max sequences,160.0,3,94.068,3775,3615,160,,ok
max sequences 160 - repeat 3,vLLM max sequences,max sequences,160.0,3,94.7,3807,3639,168,,ok
max sequences 160 - repeat 3,vLLM max sequences,max sequences,160.0,3,95.015,3863,3671,192,,ok
max sequences 160 - repeat 3,vLLM max sequences,max sequences,160.0,3,95.513,3864,3672,192,,ok
max sequences 160 - repeat 3,vLLM max sequences,max sequences,160.0,3,96.032,3865,3673,192,,ok
max sequences 160 - repeat 3,vLLM max sequences,max sequences,160.0,3,96.509,3896,3705,191,,ok
max sequences 160 - repeat 3,vLLM max sequences,max sequences,160.0,3,97.032,3923,3731,192,,ok
max sequences 160 - repeat 3,vLLM max sequences,max sequences,160.0,3,97.539,3937,3760,177,,ok
max sequences 160 - repeat 3,vLLM max sequences,max sequences,160.0,3,98.017,3967,3775,192,,ok
max sequences 160 - repeat 3,vLLM max sequences,max sequences,160.0,3,98.525,4014,3832,182,,ok
max sequences 160 - repeat 3,vLLM max sequences,max sequences,160.0,3,99.008,4032,3841,191,,ok
max sequences 160 - repeat 3,vLLM max sequences,max sequences,160.0,3,99.515,4064,3872,192,,ok
max sequences 160 - repeat 3,vLLM max sequences,max sequences,160.0,3,100.006,4093,3903,190,,ok
max sequences 160 - repeat 3,vLLM max sequences,max sequences,160.0,3,100.513,4127,3935,192,,ok
max sequences 160 - repeat 3,vLLM max sequences,max sequences,160.0,3,101.019,4130,3953,177,,ok
max sequences 160 - repeat 3,vLLM max sequences,max sequences,160.0,3,101.526,4184,3993,191,,ok
max sequences 160 - repeat 3,vLLM max sequences,max sequences,160.0,3,102.041,4216,4031,185,,ok
max sequences 160 - repeat 3,vLLM max sequences,max sequences,160.0,3,102.529,4243,4051,192,,ok
max sequences 160 - repeat 3,vLLM max sequences,max sequences,160.0,3,103.058,4255,4093,162,,ok
max sequences 160 - repeat 3,vLLM max sequences,max sequences,160.0,3,103.528,4287,4095,192,,ok
max sequences 160 - repeat 3,vLLM max sequences,max sequences,160.0,3,104.009,4322,4130,192,,ok
max sequences 160 - repeat 3,vLLM max sequences,max sequences,160.0,3,104.557,4353,4164,189,,ok
max sequences 160 - repeat 3,vLLM max sequences,max sequences,160.0,3,105.022,4384,4196,188,,ok
max sequences 160 - repeat 3,vLLM max sequences,max sequences,160.0,3,105.549,4413,4223,190,,ok
max sequences 160 - repeat 3,vLLM max sequences,max sequences,160.0,3,106.009,4447,4255,192,,ok
max sequences 160 - repeat 3,vLLM max sequences,max sequences,160.0,3,106.517,4450,4273,177,,ok
max sequences 160 - repeat 3,vLLM max sequences,max sequences,160.0,3,107.028,4505,4313,192,,ok
max sequences 160 - repeat 3,vLLM max sequences,max sequences,160.0,3,107.549,4543,4351,192,,ok
max sequences 160 - repeat 3,vLLM max sequences,max sequences,160.0,3,108.026,4563,4371,192,,ok
max sequences 160 - repeat 3,vLLM max sequences,max sequences,160.0,3,108.502,4577,4400,177,,ok
max sequences 160 - repeat 3,vLLM max sequences,max sequences,160.0,3,109.018,4607,4415,192,,ok
max sequences 160 - repeat 3,vLLM max sequences,max sequences,160.0,3,109.547,4650,4459,191,,ok
max sequences 160 - repeat 3,vLLM max sequences,max sequences,160.0,3,110.018,4673,4484,189,,ok
max sequences 160 - repeat 3,vLLM max sequences,max sequences,160.0,3,110.537,4708,4517,191,,ok
max sequences 160 - repeat 3,vLLM max sequences,max sequences,160.0,3,111.006,4735,4543,192,,ok
max sequences 160 - repeat 3,vLLM max sequences,max sequences,160.0,3,111.521,4767,4575,192,,ok
max sequences 160 - repeat 3,vLLM max sequences,max sequences,160.0,3,112.047,4785,4607,178,,ok
max sequences 160 - repeat 3,vLLM max sequences,max sequences,160.0,3,112.506,4824,4633,191,,ok
max sequences 160 - repeat 3,vLLM max sequences,max sequences,160.0,3,113.511,4856,4691,165,,ok
max sequences 160 - repeat 3,vLLM max sequences,max sequences,160.0,3,114.041,4927,4735,192,,ok
max sequences 160 - repeat 3,vLLM max sequences,max sequences,160.0,3,114.503,4927,4735,192,,ok
max sequences 160 - repeat 3,vLLM max sequences,max sequences,160.0,3,115.05,4927,4735,192,,ok
max sequences 160 - repeat 3,vLLM max sequences,max sequences,160.0,3,115.507,4992,4801,191,,ok
max sequences 160 - repeat 3,vLLM max sequences,max sequences,160.0,3,116.042,5016,4824,192,,ok
max sequences 160 - repeat 3,vLLM max sequences,max sequences,160.0,3,116.53,5023,4831,192,,ok
max sequences 160 - repeat 3,vLLM max sequences,max sequences,160.0,3,117.01,5028,4836,192,,ok
max sequences 160 - repeat 3,vLLM max sequences,max sequences,160.0,3,117.547,5087,4895,192,,ok
max sequences 160 - repeat 3,vLLM max sequences,max sequences,160.0,3,118.029,5087,4895,192,,ok
max sequences 160 - repeat 3,vLLM max sequences,max sequences,160.0,3,118.517,5087,4898,189,,ok
max sequences 160 - repeat 3,vLLM max sequences,max sequences,160.0,3,119.043,5119,4929,190,,ok
max sequences 160 - repeat 3,vLLM max sequences,max sequences,160.0,3,119.514,5177,4985,192,,ok
max sequences 160 - repeat 3,vLLM max sequences,max sequences,160.0,3,120.04,5183,4991,192,,ok
max sequences 160 - repeat 3,vLLM max sequences,max sequences,160.0,3,120.508,5188,4996,192,,ok
max sequences 160 - repeat 3,vLLM max sequences,max sequences,160.0,3,121.022,5247,5055,192,,ok
max sequences 160 - repeat 3,vLLM max sequences,max sequences,160.0,3,121.534,5247,5055,192,,ok
max sequences 160 - repeat 3,vLLM max sequences,max sequences,160.0,3,122.046,5279,5087,192,,ok
max sequences 160 - repeat 3,vLLM max sequences,max sequences,160.0,3,122.516,5337,5151,186,,ok
max sequences 160 - repeat 3,vLLM max sequences,max sequences,160.0,3,123.07,5348,5156,192,,ok
max sequences 160 - repeat 3,vLLM max sequences,max sequences,160.0,3,123.514,5360,5200,160,,ok
max sequences 160 - repeat 3,vLLM max sequences,max sequences,160.0,3,124.516,5407,5218,189,,ok
max sequences 160 - repeat 3,vLLM max sequences,max sequences,160.0,3,125.234,5439,5316,123,,ok
max sequences 160 - repeat 3,vLLM max sequences,max sequences,160.0,3,125.545,5508,5316,192,,ok
max sequences 160 - repeat 3,vLLM max sequences,max sequences,160.0,3,126.016,5508,5316,192,,ok
max sequences 160 - repeat 3,vLLM max sequences,max sequences,160.0,3,126.503,5508,5316,192,,ok
max sequences 160 - repeat 3,vLLM max sequences,max sequences,160.0,3,127.041,5540,5348,192,,ok
max sequences 160 - repeat 3,vLLM max sequences,max sequences,160.0,3,127.549,5567,5375,192,,ok
max sequences 160 - repeat 3,vLLM max sequences,max sequences,160.0,3,128.007,5599,5407,192,,ok
max sequences 160 - repeat 3,vLLM max sequences,max sequences,160.0,3,128.536,5602,5410,192,,ok
max sequences 160 - repeat 3,vLLM max sequences,max sequences,160.0,3,129.002,5664,5476,188,,ok
max sequences 160 - repeat 3,vLLM max sequences,max sequences,160.0,3,129.526,5680,5503,177,,ok
max sequences 160 - repeat 3,vLLM max sequences,max sequences,160.0,3,130.003,5725,5535,190,,ok
max sequences 160 - repeat 3,vLLM max sequences,max sequences,160.0,3,130.539,5759,5567,192,,ok
max sequences 160 - repeat 3,vLLM max sequences,max sequences,160.0,3,131.05,5762,5570,192,,ok
max sequences 160 - repeat 3,vLLM max sequences,max sequences,160.0,3,131.514,5791,5605,186,,ok
max sequences 160 - repeat 3,vLLM max sequences,max sequences,160.0,3,132.044,5828,5636,192,,ok
max sequences 160 - repeat 3,vLLM max sequences,max sequences,160.0,3,132.502,5860,5668,192,,ok
max sequences 160 - repeat 3,vLLM max sequences,max sequences,160.0,3,133.14,5887,5695,192,,ok
max sequences 160 - repeat 3,vLLM max sequences,max sequences,160.0,3,133.521,5919,5727,192,,ok
max sequences 160 - repeat 3,vLLM max sequences,max sequences,160.0,3,134.205,5922,5733,189,,ok
max sequences 160 - repeat 3,vLLM max sequences,max sequences,160.0,3,134.501,5988,5796,192,,ok
max sequences 160 - repeat 3,vLLM max sequences,max sequences,160.0,3,136.041,5988,5855,133,,ok
max sequences 160 - repeat 3,vLLM max sequences,max sequences,160.0,3,136.526,6082,5890,192,,ok
max sequences 160 - repeat 3,vLLM max sequences,max sequences,160.0,3,137.049,6082,5890,192,,ok
max sequences 160 - repeat 3,vLLM max sequences,max sequences,160.0,3,137.508,6082,5908,174,,ok
max sequences 160 - repeat 3,vLLM max sequences,max sequences,160.0,3,138.018,6141,5956,185,,ok
max sequences 160 - repeat 3,vLLM max sequences,max sequences,160.0,3,138.524,6180,5988,192,,ok
max sequences 160 - repeat 3,vLLM max sequences,max sequences,160.0,3,139.033,6180,5988,192,,ok
max sequences 160 - repeat 3,vLLM max sequences,max sequences,160.0,3,139.549,6199,6023,176,,ok
max sequences 160 - repeat 3,vLLM max sequences,max sequences,160.0,3,140.008,6215,6039,176,,ok
max sequences 160 - repeat 3,vLLM max sequences,max sequences,160.0,3,140.545,6242,6050,192,,ok
max sequences 160 - repeat 3,vLLM max sequences,max sequences,160.0,3,141.006,6260,6079,181,,ok
max sequences 160 - repeat 3,vLLM max sequences,max sequences,160.0,3,141.536,6308,6116,192,,ok
max sequences 160 - repeat 3,vLLM max sequences,max sequences,160.0,3,142.044,6340,6148,192,,ok
max sequences 160 - repeat 3,vLLM max sequences,max sequences,160.0,3,142.524,6340,6148,192,,ok
max sequences 160 - repeat 3,vLLM max sequences,max sequences,160.0,3,143.403,6344,6210,134,,ok
max sequences 160 - repeat 3,vLLM max sequences,max sequences,160.0,3,143.586,6402,6276,126,,ok
max sequences 160 - repeat 3,vLLM max sequences,max sequences,160.0,3,144.028,6468,6277,191,,ok
max sequences 160 - repeat 3,vLLM max sequences,max sequences,160.0,3,144.532,6500,6308,192,,ok
max sequences 160 - repeat 3,vLLM max sequences,max sequences,160.0,3,145.022,6500,6308,192,,ok
max sequences 160 - repeat 3,vLLM max sequences,max sequences,160.0,3,145.538,6519,6344,175,,ok
max sequences 160 - repeat 3,vLLM max sequences,max sequences,160.0,3,146.038,6536,6344,192,,ok
max sequences 160 - repeat 3,vLLM max sequences,max sequences,160.0,3,146.53,6570,6378,192,,ok
max sequences 160 - repeat 3,vLLM max sequences,max sequences,160.0,3,147.039,6602,6410,192,,ok
max sequences 160 - repeat 3,vLLM max sequences,max sequences,160.0,3,147.501,6618,6426,192,,ok
max sequences 160 - repeat 3,vLLM max sequences,max sequences,160.0,3,148.029,6640,6448,192,,ok
max sequences 160 - repeat 3,vLLM max sequences,max sequences,160.0,3,148.544,6660,6468,192,,ok
max sequences 160 - repeat 3,vLLM max sequences,max sequences,160.0,3,149.015,6660,6468,192,,ok
max sequences 160 - repeat 3,vLLM max sequences,max sequences,160.0,3,149.508,6692,6500,192,,ok
max sequences 160 - repeat 3,vLLM max sequences,max sequences,160.0,3,150.009,6696,6504,192,,ok
max sequences 160 - repeat 3,vLLM max sequences,max sequences,160.0,3,150.508,6769,6577,192,,ok
max sequences 160 - repeat 3,vLLM max sequences,max sequences,160.0,3,151.019,6800,6623,177,,ok
max sequences 160 - repeat 3,vLLM max sequences,max sequences,160.0,3,151.542,6820,6628,192,,ok
max sequences 160 - repeat 3,vLLM max sequences,max sequences,160.0,3,152.012,6820,6628,192,,ok
max sequences 160 - repeat 3,vLLM max sequences,max sequences,160.0,3,152.931,6820,6628,192,,ok
max sequences 160 - repeat 3,vLLM max sequences,max sequences,160.0,3,153.036,6852,6660,192,,ok
max sequences 160 - repeat 3,vLLM max sequences,max sequences,160.0,3,153.527,6856,6664,192,,ok
max sequences 160 - repeat 3,vLLM max sequences,max sequences,160.0,3,154.028,6909,6788,121,,ok
max sequences 160 - repeat 3,vLLM max sequences,max sequences,160.0,3,154.524,6980,6788,192,,ok
max sequences 160 - repeat 3,vLLM max sequences,max sequences,160.0,3,155.05,6980,6788,192,,ok
max sequences 160 - repeat 3,vLLM max sequences,max sequences,160.0,3,155.891,6980,6792,188,,ok
max sequences 160 - repeat 3,vLLM max sequences,max sequences,160.0,3,156.045,7012,6820,192,,ok
max sequences 160 - repeat 3,vLLM max sequences,max sequences,160.0,3,156.522,7016,6824,192,,ok
max sequences 160 - repeat 3,vLLM max sequences,max sequences,160.0,3,157.03,7051,6859,192,,ok
max sequences 160 - repeat 3,vLLM max sequences,max sequences,160.0,3,157.605,7089,6897,192,,ok
max sequences 160 - repeat 3,vLLM max sequences,max sequences,160.0,3,158.024,7136,6944,192,,ok
max sequences 160 - repeat 3,vLLM max sequences,max sequences,160.0,3,158.533,7140,6948,192,,ok
max sequences 160 - repeat 3,vLLM max sequences,max sequences,160.0,3,159.01,7140,6948,192,,ok
max sequences 160 - repeat 3,vLLM max sequences,max sequences,160.0,3,159.519,7140,6948,192,,ok
max sequences 160 - repeat 3,vLLM max sequences,max sequences,160.0,3,160.028,7172,6982,190,,ok
max sequences 160 - repeat 3,vLLM max sequences,max sequences,160.0,3,160.571,7179,6996,183,,ok
max sequences 160 - repeat 3,vLLM max sequences,max sequences,160.0,3,161.029,7218,7041,177,,ok
max sequences 160 - repeat 3,vLLM max sequences,max sequences,160.0,3,161.514,7300,7108,192,,ok
max sequences 160 - repeat 3,vLLM max sequences,max sequences,160.0,3,162.025,7300,7108,192,,ok
max sequences 160 - repeat 3,vLLM max sequences,max sequences,160.0,3,162.534,7332,7140,192,,ok
max sequences 160 - repeat 3,vLLM max sequences,max sequences,160.0,3,163.04,7336,7144,192,,ok
max sequences 160 - repeat 3,vLLM max sequences,max sequences,160.0,3,163.503,7371,7179,192,,ok
max sequences 160 - repeat 3,vLLM max sequences,max sequences,160.0,3,164.035,7460,7268,192,,ok
max sequences 160 - repeat 3,vLLM max sequences,max sequences,160.0,3,164.742,7460,7268,192,,ok
max sequences 160 - repeat 3,vLLM max sequences,max sequences,160.0,3,165.002,7460,7268,192,,ok
max sequences 160 - repeat 3,vLLM max sequences,max sequences,160.0,3,165.598,7479,7300,179,,ok
max sequences 160 - repeat 3,vLLM max sequences,max sequences,160.0,3,166.035,7496,7304,192,,ok
max sequences 160 - repeat 3,vLLM max sequences,max sequences,160.0,3,166.508,7528,7339,189,,ok
max sequences 160 - repeat 3,vLLM max sequences,max sequences,160.0,3,167.038,7563,7376,187,,ok
max sequences 160 - repeat 3,vLLM max sequences,max sequences,160.0,3,167.571,7599,7407,192,,ok
max sequences 160 - repeat 3,vLLM max sequences,max sequences,160.0,3,168.03,7620,7428,192,,ok
max sequences 160 - repeat 3,vLLM max sequences,max sequences,160.0,3,168.541,7639,7447,192,,ok
max sequences 160 - repeat 3,vLLM max sequences,max sequences,160.0,3,169.005,7656,7464,192,,ok
max sequences 160 - repeat 3,vLLM max sequences,max sequences,160.0,3,169.523,7688,7496,192,,ok
max sequences 160 - repeat 3,vLLM max sequences,max sequences,160.0,3,170.032,7723,7531,192,,ok
max sequences 160 - repeat 3,vLLM max sequences,max sequences,160.0,3,170.543,7780,7588,192,,ok
max sequences 160 - repeat 3,vLLM max sequences,max sequences,160.0,3,171.001,7780,7588,192,,ok
max sequences 160 - repeat 3,vLLM max sequences,max sequences,160.0,3,171.512,7780,7588,192,,ok
max sequences 160 - repeat 3,vLLM max sequences,max sequences,160.0,3,172.022,7816,7624,192,,ok
max sequences 160 - repeat 3,vLLM max sequences,max sequences,160.0,3,172.53,7834,7652,182,,ok
max sequences 160 - repeat 3,vLLM max sequences,max sequences,160.0,3,173.018,7873,7691,182,,ok
max sequences 160 - repeat 3,vLLM max sequences,max sequences,160.0,3,173.504,7915,7728,187,,ok
max sequences 160 - repeat 3,vLLM max sequences,max sequences,160.0,3,174.014,7940,7748,192,,ok
max sequences 160 - repeat 3,vLLM max sequences,max sequences,160.0,3,174.539,7972,7780,192,,ok
max sequences 160 - repeat 3,vLLM max sequences,max sequences,160.0,3,175.019,7976,7784,192,,ok
max sequences 160 - repeat 3,vLLM max sequences,max sequences,160.0,3,175.555,8011,7826,185,,ok
max sequences 160 - repeat 3,vLLM max sequences,max sequences,160.0,3,176.05,8033,7856,177,,ok
max sequences 160 - repeat 3,vLLM max sequences,max sequences,160.0,3,176.514,8100,7908,192,,ok
max sequences 160 - repeat 3,vLLM max sequences,max sequences,160.0,3,177.001,8100,7927,173,,ok
max sequences 160 - repeat 3,vLLM max sequences,max sequences,160.0,3,177.509,8136,7944,192,,ok
max sequences 160 - repeat 3,vLLM max sequences,max sequences,160.0,3,178.026,8168,7976,192,,ok
max sequences 160 - repeat 3,vLLM max sequences,max sequences,160.0,3,178.528,8196,8011,185,,ok
max sequences 160 - repeat 3,vLLM max sequences,max sequences,160.0,3,179.012,8243,8051,192,,ok
max sequences 160 - repeat 3,vLLM max sequences,max sequences,160.0,3,179.518,8260,8068,192,,ok
max sequences 192 - repeat 1,vLLM max sequences,max sequences,192.0,1,0.0,0,0,0,,ok
max sequences 192 - repeat 1,vLLM max sequences,max sequences,192.0,1,0.511,3,0,3,,ok
max sequences 192 - repeat 1,vLLM max sequences,max sequences,192.0,1,1.019,6,0,6,,ok
max sequences 192 - repeat 1,vLLM max sequences,max sequences,192.0,1,1.526,10,1,9,,ok
max sequences 192 - repeat 1,vLLM max sequences,max sequences,192.0,1,2.044,18,5,13,,ok
max sequences 192 - repeat 1,vLLM max sequences,max sequences,192.0,1,2.5,24,8,16,,ok
max sequences 192 - repeat 1,vLLM max sequences,max sequences,192.0,1,3.011,27,8,19,,ok
max sequences 192 - repeat 1,vLLM max sequences,max sequences,192.0,1,3.52,30,8,22,,ok
max sequences 192 - repeat 1,vLLM max sequences,max sequences,192.0,1,4.027,33,8,25,,ok
max sequences 192 - repeat 1,vLLM max sequences,max sequences,192.0,1,4.535,37,8,29,,ok
max sequences 192 - repeat 1,vLLM max sequences,max sequences,192.0,1,5.042,43,12,31,,ok
max sequences 192 - repeat 1,vLLM max sequences,max sequences,192.0,1,5.513,51,16,35,,ok
max sequences 192 - repeat 1,vLLM max sequences,max sequences,192.0,1,6.019,72,34,38,,ok
max sequences 192 - repeat 1,vLLM max sequences,max sequences,192.0,1,6.53,75,34,41,,ok
max sequences 192 - repeat 1,vLLM max sequences,max sequences,192.0,1,7.052,79,34,45,,ok
max sequences 192 - repeat 1,vLLM max sequences,max sequences,192.0,1,7.517,82,35,47,,ok
max sequences 192 - repeat 1,vLLM max sequences,max sequences,192.0,1,8.006,92,41,51,,ok
max sequences 192 - repeat 1,vLLM max sequences,max sequences,192.0,1,8.501,95,41,54,,ok
max sequences 192 - repeat 1,vLLM max sequences,max sequences,192.0,1,9.041,99,41,58,,ok
max sequences 192 - repeat 1,vLLM max sequences,max sequences,192.0,1,9.528,110,49,61,,ok
max sequences 192 - repeat 1,vLLM max sequences,max sequences,192.0,1,10.041,113,49,64,,ok
max sequences 192 - repeat 1,vLLM max sequences,max sequences,192.0,1,10.551,116,49,67,,ok
max sequences 192 - repeat 1,vLLM max sequences,max sequences,192.0,1,11.019,151,81,70,,ok
max sequences 192 - repeat 1,vLLM max sequences,max sequences,192.0,1,11.529,154,81,73,,ok
max sequences 192 - repeat 1,vLLM max sequences,max sequences,192.0,1,12.037,158,81,77,,ok
max sequences 192 - repeat 1,vLLM max sequences,max sequences,192.0,1,12.547,161,81,80,,ok
max sequences 192 - repeat 1,vLLM max sequences,max sequences,192.0,1,13.009,165,82,83,,ok
max sequences 192 - repeat 1,vLLM max sequences,max sequences,192.0,1,13.533,168,82,86,,ok
max sequences 192 - repeat 1,vLLM max sequences,max sequences,192.0,1,14.016,171,82,89,,ok
max sequences 192 - repeat 1,vLLM max sequences,max sequences,192.0,1,14.523,181,97,84,,ok
max sequences 192 - repeat 1,vLLM max sequences,max sequences,192.0,1,15.03,193,97,96,,ok
max sequences 192 - repeat 1,vLLM max sequences,max sequences,192.0,1,15.549,197,101,96,,ok
max sequences 192 - repeat 1,vLLM max sequences,max sequences,192.0,1,16.047,217,115,102,,ok
max sequences 192 - repeat 1,vLLM max sequences,max sequences,192.0,1,16.51,221,116,105,,ok
max sequences 192 - repeat 1,vLLM max sequences,max sequences,192.0,1,17.045,225,116,109,,ok
max sequences 192 - repeat 1,vLLM max sequences,max sequences,192.0,1,17.524,228,116,112,,ok
max sequences 192 - repeat 1,vLLM max sequences,max sequences,192.0,1,18.048,285,170,115,,ok
max sequences 192 - repeat 1,vLLM max sequences,max sequences,192.0,1,18.505,289,171,118,,ok
max sequences 192 - repeat 1,vLLM max sequences,max sequences,192.0,1,19.032,292,171,121,,ok
max sequences 192 - repeat 1,vLLM max sequences,max sequences,192.0,1,19.515,296,171,125,,ok
max sequences 192 - repeat 1,vLLM max sequences,max sequences,192.0,1,20.04,300,173,127,,ok
max sequences 192 - repeat 1,vLLM max sequences,max sequences,192.0,1,20.549,324,193,131,,ok
max sequences 192 - repeat 1,vLLM max sequences,max sequences,192.0,1,21.007,327,193,134,,ok
max sequences 192 - repeat 1,vLLM max sequences,max sequences,192.0,1,21.516,330,193,137,,ok
max sequences 192 - repeat 1,vLLM max sequences,max sequences,192.0,1,22.025,334,193,141,,ok
max sequences 192 - repeat 1,vLLM max sequences,max sequences,192.0,1,22.547,338,194,144,,ok
max sequences 192 - repeat 1,vLLM max sequences,max sequences,192.0,1,23.004,347,225,122,,ok
max sequences 192 - repeat 1,vLLM max sequences,max sequences,192.0,1,23.514,376,226,150,,ok
max sequences 192 - repeat 1,vLLM max sequences,max sequences,192.0,1,24.023,379,227,152,,ok
max sequences 192 - repeat 1,vLLM max sequences,max sequences,192.0,1,24.545,453,296,157,,ok
max sequences 192 - repeat 1,vLLM max sequences,max sequences,192.0,1,25.039,456,296,160,,ok
max sequences 192 - repeat 1,vLLM max sequences,max sequences,192.0,1,25.546,459,296,163,,ok
max sequences 192 - repeat 1,vLLM max sequences,max sequences,192.0,1,26.008,462,296,166,,ok
max sequences 192 - repeat 1,vLLM max sequences,max sequences,192.0,1,26.521,465,296,169,,ok
max sequences 192 - repeat 1,vLLM max sequences,max sequences,192.0,1,27.039,469,296,173,,ok
max sequences 192 - repeat 1,vLLM max sequences,max sequences,192.0,1,27.539,475,299,176,,ok
max sequences 192 - repeat 1,vLLM max sequences,max sequences,192.0,1,28.028,480,301,179,,ok
max sequences 192 - repeat 1,vLLM max sequences,max sequences,192.0,1,28.551,483,301,182,,ok
max sequences 192 - repeat 1,vLLM max sequences,max sequences,192.0,1,29.044,521,337,184,,ok
max sequences 192 - repeat 1,vLLM max sequences,max sequences,192.0,1,29.52,527,338,189,,ok
max sequences 192 - repeat 1,vLLM max sequences,max sequences,192.0,1,30.029,531,339,192,,ok
max sequences 192 - repeat 1,vLLM max sequences,max sequences,192.0,1,30.544,569,377,192,,ok
max sequences 192 - repeat 1,vLLM max sequences,max sequences,192.0,1,31.003,569,377,192,,ok
max sequences 192 - repeat 1,vLLM max sequences,max sequences,192.0,1,31.533,573,381,192,,ok
max sequences 192 - repeat 1,vLLM max sequences,max sequences,192.0,1,32.003,662,470,192,,ok
max sequences 192 - repeat 1,vLLM max sequences,max sequences,192.0,1,32.521,662,470,192,,ok
max sequences 192 - repeat 1,vLLM max sequences,max sequences,192.0,1,33.031,662,470,192,,ok
max sequences 192 - repeat 1,vLLM max sequences,max sequences,192.0,1,33.542,676,484,192,,ok
max sequences 192 - repeat 1,vLLM max sequences,max sequences,192.0,1,34.002,676,484,192,,ok
max sequences 192 - repeat 1,vLLM max sequences,max sequences,192.0,1,34.51,719,527,192,,ok
max sequences 192 - repeat 1,vLLM max sequences,max sequences,192.0,1,35.025,719,527,192,,ok
max sequences 192 - repeat 1,vLLM max sequences,max sequences,192.0,1,35.604,719,529,190,,ok
max sequences 192 - repeat 1,vLLM max sequences,max sequences,192.0,1,36.019,728,544,184,,ok
max sequences 192 - repeat 1,vLLM max sequences,max sequences,192.0,1,36.536,761,569,192,,ok
max sequences 192 - repeat 1,vLLM max sequences,max sequences,192.0,1,37.048,761,569,192,,ok
max sequences 192 - repeat 1,vLLM max sequences,max sequences,192.0,1,37.539,835,662,173,,ok
max sequences 192 - repeat 1,vLLM max sequences,max sequences,192.0,1,38.004,854,662,192,,ok
max sequences 192 - repeat 1,vLLM max sequences,max sequences,192.0,1,38.535,867,675,192,,ok
max sequences 192 - repeat 1,vLLM max sequences,max sequences,192.0,1,39.05,868,676,192,,ok
max sequences 192 - repeat 1,vLLM max sequences,max sequences,192.0,1,39.532,868,676,192,,ok
max sequences 192 - repeat 1,vLLM max sequences,max sequences,192.0,1,40.045,913,721,192,,ok
max sequences 192 - repeat 1,vLLM max sequences,max sequences,192.0,1,40.504,913,721,192,,ok
max sequences 192 - repeat 1,vLLM max sequences,max sequences,192.0,1,41.011,953,761,192,,ok
max sequences 192 - repeat 1,vLLM max sequences,max sequences,192.0,1,41.521,953,761,192,,ok
max sequences 192 - repeat 1,vLLM max sequences,max sequences,192.0,1,42.027,953,762,191,,ok
max sequences 192 - repeat 1,vLLM max sequences,max sequences,192.0,1,42.537,991,830,161,,ok
max sequences 192 - repeat 1,vLLM max sequences,max sequences,192.0,1,43.045,1060,868,192,,ok
max sequences 192 - repeat 1,vLLM max sequences,max sequences,192.0,1,43.504,1060,868,192,,ok
max sequences 192 - repeat 1,vLLM max sequences,max sequences,192.0,1,44.029,1060,868,192,,ok
max sequences 192 - repeat 1,vLLM max sequences,max sequences,192.0,1,44.537,1105,913,192,,ok
max sequences 192 - repeat 1,vLLM max sequences,max sequences,192.0,1,45.045,1106,914,192,,ok
max sequences 192 - repeat 1,vLLM max sequences,max sequences,192.0,1,45.519,1145,953,192,,ok
max sequences 192 - repeat 1,vLLM max sequences,max sequences,192.0,1,46.041,1146,954,192,,ok
max sequences 192 - repeat 1,vLLM max sequences,max sequences,192.0,1,46.521,1252,1060,192,,ok
max sequences 192 - repeat 1,vLLM max sequences,max sequences,192.0,1,47.032,1252,1060,192,,ok
max sequences 192 - repeat 1,vLLM max sequences,max sequences,192.0,1,47.547,1252,1060,192,,ok
max sequences 192 - repeat 1,vLLM max sequences,max sequences,192.0,1,48.026,1252,1060,192,,ok
max sequences 192 - repeat 1,vLLM max sequences,max sequences,192.0,1,48.572,1252,1106,146,,ok
max sequences 192 - repeat 1,vLLM max sequences,max sequences,192.0,1,49.042,1337,1145,192,,ok
max sequences 192 - repeat 1,vLLM max sequences,max sequences,192.0,1,49.515,1337,1145,192,,ok
max sequences 192 - repeat 1,vLLM max sequences,max sequences,192.0,1,50.028,1337,1145,192,,ok
max sequences 192 - repeat 1,vLLM max sequences,max sequences,192.0,1,50.549,1338,1146,192,,ok
max sequences 192 - repeat 1,vLLM max sequences,max sequences,192.0,1,51.015,1444,1252,192,,ok
max sequences 192 - repeat 1,vLLM max sequences,max sequences,192.0,1,51.527,1444,1252,192,,ok
max sequences 192 - repeat 1,vLLM max sequences,max sequences,192.0,1,52.037,1444,1252,192,,ok
max sequences 192 - repeat 1,vLLM max sequences,max sequences,192.0,1,52.547,1444,1252,192,,ok
max sequences 192 - repeat 1,vLLM max sequences,max sequences,192.0,1,53.038,1451,1261,190,,ok
max sequences 192 - repeat 1,vLLM max sequences,max sequences,192.0,1,53.547,1460,1268,192,,ok
max sequences 192 - repeat 1,vLLM max sequences,max sequences,192.0,1,54.008,1529,1337,192,,ok
max sequences 192 - repeat 1,vLLM max sequences,max sequences,192.0,1,54.533,1529,1338,191,,ok
max sequences 192 - repeat 1,vLLM max sequences,max sequences,192.0,1,55.054,1532,1340,192,,ok
max sequences 192 - repeat 1,vLLM max sequences,max sequences,192.0,1,55.51,1636,1444,192,,ok
max sequences 192 - repeat 1,vLLM max sequences,max sequences,192.0,1,56.021,1636,1444,192,,ok
max sequences 192 - repeat 1,vLLM max sequences,max sequences,192.0,1,56.529,1637,1451,186,,ok
max sequences 192 - repeat 1,vLLM max sequences,max sequences,192.0,1,57.013,1652,1460,192,,ok
max sequences 192 - repeat 1,vLLM max sequences,max sequences,192.0,1,57.533,1652,1460,192,,ok
max sequences 192 - repeat 1,vLLM max sequences,max sequences,192.0,1,58.003,1721,1529,192,,ok
max sequences 192 - repeat 1,vLLM max sequences,max sequences,192.0,1,58.539,1722,1530,192,,ok
max sequences 192 - repeat 1,vLLM max sequences,max sequences,192.0,1,59.02,1722,1530,192,,ok
max sequences 192 - repeat 1,vLLM max sequences,max sequences,192.0,1,59.558,1722,1532,190,,ok
max sequences 192 - repeat 1,vLLM max sequences,max sequences,192.0,1,60.017,1828,1636,192,,ok
max sequences 192 - repeat 1,vLLM max sequences,max sequences,192.0,1,60.527,1828,1636,192,,ok
max sequences 192 - repeat 1,vLLM max sequences,max sequences,192.0,1,61.039,1828,1636,192,,ok
max sequences 192 - repeat 1,vLLM max sequences,max sequences,192.0,1,61.501,1828,1636,192,,ok
max sequences 192 - repeat 1,vLLM max sequences,max sequences,192.0,1,62.014,1844,1652,192,,ok
max sequences 192 - repeat 1,vLLM max sequences,max sequences,192.0,1,62.522,1914,1722,192,,ok
max sequences 192 - repeat 1,vLLM max sequences,max sequences,192.0,1,63.035,1914,1722,192,,ok
max sequences 192 - repeat 1,vLLM max sequences,max sequences,192.0,1,63.51,1986,1828,158,,ok
max sequences 192 - repeat 1,vLLM max sequences,max sequences,192.0,1,64.026,2020,1828,192,,ok
max sequences 192 - repeat 1,vLLM max sequences,max sequences,192.0,1,64.545,2020,1828,192,,ok
max sequences 192 - repeat 1,vLLM max sequences,max sequences,192.0,1,65.018,2020,1828,192,,ok
max sequences 192 - repeat 1,vLLM max sequences,max sequences,192.0,1,65.524,2020,1828,192,,ok
max sequences 192 - repeat 1,vLLM max sequences,max sequences,192.0,1,66.03,2036,1844,192,,ok
max sequences 192 - repeat 1,vLLM max sequences,max sequences,192.0,1,66.544,2036,1844,192,,ok
max sequences 192 - repeat 1,vLLM max sequences,max sequences,192.0,1,67.044,2106,1914,192,,ok
max sequences 192 - repeat 1,vLLM max sequences,max sequences,192.0,1,67.551,2106,1914,192,,ok
max sequences 192 - repeat 1,vLLM max sequences,max sequences,192.0,1,68.028,2106,1914,192,,ok
max sequences 192 - repeat 1,vLLM max sequences,max sequences,192.0,1,68.528,2212,2020,192,,ok
max sequences 192 - repeat 1,vLLM max sequences,max sequences,192.0,1,69.002,2212,2020,192,,ok
max sequences 192 - repeat 1,vLLM max sequences,max sequences,192.0,1,69.536,2212,2020,192,,ok
max sequences 192 - repeat 1,vLLM max sequences,max sequences,192.0,1,70.005,2212,2020,192,,ok
max sequences 192 - repeat 1,vLLM max sequences,max sequences,192.0,1,70.517,2229,2037,192,,ok
max sequences 192 - repeat 1,vLLM max sequences,max sequences,192.0,1,71.024,2298,2106,192,,ok
max sequences 192 - repeat 1,vLLM max sequences,max sequences,192.0,1,71.534,2298,2106,192,,ok
max sequences 192 - repeat 1,vLLM max sequences,max sequences,192.0,1,72.049,2298,2106,192,,ok
max sequences 192 - repeat 1,vLLM max sequences,max sequences,192.0,1,72.54,2404,2212,192,,ok
max sequences 192 - repeat 1,vLLM max sequences,max sequences,192.0,1,73.05,2404,2212,192,,ok
max sequences 192 - repeat 1,vLLM max sequences,max sequences,192.0,1,73.51,2404,2212,192,,ok
max sequences 192 - repeat 1,vLLM max sequences,max sequences,192.0,1,74.019,2404,2212,192,,ok
max sequences 192 - repeat 1,vLLM max sequences,max sequences,192.0,1,74.536,2421,2229,192,,ok
max sequences 192 - repeat 1,vLLM max sequences,max sequences,192.0,1,75.045,2421,2229,192,,ok
max sequences 192 - repeat 1,vLLM max sequences,max sequences,192.0,1,75.501,2490,2298,192,,ok
max sequences 192 - repeat 1,vLLM max sequences,max sequences,192.0,1,76.007,2490,2298,192,,ok
max sequences 192 - repeat 1,vLLM max sequences,max sequences,192.0,1,76.526,2596,2404,192,,ok
max sequences 192 - repeat 1,vLLM max sequences,max sequences,192.0,1,77.017,2596,2404,192,,ok
max sequences 192 - repeat 1,vLLM max sequences,max sequences,192.0,1,77.547,2596,2405,191,,ok
max sequences 192 - repeat 1,vLLM max sequences,max sequences,192.0,1,78.021,2613,2421,192,,ok
max sequences 192 - repeat 1,vLLM max sequences,max sequences,192.0,1,78.546,2613,2425,188,,ok
max sequences 192 - repeat 1,vLLM max sequences,max sequences,192.0,1,79.029,2682,2490,192,,ok
max sequences 192 - repeat 1,vLLM max sequences,max sequences,192.0,1,79.548,2682,2490,192,,ok
max sequences 192 - repeat 1,vLLM max sequences,max sequences,192.0,1,80.02,2737,2596,141,,ok
max sequences 192 - repeat 1,vLLM max sequences,max sequences,192.0,1,80.54,2788,2596,192,,ok
max sequences 192 - repeat 1,vLLM max sequences,max sequences,192.0,1,81.049,2788,2596,192,,ok
max sequences 192 - repeat 1,vLLM max sequences,max sequences,192.0,1,81.532,2789,2597,192,,ok
max sequences 192 - repeat 1,vLLM max sequences,max sequences,192.0,1,82.021,2824,2632,192,,ok
max sequences 192 - repeat 1,vLLM max sequences,max sequences,192.0,1,82.529,2840,2648,192,,ok
max sequences 192 - repeat 1,vLLM max sequences,max sequences,192.0,1,83.04,2874,2682,192,,ok
max sequences 192 - repeat 1,vLLM max sequences,max sequences,192.0,1,83.55,2874,2682,192,,ok
max sequences 192 - repeat 1,vLLM max sequences,max sequences,192.0,1,84.022,2874,2682,192,,ok
max sequences 192 - repeat 1,vLLM max sequences,max sequences,192.0,1,84.538,2875,2788,87,,ok
max sequences 192 - repeat 1,vLLM max sequences,max sequences,192.0,1,85.045,2980,2788,192,,ok
max sequences 192 - repeat 1,vLLM max sequences,max sequences,192.0,1,85.505,2980,2788,192,,ok
max sequences 192 - repeat 1,vLLM max sequences,max sequences,192.0,1,86.027,3066,2874,192,,ok
max sequences 192 - repeat 1,vLLM max sequences,max sequences,192.0,1,86.547,3066,2874,192,,ok
max sequences 192 - repeat 1,vLLM max sequences,max sequences,192.0,1,87.025,3066,2874,192,,ok
max sequences 192 - repeat 1,vLLM max sequences,max sequences,192.0,1,87.507,3067,2875,192,,ok
max sequences 192 - repeat 1,vLLM max sequences,max sequences,192.0,1,88.023,3172,2980,192,,ok
max sequences 192 - repeat 1,vLLM max sequences,max sequences,192.0,1,88.52,3172,2980,192,,ok
max sequences 192 - repeat 1,vLLM max sequences,max sequences,192.0,1,89.002,3172,2980,192,,ok
max sequences 192 - repeat 1,vLLM max sequences,max sequences,192.0,1,89.526,3258,3066,192,,ok
max sequences 192 - repeat 1,vLLM max sequences,max sequences,192.0,1,90.035,3258,3066,192,,ok
max sequences 192 - repeat 1,vLLM max sequences,max sequences,192.0,1,90.507,3258,3066,192,,ok
max sequences 192 - repeat 1,vLLM max sequences,max sequences,192.0,1,91.017,3258,3066,192,,ok
max sequences 192 - repeat 1,vLLM max sequences,max sequences,192.0,1,91.523,3258,3066,192,,ok
max sequences 192 - repeat 1,vLLM max sequences,max sequences,192.0,1,92.032,3364,3172,192,,ok
max sequences 192 - repeat 1,vLLM max sequences,max sequences,192.0,1,92.541,3366,3174,192,,ok
max sequences 192 - repeat 1,vLLM max sequences,max sequences,192.0,1,93.05,3366,3174,192,,ok
max sequences 192 - repeat 1,vLLM max sequences,max sequences,192.0,1,93.517,3404,3258,146,,ok
max sequences 192 - repeat 1,vLLM max sequences,max sequences,192.0,1,94.026,3450,3258,192,,ok
max sequences 192 - repeat 1,vLLM max sequences,max sequences,192.0,1,94.531,3450,3258,192,,ok
max sequences 192 - repeat 1,vLLM max sequences,max sequences,192.0,1,95.041,3450,3258,192,,ok
max sequences 192 - repeat 1,vLLM max sequences,max sequences,192.0,1,95.546,3500,3366,134,,ok
max sequences 192 - repeat 1,vLLM max sequences,max sequences,192.0,1,96.004,3558,3366,192,,ok
max sequences 192 - repeat 1,vLLM max sequences,max sequences,192.0,1,96.527,3559,3379,180,,ok
max sequences 192 - repeat 1,vLLM max sequences,max sequences,192.0,1,97.005,3642,3450,192,,ok
max sequences 192 - repeat 1,vLLM max sequences,max sequences,192.0,1,97.523,3642,3450,192,,ok
max sequences 192 - repeat 1,vLLM max sequences,max sequences,192.0,1,98.003,3642,3450,192,,ok
max sequences 192 - repeat 1,vLLM max sequences,max sequences,192.0,1,98.513,3643,3451,192,,ok
max sequences 192 - repeat 1,vLLM max sequences,max sequences,192.0,1,99.034,3751,3559,192,,ok
max sequences 192 - repeat 1,vLLM max sequences,max sequences,192.0,1,99.551,3751,3559,192,,ok
max sequences 192 - repeat 1,vLLM max sequences,max sequences,192.0,1,100.008,3796,3642,154,,ok
max sequences 192 - repeat 1,vLLM max sequences,max sequences,192.0,1,100.534,3834,3642,192,,ok
max sequences 192 - repeat 1,vLLM max sequences,max sequences,192.0,1,101.002,3834,3642,192,,ok
max sequences 192 - repeat 1,vLLM max sequences,max sequences,192.0,1,101.515,3834,3642,192,,ok
max sequences 192 - repeat 1,vLLM max sequences,max sequences,192.0,1,102.046,3834,3642,192,,ok
max sequences 192 - repeat 1,vLLM max sequences,max sequences,192.0,1,102.516,3943,3751,192,,ok
max sequences 192 - repeat 1,vLLM max sequences,max sequences,192.0,1,103.039,3943,3751,192,,ok
max sequences 192 - repeat 1,vLLM max sequences,max sequences,192.0,1,103.545,4026,3834,192,,ok
max sequences 192 - repeat 1,vLLM max sequences,max sequences,192.0,1,104.002,4026,3834,192,,ok
max sequences 192 - repeat 1,vLLM max sequences,max sequences,192.0,1,104.512,4026,3834,192,,ok
max sequences 192 - repeat 1,vLLM max sequences,max sequences,192.0,1,105.021,4026,3834,192,,ok
max sequences 192 - repeat 1,vLLM max sequences,max sequences,192.0,1,105.526,4026,3834,192,,ok
max sequences 192 - repeat 1,vLLM max sequences,max sequences,192.0,1,106.033,4026,3835,191,,ok
max sequences 192 - repeat 1,vLLM max sequences,max sequences,192.0,1,106.553,4135,3943,192,,ok
max sequences 192 - repeat 1,vLLM max sequences,max sequences,192.0,1,107.027,4135,3946,189,,ok
max sequences 192 - repeat 1,vLLM max sequences,max sequences,192.0,1,107.503,4138,3946,192,,ok
max sequences 192 - repeat 1,vLLM max sequences,max sequences,192.0,1,108.015,4218,4026,192,,ok
max sequences 192 - repeat 1,vLLM max sequences,max sequences,192.0,1,108.508,4218,4026,192,,ok
max sequences 192 - repeat 1,vLLM max sequences,max sequences,192.0,1,109.03,4218,4026,192,,ok
max sequences 192 - repeat 1,vLLM max sequences,max sequences,192.0,1,109.516,4219,4027,192,,ok
max sequences 192 - repeat 1,vLLM max sequences,max sequences,192.0,1,110.026,4330,4138,192,,ok
max sequences 192 - repeat 1,vLLM max sequences,max sequences,192.0,1,110.54,4365,4176,189,,ok
max sequences 192 - repeat 1,vLLM max sequences,max sequences,192.0,1,111.002,4384,4192,192,,ok
max sequences 192 - repeat 1,vLLM max sequences,max sequences,192.0,1,111.519,4410,4218,192,,ok
max sequences 192 - repeat 1,vLLM max sequences,max sequences,192.0,1,112.004,4410,4218,192,,ok
max sequences 192 - repeat 1,vLLM max sequences,max sequences,192.0,1,112.517,4410,4218,192,,ok
max sequences 192 - repeat 1,vLLM max sequences,max sequences,192.0,1,113.032,4410,4218,192,,ok
max sequences 192 - repeat 1,vLLM max sequences,max sequences,192.0,1,113.546,4420,4239,181,,ok
max sequences 192 - repeat 1,vLLM max sequences,max sequences,192.0,1,114.005,4602,4410,192,,ok
max sequences 192 - repeat 1,vLLM max sequences,max sequences,192.0,1,114.525,4602,4410,192,,ok
max sequences 192 - repeat 1,vLLM max sequences,max sequences,192.0,1,115.044,4602,4410,192,,ok
max sequences 192 - repeat 1,vLLM max sequences,max sequences,192.0,1,115.503,4602,4410,192,,ok
max sequences 192 - repeat 1,vLLM max sequences,max sequences,192.0,1,116.038,4602,4410,192,,ok
max sequences 192 - repeat 1,vLLM max sequences,max sequences,192.0,1,116.528,4604,4412,192,,ok
max sequences 192 - repeat 1,vLLM max sequences,max sequences,192.0,1,117.025,4794,4602,192,,ok
max sequences 192 - repeat 1,vLLM max sequences,max sequences,192.0,1,117.548,4794,4602,192,,ok
max sequences 192 - repeat 1,vLLM max sequences,max sequences,192.0,1,118.018,4794,4602,192,,ok
max sequences 192 - repeat 1,vLLM max sequences,max sequences,192.0,1,118.507,4794,4602,192,,ok
max sequences 192 - repeat 1,vLLM max sequences,max sequences,192.0,1,119.035,4794,4602,192,,ok
max sequences 192 - repeat 1,vLLM max sequences,max sequences,192.0,1,119.545,4794,4602,192,,ok
max sequences 192 - repeat 1,vLLM max sequences,max sequences,192.0,1,120.007,4794,4602,192,,ok
max sequences 192 - repeat 1,vLLM max sequences,max sequences,192.0,1,120.538,4795,4603,192,,ok
max sequences 192 - repeat 1,vLLM max sequences,max sequences,192.0,1,121.011,4796,4604,192,,ok
max sequences 192 - repeat 1,vLLM max sequences,max sequences,192.0,1,121.52,4879,4773,106,,ok
max sequences 192 - repeat 1,vLLM max sequences,max sequences,192.0,1,122.034,4986,4794,192,,ok
max sequences 192 - repeat 1,vLLM max sequences,max sequences,192.0,1,122.547,4986,4794,192,,ok
max sequences 192 - repeat 1,vLLM max sequences,max sequences,192.0,1,123.014,4986,4794,192,,ok
max sequences 192 - repeat 1,vLLM max sequences,max sequences,192.0,1,123.537,4986,4794,192,,ok
max sequences 192 - repeat 1,vLLM max sequences,max sequences,192.0,1,124.052,4986,4795,191,,ok
max sequences 192 - repeat 1,vLLM max sequences,max sequences,192.0,1,124.512,4988,4796,192,,ok
max sequences 192 - repeat 1,vLLM max sequences,max sequences,192.0,1,125.001,5035,4910,125,,ok
max sequences 192 - repeat 1,vLLM max sequences,max sequences,192.0,1,125.512,5178,4986,192,,ok
max sequences 192 - repeat 1,vLLM max sequences,max sequences,192.0,1,126.032,5178,4986,192,,ok
max sequences 192 - repeat 1,vLLM max sequences,max sequences,192.0,1,126.556,5178,4986,192,,ok
max sequences 192 - repeat 1,vLLM max sequences,max sequences,192.0,1,127.044,5178,4986,192,,ok
max sequences 192 - repeat 1,vLLM max sequences,max sequences,192.0,1,127.507,5180,4988,192,,ok
max sequences 192 - repeat 1,vLLM max sequences,max sequences,192.0,1,128.041,5206,5014,192,,ok
max sequences 192 - repeat 1,vLLM max sequences,max sequences,192.0,1,128.525,5212,5035,177,,ok
max sequences 192 - repeat 1,vLLM max sequences,max sequences,192.0,1,129.006,5227,5035,192,,ok
max sequences 192 - repeat 1,vLLM max sequences,max sequences,192.0,1,129.53,5259,5067,192,,ok
max sequences 192 - repeat 1,vLLM max sequences,max sequences,192.0,1,130.008,5354,5162,192,,ok
max sequences 192 - repeat 1,vLLM max sequences,max sequences,192.0,1,130.525,5354,5162,192,,ok
max sequences 192 - repeat 1,vLLM max sequences,max sequences,192.0,1,131.043,5370,5178,192,,ok
max sequences 192 - repeat 1,vLLM max sequences,max sequences,192.0,1,131.509,5370,5178,192,,ok
max sequences 192 - repeat 1,vLLM max sequences,max sequences,192.0,1,132.033,5370,5178,192,,ok
max sequences 192 - repeat 1,vLLM max sequences,max sequences,192.0,1,132.502,5372,5180,192,,ok
max sequences 192 - repeat 1,vLLM max sequences,max sequences,192.0,1,133.018,5450,5311,139,,ok
max sequences 192 - repeat 1,vLLM max sequences,max sequences,192.0,1,133.538,5562,5370,192,,ok
max sequences 192 - repeat 1,vLLM max sequences,max sequences,192.0,1,134.003,5562,5370,192,,ok
max sequences 192 - repeat 1,vLLM max sequences,max sequences,192.0,1,134.53,5562,5370,192,,ok
max sequences 192 - repeat 1,vLLM max sequences,max sequences,192.0,1,135.036,5562,5370,192,,ok
max sequences 192 - repeat 1,vLLM max sequences,max sequences,192.0,1,135.551,5564,5372,192,,ok
max sequences 192 - repeat 1,vLLM max sequences,max sequences,192.0,1,136.024,5564,5372,192,,ok
max sequences 192 - repeat 1,vLLM max sequences,max sequences,192.0,1,136.577,5754,5562,192,,ok
max sequences 192 - repeat 1,vLLM max sequences,max sequences,192.0,1,137.051,5754,5562,192,,ok
max sequences 192 - repeat 1,vLLM max sequences,max sequences,192.0,1,137.519,5754,5562,192,,ok
max sequences 192 - repeat 1,vLLM max sequences,max sequences,192.0,1,138.087,5754,5562,192,,ok
max sequences 192 - repeat 1,vLLM max sequences,max sequences,192.0,1,138.528,5755,5564,191,,ok
max sequences 192 - repeat 1,vLLM max sequences,max sequences,192.0,1,139.097,5756,5564,192,,ok
max sequences 192 - repeat 1,vLLM max sequences,max sequences,192.0,1,139.531,5756,5616,140,,ok
max sequences 192 - repeat 1,vLLM max sequences,max sequences,192.0,1,140.01,5946,5754,192,,ok
max sequences 192 - repeat 1,vLLM max sequences,max sequences,192.0,1,140.549,5946,5754,192,,ok
max sequences 192 - repeat 1,vLLM max sequences,max sequences,192.0,1,141.017,5946,5754,192,,ok
max sequences 192 - repeat 1,vLLM max sequences,max sequences,192.0,1,141.529,5946,5754,192,,ok
max sequences 192 - repeat 1,vLLM max sequences,max sequences,192.0,1,142.041,5948,5756,192,,ok
max sequences 192 - repeat 1,vLLM max sequences,max sequences,192.0,1,142.506,5948,5756,192,,ok
max sequences 192 - repeat 1,vLLM max sequences,max sequences,192.0,1,143.035,5951,5762,189,,ok
max sequences 192 - repeat 1,vLLM max sequences,max sequences,192.0,1,143.545,6138,5946,192,,ok
max sequences 192 - repeat 1,vLLM max sequences,max sequences,192.0,1,144.004,6138,5946,192,,ok
max sequences 192 - repeat 1,vLLM max sequences,max sequences,192.0,1,144.533,6138,5946,192,,ok
max sequences 192 - repeat 1,vLLM max sequences,max sequences,192.0,1,145.048,6140,5948,192,,ok
max sequences 192 - repeat 1,vLLM max sequences,max sequences,192.0,1,145.515,6140,5948,192,,ok
max sequences 192 - repeat 1,vLLM max sequences,max sequences,192.0,1,146.059,6140,5957,183,,ok
max sequences 192 - repeat 1,vLLM max sequences,max sequences,192.0,1,146.538,6150,5958,192,,ok
max sequences 192 - repeat 1,vLLM max sequences,max sequences,192.0,1,147.013,6332,6140,192,,ok
max sequences 192 - repeat 1,vLLM max sequences,max sequences,192.0,1,147.539,6332,6140,192,,ok
max sequences 192 - repeat 1,vLLM max sequences,max sequences,192.0,1,148.018,6332,6140,192,,ok
max sequences 192 - repeat 1,vLLM max sequences,max sequences,192.0,1,148.543,6332,6140,192,,ok
max sequences 192 - repeat 1,vLLM max sequences,max sequences,192.0,1,149.039,6332,6140,192,,ok
max sequences 192 - repeat 1,vLLM max sequences,max sequences,192.0,1,149.538,6332,6140,192,,ok
max sequences 192 - repeat 1,vLLM max sequences,max sequences,192.0,1,150.037,6339,6150,189,,ok
max sequences 192 - repeat 1,vLLM max sequences,max sequences,192.0,1,150.504,6342,6150,192,,ok
max sequences 192 - repeat 1,vLLM max sequences,max sequences,192.0,1,151.017,6524,6332,192,,ok
max sequences 192 - repeat 1,vLLM max sequences,max sequences,192.0,1,151.545,6524,6332,192,,ok
max sequences 192 - repeat 1,vLLM max sequences,max sequences,192.0,1,152.012,6524,6332,192,,ok
max sequences 192 - repeat 1,vLLM max sequences,max sequences,192.0,1,152.529,6524,6332,192,,ok
max sequences 192 - repeat 1,vLLM max sequences,max sequences,192.0,1,153.004,6524,6339,185,,ok
max sequences 192 - repeat 1,vLLM max sequences,max sequences,192.0,1,153.523,6534,6342,192,,ok
max sequences 192 - repeat 1,vLLM max sequences,max sequences,192.0,1,154.045,6716,6524,192,,ok
max sequences 192 - repeat 1,vLLM max sequences,max sequences,192.0,1,154.506,6716,6524,192,,ok
max sequences 192 - repeat 1,vLLM max sequences,max sequences,192.0,1,155.031,6716,6524,192,,ok
max sequences 192 - repeat 1,vLLM max sequences,max sequences,192.0,1,155.513,6716,6524,192,,ok
max sequences 192 - repeat 1,vLLM max sequences,max sequences,192.0,1,156.031,6716,6524,192,,ok
max sequences 192 - repeat 1,vLLM max sequences,max sequences,192.0,1,156.502,6719,6531,188,,ok
max sequences 192 - repeat 1,vLLM max sequences,max sequences,192.0,1,157.08,6726,6534,192,,ok
max sequences 192 - repeat 1,vLLM max sequences,max sequences,192.0,1,157.532,6908,6716,192,,ok
max sequences 192 - repeat 1,vLLM max sequences,max sequences,192.0,1,158.005,6908,6716,192,,ok
max sequences 192 - repeat 1,vLLM max sequences,max sequences,192.0,1,158.515,6908,6716,192,,ok
max sequences 192 - repeat 1,vLLM max sequences,max sequences,192.0,1,159.007,6908,6716,192,,ok
max sequences 192 - repeat 1,vLLM max sequences,max sequences,192.0,1,159.518,6908,6717,191,,ok
max sequences 192 - repeat 1,vLLM max sequences,max sequences,192.0,1,160.32,6918,6726,192,,ok
max sequences 192 - repeat 1,vLLM max sequences,max sequences,192.0,1,160.509,7100,6908,192,,ok
max sequences 192 - repeat 1,vLLM max sequences,max sequences,192.0,1,161.029,7100,6908,192,,ok
max sequences 192 - repeat 1,vLLM max sequences,max sequences,192.0,1,161.504,7100,6908,192,,ok
max sequences 192 - repeat 1,vLLM max sequences,max sequences,192.0,1,162.029,7100,6908,192,,ok
max sequences 192 - repeat 1,vLLM max sequences,max sequences,192.0,1,162.527,7100,6908,192,,ok
max sequences 192 - repeat 1,vLLM max sequences,max sequences,192.0,1,163.041,7110,6918,192,,ok
max sequences 192 - repeat 1,vLLM max sequences,max sequences,192.0,1,163.506,7110,6950,160,,ok
max sequences 192 - repeat 1,vLLM max sequences,max sequences,192.0,1,164.035,7292,7100,192,,ok
max sequences 192 - repeat 1,vLLM max sequences,max sequences,192.0,1,164.523,7292,7100,192,,ok
max sequences 192 - repeat 1,vLLM max sequences,max sequences,192.0,1,165.013,7292,7100,192,,ok
max sequences 192 - repeat 1,vLLM max sequences,max sequences,192.0,1,165.528,7292,7100,192,,ok
max sequences 192 - repeat 1,vLLM max sequences,max sequences,192.0,1,166.031,7302,7110,192,,ok
max sequences 192 - repeat 1,vLLM max sequences,max sequences,192.0,1,166.52,7302,7110,192,,ok
max sequences 192 - repeat 1,vLLM max sequences,max sequences,192.0,1,167.064,7484,7292,192,,ok
max sequences 192 - repeat 1,vLLM max sequences,max sequences,192.0,1,167.508,7484,7292,192,,ok
max sequences 192 - repeat 1,vLLM max sequences,max sequences,192.0,1,168.036,7484,7292,192,,ok
max sequences 192 - repeat 1,vLLM max sequences,max sequences,192.0,1,168.523,7484,7292,192,,ok
max sequences 192 - repeat 1,vLLM max sequences,max sequences,192.0,1,169.126,7484,7293,191,,ok
max sequences 192 - repeat 1,vLLM max sequences,max sequences,192.0,1,169.545,7494,7302,192,,ok
max sequences 192 - repeat 1,vLLM max sequences,max sequences,192.0,1,170.013,7494,7305,189,,ok
max sequences 192 - repeat 1,vLLM max sequences,max sequences,192.0,1,170.548,7676,7484,192,,ok
max sequences 192 - repeat 1,vLLM max sequences,max sequences,192.0,1,171.013,7676,7484,192,,ok
max sequences 192 - repeat 1,vLLM max sequences,max sequences,192.0,1,171.536,7676,7484,192,,ok
max sequences 192 - repeat 1,vLLM max sequences,max sequences,192.0,1,172.0,7676,7484,192,,ok
max sequences 192 - repeat 1,vLLM max sequences,max sequences,192.0,1,172.505,7686,7494,192,,ok
max sequences 192 - repeat 1,vLLM max sequences,max sequences,192.0,1,173.035,7686,7494,192,,ok
max sequences 192 - repeat 1,vLLM max sequences,max sequences,192.0,1,173.503,7868,7676,192,,ok
max sequences 192 - repeat 1,vLLM max sequences,max sequences,192.0,1,174.023,7868,7676,192,,ok
max sequences 192 - repeat 1,vLLM max sequences,max sequences,192.0,1,174.546,7868,7676,192,,ok
max sequences 192 - repeat 1,vLLM max sequences,max sequences,192.0,1,175.015,7868,7676,192,,ok
max sequences 192 - repeat 1,vLLM max sequences,max sequences,192.0,1,175.505,7878,7686,192,,ok
max sequences 192 - repeat 1,vLLM max sequences,max sequences,192.0,1,176.015,7878,7686,192,,ok
max sequences 192 - repeat 1,vLLM max sequences,max sequences,192.0,1,176.513,8060,7868,192,,ok
max sequences 192 - repeat 1,vLLM max sequences,max sequences,192.0,1,177.033,8060,7868,192,,ok
max sequences 192 - repeat 1,vLLM max sequences,max sequences,192.0,1,177.539,8060,7868,192,,ok
max sequences 192 - repeat 1,vLLM max sequences,max sequences,192.0,1,178.011,8060,7868,192,,ok
max sequences 192 - repeat 1,vLLM max sequences,max sequences,192.0,1,178.685,8061,7878,183,,ok
max sequences 192 - repeat 1,vLLM max sequences,max sequences,192.0,1,179.034,8070,7878,192,,ok
max sequences 192 - repeat 1,vLLM max sequences,max sequences,192.0,1,179.547,8252,8060,192,,ok
max sequences 192 - repeat 2,vLLM max sequences,max sequences,192.0,2,0.001,0,0,0,,ok
max sequences 192 - repeat 2,vLLM max sequences,max sequences,192.0,2,0.522,3,0,3,,ok
max sequences 192 - repeat 2,vLLM max sequences,max sequences,192.0,2,1.026,6,0,6,,ok
max sequences 192 - repeat 2,vLLM max sequences,max sequences,192.0,2,1.632,11,1,10,,ok
max sequences 192 - repeat 2,vLLM max sequences,max sequences,192.0,2,2.013,15,3,12,,ok
max sequences 192 - repeat 2,vLLM max sequences,max sequences,192.0,2,2.529,24,8,16,,ok
max sequences 192 - repeat 2,vLLM max sequences,max sequences,192.0,2,3.04,30,12,18,,ok
max sequences 192 - repeat 2,vLLM max sequences,max sequences,192.0,2,3.5,34,12,22,,ok
max sequences 192 - repeat 2,vLLM max sequences,max sequences,192.0,2,4.026,37,12,25,,ok
max sequences 192 - repeat 2,vLLM max sequences,max sequences,192.0,2,4.536,41,12,29,,ok
max sequences 192 - repeat 2,vLLM max sequences,max sequences,192.0,2,5.022,48,18,30,,ok
max sequences 192 - repeat 2,vLLM max sequences,max sequences,192.0,2,5.531,56,21,35,,ok
max sequences 192 - repeat 2,vLLM max sequences,max sequences,192.0,2,6.042,59,21,38,,ok
max sequences 192 - repeat 2,vLLM max sequences,max sequences,192.0,2,6.55,63,21,42,,ok
max sequences 192 - repeat 2,vLLM max sequences,max sequences,192.0,2,7.037,69,25,44,,ok
max sequences 192 - repeat 2,vLLM max sequences,max sequences,192.0,2,7.503,87,40,47,,ok
max sequences 192 - repeat 2,vLLM max sequences,max sequences,192.0,2,8.015,91,40,51,,ok
max sequences 192 - repeat 2,vLLM max sequences,max sequences,192.0,2,8.539,94,40,54,,ok
max sequences 192 - repeat 2,vLLM max sequences,max sequences,192.0,2,9.032,97,40,57,,ok
max sequences 192 - repeat 2,vLLM max sequences,max sequences,192.0,2,9.549,101,40,61,,ok
max sequences 192 - repeat 2,vLLM max sequences,max sequences,192.0,2,10.002,105,41,64,,ok
max sequences 192 - repeat 2,vLLM max sequences,max sequences,192.0,2,10.523,112,60,52,,ok
max sequences 192 - repeat 2,vLLM max sequences,max sequences,192.0,2,11.019,131,61,70,,ok
max sequences 192 - repeat 2,vLLM max sequences,max sequences,192.0,2,11.78,136,62,74,,ok
max sequences 192 - repeat 2,vLLM max sequences,max sequences,192.0,2,12.04,139,62,77,,ok
max sequences 192 - repeat 2,vLLM max sequences,max sequences,192.0,2,12.501,142,62,80,,ok
max sequences 192 - repeat 2,vLLM max sequences,max sequences,192.0,2,13.019,145,62,83,,ok
max sequences 192 - repeat 2,vLLM max sequences,max sequences,192.0,2,13.529,148,67,81,,ok
max sequences 192 - repeat 2,vLLM max sequences,max sequences,192.0,2,14.006,168,102,66,,ok
max sequences 192 - repeat 2,vLLM max sequences,max sequences,192.0,2,14.517,196,103,93,,ok
max sequences 192 - repeat 2,vLLM max sequences,max sequences,192.0,2,15.031,199,105,94,,ok
max sequences 192 - repeat 2,vLLM max sequences,max sequences,192.0,2,15.547,208,109,99,,ok
max sequences 192 - repeat 2,vLLM max sequences,max sequences,192.0,2,16.006,211,109,102,,ok
max sequences 192 - repeat 2,vLLM max sequences,max sequences,192.0,2,16.534,214,109,105,,ok
max sequences 192 - repeat 2,vLLM max sequences,max sequences,192.0,2,17.034,218,109,109,,ok
max sequences 192 - repeat 2,vLLM max sequences,max sequences,192.0,2,17.543,256,144,112,,ok
max sequences 192 - repeat 2,vLLM max sequences,max sequences,192.0,2,18.003,259,144,115,,ok
max sequences 192 - repeat 2,vLLM max sequences,max sequences,192.0,2,18.74,263,145,118,,ok
max sequences 192 - repeat 2,vLLM max sequences,max sequences,192.0,2,19.019,266,147,119,,ok
max sequences 192 - repeat 2,vLLM max sequences,max sequences,192.0,2,19.608,279,155,124,,ok
max sequences 192 - repeat 2,vLLM max sequences,max sequences,192.0,2,20.021,283,155,128,,ok
max sequences 192 - repeat 2,vLLM max sequences,max sequences,192.0,2,20.506,286,155,131,,ok
max sequences 192 - repeat 2,vLLM max sequences,max sequences,192.0,2,21.079,350,216,134,,ok
max sequences 192 - repeat 2,vLLM max sequences,max sequences,192.0,2,21.549,356,218,138,,ok
max sequences 192 - repeat 2,vLLM max sequences,max sequences,192.0,2,22.008,357,218,139,,ok
max sequences 192 - repeat 2,vLLM max sequences,max sequences,192.0,2,22.749,361,218,143,,ok
max sequences 192 - repeat 2,vLLM max sequences,max sequences,192.0,2,23.004,365,218,147,,ok
max sequences 192 - repeat 2,vLLM max sequences,max sequences,192.0,2,23.545,368,218,150,,ok
max sequences 192 - repeat 2,vLLM max sequences,max sequences,192.0,2,24.01,371,218,153,,ok
max sequences 192 - repeat 2,vLLM max sequences,max sequences,192.0,2,24.536,420,263,157,,ok
max sequences 192 - repeat 2,vLLM max sequences,max sequences,192.0,2,25.02,423,263,160,,ok
max sequences 192 - repeat 2,vLLM max sequences,max sequences,192.0,2,25.546,426,263,163,,ok
max sequences 192 - repeat 2,vLLM max sequences,max sequences,192.0,2,26.023,429,263,166,,ok
max sequences 192 - repeat 2,vLLM max sequences,max sequences,192.0,2,26.534,432,263,169,,ok
max sequences 192 - repeat 2,vLLM max sequences,max sequences,192.0,2,27.019,436,263,173,,ok
max sequences 192 - repeat 2,vLLM max sequences,max sequences,192.0,2,27.503,439,263,176,,ok
max sequences 192 - repeat 2,vLLM max sequences,max sequences,192.0,2,28.012,461,282,179,,ok
max sequences 192 - repeat 2,vLLM max sequences,max sequences,192.0,2,28.734,466,284,182,,ok
max sequences 192 - repeat 2,vLLM max sequences,max sequences,192.0,2,29.046,470,284,186,,ok
max sequences 192 - repeat 2,vLLM max sequences,max sequences,192.0,2,29.609,472,284,188,,ok
max sequences 192 - repeat 2,vLLM max sequences,max sequences,192.0,2,30.034,477,285,192,,ok
max sequences 192 - repeat 2,vLLM max sequences,max sequences,192.0,2,30.811,477,286,191,,ok
max sequences 192 - repeat 2,vLLM max sequences,max sequences,192.0,2,31.426,478,476,2,,ok
max sequences 192 - repeat 2,vLLM max sequences,max sequences,192.0,2,31.528,669,477,192,,ok
max sequences 192 - repeat 2,vLLM max sequences,max sequences,192.0,2,32.018,669,477,192,,ok
max sequences 192 - repeat 2,vLLM max sequences,max sequences,192.0,2,32.545,669,477,192,,ok
max sequences 192 - repeat 2,vLLM max sequences,max sequences,192.0,2,33.067,669,477,192,,ok
max sequences 192 - repeat 2,vLLM max sequences,max sequences,192.0,2,33.548,669,477,192,,ok
max sequences 192 - repeat 2,vLLM max sequences,max sequences,192.0,2,34.014,670,478,192,,ok
max sequences 192 - repeat 2,vLLM max sequences,max sequences,192.0,2,34.517,670,478,192,,ok
max sequences 192 - repeat 2,vLLM max sequences,max sequences,192.0,2,35.032,670,669,1,,ok
max sequences 192 - repeat 2,vLLM max sequences,max sequences,192.0,2,35.537,862,670,192,,ok
max sequences 192 - repeat 2,vLLM max sequences,max sequences,192.0,2,36.046,862,670,192,,ok
max sequences 192 - repeat 2,vLLM max sequences,max sequences,192.0,2,36.506,862,670,192,,ok
max sequences 192 - repeat 2,vLLM max sequences,max sequences,192.0,2,37.016,862,670,192,,ok
max sequences 192 - repeat 2,vLLM max sequences,max sequences,192.0,2,37.524,862,670,192,,ok
max sequences 192 - repeat 2,vLLM max sequences,max sequences,192.0,2,38.04,862,670,192,,ok
max sequences 192 - repeat 2,vLLM max sequences,max sequences,192.0,2,38.547,864,672,192,,ok
max sequences 192 - repeat 2,vLLM max sequences,max sequences,192.0,2,39.05,869,677,192,,ok
max sequences 192 - repeat 2,vLLM max sequences,max sequences,192.0,2,39.526,1054,862,192,,ok
max sequences 192 - repeat 2,vLLM max sequences,max sequences,192.0,2,40.036,1054,862,192,,ok
max sequences 192 - repeat 2,vLLM max sequences,max sequences,192.0,2,40.546,1054,862,192,,ok
max sequences 192 - repeat 2,vLLM max sequences,max sequences,192.0,2,41.004,1054,862,192,,ok
max sequences 192 - repeat 2,vLLM max sequences,max sequences,192.0,2,41.514,1054,862,192,,ok
max sequences 192 - repeat 2,vLLM max sequences,max sequences,192.0,2,42.021,1054,862,192,,ok
max sequences 192 - repeat 2,vLLM max sequences,max sequences,192.0,2,42.502,1056,864,192,,ok
max sequences 192 - repeat 2,vLLM max sequences,max sequences,192.0,2,43.011,1061,869,192,,ok
max sequences 192 - repeat 2,vLLM max sequences,max sequences,192.0,2,43.631,1219,1054,165,,ok
max sequences 192 - repeat 2,vLLM max sequences,max sequences,192.0,2,44.055,1246,1054,192,,ok
max sequences 192 - repeat 2,vLLM max sequences,max sequences,192.0,2,44.542,1246,1054,192,,ok
max sequences 192 - repeat 2,vLLM max sequences,max sequences,192.0,2,45.025,1246,1054,192,,ok
max sequences 192 - repeat 2,vLLM max sequences,max sequences,192.0,2,45.517,1246,1054,192,,ok
max sequences 192 - repeat 2,vLLM max sequences,max sequences,192.0,2,46.031,1248,1056,192,,ok
max sequences 192 - repeat 2,vLLM max sequences,max sequences,192.0,2,46.524,1253,1061,192,,ok
max sequences 192 - repeat 2,vLLM max sequences,max sequences,192.0,2,47.035,1267,1075,192,,ok
max sequences 192 - repeat 2,vLLM max sequences,max sequences,192.0,2,47.519,1438,1246,192,,ok
max sequences 192 - repeat 2,vLLM max sequences,max sequences,192.0,2,48.035,1438,1246,192,,ok
max sequences 192 - repeat 2,vLLM max sequences,max sequences,192.0,2,48.501,1438,1246,192,,ok
max sequences 192 - repeat 2,vLLM max sequences,max sequences,192.0,2,49.011,1438,1246,192,,ok
max sequences 192 - repeat 2,vLLM max sequences,max sequences,192.0,2,49.523,1438,1246,192,,ok
max sequences 192 - repeat 2,vLLM max sequences,max sequences,192.0,2,50.039,1440,1248,192,,ok
max sequences 192 - repeat 2,vLLM max sequences,max sequences,192.0,2,50.551,1440,1248,192,,ok
max sequences 192 - repeat 2,vLLM max sequences,max sequences,192.0,2,51.013,1445,1253,192,,ok
max sequences 192 - repeat 2,vLLM max sequences,max sequences,192.0,2,51.533,1478,1440,38,,ok
max sequences 192 - repeat 2,vLLM max sequences,max sequences,192.0,2,52.041,1632,1440,192,,ok
max sequences 192 - repeat 2,vLLM max sequences,max sequences,192.0,2,52.504,1632,1440,192,,ok
max sequences 192 - repeat 2,vLLM max sequences,max sequences,192.0,2,53.012,1635,1443,192,,ok
max sequences 192 - repeat 2,vLLM max sequences,max sequences,192.0,2,53.519,1635,1443,192,,ok
max sequences 192 - repeat 2,vLLM max sequences,max sequences,192.0,2,54.043,1635,1443,192,,ok
max sequences 192 - repeat 2,vLLM max sequences,max sequences,192.0,2,54.508,1637,1445,192,,ok
max sequences 192 - repeat 2,vLLM max sequences,max sequences,192.0,2,55.048,1637,1445,192,,ok
max sequences 192 - repeat 2,vLLM max sequences,max sequences,192.0,2,55.519,1637,1445,192,,ok
max sequences 192 - repeat 2,vLLM max sequences,max sequences,192.0,2,56.046,1637,1445,192,,ok
max sequences 192 - repeat 2,vLLM max sequences,max sequences,192.0,2,56.509,1829,1637,192,,ok
max sequences 192 - repeat 2,vLLM max sequences,max sequences,192.0,2,57.019,1829,1637,192,,ok
max sequences 192 - repeat 2,vLLM max sequences,max sequences,192.0,2,57.527,1829,1637,192,,ok
max sequences 192 - repeat 2,vLLM max sequences,max sequences,192.0,2,58.04,1829,1637,192,,ok
max sequences 192 - repeat 2,vLLM max sequences,max sequences,192.0,2,58.502,1829,1637,192,,ok
max sequences 192 - repeat 2,vLLM max sequences,max sequences,192.0,2,59.011,1829,1637,192,,ok
max sequences 192 - repeat 2,vLLM max sequences,max sequences,192.0,2,59.553,1829,1637,192,,ok
max sequences 192 - repeat 2,vLLM max sequences,max sequences,192.0,2,60.014,2021,1829,192,,ok
max sequences 192 - repeat 2,vLLM max sequences,max sequences,192.0,2,60.525,2021,1829,192,,ok
max sequences 192 - repeat 2,vLLM max sequences,max sequences,192.0,2,61.043,2021,1829,192,,ok
max sequences 192 - repeat 2,vLLM max sequences,max sequences,192.0,2,61.503,2021,1829,192,,ok
max sequences 192 - repeat 2,vLLM max sequences,max sequences,192.0,2,62.041,2021,1829,192,,ok
max sequences 192 - repeat 2,vLLM max sequences,max sequences,192.0,2,62.505,2021,1829,192,,ok
max sequences 192 - repeat 2,vLLM max sequences,max sequences,192.0,2,63.04,2021,1829,192,,ok
max sequences 192 - repeat 2,vLLM max sequences,max sequences,192.0,2,63.515,2021,1829,192,,ok
max sequences 192 - repeat 2,vLLM max sequences,max sequences,192.0,2,64.002,2213,2021,192,,ok
max sequences 192 - repeat 2,vLLM max sequences,max sequences,192.0,2,64.51,2213,2021,192,,ok
max sequences 192 - repeat 2,vLLM max sequences,max sequences,192.0,2,65.103,2213,2021,192,,ok
max sequences 192 - repeat 2,vLLM max sequences,max sequences,192.0,2,65.511,2213,2021,192,,ok
max sequences 192 - repeat 2,vLLM max sequences,max sequences,192.0,2,66.027,2213,2021,192,,ok
max sequences 192 - repeat 2,vLLM max sequences,max sequences,192.0,2,66.541,2213,2021,192,,ok
max sequences 192 - repeat 2,vLLM max sequences,max sequences,192.0,2,67.01,2213,2021,192,,ok
max sequences 192 - repeat 2,vLLM max sequences,max sequences,192.0,2,67.526,2214,2022,192,,ok
max sequences 192 - repeat 2,vLLM max sequences,max sequences,192.0,2,68.041,2379,2187,192,,ok
max sequences 192 - repeat 2,vLLM max sequences,max sequences,192.0,2,68.5,2405,2213,192,,ok
max sequences 192 - repeat 2,vLLM max sequences,max sequences,192.0,2,69.045,2405,2213,192,,ok
max sequences 192 - repeat 2,vLLM max sequences,max sequences,192.0,2,69.503,2405,2213,192,,ok
max sequences 192 - repeat 2,vLLM max sequences,max sequences,192.0,2,70.041,2405,2213,192,,ok
max sequences 192 - repeat 2,vLLM max sequences,max sequences,192.0,2,70.51,2405,2213,192,,ok
max sequences 192 - repeat 2,vLLM max sequences,max sequences,192.0,2,71.019,2406,2214,192,,ok
max sequences 192 - repeat 2,vLLM max sequences,max sequences,192.0,2,71.528,2597,2405,192,,ok
max sequences 192 - repeat 2,vLLM max sequences,max sequences,192.0,2,72.017,2597,2405,192,,ok
max sequences 192 - repeat 2,vLLM max sequences,max sequences,192.0,2,72.529,2597,2405,192,,ok
max sequences 192 - repeat 2,vLLM max sequences,max sequences,192.0,2,73.014,2597,2405,192,,ok
max sequences 192 - repeat 2,vLLM max sequences,max sequences,192.0,2,73.558,2597,2405,192,,ok
max sequences 192 - repeat 2,vLLM max sequences,max sequences,192.0,2,74.034,2597,2405,192,,ok
max sequences 192 - repeat 2,vLLM max sequences,max sequences,192.0,2,74.513,2597,2405,192,,ok
max sequences 192 - repeat 2,vLLM max sequences,max sequences,192.0,2,75.041,2600,2408,192,,ok
max sequences 192 - repeat 2,vLLM max sequences,max sequences,192.0,2,75.52,2604,2412,192,,ok
max sequences 192 - repeat 2,vLLM max sequences,max sequences,192.0,2,76.019,2789,2597,192,,ok
max sequences 192 - repeat 2,vLLM max sequences,max sequences,192.0,2,76.532,2789,2597,192,,ok
max sequences 192 - repeat 2,vLLM max sequences,max sequences,192.0,2,77.045,2789,2597,192,,ok
max sequences 192 - repeat 2,vLLM max sequences,max sequences,192.0,2,77.534,2789,2597,192,,ok
max sequences 192 - repeat 2,vLLM max sequences,max sequences,192.0,2,78.043,2789,2597,192,,ok
max sequences 192 - repeat 2,vLLM max sequences,max sequences,192.0,2,78.502,2792,2600,192,,ok
max sequences 192 - repeat 2,vLLM max sequences,max sequences,192.0,2,79.031,2796,2604,192,,ok
max sequences 192 - repeat 2,vLLM max sequences,max sequences,192.0,2,79.54,2981,2789,192,,ok
max sequences 192 - repeat 2,vLLM max sequences,max sequences,192.0,2,80.049,2981,2789,192,,ok
max sequences 192 - repeat 2,vLLM max sequences,max sequences,192.0,2,80.522,2981,2789,192,,ok
max sequences 192 - repeat 2,vLLM max sequences,max sequences,192.0,2,81.045,2981,2789,192,,ok
max sequences 192 - repeat 2,vLLM max sequences,max sequences,192.0,2,81.501,2982,2792,190,,ok
max sequences 192 - repeat 2,vLLM max sequences,max sequences,192.0,2,82.028,2986,2796,190,,ok
max sequences 192 - repeat 2,vLLM max sequences,max sequences,192.0,2,82.542,3052,2861,191,,ok
max sequences 192 - repeat 2,vLLM max sequences,max sequences,192.0,2,83.001,3173,2981,192,,ok
max sequences 192 - repeat 2,vLLM max sequences,max sequences,192.0,2,83.555,3173,2981,192,,ok
max sequences 192 - repeat 2,vLLM max sequences,max sequences,192.0,2,84.034,3173,2981,192,,ok
max sequences 192 - repeat 2,vLLM max sequences,max sequences,192.0,2,84.505,3174,2982,192,,ok
max sequences 192 - repeat 2,vLLM max sequences,max sequences,192.0,2,85.017,3178,2986,192,,ok
max sequences 192 - repeat 2,vLLM max sequences,max sequences,192.0,2,85.535,3180,2988,192,,ok
max sequences 192 - repeat 2,vLLM max sequences,max sequences,192.0,2,86.05,3365,3173,192,,ok
max sequences 192 - repeat 2,vLLM max sequences,max sequences,192.0,2,86.506,3365,3173,192,,ok
max sequences 192 - repeat 2,vLLM max sequences,max sequences,192.0,2,87.016,3365,3173,192,,ok
max sequences 192 - repeat 2,vLLM max sequences,max sequences,192.0,2,87.524,3366,3175,191,,ok
max sequences 192 - repeat 2,vLLM max sequences,max sequences,192.0,2,88.026,3370,3180,190,,ok
max sequences 192 - repeat 2,vLLM max sequences,max sequences,192.0,2,88.539,3372,3180,192,,ok
max sequences 192 - repeat 2,vLLM max sequences,max sequences,192.0,2,89.047,3416,3365,51,,ok
max sequences 192 - repeat 2,vLLM max sequences,max sequences,192.0,2,89.504,3558,3366,192,,ok
max sequences 192 - repeat 2,vLLM max sequences,max sequences,192.0,2,90.015,3558,3366,192,,ok
max sequences 192 - repeat 2,vLLM max sequences,max sequences,192.0,2,90.524,3558,3367,191,,ok
max sequences 192 - repeat 2,vLLM max sequences,max sequences,192.0,2,91.009,3560,3370,190,,ok
max sequences 192 - repeat 2,vLLM max sequences,max sequences,192.0,2,91.518,3564,3372,192,,ok
max sequences 192 - repeat 2,vLLM max sequences,max sequences,192.0,2,92.042,3564,3372,192,,ok
max sequences 192 - repeat 2,vLLM max sequences,max sequences,192.0,2,92.503,3751,3559,192,,ok
max sequences 192 - repeat 2,vLLM max sequences,max sequences,192.0,2,93.013,3752,3560,192,,ok
max sequences 192 - repeat 2,vLLM max sequences,max sequences,192.0,2,93.571,3752,3560,192,,ok
max sequences 192 - repeat 2,vLLM max sequences,max sequences,192.0,2,94.014,3752,3560,192,,ok
max sequences 192 - repeat 2,vLLM max sequences,max sequences,192.0,2,94.603,3756,3564,192,,ok
max sequences 192 - repeat 2,vLLM max sequences,max sequences,192.0,2,95.071,3756,3564,192,,ok
max sequences 192 - repeat 2,vLLM max sequences,max sequences,192.0,2,95.508,3944,3752,192,,ok
max sequences 192 - repeat 2,vLLM max sequences,max sequences,192.0,2,96.039,3944,3752,192,,ok
max sequences 192 - repeat 2,vLLM max sequences,max sequences,192.0,2,96.535,3944,3752,192,,ok
max sequences 192 - repeat 2,vLLM max sequences,max sequences,192.0,2,97.047,3944,3752,192,,ok
max sequences 192 - repeat 2,vLLM max sequences,max sequences,192.0,2,97.507,3948,3756,192,,ok
max sequences 192 - repeat 2,vLLM max sequences,max sequences,192.0,2,98.043,3948,3756,192,,ok
max sequences 192 - repeat 2,vLLM max sequences,max sequences,192.0,2,98.507,3950,3944,6,,ok
max sequences 192 - repeat 2,vLLM max sequences,max sequences,192.0,2,99.018,4136,3944,192,,ok
max sequences 192 - repeat 2,vLLM max sequences,max sequences,192.0,2,99.547,4136,3944,192,,ok
max sequences 192 - repeat 2,vLLM max sequences,max sequences,192.0,2,100.01,4136,3944,192,,ok
max sequences 192 - repeat 2,vLLM max sequences,max sequences,192.0,2,100.538,4136,3948,188,,ok
max sequences 192 - repeat 2,vLLM max sequences,max sequences,192.0,2,101.016,4140,3948,192,,ok
max sequences 192 - repeat 2,vLLM max sequences,max sequences,192.0,2,101.525,4140,3950,190,,ok
max sequences 192 - repeat 2,vLLM max sequences,max sequences,192.0,2,102.008,4328,4136,192,,ok
max sequences 192 - repeat 2,vLLM max sequences,max sequences,192.0,2,102.546,4328,4136,192,,ok
max sequences 192 - repeat 2,vLLM max sequences,max sequences,192.0,2,103.016,4328,4136,192,,ok
max sequences 192 - repeat 2,vLLM max sequences,max sequences,192.0,2,103.519,4328,4136,192,,ok
max sequences 192 - repeat 2,vLLM max sequences,max sequences,192.0,2,104.046,4332,4140,192,,ok
max sequences 192 - repeat 2,vLLM max sequences,max sequences,192.0,2,104.511,4332,4140,192,,ok
max sequences 192 - repeat 2,vLLM max sequences,max sequences,192.0,2,105.024,4520,4328,192,,ok
max sequences 192 - repeat 2,vLLM max sequences,max sequences,192.0,2,105.653,4520,4328,192,,ok
max sequences 192 - repeat 2,vLLM max sequences,max sequences,192.0,2,106.036,4520,4328,192,,ok
max sequences 192 - repeat 2,vLLM max sequences,max sequences,192.0,2,106.549,4520,4328,192,,ok
max sequences 192 - repeat 2,vLLM max sequences,max sequences,192.0,2,107.009,4524,4332,192,,ok
max sequences 192 - repeat 2,vLLM max sequences,max sequences,192.0,2,107.52,4524,4332,192,,ok
max sequences 192 - repeat 2,vLLM max sequences,max sequences,192.0,2,108.046,4712,4520,192,,ok
max sequences 192 - repeat 2,vLLM max sequences,max sequences,192.0,2,108.504,4712,4520,192,,ok
max sequences 192 - repeat 2,vLLM max sequences,max sequences,192.0,2,109.021,4712,4520,192,,ok
max sequences 192 - repeat 2,vLLM max sequences,max sequences,192.0,2,109.53,4712,4520,192,,ok
max sequences 192 - repeat 2,vLLM max sequences,max sequences,192.0,2,110.04,4712,4520,192,,ok
max sequences 192 - repeat 2,vLLM max sequences,max sequences,192.0,2,110.548,4712,4520,192,,ok
max sequences 192 - repeat 2,vLLM max sequences,max sequences,192.0,2,111.01,4716,4524,192,,ok
max sequences 192 - repeat 2,vLLM max sequences,max sequences,192.0,2,111.518,4716,4524,192,,ok
max sequences 192 - repeat 2,vLLM max sequences,max sequences,192.0,2,112.003,4904,4712,192,,ok
max sequences 192 - repeat 2,vLLM max sequences,max sequences,192.0,2,112.511,4904,4712,192,,ok
max sequences 192 - repeat 2,vLLM max sequences,max sequences,192.0,2,113.019,4904,4712,192,,ok
max sequences 192 - repeat 2,vLLM max sequences,max sequences,192.0,2,113.539,4904,4712,192,,ok
max sequences 192 - repeat 2,vLLM max sequences,max sequences,192.0,2,114.026,4904,4712,192,,ok
max sequences 192 - repeat 2,vLLM max sequences,max sequences,192.0,2,114.502,4904,4712,192,,ok
max sequences 192 - repeat 2,vLLM max sequences,max sequences,192.0,2,115.001,4908,4716,192,,ok
max sequences 192 - repeat 2,vLLM max sequences,max sequences,192.0,2,115.525,4910,4719,191,,ok
max sequences 192 - repeat 2,vLLM max sequences,max sequences,192.0,2,116.026,5078,4904,174,,ok
max sequences 192 - repeat 2,vLLM max sequences,max sequences,192.0,2,116.506,5096,4904,192,,ok
max sequences 192 - repeat 2,vLLM max sequences,max sequences,192.0,2,117.016,5096,4904,192,,ok
max sequences 192 - repeat 2,vLLM max sequences,max sequences,192.0,2,117.505,5096,4904,192,,ok
max sequences 192 - repeat 2,vLLM max sequences,max sequences,192.0,2,118.041,5100,4908,192,,ok
max sequences 192 - repeat 2,vLLM max sequences,max sequences,192.0,2,118.525,5101,4910,191,,ok
max sequences 192 - repeat 2,vLLM max sequences,max sequences,192.0,2,119.034,5155,5096,59,,ok
max sequences 192 - repeat 2,vLLM max sequences,max sequences,192.0,2,119.541,5288,5096,192,,ok
max sequences 192 - repeat 2,vLLM max sequences,max sequences,192.0,2,120.024,5288,5096,192,,ok
max sequences 192 - repeat 2,vLLM max sequences,max sequences,192.0,2,120.545,5288,5096,192,,ok
max sequences 192 - repeat 2,vLLM max sequences,max sequences,192.0,2,121.029,5292,5100,192,,ok
max sequences 192 - repeat 2,vLLM max sequences,max sequences,192.0,2,121.536,5293,5101,192,,ok
max sequences 192 - repeat 2,vLLM max sequences,max sequences,192.0,2,122.022,5296,5104,192,,ok
max sequences 192 - repeat 2,vLLM max sequences,max sequences,192.0,2,122.528,5480,5288,192,,ok
max sequences 192 - repeat 2,vLLM max sequences,max sequences,192.0,2,123.038,5480,5288,192,,ok
max sequences 192 - repeat 2,vLLM max sequences,max sequences,192.0,2,123.503,5480,5288,192,,ok
max sequences 192 - repeat 2,vLLM max sequences,max sequences,192.0,2,124.022,5484,5292,192,,ok
max sequences 192 - repeat 2,vLLM max sequences,max sequences,192.0,2,124.517,5484,5292,192,,ok
max sequences 192 - repeat 2,vLLM max sequences,max sequences,192.0,2,125.018,5487,5296,191,,ok
max sequences 192 - repeat 2,vLLM max sequences,max sequences,192.0,2,125.507,5672,5480,192,,ok
max sequences 192 - repeat 2,vLLM max sequences,max sequences,192.0,2,126.04,5672,5480,192,,ok
max sequences 192 - repeat 2,vLLM max sequences,max sequences,192.0,2,126.5,5672,5480,192,,ok
max sequences 192 - repeat 2,vLLM max sequences,max sequences,192.0,2,127.013,5672,5480,192,,ok
max sequences 192 - repeat 2,vLLM max sequences,max sequences,192.0,2,127.523,5676,5484,192,,ok
max sequences 192 - repeat 2,vLLM max sequences,max sequences,192.0,2,128.033,5676,5484,192,,ok
max sequences 192 - repeat 2,vLLM max sequences,max sequences,192.0,2,128.55,5676,5484,192,,ok
max sequences 192 - repeat 2,vLLM max sequences,max sequences,192.0,2,129.009,5679,5487,192,,ok
max sequences 192 - repeat 2,vLLM max sequences,max sequences,192.0,2,129.521,5680,5488,192,,ok
max sequences 192 - repeat 2,vLLM max sequences,max sequences,192.0,2,130.015,5871,5679,192,,ok
max sequences 192 - repeat 2,vLLM max sequences,max sequences,192.0,2,130.524,5871,5679,192,,ok
max sequences 192 - repeat 2,vLLM max sequences,max sequences,192.0,2,131.036,5871,5679,192,,ok
max sequences 192 - repeat 2,vLLM max sequences,max sequences,192.0,2,131.544,5871,5679,192,,ok
max sequences 192 - repeat 2,vLLM max sequences,max sequences,192.0,2,132.001,5871,5679,192,,ok
max sequences 192 - repeat 2,vLLM max sequences,max sequences,192.0,2,132.514,5872,5680,192,,ok
max sequences 192 - repeat 2,vLLM max sequences,max sequences,192.0,2,133.024,5872,5680,192,,ok
max sequences 192 - repeat 2,vLLM max sequences,max sequences,192.0,2,133.542,5872,5680,192,,ok
max sequences 192 - repeat 2,vLLM max sequences,max sequences,192.0,2,134.036,5872,5680,192,,ok
max sequences 192 - repeat 2,vLLM max sequences,max sequences,192.0,2,134.547,5873,5685,188,,ok
max sequences 192 - repeat 2,vLLM max sequences,max sequences,192.0,2,135.014,6064,5872,192,,ok
max sequences 192 - repeat 2,vLLM max sequences,max sequences,192.0,2,135.533,6064,5872,192,,ok
max sequences 192 - repeat 2,vLLM max sequences,max sequences,192.0,2,136.041,6064,5872,192,,ok
max sequences 192 - repeat 2,vLLM max sequences,max sequences,192.0,2,136.55,6064,5872,192,,ok
max sequences 192 - repeat 2,vLLM max sequences,max sequences,192.0,2,137.033,6064,5872,192,,ok
max sequences 192 - repeat 2,vLLM max sequences,max sequences,192.0,2,137.542,6064,5872,192,,ok
max sequences 192 - repeat 2,vLLM max sequences,max sequences,192.0,2,138.05,6064,5872,192,,ok
max sequences 192 - repeat 2,vLLM max sequences,max sequences,192.0,2,138.506,6065,5873,192,,ok
max sequences 192 - repeat 2,vLLM max sequences,max sequences,192.0,2,139.021,6068,5876,192,,ok
max sequences 192 - repeat 2,vLLM max sequences,max sequences,192.0,2,139.534,6075,5883,192,,ok
max sequences 192 - repeat 2,vLLM max sequences,max sequences,192.0,2,140.042,6257,6065,192,,ok
max sequences 192 - repeat 2,vLLM max sequences,max sequences,192.0,2,140.549,6257,6065,192,,ok
max sequences 192 - repeat 2,vLLM max sequences,max sequences,192.0,2,141.008,6257,6065,192,,ok
max sequences 192 - repeat 2,vLLM max sequences,max sequences,192.0,2,141.53,6257,6065,192,,ok
max sequences 192 - repeat 2,vLLM max sequences,max sequences,192.0,2,142.039,6257,6065,192,,ok
max sequences 192 - repeat 2,vLLM max sequences,max sequences,192.0,2,142.527,6257,6068,189,,ok
max sequences 192 - repeat 2,vLLM max sequences,max sequences,192.0,2,143.037,6265,6073,192,,ok
max sequences 192 - repeat 2,vLLM max sequences,max sequences,192.0,2,143.793,6265,6085,180,,ok
max sequences 192 - repeat 2,vLLM max sequences,max sequences,192.0,2,144.031,6334,6142,192,,ok
max sequences 192 - repeat 2,vLLM max sequences,max sequences,192.0,2,144.546,6451,6259,192,,ok
max sequences 192 - repeat 2,vLLM max sequences,max sequences,192.0,2,145.042,6452,6260,192,,ok
max sequences 192 - repeat 2,vLLM max sequences,max sequences,192.0,2,145.514,6452,6260,192,,ok
max sequences 192 - repeat 2,vLLM max sequences,max sequences,192.0,2,146.032,6457,6265,192,,ok
max sequences 192 - repeat 2,vLLM max sequences,max sequences,192.0,2,146.506,6457,6265,192,,ok
max sequences 192 - repeat 2,vLLM max sequences,max sequences,192.0,2,147.041,6457,6265,192,,ok
max sequences 192 - repeat 2,vLLM max sequences,max sequences,192.0,2,147.5,6617,6425,192,,ok
max sequences 192 - repeat 2,vLLM max sequences,max sequences,192.0,2,148.016,6649,6457,192,,ok
max sequences 192 - repeat 2,vLLM max sequences,max sequences,192.0,2,148.525,6649,6457,192,,ok
max sequences 192 - repeat 2,vLLM max sequences,max sequences,192.0,2,149.008,6649,6457,192,,ok
max sequences 192 - repeat 2,vLLM max sequences,max sequences,192.0,2,149.526,6649,6457,192,,ok
max sequences 192 - repeat 2,vLLM max sequences,max sequences,192.0,2,150.017,6649,6457,192,,ok
max sequences 192 - repeat 2,vLLM max sequences,max sequences,192.0,2,150.53,6665,6473,192,,ok
max sequences 192 - repeat 2,vLLM max sequences,max sequences,192.0,2,151.038,6841,6649,192,,ok
max sequences 192 - repeat 2,vLLM max sequences,max sequences,192.0,2,151.548,6841,6649,192,,ok
max sequences 192 - repeat 2,vLLM max sequences,max sequences,192.0,2,152.008,6841,6649,192,,ok
max sequences 192 - repeat 2,vLLM max sequences,max sequences,192.0,2,152.519,6841,6649,192,,ok
max sequences 192 - repeat 2,vLLM max sequences,max sequences,192.0,2,153.031,6841,6649,192,,ok
max sequences 192 - repeat 2,vLLM max sequences,max sequences,192.0,2,153.57,6841,6649,192,,ok
max sequences 192 - repeat 2,vLLM max sequences,max sequences,192.0,2,154.004,7033,6841,192,,ok
max sequences 192 - repeat 2,vLLM max sequences,max sequences,192.0,2,154.521,7033,6841,192,,ok
max sequences 192 - repeat 2,vLLM max sequences,max sequences,192.0,2,155.038,7033,6841,192,,ok
max sequences 192 - repeat 2,vLLM max sequences,max sequences,192.0,2,155.506,7033,6841,192,,ok
max sequences 192 - repeat 2,vLLM max sequences,max sequences,192.0,2,156.032,7033,6841,192,,ok
max sequences 192 - repeat 2,vLLM max sequences,max sequences,192.0,2,156.557,7033,6841,192,,ok
max sequences 192 - repeat 2,vLLM max sequences,max sequences,192.0,2,157.016,7033,6841,192,,ok
max sequences 192 - repeat 2,vLLM max sequences,max sequences,192.0,2,157.505,7225,7033,192,,ok
max sequences 192 - repeat 2,vLLM max sequences,max sequences,192.0,2,158.014,7225,7033,192,,ok
max sequences 192 - repeat 2,vLLM max sequences,max sequences,192.0,2,158.524,7225,7033,192,,ok
max sequences 192 - repeat 2,vLLM max sequences,max sequences,192.0,2,159.035,7225,7033,192,,ok
max sequences 192 - repeat 2,vLLM max sequences,max sequences,192.0,2,159.501,7225,7033,192,,ok
max sequences 192 - repeat 2,vLLM max sequences,max sequences,192.0,2,160.009,7225,7033,192,,ok
max sequences 192 - repeat 2,vLLM max sequences,max sequences,192.0,2,160.539,7225,7033,192,,ok
max sequences 192 - repeat 2,vLLM max sequences,max sequences,192.0,2,161.048,7228,7036,192,,ok
max sequences 192 - repeat 2,vLLM max sequences,max sequences,192.0,2,161.522,7234,7053,181,,ok
max sequences 192 - repeat 2,vLLM max sequences,max sequences,192.0,2,162.034,7373,7181,192,,ok
max sequences 192 - repeat 2,vLLM max sequences,max sequences,192.0,2,162.547,7417,7225,192,,ok
max sequences 192 - repeat 2,vLLM max sequences,max sequences,192.0,2,163.011,7417,7225,192,,ok
max sequences 192 - repeat 2,vLLM max sequences,max sequences,192.0,2,163.526,7417,7225,192,,ok
max sequences 192 - repeat 2,vLLM max sequences,max sequences,192.0,2,164.05,7417,7225,192,,ok
max sequences 192 - repeat 2,vLLM max sequences,max sequences,192.0,2,164.54,7418,7228,190,,ok
max sequences 192 - repeat 2,vLLM max sequences,max sequences,192.0,2,165.017,7421,7229,192,,ok
max sequences 192 - repeat 2,vLLM max sequences,max sequences,192.0,2,165.537,7609,7417,192,,ok
max sequences 192 - repeat 2,vLLM max sequences,max sequences,192.0,2,166.045,7609,7417,192,,ok
max sequences 192 - repeat 2,vLLM max sequences,max sequences,192.0,2,166.512,7609,7417,192,,ok
max sequences 192 - repeat 2,vLLM max sequences,max sequences,192.0,2,167.023,7609,7417,192,,ok
max sequences 192 - repeat 2,vLLM max sequences,max sequences,192.0,2,167.532,7610,7418,192,,ok
max sequences 192 - repeat 2,vLLM max sequences,max sequences,192.0,2,168.049,7612,7420,192,,ok
max sequences 192 - repeat 2,vLLM max sequences,max sequences,192.0,2,168.517,7613,7421,192,,ok
max sequences 192 - repeat 2,vLLM max sequences,max sequences,192.0,2,169.029,7801,7609,192,,ok
max sequences 192 - repeat 2,vLLM max sequences,max sequences,192.0,2,169.501,7801,7609,192,,ok
max sequences 192 - repeat 2,vLLM max sequences,max sequences,192.0,2,170.018,7801,7609,192,,ok
max sequences 192 - repeat 2,vLLM max sequences,max sequences,192.0,2,170.528,7801,7609,192,,ok
max sequences 192 - repeat 2,vLLM max sequences,max sequences,192.0,2,171.042,7802,7610,192,,ok
max sequences 192 - repeat 2,vLLM max sequences,max sequences,192.0,2,171.548,7804,7612,192,,ok
max sequences 192 - repeat 2,vLLM max sequences,max sequences,192.0,2,172.02,7805,7613,192,,ok
max sequences 192 - repeat 2,vLLM max sequences,max sequences,192.0,2,172.539,7994,7802,192,,ok
max sequences 192 - repeat 2,vLLM max sequences,max sequences,192.0,2,173.048,7994,7802,192,,ok
max sequences 192 - repeat 2,vLLM max sequences,max sequences,192.0,2,173.539,7994,7802,192,,ok
max sequences 192 - repeat 2,vLLM max sequences,max sequences,192.0,2,174.131,7994,7802,192,,ok
max sequences 192 - repeat 2,vLLM max sequences,max sequences,192.0,2,174.544,7996,7804,192,,ok
max sequences 192 - repeat 2,vLLM max sequences,max sequences,192.0,2,175.013,7997,7805,192,,ok
max sequences 192 - repeat 2,vLLM max sequences,max sequences,192.0,2,175.519,8025,7833,192,,ok
max sequences 192 - repeat 2,vLLM max sequences,max sequences,192.0,2,176.043,8186,7994,192,,ok
max sequences 192 - repeat 2,vLLM max sequences,max sequences,192.0,2,176.502,8186,7994,192,,ok
max sequences 192 - repeat 2,vLLM max sequences,max sequences,192.0,2,177.012,8186,7994,192,,ok
max sequences 192 - repeat 2,vLLM max sequences,max sequences,192.0,2,177.543,8188,7996,192,,ok
max sequences 192 - repeat 2,vLLM max sequences,max sequences,192.0,2,178.002,8189,7997,192,,ok
max sequences 192 - repeat 2,vLLM max sequences,max sequences,192.0,2,178.502,8191,7999,192,,ok
max sequences 192 - repeat 2,vLLM max sequences,max sequences,192.0,2,179.01,8378,8186,192,,ok
max sequences 192 - repeat 2,vLLM max sequences,max sequences,192.0,2,179.53,8378,8186,192,,ok
max sequences 192 - repeat 3,vLLM max sequences,max sequences,192.0,3,0.001,0,0,0,,ok
max sequences 192 - repeat 3,vLLM max sequences,max sequences,192.0,3,0.513,3,0,3,,ok
max sequences 192 - repeat 3,vLLM max sequences,max sequences,192.0,3,1.041,6,0,6,,ok
max sequences 192 - repeat 3,vLLM max sequences,max sequences,192.0,3,1.55,10,0,10,,ok
max sequences 192 - repeat 3,vLLM max sequences,max sequences,192.0,3,2.005,15,4,11,,ok
max sequences 192 - repeat 3,vLLM max sequences,max sequences,192.0,3,2.512,23,7,16,,ok
max sequences 192 - repeat 3,vLLM max sequences,max sequences,192.0,3,3.02,28,10,18,,ok
max sequences 192 - repeat 3,vLLM max sequences,max sequences,192.0,3,3.529,40,19,21,,ok
max sequences 192 - repeat 3,vLLM max sequences,max sequences,192.0,3,4.046,49,23,26,,ok
max sequences 192 - repeat 3,vLLM max sequences,max sequences,192.0,3,4.518,56,31,25,,ok
max sequences 192 - repeat 3,vLLM max sequences,max sequences,192.0,3,5.026,72,41,31,,ok
max sequences 192 - repeat 3,vLLM max sequences,max sequences,192.0,3,5.556,83,48,35,,ok
max sequences 192 - repeat 3,vLLM max sequences,max sequences,192.0,3,6.011,93,59,34,,ok
max sequences 192 - repeat 3,vLLM max sequences,max sequences,192.0,3,6.519,110,70,40,,ok
max sequences 192 - repeat 3,vLLM max sequences,max sequences,192.0,3,7.002,120,76,44,,ok
max sequences 192 - repeat 3,vLLM max sequences,max sequences,192.0,3,7.51,133,85,48,,ok
max sequences 192 - repeat 3,vLLM max sequences,max sequences,192.0,3,8.021,147,96,51,,ok
max sequences 192 - repeat 3,vLLM max sequences,max sequences,192.0,3,8.542,160,106,54,,ok
max sequences 192 - repeat 3,vLLM max sequences,max sequences,192.0,3,9.027,173,117,56,,ok
max sequences 192 - repeat 3,vLLM max sequences,max sequences,192.0,3,9.517,188,127,61,,ok
max sequences 192 - repeat 3,vLLM max sequences,max sequences,192.0,3,10.033,191,127,64,,ok
max sequences 192 - repeat 3,vLLM max sequences,max sequences,192.0,3,10.511,215,148,67,,ok
max sequences 192 - repeat 3,vLLM max sequences,max sequences,192.0,3,11.033,239,170,69,,ok
max sequences 192 - repeat 3,vLLM max sequences,max sequences,192.0,3,11.557,245,171,74,,ok
max sequences 192 - repeat 3,vLLM max sequences,max sequences,192.0,3,12.013,255,178,77,,ok
max sequences 192 - repeat 3,vLLM max sequences,max sequences,192.0,3,12.502,268,189,79,,ok
max sequences 192 - repeat 3,vLLM max sequences,max sequences,192.0,3,13.009,272,191,81,,ok
max sequences 192 - repeat 3,vLLM max sequences,max sequences,192.0,3,13.551,300,214,86,,ok
max sequences 192 - repeat 3,vLLM max sequences,max sequences,192.0,3,14.007,332,243,89,,ok
max sequences 192 - repeat 3,vLLM max sequences,max sequences,192.0,3,14.516,336,243,93,,ok
max sequences 192 - repeat 3,vLLM max sequences,max sequences,192.0,3,15.029,339,243,96,,ok
max sequences 192 - repeat 3,vLLM max sequences,max sequences,192.0,3,15.539,367,268,99,,ok
max sequences 192 - repeat 3,vLLM max sequences,max sequences,192.0,3,16.053,373,271,102,,ok
max sequences 192 - repeat 3,vLLM max sequences,max sequences,192.0,3,16.511,376,271,105,,ok
max sequences 192 - repeat 3,vLLM max sequences,max sequences,192.0,3,17.018,408,299,109,,ok
max sequences 192 - repeat 3,vLLM max sequences,max sequences,192.0,3,17.546,411,299,112,,ok
max sequences 192 - repeat 3,vLLM max sequences,max sequences,192.0,3,18.006,414,299,115,,ok
max sequences 192 - repeat 3,vLLM max sequences,max sequences,192.0,3,18.585,455,337,118,,ok
max sequences 192 - repeat 3,vLLM max sequences,max sequences,192.0,3,19.002,458,337,121,,ok
max sequences 192 - repeat 3,vLLM max sequences,max sequences,192.0,3,19.542,462,337,125,,ok
max sequences 192 - repeat 3,vLLM max sequences,max sequences,192.0,3,20.001,464,338,126,,ok
max sequences 192 - repeat 3,vLLM max sequences,max sequences,192.0,3,20.541,504,374,130,,ok
max sequences 192 - repeat 3,vLLM max sequences,max sequences,192.0,3,21.001,508,374,134,,ok
max sequences 192 - repeat 3,vLLM max sequences,max sequences,192.0,3,21.511,511,374,137,,ok
max sequences 192 - repeat 3,vLLM max sequences,max sequences,192.0,3,22.043,552,411,141,,ok
max sequences 192 - repeat 3,vLLM max sequences,max sequences,192.0,3,22.503,555,411,144,,ok
max sequences 192 - repeat 3,vLLM max sequences,max sequences,192.0,3,23.022,558,411,147,,ok
max sequences 192 - repeat 3,vLLM max sequences,max sequences,192.0,3,23.548,569,419,150,,ok
max sequences 192 - repeat 3,vLLM max sequences,max sequences,192.0,3,24.003,614,462,152,,ok
max sequences 192 - repeat 3,vLLM max sequences,max sequences,192.0,3,24.513,619,462,157,,ok
max sequences 192 - repeat 3,vLLM max sequences,max sequences,192.0,3,25.041,637,500,137,,ok
max sequences 192 - repeat 3,vLLM max sequences,max sequences,192.0,3,25.551,672,509,163,,ok
max sequences 192 - repeat 3,vLLM max sequences,max sequences,192.0,3,26.021,676,510,166,,ok
max sequences 192 - repeat 3,vLLM max sequences,max sequences,192.0,3,26.533,726,557,169,,ok
max sequences 192 - repeat 3,vLLM max sequences,max sequences,192.0,3,27.0,729,557,172,,ok
max sequences 192 - repeat 3,vLLM max sequences,max sequences,192.0,3,27.528,744,568,176,,ok
max sequences 192 - repeat 3,vLLM max sequences,max sequences,192.0,3,28.425,748,591,157,,ok
max sequences 192 - repeat 3,vLLM max sequences,max sequences,192.0,3,28.887,773,676,97,,ok
max sequences 192 - repeat 3,vLLM max sequences,max sequences,192.0,3,29.017,861,676,185,,ok
max sequences 192 - repeat 3,vLLM max sequences,max sequences,192.0,3,29.601,865,676,189,,ok
max sequences 192 - repeat 3,vLLM max sequences,max sequences,192.0,3,30.026,868,676,192,,ok
max sequences 192 - repeat 3,vLLM max sequences,max sequences,192.0,3,30.545,918,726,192,,ok
max sequences 192 - repeat 3,vLLM max sequences,max sequences,192.0,3,31.02,921,729,192,,ok
max sequences 192 - repeat 3,vLLM max sequences,max sequences,192.0,3,31.546,921,729,192,,ok
max sequences 192 - repeat 3,vLLM max sequences,max sequences,192.0,3,32.006,921,733,188,,ok
max sequences 192 - repeat 3,vLLM max sequences,max sequences,192.0,3,32.522,936,744,192,,ok
max sequences 192 - repeat 3,vLLM max sequences,max sequences,192.0,3,33.048,937,746,191,,ok
max sequences 192 - repeat 3,vLLM max sequences,max sequences,192.0,3,33.512,940,748,192,,ok
max sequences 192 - repeat 3,vLLM max sequences,max sequences,192.0,3,34.048,1060,868,192,,ok
max sequences 192 - repeat 3,vLLM max sequences,max sequences,192.0,3,34.513,1073,881,192,,ok
max sequences 192 - repeat 3,vLLM max sequences,max sequences,192.0,3,35.024,1104,912,192,,ok
max sequences 192 - repeat 3,vLLM max sequences,max sequences,192.0,3,35.549,1113,921,192,,ok
max sequences 192 - repeat 3,vLLM max sequences,max sequences,192.0,3,36.045,1113,921,192,,ok
max sequences 192 - repeat 3,vLLM max sequences,max sequences,192.0,3,36.531,1113,921,192,,ok
max sequences 192 - repeat 3,vLLM max sequences,max sequences,192.0,3,37.048,1129,937,192,,ok
max sequences 192 - repeat 3,vLLM max sequences,max sequences,192.0,3,37.507,1129,937,192,,ok
max sequences 192 - repeat 3,vLLM max sequences,max sequences,192.0,3,38.022,1132,940,192,,ok
max sequences 192 - repeat 3,vLLM max sequences,max sequences,192.0,3,38.549,1133,941,192,,ok
max sequences 192 - repeat 3,vLLM max sequences,max sequences,192.0,3,39.041,1321,1129,192,,ok
max sequences 192 - repeat 3,vLLM max sequences,max sequences,192.0,3,39.505,1321,1129,192,,ok
max sequences 192 - repeat 3,vLLM max sequences,max sequences,192.0,3,40.004,1321,1129,192,,ok
max sequences 192 - repeat 3,vLLM max sequences,max sequences,192.0,3,40.538,1321,1129,192,,ok
max sequences 192 - repeat 3,vLLM max sequences,max sequences,192.0,3,41.002,1324,1132,192,,ok
max sequences 192 - repeat 3,vLLM max sequences,max sequences,192.0,3,41.537,1325,1133,192,,ok
max sequences 192 - repeat 3,vLLM max sequences,max sequences,192.0,3,42.062,1486,1321,165,,ok
max sequences 192 - repeat 3,vLLM max sequences,max sequences,192.0,3,42.52,1514,1322,192,,ok
max sequences 192 - repeat 3,vLLM max sequences,max sequences,192.0,3,43.031,1514,1322,192,,ok
max sequences 192 - repeat 3,vLLM max sequences,max sequences,192.0,3,43.527,1514,1322,192,,ok
max sequences 192 - repeat 3,vLLM max sequences,max sequences,192.0,3,44.063,1514,1322,192,,ok
max sequences 192 - repeat 3,vLLM max sequences,max sequences,192.0,3,44.529,1516,1324,192,,ok
max sequences 192 - repeat 3,vLLM max sequences,max sequences,192.0,3,45.036,1517,1325,192,,ok
max sequences 192 - repeat 3,vLLM max sequences,max sequences,192.0,3,45.529,1522,1330,192,,ok
max sequences 192 - repeat 3,vLLM max sequences,max sequences,192.0,3,46.039,1525,1333,192,,ok
max sequences 192 - repeat 3,vLLM max sequences,max sequences,192.0,3,46.568,1706,1514,192,,ok
max sequences 192 - repeat 3,vLLM max sequences,max sequences,192.0,3,47.025,1706,1514,192,,ok
max sequences 192 - repeat 3,vLLM max sequences,max sequences,192.0,3,47.535,1707,1515,192,,ok
max sequences 192 - repeat 3,vLLM max sequences,max sequences,192.0,3,48.01,1708,1516,192,,ok
max sequences 192 - repeat 3,vLLM max sequences,max sequences,192.0,3,48.503,1709,1517,192,,ok
max sequences 192 - repeat 3,vLLM max sequences,max sequences,192.0,3,49.005,1709,1517,192,,ok
max sequences 192 - repeat 3,vLLM max sequences,max sequences,192.0,3,49.55,1899,1707,192,,ok
max sequences 192 - repeat 3,vLLM max sequences,max sequences,192.0,3,50.01,1899,1707,192,,ok
max sequences 192 - repeat 3,vLLM max sequences,max sequences,192.0,3,50.761,1899,1708,191,,ok
max sequences 192 - repeat 3,vLLM max sequences,max sequences,192.0,3,51.033,1900,1708,192,,ok
max sequences 192 - repeat 3,vLLM max sequences,max sequences,192.0,3,51.534,1901,1709,192,,ok
max sequences 192 - repeat 3,vLLM max sequences,max sequences,192.0,3,52.015,1901,1709,192,,ok
max sequences 192 - repeat 3,vLLM max sequences,max sequences,192.0,3,52.523,2091,1899,192,,ok
max sequences 192 - repeat 3,vLLM max sequences,max sequences,192.0,3,53.042,2091,1899,192,,ok
max sequences 192 - repeat 3,vLLM max sequences,max sequences,192.0,3,53.55,2091,1899,192,,ok
max sequences 192 - repeat 3,vLLM max sequences,max sequences,192.0,3,54.03,2092,1900,192,,ok
max sequences 192 - repeat 3,vLLM max sequences,max sequences,192.0,3,54.5,2093,1901,192,,ok
max sequences 192 - repeat 3,vLLM max sequences,max sequences,192.0,3,55.033,2093,1901,192,,ok
max sequences 192 - repeat 3,vLLM max sequences,max sequences,192.0,3,55.548,2283,2091,192,,ok
max sequences 192 - repeat 3,vLLM max sequences,max sequences,192.0,3,56.005,2284,2092,192,,ok
max sequences 192 - repeat 3,vLLM max sequences,max sequences,192.0,3,56.526,2284,2092,192,,ok
max sequences 192 - repeat 3,vLLM max sequences,max sequences,192.0,3,57.025,2284,2092,192,,ok
max sequences 192 - repeat 3,vLLM max sequences,max sequences,192.0,3,57.547,2285,2093,192,,ok
max sequences 192 - repeat 3,vLLM max sequences,max sequences,192.0,3,58.375,2285,2093,192,,ok
max sequences 192 - repeat 3,vLLM max sequences,max sequences,192.0,3,58.606,2285,2284,1,,ok
max sequences 192 - repeat 3,vLLM max sequences,max sequences,192.0,3,59.044,2477,2285,192,,ok
max sequences 192 - repeat 3,vLLM max sequences,max sequences,192.0,3,59.507,2477,2285,192,,ok
max sequences 192 - repeat 3,vLLM max sequences,max sequences,192.0,3,60.054,2477,2285,192,,ok
max sequences 192 - repeat 3,vLLM max sequences,max sequences,192.0,3,60.515,2477,2285,192,,ok
max sequences 192 - repeat 3,vLLM max sequences,max sequences,192.0,3,61.032,2477,2285,192,,ok
max sequences 192 - repeat 3,vLLM max sequences,max sequences,192.0,3,61.568,2477,2285,192,,ok
max sequences 192 - repeat 3,vLLM max sequences,max sequences,192.0,3,62.019,2479,2287,192,,ok
max sequences 192 - repeat 3,vLLM max sequences,max sequences,192.0,3,62.539,2484,2292,192,,ok
max sequences 192 - repeat 3,vLLM max sequences,max sequences,192.0,3,63.026,2669,2477,192,,ok
max sequences 192 - repeat 3,vLLM max sequences,max sequences,192.0,3,63.536,2669,2477,192,,ok
max sequences 192 - repeat 3,vLLM max sequences,max sequences,192.0,3,64.001,2669,2477,192,,ok
max sequences 192 - repeat 3,vLLM max sequences,max sequences,192.0,3,64.528,2669,2477,192,,ok
max sequences 192 - repeat 3,vLLM max sequences,max sequences,192.0,3,65.041,2671,2479,192,,ok
max sequences 192 - repeat 3,vLLM max sequences,max sequences,192.0,3,65.507,2676,2484,192,,ok
max sequences 192 - repeat 3,vLLM max sequences,max sequences,192.0,3,66.042,2861,2669,192,,ok
max sequences 192 - repeat 3,vLLM max sequences,max sequences,192.0,3,66.549,2861,2669,192,,ok
max sequences 192 - repeat 3,vLLM max sequences,max sequences,192.0,3,67.01,2861,2669,192,,ok
max sequences 192 - repeat 3,vLLM max sequences,max sequences,192.0,3,67.536,2861,2669,192,,ok
max sequences 192 - repeat 3,vLLM max sequences,max sequences,192.0,3,68.289,2861,2670,191,,ok
max sequences 192 - repeat 3,vLLM max sequences,max sequences,192.0,3,68.584,2863,2671,192,,ok
max sequences 192 - repeat 3,vLLM max sequences,max sequences,192.0,3,69.019,2868,2676,192,,ok
max sequences 192 - repeat 3,vLLM max sequences,max sequences,192.0,3,69.512,3053,2861,192,,ok
max sequences 192 - repeat 3,vLLM max sequences,max sequences,192.0,3,70.016,3053,2861,192,,ok
max sequences 192 - repeat 3,vLLM max sequences,max sequences,192.0,3,70.528,3053,2861,192,,ok
max sequences 192 - repeat 3,vLLM max sequences,max sequences,192.0,3,71.015,3053,2861,192,,ok
max sequences 192 - repeat 3,vLLM max sequences,max sequences,192.0,3,71.527,3053,2861,192,,ok
max sequences 192 - repeat 3,vLLM max sequences,max sequences,192.0,3,72.044,3055,2863,192,,ok
max sequences 192 - repeat 3,vLLM max sequences,max sequences,192.0,3,72.503,3060,2868,192,,ok
max sequences 192 - repeat 3,vLLM max sequences,max sequences,192.0,3,73.033,3245,3053,192,,ok
max sequences 192 - repeat 3,vLLM max sequences,max sequences,192.0,3,73.542,3245,3053,192,,ok
max sequences 192 - repeat 3,vLLM max sequences,max sequences,192.0,3,74.003,3245,3053,192,,ok
max sequences 192 - repeat 3,vLLM max sequences,max sequences,192.0,3,74.541,3245,3053,192,,ok
max sequences 192 - repeat 3,vLLM max sequences,max sequences,192.0,3,75.002,3246,3055,191,,ok
max sequences 192 - repeat 3,vLLM max sequences,max sequences,192.0,3,75.521,3252,3060,192,,ok
max sequences 192 - repeat 3,vLLM max sequences,max sequences,192.0,3,76.03,3287,3239,48,,ok
max sequences 192 - repeat 3,vLLM max sequences,max sequences,192.0,3,76.539,3437,3245,192,,ok
max sequences 192 - repeat 3,vLLM max sequences,max sequences,192.0,3,77.018,3437,3245,192,,ok
max sequences 192 - repeat 3,vLLM max sequences,max sequences,192.0,3,77.526,3437,3245,192,,ok
max sequences 192 - repeat 3,vLLM max sequences,max sequences,192.0,3,78.034,3437,3245,192,,ok
max sequences 192 - repeat 3,vLLM max sequences,max sequences,192.0,3,78.558,3437,3247,190,,ok
max sequences 192 - repeat 3,vLLM max sequences,max sequences,192.0,3,79.025,3444,3252,192,,ok
max sequences 192 - repeat 3,vLLM max sequences,max sequences,192.0,3,79.537,3629,3437,192,,ok
max sequences 192 - repeat 3,vLLM max sequences,max sequences,192.0,3,80.008,3629,3437,192,,ok
max sequences 192 - repeat 3,vLLM max sequences,max sequences,192.0,3,80.566,3629,3437,192,,ok
max sequences 192 - repeat 3,vLLM max sequences,max sequences,192.0,3,81.029,3629,3437,192,,ok
max sequences 192 - repeat 3,vLLM max sequences,max sequences,192.0,3,81.541,3629,3437,192,,ok
max sequences 192 - repeat 3,vLLM max sequences,max sequences,192.0,3,82.001,3631,3444,187,,ok
max sequences 192 - repeat 3,vLLM max sequences,max sequences,192.0,3,82.51,3636,3444,192,,ok
max sequences 192 - repeat 3,vLLM max sequences,max sequences,192.0,3,83.037,3821,3629,192,,ok
max sequences 192 - repeat 3,vLLM max sequences,max sequences,192.0,3,83.576,3821,3629,192,,ok
max sequences 192 - repeat 3,vLLM max sequences,max sequences,192.0,3,84.034,3821,3629,192,,ok
max sequences 192 - repeat 3,vLLM max sequences,max sequences,192.0,3,84.543,3821,3629,192,,ok
max sequences 192 - repeat 3,vLLM max sequences,max sequences,192.0,3,85.038,3828,3636,192,,ok
max sequences 192 - repeat 3,vLLM max sequences,max sequences,192.0,3,85.547,3828,3636,192,,ok
max sequences 192 - repeat 3,vLLM max sequences,max sequences,192.0,3,86.007,4013,3821,192,,ok
max sequences 192 - repeat 3,vLLM max sequences,max sequences,192.0,3,86.514,4013,3821,192,,ok
max sequences 192 - repeat 3,vLLM max sequences,max sequences,192.0,3,87.031,4013,3821,192,,ok
max sequences 192 - repeat 3,vLLM max sequences,max sequences,192.0,3,87.513,4013,3821,192,,ok
max sequences 192 - repeat 3,vLLM max sequences,max sequences,192.0,3,88.027,4013,3821,192,,ok
max sequences 192 - repeat 3,vLLM max sequences,max sequences,192.0,3,88.683,4013,3828,185,,ok
max sequences 192 - repeat 3,vLLM max sequences,max sequences,192.0,3,89.008,4020,3828,192,,ok
max sequences 192 - repeat 3,vLLM max sequences,max sequences,192.0,3,89.624,4205,4013,192,,ok
max sequences 192 - repeat 3,vLLM max sequences,max sequences,192.0,3,90.051,4205,4013,192,,ok
max sequences 192 - repeat 3,vLLM max sequences,max sequences,192.0,3,90.554,4205,4013,192,,ok
max sequences 192 - repeat 3,vLLM max sequences,max sequences,192.0,3,91.013,4205,4013,192,,ok
max sequences 192 - repeat 3,vLLM max sequences,max sequences,192.0,3,91.559,4205,4013,192,,ok
max sequences 192 - repeat 3,vLLM max sequences,max sequences,192.0,3,92.015,4212,4020,192,,ok
max sequences 192 - repeat 3,vLLM max sequences,max sequences,192.0,3,92.529,4295,4126,169,,ok
max sequences 192 - repeat 3,vLLM max sequences,max sequences,192.0,3,93.003,4397,4205,192,,ok
max sequences 192 - repeat 3,vLLM max sequences,max sequences,192.0,3,93.51,4397,4205,192,,ok
max sequences 192 - repeat 3,vLLM max sequences,max sequences,192.0,3,94.047,4397,4205,192,,ok
max sequences 192 - repeat 3,vLLM max sequences,max sequences,192.0,3,94.505,4397,4205,192,,ok
max sequences 192 - repeat 3,vLLM max sequences,max sequences,192.0,3,95.001,4404,4212,192,,ok
max sequences 192 - repeat 3,vLLM max sequences,max sequences,192.0,3,95.514,4404,4212,192,,ok
max sequences 192 - repeat 3,vLLM max sequences,max sequences,192.0,3,96.05,4589,4397,192,,ok
max sequences 192 - repeat 3,vLLM max sequences,max sequences,192.0,3,96.511,4589,4397,192,,ok
max sequences 192 - repeat 3,vLLM max sequences,max sequences,192.0,3,97.02,4589,4397,192,,ok
max sequences 192 - repeat 3,vLLM max sequences,max sequences,192.0,3,97.537,4589,4397,192,,ok
max sequences 192 - repeat 3,vLLM max sequences,max sequences,192.0,3,98.119,4595,4404,191,,ok
max sequences 192 - repeat 3,vLLM max sequences,max sequences,192.0,3,98.518,4596,4404,192,,ok
max sequences 192 - repeat 3,vLLM max sequences,max sequences,192.0,3,99.043,4781,4589,192,,ok
max sequences 192 - repeat 3,vLLM max sequences,max sequences,192.0,3,99.527,4781,4589,192,,ok
max sequences 192 - repeat 3,vLLM max sequences,max sequences,192.0,3,100.01,4781,4589,192,,ok
max sequences 192 - repeat 3,vLLM max sequences,max sequences,192.0,3,100.525,4781,4590,191,,ok
max sequences 192 - repeat 3,vLLM max sequences,max sequences,192.0,3,101.037,4784,4592,192,,ok
max sequences 192 - repeat 3,vLLM max sequences,max sequences,192.0,3,101.516,4788,4596,192,,ok
max sequences 192 - repeat 3,vLLM max sequences,max sequences,192.0,3,102.027,4788,4604,184,,ok
max sequences 192 - repeat 3,vLLM max sequences,max sequences,192.0,3,102.537,4833,4641,192,,ok
max sequences 192 - repeat 3,vLLM max sequences,max sequences,192.0,3,103.0,4881,4689,192,,ok
max sequences 192 - repeat 3,vLLM max sequences,max sequences,192.0,3,103.511,4881,4736,145,,ok
max sequences 192 - repeat 3,vLLM max sequences,max sequences,192.0,3,104.024,4973,4781,192,,ok
max sequences 192 - repeat 3,vLLM max sequences,max sequences,192.0,3,104.534,4973,4781,192,,ok
max sequences 192 - repeat 3,vLLM max sequences,max sequences,192.0,3,105.046,4974,4782,192,,ok
max sequences 192 - repeat 3,vLLM max sequences,max sequences,192.0,3,105.506,4980,4788,192,,ok
max sequences 192 - repeat 3,vLLM max sequences,max sequences,192.0,3,106.016,4980,4788,192,,ok
max sequences 192 - repeat 3,vLLM max sequences,max sequences,192.0,3,106.541,5165,4973,192,,ok
max sequences 192 - repeat 3,vLLM max sequences,max sequences,192.0,3,107.047,5165,4973,192,,ok
max sequences 192 - repeat 3,vLLM max sequences,max sequences,192.0,3,107.535,5165,4973,192,,ok
max sequences 192 - repeat 3,vLLM max sequences,max sequences,192.0,3,108.242,5165,4974,191,,ok
max sequences 192 - repeat 3,vLLM max sequences,max sequences,192.0,3,108.57,5168,4980,188,,ok
max sequences 192 - repeat 3,vLLM max sequences,max sequences,192.0,3,109.045,5172,4980,192,,ok
max sequences 192 - repeat 3,vLLM max sequences,max sequences,192.0,3,109.526,5186,5043,143,,ok
max sequences 192 - repeat 3,vLLM max sequences,max sequences,192.0,3,110.033,5357,5165,192,,ok
max sequences 192 - repeat 3,vLLM max sequences,max sequences,192.0,3,110.536,5357,5165,192,,ok
max sequences 192 - repeat 3,vLLM max sequences,max sequences,192.0,3,111.004,5357,5165,192,,ok
max sequences 192 - repeat 3,vLLM max sequences,max sequences,192.0,3,111.541,5360,5172,188,,ok
max sequences 192 - repeat 3,vLLM max sequences,max sequences,192.0,3,112.016,5364,5172,192,,ok
max sequences 192 - repeat 3,vLLM max sequences,max sequences,192.0,3,112.534,5365,5173,192,,ok
max sequences 192 - repeat 3,vLLM max sequences,max sequences,192.0,3,113.044,5549,5357,192,,ok
max sequences 192 - repeat 3,vLLM max sequences,max sequences,192.0,3,113.501,5552,5360,192,,ok
max sequences 192 - repeat 3,vLLM max sequences,max sequences,192.0,3,114.009,5552,5360,192,,ok
max sequences 192 - repeat 3,vLLM max sequences,max sequences,192.0,3,114.542,5553,5361,192,,ok
max sequences 192 - repeat 3,vLLM max sequences,max sequences,192.0,3,115.002,5556,5364,192,,ok
max sequences 192 - repeat 3,vLLM max sequences,max sequences,192.0,3,115.516,5556,5364,192,,ok
max sequences 192 - repeat 3,vLLM max sequences,max sequences,192.0,3,116.027,5673,5481,192,,ok
max sequences 192 - repeat 3,vLLM max sequences,max sequences,192.0,3,116.535,5744,5552,192,,ok
max sequences 192 - repeat 3,vLLM max sequences,max sequences,192.0,3,117.046,5744,5552,192,,ok
max sequences 192 - repeat 3,vLLM max sequences,max sequences,192.0,3,117.503,5744,5553,191,,ok
max sequences 192 - repeat 3,vLLM max sequences,max sequences,192.0,3,118.134,5748,5556,192,,ok
max sequences 192 - repeat 3,vLLM max sequences,max sequences,192.0,3,118.517,5748,5556,192,,ok
max sequences 192 - repeat 3,vLLM max sequences,max sequences,192.0,3,119.027,5749,5557,192,,ok
max sequences 192 - repeat 3,vLLM max sequences,max sequences,192.0,3,119.506,5940,5748,192,,ok
max sequences 192 - repeat 3,vLLM max sequences,max sequences,192.0,3,120.006,5940,5748,192,,ok
max sequences 192 - repeat 3,vLLM max sequences,max sequences,192.0,3,120.523,5940,5748,192,,ok
max sequences 192 - repeat 3,vLLM max sequences,max sequences,192.0,3,121.031,5940,5748,192,,ok
max sequences 192 - repeat 3,vLLM max sequences,max sequences,192.0,3,121.545,5941,5749,192,,ok
max sequences 192 - repeat 3,vLLM max sequences,max sequences,192.0,3,122.025,5941,5749,192,,ok
max sequences 192 - repeat 3,vLLM max sequences,max sequences,192.0,3,122.533,6132,5940,192,,ok
max sequences 192 - repeat 3,vLLM max sequences,max sequences,192.0,3,123.05,6133,5941,192,,ok
max sequences 192 - repeat 3,vLLM max sequences,max sequences,192.0,3,123.508,6133,5941,192,,ok
max sequences 192 - repeat 3,vLLM max sequences,max sequences,192.0,3,124.039,6133,5941,192,,ok
max sequences 192 - repeat 3,vLLM max sequences,max sequences,192.0,3,124.567,6133,5941,192,,ok
max sequences 192 - repeat 3,vLLM max sequences,max sequences,192.0,3,125.029,6133,5941,192,,ok
max sequences 192 - repeat 3,vLLM max sequences,max sequences,192.0,3,125.537,6133,5941,192,,ok
max sequences 192 - repeat 3,vLLM max sequences,max sequences,192.0,3,126.013,6135,5947,188,,ok
max sequences 192 - repeat 3,vLLM max sequences,max sequences,192.0,3,126.523,6325,6133,192,,ok
max sequences 192 - repeat 3,vLLM max sequences,max sequences,192.0,3,127.03,6325,6133,192,,ok
max sequences 192 - repeat 3,vLLM max sequences,max sequences,192.0,3,127.541,6325,6133,192,,ok
max sequences 192 - repeat 3,vLLM max sequences,max sequences,192.0,3,128.027,6325,6133,192,,ok
max sequences 192 - repeat 3,vLLM max sequences,max sequences,192.0,3,128.516,6325,6133,192,,ok
max sequences 192 - repeat 3,vLLM max sequences,max sequences,192.0,3,129.007,6325,6135,190,,ok
max sequences 192 - repeat 3,vLLM max sequences,max sequences,192.0,3,129.591,6368,6199,169,,ok
max sequences 192 - repeat 3,vLLM max sequences,max sequences,192.0,3,130.008,6391,6205,186,,ok
max sequences 192 - repeat 3,vLLM max sequences,max sequences,192.0,3,130.53,6455,6263,192,,ok
max sequences 192 - repeat 3,vLLM max sequences,max sequences,192.0,3,131.051,6502,6310,192,,ok
max sequences 192 - repeat 3,vLLM max sequences,max sequences,192.0,3,131.518,6517,6325,192,,ok
max sequences 192 - repeat 3,vLLM max sequences,max sequences,192.0,3,132.032,6517,6325,192,,ok
max sequences 192 - repeat 3,vLLM max sequences,max sequences,192.0,3,132.547,6517,6325,192,,ok
max sequences 192 - repeat 3,vLLM max sequences,max sequences,192.0,3,133.01,6519,6327,192,,ok
max sequences 192 - repeat 3,vLLM max sequences,max sequences,192.0,3,133.527,6709,6517,192,,ok
max sequences 192 - repeat 3,vLLM max sequences,max sequences,192.0,3,134.013,6709,6517,192,,ok
max sequences 192 - repeat 3,vLLM max sequences,max sequences,192.0,3,134.536,6709,6517,192,,ok
max sequences 192 - repeat 3,vLLM max sequences,max sequences,192.0,3,135.0,6709,6517,192,,ok
max sequences 192 - repeat 3,vLLM max sequences,max sequences,192.0,3,135.522,6709,6517,192,,ok
max sequences 192 - repeat 3,vLLM max sequences,max sequences,192.0,3,136.011,6711,6519,192,,ok
max sequences 192 - repeat 3,vLLM max sequences,max sequences,192.0,3,136.525,6901,6709,192,,ok
max sequences 192 - repeat 3,vLLM max sequences,max sequences,192.0,3,137.033,6901,6709,192,,ok
max sequences 192 - repeat 3,vLLM max sequences,max sequences,192.0,3,137.627,6901,6709,192,,ok
max sequences 192 - repeat 3,vLLM max sequences,max sequences,192.0,3,138.054,6901,6709,192,,ok
max sequences 192 - repeat 3,vLLM max sequences,max sequences,192.0,3,138.567,6901,6709,192,,ok
max sequences 192 - repeat 3,vLLM max sequences,max sequences,192.0,3,139.033,6901,6711,190,,ok
max sequences 192 - repeat 3,vLLM max sequences,max sequences,192.0,3,139.518,6905,6871,34,,ok
max sequences 192 - repeat 3,vLLM max sequences,max sequences,192.0,3,140.048,7093,6901,192,,ok
max sequences 192 - repeat 3,vLLM max sequences,max sequences,192.0,3,140.512,7093,6901,192,,ok
max sequences 192 - repeat 3,vLLM max sequences,max sequences,192.0,3,141.001,7093,6901,192,,ok
max sequences 192 - repeat 3,vLLM max sequences,max sequences,192.0,3,141.522,7093,6901,192,,ok
max sequences 192 - repeat 3,vLLM max sequences,max sequences,192.0,3,142.034,7093,6901,192,,ok
max sequences 192 - repeat 3,vLLM max sequences,max sequences,192.0,3,142.521,7095,6903,192,,ok
max sequences 192 - repeat 3,vLLM max sequences,max sequences,192.0,3,143.056,7107,6915,192,,ok
max sequences 192 - repeat 3,vLLM max sequences,max sequences,192.0,3,143.518,7285,7093,192,,ok
max sequences 192 - repeat 3,vLLM max sequences,max sequences,192.0,3,144.037,7285,7093,192,,ok
max sequences 192 - repeat 3,vLLM max sequences,max sequences,192.0,3,144.533,7285,7093,192,,ok
max sequences 192 - repeat 3,vLLM max sequences,max sequences,192.0,3,145.048,7285,7093,192,,ok
max sequences 192 - repeat 3,vLLM max sequences,max sequences,192.0,3,145.542,7286,7095,191,,ok
max sequences 192 - repeat 3,vLLM max sequences,max sequences,192.0,3,146.01,7287,7095,192,,ok
max sequences 192 - repeat 3,vLLM max sequences,max sequences,192.0,3,146.537,7477,7285,192,,ok
max sequences 192 - repeat 3,vLLM max sequences,max sequences,192.0,3,147.003,7477,7285,192,,ok
max sequences 192 - repeat 3,vLLM max sequences,max sequences,192.0,3,147.541,7477,7285,192,,ok
max sequences 192 - repeat 3,vLLM max sequences,max sequences,192.0,3,148.009,7477,7285,192,,ok
max sequences 192 - repeat 3,vLLM max sequences,max sequences,192.0,3,148.724,7477,7287,190,,ok
max sequences 192 - repeat 3,vLLM max sequences,max sequences,192.0,3,149.006,7479,7287,192,,ok
max sequences 192 - repeat 3,vLLM max sequences,max sequences,192.0,3,149.617,7595,7477,118,,ok
max sequences 192 - repeat 3,vLLM max sequences,max sequences,192.0,3,150.035,7669,7477,192,,ok
max sequences 192 - repeat 3,vLLM max sequences,max sequences,192.0,3,150.506,7669,7477,192,,ok
max sequences 192 - repeat 3,vLLM max sequences,max sequences,192.0,3,151.028,7669,7477,192,,ok
max sequences 192 - repeat 3,vLLM max sequences,max sequences,192.0,3,151.518,7671,7479,192,,ok
max sequences 192 - repeat 3,vLLM max sequences,max sequences,192.0,3,152.034,7671,7479,192,,ok
max sequences 192 - repeat 3,vLLM max sequences,max sequences,192.0,3,152.538,7671,7479,192,,ok
max sequences 192 - repeat 3,vLLM max sequences,max sequences,192.0,3,153.016,7858,7671,187,,ok
max sequences 192 - repeat 3,vLLM max sequences,max sequences,192.0,3,153.533,7863,7671,192,,ok
max sequences 192 - repeat 3,vLLM max sequences,max sequences,192.0,3,154.006,7863,7671,192,,ok
max sequences 192 - repeat 3,vLLM max sequences,max sequences,192.0,3,154.521,7863,7671,192,,ok
max sequences 192 - repeat 3,vLLM max sequences,max sequences,192.0,3,155.032,7863,7671,192,,ok
max sequences 192 - repeat 3,vLLM max sequences,max sequences,192.0,3,155.5,7863,7671,192,,ok
max sequences 192 - repeat 3,vLLM max sequences,max sequences,192.0,3,156.031,7982,7863,119,,ok
max sequences 192 - repeat 3,vLLM max sequences,max sequences,192.0,3,156.548,8055,7863,192,,ok
max sequences 192 - repeat 3,vLLM max sequences,max sequences,192.0,3,157.032,8055,7863,192,,ok
max sequences 192 - repeat 3,vLLM max sequences,max sequences,192.0,3,157.549,8055,7863,192,,ok
max sequences 192 - repeat 3,vLLM max sequences,max sequences,192.0,3,158.039,8055,7863,192,,ok
max sequences 192 - repeat 3,vLLM max sequences,max sequences,192.0,3,158.554,8055,7863,192,,ok
max sequences 192 - repeat 3,vLLM max sequences,max sequences,192.0,3,159.026,8059,7867,192,,ok
max sequences 192 - repeat 3,vLLM max sequences,max sequences,192.0,3,159.552,8247,8055,192,,ok
max sequences 192 - repeat 3,vLLM max sequences,max sequences,192.0,3,160.054,8247,8055,192,,ok
max sequences 192 - repeat 3,vLLM max sequences,max sequences,192.0,3,160.534,8247,8055,192,,ok
max sequences 192 - repeat 3,vLLM max sequences,max sequences,192.0,3,161.035,8247,8055,192,,ok
max sequences 192 - repeat 3,vLLM max sequences,max sequences,192.0,3,161.516,8247,8055,192,,ok
max sequences 192 - repeat 3,vLLM max sequences,max sequences,192.0,3,162.011,8251,8059,192,,ok
max sequences 192 - repeat 3,vLLM max sequences,max sequences,192.0,3,162.549,8439,8247,192,,ok
max sequences 192 - repeat 3,vLLM max sequences,max sequences,192.0,3,163.015,8439,8247,192,,ok
max sequences 192 - repeat 3,vLLM max sequences,max sequences,192.0,3,163.528,8439,8247,192,,ok
max sequences 192 - repeat 3,vLLM max sequences,max sequences,192.0,3,164.003,8439,8247,192,,ok
max sequences 192 - repeat 3,vLLM max sequences,max sequences,192.0,3,164.519,8439,8247,192,,ok
max sequences 192 - repeat 3,vLLM max sequences,max sequences,192.0,3,165.037,8443,8251,192,,ok
max sequences 192 - repeat 3,vLLM max sequences,max sequences,192.0,3,165.502,8631,8439,192,,ok
max sequences 192 - repeat 3,vLLM max sequences,max sequences,192.0,3,166.046,8631,8439,192,,ok
max sequences 192 - repeat 3,vLLM max sequences,max sequences,192.0,3,166.513,8631,8439,192,,ok
max sequences 192 - repeat 3,vLLM max sequences,max sequences,192.0,3,167.046,8631,8439,192,,ok
max sequences 192 - repeat 3,vLLM max sequences,max sequences,192.0,3,167.51,8631,8439,192,,ok
max sequences 192 - repeat 3,vLLM max sequences,max sequences,192.0,3,168.195,8631,8443,188,,ok
max sequences 192 - repeat 3,vLLM max sequences,max sequences,192.0,3,168.572,8635,8567,68,,ok
max sequences 192 - repeat 3,vLLM max sequences,max sequences,192.0,3,169.01,8823,8631,192,,ok
max sequences 192 - repeat 3,vLLM max sequences,max sequences,192.0,3,169.532,8823,8631,192,,ok
max sequences 192 - repeat 3,vLLM max sequences,max sequences,192.0,3,170.01,8823,8631,192,,ok
max sequences 192 - repeat 3,vLLM max sequences,max sequences,192.0,3,170.575,8823,8631,192,,ok
max sequences 192 - repeat 3,vLLM max sequences,max sequences,192.0,3,171.01,8823,8631,192,,ok
max sequences 192 - repeat 3,vLLM max sequences,max sequences,192.0,3,171.513,8827,8635,192,,ok
max sequences 192 - repeat 3,vLLM max sequences,max sequences,192.0,3,172.049,9015,8823,192,,ok
max sequences 192 - repeat 3,vLLM max sequences,max sequences,192.0,3,172.525,9015,8823,192,,ok
max sequences 192 - repeat 3,vLLM max sequences,max sequences,192.0,3,173.042,9015,8823,192,,ok
max sequences 192 - repeat 3,vLLM max sequences,max sequences,192.0,3,173.505,9015,8823,192,,ok
max sequences 192 - repeat 3,vLLM max sequences,max sequences,192.0,3,174.016,9015,8823,192,,ok
max sequences 192 - repeat 3,vLLM max sequences,max sequences,192.0,3,174.527,9019,8827,192,,ok
max sequences 192 - repeat 3,vLLM max sequences,max sequences,192.0,3,175.037,9207,9015,192,,ok
max sequences 192 - repeat 3,vLLM max sequences,max sequences,192.0,3,175.55,9207,9015,192,,ok
max sequences 192 - repeat 3,vLLM max sequences,max sequences,192.0,3,176.012,9207,9015,192,,ok
max sequences 192 - repeat 3,vLLM max sequences,max sequences,192.0,3,176.543,9207,9015,192,,ok
max sequences 192 - repeat 3,vLLM max sequences,max sequences,192.0,3,177.005,9207,9017,190,,ok
max sequences 192 - repeat 3,vLLM max sequences,max sequences,192.0,3,177.534,9211,9019,192,,ok
max sequences 192 - repeat 3,vLLM max sequences,max sequences,192.0,3,178.0,9211,9019,192,,ok
max sequences 192 - repeat 3,vLLM max sequences,max sequences,192.0,3,178.872,9211,9211,0,,ok
max sequences 192 - repeat 3,vLLM max sequences,max sequences,192.0,3,179.002,9403,9211,192,,ok
max sequences 192 - repeat 3,vLLM max sequences,max sequences,192.0,3,179.507,9403,9211,192,,ok
batched tokens 4096 - repeat 1,vLLM batched tokens,batched tokens,4096.0,1,0.0,0,0,0,,ok
batched tokens 4096 - repeat 1,vLLM batched tokens,batched tokens,4096.0,1,0.522,3,0,3,,ok
batched tokens 4096 - repeat 1,vLLM batched tokens,batched tokens,4096.0,1,1.045,7,1,6,,ok
batched tokens 4096 - repeat 1,vLLM batched tokens,batched tokens,4096.0,1,1.503,10,1,9,,ok
batched tokens 4096 - repeat 1,vLLM batched tokens,batched tokens,4096.0,1,2.042,16,6,10,,ok
batched tokens 4096 - repeat 1,vLLM batched tokens,batched tokens,4096.0,1,2.502,24,9,15,,ok
batched tokens 4096 - repeat 1,vLLM batched tokens,batched tokens,4096.0,1,3.03,30,13,17,,ok
batched tokens 4096 - repeat 1,vLLM batched tokens,batched tokens,4096.0,1,3.574,36,14,22,,ok
batched tokens 4096 - repeat 1,vLLM batched tokens,batched tokens,4096.0,1,4.042,39,14,25,,ok
batched tokens 4096 - repeat 1,vLLM batched tokens,batched tokens,4096.0,1,4.525,44,15,29,,ok
batched tokens 4096 - repeat 1,vLLM batched tokens,batched tokens,4096.0,1,5.018,47,15,32,,ok
batched tokens 4096 - repeat 1,vLLM batched tokens,batched tokens,4096.0,1,5.566,54,20,34,,ok
batched tokens 4096 - repeat 1,vLLM batched tokens,batched tokens,4096.0,1,6.006,62,24,38,,ok
batched tokens 4096 - repeat 1,vLLM batched tokens,batched tokens,4096.0,1,6.531,87,47,40,,ok
batched tokens 4096 - repeat 1,vLLM batched tokens,batched tokens,4096.0,1,7.047,94,49,45,,ok
batched tokens 4096 - repeat 1,vLLM batched tokens,batched tokens,4096.0,1,7.512,97,49,48,,ok
batched tokens 4096 - repeat 1,vLLM batched tokens,batched tokens,4096.0,1,8.026,100,49,51,,ok
batched tokens 4096 - repeat 1,vLLM batched tokens,batched tokens,4096.0,1,8.507,103,49,54,,ok
batched tokens 4096 - repeat 1,vLLM batched tokens,batched tokens,4096.0,1,9.02,108,52,56,,ok
batched tokens 4096 - repeat 1,vLLM batched tokens,batched tokens,4096.0,1,9.535,116,55,61,,ok
batched tokens 4096 - repeat 1,vLLM batched tokens,batched tokens,4096.0,1,10.018,120,56,64,,ok
batched tokens 4096 - repeat 1,vLLM batched tokens,batched tokens,4096.0,1,10.537,127,60,67,,ok
batched tokens 4096 - repeat 1,vLLM batched tokens,batched tokens,4096.0,1,11.046,135,65,70,,ok
batched tokens 4096 - repeat 1,vLLM batched tokens,batched tokens,4096.0,1,11.509,177,104,73,,ok
batched tokens 4096 - repeat 1,vLLM batched tokens,batched tokens,4096.0,1,12.037,181,104,77,,ok
batched tokens 4096 - repeat 1,vLLM batched tokens,batched tokens,4096.0,1,12.516,199,119,80,,ok
batched tokens 4096 - repeat 1,vLLM batched tokens,batched tokens,4096.0,1,13.03,202,119,83,,ok
batched tokens 4096 - repeat 1,vLLM batched tokens,batched tokens,4096.0,1,13.771,205,122,83,,ok
batched tokens 4096 - repeat 1,vLLM batched tokens,batched tokens,4096.0,1,14.033,213,127,86,,ok
batched tokens 4096 - repeat 1,vLLM batched tokens,batched tokens,4096.0,1,14.574,224,134,90,,ok
batched tokens 4096 - repeat 1,vLLM batched tokens,batched tokens,4096.0,1,15.049,276,180,96,,ok
batched tokens 4096 - repeat 1,vLLM batched tokens,batched tokens,4096.0,1,15.538,279,180,99,,ok
batched tokens 4096 - repeat 1,vLLM batched tokens,batched tokens,4096.0,1,16.02,282,180,102,,ok
batched tokens 4096 - repeat 1,vLLM batched tokens,batched tokens,4096.0,1,16.549,286,180,106,,ok
batched tokens 4096 - repeat 1,vLLM batched tokens,batched tokens,4096.0,1,17.017,290,181,109,,ok
batched tokens 4096 - repeat 1,vLLM batched tokens,batched tokens,4096.0,1,17.544,293,181,112,,ok
batched tokens 4096 - repeat 1,vLLM batched tokens,batched tokens,4096.0,1,18.01,296,181,115,,ok
batched tokens 4096 - repeat 1,vLLM batched tokens,batched tokens,4096.0,1,18.538,323,205,118,,ok
batched tokens 4096 - repeat 1,vLLM batched tokens,batched tokens,4096.0,1,19.021,326,205,121,,ok
batched tokens 4096 - repeat 1,vLLM batched tokens,batched tokens,4096.0,1,19.506,330,205,125,,ok
batched tokens 4096 - repeat 1,vLLM batched tokens,batched tokens,4096.0,1,20.021,343,215,128,,ok
batched tokens 4096 - repeat 1,vLLM batched tokens,batched tokens,4096.0,1,20.514,346,215,131,,ok
batched tokens 4096 - repeat 1,vLLM batched tokens,batched tokens,4096.0,1,21.001,358,224,134,,ok
batched tokens 4096 - repeat 1,vLLM batched tokens,batched tokens,4096.0,1,21.536,361,224,137,,ok
batched tokens 4096 - repeat 1,vLLM batched tokens,batched tokens,4096.0,1,22.048,367,227,140,,ok
batched tokens 4096 - repeat 1,vLLM batched tokens,batched tokens,4096.0,1,22.522,415,271,144,,ok
batched tokens 4096 - repeat 1,vLLM batched tokens,batched tokens,4096.0,1,23.042,423,283,140,,ok
batched tokens 4096 - repeat 1,vLLM batched tokens,batched tokens,4096.0,1,23.619,439,290,149,,ok
batched tokens 4096 - repeat 1,vLLM batched tokens,batched tokens,4096.0,1,24.052,449,297,152,,ok
batched tokens 4096 - repeat 1,vLLM batched tokens,batched tokens,4096.0,1,24.526,467,310,157,,ok
batched tokens 4096 - repeat 1,vLLM batched tokens,batched tokens,4096.0,1,25.0,484,324,160,,ok
batched tokens 4096 - repeat 1,vLLM batched tokens,batched tokens,4096.0,1,25.624,491,333,158,,ok
batched tokens 4096 - repeat 1,vLLM batched tokens,batched tokens,4096.0,1,26.044,513,347,166,,ok
batched tokens 4096 - repeat 1,vLLM batched tokens,batched tokens,4096.0,1,26.558,528,360,168,,ok
batched tokens 4096 - repeat 1,vLLM batched tokens,batched tokens,4096.0,1,27.019,567,394,173,,ok
batched tokens 4096 - repeat 1,vLLM batched tokens,batched tokens,4096.0,1,27.539,582,418,164,,ok
batched tokens 4096 - repeat 1,vLLM batched tokens,batched tokens,4096.0,1,28.002,601,422,179,,ok
batched tokens 4096 - repeat 1,vLLM batched tokens,batched tokens,4096.0,1,28.515,620,445,175,,ok
batched tokens 4096 - repeat 1,vLLM batched tokens,batched tokens,4096.0,1,29.027,642,460,182,,ok
batched tokens 4096 - repeat 1,vLLM batched tokens,batched tokens,4096.0,1,29.55,666,480,186,,ok
batched tokens 4096 - repeat 1,vLLM batched tokens,batched tokens,4096.0,1,30.025,675,488,187,,ok
batched tokens 4096 - repeat 1,vLLM batched tokens,batched tokens,4096.0,1,30.517,715,537,178,,ok
batched tokens 4096 - repeat 1,vLLM batched tokens,batched tokens,4096.0,1,31.032,742,550,192,,ok
batched tokens 4096 - repeat 1,vLLM batched tokens,batched tokens,4096.0,1,31.542,751,559,192,,ok
batched tokens 4096 - repeat 1,vLLM batched tokens,batched tokens,4096.0,1,32.028,777,585,192,,ok
batched tokens 4096 - repeat 1,vLLM batched tokens,batched tokens,4096.0,1,32.534,793,603,190,,ok
batched tokens 4096 - repeat 1,vLLM batched tokens,batched tokens,4096.0,1,33.026,803,614,189,,ok
batched tokens 4096 - repeat 1,vLLM batched tokens,batched tokens,4096.0,1,33.808,834,678,156,,ok
batched tokens 4096 - repeat 1,vLLM batched tokens,batched tokens,4096.0,1,34.032,870,681,189,,ok
batched tokens 4096 - repeat 1,vLLM batched tokens,batched tokens,4096.0,1,34.57,904,712,192,,ok
batched tokens 4096 - repeat 1,vLLM batched tokens,batched tokens,4096.0,1,35.041,920,728,192,,ok
batched tokens 4096 - repeat 1,vLLM batched tokens,batched tokens,4096.0,1,35.676,930,742,188,,ok
batched tokens 4096 - repeat 1,vLLM batched tokens,batched tokens,4096.0,1,36.073,957,770,187,,ok
batched tokens 4096 - repeat 1,vLLM batched tokens,batched tokens,4096.0,1,36.639,998,808,190,,ok
batched tokens 4096 - repeat 1,vLLM batched tokens,batched tokens,4096.0,1,37.008,1031,840,191,,ok
batched tokens 4096 - repeat 1,vLLM batched tokens,batched tokens,4096.0,1,37.535,1047,855,192,,ok
batched tokens 4096 - repeat 1,vLLM batched tokens,batched tokens,4096.0,1,38.045,1058,866,192,,ok
batched tokens 4096 - repeat 1,vLLM batched tokens,batched tokens,4096.0,1,38.511,1076,891,185,,ok
batched tokens 4096 - repeat 1,vLLM batched tokens,batched tokens,4096.0,1,39.023,1126,934,192,,ok
batched tokens 4096 - repeat 1,vLLM batched tokens,batched tokens,4096.0,1,39.583,1156,968,188,,ok
batched tokens 4096 - repeat 1,vLLM batched tokens,batched tokens,4096.0,1,40.05,1172,981,191,,ok
batched tokens 4096 - repeat 1,vLLM batched tokens,batched tokens,4096.0,1,40.512,1186,994,192,,ok
batched tokens 4096 - repeat 1,vLLM batched tokens,batched tokens,4096.0,1,41.039,1199,1012,187,,ok
batched tokens 4096 - repeat 1,vLLM batched tokens,batched tokens,4096.0,1,41.526,1246,1062,184,,ok
batched tokens 4096 - repeat 1,vLLM batched tokens,batched tokens,4096.0,1,42.038,1270,1092,178,,ok
batched tokens 4096 - repeat 1,vLLM batched tokens,batched tokens,4096.0,1,42.541,1292,1100,192,,ok
batched tokens 4096 - repeat 1,vLLM batched tokens,batched tokens,4096.0,1,43.022,1312,1120,192,,ok
batched tokens 4096 - repeat 1,vLLM batched tokens,batched tokens,4096.0,1,43.614,1315,1135,180,,ok
batched tokens 4096 - repeat 1,vLLM batched tokens,batched tokens,4096.0,1,44.002,1367,1182,185,,ok
batched tokens 4096 - repeat 1,vLLM batched tokens,batched tokens,4096.0,1,44.656,1384,1207,177,,ok
batched tokens 4096 - repeat 1,vLLM batched tokens,batched tokens,4096.0,1,45.032,1416,1225,191,,ok
batched tokens 4096 - repeat 1,vLLM batched tokens,batched tokens,4096.0,1,45.522,1432,1243,189,,ok
batched tokens 4096 - repeat 1,vLLM batched tokens,batched tokens,4096.0,1,46.002,1443,1253,190,,ok
batched tokens 4096 - repeat 1,vLLM batched tokens,batched tokens,4096.0,1,46.54,1488,1298,190,,ok
batched tokens 4096 - repeat 1,vLLM batched tokens,batched tokens,4096.0,1,47.014,1512,1320,192,,ok
batched tokens 4096 - repeat 1,vLLM batched tokens,batched tokens,4096.0,1,47.529,1544,1352,192,,ok
batched tokens 4096 - repeat 1,vLLM batched tokens,batched tokens,4096.0,1,48.009,1560,1368,192,,ok
batched tokens 4096 - repeat 1,vLLM batched tokens,batched tokens,4096.0,1,48.527,1570,1378,192,,ok
batched tokens 4096 - repeat 1,vLLM batched tokens,batched tokens,4096.0,1,49.045,1602,1417,185,,ok
batched tokens 4096 - repeat 1,vLLM batched tokens,batched tokens,4096.0,1,49.521,1638,1446,192,,ok
batched tokens 4096 - repeat 1,vLLM batched tokens,batched tokens,4096.0,1,50.035,1672,1480,192,,ok
batched tokens 4096 - repeat 1,vLLM batched tokens,batched tokens,4096.0,1,50.504,1684,1495,189,,ok
batched tokens 4096 - repeat 1,vLLM batched tokens,batched tokens,4096.0,1,51.042,1698,1506,192,,ok
batched tokens 4096 - repeat 1,vLLM batched tokens,batched tokens,4096.0,1,51.503,1709,1531,178,,ok
batched tokens 4096 - repeat 1,vLLM batched tokens,batched tokens,4096.0,1,52.039,1765,1574,191,,ok
batched tokens 4096 - repeat 1,vLLM batched tokens,batched tokens,4096.0,1,52.549,1789,1607,182,,ok
batched tokens 4096 - repeat 1,vLLM batched tokens,batched tokens,4096.0,1,53.032,1805,1613,192,,ok
batched tokens 4096 - repeat 1,vLLM batched tokens,batched tokens,4096.0,1,53.729,1819,1634,185,,ok
batched tokens 4096 - repeat 1,vLLM batched tokens,batched tokens,4096.0,1,54.015,1837,1647,190,,ok
batched tokens 4096 - repeat 1,vLLM batched tokens,batched tokens,4096.0,1,54.523,1893,1702,191,,ok
batched tokens 4096 - repeat 1,vLLM batched tokens,batched tokens,4096.0,1,55.031,1917,1732,185,,ok
batched tokens 4096 - repeat 1,vLLM batched tokens,batched tokens,4096.0,1,55.57,1928,1742,186,,ok
batched tokens 4096 - repeat 1,vLLM batched tokens,batched tokens,4096.0,1,56.017,1952,1762,190,,ok
batched tokens 4096 - repeat 1,vLLM batched tokens,batched tokens,4096.0,1,56.503,1960,1773,187,,ok
batched tokens 4096 - repeat 1,vLLM batched tokens,batched tokens,4096.0,1,57.015,2014,1829,185,,ok
batched tokens 4096 - repeat 1,vLLM batched tokens,batched tokens,4096.0,1,57.526,2038,1853,185,,ok
batched tokens 4096 - repeat 1,vLLM batched tokens,batched tokens,4096.0,1,58.038,2060,1869,191,,ok
batched tokens 4096 - repeat 1,vLLM batched tokens,batched tokens,4096.0,1,58.545,2077,1888,189,,ok
batched tokens 4096 - repeat 1,vLLM batched tokens,batched tokens,4096.0,1,59.029,2088,1896,192,,ok
batched tokens 4096 - repeat 1,vLLM batched tokens,batched tokens,4096.0,1,59.521,2135,1950,185,,ok
batched tokens 4096 - repeat 1,vLLM batched tokens,batched tokens,4096.0,1,60.032,2159,1974,185,,ok
batched tokens 4096 - repeat 1,vLLM batched tokens,batched tokens,4096.0,1,60.547,2185,1994,191,,ok
batched tokens 4096 - repeat 1,vLLM batched tokens,batched tokens,4096.0,1,61.009,2200,2010,190,,ok
batched tokens 4096 - repeat 1,vLLM batched tokens,batched tokens,4096.0,1,61.535,2212,2022,190,,ok
batched tokens 4096 - repeat 1,vLLM batched tokens,batched tokens,4096.0,1,62.052,2256,2071,185,,ok
batched tokens 4096 - repeat 1,vLLM batched tokens,batched tokens,4096.0,1,62.535,2280,2089,191,,ok
batched tokens 4096 - repeat 1,vLLM batched tokens,batched tokens,4096.0,1,63.021,2312,2120,192,,ok
batched tokens 4096 - repeat 1,vLLM batched tokens,batched tokens,4096.0,1,63.84,2324,2146,178,,ok
batched tokens 4096 - repeat 1,vLLM batched tokens,batched tokens,4096.0,1,64.035,2338,2146,192,,ok
batched tokens 4096 - repeat 1,vLLM batched tokens,batched tokens,4096.0,1,64.508,2370,2178,192,,ok
batched tokens 4096 - repeat 1,vLLM batched tokens,batched tokens,4096.0,1,65.003,2406,2214,192,,ok
batched tokens 4096 - repeat 1,vLLM batched tokens,batched tokens,4096.0,1,65.535,2439,2248,191,,ok
batched tokens 4096 - repeat 1,vLLM batched tokens,batched tokens,4096.0,1,66.043,2455,2264,191,,ok
batched tokens 4096 - repeat 1,vLLM batched tokens,batched tokens,4096.0,1,66.523,2466,2274,192,,ok
batched tokens 4096 - repeat 1,vLLM batched tokens,batched tokens,4096.0,1,67.038,2491,2306,185,,ok
batched tokens 4096 - repeat 1,vLLM batched tokens,batched tokens,4096.0,1,67.508,2534,2342,192,,ok
batched tokens 4096 - repeat 1,vLLM batched tokens,batched tokens,4096.0,1,68.04,2567,2376,191,,ok
batched tokens 4096 - repeat 1,vLLM batched tokens,batched tokens,4096.0,1,68.509,2575,2388,187,,ok
batched tokens 4096 - repeat 1,vLLM batched tokens,batched tokens,4096.0,1,69.024,2594,2402,192,,ok
batched tokens 4096 - repeat 1,vLLM batched tokens,batched tokens,4096.0,1,69.504,2607,2420,187,,ok
batched tokens 4096 - repeat 1,vLLM batched tokens,batched tokens,4096.0,1,70.015,2662,2470,192,,ok
batched tokens 4096 - repeat 1,vLLM batched tokens,batched tokens,4096.0,1,70.543,2692,2503,189,,ok
batched tokens 4096 - repeat 1,vLLM batched tokens,batched tokens,4096.0,1,71.011,2701,2516,185,,ok
batched tokens 4096 - repeat 1,vLLM batched tokens,batched tokens,4096.0,1,71.524,2722,2530,192,,ok
batched tokens 4096 - repeat 1,vLLM batched tokens,batched tokens,4096.0,1,72.001,2733,2543,190,,ok
batched tokens 4096 - repeat 1,vLLM batched tokens,batched tokens,4096.0,1,72.522,2789,2598,191,,ok
batched tokens 4096 - repeat 1,vLLM batched tokens,batched tokens,4096.0,1,73.033,2813,2628,185,,ok
batched tokens 4096 - repeat 1,vLLM batched tokens,batched tokens,4096.0,1,74.142,2824,2656,168,,ok
batched tokens 4096 - repeat 1,vLLM batched tokens,batched tokens,4096.0,1,74.502,2856,2664,192,,ok
batched tokens 4096 - repeat 1,vLLM batched tokens,batched tokens,4096.0,1,75.058,2868,2708,160,,ok
batched tokens 4096 - repeat 1,vLLM batched tokens,batched tokens,4096.0,1,75.602,2918,2742,176,,ok
batched tokens 4096 - repeat 1,vLLM batched tokens,batched tokens,4096.0,1,76.032,2953,2764,189,,ok
batched tokens 4096 - repeat 1,vLLM batched tokens,batched tokens,4096.0,1,76.523,2971,2784,187,,ok
batched tokens 4096 - repeat 1,vLLM batched tokens,batched tokens,4096.0,1,77.162,2981,2797,184,,ok
batched tokens 4096 - repeat 1,vLLM batched tokens,batched tokens,4096.0,1,77.541,3031,2846,185,,ok
batched tokens 4096 - repeat 1,vLLM batched tokens,batched tokens,4096.0,1,78.006,3049,2863,186,,ok
batched tokens 4096 - repeat 1,vLLM batched tokens,batched tokens,4096.0,1,78.518,3080,2889,191,,ok
batched tokens 4096 - repeat 1,vLLM batched tokens,batched tokens,4096.0,1,79.047,3097,2907,190,,ok
batched tokens 4096 - repeat 1,vLLM batched tokens,batched tokens,4096.0,1,79.516,3107,2918,189,,ok
batched tokens 4096 - repeat 1,vLLM batched tokens,batched tokens,4096.0,1,80.036,3152,2967,185,,ok
batched tokens 4096 - repeat 1,vLLM batched tokens,batched tokens,4096.0,1,80.545,3176,2991,185,,ok
batched tokens 4096 - repeat 1,vLLM batched tokens,batched tokens,4096.0,1,81.037,3208,3016,192,,ok
batched tokens 4096 - repeat 1,vLLM batched tokens,batched tokens,4096.0,1,81.712,3213,3031,182,,ok
batched tokens 4096 - repeat 1,vLLM batched tokens,batched tokens,4096.0,1,82.016,3234,3043,191,,ok
batched tokens 4096 - repeat 1,vLLM batched tokens,batched tokens,4096.0,1,82.549,3273,3081,192,,ok
batched tokens 4096 - repeat 1,vLLM batched tokens,batched tokens,4096.0,1,83.016,3302,3110,192,,ok
batched tokens 4096 - repeat 1,vLLM batched tokens,batched tokens,4096.0,1,83.662,3332,3145,187,,ok
batched tokens 4096 - repeat 1,vLLM batched tokens,batched tokens,4096.0,1,84.041,3348,3160,188,,ok
batched tokens 4096 - repeat 1,vLLM batched tokens,batched tokens,4096.0,1,84.554,3362,3170,192,,ok
batched tokens 4096 - repeat 1,vLLM batched tokens,batched tokens,4096.0,1,85.046,3380,3202,178,,ok
batched tokens 4096 - repeat 1,vLLM batched tokens,batched tokens,4096.0,1,85.506,3422,3238,184,,ok
batched tokens 4096 - repeat 1,vLLM batched tokens,batched tokens,4096.0,1,86.026,3463,3271,192,,ok
batched tokens 4096 - repeat 1,vLLM batched tokens,batched tokens,4096.0,1,86.545,3476,3284,192,,ok
batched tokens 4096 - repeat 1,vLLM batched tokens,batched tokens,4096.0,1,87.014,3490,3298,192,,ok
batched tokens 4096 - repeat 1,vLLM batched tokens,batched tokens,4096.0,1,87.54,3503,3316,187,,ok
batched tokens 4096 - repeat 1,vLLM batched tokens,batched tokens,4096.0,1,88.007,3557,3366,191,,ok
batched tokens 4096 - repeat 1,vLLM batched tokens,batched tokens,4096.0,1,88.536,3581,3396,185,,ok
batched tokens 4096 - repeat 1,vLLM batched tokens,batched tokens,4096.0,1,89.048,3597,3405,192,,ok
batched tokens 4096 - repeat 1,vLLM batched tokens,batched tokens,4096.0,1,89.53,3616,3426,190,,ok
batched tokens 4096 - repeat 1,vLLM batched tokens,batched tokens,4096.0,1,90.015,3624,3437,187,,ok
batched tokens 4096 - repeat 1,vLLM batched tokens,batched tokens,4096.0,1,90.503,3671,3486,185,,ok
batched tokens 4096 - repeat 1,vLLM batched tokens,batched tokens,4096.0,1,91.009,3695,3510,185,,ok
batched tokens 4096 - repeat 1,vLLM batched tokens,batched tokens,4096.0,1,91.527,3721,3529,192,,ok
batched tokens 4096 - repeat 1,vLLM batched tokens,batched tokens,4096.0,1,92.044,3738,3547,191,,ok
batched tokens 4096 - repeat 1,vLLM batched tokens,batched tokens,4096.0,1,92.523,3748,3558,190,,ok
batched tokens 4096 - repeat 1,vLLM batched tokens,batched tokens,4096.0,1,93.036,3792,3607,185,,ok
batched tokens 4096 - repeat 1,vLLM batched tokens,batched tokens,4096.0,1,93.801,3814,3655,159,,ok
batched tokens 4096 - repeat 1,vLLM batched tokens,batched tokens,4096.0,1,94.01,3848,3656,192,,ok
batched tokens 4096 - repeat 1,vLLM batched tokens,batched tokens,4096.0,1,94.731,3863,3682,181,,ok
batched tokens 4096 - repeat 1,vLLM batched tokens,batched tokens,4096.0,1,95.031,3874,3683,191,,ok
batched tokens 4096 - repeat 1,vLLM batched tokens,batched tokens,4096.0,1,95.543,3906,3728,178,,ok
batched tokens 4096 - repeat 1,vLLM batched tokens,batched tokens,4096.0,1,96.043,3942,3752,190,,ok
batched tokens 4096 - repeat 1,vLLM batched tokens,batched tokens,4096.0,1,96.523,3976,3784,192,,ok
batched tokens 4096 - repeat 1,vLLM batched tokens,batched tokens,4096.0,1,97.036,3992,3800,192,,ok
batched tokens 4096 - repeat 1,vLLM batched tokens,batched tokens,4096.0,1,97.545,4002,3810,192,,ok
batched tokens 4096 - repeat 1,vLLM batched tokens,batched tokens,4096.0,1,98.028,4034,3842,192,,ok
batched tokens 4096 - repeat 1,vLLM batched tokens,batched tokens,4096.0,1,98.504,4070,3878,192,,ok
batched tokens 4096 - repeat 1,vLLM batched tokens,batched tokens,4096.0,1,99.015,4103,3912,191,,ok
batched tokens 4096 - repeat 1,vLLM batched tokens,batched tokens,4096.0,1,99.524,4116,3927,189,,ok
batched tokens 4096 - repeat 1,vLLM batched tokens,batched tokens,4096.0,1,100.002,4130,3938,192,,ok
batched tokens 4096 - repeat 1,vLLM batched tokens,batched tokens,4096.0,1,100.51,4148,3963,185,,ok
batched tokens 4096 - repeat 1,vLLM batched tokens,batched tokens,4096.0,1,101.019,4198,4006,192,,ok
batched tokens 4096 - repeat 1,vLLM batched tokens,batched tokens,4096.0,1,101.53,4228,4039,189,,ok
batched tokens 4096 - repeat 1,vLLM batched tokens,batched tokens,4096.0,1,102.036,4244,4052,192,,ok
batched tokens 4096 - repeat 1,vLLM batched tokens,batched tokens,4096.0,1,102.542,4258,4066,192,,ok
batched tokens 4096 - repeat 1,vLLM batched tokens,batched tokens,4096.0,1,103.05,4271,4084,187,,ok
batched tokens 4096 - repeat 1,vLLM batched tokens,batched tokens,4096.0,1,103.792,4304,4136,168,,ok
batched tokens 4096 - repeat 1,vLLM batched tokens,batched tokens,4096.0,1,104.004,4349,4164,185,,ok
batched tokens 4096 - repeat 1,vLLM batched tokens,batched tokens,4096.0,1,104.52,4361,4173,188,,ok
batched tokens 4096 - repeat 1,vLLM batched tokens,batched tokens,4096.0,1,105.002,4380,4194,186,,ok
batched tokens 4096 - repeat 1,vLLM batched tokens,batched tokens,4096.0,1,105.555,4389,4207,182,,ok
batched tokens 4096 - repeat 1,vLLM batched tokens,batched tokens,4096.0,1,106.015,4439,4261,178,,ok
batched tokens 4096 - repeat 1,vLLM batched tokens,batched tokens,4096.0,1,106.557,4463,4280,183,,ok
batched tokens 4096 - repeat 1,vLLM batched tokens,batched tokens,4096.0,1,107.012,4489,4297,192,,ok
batched tokens 4096 - repeat 1,vLLM batched tokens,batched tokens,4096.0,1,107.518,4507,4315,192,,ok
batched tokens 4096 - repeat 1,vLLM batched tokens,batched tokens,4096.0,1,108.022,4520,4328,192,,ok
batched tokens 4096 - repeat 1,vLLM batched tokens,batched tokens,4096.0,1,108.532,4567,4382,185,,ok
batched tokens 4096 - repeat 1,vLLM batched tokens,batched tokens,4096.0,1,109.005,4591,4399,192,,ok
batched tokens 4096 - repeat 1,vLLM batched tokens,batched tokens,4096.0,1,109.516,4617,4425,192,,ok
batched tokens 4096 - repeat 1,vLLM batched tokens,batched tokens,4096.0,1,110.025,4633,4443,190,,ok
batched tokens 4096 - repeat 1,vLLM batched tokens,batched tokens,4096.0,1,110.558,4645,4456,189,,ok
batched tokens 4096 - repeat 1,vLLM batched tokens,batched tokens,4096.0,1,111.015,4688,4503,185,,ok
batched tokens 4096 - repeat 1,vLLM batched tokens,batched tokens,4096.0,1,111.537,4712,4527,185,,ok
batched tokens 4096 - repeat 1,vLLM batched tokens,batched tokens,4096.0,1,112.045,4744,4553,191,,ok
batched tokens 4096 - repeat 1,vLLM batched tokens,batched tokens,4096.0,1,112.501,4760,4568,192,,ok
batched tokens 4096 - repeat 1,vLLM batched tokens,batched tokens,4096.0,1,113.01,4770,4579,191,,ok
batched tokens 4096 - repeat 1,vLLM batched tokens,batched tokens,4096.0,1,113.592,4802,4631,171,,ok
batched tokens 4096 - repeat 1,vLLM batched tokens,batched tokens,4096.0,1,114.036,4838,4648,190,,ok
batched tokens 4096 - repeat 1,vLLM batched tokens,batched tokens,4096.0,1,114.643,4872,4681,191,,ok
batched tokens 4096 - repeat 1,vLLM batched tokens,batched tokens,4096.0,1,115.003,4887,4696,191,,ok
batched tokens 4096 - repeat 1,vLLM batched tokens,batched tokens,4096.0,1,115.61,4898,4706,192,,ok
batched tokens 4096 - repeat 1,vLLM batched tokens,batched tokens,4096.0,1,116.027,4930,4745,185,,ok
batched tokens 4096 - repeat 1,vLLM batched tokens,batched tokens,4096.0,1,116.501,4966,4774,192,,ok
batched tokens 4096 - repeat 1,vLLM batched tokens,batched tokens,4096.0,1,117.014,4999,4808,191,,ok
batched tokens 4096 - repeat 1,vLLM batched tokens,batched tokens,4096.0,1,117.522,5015,4823,192,,ok
batched tokens 4096 - repeat 1,vLLM batched tokens,batched tokens,4096.0,1,118.047,5026,4834,192,,ok
batched tokens 4096 - repeat 1,vLLM batched tokens,batched tokens,4096.0,1,118.508,5045,4859,186,,ok
batched tokens 4096 - repeat 1,vLLM batched tokens,batched tokens,4096.0,1,119.015,5094,4902,192,,ok
batched tokens 4096 - repeat 1,vLLM batched tokens,batched tokens,4096.0,1,119.53,5127,4936,191,,ok
batched tokens 4096 - repeat 1,vLLM batched tokens,batched tokens,4096.0,1,120.049,5140,4951,189,,ok
batched tokens 4096 - repeat 1,vLLM batched tokens,batched tokens,4096.0,1,120.511,5154,4962,192,,ok
batched tokens 4096 - repeat 1,vLLM batched tokens,batched tokens,4096.0,1,121.03,5171,4985,186,,ok
batched tokens 4096 - repeat 1,vLLM batched tokens,batched tokens,4096.0,1,121.54,5222,5030,192,,ok
batched tokens 4096 - repeat 1,vLLM batched tokens,batched tokens,4096.0,1,122.047,5252,5063,189,,ok
batched tokens 4096 - repeat 1,vLLM batched tokens,batched tokens,4096.0,1,122.506,5261,5069,192,,ok
batched tokens 4096 - repeat 1,vLLM batched tokens,batched tokens,4096.0,1,123.028,5282,5090,192,,ok
batched tokens 4096 - repeat 1,vLLM batched tokens,batched tokens,4096.0,1,123.806,5282,5122,160,,ok
batched tokens 4096 - repeat 1,vLLM batched tokens,batched tokens,4096.0,1,124.022,5342,5157,185,,ok
batched tokens 4096 - repeat 1,vLLM batched tokens,batched tokens,4096.0,1,124.505,5352,5174,178,,ok
batched tokens 4096 - repeat 1,vLLM batched tokens,batched tokens,4096.0,1,125.033,5384,5196,188,,ok
batched tokens 4096 - repeat 1,vLLM batched tokens,batched tokens,4096.0,1,125.503,5403,5211,192,,ok
batched tokens 4096 - repeat 1,vLLM batched tokens,batched tokens,4096.0,1,126.014,5413,5223,190,,ok
batched tokens 4096 - repeat 1,vLLM batched tokens,batched tokens,4096.0,1,126.522,5463,5271,192,,ok
batched tokens 4096 - repeat 1,vLLM batched tokens,batched tokens,4096.0,1,127.008,5480,5295,185,,ok
batched tokens 4096 - repeat 1,vLLM batched tokens,batched tokens,4096.0,1,127.516,5512,5321,191,,ok
batched tokens 4096 - repeat 1,vLLM batched tokens,batched tokens,4096.0,1,128.034,5528,5339,189,,ok
batched tokens 4096 - repeat 1,vLLM batched tokens,batched tokens,4096.0,1,128.548,5539,5348,191,,ok
batched tokens 4096 - repeat 1,vLLM batched tokens,batched tokens,4096.0,1,129.017,5577,5392,185,,ok
batched tokens 4096 - repeat 1,vLLM batched tokens,batched tokens,4096.0,1,129.501,5606,5416,190,,ok
batched tokens 4096 - repeat 1,vLLM batched tokens,batched tokens,4096.0,1,130.018,5640,5448,192,,ok
batched tokens 4096 - repeat 1,vLLM batched tokens,batched tokens,4096.0,1,130.534,5656,5464,192,,ok
batched tokens 4096 - repeat 1,vLLM batched tokens,batched tokens,4096.0,1,131.005,5666,5475,191,,ok
batched tokens 4096 - repeat 1,vLLM batched tokens,batched tokens,4096.0,1,131.524,5703,5513,190,,ok
batched tokens 4096 - repeat 1,vLLM batched tokens,batched tokens,4096.0,1,132.007,5734,5544,190,,ok
batched tokens 4096 - repeat 1,vLLM batched tokens,batched tokens,4096.0,1,132.515,5768,5576,192,,ok
batched tokens 4096 - repeat 1,vLLM batched tokens,batched tokens,4096.0,1,133.048,5784,5592,192,,ok
batched tokens 4096 - repeat 1,vLLM batched tokens,batched tokens,4096.0,1,133.605,5794,5602,192,,ok
batched tokens 4096 - repeat 1,vLLM batched tokens,batched tokens,4096.0,1,134.022,5819,5634,185,,ok
batched tokens 4096 - repeat 1,vLLM batched tokens,batched tokens,4096.0,1,134.536,5862,5670,192,,ok
batched tokens 4096 - repeat 1,vLLM batched tokens,batched tokens,4096.0,1,135.028,5896,5704,192,,ok
batched tokens 4096 - repeat 1,vLLM batched tokens,batched tokens,4096.0,1,135.522,5900,5719,181,,ok
batched tokens 4096 - repeat 1,vLLM batched tokens,batched tokens,4096.0,1,136.036,5922,5730,192,,ok
batched tokens 4096 - repeat 1,vLLM batched tokens,batched tokens,4096.0,1,136.544,5940,5755,185,,ok
batched tokens 4096 - repeat 1,vLLM batched tokens,batched tokens,4096.0,1,137.013,5990,5798,192,,ok
batched tokens 4096 - repeat 1,vLLM batched tokens,batched tokens,4096.0,1,137.546,6022,5831,191,,ok
batched tokens 4096 - repeat 1,vLLM batched tokens,batched tokens,4096.0,1,138.035,6028,5838,190,,ok
batched tokens 4096 - repeat 1,vLLM batched tokens,batched tokens,4096.0,1,138.544,6048,5858,190,,ok
batched tokens 4096 - repeat 1,vLLM batched tokens,batched tokens,4096.0,1,139.015,6061,5869,192,,ok
batched tokens 4096 - repeat 1,vLLM batched tokens,batched tokens,4096.0,1,139.545,6117,5925,192,,ok
batched tokens 4096 - repeat 1,vLLM batched tokens,batched tokens,4096.0,1,140.028,6141,5949,192,,ok
batched tokens 4096 - repeat 1,vLLM batched tokens,batched tokens,4096.0,1,140.538,6157,5965,192,,ok
batched tokens 4096 - repeat 1,vLLM batched tokens,batched tokens,4096.0,1,141.008,6176,5986,190,,ok
batched tokens 4096 - repeat 1,vLLM batched tokens,batched tokens,4096.0,1,141.516,6184,5997,187,,ok
batched tokens 4096 - repeat 1,vLLM batched tokens,batched tokens,4096.0,1,142.029,6238,6053,185,,ok
batched tokens 4096 - repeat 1,vLLM batched tokens,batched tokens,4096.0,1,142.536,6262,6077,185,,ok
batched tokens 4096 - repeat 1,vLLM batched tokens,batched tokens,4096.0,1,143.017,6281,6092,189,,ok
batched tokens 4096 - repeat 1,vLLM batched tokens,batched tokens,4096.0,1,143.572,6296,6113,183,,ok
batched tokens 4096 - repeat 1,vLLM batched tokens,batched tokens,4096.0,1,144.467,6305,6158,147,,ok
batched tokens 4096 - repeat 1,vLLM batched tokens,batched tokens,4096.0,1,144.534,6350,6174,176,,ok
batched tokens 4096 - repeat 1,vLLM batched tokens,batched tokens,4096.0,1,145.034,6376,6191,185,,ok
batched tokens 4096 - repeat 1,vLLM batched tokens,batched tokens,4096.0,1,145.543,6408,6217,191,,ok
batched tokens 4096 - repeat 1,vLLM batched tokens,batched tokens,4096.0,1,146.009,6424,6232,192,,ok
batched tokens 4096 - repeat 1,vLLM batched tokens,batched tokens,4096.0,1,146.55,6434,6244,190,,ok
batched tokens 4096 - repeat 1,vLLM batched tokens,batched tokens,4096.0,1,147.01,6466,6281,185,,ok
batched tokens 4096 - repeat 1,vLLM batched tokens,batched tokens,4096.0,1,147.522,6502,6311,191,,ok
batched tokens 4096 - repeat 1,vLLM batched tokens,batched tokens,4096.0,1,148.029,6536,6344,192,,ok
batched tokens 4096 - repeat 1,vLLM batched tokens,batched tokens,4096.0,1,148.537,6551,6360,191,,ok
batched tokens 4096 - repeat 1,vLLM batched tokens,batched tokens,4096.0,1,149.026,6562,6370,192,,ok
batched tokens 4096 - repeat 1,vLLM batched tokens,batched tokens,4096.0,1,149.535,6580,6402,178,,ok
batched tokens 4096 - repeat 1,vLLM batched tokens,batched tokens,4096.0,1,150.045,6630,6438,192,,ok
batched tokens 4096 - repeat 1,vLLM batched tokens,batched tokens,4096.0,1,150.513,6660,6468,192,,ok
batched tokens 4096 - repeat 1,vLLM batched tokens,batched tokens,4096.0,1,151.042,6676,6484,192,,ok
batched tokens 4096 - repeat 1,vLLM batched tokens,batched tokens,4096.0,1,151.503,6690,6498,192,,ok
batched tokens 4096 - repeat 1,vLLM batched tokens,batched tokens,4096.0,1,152.024,6703,6516,187,,ok
batched tokens 4096 - repeat 1,vLLM batched tokens,batched tokens,4096.0,1,152.501,6753,6566,187,,ok
batched tokens 4096 - repeat 1,vLLM batched tokens,batched tokens,4096.0,1,153.044,6781,6596,185,,ok
batched tokens 4096 - repeat 1,vLLM batched tokens,batched tokens,4096.0,1,153.687,6792,6606,186,,ok
batched tokens 4096 - repeat 1,vLLM batched tokens,batched tokens,4096.0,1,154.034,6816,6626,190,,ok
batched tokens 4096 - repeat 1,vLLM batched tokens,batched tokens,4096.0,1,154.536,6824,6637,187,,ok
batched tokens 4096 - repeat 1,vLLM batched tokens,batched tokens,4096.0,1,155.036,6878,6686,192,,ok
batched tokens 4096 - repeat 1,vLLM batched tokens,batched tokens,4096.0,1,155.518,6888,6703,185,,ok
batched tokens 4096 - repeat 1,vLLM batched tokens,batched tokens,4096.0,1,156.01,6920,6729,191,,ok
batched tokens 4096 - repeat 1,vLLM batched tokens,batched tokens,4096.0,1,156.533,6937,6747,190,,ok
batched tokens 4096 - repeat 1,vLLM batched tokens,batched tokens,4096.0,1,157.002,6946,6756,190,,ok
batched tokens 4096 - repeat 1,vLLM batched tokens,batched tokens,4096.0,1,157.525,6991,6800,191,,ok
batched tokens 4096 - repeat 1,vLLM batched tokens,batched tokens,4096.0,1,158.047,7014,6822,192,,ok
batched tokens 4096 - repeat 1,vLLM batched tokens,batched tokens,4096.0,1,158.513,7048,6856,192,,ok
batched tokens 4096 - repeat 1,vLLM batched tokens,batched tokens,4096.0,1,159.026,7063,6872,191,,ok
batched tokens 4096 - repeat 1,vLLM batched tokens,batched tokens,4096.0,1,159.533,7074,6882,192,,ok
batched tokens 4096 - repeat 1,vLLM batched tokens,batched tokens,4096.0,1,160.0,7092,6909,183,,ok
batched tokens 4096 - repeat 1,vLLM batched tokens,batched tokens,4096.0,1,160.543,7142,6950,192,,ok
batched tokens 4096 - repeat 1,vLLM batched tokens,batched tokens,4096.0,1,161.038,7175,6983,192,,ok
batched tokens 4096 - repeat 1,vLLM batched tokens,batched tokens,4096.0,1,161.511,7188,6996,192,,ok
batched tokens 4096 - repeat 1,vLLM batched tokens,batched tokens,4096.0,1,162.028,7202,7010,192,,ok
batched tokens 4096 - repeat 1,vLLM batched tokens,batched tokens,4096.0,1,162.512,7215,7028,187,,ok
batched tokens 4096 - repeat 1,vLLM batched tokens,batched tokens,4096.0,1,163.028,7270,7078,192,,ok
batched tokens 4096 - repeat 1,vLLM batched tokens,batched tokens,4096.0,1,163.688,7291,7112,179,,ok
batched tokens 4096 - repeat 1,vLLM batched tokens,batched tokens,4096.0,1,164.011,7308,7117,191,,ok
batched tokens 4096 - repeat 1,vLLM batched tokens,batched tokens,4096.0,1,164.53,7328,7138,190,,ok
batched tokens 4096 - repeat 1,vLLM batched tokens,batched tokens,4096.0,1,165.05,7341,7151,190,,ok
batched tokens 4096 - repeat 1,vLLM batched tokens,batched tokens,4096.0,1,165.536,7390,7201,189,,ok
batched tokens 4096 - repeat 1,vLLM batched tokens,batched tokens,4096.0,1,166.045,7407,7222,185,,ok
batched tokens 4096 - repeat 1,vLLM batched tokens,batched tokens,4096.0,1,166.502,7432,7241,191,,ok
batched tokens 4096 - repeat 1,vLLM batched tokens,batched tokens,4096.0,1,167.023,7449,7259,190,,ok
batched tokens 4096 - repeat 1,vLLM batched tokens,batched tokens,4096.0,1,167.539,7461,7272,189,,ok
batched tokens 4096 - repeat 1,vLLM batched tokens,batched tokens,4096.0,1,168.011,7504,7317,187,,ok
batched tokens 4096 - repeat 1,vLLM batched tokens,batched tokens,4096.0,1,168.537,7528,7337,191,,ok
batched tokens 4096 - repeat 1,vLLM batched tokens,batched tokens,4096.0,1,169.048,7560,7368,192,,ok
batched tokens 4096 - repeat 1,vLLM batched tokens,batched tokens,4096.0,1,169.513,7576,7384,192,,ok
batched tokens 4096 - repeat 1,vLLM batched tokens,batched tokens,4096.0,1,170.018,7586,7394,192,,ok
batched tokens 4096 - repeat 1,vLLM batched tokens,batched tokens,4096.0,1,170.527,7611,7433,178,,ok
batched tokens 4096 - repeat 1,vLLM batched tokens,batched tokens,4096.0,1,171.034,7654,7462,192,,ok
batched tokens 4096 - repeat 1,vLLM batched tokens,batched tokens,4096.0,1,171.522,7687,7495,192,,ok
batched tokens 4096 - repeat 1,vLLM batched tokens,batched tokens,4096.0,1,172.005,7700,7508,192,,ok
batched tokens 4096 - repeat 1,vLLM batched tokens,batched tokens,4096.0,1,172.511,7714,7522,192,,ok
batched tokens 4096 - repeat 1,vLLM batched tokens,batched tokens,4096.0,1,173.049,7739,7547,192,,ok
batched tokens 4096 - repeat 1,vLLM batched tokens,batched tokens,4096.0,1,173.616,7777,7590,187,,ok
batched tokens 4096 - repeat 1,vLLM batched tokens,batched tokens,4096.0,1,174.043,7812,7623,189,,ok
batched tokens 4096 - repeat 1,vLLM batched tokens,batched tokens,4096.0,1,174.504,7820,7629,191,,ok
batched tokens 4096 - repeat 1,vLLM batched tokens,batched tokens,4096.0,1,175.042,7835,7650,185,,ok
batched tokens 4096 - repeat 1,vLLM batched tokens,batched tokens,4096.0,1,175.508,7853,7663,190,,ok
batched tokens 4096 - repeat 1,vLLM batched tokens,batched tokens,4096.0,1,176.029,7905,7718,187,,ok
batched tokens 4096 - repeat 1,vLLM batched tokens,batched tokens,4096.0,1,176.517,7926,7734,192,,ok
batched tokens 4096 - repeat 1,vLLM batched tokens,batched tokens,4096.0,1,177.049,7948,7757,191,,ok
batched tokens 4096 - repeat 1,vLLM batched tokens,batched tokens,4096.0,1,177.505,7963,7776,187,,ok
batched tokens 4096 - repeat 1,vLLM batched tokens,batched tokens,4096.0,1,178.035,7976,7784,192,,ok
batched tokens 4096 - repeat 1,vLLM batched tokens,batched tokens,4096.0,1,178.546,8023,7838,185,,ok
batched tokens 4096 - repeat 1,vLLM batched tokens,batched tokens,4096.0,1,179.025,8040,7855,185,,ok
batched tokens 4096 - repeat 1,vLLM batched tokens,batched tokens,4096.0,1,179.55,8072,7880,192,,ok
batched tokens 16384 - repeat 1,vLLM batched tokens,batched tokens,16384.0,1,0.0,0,0,0,,ok
batched tokens 16384 - repeat 1,vLLM batched tokens,batched tokens,16384.0,1,0.518,3,0,3,,ok
batched tokens 16384 - repeat 1,vLLM batched tokens,batched tokens,16384.0,1,1.031,6,1,5,,ok
batched tokens 16384 - repeat 1,vLLM batched tokens,batched tokens,16384.0,1,1.501,10,1,9,,ok
batched tokens 16384 - repeat 1,vLLM batched tokens,batched tokens,16384.0,1,2.016,14,1,13,,ok
batched tokens 16384 - repeat 1,vLLM batched tokens,batched tokens,16384.0,1,2.54,17,1,16,,ok
batched tokens 16384 - repeat 1,vLLM batched tokens,batched tokens,16384.0,1,3.022,30,11,19,,ok
batched tokens 16384 - repeat 1,vLLM batched tokens,batched tokens,16384.0,1,3.542,33,11,22,,ok
batched tokens 16384 - repeat 1,vLLM batched tokens,batched tokens,16384.0,1,4.018,36,11,25,,ok
batched tokens 16384 - repeat 1,vLLM batched tokens,batched tokens,16384.0,1,4.556,40,11,29,,ok
batched tokens 16384 - repeat 1,vLLM batched tokens,batched tokens,16384.0,1,5.036,43,11,32,,ok
batched tokens 16384 - repeat 1,vLLM batched tokens,batched tokens,16384.0,1,5.538,46,12,34,,ok
batched tokens 16384 - repeat 1,vLLM batched tokens,batched tokens,16384.0,1,6.015,52,14,38,,ok
batched tokens 16384 - repeat 1,vLLM batched tokens,batched tokens,16384.0,1,6.529,57,44,13,,ok
batched tokens 16384 - repeat 1,vLLM batched tokens,batched tokens,16384.0,1,7.04,89,44,45,,ok
batched tokens 16384 - repeat 1,vLLM batched tokens,batched tokens,16384.0,1,7.502,92,44,48,,ok
batched tokens 16384 - repeat 1,vLLM batched tokens,batched tokens,16384.0,1,8.02,95,44,51,,ok
batched tokens 16384 - repeat 1,vLLM batched tokens,batched tokens,16384.0,1,8.534,100,46,54,,ok
batched tokens 16384 - repeat 1,vLLM batched tokens,batched tokens,16384.0,1,9.016,106,49,57,,ok
batched tokens 16384 - repeat 1,vLLM batched tokens,batched tokens,16384.0,1,9.525,111,51,60,,ok
batched tokens 16384 - repeat 1,vLLM batched tokens,batched tokens,16384.0,1,10.003,119,55,64,,ok
batched tokens 16384 - repeat 1,vLLM batched tokens,batched tokens,16384.0,1,10.513,165,98,67,,ok
batched tokens 16384 - repeat 1,vLLM batched tokens,batched tokens,16384.0,1,11.003,168,98,70,,ok
batched tokens 16384 - repeat 1,vLLM batched tokens,batched tokens,16384.0,1,11.521,171,98,73,,ok
batched tokens 16384 - repeat 1,vLLM batched tokens,batched tokens,16384.0,1,12.043,175,98,77,,ok
batched tokens 16384 - repeat 1,vLLM batched tokens,batched tokens,16384.0,1,12.515,187,107,80,,ok
batched tokens 16384 - repeat 1,vLLM batched tokens,batched tokens,16384.0,1,13.039,194,111,83,,ok
batched tokens 16384 - repeat 1,vLLM batched tokens,batched tokens,16384.0,1,13.535,197,111,86,,ok
batched tokens 16384 - repeat 1,vLLM batched tokens,batched tokens,16384.0,1,14.02,200,111,89,,ok
batched tokens 16384 - repeat 1,vLLM batched tokens,batched tokens,16384.0,1,14.512,211,118,93,,ok
batched tokens 16384 - repeat 1,vLLM batched tokens,batched tokens,16384.0,1,15.041,270,175,95,,ok
batched tokens 16384 - repeat 1,vLLM batched tokens,batched tokens,16384.0,1,15.525,274,175,99,,ok
batched tokens 16384 - repeat 1,vLLM batched tokens,batched tokens,16384.0,1,16.043,278,176,102,,ok
batched tokens 16384 - repeat 1,vLLM batched tokens,batched tokens,16384.0,1,16.532,281,176,105,,ok
batched tokens 16384 - repeat 1,vLLM batched tokens,batched tokens,16384.0,1,17.009,285,176,109,,ok
batched tokens 16384 - repeat 1,vLLM batched tokens,batched tokens,16384.0,1,17.538,288,176,112,,ok
batched tokens 16384 - repeat 1,vLLM batched tokens,batched tokens,16384.0,1,18.009,300,185,115,,ok
batched tokens 16384 - repeat 1,vLLM batched tokens,batched tokens,16384.0,1,18.549,304,186,118,,ok
batched tokens 16384 - repeat 1,vLLM batched tokens,batched tokens,16384.0,1,19.03,307,186,121,,ok
batched tokens 16384 - repeat 1,vLLM batched tokens,batched tokens,16384.0,1,19.54,323,198,125,,ok
batched tokens 16384 - repeat 1,vLLM batched tokens,batched tokens,16384.0,1,20.015,326,198,128,,ok
batched tokens 16384 - repeat 1,vLLM batched tokens,batched tokens,16384.0,1,20.539,329,198,131,,ok
batched tokens 16384 - repeat 1,vLLM batched tokens,batched tokens,16384.0,1,21.02,341,209,132,,ok
batched tokens 16384 - repeat 1,vLLM batched tokens,batched tokens,16384.0,1,21.54,360,222,138,,ok
batched tokens 16384 - repeat 1,vLLM batched tokens,batched tokens,16384.0,1,22.001,393,253,140,,ok
batched tokens 16384 - repeat 1,vLLM batched tokens,batched tokens,16384.0,1,22.533,421,277,144,,ok
batched tokens 16384 - repeat 1,vLLM batched tokens,batched tokens,16384.0,1,23.012,427,280,147,,ok
batched tokens 16384 - repeat 1,vLLM batched tokens,batched tokens,16384.0,1,23.529,437,287,150,,ok
batched tokens 16384 - repeat 1,vLLM batched tokens,batched tokens,16384.0,1,24.042,461,307,154,,ok
batched tokens 16384 - repeat 1,vLLM batched tokens,batched tokens,16384.0,1,24.533,473,317,156,,ok
batched tokens 16384 - repeat 1,vLLM batched tokens,batched tokens,16384.0,1,25.091,488,328,160,,ok
batched tokens 16384 - repeat 1,vLLM batched tokens,batched tokens,16384.0,1,25.507,501,338,163,,ok
batched tokens 16384 - repeat 1,vLLM batched tokens,batched tokens,16384.0,1,26.026,549,383,166,,ok
batched tokens 16384 - repeat 1,vLLM batched tokens,batched tokens,16384.0,1,26.539,562,392,170,,ok
batched tokens 16384 - repeat 1,vLLM batched tokens,batched tokens,16384.0,1,27.026,565,392,173,,ok
batched tokens 16384 - repeat 1,vLLM batched tokens,batched tokens,16384.0,1,27.51,592,420,172,,ok
batched tokens 16384 - repeat 1,vLLM batched tokens,batched tokens,16384.0,1,28.027,614,437,177,,ok
batched tokens 16384 - repeat 1,vLLM batched tokens,batched tokens,16384.0,1,28.535,638,460,178,,ok
batched tokens 16384 - repeat 1,vLLM batched tokens,batched tokens,16384.0,1,29.024,652,467,185,,ok
batched tokens 16384 - repeat 1,vLLM batched tokens,batched tokens,16384.0,1,29.539,669,480,189,,ok
batched tokens 16384 - repeat 1,vLLM batched tokens,batched tokens,16384.0,1,30.029,728,536,192,,ok
batched tokens 16384 - repeat 1,vLLM batched tokens,batched tokens,16384.0,1,30.506,740,558,182,,ok
batched tokens 16384 - repeat 1,vLLM batched tokens,batched tokens,16384.0,1,31.022,758,573,185,,ok
batched tokens 16384 - repeat 1,vLLM batched tokens,batched tokens,16384.0,1,31.546,780,591,189,,ok
batched tokens 16384 - repeat 1,vLLM batched tokens,batched tokens,16384.0,1,32.022,791,600,191,,ok
batched tokens 16384 - repeat 1,vLLM batched tokens,batched tokens,16384.0,1,32.545,856,668,188,,ok
batched tokens 16384 - repeat 1,vLLM batched tokens,batched tokens,16384.0,1,33.003,868,686,182,,ok
batched tokens 16384 - repeat 1,vLLM batched tokens,batched tokens,16384.0,1,33.515,890,701,189,,ok
batched tokens 16384 - repeat 1,vLLM batched tokens,batched tokens,16384.0,1,34.028,908,719,189,,ok
batched tokens 16384 - repeat 1,vLLM batched tokens,batched tokens,16384.0,1,34.533,915,727,188,,ok
batched tokens 16384 - repeat 1,vLLM batched tokens,batched tokens,16384.0,1,35.036,985,796,189,,ok
batched tokens 16384 - repeat 1,vLLM batched tokens,batched tokens,16384.0,1,35.522,996,817,179,,ok
batched tokens 16384 - repeat 1,vLLM batched tokens,batched tokens,16384.0,1,36.043,1021,835,186,,ok
batched tokens 16384 - repeat 1,vLLM batched tokens,batched tokens,16384.0,1,36.542,1037,848,189,,ok
batched tokens 16384 - repeat 1,vLLM batched tokens,batched tokens,16384.0,1,37.0,1047,856,191,,ok
batched tokens 16384 - repeat 1,vLLM batched tokens,batched tokens,16384.0,1,37.513,1116,924,192,,ok
batched tokens 16384 - repeat 1,vLLM batched tokens,batched tokens,16384.0,1,38.04,1137,946,191,,ok
batched tokens 16384 - repeat 1,vLLM batched tokens,batched tokens,16384.0,1,38.513,1141,963,178,,ok
batched tokens 16384 - repeat 1,vLLM batched tokens,batched tokens,16384.0,1,39.024,1164,976,188,,ok
batched tokens 16384 - repeat 1,vLLM batched tokens,batched tokens,16384.0,1,39.537,1176,984,192,,ok
batched tokens 16384 - repeat 1,vLLM batched tokens,batched tokens,16384.0,1,40.05,1244,1052,192,,ok
batched tokens 16384 - repeat 1,vLLM batched tokens,batched tokens,16384.0,1,40.518,1265,1073,192,,ok
batched tokens 16384 - repeat 1,vLLM batched tokens,batched tokens,16384.0,1,41.032,1283,1094,189,,ok
batched tokens 16384 - repeat 1,vLLM batched tokens,batched tokens,16384.0,1,41.511,1295,1104,191,,ok
batched tokens 16384 - repeat 1,vLLM batched tokens,batched tokens,16384.0,1,42.03,1304,1115,189,,ok
batched tokens 16384 - repeat 1,vLLM batched tokens,batched tokens,16384.0,1,42.538,1372,1183,189,,ok
batched tokens 16384 - repeat 1,vLLM batched tokens,batched tokens,16384.0,1,43.034,1394,1202,192,,ok
batched tokens 16384 - repeat 1,vLLM batched tokens,batched tokens,16384.0,1,43.507,1411,1222,189,,ok
batched tokens 16384 - repeat 1,vLLM batched tokens,batched tokens,16384.0,1,44.051,1425,1233,192,,ok
batched tokens 16384 - repeat 1,vLLM batched tokens,batched tokens,16384.0,1,44.675,1432,1288,144,,ok
batched tokens 16384 - repeat 1,vLLM batched tokens,batched tokens,16384.0,1,45.051,1496,1304,192,,ok
batched tokens 16384 - repeat 1,vLLM batched tokens,batched tokens,16384.0,1,45.548,1503,1311,192,,ok
batched tokens 16384 - repeat 1,vLLM batched tokens,batched tokens,16384.0,1,46.025,1522,1331,191,,ok
batched tokens 16384 - repeat 1,vLLM batched tokens,batched tokens,16384.0,1,46.54,1542,1352,190,,ok
batched tokens 16384 - repeat 1,vLLM batched tokens,batched tokens,16384.0,1,47.022,1553,1361,192,,ok
batched tokens 16384 - repeat 1,vLLM batched tokens,batched tokens,16384.0,1,47.549,1568,1402,166,,ok
batched tokens 16384 - repeat 1,vLLM batched tokens,batched tokens,16384.0,1,48.009,1631,1439,192,,ok
batched tokens 16384 - repeat 1,vLLM batched tokens,batched tokens,16384.0,1,48.526,1651,1459,192,,ok
batched tokens 16384 - repeat 1,vLLM batched tokens,batched tokens,16384.0,1,49.048,1671,1480,191,,ok
batched tokens 16384 - repeat 1,vLLM batched tokens,batched tokens,16384.0,1,49.51,1681,1490,191,,ok
batched tokens 16384 - repeat 1,vLLM batched tokens,batched tokens,16384.0,1,50.028,1696,1530,166,,ok
batched tokens 16384 - repeat 1,vLLM batched tokens,batched tokens,16384.0,1,50.543,1759,1567,192,,ok
batched tokens 16384 - repeat 1,vLLM batched tokens,batched tokens,16384.0,1,51.002,1779,1587,192,,ok
batched tokens 16384 - repeat 1,vLLM batched tokens,batched tokens,16384.0,1,51.51,1799,1608,191,,ok
batched tokens 16384 - repeat 1,vLLM batched tokens,batched tokens,16384.0,1,52.026,1810,1618,192,,ok
batched tokens 16384 - repeat 1,vLLM batched tokens,batched tokens,16384.0,1,52.508,1850,1672,178,,ok
batched tokens 16384 - repeat 1,vLLM batched tokens,batched tokens,16384.0,1,53.024,1888,1697,191,,ok
batched tokens 16384 - repeat 1,vLLM batched tokens,batched tokens,16384.0,1,53.536,1907,1715,192,,ok
batched tokens 16384 - repeat 1,vLLM batched tokens,batched tokens,16384.0,1,54.002,1928,1736,192,,ok
batched tokens 16384 - repeat 1,vLLM batched tokens,batched tokens,16384.0,1,54.542,1938,1747,191,,ok
batched tokens 16384 - repeat 1,vLLM batched tokens,batched tokens,16384.0,1,55.003,1978,1800,178,,ok
batched tokens 16384 - repeat 1,vLLM batched tokens,batched tokens,16384.0,1,55.611,2015,1828,187,,ok
batched tokens 16384 - repeat 1,vLLM batched tokens,batched tokens,16384.0,1,56.026,2035,1843,192,,ok
batched tokens 16384 - repeat 1,vLLM batched tokens,batched tokens,16384.0,1,56.538,2056,1864,192,,ok
batched tokens 16384 - repeat 1,vLLM batched tokens,batched tokens,16384.0,1,57.046,2067,1875,192,,ok
batched tokens 16384 - repeat 1,vLLM batched tokens,batched tokens,16384.0,1,57.505,2120,1928,192,,ok
batched tokens 16384 - repeat 1,vLLM batched tokens,batched tokens,16384.0,1,58.031,2145,1953,192,,ok
batched tokens 16384 - repeat 1,vLLM batched tokens,batched tokens,16384.0,1,58.545,2163,1972,191,,ok
batched tokens 16384 - repeat 1,vLLM batched tokens,batched tokens,16384.0,1,59.023,2184,1992,192,,ok
batched tokens 16384 - repeat 1,vLLM batched tokens,batched tokens,16384.0,1,59.535,2195,2004,191,,ok
batched tokens 16384 - repeat 1,vLLM batched tokens,batched tokens,16384.0,1,60.02,2234,2056,178,,ok
batched tokens 16384 - repeat 1,vLLM batched tokens,batched tokens,16384.0,1,60.535,2272,2082,190,,ok
batched tokens 16384 - repeat 1,vLLM batched tokens,batched tokens,16384.0,1,61.048,2291,2101,190,,ok
batched tokens 16384 - repeat 1,vLLM batched tokens,batched tokens,16384.0,1,61.508,2312,2120,192,,ok
batched tokens 16384 - repeat 1,vLLM batched tokens,batched tokens,16384.0,1,62.019,2323,2131,192,,ok
batched tokens 16384 - repeat 1,vLLM batched tokens,batched tokens,16384.0,1,62.534,2376,2184,192,,ok
batched tokens 16384 - repeat 1,vLLM batched tokens,batched tokens,16384.0,1,63.046,2401,2210,191,,ok
batched tokens 16384 - repeat 1,vLLM batched tokens,batched tokens,16384.0,1,63.517,2419,2228,191,,ok
batched tokens 16384 - repeat 1,vLLM batched tokens,batched tokens,16384.0,1,64.029,2440,2249,191,,ok
batched tokens 16384 - repeat 1,vLLM batched tokens,batched tokens,16384.0,1,64.519,2450,2260,190,,ok
batched tokens 16384 - repeat 1,vLLM batched tokens,batched tokens,16384.0,1,65.04,2504,2327,177,,ok
batched tokens 16384 - repeat 1,vLLM batched tokens,batched tokens,16384.0,1,65.512,2529,2340,189,,ok
batched tokens 16384 - repeat 1,vLLM batched tokens,batched tokens,16384.0,1,66.039,2549,2357,192,,ok
batched tokens 16384 - repeat 1,vLLM batched tokens,batched tokens,16384.0,1,66.504,2568,2380,188,,ok
batched tokens 16384 - repeat 1,vLLM batched tokens,batched tokens,16384.0,1,67.046,2580,2391,189,,ok
batched tokens 16384 - repeat 1,vLLM batched tokens,batched tokens,16384.0,1,67.519,2647,2455,192,,ok
batched tokens 16384 - repeat 1,vLLM batched tokens,batched tokens,16384.0,1,68.041,2660,2478,182,,ok
batched tokens 16384 - repeat 1,vLLM batched tokens,batched tokens,16384.0,1,68.52,2676,2493,183,,ok
batched tokens 16384 - repeat 1,vLLM batched tokens,batched tokens,16384.0,1,69.001,2697,2505,192,,ok
batched tokens 16384 - repeat 1,vLLM batched tokens,batched tokens,16384.0,1,69.512,2708,2519,189,,ok
batched tokens 16384 - repeat 1,vLLM batched tokens,batched tokens,16384.0,1,70.025,2775,2586,189,,ok
batched tokens 16384 - repeat 1,vLLM batched tokens,batched tokens,16384.0,1,70.512,2785,2606,179,,ok
batched tokens 16384 - repeat 1,vLLM batched tokens,batched tokens,16384.0,1,71.019,2804,2621,183,,ok
batched tokens 16384 - repeat 1,vLLM batched tokens,batched tokens,16384.0,1,71.532,2825,2639,186,,ok
batched tokens 16384 - repeat 1,vLLM batched tokens,batched tokens,16384.0,1,72.03,2836,2644,192,,ok
batched tokens 16384 - repeat 1,vLLM batched tokens,batched tokens,16384.0,1,72.545,2903,2711,192,,ok
batched tokens 16384 - repeat 1,vLLM batched tokens,batched tokens,16384.0,1,73.001,2916,2734,182,,ok
batched tokens 16384 - repeat 1,vLLM batched tokens,batched tokens,16384.0,1,73.511,2941,2749,192,,ok
batched tokens 16384 - repeat 1,vLLM batched tokens,batched tokens,16384.0,1,74.02,2957,2767,190,,ok
batched tokens 16384 - repeat 1,vLLM batched tokens,batched tokens,16384.0,1,74.523,2967,2776,191,,ok
batched tokens 16384 - repeat 1,vLLM batched tokens,batched tokens,16384.0,1,75.026,3036,2844,192,,ok
batched tokens 16384 - repeat 1,vLLM batched tokens,batched tokens,16384.0,1,75.541,3054,2865,189,,ok
batched tokens 16384 - repeat 1,vLLM batched tokens,batched tokens,16384.0,1,76.019,3069,2883,186,,ok
batched tokens 16384 - repeat 1,vLLM batched tokens,batched tokens,16384.0,1,76.516,3087,2895,192,,ok
batched tokens 16384 - repeat 1,vLLM batched tokens,batched tokens,16384.0,1,77.026,3096,2907,189,,ok
batched tokens 16384 - repeat 1,vLLM batched tokens,batched tokens,16384.0,1,77.544,3164,2973,191,,ok
batched tokens 16384 - repeat 1,vLLM batched tokens,batched tokens,16384.0,1,78.01,3168,2976,192,,ok
batched tokens 16384 - repeat 1,vLLM batched tokens,batched tokens,16384.0,1,78.534,3203,3014,189,,ok
batched tokens 16384 - repeat 1,vLLM batched tokens,batched tokens,16384.0,1,79.044,3215,3025,190,,ok
batched tokens 16384 - repeat 1,vLLM batched tokens,batched tokens,16384.0,1,79.502,3224,3035,189,,ok
batched tokens 16384 - repeat 1,vLLM batched tokens,batched tokens,16384.0,1,80.019,3292,3101,191,,ok
batched tokens 16384 - repeat 1,vLLM batched tokens,batched tokens,16384.0,1,80.534,3313,3122,191,,ok
batched tokens 16384 - repeat 1,vLLM batched tokens,batched tokens,16384.0,1,81.046,3332,3142,190,,ok
batched tokens 16384 - repeat 1,vLLM batched tokens,batched tokens,16384.0,1,81.521,3340,3148,192,,ok
batched tokens 16384 - repeat 1,vLLM batched tokens,batched tokens,16384.0,1,82.044,3340,3148,192,,ok
batched tokens 16384 - repeat 1,vLLM batched tokens,batched tokens,16384.0,1,82.512,3415,3223,192,,ok
batched tokens 16384 - repeat 1,vLLM batched tokens,batched tokens,16384.0,1,83.029,3420,3228,192,,ok
batched tokens 16384 - repeat 1,vLLM batched tokens,batched tokens,16384.0,1,83.545,3424,3232,192,,ok
batched tokens 16384 - repeat 1,vLLM batched tokens,batched tokens,16384.0,1,84.008,3443,3251,192,,ok
batched tokens 16384 - repeat 1,vLLM batched tokens,batched tokens,16384.0,1,84.701,3464,3276,188,,ok
batched tokens 16384 - repeat 1,vLLM batched tokens,batched tokens,16384.0,1,85.029,3474,3283,191,,ok
batched tokens 16384 - repeat 1,vLLM batched tokens,batched tokens,16384.0,1,85.507,3488,3336,152,,ok
batched tokens 16384 - repeat 1,vLLM batched tokens,batched tokens,16384.0,1,86.029,3552,3361,191,,ok
batched tokens 16384 - repeat 1,vLLM batched tokens,batched tokens,16384.0,1,86.596,3571,3380,191,,ok
batched tokens 16384 - repeat 1,vLLM batched tokens,batched tokens,16384.0,1,87.001,3592,3400,192,,ok
batched tokens 16384 - repeat 1,vLLM batched tokens,batched tokens,16384.0,1,87.531,3602,3411,191,,ok
batched tokens 16384 - repeat 1,vLLM batched tokens,batched tokens,16384.0,1,88.043,3656,3464,192,,ok
batched tokens 16384 - repeat 1,vLLM batched tokens,batched tokens,16384.0,1,88.507,3680,3489,191,,ok
batched tokens 16384 - repeat 1,vLLM batched tokens,batched tokens,16384.0,1,89.035,3699,3507,192,,ok
batched tokens 16384 - repeat 1,vLLM batched tokens,batched tokens,16384.0,1,89.549,3720,3528,192,,ok
batched tokens 16384 - repeat 1,vLLM batched tokens,batched tokens,16384.0,1,90.011,3729,3539,190,,ok
batched tokens 16384 - repeat 1,vLLM batched tokens,batched tokens,16384.0,1,90.528,3784,3592,192,,ok
batched tokens 16384 - repeat 1,vLLM batched tokens,batched tokens,16384.0,1,91.008,3808,3617,191,,ok
batched tokens 16384 - repeat 1,vLLM batched tokens,batched tokens,16384.0,1,91.54,3827,3635,192,,ok
batched tokens 16384 - repeat 1,vLLM batched tokens,batched tokens,16384.0,1,92.026,3848,3656,192,,ok
batched tokens 16384 - repeat 1,vLLM batched tokens,batched tokens,16384.0,1,92.536,3858,3667,191,,ok
batched tokens 16384 - repeat 1,vLLM batched tokens,batched tokens,16384.0,1,93.049,3898,3720,178,,ok
batched tokens 16384 - repeat 1,vLLM batched tokens,batched tokens,16384.0,1,93.542,3936,3745,191,,ok
batched tokens 16384 - repeat 1,vLLM batched tokens,batched tokens,16384.0,1,94.01,3955,3763,192,,ok
batched tokens 16384 - repeat 1,vLLM batched tokens,batched tokens,16384.0,1,94.552,3976,3784,192,,ok
batched tokens 16384 - repeat 1,vLLM batched tokens,batched tokens,16384.0,1,95.04,3986,3795,191,,ok
batched tokens 16384 - repeat 1,vLLM batched tokens,batched tokens,16384.0,1,95.513,4040,3848,192,,ok
batched tokens 16384 - repeat 1,vLLM batched tokens,batched tokens,16384.0,1,96.204,4064,3889,175,,ok
batched tokens 16384 - repeat 1,vLLM batched tokens,batched tokens,16384.0,1,96.508,4083,3892,191,,ok
batched tokens 16384 - repeat 1,vLLM batched tokens,batched tokens,16384.0,1,97.022,4104,3913,191,,ok
batched tokens 16384 - repeat 1,vLLM batched tokens,batched tokens,16384.0,1,97.531,4115,3924,191,,ok
batched tokens 16384 - repeat 1,vLLM batched tokens,batched tokens,16384.0,1,98.013,4168,3977,191,,ok
batched tokens 16384 - repeat 1,vLLM batched tokens,batched tokens,16384.0,1,98.524,4194,4004,190,,ok
batched tokens 16384 - repeat 1,vLLM batched tokens,batched tokens,16384.0,1,99.033,4212,4021,191,,ok
batched tokens 16384 - repeat 1,vLLM batched tokens,batched tokens,16384.0,1,99.503,4232,4041,191,,ok
batched tokens 16384 - repeat 1,vLLM batched tokens,batched tokens,16384.0,1,100.033,4244,4055,189,,ok
batched tokens 16384 - repeat 1,vLLM batched tokens,batched tokens,16384.0,1,100.501,4296,4113,183,,ok
batched tokens 16384 - repeat 1,vLLM batched tokens,batched tokens,16384.0,1,101.02,4321,4132,189,,ok
batched tokens 16384 - repeat 1,vLLM batched tokens,batched tokens,16384.0,1,101.546,4340,4157,183,,ok
batched tokens 16384 - repeat 1,vLLM batched tokens,batched tokens,16384.0,1,102.012,4360,4168,192,,ok
batched tokens 16384 - repeat 1,vLLM batched tokens,batched tokens,16384.0,1,102.535,4371,4180,191,,ok
batched tokens 16384 - repeat 1,vLLM batched tokens,batched tokens,16384.0,1,103.05,4433,4241,192,,ok
batched tokens 16384 - repeat 1,vLLM batched tokens,batched tokens,16384.0,1,103.521,4449,4264,185,,ok
batched tokens 16384 - repeat 1,vLLM batched tokens,batched tokens,16384.0,1,104.04,4468,4277,191,,ok
batched tokens 16384 - repeat 1,vLLM batched tokens,batched tokens,16384.0,1,104.644,4488,4303,185,,ok
batched tokens 16384 - repeat 1,vLLM batched tokens,batched tokens,16384.0,1,105.05,4500,4308,192,,ok
batched tokens 16384 - repeat 1,vLLM batched tokens,batched tokens,16384.0,1,105.52,4557,4369,188,,ok
batched tokens 16384 - repeat 1,vLLM batched tokens,batched tokens,16384.0,1,106.045,4580,4398,182,,ok
batched tokens 16384 - repeat 1,vLLM batched tokens,batched tokens,16384.0,1,106.75,4597,4423,174,,ok
batched tokens 16384 - repeat 1,vLLM batched tokens,batched tokens,16384.0,1,107.007,4620,4428,192,,ok
batched tokens 16384 - repeat 1,vLLM batched tokens,batched tokens,16384.0,1,107.564,4627,4440,187,,ok
batched tokens 16384 - repeat 1,vLLM batched tokens,batched tokens,16384.0,1,108.029,4689,4508,181,,ok
batched tokens 16384 - repeat 1,vLLM batched tokens,batched tokens,16384.0,1,108.525,4708,4526,182,,ok
batched tokens 16384 - repeat 1,vLLM batched tokens,batched tokens,16384.0,1,109.035,4733,4546,187,,ok
batched tokens 16384 - repeat 1,vLLM batched tokens,batched tokens,16384.0,1,109.501,4748,4557,191,,ok
batched tokens 16384 - repeat 1,vLLM batched tokens,batched tokens,16384.0,1,110.046,4759,4568,191,,ok
batched tokens 16384 - repeat 1,vLLM batched tokens,batched tokens,16384.0,1,110.51,4780,4588,192,,ok
batched tokens 16384 - repeat 1,vLLM batched tokens,batched tokens,16384.0,1,111.029,4780,4588,192,,ok
batched tokens 16384 - repeat 1,vLLM batched tokens,batched tokens,16384.0,1,111.512,4846,4657,189,,ok
batched tokens 16384 - repeat 1,vLLM batched tokens,batched tokens,16384.0,1,112.031,4864,4675,189,,ok
batched tokens 16384 - repeat 1,vLLM batched tokens,batched tokens,16384.0,1,112.506,4877,4685,192,,ok
batched tokens 16384 - repeat 1,vLLM batched tokens,batched tokens,16384.0,1,113.017,4888,4696,192,,ok
batched tokens 16384 - repeat 1,vLLM batched tokens,batched tokens,16384.0,1,113.55,4956,4767,189,,ok
batched tokens 16384 - repeat 1,vLLM batched tokens,batched tokens,16384.0,1,114.044,4964,4786,178,,ok
batched tokens 16384 - repeat 1,vLLM batched tokens,batched tokens,16384.0,1,114.503,4989,4797,192,,ok
batched tokens 16384 - repeat 1,vLLM batched tokens,batched tokens,16384.0,1,115.064,5005,4817,188,,ok
batched tokens 16384 - repeat 1,vLLM batched tokens,batched tokens,16384.0,1,115.596,5015,4824,191,,ok
batched tokens 16384 - repeat 1,vLLM batched tokens,batched tokens,16384.0,1,116.018,5084,4892,192,,ok
batched tokens 16384 - repeat 1,vLLM batched tokens,batched tokens,16384.0,1,116.536,5105,4914,191,,ok
batched tokens 16384 - repeat 1,vLLM batched tokens,batched tokens,16384.0,1,117.027,5123,4934,189,,ok
batched tokens 16384 - repeat 1,vLLM batched tokens,batched tokens,16384.0,1,117.539,5136,4945,191,,ok
batched tokens 16384 - repeat 1,vLLM batched tokens,batched tokens,16384.0,1,118.026,5144,4955,189,,ok
batched tokens 16384 - repeat 1,vLLM batched tokens,batched tokens,16384.0,1,118.542,5214,5023,191,,ok
batched tokens 16384 - repeat 1,vLLM batched tokens,batched tokens,16384.0,1,119.002,5233,5042,191,,ok
batched tokens 16384 - repeat 1,vLLM batched tokens,batched tokens,16384.0,1,119.537,5251,5062,189,,ok
batched tokens 16384 - repeat 1,vLLM batched tokens,batched tokens,16384.0,1,120.0,5263,5073,190,,ok
batched tokens 16384 - repeat 1,vLLM batched tokens,batched tokens,16384.0,1,120.534,5275,5088,187,,ok
batched tokens 16384 - repeat 1,vLLM batched tokens,batched tokens,16384.0,1,121.051,5343,5151,192,,ok
batched tokens 16384 - repeat 1,vLLM batched tokens,batched tokens,16384.0,1,121.53,5361,5170,191,,ok
batched tokens 16384 - repeat 1,vLLM batched tokens,batched tokens,16384.0,1,122.041,5382,5190,192,,ok
batched tokens 16384 - repeat 1,vLLM batched tokens,batched tokens,16384.0,1,122.55,5393,5201,192,,ok
batched tokens 16384 - repeat 1,vLLM batched tokens,batched tokens,16384.0,1,123.034,5403,5216,187,,ok
batched tokens 16384 - repeat 1,vLLM batched tokens,batched tokens,16384.0,1,123.508,5471,5279,192,,ok
batched tokens 16384 - repeat 1,vLLM batched tokens,batched tokens,16384.0,1,124.03,5490,5298,192,,ok
batched tokens 16384 - repeat 1,vLLM batched tokens,batched tokens,16384.0,1,124.774,5501,5321,180,,ok
batched tokens 16384 - repeat 1,vLLM batched tokens,batched tokens,16384.0,1,125.032,5519,5329,190,,ok
batched tokens 16384 - repeat 1,vLLM batched tokens,batched tokens,16384.0,1,125.67,5528,5384,144,,ok
batched tokens 16384 - repeat 1,vLLM batched tokens,batched tokens,16384.0,1,126.07,5599,5407,192,,ok
batched tokens 16384 - repeat 1,vLLM batched tokens,batched tokens,16384.0,1,126.54,5618,5426,192,,ok
batched tokens 16384 - repeat 1,vLLM batched tokens,batched tokens,16384.0,1,127.044,5638,5446,192,,ok
batched tokens 16384 - repeat 1,vLLM batched tokens,batched tokens,16384.0,1,127.524,5649,5457,192,,ok
batched tokens 16384 - repeat 1,vLLM batched tokens,batched tokens,16384.0,1,128.039,5664,5498,166,,ok
batched tokens 16384 - repeat 1,vLLM batched tokens,batched tokens,16384.0,1,128.521,5727,5535,192,,ok
batched tokens 16384 - repeat 1,vLLM batched tokens,batched tokens,16384.0,1,129.038,5746,5555,191,,ok
batched tokens 16384 - repeat 1,vLLM batched tokens,batched tokens,16384.0,1,129.513,5766,5575,191,,ok
batched tokens 16384 - repeat 1,vLLM batched tokens,batched tokens,16384.0,1,130.025,5777,5586,191,,ok
batched tokens 16384 - repeat 1,vLLM batched tokens,batched tokens,16384.0,1,130.54,5779,5587,192,,ok
batched tokens 16384 - repeat 1,vLLM batched tokens,batched tokens,16384.0,1,131.004,5779,5587,192,,ok
batched tokens 16384 - repeat 1,vLLM batched tokens,batched tokens,16384.0,1,131.539,5875,5683,192,,ok
batched tokens 16384 - repeat 1,vLLM batched tokens,batched tokens,16384.0,1,132.006,5875,5683,192,,ok
batched tokens 16384 - repeat 1,vLLM batched tokens,batched tokens,16384.0,1,132.521,5875,5683,192,,ok
batched tokens 16384 - repeat 1,vLLM batched tokens,batched tokens,16384.0,1,133.046,5896,5704,192,,ok
batched tokens 16384 - repeat 1,vLLM batched tokens,batched tokens,16384.0,1,133.526,5905,5714,191,,ok
batched tokens 16384 - repeat 1,vLLM batched tokens,batched tokens,16384.0,1,134.0,5946,5768,178,,ok
batched tokens 16384 - repeat 1,vLLM batched tokens,batched tokens,16384.0,1,134.561,5971,5779,192,,ok
batched tokens 16384 - repeat 1,vLLM batched tokens,batched tokens,16384.0,1,135.013,6003,5811,192,,ok
batched tokens 16384 - repeat 1,vLLM batched tokens,batched tokens,16384.0,1,135.543,6024,5832,192,,ok
batched tokens 16384 - repeat 1,vLLM batched tokens,batched tokens,16384.0,1,136.049,6034,5843,191,,ok
batched tokens 16384 - repeat 1,vLLM batched tokens,batched tokens,16384.0,1,136.531,6074,5896,178,,ok
batched tokens 16384 - repeat 1,vLLM batched tokens,batched tokens,16384.0,1,137.042,6099,5907,192,,ok
batched tokens 16384 - repeat 1,vLLM batched tokens,batched tokens,16384.0,1,137.503,6131,5939,192,,ok
batched tokens 16384 - repeat 1,vLLM batched tokens,batched tokens,16384.0,1,138.014,6152,5960,192,,ok
batched tokens 16384 - repeat 1,vLLM batched tokens,batched tokens,16384.0,1,138.536,6163,5972,191,,ok
batched tokens 16384 - repeat 1,vLLM batched tokens,batched tokens,16384.0,1,139.05,6216,6033,183,,ok
batched tokens 16384 - repeat 1,vLLM batched tokens,batched tokens,16384.0,1,139.507,6227,6035,192,,ok
batched tokens 16384 - repeat 1,vLLM batched tokens,batched tokens,16384.0,1,140.022,6260,6069,191,,ok
batched tokens 16384 - repeat 1,vLLM batched tokens,batched tokens,16384.0,1,140.531,6280,6092,188,,ok
batched tokens 16384 - repeat 1,vLLM batched tokens,batched tokens,16384.0,1,141.009,6292,6100,192,,ok
batched tokens 16384 - repeat 1,vLLM batched tokens,batched tokens,16384.0,1,141.525,6353,6161,192,,ok
batched tokens 16384 - repeat 1,vLLM batched tokens,batched tokens,16384.0,1,142.076,6355,6163,192,,ok
batched tokens 16384 - repeat 1,vLLM batched tokens,batched tokens,16384.0,1,142.546,6389,6205,184,,ok
batched tokens 16384 - repeat 1,vLLM batched tokens,batched tokens,16384.0,1,143.008,6409,6220,189,,ok
batched tokens 16384 - repeat 1,vLLM batched tokens,batched tokens,16384.0,1,143.519,6420,6231,189,,ok
batched tokens 16384 - repeat 1,vLLM batched tokens,batched tokens,16384.0,1,144.01,6481,6289,192,,ok
batched tokens 16384 - repeat 1,vLLM batched tokens,batched tokens,16384.0,1,144.553,6483,6293,190,,ok
batched tokens 16384 - repeat 1,vLLM batched tokens,batched tokens,16384.0,1,145.039,6525,6339,186,,ok
batched tokens 16384 - repeat 1,vLLM batched tokens,batched tokens,16384.0,1,145.503,6540,6351,189,,ok
batched tokens 16384 - repeat 1,vLLM batched tokens,batched tokens,16384.0,1,146.003,6548,6360,188,,ok
batched tokens 16384 - repeat 1,vLLM batched tokens,batched tokens,16384.0,1,146.532,6609,6419,190,,ok
batched tokens 16384 - repeat 1,vLLM batched tokens,batched tokens,16384.0,1,147.039,6611,6451,160,,ok
batched tokens 16384 - repeat 1,vLLM batched tokens,batched tokens,16384.0,1,147.502,6653,6461,192,,ok
batched tokens 16384 - repeat 1,vLLM batched tokens,batched tokens,16384.0,1,148.033,6671,6479,192,,ok
batched tokens 16384 - repeat 1,vLLM batched tokens,batched tokens,16384.0,1,148.55,6682,6490,192,,ok
batched tokens 16384 - repeat 1,vLLM batched tokens,batched tokens,16384.0,1,149.015,6739,6547,192,,ok
batched tokens 16384 - repeat 1,vLLM batched tokens,batched tokens,16384.0,1,149.53,6771,6579,192,,ok
batched tokens 16384 - repeat 1,vLLM batched tokens,batched tokens,16384.0,1,150.043,6790,6599,191,,ok
batched tokens 16384 - repeat 1,vLLM batched tokens,batched tokens,16384.0,1,150.515,6801,6609,192,,ok
batched tokens 16384 - repeat 1,vLLM batched tokens,batched tokens,16384.0,1,151.026,6811,6624,187,,ok
batched tokens 16384 - repeat 1,vLLM batched tokens,batched tokens,16384.0,1,151.553,6867,6675,192,,ok
batched tokens 16384 - repeat 1,vLLM batched tokens,batched tokens,16384.0,1,152.016,6899,6707,192,,ok
batched tokens 16384 - repeat 1,vLLM batched tokens,batched tokens,16384.0,1,152.545,6918,6728,190,,ok
batched tokens 16384 - repeat 1,vLLM batched tokens,batched tokens,16384.0,1,153.004,6929,6737,192,,ok
batched tokens 16384 - repeat 1,vLLM batched tokens,batched tokens,16384.0,1,153.521,6932,6740,192,,ok
batched tokens 16384 - repeat 1,vLLM batched tokens,batched tokens,16384.0,1,154.04,6932,6744,188,,ok
batched tokens 16384 - repeat 1,vLLM batched tokens,batched tokens,16384.0,1,154.519,6995,6837,158,,ok
batched tokens 16384 - repeat 1,vLLM batched tokens,batched tokens,16384.0,1,155.008,7043,6851,192,,ok
batched tokens 16384 - repeat 1,vLLM batched tokens,batched tokens,16384.0,1,155.549,7046,6854,192,,ok
batched tokens 16384 - repeat 1,vLLM batched tokens,batched tokens,16384.0,1,156.022,7048,6856,192,,ok
batched tokens 16384 - repeat 1,vLLM batched tokens,batched tokens,16384.0,1,156.518,7058,6867,191,,ok
batched tokens 16384 - repeat 1,vLLM batched tokens,batched tokens,16384.0,1,157.028,7098,6920,178,,ok
batched tokens 16384 - repeat 1,vLLM batched tokens,batched tokens,16384.0,1,157.537,7123,6931,192,,ok
batched tokens 16384 - repeat 1,vLLM batched tokens,batched tokens,16384.0,1,158.049,7133,6948,185,,ok
batched tokens 16384 - repeat 1,vLLM batched tokens,batched tokens,16384.0,1,158.509,7176,6984,192,,ok
batched tokens 16384 - repeat 1,vLLM batched tokens,batched tokens,16384.0,1,159.044,7186,6994,192,,ok
batched tokens 16384 - repeat 1,vLLM batched tokens,batched tokens,16384.0,1,159.504,7240,7048,192,,ok
batched tokens 16384 - repeat 1,vLLM batched tokens,batched tokens,16384.0,1,160.046,7251,7059,192,,ok
batched tokens 16384 - repeat 1,vLLM batched tokens,batched tokens,16384.0,1,160.508,7262,7072,190,,ok
batched tokens 16384 - repeat 1,vLLM batched tokens,batched tokens,16384.0,1,161.027,7269,7112,157,,ok
batched tokens 16384 - repeat 1,vLLM batched tokens,batched tokens,16384.0,1,161.543,7304,7112,192,,ok
batched tokens 16384 - repeat 1,vLLM batched tokens,batched tokens,16384.0,1,162.007,7304,7121,183,,ok
batched tokens 16384 - repeat 1,vLLM batched tokens,batched tokens,16384.0,1,162.52,7379,7187,192,,ok
batched tokens 16384 - repeat 1,vLLM batched tokens,batched tokens,16384.0,1,163.031,7390,7200,190,,ok
batched tokens 16384 - repeat 1,vLLM batched tokens,batched tokens,16384.0,1,163.543,7432,7240,192,,ok
batched tokens 16384 - repeat 1,vLLM batched tokens,batched tokens,16384.0,1,164.171,7442,7255,187,,ok
batched tokens 16384 - repeat 1,vLLM batched tokens,batched tokens,16384.0,1,164.513,7491,7300,191,,ok
batched tokens 16384 - repeat 1,vLLM batched tokens,batched tokens,16384.0,1,165.014,7507,7315,192,,ok
batched tokens 16384 - repeat 1,vLLM batched tokens,batched tokens,16384.0,1,165.544,7520,7328,192,,ok
batched tokens 16384 - repeat 1,vLLM batched tokens,batched tokens,16384.0,1,166.009,7560,7368,192,,ok
batched tokens 16384 - repeat 1,vLLM batched tokens,batched tokens,16384.0,1,166.548,7570,7379,191,,ok
batched tokens 16384 - repeat 1,vLLM batched tokens,batched tokens,16384.0,1,167.006,7612,7428,184,,ok
batched tokens 16384 - repeat 1,vLLM batched tokens,batched tokens,16384.0,1,167.52,7635,7443,192,,ok
batched tokens 16384 - repeat 1,vLLM batched tokens,batched tokens,16384.0,1,168.033,7645,7456,189,,ok
batched tokens 16384 - repeat 1,vLLM batched tokens,batched tokens,16384.0,1,168.515,7687,7496,191,,ok
batched tokens 16384 - repeat 1,vLLM batched tokens,batched tokens,16384.0,1,169.025,7698,7506,192,,ok
batched tokens 16384 - repeat 1,vLLM batched tokens,batched tokens,16384.0,1,169.538,7748,7556,192,,ok
batched tokens 16384 - repeat 1,vLLM batched tokens,batched tokens,16384.0,1,170.048,7763,7571,192,,ok
batched tokens 16384 - repeat 1,vLLM batched tokens,batched tokens,16384.0,1,170.525,7774,7584,190,,ok
batched tokens 16384 - repeat 1,vLLM batched tokens,batched tokens,16384.0,1,171.051,7816,7624,192,,ok
batched tokens 16384 - repeat 1,vLLM batched tokens,batched tokens,16384.0,1,171.51,7826,7634,192,,ok
batched tokens 16384 - repeat 1,vLLM batched tokens,batched tokens,16384.0,1,172.025,7876,7684,192,,ok
batched tokens 16384 - repeat 1,vLLM batched tokens,batched tokens,16384.0,1,172.533,7891,7699,192,,ok
batched tokens 16384 - repeat 1,vLLM batched tokens,batched tokens,16384.0,1,173.023,7901,7712,189,,ok
batched tokens 16384 - repeat 1,vLLM batched tokens,batched tokens,16384.0,1,173.533,7944,7752,192,,ok
batched tokens 16384 - repeat 1,vLLM batched tokens,batched tokens,16384.0,1,174.042,7954,7763,191,,ok
batched tokens 16384 - repeat 1,vLLM batched tokens,batched tokens,16384.0,1,174.531,7994,7812,182,,ok
batched tokens 16384 - repeat 1,vLLM batched tokens,batched tokens,16384.0,1,175.038,8019,7827,192,,ok
batched tokens 16384 - repeat 1,vLLM batched tokens,batched tokens,16384.0,1,175.548,8032,7840,192,,ok
batched tokens 16384 - repeat 1,vLLM batched tokens,batched tokens,16384.0,1,176.06,8072,7880,192,,ok
batched tokens 16384 - repeat 1,vLLM batched tokens,batched tokens,16384.0,1,176.55,8082,7891,191,,ok
batched tokens 16384 - repeat 1,vLLM batched tokens,batched tokens,16384.0,1,177.018,8122,7940,182,,ok
batched tokens 16384 - repeat 1,vLLM batched tokens,batched tokens,16384.0,1,177.528,8147,7955,192,,ok
batched tokens 16384 - repeat 1,vLLM batched tokens,batched tokens,16384.0,1,178.039,8158,7968,190,,ok
batched tokens 16384 - repeat 1,vLLM batched tokens,batched tokens,16384.0,1,178.501,8198,8008,190,,ok
batched tokens 16384 - repeat 1,vLLM batched tokens,batched tokens,16384.0,1,179.025,8209,8019,190,,ok
batched tokens 16384 - repeat 1,vLLM batched tokens,batched tokens,16384.0,1,179.538,8250,8068,182,,ok
batched tokens 8192 - repeat 1,vLLM batched tokens,batched tokens,8192,1,0.012,0,0,0,,ok
batched tokens 8192 - repeat 1,vLLM batched tokens,batched tokens,8192,1,0.521,3,0,3,,ok
batched tokens 8192 - repeat 1,vLLM batched tokens,batched tokens,8192,1,1.03,6,0,6,,ok
batched tokens 8192 - repeat 1,vLLM batched tokens,batched tokens,8192,1,1.537,11,1,10,,ok
batched tokens 8192 - repeat 1,vLLM batched tokens,batched tokens,8192,1,2.045,17,4,13,,ok
batched tokens 8192 - repeat 1,vLLM batched tokens,batched tokens,8192,1,2.506,24,8,16,,ok
batched tokens 8192 - repeat 1,vLLM batched tokens,batched tokens,8192,1,3.026,33,14,19,,ok
batched tokens 8192 - repeat 1,vLLM batched tokens,batched tokens,8192,1,3.546,37,15,22,,ok
batched tokens 8192 - repeat 1,vLLM batched tokens,batched tokens,8192,1,4.003,40,15,25,,ok
batched tokens 8192 - repeat 1,vLLM batched tokens,batched tokens,8192,1,4.512,44,15,29,,ok
batched tokens 8192 - repeat 1,vLLM batched tokens,batched tokens,8192,1,5.03,52,20,32,,ok
batched tokens 8192 - repeat 1,vLLM batched tokens,batched tokens,8192,1,5.536,58,25,33,,ok
batched tokens 8192 - repeat 1,vLLM batched tokens,batched tokens,8192,1,6.042,81,43,38,,ok
batched tokens 8192 - repeat 1,vLLM batched tokens,batched tokens,8192,1,6.55,85,43,42,,ok
batched tokens 8192 - repeat 1,vLLM batched tokens,batched tokens,8192,1,7.021,88,43,45,,ok
batched tokens 8192 - repeat 1,vLLM batched tokens,batched tokens,8192,1,7.528,95,51,44,,ok
batched tokens 8192 - repeat 1,vLLM batched tokens,batched tokens,8192,1,8.046,103,52,51,,ok
batched tokens 8192 - repeat 1,vLLM batched tokens,batched tokens,8192,1,8.508,106,52,54,,ok
batched tokens 8192 - repeat 1,vLLM batched tokens,batched tokens,8192,1,9.035,113,56,57,,ok
batched tokens 8192 - repeat 1,vLLM batched tokens,batched tokens,8192,1,9.502,116,56,60,,ok
batched tokens 8192 - repeat 1,vLLM batched tokens,batched tokens,8192,1,10.023,129,65,64,,ok
batched tokens 8192 - repeat 1,vLLM batched tokens,batched tokens,8192,1,10.532,154,87,67,,ok
batched tokens 8192 - repeat 1,vLLM batched tokens,batched tokens,8192,1,11.044,158,88,70,,ok
batched tokens 8192 - repeat 1,vLLM batched tokens,batched tokens,8192,1,11.501,161,88,73,,ok
batched tokens 8192 - repeat 1,vLLM batched tokens,batched tokens,8192,1,12.011,165,88,77,,ok
batched tokens 8192 - repeat 1,vLLM batched tokens,batched tokens,8192,1,12.52,168,88,80,,ok
batched tokens 8192 - repeat 1,vLLM batched tokens,batched tokens,8192,1,13.001,186,103,83,,ok
batched tokens 8192 - repeat 1,vLLM batched tokens,batched tokens,8192,1,13.51,190,104,86,,ok
batched tokens 8192 - repeat 1,vLLM batched tokens,batched tokens,8192,1,14.036,204,114,90,,ok
batched tokens 8192 - repeat 1,vLLM batched tokens,batched tokens,8192,1,14.551,207,114,93,,ok
batched tokens 8192 - repeat 1,vLLM batched tokens,batched tokens,8192,1,15.009,214,119,95,,ok
batched tokens 8192 - repeat 1,vLLM batched tokens,batched tokens,8192,1,15.516,226,129,97,,ok
batched tokens 8192 - repeat 1,vLLM batched tokens,batched tokens,8192,1,16.026,268,166,102,,ok
batched tokens 8192 - repeat 1,vLLM batched tokens,batched tokens,8192,1,16.504,271,166,105,,ok
batched tokens 8192 - repeat 1,vLLM batched tokens,batched tokens,8192,1,17.015,275,166,109,,ok
batched tokens 8192 - repeat 1,vLLM batched tokens,batched tokens,8192,1,17.525,278,166,112,,ok
batched tokens 8192 - repeat 1,vLLM batched tokens,batched tokens,8192,1,18.03,303,189,114,,ok
batched tokens 8192 - repeat 1,vLLM batched tokens,batched tokens,8192,1,18.541,307,189,118,,ok
batched tokens 8192 - repeat 1,vLLM batched tokens,batched tokens,8192,1,19.029,327,208,119,,ok
batched tokens 8192 - repeat 1,vLLM batched tokens,batched tokens,8192,1,19.551,337,212,125,,ok
batched tokens 8192 - repeat 1,vLLM batched tokens,batched tokens,8192,1,20.03,340,212,128,,ok
batched tokens 8192 - repeat 1,vLLM batched tokens,batched tokens,8192,1,20.54,343,212,131,,ok
batched tokens 8192 - repeat 1,vLLM batched tokens,batched tokens,8192,1,21.047,354,220,134,,ok
batched tokens 8192 - repeat 1,vLLM batched tokens,batched tokens,8192,1,21.517,357,220,137,,ok
batched tokens 8192 - repeat 1,vLLM batched tokens,batched tokens,8192,1,22.027,362,223,139,,ok
batched tokens 8192 - repeat 1,vLLM batched tokens,batched tokens,8192,1,22.536,386,242,144,,ok
batched tokens 8192 - repeat 1,vLLM batched tokens,batched tokens,8192,1,23.063,419,272,147,,ok
batched tokens 8192 - repeat 1,vLLM batched tokens,batched tokens,8192,1,23.522,423,275,148,,ok
batched tokens 8192 - repeat 1,vLLM batched tokens,batched tokens,8192,1,24.028,431,278,153,,ok
batched tokens 8192 - repeat 1,vLLM batched tokens,batched tokens,8192,1,24.538,454,297,157,,ok
batched tokens 8192 - repeat 1,vLLM batched tokens,batched tokens,8192,1,25.049,468,308,160,,ok
batched tokens 8192 - repeat 1,vLLM batched tokens,batched tokens,8192,1,25.504,504,341,163,,ok
batched tokens 8192 - repeat 1,vLLM batched tokens,batched tokens,8192,1,26.011,521,355,166,,ok
batched tokens 8192 - repeat 1,vLLM batched tokens,batched tokens,8192,1,26.518,574,405,169,,ok
batched tokens 8192 - repeat 1,vLLM batched tokens,batched tokens,8192,1,27.025,583,425,158,,ok
batched tokens 8192 - repeat 1,vLLM batched tokens,batched tokens,8192,1,27.537,612,442,170,,ok
batched tokens 8192 - repeat 1,vLLM batched tokens,batched tokens,8192,1,28.046,650,476,174,,ok
batched tokens 8192 - repeat 1,vLLM batched tokens,batched tokens,8192,1,28.504,674,507,167,,ok
batched tokens 8192 - repeat 1,vLLM batched tokens,batched tokens,8192,1,29.034,718,533,185,,ok
batched tokens 8192 - repeat 1,vLLM batched tokens,batched tokens,8192,1,29.503,747,559,188,,ok
batched tokens 8192 - repeat 1,vLLM batched tokens,batched tokens,8192,1,30.027,756,585,171,,ok
batched tokens 8192 - repeat 1,vLLM batched tokens,batched tokens,8192,1,30.546,796,605,191,,ok
batched tokens 8192 - repeat 1,vLLM batched tokens,batched tokens,8192,1,31.018,827,642,185,,ok
batched tokens 8192 - repeat 1,vLLM batched tokens,batched tokens,8192,1,31.53,853,662,191,,ok
batched tokens 8192 - repeat 1,vLLM batched tokens,batched tokens,8192,1,32.038,882,690,192,,ok
batched tokens 8192 - repeat 1,vLLM batched tokens,batched tokens,8192,1,32.52,910,718,192,,ok
batched tokens 8192 - repeat 1,vLLM batched tokens,batched tokens,8192,1,33.031,927,735,192,,ok
batched tokens 8192 - repeat 1,vLLM batched tokens,batched tokens,8192,1,33.51,962,776,186,,ok
batched tokens 8192 - repeat 1,vLLM batched tokens,batched tokens,8192,1,34.029,982,790,192,,ok
batched tokens 8192 - repeat 1,vLLM batched tokens,batched tokens,8192,1,34.538,1011,820,191,,ok
batched tokens 8192 - repeat 1,vLLM batched tokens,batched tokens,8192,1,35.048,1038,853,185,,ok
batched tokens 8192 - repeat 1,vLLM batched tokens,batched tokens,8192,1,35.512,1055,863,192,,ok
batched tokens 8192 - repeat 1,vLLM batched tokens,batched tokens,8192,1,36.022,1107,915,192,,ok
batched tokens 8192 - repeat 1,vLLM batched tokens,batched tokens,8192,1,36.542,1110,918,192,,ok
batched tokens 8192 - repeat 1,vLLM batched tokens,batched tokens,8192,1,37.014,1140,948,192,,ok
batched tokens 8192 - repeat 1,vLLM batched tokens,batched tokens,8192,1,37.522,1173,981,192,,ok
batched tokens 8192 - repeat 1,vLLM batched tokens,batched tokens,8192,1,38.05,1185,995,190,,ok
batched tokens 8192 - repeat 1,vLLM batched tokens,batched tokens,8192,1,38.533,1235,1045,190,,ok
batched tokens 8192 - repeat 1,vLLM batched tokens,batched tokens,8192,1,39.007,1238,1048,190,,ok
batched tokens 8192 - repeat 1,vLLM batched tokens,batched tokens,8192,1,39.522,1268,1076,192,,ok
batched tokens 8192 - repeat 1,vLLM batched tokens,batched tokens,8192,1,40.03,1301,1109,192,,ok
batched tokens 8192 - repeat 1,vLLM batched tokens,batched tokens,8192,1,40.542,1316,1132,184,,ok
batched tokens 8192 - repeat 1,vLLM batched tokens,batched tokens,8192,1,41.001,1363,1173,190,,ok
batched tokens 8192 - repeat 1,vLLM batched tokens,batched tokens,8192,1,41.514,1366,1193,173,,ok
batched tokens 8192 - repeat 1,vLLM batched tokens,batched tokens,8192,1,42.029,1396,1209,187,,ok
batched tokens 8192 - repeat 1,vLLM batched tokens,batched tokens,8192,1,42.555,1431,1244,187,,ok
batched tokens 8192 - repeat 1,vLLM batched tokens,batched tokens,8192,1,43.012,1467,1275,192,,ok
batched tokens 8192 - repeat 1,vLLM batched tokens,batched tokens,8192,1,43.52,1493,1301,192,,ok
batched tokens 8192 - repeat 1,vLLM batched tokens,batched tokens,8192,1,44.038,1519,1330,189,,ok
batched tokens 8192 - repeat 1,vLLM batched tokens,batched tokens,8192,1,44.55,1545,1358,187,,ok
batched tokens 8192 - repeat 1,vLLM batched tokens,batched tokens,8192,1,45.008,1559,1373,186,,ok
batched tokens 8192 - repeat 1,vLLM batched tokens,batched tokens,8192,1,45.52,1595,1410,185,,ok
batched tokens 8192 - repeat 1,vLLM batched tokens,batched tokens,8192,1,46.028,1621,1430,191,,ok
batched tokens 8192 - repeat 1,vLLM batched tokens,batched tokens,8192,1,46.546,1650,1459,191,,ok
batched tokens 8192 - repeat 1,vLLM batched tokens,batched tokens,8192,1,47.003,1678,1486,192,,ok
batched tokens 8192 - repeat 1,vLLM batched tokens,batched tokens,8192,1,47.517,1695,1503,192,,ok
batched tokens 8192 - repeat 1,vLLM batched tokens,batched tokens,8192,1,48.026,1736,1548,188,,ok
batched tokens 8192 - repeat 1,vLLM batched tokens,batched tokens,8192,1,48.561,1750,1558,192,,ok
batched tokens 8192 - repeat 1,vLLM batched tokens,batched tokens,8192,1,49.02,1778,1588,190,,ok
batched tokens 8192 - repeat 1,vLLM batched tokens,batched tokens,8192,1,49.504,1810,1621,189,,ok
batched tokens 8192 - repeat 1,vLLM batched tokens,batched tokens,8192,1,50.025,1825,1633,192,,ok
batched tokens 8192 - repeat 1,vLLM batched tokens,batched tokens,8192,1,50.536,1875,1683,192,,ok
batched tokens 8192 - repeat 1,vLLM batched tokens,batched tokens,8192,1,51.05,1878,1686,192,,ok
batched tokens 8192 - repeat 1,vLLM batched tokens,batched tokens,8192,1,51.521,1908,1716,192,,ok
batched tokens 8192 - repeat 1,vLLM batched tokens,batched tokens,8192,1,52.04,1941,1749,192,,ok
batched tokens 8192 - repeat 1,vLLM batched tokens,batched tokens,8192,1,52.517,1953,1763,190,,ok
batched tokens 8192 - repeat 1,vLLM batched tokens,batched tokens,8192,1,53.031,2003,1813,190,,ok
batched tokens 8192 - repeat 1,vLLM batched tokens,batched tokens,8192,1,53.539,2006,1814,192,,ok
batched tokens 8192 - repeat 1,vLLM batched tokens,batched tokens,8192,1,54.011,2036,1844,192,,ok
batched tokens 8192 - repeat 1,vLLM batched tokens,batched tokens,8192,1,54.518,2069,1879,190,,ok
batched tokens 8192 - repeat 1,vLLM batched tokens,batched tokens,8192,1,55.027,2083,1900,183,,ok
batched tokens 8192 - repeat 1,vLLM batched tokens,batched tokens,8192,1,55.534,2133,1941,192,,ok
batched tokens 8192 - repeat 1,vLLM batched tokens,batched tokens,8192,1,56.041,2153,1967,186,,ok
batched tokens 8192 - repeat 1,vLLM batched tokens,batched tokens,8192,1,56.548,2164,1978,186,,ok
batched tokens 8192 - repeat 1,vLLM batched tokens,batched tokens,8192,1,57.005,2199,2007,192,,ok
batched tokens 8192 - repeat 1,vLLM batched tokens,batched tokens,8192,1,57.514,2231,2039,192,,ok
batched tokens 8192 - repeat 1,vLLM batched tokens,batched tokens,8192,1,58.025,2261,2069,192,,ok
batched tokens 8192 - repeat 1,vLLM batched tokens,batched tokens,8192,1,58.546,2287,2095,192,,ok
batched tokens 8192 - repeat 1,vLLM batched tokens,batched tokens,8192,1,59.027,2298,2121,177,,ok
batched tokens 8192 - repeat 1,vLLM batched tokens,batched tokens,8192,1,59.549,2332,2143,189,,ok
batched tokens 8192 - repeat 1,vLLM batched tokens,batched tokens,8192,1,60.036,2369,2178,191,,ok
batched tokens 8192 - repeat 1,vLLM batched tokens,batched tokens,8192,1,60.543,2390,2198,192,,ok
batched tokens 8192 - repeat 1,vLLM batched tokens,batched tokens,8192,1,61.051,2419,2227,192,,ok
batched tokens 8192 - repeat 1,vLLM batched tokens,batched tokens,8192,1,61.535,2446,2256,190,,ok
batched tokens 8192 - repeat 1,vLLM batched tokens,batched tokens,8192,1,62.012,2461,2271,190,,ok
batched tokens 8192 - repeat 1,vLLM batched tokens,batched tokens,8192,1,62.53,2498,2312,186,,ok
batched tokens 8192 - repeat 1,vLLM batched tokens,batched tokens,8192,1,63.002,2517,2326,191,,ok
batched tokens 8192 - repeat 1,vLLM batched tokens,batched tokens,8192,1,63.511,2546,2355,191,,ok
batched tokens 8192 - repeat 1,vLLM batched tokens,batched tokens,8192,1,64.036,2574,2389,185,,ok
batched tokens 8192 - repeat 1,vLLM batched tokens,batched tokens,8192,1,64.544,2592,2400,192,,ok
batched tokens 8192 - repeat 1,vLLM batched tokens,batched tokens,8192,1,65.017,2632,2451,181,,ok
batched tokens 8192 - repeat 1,vLLM batched tokens,batched tokens,8192,1,65.524,2646,2454,192,,ok
batched tokens 8192 - repeat 1,vLLM batched tokens,batched tokens,8192,1,66.036,2676,2484,192,,ok
batched tokens 8192 - repeat 1,vLLM batched tokens,batched tokens,8192,1,66.545,2709,2517,192,,ok
batched tokens 8192 - repeat 1,vLLM batched tokens,batched tokens,8192,1,67.002,2721,2529,192,,ok
batched tokens 8192 - repeat 1,vLLM batched tokens,batched tokens,8192,1,67.513,2771,2580,191,,ok
batched tokens 8192 - repeat 1,vLLM batched tokens,batched tokens,8192,1,68.022,2774,2582,192,,ok
batched tokens 8192 - repeat 1,vLLM batched tokens,batched tokens,8192,1,68.532,2804,2612,192,,ok
batched tokens 8192 - repeat 1,vLLM batched tokens,batched tokens,8192,1,69.025,2837,2645,192,,ok
batched tokens 8192 - repeat 1,vLLM batched tokens,batched tokens,8192,1,69.55,2851,2668,183,,ok
batched tokens 8192 - repeat 1,vLLM batched tokens,batched tokens,8192,1,70.024,2901,2709,192,,ok
batched tokens 8192 - repeat 1,vLLM batched tokens,batched tokens,8192,1,70.536,2906,2729,177,,ok
batched tokens 8192 - repeat 1,vLLM batched tokens,batched tokens,8192,1,71.044,2932,2746,186,,ok
batched tokens 8192 - repeat 1,vLLM batched tokens,batched tokens,8192,1,71.502,2967,2775,192,,ok
batched tokens 8192 - repeat 1,vLLM batched tokens,batched tokens,8192,1,72.018,2988,2811,177,,ok
batched tokens 8192 - repeat 1,vLLM batched tokens,batched tokens,8192,1,72.526,3029,2837,192,,ok
batched tokens 8192 - repeat 1,vLLM batched tokens,batched tokens,8192,1,73.035,3055,2866,189,,ok
batched tokens 8192 - repeat 1,vLLM batched tokens,batched tokens,8192,1,73.543,3066,2889,177,,ok
batched tokens 8192 - repeat 1,vLLM batched tokens,batched tokens,8192,1,74.013,3095,2908,187,,ok
batched tokens 8192 - repeat 1,vLLM batched tokens,batched tokens,8192,1,74.52,3131,2946,185,,ok
batched tokens 8192 - repeat 1,vLLM batched tokens,batched tokens,8192,1,75.035,3157,2965,192,,ok
batched tokens 8192 - repeat 1,vLLM batched tokens,batched tokens,8192,1,75.541,3186,2994,192,,ok
batched tokens 8192 - repeat 1,vLLM batched tokens,batched tokens,8192,1,76.047,3214,3022,192,,ok
batched tokens 8192 - repeat 1,vLLM batched tokens,batched tokens,8192,1,76.524,3231,3039,192,,ok
batched tokens 8192 - repeat 1,vLLM batched tokens,batched tokens,8192,1,77.041,3272,3091,181,,ok
batched tokens 8192 - repeat 1,vLLM batched tokens,batched tokens,8192,1,77.516,3285,3094,191,,ok
batched tokens 8192 - repeat 1,vLLM batched tokens,batched tokens,8192,1,78.027,3314,3124,190,,ok
batched tokens 8192 - repeat 1,vLLM batched tokens,batched tokens,8192,1,78.541,3342,3157,185,,ok
batched tokens 8192 - repeat 1,vLLM batched tokens,batched tokens,8192,1,79.033,3360,3168,192,,ok
batched tokens 8192 - repeat 1,vLLM batched tokens,batched tokens,8192,1,79.516,3403,3219,184,,ok
batched tokens 8192 - repeat 1,vLLM batched tokens,batched tokens,8192,1,80.044,3414,3222,192,,ok
batched tokens 8192 - repeat 1,vLLM batched tokens,batched tokens,8192,1,80.519,3444,3252,192,,ok
batched tokens 8192 - repeat 1,vLLM batched tokens,batched tokens,8192,1,81.026,3477,3285,192,,ok
batched tokens 8192 - repeat 1,vLLM batched tokens,batched tokens,8192,1,81.537,3489,3299,190,,ok
batched tokens 8192 - repeat 1,vLLM batched tokens,batched tokens,8192,1,82.0,3539,3348,191,,ok
batched tokens 8192 - repeat 1,vLLM batched tokens,batched tokens,8192,1,82.505,3542,3354,188,,ok
batched tokens 8192 - repeat 1,vLLM batched tokens,batched tokens,8192,1,83.013,3572,3380,192,,ok
batched tokens 8192 - repeat 1,vLLM batched tokens,batched tokens,8192,1,83.522,3605,3413,192,,ok
batched tokens 8192 - repeat 1,vLLM batched tokens,batched tokens,8192,1,84.035,3619,3436,183,,ok
batched tokens 8192 - repeat 1,vLLM batched tokens,batched tokens,8192,1,84.502,3667,3477,190,,ok
batched tokens 8192 - repeat 1,vLLM batched tokens,batched tokens,8192,1,85.022,3671,3497,174,,ok
batched tokens 8192 - repeat 1,vLLM batched tokens,batched tokens,8192,1,85.531,3700,3508,192,,ok
batched tokens 8192 - repeat 1,vLLM batched tokens,batched tokens,8192,1,86.01,3735,3543,192,,ok
batched tokens 8192 - repeat 1,vLLM batched tokens,batched tokens,8192,1,86.518,3756,3579,177,,ok
batched tokens 8192 - repeat 1,vLLM batched tokens,batched tokens,8192,1,87.026,3797,3605,192,,ok
batched tokens 8192 - repeat 1,vLLM batched tokens,batched tokens,8192,1,87.535,3823,3634,189,,ok
batched tokens 8192 - repeat 1,vLLM batched tokens,batched tokens,8192,1,88.003,3828,3642,186,,ok
batched tokens 8192 - repeat 1,vLLM batched tokens,batched tokens,8192,1,88.512,3863,3676,187,,ok
batched tokens 8192 - repeat 1,vLLM batched tokens,batched tokens,8192,1,89.042,3899,3714,185,,ok
batched tokens 8192 - repeat 1,vLLM batched tokens,batched tokens,8192,1,89.546,3925,3734,191,,ok
batched tokens 8192 - repeat 1,vLLM batched tokens,batched tokens,8192,1,90.039,3954,3762,192,,ok
batched tokens 8192 - repeat 1,vLLM batched tokens,batched tokens,8192,1,90.546,3977,3785,192,,ok
batched tokens 8192 - repeat 1,vLLM batched tokens,batched tokens,8192,1,91.003,3996,3807,189,,ok
batched tokens 8192 - repeat 1,vLLM batched tokens,batched tokens,8192,1,91.534,4034,3848,186,,ok
batched tokens 8192 - repeat 1,vLLM batched tokens,batched tokens,8192,1,92.053,4054,3862,192,,ok
batched tokens 8192 - repeat 1,vLLM batched tokens,batched tokens,8192,1,92.511,4083,3891,192,,ok
batched tokens 8192 - repeat 1,vLLM batched tokens,batched tokens,8192,1,93.018,4110,3922,188,,ok
batched tokens 8192 - repeat 1,vLLM batched tokens,batched tokens,8192,1,93.527,4128,3937,191,,ok
batched tokens 8192 - repeat 1,vLLM batched tokens,batched tokens,8192,1,94.035,4168,3987,181,,ok
batched tokens 8192 - repeat 1,vLLM batched tokens,batched tokens,8192,1,94.543,4181,3989,192,,ok
batched tokens 8192 - repeat 1,vLLM batched tokens,batched tokens,8192,1,95.001,4211,4020,191,,ok
batched tokens 8192 - repeat 1,vLLM batched tokens,batched tokens,8192,1,95.52,4239,4053,186,,ok
batched tokens 8192 - repeat 1,vLLM batched tokens,batched tokens,8192,1,96.031,4257,4065,192,,ok
batched tokens 8192 - repeat 1,vLLM batched tokens,batched tokens,8192,1,96.54,4307,4116,191,,ok
batched tokens 8192 - repeat 1,vLLM batched tokens,batched tokens,8192,1,97.011,4310,4118,192,,ok
batched tokens 8192 - repeat 1,vLLM batched tokens,batched tokens,8192,1,97.537,4340,4148,192,,ok
batched tokens 8192 - repeat 1,vLLM batched tokens,batched tokens,8192,1,98.045,4373,4181,192,,ok
batched tokens 8192 - repeat 1,vLLM batched tokens,batched tokens,8192,1,98.51,4385,4195,190,,ok
batched tokens 8192 - repeat 1,vLLM batched tokens,batched tokens,8192,1,99.04,4436,4245,191,,ok
batched tokens 8192 - repeat 1,vLLM batched tokens,batched tokens,8192,1,99.525,4438,4250,188,,ok
batched tokens 8192 - repeat 1,vLLM batched tokens,batched tokens,8192,1,100.035,4468,4276,192,,ok
batched tokens 8192 - repeat 1,vLLM batched tokens,batched tokens,8192,1,100.562,4501,4316,185,,ok
batched tokens 8192 - repeat 1,vLLM batched tokens,batched tokens,8192,1,101.018,4524,4332,192,,ok
batched tokens 8192 - repeat 1,vLLM batched tokens,batched tokens,8192,1,101.525,4565,4373,192,,ok
batched tokens 8192 - repeat 1,vLLM batched tokens,batched tokens,8192,1,102.033,4585,4399,186,,ok
batched tokens 8192 - repeat 1,vLLM batched tokens,batched tokens,8192,1,102.541,4598,4410,188,,ok
batched tokens 8192 - repeat 1,vLLM batched tokens,batched tokens,8192,1,103.048,4636,4444,192,,ok
batched tokens 8192 - repeat 1,vLLM batched tokens,batched tokens,8192,1,103.505,4667,4481,186,,ok
batched tokens 8192 - repeat 1,vLLM batched tokens,batched tokens,8192,1,104.04,4693,4501,192,,ok
batched tokens 8192 - repeat 1,vLLM batched tokens,batched tokens,8192,1,104.548,4719,4530,189,,ok
batched tokens 8192 - repeat 1,vLLM batched tokens,batched tokens,8192,1,105.006,4730,4553,177,,ok
batched tokens 8192 - repeat 1,vLLM batched tokens,batched tokens,8192,1,105.516,4764,4573,191,,ok
batched tokens 8192 - repeat 1,vLLM batched tokens,batched tokens,8192,1,106.025,4795,4610,185,,ok
batched tokens 8192 - repeat 1,vLLM batched tokens,batched tokens,8192,1,106.532,4821,4630,191,,ok
batched tokens 8192 - repeat 1,vLLM batched tokens,batched tokens,8192,1,107.043,4850,4659,191,,ok
batched tokens 8192 - repeat 1,vLLM batched tokens,batched tokens,8192,1,107.501,4873,4686,187,,ok
batched tokens 8192 - repeat 1,vLLM batched tokens,batched tokens,8192,1,108.019,4895,4703,192,,ok
batched tokens 8192 - repeat 1,vLLM batched tokens,batched tokens,8192,1,108.55,4936,4744,192,,ok
batched tokens 8192 - repeat 1,vLLM batched tokens,batched tokens,8192,1,109.053,4950,4758,192,,ok
batched tokens 8192 - repeat 1,vLLM batched tokens,batched tokens,8192,1,109.515,4979,4788,191,,ok
batched tokens 8192 - repeat 1,vLLM batched tokens,batched tokens,8192,1,110.008,5001,4818,183,,ok
batched tokens 8192 - repeat 1,vLLM batched tokens,batched tokens,8192,1,110.526,5023,4833,190,,ok
batched tokens 8192 - repeat 1,vLLM batched tokens,batched tokens,8192,1,111.033,5064,4883,181,,ok
batched tokens 8192 - repeat 1,vLLM batched tokens,batched tokens,8192,1,111.541,5078,4886,192,,ok
batched tokens 8192 - repeat 1,vLLM batched tokens,batched tokens,8192,1,112.049,5108,4916,192,,ok
batched tokens 8192 - repeat 1,vLLM batched tokens,batched tokens,8192,1,112.526,5141,4949,192,,ok
batched tokens 8192 - repeat 1,vLLM batched tokens,batched tokens,8192,1,113.041,5153,4963,190,,ok
batched tokens 8192 - repeat 1,vLLM batched tokens,batched tokens,8192,1,113.505,5203,5011,192,,ok
batched tokens 8192 - repeat 1,vLLM batched tokens,batched tokens,8192,1,114.01,5206,5015,191,,ok
batched tokens 8192 - repeat 1,vLLM batched tokens,batched tokens,8192,1,114.53,5236,5044,192,,ok
batched tokens 8192 - repeat 1,vLLM batched tokens,batched tokens,8192,1,115.042,5269,5077,192,,ok
batched tokens 8192 - repeat 1,vLLM batched tokens,batched tokens,8192,1,115.504,5281,5091,190,,ok
batched tokens 8192 - repeat 1,vLLM batched tokens,batched tokens,8192,1,116.016,5332,5141,191,,ok
batched tokens 8192 - repeat 1,vLLM batched tokens,batched tokens,8192,1,116.503,5334,5146,188,,ok
batched tokens 8192 - repeat 1,vLLM batched tokens,batched tokens,8192,1,117.015,5364,5172,192,,ok
batched tokens 8192 - repeat 1,vLLM batched tokens,batched tokens,8192,1,117.524,5397,5207,190,,ok
batched tokens 8192 - repeat 1,vLLM batched tokens,batched tokens,8192,1,118.054,5411,5243,168,,ok
batched tokens 8192 - repeat 1,vLLM batched tokens,batched tokens,8192,1,118.521,5461,5269,192,,ok
batched tokens 8192 - repeat 1,vLLM batched tokens,batched tokens,8192,1,119.029,5481,5289,192,,ok
batched tokens 8192 - repeat 1,vLLM batched tokens,batched tokens,8192,1,119.624,5492,5326,166,,ok
batched tokens 8192 - repeat 1,vLLM batched tokens,batched tokens,8192,1,120.036,5532,5340,192,,ok
batched tokens 8192 - repeat 1,vLLM batched tokens,batched tokens,8192,1,120.54,5569,5377,192,,ok
batched tokens 8192 - repeat 1,vLLM batched tokens,batched tokens,8192,1,121.013,5589,5397,192,,ok
batched tokens 8192 - repeat 1,vLLM batched tokens,batched tokens,8192,1,121.546,5615,5426,189,,ok
batched tokens 8192 - repeat 1,vLLM batched tokens,batched tokens,8192,1,122.013,5626,5434,192,,ok
batched tokens 8192 - repeat 1,vLLM batched tokens,batched tokens,8192,1,122.524,5660,5468,192,,ok
batched tokens 8192 - repeat 1,vLLM batched tokens,batched tokens,8192,1,123.038,5698,5506,192,,ok
batched tokens 8192 - repeat 1,vLLM batched tokens,batched tokens,8192,1,123.545,5718,5526,192,,ok
batched tokens 8192 - repeat 1,vLLM batched tokens,batched tokens,8192,1,124.007,5747,5555,192,,ok
batched tokens 8192 - repeat 1,vLLM batched tokens,batched tokens,8192,1,124.518,5774,5586,188,,ok
batched tokens 8192 - repeat 1,vLLM batched tokens,batched tokens,8192,1,125.027,5791,5601,190,,ok
batched tokens 8192 - repeat 1,vLLM batched tokens,batched tokens,8192,1,125.538,5832,5651,181,,ok
batched tokens 8192 - repeat 1,vLLM batched tokens,batched tokens,8192,1,126.047,5846,5654,192,,ok
batched tokens 8192 - repeat 1,vLLM batched tokens,batched tokens,8192,1,126.504,5875,5684,191,,ok
batched tokens 8192 - repeat 1,vLLM batched tokens,batched tokens,8192,1,127.022,5906,5717,189,,ok
batched tokens 8192 - repeat 1,vLLM batched tokens,batched tokens,8192,1,127.544,5921,5729,192,,ok
batched tokens 8192 - repeat 1,vLLM batched tokens,batched tokens,8192,1,128.014,5960,5779,181,,ok
batched tokens 8192 - repeat 1,vLLM batched tokens,batched tokens,8192,1,128.532,5974,5782,192,,ok
batched tokens 8192 - repeat 1,vLLM batched tokens,batched tokens,8192,1,129.011,6004,5812,192,,ok
batched tokens 8192 - repeat 1,vLLM batched tokens,batched tokens,8192,1,129.552,6037,5845,192,,ok
batched tokens 8192 - repeat 1,vLLM batched tokens,batched tokens,8192,1,130.028,6049,5859,190,,ok
batched tokens 8192 - repeat 1,vLLM batched tokens,batched tokens,8192,1,130.501,6099,5908,191,,ok
batched tokens 8192 - repeat 1,vLLM batched tokens,batched tokens,8192,1,131.019,6102,5914,188,,ok
batched tokens 8192 - repeat 1,vLLM batched tokens,batched tokens,8192,1,131.528,6132,5940,192,,ok
batched tokens 8192 - repeat 1,vLLM batched tokens,batched tokens,8192,1,132.035,6165,5975,190,,ok
batched tokens 8192 - repeat 1,vLLM batched tokens,batched tokens,8192,1,132.546,6179,6011,168,,ok
batched tokens 8192 - repeat 1,vLLM batched tokens,batched tokens,8192,1,133.003,6229,6037,192,,ok
batched tokens 8192 - repeat 1,vLLM batched tokens,batched tokens,8192,1,133.53,6249,6057,192,,ok
batched tokens 8192 - repeat 1,vLLM batched tokens,batched tokens,8192,1,134.028,6260,6072,188,,ok
batched tokens 8192 - repeat 1,vLLM batched tokens,batched tokens,8192,1,134.537,6298,6108,190,,ok
batched tokens 8192 - repeat 1,vLLM batched tokens,batched tokens,8192,1,135.046,6331,6145,186,,ok
batched tokens 8192 - repeat 1,vLLM batched tokens,batched tokens,8192,1,135.502,6357,6165,192,,ok
batched tokens 8192 - repeat 1,vLLM batched tokens,batched tokens,8192,1,136.009,6383,6194,189,,ok
batched tokens 8192 - repeat 1,vLLM batched tokens,batched tokens,8192,1,136.522,6394,6217,177,,ok
batched tokens 8192 - repeat 1,vLLM batched tokens,batched tokens,8192,1,137.031,6428,6237,191,,ok
batched tokens 8192 - repeat 1,vLLM batched tokens,batched tokens,8192,1,137.501,6465,6274,191,,ok
batched tokens 8192 - repeat 1,vLLM batched tokens,batched tokens,8192,1,138.027,6485,6294,191,,ok
batched tokens 8192 - repeat 1,vLLM batched tokens,batched tokens,8192,1,138.579,6511,6323,188,,ok
batched tokens 8192 - repeat 1,vLLM batched tokens,batched tokens,8192,1,139.024,6537,6353,184,,ok
batched tokens 8192 - repeat 1,vLLM batched tokens,batched tokens,8192,1,139.575,6557,6369,188,,ok
batched tokens 8192 - repeat 1,vLLM batched tokens,batched tokens,8192,1,140.038,6594,6402,192,,ok
batched tokens 8192 - repeat 1,vLLM batched tokens,batched tokens,8192,1,140.546,6614,6422,192,,ok
batched tokens 8192 - repeat 1,vLLM batched tokens,batched tokens,8192,1,141.01,6643,6452,191,,ok
batched tokens 8192 - repeat 1,vLLM batched tokens,batched tokens,8192,1,141.516,6674,6485,189,,ok
batched tokens 8192 - repeat 1,vLLM batched tokens,batched tokens,8192,1,142.038,6689,6497,192,,ok
batched tokens 8192 - repeat 1,vLLM batched tokens,batched tokens,8192,1,142.504,6722,6547,175,,ok
batched tokens 8192 - repeat 1,vLLM batched tokens,batched tokens,8192,1,143.011,6742,6550,192,,ok
batched tokens 8192 - repeat 1,vLLM batched tokens,batched tokens,8192,1,143.518,6772,6580,192,,ok
batched tokens 8192 - repeat 1,vLLM batched tokens,batched tokens,8192,1,144.026,6805,6613,192,,ok
batched tokens 8192 - repeat 1,vLLM batched tokens,batched tokens,8192,1,144.531,6817,6625,192,,ok
batched tokens 8192 - repeat 1,vLLM batched tokens,batched tokens,8192,1,145.041,6867,6676,191,,ok
batched tokens 8192 - repeat 1,vLLM batched tokens,batched tokens,8192,1,145.549,6871,6682,189,,ok
batched tokens 8192 - repeat 1,vLLM batched tokens,batched tokens,8192,1,146.007,6900,6708,192,,ok
batched tokens 8192 - repeat 1,vLLM batched tokens,batched tokens,8192,1,146.531,6933,6743,190,,ok
batched tokens 8192 - repeat 1,vLLM batched tokens,batched tokens,8192,1,147.049,6956,6779,177,,ok
batched tokens 8192 - repeat 1,vLLM batched tokens,batched tokens,8192,1,147.504,6997,6805,192,,ok
batched tokens 8192 - repeat 1,vLLM batched tokens,batched tokens,8192,1,148.011,7002,6825,177,,ok
batched tokens 8192 - repeat 1,vLLM batched tokens,batched tokens,8192,1,148.539,7028,6836,192,,ok
batched tokens 8192 - repeat 1,vLLM batched tokens,batched tokens,8192,1,149.004,7061,6876,185,,ok
batched tokens 8192 - repeat 1,vLLM batched tokens,batched tokens,8192,1,149.542,7087,6913,174,,ok
batched tokens 8192 - repeat 1,vLLM batched tokens,batched tokens,8192,1,150.0,7125,6933,192,,ok
batched tokens 8192 - repeat 1,vLLM batched tokens,batched tokens,8192,1,150.515,7145,6953,192,,ok
batched tokens 8192 - repeat 1,vLLM batched tokens,batched tokens,8192,1,151.027,7162,6970,192,,ok
batched tokens 8192 - repeat 1,vLLM batched tokens,batched tokens,8192,1,151.539,7196,7004,192,,ok
batched tokens 8192 - repeat 1,vLLM batched tokens,batched tokens,8192,1,152.049,7233,7042,191,,ok
batched tokens 8192 - repeat 1,vLLM batched tokens,batched tokens,8192,1,152.519,7253,7062,191,,ok
batched tokens 8192 - repeat 1,vLLM batched tokens,batched tokens,8192,1,153.033,7282,7091,191,,ok
batched tokens 8192 - repeat 1,vLLM batched tokens,batched tokens,8192,1,153.547,7310,7119,191,,ok
batched tokens 8192 - repeat 1,vLLM batched tokens,batched tokens,8192,1,154.019,7324,7133,191,,ok
batched tokens 8192 - repeat 1,vLLM batched tokens,batched tokens,8192,1,154.528,7361,7169,192,,ok
batched tokens 8192 - repeat 1,vLLM batched tokens,batched tokens,8192,1,155.036,7382,7190,192,,ok
batched tokens 8192 - repeat 1,vLLM batched tokens,batched tokens,8192,1,155.506,7411,7219,192,,ok
batched tokens 8192 - repeat 1,vLLM batched tokens,batched tokens,8192,1,156.042,7442,7250,192,,ok
batched tokens 8192 - repeat 1,vLLM batched tokens,batched tokens,8192,1,156.548,7457,7265,192,,ok
batched tokens 8192 - repeat 1,vLLM batched tokens,batched tokens,8192,1,157.005,7496,7315,181,,ok
batched tokens 8192 - repeat 1,vLLM batched tokens,batched tokens,8192,1,157.513,7510,7318,192,,ok
batched tokens 8192 - repeat 1,vLLM batched tokens,batched tokens,8192,1,158.021,7540,7348,192,,ok
batched tokens 8192 - repeat 1,vLLM batched tokens,batched tokens,8192,1,158.58,7573,7381,192,,ok
batched tokens 8192 - repeat 1,vLLM batched tokens,batched tokens,8192,1,159.048,7585,7395,190,,ok
batched tokens 8192 - repeat 1,vLLM batched tokens,batched tokens,8192,1,159.543,7635,7444,191,,ok
batched tokens 8192 - repeat 1,vLLM batched tokens,batched tokens,8192,1,160.017,7638,7446,192,,ok
batched tokens 8192 - repeat 1,vLLM batched tokens,batched tokens,8192,1,160.525,7668,7476,192,,ok
batched tokens 8192 - repeat 1,vLLM batched tokens,batched tokens,8192,1,161.033,7701,7509,192,,ok
batched tokens 8192 - repeat 1,vLLM batched tokens,batched tokens,8192,1,161.54,7715,7523,192,,ok
batched tokens 8192 - repeat 1,vLLM batched tokens,batched tokens,8192,1,162.05,7765,7573,192,,ok
batched tokens 8192 - repeat 1,vLLM batched tokens,batched tokens,8192,1,162.505,7770,7578,192,,ok
batched tokens 8192 - repeat 1,vLLM batched tokens,batched tokens,8192,1,163.012,7796,7604,192,,ok
batched tokens 8192 - repeat 1,vLLM batched tokens,batched tokens,8192,1,163.515,7829,7639,190,,ok
batched tokens 8192 - repeat 1,vLLM batched tokens,batched tokens,8192,1,164.025,7842,7675,167,,ok
batched tokens 8192 - repeat 1,vLLM batched tokens,batched tokens,8192,1,164.532,7893,7701,192,,ok
batched tokens 8192 - repeat 1,vLLM batched tokens,batched tokens,8192,1,165.04,7898,7727,171,,ok
batched tokens 8192 - repeat 1,vLLM batched tokens,batched tokens,8192,1,165.549,7924,7732,192,,ok
batched tokens 8192 - repeat 1,vLLM batched tokens,batched tokens,8192,1,166.004,7959,7772,187,,ok
batched tokens 8192 - repeat 1,vLLM batched tokens,batched tokens,8192,1,166.519,7995,7809,186,,ok
batched tokens 8192 - repeat 1,vLLM batched tokens,batched tokens,8192,1,167.026,8021,7830,191,,ok
batched tokens 8192 - repeat 1,vLLM batched tokens,batched tokens,8192,1,167.5,8047,7858,189,,ok
batched tokens 8192 - repeat 1,vLLM batched tokens,batched tokens,8192,1,168.019,8073,7883,190,,ok
batched tokens 8192 - repeat 1,vLLM batched tokens,batched tokens,8192,1,168.538,8092,7903,189,,ok
batched tokens 8192 - repeat 1,vLLM batched tokens,batched tokens,8192,1,169.006,8129,7938,191,,ok
batched tokens 8192 - repeat 1,vLLM batched tokens,batched tokens,8192,1,169.541,8150,7958,192,,ok
batched tokens 8192 - repeat 1,vLLM batched tokens,batched tokens,8192,1,170.001,8178,7987,191,,ok
batched tokens 8192 - repeat 1,vLLM batched tokens,batched tokens,8192,1,170.509,8186,8014,172,,ok
batched tokens 8192 - repeat 1,vLLM batched tokens,batched tokens,8192,1,171.017,8220,8032,188,,ok
batched tokens 8192 - repeat 1,vLLM batched tokens,batched tokens,8192,1,171.523,8258,8077,181,,ok
batched tokens 8192 - repeat 1,vLLM batched tokens,batched tokens,8192,1,172.035,8278,8086,192,,ok
batched tokens 8192 - repeat 1,vLLM batched tokens,batched tokens,8192,1,172.543,8307,8115,192,,ok
batched tokens 8192 - repeat 1,vLLM batched tokens,batched tokens,8192,1,173.013,8338,8149,189,,ok
batched tokens 8192 - repeat 1,vLLM batched tokens,batched tokens,8192,1,173.523,8353,8161,192,,ok
batched tokens 8192 - repeat 1,vLLM batched tokens,batched tokens,8192,1,174.034,8403,8211,192,,ok
batched tokens 8192 - repeat 1,vLLM batched tokens,batched tokens,8192,1,174.541,8406,8214,192,,ok
batched tokens 8192 - repeat 1,vLLM batched tokens,batched tokens,8192,1,175.006,8435,8244,191,,ok
batched tokens 8192 - repeat 1,vLLM batched tokens,batched tokens,8192,1,175.514,8469,8277,192,,ok
batched tokens 8192 - repeat 1,vLLM batched tokens,batched tokens,8192,1,176.02,8481,8289,192,,ok
batched tokens 8192 - repeat 1,vLLM batched tokens,batched tokens,8192,1,176.541,8531,8339,192,,ok
batched tokens 8192 - repeat 1,vLLM batched tokens,batched tokens,8192,1,177.049,8538,8346,192,,ok
batched tokens 8192 - repeat 1,vLLM batched tokens,batched tokens,8192,1,177.563,8564,8372,192,,ok
batched tokens 8192 - repeat 1,vLLM batched tokens,batched tokens,8192,1,178.02,8597,8407,190,,ok
batched tokens 8192 - repeat 1,vLLM batched tokens,batched tokens,8192,1,178.511,8611,8428,183,,ok
batched tokens 8192 - repeat 1,vLLM batched tokens,batched tokens,8192,1,179.051,8661,8469,192,,ok
batched tokens 8192 - repeat 1,vLLM batched tokens,batched tokens,8192,1,179.525,8666,8489,177,,ok
batched tokens 8192 - repeat 2,vLLM batched tokens,batched tokens,8192,2,0.001,0,0,0,,ok
batched tokens 8192 - repeat 2,vLLM batched tokens,batched tokens,8192,2,0.522,3,0,3,,ok
batched tokens 8192 - repeat 2,vLLM batched tokens,batched tokens,8192,2,1.032,6,0,6,,ok
batched tokens 8192 - repeat 2,vLLM batched tokens,batched tokens,8192,2,1.563,11,1,10,,ok
batched tokens 8192 - repeat 2,vLLM batched tokens,batched tokens,8192,2,2.025,15,5,10,,ok
batched tokens 8192 - repeat 2,vLLM batched tokens,batched tokens,8192,2,2.514,24,9,15,,ok
batched tokens 8192 - repeat 2,vLLM batched tokens,batched tokens,8192,2,3.02,30,11,19,,ok
batched tokens 8192 - repeat 2,vLLM batched tokens,batched tokens,8192,2,3.525,42,20,22,,ok
batched tokens 8192 - repeat 2,vLLM batched tokens,batched tokens,8192,2,4.03,50,25,25,,ok
batched tokens 8192 - repeat 2,vLLM batched tokens,batched tokens,8192,2,4.526,60,32,28,,ok
batched tokens 8192 - repeat 2,vLLM batched tokens,batched tokens,8192,2,5.048,76,44,32,,ok
batched tokens 8192 - repeat 2,vLLM batched tokens,batched tokens,8192,2,5.503,84,50,34,,ok
batched tokens 8192 - repeat 2,vLLM batched tokens,batched tokens,8192,2,6.016,97,60,37,,ok
batched tokens 8192 - repeat 2,vLLM batched tokens,batched tokens,8192,2,6.525,113,74,39,,ok
batched tokens 8192 - repeat 2,vLLM batched tokens,batched tokens,8192,2,7.032,126,81,45,,ok
batched tokens 8192 - repeat 2,vLLM batched tokens,batched tokens,8192,2,7.538,136,90,46,,ok
batched tokens 8192 - repeat 2,vLLM batched tokens,batched tokens,8192,2,8.024,150,99,51,,ok
batched tokens 8192 - repeat 2,vLLM batched tokens,batched tokens,8192,2,8.532,166,112,54,,ok
batched tokens 8192 - repeat 2,vLLM batched tokens,batched tokens,8192,2,9.007,169,112,57,,ok
batched tokens 8192 - repeat 2,vLLM batched tokens,batched tokens,8192,2,9.516,178,121,57,,ok
batched tokens 8192 - repeat 2,vLLM batched tokens,batched tokens,8192,2,10.055,185,121,64,,ok
batched tokens 8192 - repeat 2,vLLM batched tokens,batched tokens,8192,2,10.508,200,134,66,,ok
batched tokens 8192 - repeat 2,vLLM batched tokens,batched tokens,8192,2,11.019,207,138,69,,ok
batched tokens 8192 - repeat 2,vLLM batched tokens,batched tokens,8192,2,11.526,242,169,73,,ok
batched tokens 8192 - repeat 2,vLLM batched tokens,batched tokens,8192,2,12.042,246,169,77,,ok
batched tokens 8192 - repeat 2,vLLM batched tokens,batched tokens,8192,2,12.504,249,169,80,,ok
batched tokens 8192 - repeat 2,vLLM batched tokens,batched tokens,8192,2,13.01,264,184,80,,ok
batched tokens 8192 - repeat 2,vLLM batched tokens,batched tokens,8192,2,13.522,285,200,85,,ok
batched tokens 8192 - repeat 2,vLLM batched tokens,batched tokens,8192,2,14.042,290,200,90,,ok
batched tokens 8192 - repeat 2,vLLM batched tokens,batched tokens,8192,2,14.51,299,206,93,,ok
batched tokens 8192 - repeat 2,vLLM batched tokens,batched tokens,8192,2,15.041,344,248,96,,ok
batched tokens 8192 - repeat 2,vLLM batched tokens,batched tokens,8192,2,15.502,347,248,99,,ok
batched tokens 8192 - repeat 2,vLLM batched tokens,batched tokens,8192,2,16.04,350,257,93,,ok
batched tokens 8192 - repeat 2,vLLM batched tokens,batched tokens,8192,2,16.548,372,266,106,,ok
batched tokens 8192 - repeat 2,vLLM batched tokens,batched tokens,8192,2,17.005,376,268,108,,ok
batched tokens 8192 - repeat 2,vLLM batched tokens,batched tokens,8192,2,17.513,402,290,112,,ok
batched tokens 8192 - repeat 2,vLLM batched tokens,batched tokens,8192,2,18.022,405,290,115,,ok
batched tokens 8192 - repeat 2,vLLM batched tokens,batched tokens,8192,2,18.529,417,299,118,,ok
batched tokens 8192 - repeat 2,vLLM batched tokens,batched tokens,8192,2,19.038,421,300,121,,ok
batched tokens 8192 - repeat 2,vLLM batched tokens,batched tokens,8192,2,19.538,472,347,125,,ok
batched tokens 8192 - repeat 2,vLLM batched tokens,batched tokens,8192,2,20.03,475,347,128,,ok
batched tokens 8192 - repeat 2,vLLM batched tokens,batched tokens,8192,2,20.515,478,347,131,,ok
batched tokens 8192 - repeat 2,vLLM batched tokens,batched tokens,8192,2,21.027,506,372,134,,ok
batched tokens 8192 - repeat 2,vLLM batched tokens,batched tokens,8192,2,21.509,512,376,136,,ok
batched tokens 8192 - repeat 2,vLLM batched tokens,batched tokens,8192,2,22.004,543,403,140,,ok
batched tokens 8192 - repeat 2,vLLM batched tokens,batched tokens,8192,2,22.523,547,403,144,,ok
batched tokens 8192 - repeat 2,vLLM batched tokens,batched tokens,8192,2,23.031,551,404,147,,ok
batched tokens 8192 - repeat 2,vLLM batched tokens,batched tokens,8192,2,23.539,569,420,149,,ok
batched tokens 8192 - repeat 2,vLLM batched tokens,batched tokens,8192,2,24.023,626,473,153,,ok
batched tokens 8192 - repeat 2,vLLM batched tokens,batched tokens,8192,2,24.531,630,475,155,,ok
batched tokens 8192 - repeat 2,vLLM batched tokens,batched tokens,8192,2,25.049,636,476,160,,ok
batched tokens 8192 - repeat 2,vLLM batched tokens,batched tokens,8192,2,25.525,646,498,148,,ok
batched tokens 8192 - repeat 2,vLLM batched tokens,batched tokens,8192,2,26.05,673,512,161,,ok
batched tokens 8192 - repeat 2,vLLM batched tokens,batched tokens,8192,2,26.534,701,534,167,,ok
batched tokens 8192 - repeat 2,vLLM batched tokens,batched tokens,8192,2,27.006,720,547,173,,ok
batched tokens 8192 - repeat 2,vLLM batched tokens,batched tokens,8192,2,27.517,737,561,176,,ok
batched tokens 8192 - repeat 2,vLLM batched tokens,batched tokens,8192,2,28.049,776,604,172,,ok
batched tokens 8192 - repeat 2,vLLM batched tokens,batched tokens,8192,2,28.505,790,611,179,,ok
batched tokens 8192 - repeat 2,vLLM batched tokens,batched tokens,8192,2,29.012,817,635,182,,ok
batched tokens 8192 - repeat 2,vLLM batched tokens,batched tokens,8192,2,29.553,847,660,187,,ok
batched tokens 8192 - repeat 2,vLLM batched tokens,batched tokens,8192,2,30.018,867,675,192,,ok
batched tokens 8192 - repeat 2,vLLM batched tokens,batched tokens,8192,2,30.504,892,710,182,,ok
batched tokens 8192 - repeat 2,vLLM batched tokens,batched tokens,8192,2,31.014,928,736,192,,ok
batched tokens 8192 - repeat 2,vLLM batched tokens,batched tokens,8192,2,31.544,954,762,192,,ok
batched tokens 8192 - repeat 2,vLLM batched tokens,batched tokens,8192,2,32.046,980,788,192,,ok
batched tokens 8192 - repeat 2,vLLM batched tokens,batched tokens,8192,2,32.511,995,803,192,,ok
batched tokens 8192 - repeat 2,vLLM batched tokens,batched tokens,8192,2,33.023,1020,838,182,,ok
batched tokens 8192 - repeat 2,vLLM batched tokens,batched tokens,8192,2,33.551,1056,864,192,,ok
batched tokens 8192 - repeat 2,vLLM batched tokens,batched tokens,8192,2,34.011,1079,888,191,,ok
batched tokens 8192 - repeat 2,vLLM batched tokens,batched tokens,8192,2,34.515,1107,915,192,,ok
batched tokens 8192 - repeat 2,vLLM batched tokens,batched tokens,8192,2,35.022,1123,931,192,,ok
batched tokens 8192 - repeat 2,vLLM batched tokens,batched tokens,8192,2,35.543,1146,956,190,,ok
batched tokens 8192 - repeat 2,vLLM batched tokens,batched tokens,8192,2,36.001,1182,992,190,,ok
batched tokens 8192 - repeat 2,vLLM batched tokens,batched tokens,8192,2,36.528,1207,1016,191,,ok
batched tokens 8192 - repeat 2,vLLM batched tokens,batched tokens,8192,2,37.004,1229,1043,186,,ok
batched tokens 8192 - repeat 2,vLLM batched tokens,batched tokens,8192,2,37.526,1250,1059,191,,ok
batched tokens 8192 - repeat 2,vLLM batched tokens,batched tokens,8192,2,38.047,1270,1082,188,,ok
batched tokens 8192 - repeat 2,vLLM batched tokens,batched tokens,8192,2,38.515,1309,1119,190,,ok
batched tokens 8192 - repeat 2,vLLM batched tokens,batched tokens,8192,2,39.021,1334,1143,191,,ok
batched tokens 8192 - repeat 2,vLLM batched tokens,batched tokens,8192,2,39.534,1347,1171,176,,ok
batched tokens 8192 - repeat 2,vLLM batched tokens,batched tokens,8192,2,40.041,1374,1186,188,,ok
batched tokens 8192 - repeat 2,vLLM batched tokens,batched tokens,8192,2,40.528,1386,1194,192,,ok
batched tokens 8192 - repeat 2,vLLM batched tokens,batched tokens,8192,2,41.031,1436,1244,192,,ok
batched tokens 8192 - repeat 2,vLLM batched tokens,batched tokens,8192,2,41.58,1460,1269,191,,ok
batched tokens 8192 - repeat 2,vLLM batched tokens,batched tokens,8192,2,42.023,1475,1293,182,,ok
batched tokens 8192 - repeat 2,vLLM batched tokens,batched tokens,8192,2,42.545,1506,1314,192,,ok
batched tokens 8192 - repeat 2,vLLM batched tokens,batched tokens,8192,2,43.022,1514,1322,192,,ok
batched tokens 8192 - repeat 2,vLLM batched tokens,batched tokens,8192,2,43.542,1564,1373,191,,ok
batched tokens 8192 - repeat 2,vLLM batched tokens,batched tokens,8192,2,44.008,1588,1396,192,,ok
batched tokens 8192 - repeat 2,vLLM batched tokens,batched tokens,8192,2,44.565,1600,1421,179,,ok
batched tokens 8192 - repeat 2,vLLM batched tokens,batched tokens,8192,2,45.024,1629,1442,187,,ok
batched tokens 8192 - repeat 2,vLLM batched tokens,batched tokens,8192,2,45.552,1638,1450,188,,ok
batched tokens 8192 - repeat 2,vLLM batched tokens,batched tokens,8192,2,46.011,1692,1500,192,,ok
batched tokens 8192 - repeat 2,vLLM batched tokens,batched tokens,8192,2,46.517,1716,1524,192,,ok
batched tokens 8192 - repeat 2,vLLM batched tokens,batched tokens,8192,2,47.024,1730,1539,191,,ok
batched tokens 8192 - repeat 2,vLLM batched tokens,batched tokens,8192,2,47.533,1748,1556,192,,ok
batched tokens 8192 - repeat 2,vLLM batched tokens,batched tokens,8192,2,48.043,1764,1574,190,,ok
batched tokens 8192 - repeat 2,vLLM batched tokens,batched tokens,8192,2,48.506,1820,1628,192,,ok
batched tokens 8192 - repeat 2,vLLM batched tokens,batched tokens,8192,2,49.014,1842,1652,190,,ok
batched tokens 8192 - repeat 2,vLLM batched tokens,batched tokens,8192,2,49.526,1856,1666,190,,ok
batched tokens 8192 - repeat 2,vLLM batched tokens,batched tokens,8192,2,50.04,1881,1691,190,,ok
batched tokens 8192 - repeat 2,vLLM batched tokens,batched tokens,8192,2,50.581,1892,1700,192,,ok
batched tokens 8192 - repeat 2,vLLM batched tokens,batched tokens,8192,2,51.045,1941,1756,185,,ok
batched tokens 8192 - repeat 2,vLLM batched tokens,batched tokens,8192,2,51.517,1955,1763,192,,ok
batched tokens 8192 - repeat 2,vLLM batched tokens,batched tokens,8192,2,52.003,1980,1792,188,,ok
batched tokens 8192 - repeat 2,vLLM batched tokens,batched tokens,8192,2,52.52,2006,1814,192,,ok
batched tokens 8192 - repeat 2,vLLM batched tokens,batched tokens,8192,2,53.032,2020,1828,192,,ok
batched tokens 8192 - repeat 2,vLLM batched tokens,batched tokens,8192,2,53.542,2069,1884,185,,ok
batched tokens 8192 - repeat 2,vLLM batched tokens,batched tokens,8192,2,54.025,2083,1906,177,,ok
batched tokens 8192 - repeat 2,vLLM batched tokens,batched tokens,8192,2,54.532,2107,1920,187,,ok
batched tokens 8192 - repeat 2,vLLM batched tokens,batched tokens,8192,2,55.04,2132,1942,190,,ok
batched tokens 8192 - repeat 2,vLLM batched tokens,batched tokens,8192,2,55.519,2147,1956,191,,ok
batched tokens 8192 - repeat 2,vLLM batched tokens,batched tokens,8192,2,56.007,2180,2005,175,,ok
batched tokens 8192 - repeat 2,vLLM batched tokens,batched tokens,8192,2,56.514,2208,2019,189,,ok
batched tokens 8192 - repeat 2,vLLM batched tokens,batched tokens,8192,2,57.07,2234,2044,190,,ok
batched tokens 8192 - repeat 2,vLLM batched tokens,batched tokens,8192,2,57.527,2260,2068,192,,ok
batched tokens 8192 - repeat 2,vLLM batched tokens,batched tokens,8192,2,58.035,2275,2084,191,,ok
batched tokens 8192 - repeat 2,vLLM batched tokens,batched tokens,8192,2,58.547,2310,2133,177,,ok
batched tokens 8192 - repeat 2,vLLM batched tokens,batched tokens,8192,2,59.002,2336,2144,192,,ok
batched tokens 8192 - repeat 2,vLLM batched tokens,batched tokens,8192,2,59.543,2362,2170,192,,ok
batched tokens 8192 - repeat 2,vLLM batched tokens,batched tokens,8192,2,60.046,2387,2196,191,,ok
batched tokens 8192 - repeat 2,vLLM batched tokens,batched tokens,8192,2,60.525,2402,2211,191,,ok
batched tokens 8192 - repeat 2,vLLM batched tokens,batched tokens,8192,2,61.034,2419,2246,173,,ok
batched tokens 8192 - repeat 2,vLLM batched tokens,batched tokens,8192,2,61.642,2463,2272,191,,ok
batched tokens 8192 - repeat 2,vLLM batched tokens,batched tokens,8192,2,62.025,2487,2295,192,,ok
batched tokens 8192 - repeat 2,vLLM batched tokens,batched tokens,8192,2,62.502,2515,2323,192,,ok
batched tokens 8192 - repeat 2,vLLM batched tokens,batched tokens,8192,2,63.035,2531,2339,192,,ok
batched tokens 8192 - repeat 2,vLLM batched tokens,batched tokens,8192,2,63.546,2555,2364,191,,ok
batched tokens 8192 - repeat 2,vLLM batched tokens,batched tokens,8192,2,64.004,2591,2400,191,,ok
batched tokens 8192 - repeat 2,vLLM batched tokens,batched tokens,8192,2,64.513,2615,2423,192,,ok
batched tokens 8192 - repeat 2,vLLM batched tokens,batched tokens,8192,2,65.008,2640,2451,189,,ok
batched tokens 8192 - repeat 2,vLLM batched tokens,batched tokens,8192,2,65.552,2658,2467,191,,ok
batched tokens 8192 - repeat 2,vLLM batched tokens,batched tokens,8192,2,66.009,2673,2490,183,,ok
batched tokens 8192 - repeat 2,vLLM batched tokens,batched tokens,8192,2,66.517,2718,2527,191,,ok
batched tokens 8192 - repeat 2,vLLM batched tokens,batched tokens,8192,2,67.011,2742,2551,191,,ok
batched tokens 8192 - repeat 2,vLLM batched tokens,batched tokens,8192,2,67.517,2765,2579,186,,ok
batched tokens 8192 - repeat 2,vLLM batched tokens,batched tokens,8192,2,68.024,2786,2594,192,,ok
batched tokens 8192 - repeat 2,vLLM batched tokens,batched tokens,8192,2,68.532,2801,2618,183,,ok
batched tokens 8192 - repeat 2,vLLM batched tokens,batched tokens,8192,2,69.047,2845,2655,190,,ok
batched tokens 8192 - repeat 2,vLLM batched tokens,batched tokens,8192,2,69.503,2866,2678,188,,ok
batched tokens 8192 - repeat 2,vLLM batched tokens,batched tokens,8192,2,70.008,2883,2701,182,,ok
batched tokens 8192 - repeat 2,vLLM batched tokens,batched tokens,8192,2,70.505,2914,2722,192,,ok
batched tokens 8192 - repeat 2,vLLM batched tokens,batched tokens,8192,2,71.007,2922,2737,185,,ok
batched tokens 8192 - repeat 2,vLLM batched tokens,batched tokens,8192,2,71.837,2972,2786,186,,ok
batched tokens 8192 - repeat 2,vLLM batched tokens,batched tokens,8192,2,72.001,2996,2804,192,,ok
batched tokens 8192 - repeat 2,vLLM batched tokens,batched tokens,8192,2,72.596,3010,2829,181,,ok
batched tokens 8192 - repeat 2,vLLM batched tokens,batched tokens,8192,2,73.007,3037,2845,192,,ok
batched tokens 8192 - repeat 2,vLLM batched tokens,batched tokens,8192,2,73.507,3046,2854,192,,ok
batched tokens 8192 - repeat 2,vLLM batched tokens,batched tokens,8192,2,74.017,3100,2908,192,,ok
batched tokens 8192 - repeat 2,vLLM batched tokens,batched tokens,8192,2,74.605,3124,2932,192,,ok
batched tokens 8192 - repeat 2,vLLM batched tokens,batched tokens,8192,2,75.011,3138,2947,191,,ok
batched tokens 8192 - repeat 2,vLLM batched tokens,batched tokens,8192,2,75.518,3164,2973,191,,ok
batched tokens 8192 - repeat 2,vLLM batched tokens,batched tokens,8192,2,76.014,3172,2982,190,,ok
batched tokens 8192 - repeat 2,vLLM batched tokens,batched tokens,8192,2,76.523,3228,3036,192,,ok
batched tokens 8192 - repeat 2,vLLM batched tokens,batched tokens,8192,2,77.031,3252,3060,192,,ok
batched tokens 8192 - repeat 2,vLLM batched tokens,batched tokens,8192,2,77.504,3264,3074,190,,ok
batched tokens 8192 - repeat 2,vLLM batched tokens,batched tokens,8192,2,78.011,3288,3099,189,,ok
batched tokens 8192 - repeat 2,vLLM batched tokens,batched tokens,8192,2,78.538,3300,3110,190,,ok
batched tokens 8192 - repeat 2,vLLM batched tokens,batched tokens,8192,2,79.049,3356,3164,192,,ok
batched tokens 8192 - repeat 2,vLLM batched tokens,batched tokens,8192,2,79.582,3363,3188,175,,ok
batched tokens 8192 - repeat 2,vLLM batched tokens,batched tokens,8192,2,80.042,3392,3202,190,,ok
batched tokens 8192 - repeat 2,vLLM batched tokens,batched tokens,8192,2,80.558,3414,3227,187,,ok
batched tokens 8192 - repeat 2,vLLM batched tokens,batched tokens,8192,2,81.028,3428,3236,192,,ok
batched tokens 8192 - repeat 2,vLLM batched tokens,batched tokens,8192,2,81.568,3452,3292,160,,ok
batched tokens 8192 - repeat 2,vLLM batched tokens,batched tokens,8192,2,82.031,3491,3314,177,,ok
batched tokens 8192 - repeat 2,vLLM batched tokens,batched tokens,8192,2,82.565,3514,3328,186,,ok
batched tokens 8192 - repeat 2,vLLM batched tokens,batched tokens,8192,2,83.03,3540,3350,190,,ok
batched tokens 8192 - repeat 2,vLLM batched tokens,batched tokens,8192,2,83.566,3555,3364,191,,ok
batched tokens 8192 - repeat 2,vLLM batched tokens,batched tokens,8192,2,84.025,3590,3398,192,,ok
batched tokens 8192 - repeat 2,vLLM batched tokens,batched tokens,8192,2,84.511,3616,3425,191,,ok
batched tokens 8192 - repeat 2,vLLM batched tokens,batched tokens,8192,2,85.017,3642,3451,191,,ok
batched tokens 8192 - repeat 2,vLLM batched tokens,batched tokens,8192,2,85.568,3668,3476,192,,ok
batched tokens 8192 - repeat 2,vLLM batched tokens,batched tokens,8192,2,86.025,3683,3492,191,,ok
batched tokens 8192 - repeat 2,vLLM batched tokens,batched tokens,8192,2,86.542,3708,3541,167,,ok
batched tokens 8192 - repeat 2,vLLM batched tokens,batched tokens,8192,2,87.05,3744,3555,189,,ok
batched tokens 8192 - repeat 2,vLLM batched tokens,batched tokens,8192,2,87.505,3768,3578,190,,ok
batched tokens 8192 - repeat 2,vLLM batched tokens,batched tokens,8192,2,88.012,3796,3604,192,,ok
batched tokens 8192 - repeat 2,vLLM batched tokens,batched tokens,8192,2,88.519,3811,3619,192,,ok
batched tokens 8192 - repeat 2,vLLM batched tokens,batched tokens,8192,2,89.029,3836,3654,182,,ok
batched tokens 8192 - repeat 2,vLLM batched tokens,batched tokens,8192,2,89.504,3872,3680,192,,ok
batched tokens 8192 - repeat 2,vLLM batched tokens,batched tokens,8192,2,90.011,3896,3706,190,,ok
batched tokens 8192 - repeat 2,vLLM batched tokens,batched tokens,8192,2,90.501,3923,3732,191,,ok
batched tokens 8192 - repeat 2,vLLM batched tokens,batched tokens,8192,2,91.015,3939,3747,192,,ok
batched tokens 8192 - repeat 2,vLLM batched tokens,batched tokens,8192,2,91.535,3964,3778,186,,ok
batched tokens 8192 - repeat 2,vLLM batched tokens,batched tokens,8192,2,92.007,3999,3808,191,,ok
batched tokens 8192 - repeat 2,vLLM batched tokens,batched tokens,8192,2,92.547,4024,3834,190,,ok
batched tokens 8192 - repeat 2,vLLM batched tokens,batched tokens,8192,2,93.004,4045,3859,186,,ok
batched tokens 8192 - repeat 2,vLLM batched tokens,batched tokens,8192,2,93.537,4066,3875,191,,ok
batched tokens 8192 - repeat 2,vLLM batched tokens,batched tokens,8192,2,94.045,4081,3900,181,,ok
batched tokens 8192 - repeat 2,vLLM batched tokens,batched tokens,8192,2,94.501,4126,3934,192,,ok
batched tokens 8192 - repeat 2,vLLM batched tokens,batched tokens,8192,2,95.03,4150,3958,192,,ok
batched tokens 8192 - repeat 2,vLLM batched tokens,batched tokens,8192,2,95.508,4173,3987,186,,ok
batched tokens 8192 - repeat 2,vLLM batched tokens,batched tokens,8192,2,96.014,4194,4002,192,,ok
batched tokens 8192 - repeat 2,vLLM batched tokens,batched tokens,8192,2,96.521,4209,4026,183,,ok
batched tokens 8192 - repeat 2,vLLM batched tokens,batched tokens,8192,2,97.027,4253,4063,190,,ok
batched tokens 8192 - repeat 2,vLLM batched tokens,batched tokens,8192,2,97.534,4278,4087,191,,ok
batched tokens 8192 - repeat 2,vLLM batched tokens,batched tokens,8192,2,98.042,4301,4115,186,,ok
batched tokens 8192 - repeat 2,vLLM batched tokens,batched tokens,8192,2,98.605,4322,4131,191,,ok
batched tokens 8192 - repeat 2,vLLM batched tokens,batched tokens,8192,2,99.012,4330,4145,185,,ok
batched tokens 8192 - repeat 2,vLLM batched tokens,batched tokens,8192,2,99.862,4380,4195,185,,ok
batched tokens 8192 - repeat 2,vLLM batched tokens,batched tokens,8192,2,100.035,4404,4214,190,,ok
batched tokens 8192 - repeat 2,vLLM batched tokens,batched tokens,8192,2,100.574,4419,4243,176,,ok
batched tokens 8192 - repeat 2,vLLM batched tokens,batched tokens,8192,2,101.04,4450,4258,192,,ok
batched tokens 8192 - repeat 2,vLLM batched tokens,batched tokens,8192,2,101.522,4452,4266,186,,ok
batched tokens 8192 - repeat 2,vLLM batched tokens,batched tokens,8192,2,102.042,4508,4316,192,,ok
batched tokens 8192 - repeat 2,vLLM batched tokens,batched tokens,8192,2,102.562,4532,4342,190,,ok
batched tokens 8192 - repeat 2,vLLM batched tokens,batched tokens,8192,2,103.019,4546,4355,191,,ok
batched tokens 8192 - repeat 2,vLLM batched tokens,batched tokens,8192,2,103.534,4573,4386,187,,ok
batched tokens 8192 - repeat 2,vLLM batched tokens,batched tokens,8192,2,104.018,4580,4390,190,,ok
batched tokens 8192 - repeat 2,vLLM batched tokens,batched tokens,8192,2,104.527,4636,4444,192,,ok
batched tokens 8192 - repeat 2,vLLM batched tokens,batched tokens,8192,2,105.058,4658,4468,190,,ok
batched tokens 8192 - repeat 2,vLLM batched tokens,batched tokens,8192,2,105.514,4672,4480,192,,ok
batched tokens 8192 - repeat 2,vLLM batched tokens,batched tokens,8192,2,106.019,4694,4507,187,,ok
batched tokens 8192 - repeat 2,vLLM batched tokens,batched tokens,8192,2,106.504,4708,4516,192,,ok
batched tokens 8192 - repeat 2,vLLM batched tokens,batched tokens,8192,2,107.011,4764,4572,192,,ok
batched tokens 8192 - repeat 2,vLLM batched tokens,batched tokens,8192,2,107.518,4786,4594,192,,ok
batched tokens 8192 - repeat 2,vLLM batched tokens,batched tokens,8192,2,108.006,4795,4608,187,,ok
batched tokens 8192 - repeat 2,vLLM batched tokens,batched tokens,8192,2,108.513,4822,4630,192,,ok
batched tokens 8192 - repeat 2,vLLM batched tokens,batched tokens,8192,2,109.05,4836,4644,192,,ok
batched tokens 8192 - repeat 2,vLLM batched tokens,batched tokens,8192,2,109.522,4885,4700,185,,ok
batched tokens 8192 - repeat 2,vLLM batched tokens,batched tokens,8192,2,110.016,4899,4716,183,,ok
batched tokens 8192 - repeat 2,vLLM batched tokens,batched tokens,8192,2,110.542,4923,4736,187,,ok
batched tokens 8192 - repeat 2,vLLM batched tokens,batched tokens,8192,2,111.002,4948,4756,192,,ok
batched tokens 8192 - repeat 2,vLLM batched tokens,batched tokens,8192,2,111.504,4963,4772,191,,ok
batched tokens 8192 - repeat 2,vLLM batched tokens,batched tokens,8192,2,112.024,4998,4821,177,,ok
batched tokens 8192 - repeat 2,vLLM batched tokens,batched tokens,8192,2,112.54,5024,4835,189,,ok
batched tokens 8192 - repeat 2,vLLM batched tokens,batched tokens,8192,2,113.049,5050,4860,190,,ok
batched tokens 8192 - repeat 2,vLLM batched tokens,batched tokens,8192,2,113.506,5076,4884,192,,ok
batched tokens 8192 - repeat 2,vLLM batched tokens,batched tokens,8192,2,114.036,5091,4900,191,,ok
batched tokens 8192 - repeat 2,vLLM batched tokens,batched tokens,8192,2,114.544,5126,4949,177,,ok
batched tokens 8192 - repeat 2,vLLM batched tokens,batched tokens,8192,2,115.027,5151,4960,191,,ok
batched tokens 8192 - repeat 2,vLLM batched tokens,batched tokens,8192,2,115.537,5175,4986,189,,ok
batched tokens 8192 - repeat 2,vLLM batched tokens,batched tokens,8192,2,116.07,5203,5012,191,,ok
batched tokens 8192 - repeat 2,vLLM batched tokens,batched tokens,8192,2,116.548,5219,5027,192,,ok
batched tokens 8192 - repeat 2,vLLM batched tokens,batched tokens,8192,2,117.054,5242,5052,190,,ok
batched tokens 8192 - repeat 2,vLLM batched tokens,batched tokens,8192,2,117.509,5280,5088,192,,ok
batched tokens 8192 - repeat 2,vLLM batched tokens,batched tokens,8192,2,118.0,5302,5112,190,,ok
batched tokens 8192 - repeat 2,vLLM batched tokens,batched tokens,8192,2,118.508,5331,5139,192,,ok
batched tokens 8192 - repeat 2,vLLM batched tokens,batched tokens,8192,2,119.025,5347,5155,192,,ok
batched tokens 8192 - repeat 2,vLLM batched tokens,batched tokens,8192,2,119.602,5370,5190,180,,ok
batched tokens 8192 - repeat 2,vLLM batched tokens,batched tokens,8192,2,120.02,5407,5216,191,,ok
batched tokens 8192 - repeat 2,vLLM batched tokens,batched tokens,8192,2,120.52,5430,5239,191,,ok
batched tokens 8192 - repeat 2,vLLM batched tokens,batched tokens,8192,2,121.052,5459,5267,192,,ok
batched tokens 8192 - repeat 2,vLLM batched tokens,batched tokens,8192,2,121.799,5474,5284,190,,ok
batched tokens 8192 - repeat 2,vLLM batched tokens,batched tokens,8192,2,122.013,5489,5306,183,,ok
batched tokens 8192 - repeat 2,vLLM batched tokens,batched tokens,8192,2,122.596,5533,5344,189,,ok
batched tokens 8192 - repeat 2,vLLM batched tokens,batched tokens,8192,2,123.015,5558,5366,192,,ok
batched tokens 8192 - repeat 2,vLLM batched tokens,batched tokens,8192,2,123.536,5581,5395,186,,ok
batched tokens 8192 - repeat 2,vLLM batched tokens,batched tokens,8192,2,124.043,5602,5410,192,,ok
batched tokens 8192 - repeat 2,vLLM batched tokens,batched tokens,8192,2,124.57,5617,5434,183,,ok
batched tokens 8192 - repeat 2,vLLM batched tokens,batched tokens,8192,2,125.028,5660,5469,191,,ok
batched tokens 8192 - repeat 2,vLLM batched tokens,batched tokens,8192,2,125.514,5684,5494,190,,ok
batched tokens 8192 - repeat 2,vLLM batched tokens,batched tokens,8192,2,126.021,5698,5507,191,,ok
batched tokens 8192 - repeat 2,vLLM batched tokens,batched tokens,8192,2,126.643,5725,5539,186,,ok
batched tokens 8192 - repeat 2,vLLM batched tokens,batched tokens,8192,2,127.002,5734,5542,192,,ok
batched tokens 8192 - repeat 2,vLLM batched tokens,batched tokens,8192,2,127.509,5788,5596,192,,ok
batched tokens 8192 - repeat 2,vLLM batched tokens,batched tokens,8192,2,128.03,5812,5620,192,,ok
batched tokens 8192 - repeat 2,vLLM batched tokens,batched tokens,8192,2,128.539,5827,5635,192,,ok
batched tokens 8192 - repeat 2,vLLM batched tokens,batched tokens,8192,2,129.031,5853,5666,187,,ok
batched tokens 8192 - repeat 2,vLLM batched tokens,batched tokens,8192,2,129.515,5860,5670,190,,ok
batched tokens 8192 - repeat 2,vLLM batched tokens,batched tokens,8192,2,130.051,5916,5724,192,,ok
batched tokens 8192 - repeat 2,vLLM batched tokens,batched tokens,8192,2,130.509,5940,5748,192,,ok
batched tokens 8192 - repeat 2,vLLM batched tokens,batched tokens,8192,2,131.003,5952,5762,190,,ok
batched tokens 8192 - repeat 2,vLLM batched tokens,batched tokens,8192,2,131.603,5974,5794,180,,ok
batched tokens 8192 - repeat 2,vLLM batched tokens,batched tokens,8192,2,132.005,5988,5797,191,,ok
batched tokens 8192 - repeat 2,vLLM batched tokens,batched tokens,8192,2,132.563,6044,5852,192,,ok
batched tokens 8192 - repeat 2,vLLM batched tokens,batched tokens,8192,2,133.046,6068,5876,192,,ok
batched tokens 8192 - repeat 2,vLLM batched tokens,batched tokens,8192,2,133.511,6080,5890,190,,ok
batched tokens 8192 - repeat 2,vLLM batched tokens,batched tokens,8192,2,134.017,6100,5915,185,,ok
batched tokens 8192 - repeat 2,vLLM batched tokens,batched tokens,8192,2,134.532,6116,5924,192,,ok
batched tokens 8192 - repeat 2,vLLM batched tokens,batched tokens,8192,2,135.042,6172,5980,192,,ok
batched tokens 8192 - repeat 2,vLLM batched tokens,batched tokens,8192,2,135.58,6194,6004,190,,ok
batched tokens 8192 - repeat 2,vLLM batched tokens,batched tokens,8192,2,136.036,6204,6016,188,,ok
batched tokens 8192 - repeat 2,vLLM batched tokens,batched tokens,8192,2,136.532,6228,6038,190,,ok
batched tokens 8192 - repeat 2,vLLM batched tokens,batched tokens,8192,2,137.038,6243,6052,191,,ok
batched tokens 8192 - repeat 2,vLLM batched tokens,batched tokens,8192,2,137.566,6278,6108,170,,ok
batched tokens 8192 - repeat 2,vLLM batched tokens,batched tokens,8192,2,138.02,6305,6113,192,,ok
batched tokens 8192 - repeat 2,vLLM batched tokens,batched tokens,8192,2,138.527,6330,6139,191,,ok
batched tokens 8192 - repeat 2,vLLM batched tokens,batched tokens,8192,2,139.037,6356,6164,192,,ok
batched tokens 8192 - repeat 2,vLLM batched tokens,batched tokens,8192,2,139.56,6371,6180,191,,ok
batched tokens 8192 - repeat 2,vLLM batched tokens,batched tokens,8192,2,140.014,6406,6229,177,,ok
batched tokens 8192 - repeat 2,vLLM batched tokens,batched tokens,8192,2,140.558,6432,6243,189,,ok
batched tokens 8192 - repeat 2,vLLM batched tokens,batched tokens,8192,2,141.033,6458,6267,191,,ok
batched tokens 8192 - repeat 2,vLLM batched tokens,batched tokens,8192,2,141.509,6484,6292,192,,ok
batched tokens 8192 - repeat 2,vLLM batched tokens,batched tokens,8192,2,142.05,6499,6308,191,,ok
batched tokens 8192 - repeat 2,vLLM batched tokens,batched tokens,8192,2,142.51,6524,6342,182,,ok
batched tokens 8192 - repeat 2,vLLM batched tokens,batched tokens,8192,2,143.017,6560,6368,192,,ok
batched tokens 8192 - repeat 2,vLLM batched tokens,batched tokens,8192,2,143.604,6584,6396,188,,ok
batched tokens 8192 - repeat 2,vLLM batched tokens,batched tokens,8192,2,144.011,6611,6420,191,,ok
batched tokens 8192 - repeat 2,vLLM batched tokens,batched tokens,8192,2,144.542,6627,6435,192,,ok
batched tokens 8192 - repeat 2,vLLM batched tokens,batched tokens,8192,2,145.024,6651,6470,181,,ok
batched tokens 8192 - repeat 2,vLLM batched tokens,batched tokens,8192,2,145.531,6688,6496,192,,ok
batched tokens 8192 - repeat 2,vLLM batched tokens,batched tokens,8192,2,146.057,6712,6522,190,,ok
batched tokens 8192 - repeat 2,vLLM batched tokens,batched tokens,8192,2,146.516,6739,6547,192,,ok
batched tokens 8192 - repeat 2,vLLM batched tokens,batched tokens,8192,2,147.024,6754,6563,191,,ok
batched tokens 8192 - repeat 2,vLLM batched tokens,batched tokens,8192,2,147.529,6769,6588,181,,ok
batched tokens 8192 - repeat 2,vLLM batched tokens,batched tokens,8192,2,148.071,6813,6624,189,,ok
batched tokens 8192 - repeat 2,vLLM batched tokens,batched tokens,8192,2,148.557,6838,6648,190,,ok
batched tokens 8192 - repeat 2,vLLM batched tokens,batched tokens,8192,2,149.008,6867,6675,192,,ok
batched tokens 8192 - repeat 2,vLLM batched tokens,batched tokens,8192,2,149.527,6882,6690,192,,ok
batched tokens 8192 - repeat 2,vLLM batched tokens,batched tokens,8192,2,150.05,6897,6714,183,,ok
batched tokens 8192 - repeat 2,vLLM batched tokens,batched tokens,8192,2,150.523,6941,6751,190,,ok
batched tokens 8192 - repeat 2,vLLM batched tokens,batched tokens,8192,2,151.051,6966,6776,190,,ok
batched tokens 8192 - repeat 2,vLLM batched tokens,batched tokens,8192,2,151.785,6968,6784,184,,ok
batched tokens 8192 - repeat 2,vLLM batched tokens,batched tokens,8192,2,152.081,6976,6819,157,,ok
batched tokens 8192 - repeat 2,vLLM batched tokens,batched tokens,8192,2,152.539,7018,6833,185,,ok
batched tokens 8192 - repeat 2,vLLM batched tokens,batched tokens,8192,2,153.019,7068,6877,191,,ok
batched tokens 8192 - repeat 2,vLLM batched tokens,batched tokens,8192,2,153.55,7094,6903,191,,ok
batched tokens 8192 - repeat 2,vLLM batched tokens,batched tokens,8192,2,154.038,7117,6931,186,,ok
batched tokens 8192 - repeat 2,vLLM batched tokens,batched tokens,8192,2,154.516,7138,6946,192,,ok
batched tokens 8192 - repeat 2,vLLM batched tokens,batched tokens,8192,2,155.015,7140,6948,192,,ok
batched tokens 8192 - repeat 2,vLLM batched tokens,batched tokens,8192,2,155.525,7196,7004,192,,ok
batched tokens 8192 - repeat 2,vLLM batched tokens,batched tokens,8192,2,156.036,7220,7030,190,,ok
batched tokens 8192 - repeat 2,vLLM batched tokens,batched tokens,8192,2,156.545,7235,7053,182,,ok
batched tokens 8192 - repeat 2,vLLM batched tokens,batched tokens,8192,2,157.019,7261,7073,188,,ok
batched tokens 8192 - repeat 2,vLLM batched tokens,batched tokens,8192,2,157.531,7268,7078,190,,ok
batched tokens 8192 - repeat 2,vLLM batched tokens,batched tokens,8192,2,158.045,7324,7132,192,,ok
batched tokens 8192 - repeat 2,vLLM batched tokens,batched tokens,8192,2,158.506,7328,7139,189,,ok
batched tokens 8192 - repeat 2,vLLM batched tokens,batched tokens,8192,2,159.015,7356,7164,192,,ok
batched tokens 8192 - repeat 2,vLLM batched tokens,batched tokens,8192,2,159.529,7380,7188,192,,ok
batched tokens 8192 - repeat 2,vLLM batched tokens,batched tokens,8192,2,160.078,7396,7204,192,,ok
batched tokens 8192 - repeat 2,vLLM batched tokens,batched tokens,8192,2,160.547,7445,7253,192,,ok
batched tokens 8192 - repeat 2,vLLM batched tokens,batched tokens,8192,2,161.03,7459,7267,192,,ok
batched tokens 8192 - repeat 2,vLLM batched tokens,batched tokens,8192,2,161.544,7484,7292,192,,ok
batched tokens 8192 - repeat 2,vLLM batched tokens,batched tokens,8192,2,162.014,7510,7323,187,,ok
batched tokens 8192 - repeat 2,vLLM batched tokens,batched tokens,8192,2,162.92,7524,7381,143,,ok
batched tokens 8192 - repeat 2,vLLM batched tokens,batched tokens,8192,2,163.041,7580,7388,192,,ok
batched tokens 8192 - repeat 2,vLLM batched tokens,batched tokens,8192,2,163.549,7587,7412,175,,ok
batched tokens 8192 - repeat 2,vLLM batched tokens,batched tokens,8192,2,164.034,7612,7424,188,,ok
batched tokens 8192 - repeat 2,vLLM batched tokens,batched tokens,8192,2,164.543,7638,7451,187,,ok
batched tokens 8192 - repeat 2,vLLM batched tokens,batched tokens,8192,2,165.028,7652,7460,192,,ok
batched tokens 8192 - repeat 2,vLLM batched tokens,batched tokens,8192,2,165.538,7701,7516,185,,ok
batched tokens 8192 - repeat 2,vLLM batched tokens,batched tokens,8192,2,166.001,7712,7523,189,,ok
batched tokens 8192 - repeat 2,vLLM batched tokens,batched tokens,8192,2,166.516,7738,7548,190,,ok
batched tokens 8192 - repeat 2,vLLM batched tokens,batched tokens,8192,2,167.026,7764,7573,191,,ok
batched tokens 8192 - repeat 2,vLLM batched tokens,batched tokens,8192,2,167.562,7779,7588,191,,ok
batched tokens 8192 - repeat 2,vLLM batched tokens,batched tokens,8192,2,168.035,7814,7637,177,,ok
batched tokens 8192 - repeat 2,vLLM batched tokens,batched tokens,8192,2,168.51,7840,7648,192,,ok
batched tokens 8192 - repeat 2,vLLM batched tokens,batched tokens,8192,2,169.018,7863,7674,189,,ok
batched tokens 8192 - repeat 2,vLLM batched tokens,batched tokens,8192,2,169.519,7891,7699,192,,ok
batched tokens 8192 - repeat 2,vLLM batched tokens,batched tokens,8192,2,170.367,7907,7717,190,,ok
batched tokens 8192 - repeat 2,vLLM batched tokens,batched tokens,8192,2,170.553,7930,7740,190,,ok
batched tokens 8192 - repeat 2,vLLM batched tokens,batched tokens,8192,2,171.048,7968,7776,192,,ok
batched tokens 8192 - repeat 2,vLLM batched tokens,batched tokens,8192,2,171.581,7971,7802,169,,ok
batched tokens 8192 - repeat 2,vLLM batched tokens,batched tokens,8192,2,172.314,8019,7828,191,,ok
batched tokens 8192 - repeat 2,vLLM batched tokens,batched tokens,8192,2,172.682,8020,7843,177,,ok
batched tokens 8192 - repeat 2,vLLM batched tokens,batched tokens,8192,2,173.043,8059,7869,190,,ok
batched tokens 8192 - repeat 2,vLLM batched tokens,batched tokens,8192,2,173.535,8093,7904,189,,ok
batched tokens 8192 - repeat 2,vLLM batched tokens,batched tokens,8192,2,174.011,8118,7928,190,,ok
batched tokens 8192 - repeat 2,vLLM batched tokens,batched tokens,8192,2,174.509,8147,7955,192,,ok
batched tokens 8192 - repeat 2,vLLM batched tokens,batched tokens,8192,2,175.016,8162,7971,191,,ok
batched tokens 8192 - repeat 2,vLLM batched tokens,batched tokens,8192,2,175.539,8186,7996,190,,ok
batched tokens 8192 - repeat 2,vLLM batched tokens,batched tokens,8192,2,176.045,8223,8032,191,,ok
batched tokens 8192 - repeat 2,vLLM batched tokens,batched tokens,8192,2,176.509,8246,8055,191,,ok
batched tokens 8192 - repeat 2,vLLM batched tokens,batched tokens,8192,2,177.019,8269,8083,186,,ok
batched tokens 8192 - repeat 2,vLLM batched tokens,batched tokens,8192,2,177.526,8290,8098,192,,ok
batched tokens 8192 - repeat 2,vLLM batched tokens,batched tokens,8192,2,178.034,8305,8122,183,,ok
batched tokens 8192 - repeat 2,vLLM batched tokens,batched tokens,8192,2,178.564,8349,8160,189,,ok
batched tokens 8192 - repeat 2,vLLM batched tokens,batched tokens,8192,2,179.02,8372,8182,190,,ok
batched tokens 8192 - repeat 2,vLLM batched tokens,batched tokens,8192,2,179.531,8387,8211,176,,ok
batched tokens 8192 - repeat 3,vLLM batched tokens,batched tokens,8192,3,0.001,0,0,0,,ok
batched tokens 8192 - repeat 3,vLLM batched tokens,batched tokens,8192,3,0.52,3,0,3,,ok
batched tokens 8192 - repeat 3,vLLM batched tokens,batched tokens,8192,3,1.033,6,1,5,,ok
batched tokens 8192 - repeat 3,vLLM batched tokens,batched tokens,8192,3,1.546,11,1,10,,ok
batched tokens 8192 - repeat 3,vLLM batched tokens,batched tokens,8192,3,2.025,14,1,13,,ok
batched tokens 8192 - repeat 3,vLLM batched tokens,batched tokens,8192,3,2.54,24,8,16,,ok
batched tokens 8192 - repeat 3,vLLM batched tokens,batched tokens,8192,3,3.004,27,8,19,,ok
batched tokens 8192 - repeat 3,vLLM batched tokens,batched tokens,8192,3,3.686,31,12,19,,ok
batched tokens 8192 - repeat 3,vLLM batched tokens,batched tokens,8192,3,4.026,38,13,25,,ok
batched tokens 8192 - repeat 3,vLLM batched tokens,batched tokens,8192,3,4.515,44,15,29,,ok
batched tokens 8192 - repeat 3,vLLM batched tokens,batched tokens,8192,3,5.046,47,15,32,,ok
batched tokens 8192 - repeat 3,vLLM batched tokens,batched tokens,8192,3,5.512,55,20,35,,ok
batched tokens 8192 - repeat 3,vLLM batched tokens,batched tokens,8192,3,6.037,61,23,38,,ok
batched tokens 8192 - repeat 3,vLLM batched tokens,batched tokens,8192,3,6.519,65,24,41,,ok
batched tokens 8192 - repeat 3,vLLM batched tokens,batched tokens,8192,3,7.035,69,24,45,,ok
batched tokens 8192 - repeat 3,vLLM batched tokens,batched tokens,8192,3,7.573,72,24,48,,ok
batched tokens 8192 - repeat 3,vLLM batched tokens,batched tokens,8192,3,8.036,76,25,51,,ok
batched tokens 8192 - repeat 3,vLLM batched tokens,batched tokens,8192,3,8.519,83,29,54,,ok
batched tokens 8192 - repeat 3,vLLM batched tokens,batched tokens,8192,3,9.029,88,55,33,,ok
batched tokens 8192 - repeat 3,vLLM batched tokens,batched tokens,8192,3,9.563,133,72,61,,ok
batched tokens 8192 - repeat 3,vLLM batched tokens,batched tokens,8192,3,10.025,137,73,64,,ok
batched tokens 8192 - repeat 3,vLLM batched tokens,batched tokens,8192,3,10.51,140,75,65,,ok
batched tokens 8192 - repeat 3,vLLM batched tokens,batched tokens,8192,3,11.02,147,82,65,,ok
batched tokens 8192 - repeat 3,vLLM batched tokens,batched tokens,8192,3,11.546,158,85,73,,ok
batched tokens 8192 - repeat 3,vLLM batched tokens,batched tokens,8192,3,12.008,162,85,77,,ok
batched tokens 8192 - repeat 3,vLLM batched tokens,batched tokens,8192,3,12.523,165,85,80,,ok
batched tokens 8192 - repeat 3,vLLM batched tokens,batched tokens,8192,3,13.031,169,86,83,,ok
batched tokens 8192 - repeat 3,vLLM batched tokens,batched tokens,8192,3,13.544,224,138,86,,ok
batched tokens 8192 - repeat 3,vLLM batched tokens,batched tokens,8192,3,14.005,227,138,89,,ok
batched tokens 8192 - repeat 3,vLLM batched tokens,batched tokens,8192,3,14.529,230,138,92,,ok
batched tokens 8192 - repeat 3,vLLM batched tokens,batched tokens,8192,3,15.02,234,138,96,,ok
batched tokens 8192 - repeat 3,vLLM batched tokens,batched tokens,8192,3,15.562,243,144,99,,ok
batched tokens 8192 - repeat 3,vLLM batched tokens,batched tokens,8192,3,16.025,246,144,102,,ok
batched tokens 8192 - repeat 3,vLLM batched tokens,batched tokens,8192,3,16.541,250,144,106,,ok
batched tokens 8192 - repeat 3,vLLM batched tokens,batched tokens,8192,3,17.009,253,144,109,,ok
batched tokens 8192 - repeat 3,vLLM batched tokens,batched tokens,8192,3,17.533,256,144,112,,ok
batched tokens 8192 - repeat 3,vLLM batched tokens,batched tokens,8192,3,18.002,279,165,114,,ok
batched tokens 8192 - repeat 3,vLLM batched tokens,batched tokens,8192,3,18.528,283,165,118,,ok
batched tokens 8192 - repeat 3,vLLM batched tokens,batched tokens,8192,3,19.047,287,165,122,,ok
batched tokens 8192 - repeat 3,vLLM batched tokens,batched tokens,8192,3,19.527,293,168,125,,ok
batched tokens 8192 - repeat 3,vLLM batched tokens,batched tokens,8192,3,20.02,361,233,128,,ok
batched tokens 8192 - repeat 3,vLLM batched tokens,batched tokens,8192,3,20.508,364,233,131,,ok
batched tokens 8192 - repeat 3,vLLM batched tokens,batched tokens,8192,3,21.035,367,233,134,,ok
batched tokens 8192 - repeat 3,vLLM batched tokens,batched tokens,8192,3,21.508,373,243,130,,ok
batched tokens 8192 - repeat 3,vLLM batched tokens,batched tokens,8192,3,22.002,394,254,140,,ok
batched tokens 8192 - repeat 3,vLLM batched tokens,batched tokens,8192,3,22.518,401,257,144,,ok
batched tokens 8192 - repeat 3,vLLM batched tokens,batched tokens,8192,3,23.006,432,285,147,,ok
batched tokens 8192 - repeat 3,vLLM batched tokens,batched tokens,8192,3,23.659,435,287,148,,ok
batched tokens 8192 - repeat 3,vLLM batched tokens,batched tokens,8192,3,24.044,446,293,153,,ok
batched tokens 8192 - repeat 3,vLLM batched tokens,batched tokens,8192,3,24.547,470,313,157,,ok
batched tokens 8192 - repeat 3,vLLM batched tokens,batched tokens,8192,3,25.037,505,345,160,,ok
batched tokens 8192 - repeat 3,vLLM batched tokens,batched tokens,8192,3,25.525,524,361,163,,ok
batched tokens 8192 - repeat 3,vLLM batched tokens,batched tokens,8192,3,26.006,528,362,166,,ok
batched tokens 8192 - repeat 3,vLLM batched tokens,batched tokens,8192,3,26.518,552,384,168,,ok
batched tokens 8192 - repeat 3,vLLM batched tokens,batched tokens,8192,3,27.029,576,403,173,,ok
batched tokens 8192 - repeat 3,vLLM batched tokens,batched tokens,8192,3,27.525,593,418,175,,ok
batched tokens 8192 - repeat 3,vLLM batched tokens,batched tokens,8192,3,28.033,620,456,164,,ok
batched tokens 8192 - repeat 3,vLLM batched tokens,batched tokens,8192,3,28.506,651,469,182,,ok
batched tokens 8192 - repeat 3,vLLM batched tokens,batched tokens,8192,3,29.021,674,489,185,,ok
batched tokens 8192 - repeat 3,vLLM batched tokens,batched tokens,8192,3,29.542,686,499,187,,ok
batched tokens 8192 - repeat 3,vLLM batched tokens,batched tokens,8192,3,30.014,705,513,192,,ok
batched tokens 8192 - repeat 3,vLLM batched tokens,batched tokens,8192,3,30.544,734,542,192,,ok
batched tokens 8192 - repeat 3,vLLM batched tokens,batched tokens,8192,3,31.009,739,548,191,,ok
batched tokens 8192 - repeat 3,vLLM batched tokens,batched tokens,8192,3,31.538,804,612,192,,ok
batched tokens 8192 - repeat 3,vLLM batched tokens,batched tokens,8192,3,32.051,817,627,190,,ok
batched tokens 8192 - repeat 3,vLLM batched tokens,batched tokens,8192,3,32.5,833,641,192,,ok
batched tokens 8192 - repeat 3,vLLM batched tokens,batched tokens,8192,3,33.025,861,670,191,,ok
batched tokens 8192 - repeat 3,vLLM batched tokens,batched tokens,8192,3,33.689,867,678,189,,ok
batched tokens 8192 - repeat 3,vLLM batched tokens,batched tokens,8192,3,34.187,923,745,178,,ok
batched tokens 8192 - repeat 3,vLLM batched tokens,batched tokens,8192,3,34.529,945,753,192,,ok
batched tokens 8192 - repeat 3,vLLM batched tokens,batched tokens,8192,3,35.027,961,769,192,,ok
batched tokens 8192 - repeat 3,vLLM batched tokens,batched tokens,8192,3,35.546,990,798,192,,ok
batched tokens 8192 - repeat 3,vLLM batched tokens,batched tokens,8192,3,36.025,995,805,190,,ok
batched tokens 8192 - repeat 3,vLLM batched tokens,batched tokens,8192,3,36.546,1060,873,187,,ok
batched tokens 8192 - repeat 3,vLLM batched tokens,batched tokens,8192,3,37.007,1073,883,190,,ok
batched tokens 8192 - repeat 3,vLLM batched tokens,batched tokens,8192,3,37.515,1089,897,192,,ok
batched tokens 8192 - repeat 3,vLLM batched tokens,batched tokens,8192,3,38.032,1118,926,192,,ok
batched tokens 8192 - repeat 3,vLLM batched tokens,batched tokens,8192,3,38.545,1124,933,191,,ok
batched tokens 8192 - repeat 3,vLLM batched tokens,batched tokens,8192,3,39.025,1188,1001,187,,ok
batched tokens 8192 - repeat 3,vLLM batched tokens,batched tokens,8192,3,39.517,1201,1011,190,,ok
batched tokens 8192 - repeat 3,vLLM batched tokens,batched tokens,8192,3,40.029,1217,1025,192,,ok
batched tokens 8192 - repeat 3,vLLM batched tokens,batched tokens,8192,3,40.542,1246,1054,192,,ok
batched tokens 8192 - repeat 3,vLLM batched tokens,batched tokens,8192,3,41.028,1251,1061,190,,ok
batched tokens 8192 - repeat 3,vLLM batched tokens,batched tokens,8192,3,41.543,1316,1129,187,,ok
batched tokens 8192 - repeat 3,vLLM batched tokens,batched tokens,8192,3,42.02,1330,1139,191,,ok
batched tokens 8192 - repeat 3,vLLM batched tokens,batched tokens,8192,3,42.534,1345,1156,189,,ok
batched tokens 8192 - repeat 3,vLLM batched tokens,batched tokens,8192,3,43.046,1374,1183,191,,ok
batched tokens 8192 - repeat 3,vLLM batched tokens,batched tokens,8192,3,43.944,1378,1187,191,,ok
batched tokens 8192 - repeat 3,vLLM batched tokens,batched tokens,8192,3,44.05,1379,1252,127,,ok
batched tokens 8192 - repeat 3,vLLM batched tokens,batched tokens,8192,3,44.537,1457,1265,192,,ok
batched tokens 8192 - repeat 3,vLLM batched tokens,batched tokens,8192,3,45.032,1467,1277,190,,ok
batched tokens 8192 - repeat 3,vLLM batched tokens,batched tokens,8192,3,45.531,1473,1293,180,,ok
batched tokens 8192 - repeat 3,vLLM batched tokens,batched tokens,8192,3,46.029,1503,1313,190,,ok
batched tokens 8192 - repeat 3,vLLM batched tokens,batched tokens,8192,3,46.522,1510,1322,188,,ok
batched tokens 8192 - repeat 3,vLLM batched tokens,batched tokens,8192,3,47.04,1570,1378,192,,ok
batched tokens 8192 - repeat 3,vLLM batched tokens,batched tokens,8192,3,47.537,1598,1407,191,,ok
batched tokens 8192 - repeat 3,vLLM batched tokens,batched tokens,8192,3,48.002,1613,1424,189,,ok
batched tokens 8192 - repeat 3,vLLM batched tokens,batched tokens,8192,3,48.538,1633,1441,192,,ok
batched tokens 8192 - repeat 3,vLLM batched tokens,batched tokens,8192,3,49.012,1642,1453,189,,ok
batched tokens 8192 - repeat 3,vLLM batched tokens,batched tokens,8192,3,49.524,1698,1507,191,,ok
batched tokens 8192 - repeat 3,vLLM batched tokens,batched tokens,8192,3,50.002,1726,1535,191,,ok
batched tokens 8192 - repeat 3,vLLM batched tokens,batched tokens,8192,3,50.501,1744,1555,189,,ok
batched tokens 8192 - repeat 3,vLLM batched tokens,batched tokens,8192,3,51.042,1761,1570,191,,ok
batched tokens 8192 - repeat 3,vLLM batched tokens,batched tokens,8192,3,51.532,1785,1608,177,,ok
batched tokens 8192 - repeat 3,vLLM batched tokens,batched tokens,8192,3,52.045,1830,1638,192,,ok
batched tokens 8192 - repeat 3,vLLM batched tokens,batched tokens,8192,3,52.507,1855,1664,191,,ok
batched tokens 8192 - repeat 3,vLLM batched tokens,batched tokens,8192,3,53.026,1875,1686,189,,ok
batched tokens 8192 - repeat 3,vLLM batched tokens,batched tokens,8192,3,53.739,1888,1701,187,,ok
batched tokens 8192 - repeat 3,vLLM batched tokens,batched tokens,8192,3,54.029,1913,1749,164,,ok
batched tokens 8192 - repeat 3,vLLM batched tokens,batched tokens,8192,3,54.57,1955,1777,178,,ok
batched tokens 8192 - repeat 3,vLLM batched tokens,batched tokens,8192,3,55.04,1984,1792,192,,ok
batched tokens 8192 - repeat 3,vLLM batched tokens,batched tokens,8192,3,55.523,2003,1814,189,,ok
batched tokens 8192 - repeat 3,vLLM batched tokens,batched tokens,8192,3,56.004,2018,1827,191,,ok
batched tokens 8192 - repeat 3,vLLM batched tokens,batched tokens,8192,3,56.545,2069,1877,192,,ok
batched tokens 8192 - repeat 3,vLLM batched tokens,batched tokens,8192,3,57.003,2097,1905,192,,ok
batched tokens 8192 - repeat 3,vLLM batched tokens,batched tokens,8192,3,57.558,2113,1921,192,,ok
batched tokens 8192 - repeat 3,vLLM batched tokens,batched tokens,8192,3,58.02,2141,1949,192,,ok
batched tokens 8192 - repeat 3,vLLM batched tokens,batched tokens,8192,3,58.535,2147,1955,192,,ok
batched tokens 8192 - repeat 3,vLLM batched tokens,batched tokens,8192,3,59.047,2205,2018,187,,ok
batched tokens 8192 - repeat 3,vLLM batched tokens,batched tokens,8192,3,59.539,2225,2035,190,,ok
batched tokens 8192 - repeat 3,vLLM batched tokens,batched tokens,8192,3,60.012,2241,2049,192,,ok
batched tokens 8192 - repeat 3,vLLM batched tokens,batched tokens,8192,3,60.531,2270,2078,192,,ok
batched tokens 8192 - repeat 3,vLLM batched tokens,batched tokens,8192,3,61.022,2275,2085,190,,ok
batched tokens 8192 - repeat 3,vLLM batched tokens,batched tokens,8192,3,61.537,2338,2146,192,,ok
batched tokens 8192 - repeat 3,vLLM batched tokens,batched tokens,8192,3,62.048,2355,2171,184,,ok
batched tokens 8192 - repeat 3,vLLM batched tokens,batched tokens,8192,3,62.524,2369,2180,189,,ok
batched tokens 8192 - repeat 3,vLLM batched tokens,batched tokens,8192,3,63.045,2398,2206,192,,ok
batched tokens 8192 - repeat 3,vLLM batched tokens,batched tokens,8192,3,63.549,2404,2213,191,,ok
batched tokens 8192 - repeat 3,vLLM batched tokens,batched tokens,8192,3,64.047,2453,2274,179,,ok
batched tokens 8192 - repeat 3,vLLM batched tokens,batched tokens,8192,3,64.589,2481,2302,179,,ok
batched tokens 8192 - repeat 3,vLLM batched tokens,batched tokens,8192,3,65.004,2497,2305,192,,ok
batched tokens 8192 - repeat 3,vLLM batched tokens,batched tokens,8192,3,65.644,2521,2337,184,,ok
batched tokens 8192 - repeat 3,vLLM batched tokens,batched tokens,8192,3,66.016,2533,2341,192,,ok
batched tokens 8192 - repeat 3,vLLM batched tokens,batched tokens,8192,3,66.545,2594,2402,192,,ok
batched tokens 8192 - repeat 3,vLLM batched tokens,batched tokens,8192,3,67.016,2619,2430,189,,ok
batched tokens 8192 - repeat 3,vLLM batched tokens,batched tokens,8192,3,67.524,2628,2445,183,,ok
batched tokens 8192 - repeat 3,vLLM batched tokens,batched tokens,8192,3,68.031,2655,2465,190,,ok
batched tokens 8192 - repeat 3,vLLM batched tokens,batched tokens,8192,3,68.513,2661,2470,191,,ok
batched tokens 8192 - repeat 3,vLLM batched tokens,batched tokens,8192,3,69.029,2722,2530,192,,ok
batched tokens 8192 - repeat 3,vLLM batched tokens,batched tokens,8192,3,69.547,2750,2559,191,,ok
batched tokens 8192 - repeat 3,vLLM batched tokens,batched tokens,8192,3,70.004,2761,2573,188,,ok
batched tokens 8192 - repeat 3,vLLM batched tokens,batched tokens,8192,3,70.546,2785,2593,192,,ok
batched tokens 8192 - repeat 3,vLLM batched tokens,batched tokens,8192,3,71.025,2790,2602,188,,ok
batched tokens 8192 - repeat 3,vLLM batched tokens,batched tokens,8192,3,71.538,2850,2658,192,,ok
batched tokens 8192 - repeat 3,vLLM batched tokens,batched tokens,8192,3,72.018,2878,2687,191,,ok
batched tokens 8192 - repeat 3,vLLM batched tokens,batched tokens,8192,3,72.538,2896,2707,189,,ok
batched tokens 8192 - repeat 3,vLLM batched tokens,batched tokens,8192,3,73.006,2912,2721,191,,ok
batched tokens 8192 - repeat 3,vLLM batched tokens,batched tokens,8192,3,73.698,2917,2773,144,,ok
batched tokens 8192 - repeat 3,vLLM batched tokens,batched tokens,8192,3,74.013,2978,2787,191,,ok
batched tokens 8192 - repeat 3,vLLM batched tokens,batched tokens,8192,3,74.777,3003,2817,186,,ok
batched tokens 8192 - repeat 3,vLLM batched tokens,batched tokens,8192,3,75.036,3027,2835,192,,ok
batched tokens 8192 - repeat 3,vLLM batched tokens,batched tokens,8192,3,75.612,3038,2850,188,,ok
batched tokens 8192 - repeat 3,vLLM batched tokens,batched tokens,8192,3,76.041,3050,2888,162,,ok
batched tokens 8192 - repeat 3,vLLM batched tokens,batched tokens,8192,3,76.519,3106,2914,192,,ok
batched tokens 8192 - repeat 3,vLLM batched tokens,batched tokens,8192,3,77.092,3134,2944,190,,ok
batched tokens 8192 - repeat 3,vLLM batched tokens,batched tokens,8192,3,77.503,3155,2963,192,,ok
batched tokens 8192 - repeat 3,vLLM batched tokens,batched tokens,8192,3,78.011,3169,2978,191,,ok
batched tokens 8192 - repeat 3,vLLM batched tokens,batched tokens,8192,3,78.509,3193,3016,177,,ok
batched tokens 8192 - repeat 3,vLLM batched tokens,batched tokens,8192,3,79.022,3238,3057,181,,ok
batched tokens 8192 - repeat 3,vLLM batched tokens,batched tokens,8192,3,79.531,3264,3073,191,,ok
batched tokens 8192 - repeat 3,vLLM batched tokens,batched tokens,8192,3,80.043,3286,3099,187,,ok
batched tokens 8192 - repeat 3,vLLM batched tokens,batched tokens,8192,3,80.501,3298,3107,191,,ok
batched tokens 8192 - repeat 3,vLLM batched tokens,batched tokens,8192,3,81.024,3336,3157,179,,ok
batched tokens 8192 - repeat 3,vLLM batched tokens,batched tokens,8192,3,81.541,3377,3185,192,,ok
batched tokens 8192 - repeat 3,vLLM batched tokens,batched tokens,8192,3,82.027,3392,3201,191,,ok
batched tokens 8192 - repeat 3,vLLM batched tokens,batched tokens,8192,3,82.537,3420,3229,191,,ok
batched tokens 8192 - repeat 3,vLLM batched tokens,batched tokens,8192,3,83.04,3427,3235,192,,ok
batched tokens 8192 - repeat 3,vLLM batched tokens,batched tokens,8192,3,83.507,3477,3285,192,,ok
batched tokens 8192 - repeat 3,vLLM batched tokens,batched tokens,8192,3,84.194,3505,3323,182,,ok
batched tokens 8192 - repeat 3,vLLM batched tokens,batched tokens,8192,3,84.589,3521,3329,192,,ok
batched tokens 8192 - repeat 3,vLLM batched tokens,batched tokens,8192,3,85.026,3549,3358,191,,ok
batched tokens 8192 - repeat 3,vLLM batched tokens,batched tokens,8192,3,85.537,3555,3364,191,,ok
batched tokens 8192 - repeat 3,vLLM batched tokens,batched tokens,8192,3,86.092,3601,3426,175,,ok
batched tokens 8192 - repeat 3,vLLM batched tokens,batched tokens,8192,3,86.507,3633,3441,192,,ok
batched tokens 8192 - repeat 3,vLLM batched tokens,batched tokens,8192,3,87.028,3649,3457,192,,ok
batched tokens 8192 - repeat 3,vLLM batched tokens,batched tokens,8192,3,87.506,3678,3486,192,,ok
batched tokens 8192 - repeat 3,vLLM batched tokens,batched tokens,8192,3,88.036,3684,3492,192,,ok
batched tokens 8192 - repeat 3,vLLM batched tokens,batched tokens,8192,3,88.509,3746,3554,192,,ok
batched tokens 8192 - repeat 3,vLLM batched tokens,batched tokens,8192,3,89.001,3763,3571,192,,ok
batched tokens 8192 - repeat 3,vLLM batched tokens,batched tokens,8192,3,89.532,3777,3588,189,,ok
batched tokens 8192 - repeat 3,vLLM batched tokens,batched tokens,8192,3,90.004,3806,3614,192,,ok
batched tokens 8192 - repeat 3,vLLM batched tokens,batched tokens,8192,3,90.538,3813,3622,191,,ok
batched tokens 8192 - repeat 3,vLLM batched tokens,batched tokens,8192,3,91.043,3874,3682,192,,ok
batched tokens 8192 - repeat 3,vLLM batched tokens,batched tokens,8192,3,91.522,3899,3710,189,,ok
batched tokens 8192 - repeat 3,vLLM batched tokens,batched tokens,8192,3,92.01,3908,3719,189,,ok
batched tokens 8192 - repeat 3,vLLM batched tokens,batched tokens,8192,3,92.52,3934,3744,190,,ok
batched tokens 8192 - repeat 3,vLLM batched tokens,batched tokens,8192,3,93.038,3942,3754,188,,ok
batched tokens 8192 - repeat 3,vLLM batched tokens,batched tokens,8192,3,93.643,4002,3812,190,,ok
batched tokens 8192 - repeat 3,vLLM batched tokens,batched tokens,8192,3,94.001,4027,3838,189,,ok
batched tokens 8192 - repeat 3,vLLM batched tokens,batched tokens,8192,3,94.676,4033,3859,174,,ok
batched tokens 8192 - repeat 3,vLLM batched tokens,batched tokens,8192,3,95.002,4063,3873,190,,ok
batched tokens 8192 - repeat 3,vLLM batched tokens,batched tokens,8192,3,95.715,4067,3878,189,,ok
batched tokens 8192 - repeat 3,vLLM batched tokens,batched tokens,8192,3,96.099,4130,3940,190,,ok
batched tokens 8192 - repeat 3,vLLM batched tokens,batched tokens,8192,3,96.528,4147,3967,180,,ok
batched tokens 8192 - repeat 3,vLLM batched tokens,batched tokens,8192,3,97.029,4164,3984,180,,ok
batched tokens 8192 - repeat 3,vLLM batched tokens,batched tokens,8192,3,97.537,4191,4001,190,,ok
batched tokens 8192 - repeat 3,vLLM batched tokens,batched tokens,8192,3,98.015,4198,4006,192,,ok
batched tokens 8192 - repeat 3,vLLM batched tokens,batched tokens,8192,3,98.528,4258,4066,192,,ok
batched tokens 8192 - repeat 3,vLLM batched tokens,batched tokens,8192,3,99.007,4286,4095,191,,ok
batched tokens 8192 - repeat 3,vLLM batched tokens,batched tokens,8192,3,99.541,4307,4115,192,,ok
batched tokens 8192 - repeat 3,vLLM batched tokens,batched tokens,8192,3,100.047,4321,4130,191,,ok
batched tokens 8192 - repeat 3,vLLM batched tokens,batched tokens,8192,3,100.54,4345,4168,177,,ok
batched tokens 8192 - repeat 3,vLLM batched tokens,batched tokens,8192,3,101.049,4390,4207,183,,ok
batched tokens 8192 - repeat 3,vLLM batched tokens,batched tokens,8192,3,101.53,4415,4224,191,,ok
batched tokens 8192 - repeat 3,vLLM batched tokens,batched tokens,8192,3,102.011,4435,4243,192,,ok
batched tokens 8192 - repeat 3,vLLM batched tokens,batched tokens,8192,3,102.53,4450,4258,192,,ok
batched tokens 8192 - repeat 3,vLLM batched tokens,batched tokens,8192,3,103.05,4488,4309,179,,ok
batched tokens 8192 - repeat 3,vLLM batched tokens,batched tokens,8192,3,103.504,4514,4335,179,,ok
batched tokens 8192 - repeat 3,vLLM batched tokens,batched tokens,8192,3,104.031,4543,4353,190,,ok
batched tokens 8192 - repeat 3,vLLM batched tokens,batched tokens,8192,3,104.536,4563,4381,182,,ok
batched tokens 8192 - repeat 3,vLLM batched tokens,batched tokens,8192,3,105.027,4578,4386,192,,ok
batched tokens 8192 - repeat 3,vLLM batched tokens,batched tokens,8192,3,105.504,4616,4437,179,,ok
batched tokens 8192 - repeat 3,vLLM batched tokens,batched tokens,8192,3,106.018,4657,4465,192,,ok
batched tokens 8192 - repeat 3,vLLM batched tokens,batched tokens,8192,3,106.545,4673,4481,192,,ok
batched tokens 8192 - repeat 3,vLLM batched tokens,batched tokens,8192,3,107.006,4694,4509,185,,ok
batched tokens 8192 - repeat 3,vLLM batched tokens,batched tokens,8192,3,107.513,4706,4515,191,,ok
batched tokens 8192 - repeat 3,vLLM batched tokens,batched tokens,8192,3,108.028,4744,4578,166,,ok
batched tokens 8192 - repeat 3,vLLM batched tokens,batched tokens,8192,3,108.504,4785,4593,192,,ok
batched tokens 8192 - repeat 3,vLLM batched tokens,batched tokens,8192,3,109.011,4801,4609,192,,ok
batched tokens 8192 - repeat 3,vLLM batched tokens,batched tokens,8192,3,109.535,4829,4637,192,,ok
batched tokens 8192 - repeat 3,vLLM batched tokens,batched tokens,8192,3,110.02,4835,4643,192,,ok
batched tokens 8192 - repeat 3,vLLM batched tokens,batched tokens,8192,3,110.529,4898,4706,192,,ok
batched tokens 8192 - repeat 3,vLLM batched tokens,batched tokens,8192,3,111.013,4913,4723,190,,ok
batched tokens 8192 - repeat 3,vLLM batched tokens,batched tokens,8192,3,111.527,4929,4737,192,,ok
batched tokens 8192 - repeat 3,vLLM batched tokens,batched tokens,8192,3,112.007,4958,4766,192,,ok
batched tokens 8192 - repeat 3,vLLM batched tokens,batched tokens,8192,3,112.518,4964,4773,191,,ok
batched tokens 8192 - repeat 3,vLLM batched tokens,batched tokens,8192,3,113.037,5026,4834,192,,ok
batched tokens 8192 - repeat 3,vLLM batched tokens,batched tokens,8192,3,113.552,5049,4859,190,,ok
batched tokens 8192 - repeat 3,vLLM batched tokens,batched tokens,8192,3,114.073,5057,4868,189,,ok
batched tokens 8192 - repeat 3,vLLM batched tokens,batched tokens,8192,3,114.514,5086,4894,192,,ok
batched tokens 8192 - repeat 3,vLLM batched tokens,batched tokens,8192,3,115.147,5092,4921,171,,ok
batched tokens 8192 - repeat 3,vLLM batched tokens,batched tokens,8192,3,115.508,5154,4962,192,,ok
batched tokens 8192 - repeat 3,vLLM batched tokens,batched tokens,8192,3,116.101,5171,4991,180,,ok
batched tokens 8192 - repeat 3,vLLM batched tokens,batched tokens,8192,3,116.541,5188,4996,192,,ok
batched tokens 8192 - repeat 3,vLLM batched tokens,batched tokens,8192,3,117.007,5214,5024,190,,ok
batched tokens 8192 - repeat 3,vLLM batched tokens,batched tokens,8192,3,117.519,5222,5034,188,,ok
batched tokens 8192 - repeat 3,vLLM batched tokens,batched tokens,8192,3,118.025,5282,5090,192,,ok
batched tokens 8192 - repeat 3,vLLM batched tokens,batched tokens,8192,3,118.544,5310,5119,191,,ok
batched tokens 8192 - repeat 3,vLLM batched tokens,batched tokens,8192,3,119.003,5316,5131,185,,ok
batched tokens 8192 - repeat 3,vLLM batched tokens,batched tokens,8192,3,119.512,5344,5152,192,,ok
batched tokens 8192 - repeat 3,vLLM batched tokens,batched tokens,8192,3,120.019,5354,5162,192,,ok
batched tokens 8192 - repeat 3,vLLM batched tokens,batched tokens,8192,3,120.538,5410,5218,192,,ok
batched tokens 8192 - repeat 3,vLLM batched tokens,batched tokens,8192,3,121.05,5439,5247,192,,ok
batched tokens 8192 - repeat 3,vLLM batched tokens,batched tokens,8192,3,121.505,5456,5267,189,,ok
batched tokens 8192 - repeat 3,vLLM batched tokens,batched tokens,8192,3,122.012,5473,5281,192,,ok
batched tokens 8192 - repeat 3,vLLM batched tokens,batched tokens,8192,3,122.539,5497,5320,177,,ok
batched tokens 8192 - repeat 3,vLLM batched tokens,batched tokens,8192,3,123.046,5539,5350,189,,ok
batched tokens 8192 - repeat 3,vLLM batched tokens,batched tokens,8192,3,123.759,5567,5377,190,,ok
batched tokens 8192 - repeat 3,vLLM batched tokens,batched tokens,8192,3,124.061,5584,5398,186,,ok
batched tokens 8192 - repeat 3,vLLM batched tokens,batched tokens,8192,3,124.52,5601,5410,191,,ok
batched tokens 8192 - repeat 3,vLLM batched tokens,batched tokens,8192,3,125.003,5610,5448,162,,ok
batched tokens 8192 - repeat 3,vLLM batched tokens,batched tokens,8192,3,125.522,5666,5489,177,,ok
batched tokens 8192 - repeat 3,vLLM batched tokens,batched tokens,8192,3,126.024,5695,5504,191,,ok
batched tokens 8192 - repeat 3,vLLM batched tokens,batched tokens,8192,3,126.526,5715,5523,192,,ok
batched tokens 8192 - repeat 3,vLLM batched tokens,batched tokens,8192,3,127.036,5730,5538,192,,ok
batched tokens 8192 - repeat 3,vLLM batched tokens,batched tokens,8192,3,127.515,5768,5589,179,,ok
batched tokens 8192 - repeat 3,vLLM batched tokens,batched tokens,8192,3,128.03,5809,5617,192,,ok
batched tokens 8192 - repeat 3,vLLM batched tokens,batched tokens,8192,3,128.504,5824,5633,191,,ok
batched tokens 8192 - repeat 3,vLLM batched tokens,batched tokens,8192,3,129.012,5843,5661,182,,ok
batched tokens 8192 - repeat 3,vLLM batched tokens,batched tokens,8192,3,129.549,5859,5667,192,,ok
batched tokens 8192 - repeat 3,vLLM batched tokens,batched tokens,8192,3,130.009,5896,5712,184,,ok
batched tokens 8192 - repeat 3,vLLM batched tokens,batched tokens,8192,3,130.516,5937,5745,192,,ok
batched tokens 8192 - repeat 3,vLLM batched tokens,batched tokens,8192,3,131.024,5953,5761,192,,ok
batched tokens 8192 - repeat 3,vLLM batched tokens,batched tokens,8192,3,131.516,5981,5789,192,,ok
batched tokens 8192 - repeat 3,vLLM batched tokens,batched tokens,8192,3,132.027,5987,5795,192,,ok
batched tokens 8192 - repeat 3,vLLM batched tokens,batched tokens,8192,3,132.542,6037,5858,179,,ok
batched tokens 8192 - repeat 3,vLLM batched tokens,batched tokens,8192,3,133.001,6065,5873,192,,ok
batched tokens 8192 - repeat 3,vLLM batched tokens,batched tokens,8192,3,133.54,6080,5889,191,,ok
batched tokens 8192 - repeat 3,vLLM batched tokens,batched tokens,8192,3,134.003,6109,5918,191,,ok
batched tokens 8192 - repeat 3,vLLM batched tokens,batched tokens,8192,3,134.557,6115,5925,190,,ok
batched tokens 8192 - repeat 3,vLLM batched tokens,batched tokens,8192,3,135.03,6165,5986,179,,ok
batched tokens 8192 - repeat 3,vLLM batched tokens,batched tokens,8192,3,135.539,6194,6003,191,,ok
batched tokens 8192 - repeat 3,vLLM batched tokens,batched tokens,8192,3,136.021,6209,6017,192,,ok
batched tokens 8192 - repeat 3,vLLM batched tokens,batched tokens,8192,3,136.542,6237,6046,191,,ok
batched tokens 8192 - repeat 3,vLLM batched tokens,batched tokens,8192,3,137.086,6243,6054,189,,ok
batched tokens 8192 - repeat 3,vLLM batched tokens,batched tokens,8192,3,137.546,6306,6114,192,,ok
batched tokens 8192 - repeat 3,vLLM batched tokens,batched tokens,8192,3,138.033,6323,6131,192,,ok
batched tokens 8192 - repeat 3,vLLM batched tokens,batched tokens,8192,3,138.541,6337,6145,192,,ok
batched tokens 8192 - repeat 3,vLLM batched tokens,batched tokens,8192,3,139.05,6366,6174,192,,ok
batched tokens 8192 - repeat 3,vLLM batched tokens,batched tokens,8192,3,139.508,6371,6180,191,,ok
batched tokens 8192 - repeat 3,vLLM batched tokens,batched tokens,8192,3,140.038,6434,6242,192,,ok
batched tokens 8192 - repeat 3,vLLM batched tokens,batched tokens,8192,3,140.545,6449,6268,181,,ok
batched tokens 8192 - repeat 3,vLLM batched tokens,batched tokens,8192,3,141.004,6465,6273,192,,ok
batched tokens 8192 - repeat 3,vLLM batched tokens,batched tokens,8192,3,141.512,6494,6302,192,,ok
batched tokens 8192 - repeat 3,vLLM batched tokens,batched tokens,8192,3,142.005,6501,6309,192,,ok
batched tokens 8192 - repeat 3,vLLM batched tokens,batched tokens,8192,3,142.514,6562,6370,192,,ok
batched tokens 8192 - repeat 3,vLLM batched tokens,batched tokens,8192,3,143.041,6587,6395,192,,ok
batched tokens 8192 - repeat 3,vLLM batched tokens,batched tokens,8192,3,143.622,6593,6404,189,,ok
batched tokens 8192 - repeat 3,vLLM batched tokens,batched tokens,8192,3,144.106,6614,6433,181,,ok
batched tokens 8192 - repeat 3,vLLM batched tokens,batched tokens,8192,3,144.547,6629,6438,191,,ok
batched tokens 8192 - repeat 3,vLLM batched tokens,batched tokens,8192,3,145.025,6690,6498,192,,ok
batched tokens 8192 - repeat 3,vLLM batched tokens,batched tokens,8192,3,145.542,6715,6526,189,,ok
batched tokens 8192 - repeat 3,vLLM batched tokens,batched tokens,8192,3,146.008,6721,6529,192,,ok
batched tokens 8192 - repeat 3,vLLM batched tokens,batched tokens,8192,3,146.682,6721,6558,163,,ok
batched tokens 8192 - repeat 3,vLLM batched tokens,batched tokens,8192,3,147.011,6757,6565,192,,ok
batched tokens 8192 - repeat 3,vLLM batched tokens,batched tokens,8192,3,147.573,6818,6626,192,,ok
batched tokens 8192 - repeat 3,vLLM batched tokens,batched tokens,8192,3,148.035,6843,6654,189,,ok
batched tokens 8192 - repeat 3,vLLM batched tokens,batched tokens,8192,3,148.543,6849,6657,192,,ok
batched tokens 8192 - repeat 3,vLLM batched tokens,batched tokens,8192,3,149.003,6878,6686,192,,ok
batched tokens 8192 - repeat 3,vLLM batched tokens,batched tokens,8192,3,149.508,6886,6694,192,,ok
batched tokens 8192 - repeat 3,vLLM batched tokens,batched tokens,8192,3,150.045,6946,6754,192,,ok
batched tokens 8192 - repeat 3,vLLM batched tokens,batched tokens,8192,3,150.508,6963,6782,181,,ok
batched tokens 8192 - repeat 3,vLLM batched tokens,batched tokens,8192,3,151.042,6989,6800,189,,ok
batched tokens 8192 - repeat 3,vLLM batched tokens,batched tokens,8192,3,151.549,7006,6817,189,,ok
batched tokens 8192 - repeat 3,vLLM batched tokens,batched tokens,8192,3,152.045,7014,6826,188,,ok
batched tokens 8192 - repeat 3,vLLM batched tokens,batched tokens,8192,3,152.502,7074,6882,192,,ok
batched tokens 8192 - repeat 3,vLLM batched tokens,batched tokens,8192,3,153.038,7102,6910,192,,ok
batched tokens 8192 - repeat 3,vLLM batched tokens,batched tokens,8192,3,153.512,7117,6928,189,,ok
batched tokens 8192 - repeat 3,vLLM batched tokens,batched tokens,8192,3,154.095,7126,6945,181,,ok
batched tokens 8192 - repeat 3,vLLM batched tokens,batched tokens,8192,3,154.541,7146,6969,177,,ok
batched tokens 8192 - repeat 3,vLLM batched tokens,batched tokens,8192,3,155.03,7202,7010,192,,ok
batched tokens 8192 - repeat 3,vLLM batched tokens,batched tokens,8192,3,155.543,7228,7039,189,,ok
batched tokens 8192 - repeat 3,vLLM batched tokens,batched tokens,8192,3,156.004,7245,7056,189,,ok
batched tokens 8192 - repeat 3,vLLM batched tokens,batched tokens,8192,3,156.516,7265,7073,192,,ok
batched tokens 8192 - repeat 3,vLLM batched tokens,batched tokens,8192,3,157.051,7274,7097,177,,ok
batched tokens 8192 - repeat 3,vLLM batched tokens,batched tokens,8192,3,157.505,7330,7139,191,,ok
batched tokens 8192 - repeat 3,vLLM batched tokens,batched tokens,8192,3,158.013,7358,7167,191,,ok
batched tokens 8192 - repeat 3,vLLM batched tokens,batched tokens,8192,3,158.536,7373,7187,186,,ok
batched tokens 8192 - repeat 3,vLLM batched tokens,batched tokens,8192,3,159.169,7393,7203,190,,ok
batched tokens 8192 - repeat 3,vLLM batched tokens,batched tokens,8192,3,159.531,7403,7211,192,,ok
batched tokens 8192 - repeat 3,vLLM batched tokens,batched tokens,8192,3,160.04,7459,7267,192,,ok
batched tokens 8192 - repeat 3,vLLM batched tokens,batched tokens,8192,3,160.549,7487,7296,191,,ok
batched tokens 8192 - repeat 3,vLLM batched tokens,batched tokens,8192,3,161.077,7507,7315,192,,ok
batched tokens 8192 - repeat 3,vLLM batched tokens,batched tokens,8192,3,161.535,7521,7330,191,,ok
batched tokens 8192 - repeat 3,vLLM batched tokens,batched tokens,8192,3,162.045,7535,7368,167,,ok
batched tokens 8192 - repeat 3,vLLM batched tokens,batched tokens,8192,3,162.533,7586,7398,188,,ok
batched tokens 8192 - repeat 3,vLLM batched tokens,batched tokens,8192,3,163.045,7615,7423,192,,ok
batched tokens 8192 - repeat 3,vLLM batched tokens,batched tokens,8192,3,163.512,7635,7443,192,,ok
batched tokens 8192 - repeat 3,vLLM batched tokens,batched tokens,8192,3,164.01,7649,7458,191,,ok
batched tokens 8192 - repeat 3,vLLM batched tokens,batched tokens,8192,3,164.514,7673,7496,177,,ok
batched tokens 8192 - repeat 3,vLLM batched tokens,batched tokens,8192,3,165.012,7715,7526,189,,ok
batched tokens 8192 - repeat 3,vLLM batched tokens,batched tokens,8192,3,165.518,7744,7552,192,,ok
batched tokens 8192 - repeat 3,vLLM batched tokens,batched tokens,8192,3,166.018,7763,7574,189,,ok
batched tokens 8192 - repeat 3,vLLM batched tokens,batched tokens,8192,3,166.544,7777,7587,190,,ok
batched tokens 8192 - repeat 3,vLLM batched tokens,batched tokens,8192,3,167.02,7816,7627,189,,ok
batched tokens 8192 - repeat 3,vLLM batched tokens,batched tokens,8192,3,167.532,7846,7665,181,,ok
batched tokens 8192 - repeat 3,vLLM batched tokens,batched tokens,8192,3,168.04,7872,7680,192,,ok
batched tokens 8192 - repeat 3,vLLM batched tokens,batched tokens,8192,3,168.518,7888,7702,186,,ok
batched tokens 8192 - repeat 3,vLLM batched tokens,batched tokens,8192,3,169.043,7905,7715,190,,ok
batched tokens 8192 - repeat 3,vLLM batched tokens,batched tokens,8192,3,169.549,7944,7765,179,,ok
batched tokens 8192 - repeat 3,vLLM batched tokens,batched tokens,8192,3,170.007,7974,7787,187,,ok
batched tokens 8192 - repeat 3,vLLM batched tokens,batched tokens,8192,3,170.537,8000,7808,192,,ok
batched tokens 8192 - repeat 3,vLLM batched tokens,batched tokens,8192,3,171.045,8022,7831,191,,ok
batched tokens 8192 - repeat 3,vLLM batched tokens,batched tokens,8192,3,171.502,8034,7843,191,,ok
batched tokens 8192 - repeat 3,vLLM batched tokens,batched tokens,8192,3,172.01,8072,7893,179,,ok
batched tokens 8192 - repeat 3,vLLM batched tokens,batched tokens,8192,3,172.527,8102,7921,181,,ok
batched tokens 8192 - repeat 3,vLLM batched tokens,batched tokens,8192,3,173.032,8128,7937,191,,ok
batched tokens 8192 - repeat 3,vLLM batched tokens,batched tokens,8192,3,173.564,8150,7966,184,,ok
batched tokens 8192 - repeat 3,vLLM batched tokens,batched tokens,8192,3,174.037,8162,7971,191,,ok
batched tokens 8192 - repeat 3,vLLM batched tokens,batched tokens,8192,3,174.563,8176,8021,155,,ok
batched tokens 8192 - repeat 3,vLLM batched tokens,batched tokens,8192,3,175.046,8241,8049,192,,ok
batched tokens 8192 - repeat 3,vLLM batched tokens,batched tokens,8192,3,175.51,8257,8065,192,,ok
batched tokens 8192 - repeat 3,vLLM batched tokens,batched tokens,8192,3,176.038,8285,8094,191,,ok
batched tokens 8192 - repeat 3,vLLM batched tokens,batched tokens,8192,3,176.527,8291,8099,192,,ok
batched tokens 8192 - repeat 3,vLLM batched tokens,batched tokens,8192,3,177.002,8341,8162,179,,ok
batched tokens 8192 - repeat 3,vLLM batched tokens,batched tokens,8192,3,177.509,8369,8177,192,,ok
batched tokens 8192 - repeat 3,vLLM batched tokens,batched tokens,8192,3,178.016,8385,8193,192,,ok
batched tokens 8192 - repeat 3,vLLM batched tokens,batched tokens,8192,3,178.525,8413,8222,191,,ok
batched tokens 8192 - repeat 3,vLLM batched tokens,batched tokens,8192,3,179.027,8419,8229,190,,ok
batched tokens 8192 - repeat 3,vLLM batched tokens,batched tokens,8192,3,179.54,8471,8290,181,,ok
