run_name,model_replicas,repeat,elapsed_seconds,tenant,priority,arrival_process,issued_requests,completed_requests,outstanding_requests,send_delay_seconds,safety_ceiling_state
realtime only - repeat 1,1,1,0,realtime-chat,100,poisson,0,0,0,,not_applicable
realtime only - repeat 1,1,1,1,realtime-chat,100,poisson,0,0,0,,not_applicable
realtime only - repeat 1,1,1,2,realtime-chat,100,poisson,0,0,0,,not_applicable
realtime only - repeat 1,1,1,3,realtime-chat,100,poisson,0,0,0,,not_applicable
realtime only - repeat 1,1,1,4,realtime-chat,100,poisson,0,0,0,,not_applicable
realtime only - repeat 1,1,1,5,realtime-chat,100,poisson,0,0,0,,not_applicable
realtime only - repeat 1,1,1,6,realtime-chat,100,poisson,0,0,0,,not_applicable
realtime only - repeat 1,1,1,7,realtime-chat,100,poisson,0,0,0,,not_applicable
realtime only - repeat 1,1,1,8,realtime-chat,100,poisson,0,0,0,,not_applicable
realtime only - repeat 1,1,1,9,realtime-chat,100,poisson,0,0,0,,not_applicable
realtime only - repeat 1,1,1,10,realtime-chat,100,poisson,0,0,0,,not_applicable
realtime only - repeat 1,1,1,11,realtime-chat,100,poisson,0,0,0,,not_applicable
realtime only - repeat 1,1,1,12,realtime-chat,100,poisson,0,0,0,,not_applicable
realtime only - repeat 1,1,1,13,realtime-chat,100,poisson,0,0,0,,not_applicable
realtime only - repeat 1,1,1,14,realtime-chat,100,poisson,0,0,0,,not_applicable
realtime only - repeat 1,1,1,15,realtime-chat,100,poisson,0,0,0,,not_applicable
realtime only - repeat 1,1,1,16,realtime-chat,100,poisson,0,0,0,,not_applicable
realtime only - repeat 1,1,1,17,realtime-chat,100,poisson,0,0,0,,not_applicable
realtime only - repeat 1,1,1,18,realtime-chat,100,poisson,0,0,0,,not_applicable
realtime only - repeat 1,1,1,19,realtime-chat,100,poisson,0,0,0,,not_applicable
realtime only - repeat 1,1,1,20,realtime-chat,100,poisson,0,0,0,,not_applicable
realtime only - repeat 1,1,1,21,realtime-chat,100,poisson,0,0,0,,not_applicable
realtime only - repeat 1,1,1,22,realtime-chat,100,poisson,0,0,0,,not_applicable
realtime only - repeat 1,1,1,23,realtime-chat,100,poisson,0,0,0,,not_applicable
realtime only - repeat 1,1,1,24,realtime-chat,100,poisson,0,0,0,,not_applicable
realtime only - repeat 1,1,1,25,realtime-chat,100,poisson,0,0,0,,not_applicable
realtime only - repeat 1,1,1,26,realtime-chat,100,poisson,0,0,0,,not_applicable
realtime only - repeat 1,1,1,27,realtime-chat,100,poisson,0,0,0,,not_applicable
realtime only - repeat 1,1,1,28,realtime-chat,100,poisson,0,0,0,,not_applicable
realtime only - repeat 1,1,1,29,realtime-chat,100,poisson,0,0,0,,not_applicable
realtime only - repeat 1,1,1,30,realtime-chat,100,poisson,0,0,0,,not_applicable
realtime only - repeat 1,1,1,31,realtime-chat,100,poisson,0,0,0,,not_applicable
realtime only - repeat 1,1,1,32,realtime-chat,100,poisson,0,0,0,,not_applicable
realtime only - repeat 1,1,1,33,realtime-chat,100,poisson,0,0,0,,not_applicable
realtime only - repeat 1,1,1,34,realtime-chat,100,poisson,0,0,0,,not_applicable
realtime only - repeat 1,1,1,35,realtime-chat,100,poisson,0,0,0,,not_applicable
realtime only - repeat 1,1,1,36,realtime-chat,100,poisson,0,0,0,,not_applicable
realtime only - repeat 1,1,1,37,realtime-chat,100,poisson,0,0,0,,not_applicable
realtime only - repeat 1,1,1,38,realtime-chat,100,poisson,0,0,0,,not_applicable
realtime only - repeat 1,1,1,39,realtime-chat,100,poisson,0,0,0,,not_applicable
realtime only - repeat 1,1,1,40,realtime-chat,100,poisson,0,0,0,,not_applicable
realtime only - repeat 1,1,1,41,realtime-chat,100,poisson,0,0,0,,not_applicable
realtime only - repeat 1,1,1,42,realtime-chat,100,poisson,0,0,0,,not_applicable
realtime only - repeat 1,1,1,43,realtime-chat,100,poisson,0,0,0,,not_applicable
realtime only - repeat 1,1,1,44,realtime-chat,100,poisson,0,0,0,,not_applicable
realtime only - repeat 1,1,1,45,realtime-chat,100,poisson,0,0,0,,not_applicable
realtime only - repeat 1,1,1,46,realtime-chat,100,poisson,0,0,0,,not_applicable
realtime only - repeat 1,1,1,47,realtime-chat,100,poisson,0,0,0,,not_applicable
realtime only - repeat 1,1,1,48,realtime-chat,100,poisson,0,0,0,,not_applicable
realtime only - repeat 1,1,1,49,realtime-chat,100,poisson,0,0,0,,not_applicable
realtime only - repeat 1,1,1,50,realtime-chat,100,poisson,0,0,0,,not_applicable
realtime only - repeat 1,1,1,51,realtime-chat,100,poisson,0,0,0,,not_applicable
realtime only - repeat 1,1,1,52,realtime-chat,100,poisson,0,0,0,,not_applicable
realtime only - repeat 1,1,1,53,realtime-chat,100,poisson,0,0,0,,not_applicable
realtime only - repeat 1,1,1,54,realtime-chat,100,poisson,0,0,0,,not_applicable
realtime only - repeat 1,1,1,55,realtime-chat,100,poisson,0,0,0,,not_applicable
realtime only - repeat 1,1,1,56,realtime-chat,100,poisson,0,0,0,,not_applicable
realtime only - repeat 1,1,1,57,realtime-chat,100,poisson,0,0,0,,not_applicable
realtime only - repeat 1,1,1,58,realtime-chat,100,poisson,0,0,0,,not_applicable
realtime only - repeat 1,1,1,59,realtime-chat,100,poisson,0,0,0,,not_applicable
realtime only - repeat 1,1,1,60,realtime-chat,100,poisson,0,0,0,,not_applicable
realtime only - repeat 1,1,1,61,realtime-chat,100,poisson,5,0,5,,not_applicable
realtime only - repeat 1,1,1,62,realtime-chat,100,poisson,6,6,0,,not_applicable
realtime only - repeat 1,1,1,63,realtime-chat,100,poisson,9,8,1,,not_applicable
realtime only - repeat 1,1,1,64,realtime-chat,100,poisson,13,9,4,,not_applicable
realtime only - repeat 1,1,1,65,realtime-chat,100,poisson,15,14,1,,not_applicable
realtime only - repeat 1,1,1,66,realtime-chat,100,poisson,17,16,1,,not_applicable
realtime only - repeat 1,1,1,67,realtime-chat,100,poisson,17,17,0,,not_applicable
realtime only - repeat 1,1,1,68,realtime-chat,100,poisson,19,19,0,,not_applicable
realtime only - repeat 1,1,1,69,realtime-chat,100,poisson,23,23,0,,not_applicable
realtime only - repeat 1,1,1,70,realtime-chat,100,poisson,26,23,3,,not_applicable
realtime only - repeat 1,1,1,71,realtime-chat,100,poisson,29,27,2,,not_applicable
realtime only - repeat 1,1,1,72,realtime-chat,100,poisson,32,29,3,,not_applicable
realtime only - repeat 1,1,1,73,realtime-chat,100,poisson,40,32,8,,not_applicable
realtime only - repeat 1,1,1,74,realtime-chat,100,poisson,43,40,3,,not_applicable
realtime only - repeat 1,1,1,75,realtime-chat,100,poisson,45,43,2,,not_applicable
realtime only - repeat 1,1,1,76,realtime-chat,100,poisson,47,46,1,,not_applicable
realtime only - repeat 1,1,1,77,realtime-chat,100,poisson,49,49,0,,not_applicable
realtime only - repeat 1,1,1,78,realtime-chat,100,poisson,52,50,2,,not_applicable
realtime only - repeat 1,1,1,79,realtime-chat,100,poisson,55,52,3,,not_applicable
realtime only - repeat 1,1,1,80,realtime-chat,100,poisson,57,56,1,,not_applicable
realtime only - repeat 1,1,1,81,realtime-chat,100,poisson,59,57,2,,not_applicable
realtime only - repeat 1,1,1,82,realtime-chat,100,poisson,62,61,1,,not_applicable
realtime only - repeat 1,1,1,83,realtime-chat,100,poisson,64,62,2,,not_applicable
realtime only - repeat 1,1,1,84,realtime-chat,100,poisson,71,66,5,,not_applicable
realtime only - repeat 1,1,1,85,realtime-chat,100,poisson,73,71,2,,not_applicable
realtime only - repeat 1,1,1,86,realtime-chat,100,poisson,75,74,1,,not_applicable
realtime only - repeat 1,1,1,87,realtime-chat,100,poisson,75,75,0,,not_applicable
realtime only - repeat 1,1,1,88,realtime-chat,100,poisson,79,75,4,,not_applicable
realtime only - repeat 1,1,1,89,realtime-chat,100,poisson,81,80,1,,not_applicable
realtime only - repeat 1,1,1,90,realtime-chat,100,poisson,81,81,0,,not_applicable
realtime only - repeat 1,1,1,91,realtime-chat,100,poisson,85,82,3,,not_applicable
realtime only - repeat 1,1,1,92,realtime-chat,100,poisson,89,86,3,,not_applicable
realtime only - repeat 1,1,1,93,realtime-chat,100,poisson,92,89,3,,not_applicable
realtime only - repeat 1,1,1,94,realtime-chat,100,poisson,98,94,4,,not_applicable
realtime only - repeat 1,1,1,95,realtime-chat,100,poisson,99,98,1,,not_applicable
realtime only - repeat 1,1,1,96,realtime-chat,100,poisson,104,100,4,,not_applicable
realtime only - repeat 1,1,1,97,realtime-chat,100,poisson,108,105,3,,not_applicable
realtime only - repeat 1,1,1,98,realtime-chat,100,poisson,112,108,4,,not_applicable
realtime only - repeat 1,1,1,99,realtime-chat,100,poisson,116,113,3,,not_applicable
realtime only - repeat 1,1,1,100,realtime-chat,100,poisson,125,115,10,,not_applicable
realtime only - repeat 1,1,1,101,realtime-chat,100,poisson,128,123,5,,not_applicable
realtime only - repeat 1,1,1,102,realtime-chat,100,poisson,133,130,3,,not_applicable
realtime only - repeat 1,1,1,103,realtime-chat,100,poisson,135,135,0,,not_applicable
realtime only - repeat 1,1,1,104,realtime-chat,100,poisson,139,136,3,,not_applicable
realtime only - repeat 1,1,1,105,realtime-chat,100,poisson,142,140,2,,not_applicable
realtime only - repeat 1,1,1,106,realtime-chat,100,poisson,143,142,1,,not_applicable
realtime only - repeat 1,1,1,107,realtime-chat,100,poisson,145,143,2,,not_applicable
realtime only - repeat 1,1,1,108,realtime-chat,100,poisson,150,148,2,,not_applicable
realtime only - repeat 1,1,1,109,realtime-chat,100,poisson,153,151,2,,not_applicable
realtime only - repeat 1,1,1,110,realtime-chat,100,poisson,155,155,0,,not_applicable
realtime only - repeat 1,1,1,111,realtime-chat,100,poisson,161,155,6,,not_applicable
realtime only - repeat 1,1,1,112,realtime-chat,100,poisson,164,161,3,,not_applicable
realtime only - repeat 1,1,1,113,realtime-chat,100,poisson,169,164,5,,not_applicable
realtime only - repeat 1,1,1,114,realtime-chat,100,poisson,171,169,2,,not_applicable
realtime only - repeat 1,1,1,115,realtime-chat,100,poisson,173,173,0,,not_applicable
realtime only - repeat 1,1,1,116,realtime-chat,100,poisson,175,173,2,,not_applicable
realtime only - repeat 1,1,1,117,realtime-chat,100,poisson,179,175,4,,not_applicable
realtime only - repeat 1,1,1,118,realtime-chat,100,poisson,183,179,4,,not_applicable
realtime only - repeat 1,1,1,119,realtime-chat,100,poisson,186,184,2,,not_applicable
realtime only - repeat 1,1,1,120,realtime-chat,100,poisson,188,187,1,,not_applicable
realtime only - repeat 1,1,1,121,realtime-chat,100,poisson,190,189,1,,not_applicable
realtime only - repeat 1,1,1,122,realtime-chat,100,poisson,193,190,3,,not_applicable
realtime only - repeat 1,1,1,123,realtime-chat,100,poisson,193,193,0,,not_applicable
realtime only - repeat 1,1,1,124,realtime-chat,100,poisson,195,194,1,,not_applicable
realtime only - repeat 1,1,1,125,realtime-chat,100,poisson,197,195,2,,not_applicable
realtime only - repeat 1,1,1,126,realtime-chat,100,poisson,197,197,0,,not_applicable
realtime only - repeat 1,1,1,127,realtime-chat,100,poisson,201,199,2,,not_applicable
realtime only - repeat 1,1,1,128,realtime-chat,100,poisson,204,202,2,,not_applicable
realtime only - repeat 1,1,1,129,realtime-chat,100,poisson,206,204,2,,not_applicable
realtime only - repeat 1,1,1,130,realtime-chat,100,poisson,208,208,0,,not_applicable
realtime only - repeat 1,1,1,131,realtime-chat,100,poisson,209,209,0,,not_applicable
realtime only - repeat 1,1,1,132,realtime-chat,100,poisson,210,210,0,,not_applicable
realtime only - repeat 1,1,1,133,realtime-chat,100,poisson,212,210,2,,not_applicable
realtime only - repeat 1,1,1,134,realtime-chat,100,poisson,215,214,1,,not_applicable
realtime only - repeat 1,1,1,135,realtime-chat,100,poisson,216,215,1,,not_applicable
realtime only - repeat 1,1,1,136,realtime-chat,100,poisson,218,217,1,,not_applicable
realtime only - repeat 1,1,1,137,realtime-chat,100,poisson,221,218,3,,not_applicable
realtime only - repeat 1,1,1,138,realtime-chat,100,poisson,227,221,6,,not_applicable
realtime only - repeat 1,1,1,139,realtime-chat,100,poisson,232,227,5,,not_applicable
realtime only - repeat 1,1,1,140,realtime-chat,100,poisson,235,232,3,,not_applicable
realtime only - repeat 1,1,1,141,realtime-chat,100,poisson,239,235,4,,not_applicable
realtime only - repeat 1,1,1,142,realtime-chat,100,poisson,244,239,5,,not_applicable
realtime only - repeat 1,1,1,143,realtime-chat,100,poisson,249,244,5,,not_applicable
realtime only - repeat 1,1,1,144,realtime-chat,100,poisson,250,249,1,,not_applicable
realtime only - repeat 1,1,1,145,realtime-chat,100,poisson,254,250,4,,not_applicable
realtime only - repeat 1,1,1,146,realtime-chat,100,poisson,258,255,3,,not_applicable
realtime only - repeat 1,1,1,147,realtime-chat,100,poisson,260,258,2,,not_applicable
realtime only - repeat 1,1,1,148,realtime-chat,100,poisson,264,260,4,,not_applicable
realtime only - repeat 1,1,1,149,realtime-chat,100,poisson,265,264,1,,not_applicable
realtime only - repeat 1,1,1,150,realtime-chat,100,poisson,265,265,0,,not_applicable
realtime only - repeat 1,1,1,151,realtime-chat,100,poisson,268,265,3,,not_applicable
realtime only - repeat 1,1,1,152,realtime-chat,100,poisson,268,268,0,,not_applicable
realtime only - repeat 1,1,1,153,realtime-chat,100,poisson,271,269,2,,not_applicable
realtime only - repeat 1,1,1,154,realtime-chat,100,poisson,275,272,3,,not_applicable
realtime only - repeat 1,1,1,155,realtime-chat,100,poisson,276,276,0,,not_applicable
realtime only - repeat 1,1,1,156,realtime-chat,100,poisson,279,277,2,,not_applicable
realtime only - repeat 1,1,1,157,realtime-chat,100,poisson,282,280,2,,not_applicable
realtime only - repeat 1,1,1,158,realtime-chat,100,poisson,282,282,0,,not_applicable
realtime only - repeat 1,1,1,159,realtime-chat,100,poisson,283,283,0,,not_applicable
realtime only - repeat 1,1,1,160,realtime-chat,100,poisson,284,283,1,,not_applicable
realtime only - repeat 1,1,1,161,realtime-chat,100,poisson,285,284,1,,not_applicable
realtime only - repeat 1,1,1,162,realtime-chat,100,poisson,290,288,2,,not_applicable
realtime only - repeat 1,1,1,163,realtime-chat,100,poisson,293,291,2,,not_applicable
realtime only - repeat 1,1,1,164,realtime-chat,100,poisson,294,293,1,,not_applicable
realtime only - repeat 1,1,1,165,realtime-chat,100,poisson,299,294,5,,not_applicable
realtime only - repeat 1,1,1,166,realtime-chat,100,poisson,301,299,2,,not_applicable
realtime only - repeat 1,1,1,167,realtime-chat,100,poisson,304,302,2,,not_applicable
realtime only - repeat 1,1,1,168,realtime-chat,100,poisson,305,305,0,,not_applicable
realtime only - repeat 1,1,1,169,realtime-chat,100,poisson,308,306,2,,not_applicable
realtime only - repeat 1,1,1,170,realtime-chat,100,poisson,313,309,4,,not_applicable
realtime only - repeat 1,1,1,171,realtime-chat,100,poisson,315,313,2,,not_applicable
realtime only - repeat 1,1,1,172,realtime-chat,100,poisson,318,315,3,,not_applicable
realtime only - repeat 1,1,1,173,realtime-chat,100,poisson,322,318,4,,not_applicable
realtime only - repeat 1,1,1,174,realtime-chat,100,poisson,329,320,9,,not_applicable
realtime only - repeat 1,1,1,175,realtime-chat,100,poisson,333,330,3,,not_applicable
realtime only - repeat 1,1,1,176,realtime-chat,100,poisson,336,335,1,,not_applicable
realtime only - repeat 1,1,1,177,realtime-chat,100,poisson,340,337,3,,not_applicable
realtime only - repeat 1,1,1,178,realtime-chat,100,poisson,344,342,2,,not_applicable
realtime only - repeat 1,1,1,179,realtime-chat,100,poisson,351,343,8,,not_applicable
realtime only - repeat 1,1,1,180,realtime-chat,100,poisson,354,351,3,,not_applicable
realtime only - repeat 1,1,1,181,realtime-chat,100,poisson,354,354,0,,not_applicable
realtime only - repeat 1,1,1,182,realtime-chat,100,poisson,354,354,0,,not_applicable
realtime only - repeat 1,1,1,183,realtime-chat,100,poisson,354,354,0,,not_applicable
realtime only - repeat 1,1,1,184,realtime-chat,100,poisson,354,354,0,,not_applicable
realtime only - repeat 1,1,1,185,realtime-chat,100,poisson,354,354,0,,not_applicable
realtime only - repeat 1,1,1,186,realtime-chat,100,poisson,354,354,0,,not_applicable
realtime only - repeat 1,1,1,187,realtime-chat,100,poisson,354,354,0,,not_applicable
realtime only - repeat 1,1,1,188,realtime-chat,100,poisson,354,354,0,,not_applicable
realtime only - repeat 1,1,1,189,realtime-chat,100,poisson,354,354,0,,not_applicable
realtime only - repeat 1,1,1,190,realtime-chat,100,poisson,354,354,0,,not_applicable
realtime only - repeat 1,1,1,191,realtime-chat,100,poisson,354,354,0,,not_applicable
realtime only - repeat 1,1,1,192,realtime-chat,100,poisson,354,354,0,,not_applicable
realtime only - repeat 1,1,1,193,realtime-chat,100,poisson,354,354,0,,not_applicable
realtime only - repeat 1,1,1,194,realtime-chat,100,poisson,354,354,0,,not_applicable
realtime only - repeat 1,1,1,195,realtime-chat,100,poisson,354,354,0,,not_applicable
realtime only - repeat 1,1,1,196,realtime-chat,100,poisson,354,354,0,,not_applicable
realtime only - repeat 1,1,1,197,realtime-chat,100,poisson,354,354,0,,not_applicable
realtime only - repeat 1,1,1,198,realtime-chat,100,poisson,354,354,0,,not_applicable
realtime only - repeat 1,1,1,199,realtime-chat,100,poisson,354,354,0,,not_applicable
realtime only - repeat 1,1,1,200,realtime-chat,100,poisson,354,354,0,,not_applicable
realtime only - repeat 1,1,1,201,realtime-chat,100,poisson,354,354,0,,not_applicable
realtime only - repeat 1,1,1,202,realtime-chat,100,poisson,354,354,0,,not_applicable
realtime only - repeat 1,1,1,203,realtime-chat,100,poisson,354,354,0,,not_applicable
realtime only - repeat 1,1,1,204,realtime-chat,100,poisson,354,354,0,,not_applicable
realtime only - repeat 1,1,1,205,realtime-chat,100,poisson,354,354,0,,not_applicable
realtime only - repeat 1,1,1,206,realtime-chat,100,poisson,354,354,0,,not_applicable
realtime only - repeat 1,1,1,207,realtime-chat,100,poisson,354,354,0,,not_applicable
realtime only - repeat 1,1,1,208,realtime-chat,100,poisson,354,354,0,,not_applicable
realtime only - repeat 1,1,1,209,realtime-chat,100,poisson,354,354,0,,not_applicable
realtime only - repeat 1,1,1,210,realtime-chat,100,poisson,354,354,0,,not_applicable
realtime only - repeat 1,1,1,211,realtime-chat,100,poisson,354,354,0,,not_applicable
realtime only - repeat 1,1,1,212,realtime-chat,100,poisson,354,354,0,,not_applicable
realtime only - repeat 1,1,1,213,realtime-chat,100,poisson,354,354,0,,not_applicable
realtime only - repeat 1,1,1,214,realtime-chat,100,poisson,354,354,0,,not_applicable
realtime only - repeat 1,1,1,215,realtime-chat,100,poisson,354,354,0,,not_applicable
realtime only - repeat 1,1,1,216,realtime-chat,100,poisson,354,354,0,,not_applicable
realtime only - repeat 1,1,1,217,realtime-chat,100,poisson,354,354,0,,not_applicable
realtime only - repeat 1,1,1,218,realtime-chat,100,poisson,354,354,0,,not_applicable
realtime only - repeat 1,1,1,219,realtime-chat,100,poisson,354,354,0,,not_applicable
realtime only - repeat 1,1,1,220,realtime-chat,100,poisson,354,354,0,,not_applicable
realtime only - repeat 1,1,1,221,realtime-chat,100,poisson,354,354,0,,not_applicable
realtime only - repeat 1,1,1,222,realtime-chat,100,poisson,354,354,0,,not_applicable
realtime only - repeat 1,1,1,223,realtime-chat,100,poisson,354,354,0,,not_applicable
realtime only - repeat 1,1,1,224,realtime-chat,100,poisson,354,354,0,,not_applicable
realtime only - repeat 1,1,1,225,realtime-chat,100,poisson,354,354,0,,not_applicable
realtime only - repeat 1,1,1,226,realtime-chat,100,poisson,354,354,0,,not_applicable
realtime only - repeat 1,1,1,227,realtime-chat,100,poisson,354,354,0,,not_applicable
realtime only - repeat 1,1,1,228,realtime-chat,100,poisson,354,354,0,,not_applicable
realtime only - repeat 1,1,1,229,realtime-chat,100,poisson,354,354,0,,not_applicable
realtime only - repeat 1,1,1,230,realtime-chat,100,poisson,354,354,0,,not_applicable
realtime only - repeat 1,1,1,231,realtime-chat,100,poisson,354,354,0,,not_applicable
realtime only - repeat 1,1,1,232,realtime-chat,100,poisson,354,354,0,,not_applicable
realtime only - repeat 1,1,1,233,realtime-chat,100,poisson,354,354,0,,not_applicable
realtime only - repeat 1,1,1,234,realtime-chat,100,poisson,354,354,0,,not_applicable
realtime only - repeat 1,1,1,235,realtime-chat,100,poisson,354,354,0,,not_applicable
realtime only - repeat 1,1,1,236,realtime-chat,100,poisson,354,354,0,,not_applicable
realtime only - repeat 1,1,1,237,realtime-chat,100,poisson,354,354,0,,not_applicable
realtime only - repeat 1,1,1,238,realtime-chat,100,poisson,354,354,0,,not_applicable
realtime only - repeat 1,1,1,239,realtime-chat,100,poisson,354,354,0,,not_applicable
realtime only - repeat 1,1,1,240,realtime-chat,100,poisson,354,354,0,,not_applicable
realtime only - repeat 2,1,2,0,realtime-chat,100,poisson,0,0,0,,not_applicable
realtime only - repeat 2,1,2,1,realtime-chat,100,poisson,0,0,0,,not_applicable
realtime only - repeat 2,1,2,2,realtime-chat,100,poisson,0,0,0,,not_applicable
realtime only - repeat 2,1,2,3,realtime-chat,100,poisson,0,0,0,,not_applicable
realtime only - repeat 2,1,2,4,realtime-chat,100,poisson,0,0,0,,not_applicable
realtime only - repeat 2,1,2,5,realtime-chat,100,poisson,0,0,0,,not_applicable
realtime only - repeat 2,1,2,6,realtime-chat,100,poisson,0,0,0,,not_applicable
realtime only - repeat 2,1,2,7,realtime-chat,100,poisson,0,0,0,,not_applicable
realtime only - repeat 2,1,2,8,realtime-chat,100,poisson,0,0,0,,not_applicable
realtime only - repeat 2,1,2,9,realtime-chat,100,poisson,0,0,0,,not_applicable
realtime only - repeat 2,1,2,10,realtime-chat,100,poisson,0,0,0,,not_applicable
realtime only - repeat 2,1,2,11,realtime-chat,100,poisson,0,0,0,,not_applicable
realtime only - repeat 2,1,2,12,realtime-chat,100,poisson,0,0,0,,not_applicable
realtime only - repeat 2,1,2,13,realtime-chat,100,poisson,0,0,0,,not_applicable
realtime only - repeat 2,1,2,14,realtime-chat,100,poisson,0,0,0,,not_applicable
realtime only - repeat 2,1,2,15,realtime-chat,100,poisson,0,0,0,,not_applicable
realtime only - repeat 2,1,2,16,realtime-chat,100,poisson,0,0,0,,not_applicable
realtime only - repeat 2,1,2,17,realtime-chat,100,poisson,0,0,0,,not_applicable
realtime only - repeat 2,1,2,18,realtime-chat,100,poisson,0,0,0,,not_applicable
realtime only - repeat 2,1,2,19,realtime-chat,100,poisson,0,0,0,,not_applicable
realtime only - repeat 2,1,2,20,realtime-chat,100,poisson,0,0,0,,not_applicable
realtime only - repeat 2,1,2,21,realtime-chat,100,poisson,0,0,0,,not_applicable
realtime only - repeat 2,1,2,22,realtime-chat,100,poisson,0,0,0,,not_applicable
realtime only - repeat 2,1,2,23,realtime-chat,100,poisson,0,0,0,,not_applicable
realtime only - repeat 2,1,2,24,realtime-chat,100,poisson,0,0,0,,not_applicable
realtime only - repeat 2,1,2,25,realtime-chat,100,poisson,0,0,0,,not_applicable
realtime only - repeat 2,1,2,26,realtime-chat,100,poisson,0,0,0,,not_applicable
realtime only - repeat 2,1,2,27,realtime-chat,100,poisson,0,0,0,,not_applicable
realtime only - repeat 2,1,2,28,realtime-chat,100,poisson,0,0,0,,not_applicable
realtime only - repeat 2,1,2,29,realtime-chat,100,poisson,0,0,0,,not_applicable
realtime only - repeat 2,1,2,30,realtime-chat,100,poisson,0,0,0,,not_applicable
realtime only - repeat 2,1,2,31,realtime-chat,100,poisson,0,0,0,,not_applicable
realtime only - repeat 2,1,2,32,realtime-chat,100,poisson,0,0,0,,not_applicable
realtime only - repeat 2,1,2,33,realtime-chat,100,poisson,0,0,0,,not_applicable
realtime only - repeat 2,1,2,34,realtime-chat,100,poisson,0,0,0,,not_applicable
realtime only - repeat 2,1,2,35,realtime-chat,100,poisson,0,0,0,,not_applicable
realtime only - repeat 2,1,2,36,realtime-chat,100,poisson,0,0,0,,not_applicable
realtime only - repeat 2,1,2,37,realtime-chat,100,poisson,0,0,0,,not_applicable
realtime only - repeat 2,1,2,38,realtime-chat,100,poisson,0,0,0,,not_applicable
realtime only - repeat 2,1,2,39,realtime-chat,100,poisson,0,0,0,,not_applicable
realtime only - repeat 2,1,2,40,realtime-chat,100,poisson,0,0,0,,not_applicable
realtime only - repeat 2,1,2,41,realtime-chat,100,poisson,0,0,0,,not_applicable
realtime only - repeat 2,1,2,42,realtime-chat,100,poisson,0,0,0,,not_applicable
realtime only - repeat 2,1,2,43,realtime-chat,100,poisson,0,0,0,,not_applicable
realtime only - repeat 2,1,2,44,realtime-chat,100,poisson,0,0,0,,not_applicable
realtime only - repeat 2,1,2,45,realtime-chat,100,poisson,0,0,0,,not_applicable
realtime only - repeat 2,1,2,46,realtime-chat,100,poisson,0,0,0,,not_applicable
realtime only - repeat 2,1,2,47,realtime-chat,100,poisson,0,0,0,,not_applicable
realtime only - repeat 2,1,2,48,realtime-chat,100,poisson,0,0,0,,not_applicable
realtime only - repeat 2,1,2,49,realtime-chat,100,poisson,0,0,0,,not_applicable
realtime only - repeat 2,1,2,50,realtime-chat,100,poisson,0,0,0,,not_applicable
realtime only - repeat 2,1,2,51,realtime-chat,100,poisson,0,0,0,,not_applicable
realtime only - repeat 2,1,2,52,realtime-chat,100,poisson,0,0,0,,not_applicable
realtime only - repeat 2,1,2,53,realtime-chat,100,poisson,0,0,0,,not_applicable
realtime only - repeat 2,1,2,54,realtime-chat,100,poisson,0,0,0,,not_applicable
realtime only - repeat 2,1,2,55,realtime-chat,100,poisson,0,0,0,,not_applicable
realtime only - repeat 2,1,2,56,realtime-chat,100,poisson,0,0,0,,not_applicable
realtime only - repeat 2,1,2,57,realtime-chat,100,poisson,0,0,0,,not_applicable
realtime only - repeat 2,1,2,58,realtime-chat,100,poisson,0,0,0,,not_applicable
realtime only - repeat 2,1,2,59,realtime-chat,100,poisson,0,0,0,,not_applicable
realtime only - repeat 2,1,2,60,realtime-chat,100,poisson,0,0,0,,not_applicable
realtime only - repeat 2,1,2,61,realtime-chat,100,poisson,5,0,5,,not_applicable
realtime only - repeat 2,1,2,62,realtime-chat,100,poisson,6,6,0,,not_applicable
realtime only - repeat 2,1,2,63,realtime-chat,100,poisson,9,8,1,,not_applicable
realtime only - repeat 2,1,2,64,realtime-chat,100,poisson,13,9,4,,not_applicable
realtime only - repeat 2,1,2,65,realtime-chat,100,poisson,15,14,1,,not_applicable
realtime only - repeat 2,1,2,66,realtime-chat,100,poisson,17,16,1,,not_applicable
realtime only - repeat 2,1,2,67,realtime-chat,100,poisson,17,17,0,,not_applicable
realtime only - repeat 2,1,2,68,realtime-chat,100,poisson,19,19,0,,not_applicable
realtime only - repeat 2,1,2,69,realtime-chat,100,poisson,23,23,0,,not_applicable
realtime only - repeat 2,1,2,70,realtime-chat,100,poisson,26,23,3,,not_applicable
realtime only - repeat 2,1,2,71,realtime-chat,100,poisson,29,27,2,,not_applicable
realtime only - repeat 2,1,2,72,realtime-chat,100,poisson,32,29,3,,not_applicable
realtime only - repeat 2,1,2,73,realtime-chat,100,poisson,40,32,8,,not_applicable
realtime only - repeat 2,1,2,74,realtime-chat,100,poisson,43,40,3,,not_applicable
realtime only - repeat 2,1,2,75,realtime-chat,100,poisson,45,43,2,,not_applicable
realtime only - repeat 2,1,2,76,realtime-chat,100,poisson,47,46,1,,not_applicable
realtime only - repeat 2,1,2,77,realtime-chat,100,poisson,49,49,0,,not_applicable
realtime only - repeat 2,1,2,78,realtime-chat,100,poisson,52,50,2,,not_applicable
realtime only - repeat 2,1,2,79,realtime-chat,100,poisson,55,52,3,,not_applicable
realtime only - repeat 2,1,2,80,realtime-chat,100,poisson,57,56,1,,not_applicable
realtime only - repeat 2,1,2,81,realtime-chat,100,poisson,59,57,2,,not_applicable
realtime only - repeat 2,1,2,82,realtime-chat,100,poisson,62,61,1,,not_applicable
realtime only - repeat 2,1,2,83,realtime-chat,100,poisson,64,62,2,,not_applicable
realtime only - repeat 2,1,2,84,realtime-chat,100,poisson,71,64,7,,not_applicable
realtime only - repeat 2,1,2,85,realtime-chat,100,poisson,73,71,2,,not_applicable
realtime only - repeat 2,1,2,86,realtime-chat,100,poisson,75,74,1,,not_applicable
realtime only - repeat 2,1,2,87,realtime-chat,100,poisson,75,75,0,,not_applicable
realtime only - repeat 2,1,2,88,realtime-chat,100,poisson,79,75,4,,not_applicable
realtime only - repeat 2,1,2,89,realtime-chat,100,poisson,81,80,1,,not_applicable
realtime only - repeat 2,1,2,90,realtime-chat,100,poisson,81,81,0,,not_applicable
realtime only - repeat 2,1,2,91,realtime-chat,100,poisson,85,82,3,,not_applicable
realtime only - repeat 2,1,2,92,realtime-chat,100,poisson,89,86,3,,not_applicable
realtime only - repeat 2,1,2,93,realtime-chat,100,poisson,92,89,3,,not_applicable
realtime only - repeat 2,1,2,94,realtime-chat,100,poisson,98,94,4,,not_applicable
realtime only - repeat 2,1,2,95,realtime-chat,100,poisson,99,98,1,,not_applicable
realtime only - repeat 2,1,2,96,realtime-chat,100,poisson,104,100,4,,not_applicable
realtime only - repeat 2,1,2,97,realtime-chat,100,poisson,108,105,3,,not_applicable
realtime only - repeat 2,1,2,98,realtime-chat,100,poisson,112,108,4,,not_applicable
realtime only - repeat 2,1,2,99,realtime-chat,100,poisson,116,113,3,,not_applicable
realtime only - repeat 2,1,2,100,realtime-chat,100,poisson,125,115,10,,not_applicable
realtime only - repeat 2,1,2,101,realtime-chat,100,poisson,128,127,1,,not_applicable
realtime only - repeat 2,1,2,102,realtime-chat,100,poisson,133,131,2,,not_applicable
realtime only - repeat 2,1,2,103,realtime-chat,100,poisson,135,135,0,,not_applicable
realtime only - repeat 2,1,2,104,realtime-chat,100,poisson,139,136,3,,not_applicable
realtime only - repeat 2,1,2,105,realtime-chat,100,poisson,142,140,2,,not_applicable
realtime only - repeat 2,1,2,106,realtime-chat,100,poisson,143,142,1,,not_applicable
realtime only - repeat 2,1,2,107,realtime-chat,100,poisson,145,143,2,,not_applicable
realtime only - repeat 2,1,2,108,realtime-chat,100,poisson,150,148,2,,not_applicable
realtime only - repeat 2,1,2,109,realtime-chat,100,poisson,153,151,2,,not_applicable
realtime only - repeat 2,1,2,110,realtime-chat,100,poisson,155,154,1,,not_applicable
realtime only - repeat 2,1,2,111,realtime-chat,100,poisson,161,155,6,,not_applicable
realtime only - repeat 2,1,2,112,realtime-chat,100,poisson,164,161,3,,not_applicable
realtime only - repeat 2,1,2,113,realtime-chat,100,poisson,169,164,5,,not_applicable
realtime only - repeat 2,1,2,114,realtime-chat,100,poisson,171,169,2,,not_applicable
realtime only - repeat 2,1,2,115,realtime-chat,100,poisson,173,173,0,,not_applicable
realtime only - repeat 2,1,2,116,realtime-chat,100,poisson,175,173,2,,not_applicable
realtime only - repeat 2,1,2,117,realtime-chat,100,poisson,179,175,4,,not_applicable
realtime only - repeat 2,1,2,118,realtime-chat,100,poisson,183,179,4,,not_applicable
realtime only - repeat 2,1,2,119,realtime-chat,100,poisson,186,184,2,,not_applicable
realtime only - repeat 2,1,2,120,realtime-chat,100,poisson,188,187,1,,not_applicable
realtime only - repeat 2,1,2,121,realtime-chat,100,poisson,190,189,1,,not_applicable
realtime only - repeat 2,1,2,122,realtime-chat,100,poisson,193,190,3,,not_applicable
realtime only - repeat 2,1,2,123,realtime-chat,100,poisson,193,193,0,,not_applicable
realtime only - repeat 2,1,2,124,realtime-chat,100,poisson,195,194,1,,not_applicable
realtime only - repeat 2,1,2,125,realtime-chat,100,poisson,197,195,2,,not_applicable
realtime only - repeat 2,1,2,126,realtime-chat,100,poisson,197,197,0,,not_applicable
realtime only - repeat 2,1,2,127,realtime-chat,100,poisson,201,199,2,,not_applicable
realtime only - repeat 2,1,2,128,realtime-chat,100,poisson,204,202,2,,not_applicable
realtime only - repeat 2,1,2,129,realtime-chat,100,poisson,206,204,2,,not_applicable
realtime only - repeat 2,1,2,130,realtime-chat,100,poisson,208,208,0,,not_applicable
realtime only - repeat 2,1,2,131,realtime-chat,100,poisson,209,209,0,,not_applicable
realtime only - repeat 2,1,2,132,realtime-chat,100,poisson,210,210,0,,not_applicable
realtime only - repeat 2,1,2,133,realtime-chat,100,poisson,212,210,2,,not_applicable
realtime only - repeat 2,1,2,134,realtime-chat,100,poisson,215,214,1,,not_applicable
realtime only - repeat 2,1,2,135,realtime-chat,100,poisson,216,215,1,,not_applicable
realtime only - repeat 2,1,2,136,realtime-chat,100,poisson,218,217,1,,not_applicable
realtime only - repeat 2,1,2,137,realtime-chat,100,poisson,221,218,3,,not_applicable
realtime only - repeat 2,1,2,138,realtime-chat,100,poisson,227,221,6,,not_applicable
realtime only - repeat 2,1,2,139,realtime-chat,100,poisson,232,227,5,,not_applicable
realtime only - repeat 2,1,2,140,realtime-chat,100,poisson,235,232,3,,not_applicable
realtime only - repeat 2,1,2,141,realtime-chat,100,poisson,239,235,4,,not_applicable
realtime only - repeat 2,1,2,142,realtime-chat,100,poisson,244,239,5,,not_applicable
realtime only - repeat 2,1,2,143,realtime-chat,100,poisson,249,244,5,,not_applicable
realtime only - repeat 2,1,2,144,realtime-chat,100,poisson,250,249,1,,not_applicable
realtime only - repeat 2,1,2,145,realtime-chat,100,poisson,254,250,4,,not_applicable
realtime only - repeat 2,1,2,146,realtime-chat,100,poisson,258,255,3,,not_applicable
realtime only - repeat 2,1,2,147,realtime-chat,100,poisson,260,258,2,,not_applicable
realtime only - repeat 2,1,2,148,realtime-chat,100,poisson,264,261,3,,not_applicable
realtime only - repeat 2,1,2,149,realtime-chat,100,poisson,265,264,1,,not_applicable
realtime only - repeat 2,1,2,150,realtime-chat,100,poisson,265,265,0,,not_applicable
realtime only - repeat 2,1,2,151,realtime-chat,100,poisson,268,265,3,,not_applicable
realtime only - repeat 2,1,2,152,realtime-chat,100,poisson,268,268,0,,not_applicable
realtime only - repeat 2,1,2,153,realtime-chat,100,poisson,271,269,2,,not_applicable
realtime only - repeat 2,1,2,154,realtime-chat,100,poisson,275,272,3,,not_applicable
realtime only - repeat 2,1,2,155,realtime-chat,100,poisson,276,276,0,,not_applicable
realtime only - repeat 2,1,2,156,realtime-chat,100,poisson,279,277,2,,not_applicable
realtime only - repeat 2,1,2,157,realtime-chat,100,poisson,282,280,2,,not_applicable
realtime only - repeat 2,1,2,158,realtime-chat,100,poisson,282,282,0,,not_applicable
realtime only - repeat 2,1,2,159,realtime-chat,100,poisson,283,283,0,,not_applicable
realtime only - repeat 2,1,2,160,realtime-chat,100,poisson,284,283,1,,not_applicable
realtime only - repeat 2,1,2,161,realtime-chat,100,poisson,285,284,1,,not_applicable
realtime only - repeat 2,1,2,162,realtime-chat,100,poisson,290,288,2,,not_applicable
realtime only - repeat 2,1,2,163,realtime-chat,100,poisson,293,291,2,,not_applicable
realtime only - repeat 2,1,2,164,realtime-chat,100,poisson,294,293,1,,not_applicable
realtime only - repeat 2,1,2,165,realtime-chat,100,poisson,299,294,5,,not_applicable
realtime only - repeat 2,1,2,166,realtime-chat,100,poisson,301,299,2,,not_applicable
realtime only - repeat 2,1,2,167,realtime-chat,100,poisson,304,301,3,,not_applicable
realtime only - repeat 2,1,2,168,realtime-chat,100,poisson,305,305,0,,not_applicable
realtime only - repeat 2,1,2,169,realtime-chat,100,poisson,308,306,2,,not_applicable
realtime only - repeat 2,1,2,170,realtime-chat,100,poisson,313,308,5,,not_applicable
realtime only - repeat 2,1,2,171,realtime-chat,100,poisson,315,313,2,,not_applicable
realtime only - repeat 2,1,2,172,realtime-chat,100,poisson,318,315,3,,not_applicable
realtime only - repeat 2,1,2,173,realtime-chat,100,poisson,322,318,4,,not_applicable
realtime only - repeat 2,1,2,174,realtime-chat,100,poisson,329,320,9,,not_applicable
realtime only - repeat 2,1,2,175,realtime-chat,100,poisson,333,330,3,,not_applicable
realtime only - repeat 2,1,2,176,realtime-chat,100,poisson,336,335,1,,not_applicable
realtime only - repeat 2,1,2,177,realtime-chat,100,poisson,340,337,3,,not_applicable
realtime only - repeat 2,1,2,178,realtime-chat,100,poisson,344,342,2,,not_applicable
realtime only - repeat 2,1,2,179,realtime-chat,100,poisson,351,343,8,,not_applicable
realtime only - repeat 2,1,2,180,realtime-chat,100,poisson,354,351,3,,not_applicable
realtime only - repeat 2,1,2,181,realtime-chat,100,poisson,354,354,0,,not_applicable
realtime only - repeat 2,1,2,182,realtime-chat,100,poisson,354,354,0,,not_applicable
realtime only - repeat 2,1,2,183,realtime-chat,100,poisson,354,354,0,,not_applicable
realtime only - repeat 2,1,2,184,realtime-chat,100,poisson,354,354,0,,not_applicable
realtime only - repeat 2,1,2,185,realtime-chat,100,poisson,354,354,0,,not_applicable
realtime only - repeat 2,1,2,186,realtime-chat,100,poisson,354,354,0,,not_applicable
realtime only - repeat 2,1,2,187,realtime-chat,100,poisson,354,354,0,,not_applicable
realtime only - repeat 2,1,2,188,realtime-chat,100,poisson,354,354,0,,not_applicable
realtime only - repeat 2,1,2,189,realtime-chat,100,poisson,354,354,0,,not_applicable
realtime only - repeat 2,1,2,190,realtime-chat,100,poisson,354,354,0,,not_applicable
realtime only - repeat 2,1,2,191,realtime-chat,100,poisson,354,354,0,,not_applicable
realtime only - repeat 2,1,2,192,realtime-chat,100,poisson,354,354,0,,not_applicable
realtime only - repeat 2,1,2,193,realtime-chat,100,poisson,354,354,0,,not_applicable
realtime only - repeat 2,1,2,194,realtime-chat,100,poisson,354,354,0,,not_applicable
realtime only - repeat 2,1,2,195,realtime-chat,100,poisson,354,354,0,,not_applicable
realtime only - repeat 2,1,2,196,realtime-chat,100,poisson,354,354,0,,not_applicable
realtime only - repeat 2,1,2,197,realtime-chat,100,poisson,354,354,0,,not_applicable
realtime only - repeat 2,1,2,198,realtime-chat,100,poisson,354,354,0,,not_applicable
realtime only - repeat 2,1,2,199,realtime-chat,100,poisson,354,354,0,,not_applicable
realtime only - repeat 2,1,2,200,realtime-chat,100,poisson,354,354,0,,not_applicable
realtime only - repeat 2,1,2,201,realtime-chat,100,poisson,354,354,0,,not_applicable
realtime only - repeat 2,1,2,202,realtime-chat,100,poisson,354,354,0,,not_applicable
realtime only - repeat 2,1,2,203,realtime-chat,100,poisson,354,354,0,,not_applicable
realtime only - repeat 2,1,2,204,realtime-chat,100,poisson,354,354,0,,not_applicable
realtime only - repeat 2,1,2,205,realtime-chat,100,poisson,354,354,0,,not_applicable
realtime only - repeat 2,1,2,206,realtime-chat,100,poisson,354,354,0,,not_applicable
realtime only - repeat 2,1,2,207,realtime-chat,100,poisson,354,354,0,,not_applicable
realtime only - repeat 2,1,2,208,realtime-chat,100,poisson,354,354,0,,not_applicable
realtime only - repeat 2,1,2,209,realtime-chat,100,poisson,354,354,0,,not_applicable
realtime only - repeat 2,1,2,210,realtime-chat,100,poisson,354,354,0,,not_applicable
realtime only - repeat 2,1,2,211,realtime-chat,100,poisson,354,354,0,,not_applicable
realtime only - repeat 2,1,2,212,realtime-chat,100,poisson,354,354,0,,not_applicable
realtime only - repeat 2,1,2,213,realtime-chat,100,poisson,354,354,0,,not_applicable
realtime only - repeat 2,1,2,214,realtime-chat,100,poisson,354,354,0,,not_applicable
realtime only - repeat 2,1,2,215,realtime-chat,100,poisson,354,354,0,,not_applicable
realtime only - repeat 2,1,2,216,realtime-chat,100,poisson,354,354,0,,not_applicable
realtime only - repeat 2,1,2,217,realtime-chat,100,poisson,354,354,0,,not_applicable
realtime only - repeat 2,1,2,218,realtime-chat,100,poisson,354,354,0,,not_applicable
realtime only - repeat 2,1,2,219,realtime-chat,100,poisson,354,354,0,,not_applicable
realtime only - repeat 2,1,2,220,realtime-chat,100,poisson,354,354,0,,not_applicable
realtime only - repeat 2,1,2,221,realtime-chat,100,poisson,354,354,0,,not_applicable
realtime only - repeat 2,1,2,222,realtime-chat,100,poisson,354,354,0,,not_applicable
realtime only - repeat 2,1,2,223,realtime-chat,100,poisson,354,354,0,,not_applicable
realtime only - repeat 2,1,2,224,realtime-chat,100,poisson,354,354,0,,not_applicable
realtime only - repeat 2,1,2,225,realtime-chat,100,poisson,354,354,0,,not_applicable
realtime only - repeat 2,1,2,226,realtime-chat,100,poisson,354,354,0,,not_applicable
realtime only - repeat 2,1,2,227,realtime-chat,100,poisson,354,354,0,,not_applicable
realtime only - repeat 2,1,2,228,realtime-chat,100,poisson,354,354,0,,not_applicable
realtime only - repeat 2,1,2,229,realtime-chat,100,poisson,354,354,0,,not_applicable
realtime only - repeat 2,1,2,230,realtime-chat,100,poisson,354,354,0,,not_applicable
realtime only - repeat 2,1,2,231,realtime-chat,100,poisson,354,354,0,,not_applicable
realtime only - repeat 2,1,2,232,realtime-chat,100,poisson,354,354,0,,not_applicable
realtime only - repeat 2,1,2,233,realtime-chat,100,poisson,354,354,0,,not_applicable
realtime only - repeat 2,1,2,234,realtime-chat,100,poisson,354,354,0,,not_applicable
realtime only - repeat 2,1,2,235,realtime-chat,100,poisson,354,354,0,,not_applicable
realtime only - repeat 2,1,2,236,realtime-chat,100,poisson,354,354,0,,not_applicable
realtime only - repeat 2,1,2,237,realtime-chat,100,poisson,354,354,0,,not_applicable
realtime only - repeat 2,1,2,238,realtime-chat,100,poisson,354,354,0,,not_applicable
realtime only - repeat 2,1,2,239,realtime-chat,100,poisson,354,354,0,,not_applicable
realtime only - repeat 2,1,2,240,realtime-chat,100,poisson,354,354,0,,not_applicable
realtime only - repeat 3,1,3,0,realtime-chat,100,poisson,0,0,0,,not_applicable
realtime only - repeat 3,1,3,1,realtime-chat,100,poisson,0,0,0,,not_applicable
realtime only - repeat 3,1,3,2,realtime-chat,100,poisson,0,0,0,,not_applicable
realtime only - repeat 3,1,3,3,realtime-chat,100,poisson,0,0,0,,not_applicable
realtime only - repeat 3,1,3,4,realtime-chat,100,poisson,0,0,0,,not_applicable
realtime only - repeat 3,1,3,5,realtime-chat,100,poisson,0,0,0,,not_applicable
realtime only - repeat 3,1,3,6,realtime-chat,100,poisson,0,0,0,,not_applicable
realtime only - repeat 3,1,3,7,realtime-chat,100,poisson,0,0,0,,not_applicable
realtime only - repeat 3,1,3,8,realtime-chat,100,poisson,0,0,0,,not_applicable
realtime only - repeat 3,1,3,9,realtime-chat,100,poisson,0,0,0,,not_applicable
realtime only - repeat 3,1,3,10,realtime-chat,100,poisson,0,0,0,,not_applicable
realtime only - repeat 3,1,3,11,realtime-chat,100,poisson,0,0,0,,not_applicable
realtime only - repeat 3,1,3,12,realtime-chat,100,poisson,0,0,0,,not_applicable
realtime only - repeat 3,1,3,13,realtime-chat,100,poisson,0,0,0,,not_applicable
realtime only - repeat 3,1,3,14,realtime-chat,100,poisson,0,0,0,,not_applicable
realtime only - repeat 3,1,3,15,realtime-chat,100,poisson,0,0,0,,not_applicable
realtime only - repeat 3,1,3,16,realtime-chat,100,poisson,0,0,0,,not_applicable
realtime only - repeat 3,1,3,17,realtime-chat,100,poisson,0,0,0,,not_applicable
realtime only - repeat 3,1,3,18,realtime-chat,100,poisson,0,0,0,,not_applicable
realtime only - repeat 3,1,3,19,realtime-chat,100,poisson,0,0,0,,not_applicable
realtime only - repeat 3,1,3,20,realtime-chat,100,poisson,0,0,0,,not_applicable
realtime only - repeat 3,1,3,21,realtime-chat,100,poisson,0,0,0,,not_applicable
realtime only - repeat 3,1,3,22,realtime-chat,100,poisson,0,0,0,,not_applicable
realtime only - repeat 3,1,3,23,realtime-chat,100,poisson,0,0,0,,not_applicable
realtime only - repeat 3,1,3,24,realtime-chat,100,poisson,0,0,0,,not_applicable
realtime only - repeat 3,1,3,25,realtime-chat,100,poisson,0,0,0,,not_applicable
realtime only - repeat 3,1,3,26,realtime-chat,100,poisson,0,0,0,,not_applicable
realtime only - repeat 3,1,3,27,realtime-chat,100,poisson,0,0,0,,not_applicable
realtime only - repeat 3,1,3,28,realtime-chat,100,poisson,0,0,0,,not_applicable
realtime only - repeat 3,1,3,29,realtime-chat,100,poisson,0,0,0,,not_applicable
realtime only - repeat 3,1,3,30,realtime-chat,100,poisson,0,0,0,,not_applicable
realtime only - repeat 3,1,3,31,realtime-chat,100,poisson,0,0,0,,not_applicable
realtime only - repeat 3,1,3,32,realtime-chat,100,poisson,0,0,0,,not_applicable
realtime only - repeat 3,1,3,33,realtime-chat,100,poisson,0,0,0,,not_applicable
realtime only - repeat 3,1,3,34,realtime-chat,100,poisson,0,0,0,,not_applicable
realtime only - repeat 3,1,3,35,realtime-chat,100,poisson,0,0,0,,not_applicable
realtime only - repeat 3,1,3,36,realtime-chat,100,poisson,0,0,0,,not_applicable
realtime only - repeat 3,1,3,37,realtime-chat,100,poisson,0,0,0,,not_applicable
realtime only - repeat 3,1,3,38,realtime-chat,100,poisson,0,0,0,,not_applicable
realtime only - repeat 3,1,3,39,realtime-chat,100,poisson,0,0,0,,not_applicable
realtime only - repeat 3,1,3,40,realtime-chat,100,poisson,0,0,0,,not_applicable
realtime only - repeat 3,1,3,41,realtime-chat,100,poisson,0,0,0,,not_applicable
realtime only - repeat 3,1,3,42,realtime-chat,100,poisson,0,0,0,,not_applicable
realtime only - repeat 3,1,3,43,realtime-chat,100,poisson,0,0,0,,not_applicable
realtime only - repeat 3,1,3,44,realtime-chat,100,poisson,0,0,0,,not_applicable
realtime only - repeat 3,1,3,45,realtime-chat,100,poisson,0,0,0,,not_applicable
realtime only - repeat 3,1,3,46,realtime-chat,100,poisson,0,0,0,,not_applicable
realtime only - repeat 3,1,3,47,realtime-chat,100,poisson,0,0,0,,not_applicable
realtime only - repeat 3,1,3,48,realtime-chat,100,poisson,0,0,0,,not_applicable
realtime only - repeat 3,1,3,49,realtime-chat,100,poisson,0,0,0,,not_applicable
realtime only - repeat 3,1,3,50,realtime-chat,100,poisson,0,0,0,,not_applicable
realtime only - repeat 3,1,3,51,realtime-chat,100,poisson,0,0,0,,not_applicable
realtime only - repeat 3,1,3,52,realtime-chat,100,poisson,0,0,0,,not_applicable
realtime only - repeat 3,1,3,53,realtime-chat,100,poisson,0,0,0,,not_applicable
realtime only - repeat 3,1,3,54,realtime-chat,100,poisson,0,0,0,,not_applicable
realtime only - repeat 3,1,3,55,realtime-chat,100,poisson,0,0,0,,not_applicable
realtime only - repeat 3,1,3,56,realtime-chat,100,poisson,0,0,0,,not_applicable
realtime only - repeat 3,1,3,57,realtime-chat,100,poisson,0,0,0,,not_applicable
realtime only - repeat 3,1,3,58,realtime-chat,100,poisson,0,0,0,,not_applicable
realtime only - repeat 3,1,3,59,realtime-chat,100,poisson,0,0,0,,not_applicable
realtime only - repeat 3,1,3,60,realtime-chat,100,poisson,0,0,0,,not_applicable
realtime only - repeat 3,1,3,61,realtime-chat,100,poisson,5,1,4,,not_applicable
realtime only - repeat 3,1,3,62,realtime-chat,100,poisson,6,6,0,,not_applicable
realtime only - repeat 3,1,3,63,realtime-chat,100,poisson,9,8,1,,not_applicable
realtime only - repeat 3,1,3,64,realtime-chat,100,poisson,13,9,4,,not_applicable
realtime only - repeat 3,1,3,65,realtime-chat,100,poisson,15,14,1,,not_applicable
realtime only - repeat 3,1,3,66,realtime-chat,100,poisson,17,16,1,,not_applicable
realtime only - repeat 3,1,3,67,realtime-chat,100,poisson,17,17,0,,not_applicable
realtime only - repeat 3,1,3,68,realtime-chat,100,poisson,19,19,0,,not_applicable
realtime only - repeat 3,1,3,69,realtime-chat,100,poisson,23,23,0,,not_applicable
realtime only - repeat 3,1,3,70,realtime-chat,100,poisson,26,23,3,,not_applicable
realtime only - repeat 3,1,3,71,realtime-chat,100,poisson,29,27,2,,not_applicable
realtime only - repeat 3,1,3,72,realtime-chat,100,poisson,32,29,3,,not_applicable
realtime only - repeat 3,1,3,73,realtime-chat,100,poisson,40,32,8,,not_applicable
realtime only - repeat 3,1,3,74,realtime-chat,100,poisson,43,40,3,,not_applicable
realtime only - repeat 3,1,3,75,realtime-chat,100,poisson,45,43,2,,not_applicable
realtime only - repeat 3,1,3,76,realtime-chat,100,poisson,47,46,1,,not_applicable
realtime only - repeat 3,1,3,77,realtime-chat,100,poisson,49,49,0,,not_applicable
realtime only - repeat 3,1,3,78,realtime-chat,100,poisson,52,50,2,,not_applicable
realtime only - repeat 3,1,3,79,realtime-chat,100,poisson,55,52,3,,not_applicable
realtime only - repeat 3,1,3,80,realtime-chat,100,poisson,57,56,1,,not_applicable
realtime only - repeat 3,1,3,81,realtime-chat,100,poisson,59,57,2,,not_applicable
realtime only - repeat 3,1,3,82,realtime-chat,100,poisson,62,61,1,,not_applicable
realtime only - repeat 3,1,3,83,realtime-chat,100,poisson,64,62,2,,not_applicable
realtime only - repeat 3,1,3,84,realtime-chat,100,poisson,71,65,6,,not_applicable
realtime only - repeat 3,1,3,85,realtime-chat,100,poisson,73,71,2,,not_applicable
realtime only - repeat 3,1,3,86,realtime-chat,100,poisson,75,74,1,,not_applicable
realtime only - repeat 3,1,3,87,realtime-chat,100,poisson,75,75,0,,not_applicable
realtime only - repeat 3,1,3,88,realtime-chat,100,poisson,79,75,4,,not_applicable
realtime only - repeat 3,1,3,89,realtime-chat,100,poisson,81,80,1,,not_applicable
realtime only - repeat 3,1,3,90,realtime-chat,100,poisson,81,81,0,,not_applicable
realtime only - repeat 3,1,3,91,realtime-chat,100,poisson,85,82,3,,not_applicable
realtime only - repeat 3,1,3,92,realtime-chat,100,poisson,89,86,3,,not_applicable
realtime only - repeat 3,1,3,93,realtime-chat,100,poisson,92,89,3,,not_applicable
realtime only - repeat 3,1,3,94,realtime-chat,100,poisson,98,94,4,,not_applicable
realtime only - repeat 3,1,3,95,realtime-chat,100,poisson,99,98,1,,not_applicable
realtime only - repeat 3,1,3,96,realtime-chat,100,poisson,104,100,4,,not_applicable
realtime only - repeat 3,1,3,97,realtime-chat,100,poisson,108,105,3,,not_applicable
realtime only - repeat 3,1,3,98,realtime-chat,100,poisson,112,108,4,,not_applicable
realtime only - repeat 3,1,3,99,realtime-chat,100,poisson,116,112,4,,not_applicable
realtime only - repeat 3,1,3,100,realtime-chat,100,poisson,125,115,10,,not_applicable
realtime only - repeat 3,1,3,101,realtime-chat,100,poisson,128,126,2,,not_applicable
realtime only - repeat 3,1,3,102,realtime-chat,100,poisson,133,131,2,,not_applicable
realtime only - repeat 3,1,3,103,realtime-chat,100,poisson,135,135,0,,not_applicable
realtime only - repeat 3,1,3,104,realtime-chat,100,poisson,139,136,3,,not_applicable
realtime only - repeat 3,1,3,105,realtime-chat,100,poisson,142,140,2,,not_applicable
realtime only - repeat 3,1,3,106,realtime-chat,100,poisson,143,142,1,,not_applicable
realtime only - repeat 3,1,3,107,realtime-chat,100,poisson,145,143,2,,not_applicable
realtime only - repeat 3,1,3,108,realtime-chat,100,poisson,150,148,2,,not_applicable
realtime only - repeat 3,1,3,109,realtime-chat,100,poisson,153,151,2,,not_applicable
realtime only - repeat 3,1,3,110,realtime-chat,100,poisson,155,154,1,,not_applicable
realtime only - repeat 3,1,3,111,realtime-chat,100,poisson,161,156,5,,not_applicable
realtime only - repeat 3,1,3,112,realtime-chat,100,poisson,164,161,3,,not_applicable
realtime only - repeat 3,1,3,113,realtime-chat,100,poisson,169,164,5,,not_applicable
realtime only - repeat 3,1,3,114,realtime-chat,100,poisson,171,169,2,,not_applicable
realtime only - repeat 3,1,3,115,realtime-chat,100,poisson,173,173,0,,not_applicable
realtime only - repeat 3,1,3,116,realtime-chat,100,poisson,175,173,2,,not_applicable
realtime only - repeat 3,1,3,117,realtime-chat,100,poisson,178,175,3,,not_applicable
realtime only - repeat 3,1,3,118,realtime-chat,100,poisson,183,179,4,,not_applicable
realtime only - repeat 3,1,3,119,realtime-chat,100,poisson,186,184,2,,not_applicable
realtime only - repeat 3,1,3,120,realtime-chat,100,poisson,188,187,1,,not_applicable
realtime only - repeat 3,1,3,121,realtime-chat,100,poisson,190,189,1,,not_applicable
realtime only - repeat 3,1,3,122,realtime-chat,100,poisson,193,190,3,,not_applicable
realtime only - repeat 3,1,3,123,realtime-chat,100,poisson,193,193,0,,not_applicable
realtime only - repeat 3,1,3,124,realtime-chat,100,poisson,195,194,1,,not_applicable
realtime only - repeat 3,1,3,125,realtime-chat,100,poisson,197,195,2,,not_applicable
realtime only - repeat 3,1,3,126,realtime-chat,100,poisson,197,197,0,,not_applicable
realtime only - repeat 3,1,3,127,realtime-chat,100,poisson,201,199,2,,not_applicable
realtime only - repeat 3,1,3,128,realtime-chat,100,poisson,204,202,2,,not_applicable
realtime only - repeat 3,1,3,129,realtime-chat,100,poisson,206,204,2,,not_applicable
realtime only - repeat 3,1,3,130,realtime-chat,100,poisson,208,208,0,,not_applicable
realtime only - repeat 3,1,3,131,realtime-chat,100,poisson,209,209,0,,not_applicable
realtime only - repeat 3,1,3,132,realtime-chat,100,poisson,210,210,0,,not_applicable
realtime only - repeat 3,1,3,133,realtime-chat,100,poisson,212,210,2,,not_applicable
realtime only - repeat 3,1,3,134,realtime-chat,100,poisson,215,214,1,,not_applicable
realtime only - repeat 3,1,3,135,realtime-chat,100,poisson,216,215,1,,not_applicable
realtime only - repeat 3,1,3,136,realtime-chat,100,poisson,218,217,1,,not_applicable
realtime only - repeat 3,1,3,137,realtime-chat,100,poisson,221,218,3,,not_applicable
realtime only - repeat 3,1,3,138,realtime-chat,100,poisson,227,221,6,,not_applicable
realtime only - repeat 3,1,3,139,realtime-chat,100,poisson,232,227,5,,not_applicable
realtime only - repeat 3,1,3,140,realtime-chat,100,poisson,235,232,3,,not_applicable
realtime only - repeat 3,1,3,141,realtime-chat,100,poisson,239,235,4,,not_applicable
realtime only - repeat 3,1,3,142,realtime-chat,100,poisson,244,239,5,,not_applicable
realtime only - repeat 3,1,3,143,realtime-chat,100,poisson,249,244,5,,not_applicable
realtime only - repeat 3,1,3,144,realtime-chat,100,poisson,250,249,1,,not_applicable
realtime only - repeat 3,1,3,145,realtime-chat,100,poisson,254,250,4,,not_applicable
realtime only - repeat 3,1,3,146,realtime-chat,100,poisson,258,255,3,,not_applicable
realtime only - repeat 3,1,3,147,realtime-chat,100,poisson,260,258,2,,not_applicable
realtime only - repeat 3,1,3,148,realtime-chat,100,poisson,264,261,3,,not_applicable
realtime only - repeat 3,1,3,149,realtime-chat,100,poisson,265,264,1,,not_applicable
realtime only - repeat 3,1,3,150,realtime-chat,100,poisson,265,265,0,,not_applicable
realtime only - repeat 3,1,3,151,realtime-chat,100,poisson,268,265,3,,not_applicable
realtime only - repeat 3,1,3,152,realtime-chat,100,poisson,268,268,0,,not_applicable
realtime only - repeat 3,1,3,153,realtime-chat,100,poisson,271,269,2,,not_applicable
realtime only - repeat 3,1,3,154,realtime-chat,100,poisson,275,272,3,,not_applicable
realtime only - repeat 3,1,3,155,realtime-chat,100,poisson,276,276,0,,not_applicable
realtime only - repeat 3,1,3,156,realtime-chat,100,poisson,279,277,2,,not_applicable
realtime only - repeat 3,1,3,157,realtime-chat,100,poisson,282,279,3,,not_applicable
realtime only - repeat 3,1,3,158,realtime-chat,100,poisson,282,282,0,,not_applicable
realtime only - repeat 3,1,3,159,realtime-chat,100,poisson,283,283,0,,not_applicable
realtime only - repeat 3,1,3,160,realtime-chat,100,poisson,284,283,1,,not_applicable
realtime only - repeat 3,1,3,161,realtime-chat,100,poisson,285,284,1,,not_applicable
realtime only - repeat 3,1,3,162,realtime-chat,100,poisson,290,288,2,,not_applicable
realtime only - repeat 3,1,3,163,realtime-chat,100,poisson,293,291,2,,not_applicable
realtime only - repeat 3,1,3,164,realtime-chat,100,poisson,294,293,1,,not_applicable
realtime only - repeat 3,1,3,165,realtime-chat,100,poisson,299,294,5,,not_applicable
realtime only - repeat 3,1,3,166,realtime-chat,100,poisson,301,299,2,,not_applicable
realtime only - repeat 3,1,3,167,realtime-chat,100,poisson,304,302,2,,not_applicable
realtime only - repeat 3,1,3,168,realtime-chat,100,poisson,305,305,0,,not_applicable
realtime only - repeat 3,1,3,169,realtime-chat,100,poisson,308,306,2,,not_applicable
realtime only - repeat 3,1,3,170,realtime-chat,100,poisson,313,309,4,,not_applicable
realtime only - repeat 3,1,3,171,realtime-chat,100,poisson,315,313,2,,not_applicable
realtime only - repeat 3,1,3,172,realtime-chat,100,poisson,318,315,3,,not_applicable
realtime only - repeat 3,1,3,173,realtime-chat,100,poisson,322,318,4,,not_applicable
realtime only - repeat 3,1,3,174,realtime-chat,100,poisson,329,321,8,,not_applicable
realtime only - repeat 3,1,3,175,realtime-chat,100,poisson,333,330,3,,not_applicable
realtime only - repeat 3,1,3,176,realtime-chat,100,poisson,336,335,1,,not_applicable
realtime only - repeat 3,1,3,177,realtime-chat,100,poisson,340,337,3,,not_applicable
realtime only - repeat 3,1,3,178,realtime-chat,100,poisson,344,342,2,,not_applicable
realtime only - repeat 3,1,3,179,realtime-chat,100,poisson,351,343,8,,not_applicable
realtime only - repeat 3,1,3,180,realtime-chat,100,poisson,354,351,3,,not_applicable
realtime only - repeat 3,1,3,181,realtime-chat,100,poisson,354,354,0,,not_applicable
realtime only - repeat 3,1,3,182,realtime-chat,100,poisson,354,354,0,,not_applicable
realtime only - repeat 3,1,3,183,realtime-chat,100,poisson,354,354,0,,not_applicable
realtime only - repeat 3,1,3,184,realtime-chat,100,poisson,354,354,0,,not_applicable
realtime only - repeat 3,1,3,185,realtime-chat,100,poisson,354,354,0,,not_applicable
realtime only - repeat 3,1,3,186,realtime-chat,100,poisson,354,354,0,,not_applicable
realtime only - repeat 3,1,3,187,realtime-chat,100,poisson,354,354,0,,not_applicable
realtime only - repeat 3,1,3,188,realtime-chat,100,poisson,354,354,0,,not_applicable
realtime only - repeat 3,1,3,189,realtime-chat,100,poisson,354,354,0,,not_applicable
realtime only - repeat 3,1,3,190,realtime-chat,100,poisson,354,354,0,,not_applicable
realtime only - repeat 3,1,3,191,realtime-chat,100,poisson,354,354,0,,not_applicable
realtime only - repeat 3,1,3,192,realtime-chat,100,poisson,354,354,0,,not_applicable
realtime only - repeat 3,1,3,193,realtime-chat,100,poisson,354,354,0,,not_applicable
realtime only - repeat 3,1,3,194,realtime-chat,100,poisson,354,354,0,,not_applicable
realtime only - repeat 3,1,3,195,realtime-chat,100,poisson,354,354,0,,not_applicable
realtime only - repeat 3,1,3,196,realtime-chat,100,poisson,354,354,0,,not_applicable
realtime only - repeat 3,1,3,197,realtime-chat,100,poisson,354,354,0,,not_applicable
realtime only - repeat 3,1,3,198,realtime-chat,100,poisson,354,354,0,,not_applicable
realtime only - repeat 3,1,3,199,realtime-chat,100,poisson,354,354,0,,not_applicable
realtime only - repeat 3,1,3,200,realtime-chat,100,poisson,354,354,0,,not_applicable
realtime only - repeat 3,1,3,201,realtime-chat,100,poisson,354,354,0,,not_applicable
realtime only - repeat 3,1,3,202,realtime-chat,100,poisson,354,354,0,,not_applicable
realtime only - repeat 3,1,3,203,realtime-chat,100,poisson,354,354,0,,not_applicable
realtime only - repeat 3,1,3,204,realtime-chat,100,poisson,354,354,0,,not_applicable
realtime only - repeat 3,1,3,205,realtime-chat,100,poisson,354,354,0,,not_applicable
realtime only - repeat 3,1,3,206,realtime-chat,100,poisson,354,354,0,,not_applicable
realtime only - repeat 3,1,3,207,realtime-chat,100,poisson,354,354,0,,not_applicable
realtime only - repeat 3,1,3,208,realtime-chat,100,poisson,354,354,0,,not_applicable
realtime only - repeat 3,1,3,209,realtime-chat,100,poisson,354,354,0,,not_applicable
realtime only - repeat 3,1,3,210,realtime-chat,100,poisson,354,354,0,,not_applicable
realtime only - repeat 3,1,3,211,realtime-chat,100,poisson,354,354,0,,not_applicable
realtime only - repeat 3,1,3,212,realtime-chat,100,poisson,354,354,0,,not_applicable
realtime only - repeat 3,1,3,213,realtime-chat,100,poisson,354,354,0,,not_applicable
realtime only - repeat 3,1,3,214,realtime-chat,100,poisson,354,354,0,,not_applicable
realtime only - repeat 3,1,3,215,realtime-chat,100,poisson,354,354,0,,not_applicable
realtime only - repeat 3,1,3,216,realtime-chat,100,poisson,354,354,0,,not_applicable
realtime only - repeat 3,1,3,217,realtime-chat,100,poisson,354,354,0,,not_applicable
realtime only - repeat 3,1,3,218,realtime-chat,100,poisson,354,354,0,,not_applicable
realtime only - repeat 3,1,3,219,realtime-chat,100,poisson,354,354,0,,not_applicable
realtime only - repeat 3,1,3,220,realtime-chat,100,poisson,354,354,0,,not_applicable
realtime only - repeat 3,1,3,221,realtime-chat,100,poisson,354,354,0,,not_applicable
realtime only - repeat 3,1,3,222,realtime-chat,100,poisson,354,354,0,,not_applicable
realtime only - repeat 3,1,3,223,realtime-chat,100,poisson,354,354,0,,not_applicable
realtime only - repeat 3,1,3,224,realtime-chat,100,poisson,354,354,0,,not_applicable
realtime only - repeat 3,1,3,225,realtime-chat,100,poisson,354,354,0,,not_applicable
realtime only - repeat 3,1,3,226,realtime-chat,100,poisson,354,354,0,,not_applicable
realtime only - repeat 3,1,3,227,realtime-chat,100,poisson,354,354,0,,not_applicable
realtime only - repeat 3,1,3,228,realtime-chat,100,poisson,354,354,0,,not_applicable
realtime only - repeat 3,1,3,229,realtime-chat,100,poisson,354,354,0,,not_applicable
realtime only - repeat 3,1,3,230,realtime-chat,100,poisson,354,354,0,,not_applicable
realtime only - repeat 3,1,3,231,realtime-chat,100,poisson,354,354,0,,not_applicable
realtime only - repeat 3,1,3,232,realtime-chat,100,poisson,354,354,0,,not_applicable
realtime only - repeat 3,1,3,233,realtime-chat,100,poisson,354,354,0,,not_applicable
realtime only - repeat 3,1,3,234,realtime-chat,100,poisson,354,354,0,,not_applicable
realtime only - repeat 3,1,3,235,realtime-chat,100,poisson,354,354,0,,not_applicable
realtime only - repeat 3,1,3,236,realtime-chat,100,poisson,354,354,0,,not_applicable
realtime only - repeat 3,1,3,237,realtime-chat,100,poisson,354,354,0,,not_applicable
realtime only - repeat 3,1,3,238,realtime-chat,100,poisson,354,354,0,,not_applicable
realtime only - repeat 3,1,3,239,realtime-chat,100,poisson,354,354,0,,not_applicable
realtime only - repeat 3,1,3,240,realtime-chat,100,poisson,354,354,0,,not_applicable
realtime with batch already running - repeat 1,1,1,0,realtime-chat,100,poisson,0,0,0,,not_applicable
realtime with batch already running - repeat 1,1,1,1,realtime-chat,100,poisson,0,0,0,,not_applicable
realtime with batch already running - repeat 1,1,1,2,realtime-chat,100,poisson,0,0,0,,not_applicable
realtime with batch already running - repeat 1,1,1,3,realtime-chat,100,poisson,0,0,0,,not_applicable
realtime with batch already running - repeat 1,1,1,4,realtime-chat,100,poisson,0,0,0,,not_applicable
realtime with batch already running - repeat 1,1,1,5,realtime-chat,100,poisson,0,0,0,,not_applicable
realtime with batch already running - repeat 1,1,1,6,realtime-chat,100,poisson,0,0,0,,not_applicable
realtime with batch already running - repeat 1,1,1,7,realtime-chat,100,poisson,0,0,0,,not_applicable
realtime with batch already running - repeat 1,1,1,8,realtime-chat,100,poisson,0,0,0,,not_applicable
realtime with batch already running - repeat 1,1,1,9,realtime-chat,100,poisson,0,0,0,,not_applicable
realtime with batch already running - repeat 1,1,1,10,realtime-chat,100,poisson,0,0,0,,not_applicable
realtime with batch already running - repeat 1,1,1,11,realtime-chat,100,poisson,0,0,0,,not_applicable
realtime with batch already running - repeat 1,1,1,12,realtime-chat,100,poisson,0,0,0,,not_applicable
realtime with batch already running - repeat 1,1,1,13,realtime-chat,100,poisson,0,0,0,,not_applicable
realtime with batch already running - repeat 1,1,1,14,realtime-chat,100,poisson,0,0,0,,not_applicable
realtime with batch already running - repeat 1,1,1,15,realtime-chat,100,poisson,0,0,0,,not_applicable
realtime with batch already running - repeat 1,1,1,16,realtime-chat,100,poisson,0,0,0,,not_applicable
realtime with batch already running - repeat 1,1,1,17,realtime-chat,100,poisson,0,0,0,,not_applicable
realtime with batch already running - repeat 1,1,1,18,realtime-chat,100,poisson,0,0,0,,not_applicable
realtime with batch already running - repeat 1,1,1,19,realtime-chat,100,poisson,0,0,0,,not_applicable
realtime with batch already running - repeat 1,1,1,20,realtime-chat,100,poisson,0,0,0,,not_applicable
realtime with batch already running - repeat 1,1,1,21,realtime-chat,100,poisson,0,0,0,,not_applicable
realtime with batch already running - repeat 1,1,1,22,realtime-chat,100,poisson,0,0,0,,not_applicable
realtime with batch already running - repeat 1,1,1,23,realtime-chat,100,poisson,0,0,0,,not_applicable
realtime with batch already running - repeat 1,1,1,24,realtime-chat,100,poisson,0,0,0,,not_applicable
realtime with batch already running - repeat 1,1,1,25,realtime-chat,100,poisson,0,0,0,,not_applicable
realtime with batch already running - repeat 1,1,1,26,realtime-chat,100,poisson,0,0,0,,not_applicable
realtime with batch already running - repeat 1,1,1,27,realtime-chat,100,poisson,0,0,0,,not_applicable
realtime with batch already running - repeat 1,1,1,28,realtime-chat,100,poisson,0,0,0,,not_applicable
realtime with batch already running - repeat 1,1,1,29,realtime-chat,100,poisson,0,0,0,,not_applicable
realtime with batch already running - repeat 1,1,1,30,realtime-chat,100,poisson,0,0,0,,not_applicable
realtime with batch already running - repeat 1,1,1,31,realtime-chat,100,poisson,0,0,0,,not_applicable
realtime with batch already running - repeat 1,1,1,32,realtime-chat,100,poisson,0,0,0,,not_applicable
realtime with batch already running - repeat 1,1,1,33,realtime-chat,100,poisson,0,0,0,,not_applicable
realtime with batch already running - repeat 1,1,1,34,realtime-chat,100,poisson,0,0,0,,not_applicable
realtime with batch already running - repeat 1,1,1,35,realtime-chat,100,poisson,0,0,0,,not_applicable
realtime with batch already running - repeat 1,1,1,36,realtime-chat,100,poisson,0,0,0,,not_applicable
realtime with batch already running - repeat 1,1,1,37,realtime-chat,100,poisson,0,0,0,,not_applicable
realtime with batch already running - repeat 1,1,1,38,realtime-chat,100,poisson,0,0,0,,not_applicable
realtime with batch already running - repeat 1,1,1,39,realtime-chat,100,poisson,0,0,0,,not_applicable
realtime with batch already running - repeat 1,1,1,40,realtime-chat,100,poisson,0,0,0,,not_applicable
realtime with batch already running - repeat 1,1,1,41,realtime-chat,100,poisson,0,0,0,,not_applicable
realtime with batch already running - repeat 1,1,1,42,realtime-chat,100,poisson,0,0,0,,not_applicable
realtime with batch already running - repeat 1,1,1,43,realtime-chat,100,poisson,0,0,0,,not_applicable
realtime with batch already running - repeat 1,1,1,44,realtime-chat,100,poisson,0,0,0,,not_applicable
realtime with batch already running - repeat 1,1,1,45,realtime-chat,100,poisson,0,0,0,,not_applicable
realtime with batch already running - repeat 1,1,1,46,realtime-chat,100,poisson,0,0,0,,not_applicable
realtime with batch already running - repeat 1,1,1,47,realtime-chat,100,poisson,0,0,0,,not_applicable
realtime with batch already running - repeat 1,1,1,48,realtime-chat,100,poisson,0,0,0,,not_applicable
realtime with batch already running - repeat 1,1,1,49,realtime-chat,100,poisson,0,0,0,,not_applicable
realtime with batch already running - repeat 1,1,1,50,realtime-chat,100,poisson,0,0,0,,not_applicable
realtime with batch already running - repeat 1,1,1,51,realtime-chat,100,poisson,0,0,0,,not_applicable
realtime with batch already running - repeat 1,1,1,52,realtime-chat,100,poisson,0,0,0,,not_applicable
realtime with batch already running - repeat 1,1,1,53,realtime-chat,100,poisson,0,0,0,,not_applicable
realtime with batch already running - repeat 1,1,1,54,realtime-chat,100,poisson,0,0,0,,not_applicable
realtime with batch already running - repeat 1,1,1,55,realtime-chat,100,poisson,0,0,0,,not_applicable
realtime with batch already running - repeat 1,1,1,56,realtime-chat,100,poisson,0,0,0,,not_applicable
realtime with batch already running - repeat 1,1,1,57,realtime-chat,100,poisson,0,0,0,,not_applicable
realtime with batch already running - repeat 1,1,1,58,realtime-chat,100,poisson,0,0,0,,not_applicable
realtime with batch already running - repeat 1,1,1,59,realtime-chat,100,poisson,0,0,0,,not_applicable
realtime with batch already running - repeat 1,1,1,60,realtime-chat,100,poisson,0,0,0,,not_applicable
realtime with batch already running - repeat 1,1,1,61,realtime-chat,100,poisson,5,0,5,,not_applicable
realtime with batch already running - repeat 1,1,1,62,realtime-chat,100,poisson,6,0,6,,not_applicable
realtime with batch already running - repeat 1,1,1,63,realtime-chat,100,poisson,9,0,9,,not_applicable
realtime with batch already running - repeat 1,1,1,64,realtime-chat,100,poisson,13,0,13,,not_applicable
realtime with batch already running - repeat 1,1,1,65,realtime-chat,100,poisson,15,0,15,,not_applicable
realtime with batch already running - repeat 1,1,1,66,realtime-chat,100,poisson,17,0,17,,not_applicable
realtime with batch already running - repeat 1,1,1,67,realtime-chat,100,poisson,17,0,17,,not_applicable
realtime with batch already running - repeat 1,1,1,68,realtime-chat,100,poisson,19,0,19,,not_applicable
realtime with batch already running - repeat 1,1,1,69,realtime-chat,100,poisson,23,0,23,,not_applicable
realtime with batch already running - repeat 1,1,1,70,realtime-chat,100,poisson,26,0,26,,not_applicable
realtime with batch already running - repeat 1,1,1,71,realtime-chat,100,poisson,29,0,29,,not_applicable
realtime with batch already running - repeat 1,1,1,72,realtime-chat,100,poisson,32,0,32,,not_applicable
realtime with batch already running - repeat 1,1,1,73,realtime-chat,100,poisson,40,0,40,,not_applicable
realtime with batch already running - repeat 1,1,1,74,realtime-chat,100,poisson,43,0,43,,not_applicable
realtime with batch already running - repeat 1,1,1,75,realtime-chat,100,poisson,45,0,45,,not_applicable
realtime with batch already running - repeat 1,1,1,76,realtime-chat,100,poisson,47,0,47,,not_applicable
realtime with batch already running - repeat 1,1,1,77,realtime-chat,100,poisson,49,0,49,,not_applicable
realtime with batch already running - repeat 1,1,1,78,realtime-chat,100,poisson,52,0,52,,not_applicable
realtime with batch already running - repeat 1,1,1,79,realtime-chat,100,poisson,55,0,55,,not_applicable
realtime with batch already running - repeat 1,1,1,80,realtime-chat,100,poisson,57,0,57,,not_applicable
realtime with batch already running - repeat 1,1,1,81,realtime-chat,100,poisson,59,4,55,,not_applicable
realtime with batch already running - repeat 1,1,1,82,realtime-chat,100,poisson,62,5,57,,not_applicable
realtime with batch already running - repeat 1,1,1,83,realtime-chat,100,poisson,64,6,58,,not_applicable
realtime with batch already running - repeat 1,1,1,84,realtime-chat,100,poisson,71,6,65,,not_applicable
realtime with batch already running - repeat 1,1,1,85,realtime-chat,100,poisson,73,8,65,,not_applicable
realtime with batch already running - repeat 1,1,1,86,realtime-chat,100,poisson,75,9,66,,not_applicable
realtime with batch already running - repeat 1,1,1,87,realtime-chat,100,poisson,75,13,62,,not_applicable
realtime with batch already running - repeat 1,1,1,88,realtime-chat,100,poisson,79,14,65,,not_applicable
realtime with batch already running - repeat 1,1,1,89,realtime-chat,100,poisson,81,16,65,,not_applicable
realtime with batch already running - repeat 1,1,1,90,realtime-chat,100,poisson,81,16,65,,not_applicable
realtime with batch already running - repeat 1,1,1,91,realtime-chat,100,poisson,85,17,68,,not_applicable
realtime with batch already running - repeat 1,1,1,92,realtime-chat,100,poisson,89,19,70,,not_applicable
realtime with batch already running - repeat 1,1,1,93,realtime-chat,100,poisson,92,23,69,,not_applicable
realtime with batch already running - repeat 1,1,1,94,realtime-chat,100,poisson,98,23,75,,not_applicable
realtime with batch already running - repeat 1,1,1,95,realtime-chat,100,poisson,99,26,73,,not_applicable
realtime with batch already running - repeat 1,1,1,96,realtime-chat,100,poisson,104,30,74,,not_applicable
realtime with batch already running - repeat 1,1,1,97,realtime-chat,100,poisson,108,31,77,,not_applicable
realtime with batch already running - repeat 1,1,1,98,realtime-chat,100,poisson,112,36,76,,not_applicable
realtime with batch already running - repeat 1,1,1,99,realtime-chat,100,poisson,116,40,76,,not_applicable
realtime with batch already running - repeat 1,1,1,100,realtime-chat,100,poisson,125,43,82,,not_applicable
realtime with batch already running - repeat 1,1,1,101,realtime-chat,100,poisson,128,43,85,,not_applicable
realtime with batch already running - repeat 1,1,1,102,realtime-chat,100,poisson,133,47,86,,not_applicable
realtime with batch already running - repeat 1,1,1,103,realtime-chat,100,poisson,135,49,86,,not_applicable
realtime with batch already running - repeat 1,1,1,104,realtime-chat,100,poisson,139,51,88,,not_applicable
realtime with batch already running - repeat 1,1,1,105,realtime-chat,100,poisson,142,53,89,,not_applicable
realtime with batch already running - repeat 1,1,1,106,realtime-chat,100,poisson,143,53,90,,not_applicable
realtime with batch already running - repeat 1,1,1,107,realtime-chat,100,poisson,145,56,89,,not_applicable
realtime with batch already running - repeat 1,1,1,108,realtime-chat,100,poisson,150,58,92,,not_applicable
realtime with batch already running - repeat 1,1,1,109,realtime-chat,100,poisson,153,61,92,,not_applicable
realtime with batch already running - repeat 1,1,1,110,realtime-chat,100,poisson,155,64,91,,not_applicable
realtime with batch already running - repeat 1,1,1,111,realtime-chat,100,poisson,161,71,90,,not_applicable
realtime with batch already running - repeat 1,1,1,112,realtime-chat,100,poisson,164,71,93,,not_applicable
realtime with batch already running - repeat 1,1,1,113,realtime-chat,100,poisson,169,73,96,,not_applicable
realtime with batch already running - repeat 1,1,1,114,realtime-chat,100,poisson,171,75,96,,not_applicable
realtime with batch already running - repeat 1,1,1,115,realtime-chat,100,poisson,173,75,98,,not_applicable
realtime with batch already running - repeat 1,1,1,116,realtime-chat,100,poisson,175,81,94,,not_applicable
realtime with batch already running - repeat 1,1,1,117,realtime-chat,100,poisson,179,81,98,,not_applicable
realtime with batch already running - repeat 1,1,1,118,realtime-chat,100,poisson,183,83,100,,not_applicable
realtime with batch already running - repeat 1,1,1,119,realtime-chat,100,poisson,186,92,94,,not_applicable
realtime with batch already running - repeat 1,1,1,120,realtime-chat,100,poisson,188,98,90,,not_applicable
realtime with batch already running - repeat 1,1,1,121,realtime-chat,100,poisson,190,100,90,,not_applicable
realtime with batch already running - repeat 1,1,1,122,realtime-chat,100,poisson,193,110,83,,not_applicable
realtime with batch already running - repeat 1,1,1,123,realtime-chat,100,poisson,193,112,81,,not_applicable
realtime with batch already running - repeat 1,1,1,124,realtime-chat,100,poisson,195,121,74,,not_applicable
realtime with batch already running - repeat 1,1,1,125,realtime-chat,100,poisson,197,133,64,,not_applicable
realtime with batch already running - repeat 1,1,1,126,realtime-chat,100,poisson,197,142,55,,not_applicable
realtime with batch already running - repeat 1,1,1,127,realtime-chat,100,poisson,201,143,58,,not_applicable
realtime with batch already running - repeat 1,1,1,128,realtime-chat,100,poisson,204,146,58,,not_applicable
realtime with batch already running - repeat 1,1,1,129,realtime-chat,100,poisson,206,153,53,,not_applicable
realtime with batch already running - repeat 1,1,1,130,realtime-chat,100,poisson,208,155,53,,not_applicable
realtime with batch already running - repeat 1,1,1,131,realtime-chat,100,poisson,209,160,49,,not_applicable
realtime with batch already running - repeat 1,1,1,132,realtime-chat,100,poisson,210,163,47,,not_applicable
realtime with batch already running - repeat 1,1,1,133,realtime-chat,100,poisson,212,169,43,,not_applicable
realtime with batch already running - repeat 1,1,1,134,realtime-chat,100,poisson,215,169,46,,not_applicable
realtime with batch already running - repeat 1,1,1,135,realtime-chat,100,poisson,216,172,44,,not_applicable
realtime with batch already running - repeat 1,1,1,136,realtime-chat,100,poisson,218,173,45,,not_applicable
realtime with batch already running - repeat 1,1,1,137,realtime-chat,100,poisson,221,173,48,,not_applicable
realtime with batch already running - repeat 1,1,1,138,realtime-chat,100,poisson,227,174,53,,not_applicable
realtime with batch already running - repeat 1,1,1,139,realtime-chat,100,poisson,232,180,52,,not_applicable
realtime with batch already running - repeat 1,1,1,140,realtime-chat,100,poisson,235,184,51,,not_applicable
realtime with batch already running - repeat 1,1,1,141,realtime-chat,100,poisson,239,186,53,,not_applicable
realtime with batch already running - repeat 1,1,1,142,realtime-chat,100,poisson,244,188,56,,not_applicable
realtime with batch already running - repeat 1,1,1,143,realtime-chat,100,poisson,249,188,61,,not_applicable
realtime with batch already running - repeat 1,1,1,144,realtime-chat,100,poisson,250,189,61,,not_applicable
realtime with batch already running - repeat 1,1,1,145,realtime-chat,100,poisson,254,190,64,,not_applicable
realtime with batch already running - repeat 1,1,1,146,realtime-chat,100,poisson,258,190,68,,not_applicable
realtime with batch already running - repeat 1,1,1,147,realtime-chat,100,poisson,260,192,68,,not_applicable
realtime with batch already running - repeat 1,1,1,148,realtime-chat,100,poisson,264,193,71,,not_applicable
realtime with batch already running - repeat 1,1,1,149,realtime-chat,100,poisson,265,193,72,,not_applicable
realtime with batch already running - repeat 1,1,1,150,realtime-chat,100,poisson,265,194,71,,not_applicable
realtime with batch already running - repeat 1,1,1,151,realtime-chat,100,poisson,268,194,74,,not_applicable
realtime with batch already running - repeat 1,1,1,152,realtime-chat,100,poisson,268,194,74,,not_applicable
realtime with batch already running - repeat 1,1,1,153,realtime-chat,100,poisson,271,195,76,,not_applicable
realtime with batch already running - repeat 1,1,1,154,realtime-chat,100,poisson,275,195,80,,not_applicable
realtime with batch already running - repeat 1,1,1,155,realtime-chat,100,poisson,276,195,81,,not_applicable
realtime with batch already running - repeat 1,1,1,156,realtime-chat,100,poisson,279,197,82,,not_applicable
realtime with batch already running - repeat 1,1,1,157,realtime-chat,100,poisson,282,197,85,,not_applicable
realtime with batch already running - repeat 1,1,1,158,realtime-chat,100,poisson,282,197,85,,not_applicable
realtime with batch already running - repeat 1,1,1,159,realtime-chat,100,poisson,283,197,86,,not_applicable
realtime with batch already running - repeat 1,1,1,160,realtime-chat,100,poisson,284,202,82,,not_applicable
realtime with batch already running - repeat 1,1,1,161,realtime-chat,100,poisson,285,203,82,,not_applicable
realtime with batch already running - repeat 1,1,1,162,realtime-chat,100,poisson,290,204,86,,not_applicable
realtime with batch already running - repeat 1,1,1,163,realtime-chat,100,poisson,293,208,85,,not_applicable
realtime with batch already running - repeat 1,1,1,164,realtime-chat,100,poisson,294,208,86,,not_applicable
realtime with batch already running - repeat 1,1,1,165,realtime-chat,100,poisson,299,209,90,,not_applicable
realtime with batch already running - repeat 1,1,1,166,realtime-chat,100,poisson,301,209,92,,not_applicable
realtime with batch already running - repeat 1,1,1,167,realtime-chat,100,poisson,304,210,94,,not_applicable
realtime with batch already running - repeat 1,1,1,168,realtime-chat,100,poisson,305,210,95,,not_applicable
realtime with batch already running - repeat 1,1,1,169,realtime-chat,100,poisson,308,210,98,,not_applicable
realtime with batch already running - repeat 1,1,1,170,realtime-chat,100,poisson,313,216,97,,not_applicable
realtime with batch already running - repeat 1,1,1,171,realtime-chat,100,poisson,315,223,92,,not_applicable
realtime with batch already running - repeat 1,1,1,172,realtime-chat,100,poisson,318,232,86,,not_applicable
realtime with batch already running - repeat 1,1,1,173,realtime-chat,100,poisson,322,237,85,,not_applicable
realtime with batch already running - repeat 1,1,1,174,realtime-chat,100,poisson,329,251,78,,not_applicable
realtime with batch already running - repeat 1,1,1,175,realtime-chat,100,poisson,333,263,70,,not_applicable
realtime with batch already running - repeat 1,1,1,176,realtime-chat,100,poisson,336,265,71,,not_applicable
realtime with batch already running - repeat 1,1,1,177,realtime-chat,100,poisson,340,269,71,,not_applicable
realtime with batch already running - repeat 1,1,1,178,realtime-chat,100,poisson,344,271,73,,not_applicable
realtime with batch already running - repeat 1,1,1,179,realtime-chat,100,poisson,351,278,73,,not_applicable
realtime with batch already running - repeat 1,1,1,180,realtime-chat,100,poisson,354,282,72,,not_applicable
realtime with batch already running - repeat 1,1,1,181,realtime-chat,100,poisson,354,283,71,,not_applicable
realtime with batch already running - repeat 1,1,1,182,realtime-chat,100,poisson,354,283,71,,not_applicable
realtime with batch already running - repeat 1,1,1,183,realtime-chat,100,poisson,354,284,70,,not_applicable
realtime with batch already running - repeat 1,1,1,184,realtime-chat,100,poisson,354,284,70,,not_applicable
realtime with batch already running - repeat 1,1,1,185,realtime-chat,100,poisson,354,288,66,,not_applicable
realtime with batch already running - repeat 1,1,1,186,realtime-chat,100,poisson,354,293,61,,not_applicable
realtime with batch already running - repeat 1,1,1,187,realtime-chat,100,poisson,354,299,55,,not_applicable
realtime with batch already running - repeat 1,1,1,188,realtime-chat,100,poisson,354,306,48,,not_applicable
realtime with batch already running - repeat 1,1,1,189,realtime-chat,100,poisson,354,306,48,,not_applicable
realtime with batch already running - repeat 1,1,1,190,realtime-chat,100,poisson,354,310,44,,not_applicable
realtime with batch already running - repeat 1,1,1,191,realtime-chat,100,poisson,354,313,41,,not_applicable
realtime with batch already running - repeat 1,1,1,192,realtime-chat,100,poisson,354,314,40,,not_applicable
realtime with batch already running - repeat 1,1,1,193,realtime-chat,100,poisson,354,315,39,,not_applicable
realtime with batch already running - repeat 1,1,1,194,realtime-chat,100,poisson,354,315,39,,not_applicable
realtime with batch already running - repeat 1,1,1,195,realtime-chat,100,poisson,354,316,38,,not_applicable
realtime with batch already running - repeat 1,1,1,196,realtime-chat,100,poisson,354,316,38,,not_applicable
realtime with batch already running - repeat 1,1,1,197,realtime-chat,100,poisson,354,320,34,,not_applicable
realtime with batch already running - repeat 1,1,1,198,realtime-chat,100,poisson,354,320,34,,not_applicable
realtime with batch already running - repeat 1,1,1,199,realtime-chat,100,poisson,354,325,29,,not_applicable
realtime with batch already running - repeat 1,1,1,200,realtime-chat,100,poisson,354,329,25,,not_applicable
realtime with batch already running - repeat 1,1,1,201,realtime-chat,100,poisson,354,329,25,,not_applicable
realtime with batch already running - repeat 1,1,1,202,realtime-chat,100,poisson,354,332,22,,not_applicable
realtime with batch already running - repeat 1,1,1,203,realtime-chat,100,poisson,354,332,22,,not_applicable
realtime with batch already running - repeat 1,1,1,204,realtime-chat,100,poisson,354,332,22,,not_applicable
realtime with batch already running - repeat 1,1,1,205,realtime-chat,100,poisson,354,340,14,,not_applicable
realtime with batch already running - repeat 1,1,1,206,realtime-chat,100,poisson,354,342,12,,not_applicable
realtime with batch already running - repeat 1,1,1,207,realtime-chat,100,poisson,354,349,5,,not_applicable
realtime with batch already running - repeat 1,1,1,208,realtime-chat,100,poisson,354,353,1,,not_applicable
realtime with batch already running - repeat 1,1,1,209,realtime-chat,100,poisson,354,353,1,,not_applicable
realtime with batch already running - repeat 1,1,1,210,realtime-chat,100,poisson,354,354,0,,not_applicable
realtime with batch already running - repeat 1,1,1,211,realtime-chat,100,poisson,354,354,0,,not_applicable
realtime with batch already running - repeat 1,1,1,212,realtime-chat,100,poisson,354,354,0,,not_applicable
realtime with batch already running - repeat 1,1,1,213,realtime-chat,100,poisson,354,354,0,,not_applicable
realtime with batch already running - repeat 1,1,1,214,realtime-chat,100,poisson,354,354,0,,not_applicable
realtime with batch already running - repeat 1,1,1,215,realtime-chat,100,poisson,354,354,0,,not_applicable
realtime with batch already running - repeat 1,1,1,216,realtime-chat,100,poisson,354,354,0,,not_applicable
realtime with batch already running - repeat 1,1,1,217,realtime-chat,100,poisson,354,354,0,,not_applicable
realtime with batch already running - repeat 1,1,1,218,realtime-chat,100,poisson,354,354,0,,not_applicable
realtime with batch already running - repeat 1,1,1,219,realtime-chat,100,poisson,354,354,0,,not_applicable
realtime with batch already running - repeat 1,1,1,220,realtime-chat,100,poisson,354,354,0,,not_applicable
realtime with batch already running - repeat 1,1,1,221,realtime-chat,100,poisson,354,354,0,,not_applicable
realtime with batch already running - repeat 1,1,1,222,realtime-chat,100,poisson,354,354,0,,not_applicable
realtime with batch already running - repeat 1,1,1,223,realtime-chat,100,poisson,354,354,0,,not_applicable
realtime with batch already running - repeat 1,1,1,224,realtime-chat,100,poisson,354,354,0,,not_applicable
realtime with batch already running - repeat 1,1,1,225,realtime-chat,100,poisson,354,354,0,,not_applicable
realtime with batch already running - repeat 1,1,1,226,realtime-chat,100,poisson,354,354,0,,not_applicable
realtime with batch already running - repeat 1,1,1,227,realtime-chat,100,poisson,354,354,0,,not_applicable
realtime with batch already running - repeat 1,1,1,228,realtime-chat,100,poisson,354,354,0,,not_applicable
realtime with batch already running - repeat 1,1,1,229,realtime-chat,100,poisson,354,354,0,,not_applicable
realtime with batch already running - repeat 1,1,1,230,realtime-chat,100,poisson,354,354,0,,not_applicable
realtime with batch already running - repeat 1,1,1,231,realtime-chat,100,poisson,354,354,0,,not_applicable
realtime with batch already running - repeat 1,1,1,232,realtime-chat,100,poisson,354,354,0,,not_applicable
realtime with batch already running - repeat 1,1,1,233,realtime-chat,100,poisson,354,354,0,,not_applicable
realtime with batch already running - repeat 1,1,1,234,realtime-chat,100,poisson,354,354,0,,not_applicable
realtime with batch already running - repeat 1,1,1,235,realtime-chat,100,poisson,354,354,0,,not_applicable
realtime with batch already running - repeat 1,1,1,236,realtime-chat,100,poisson,354,354,0,,not_applicable
realtime with batch already running - repeat 1,1,1,237,realtime-chat,100,poisson,354,354,0,,not_applicable
realtime with batch already running - repeat 1,1,1,238,realtime-chat,100,poisson,354,354,0,,not_applicable
realtime with batch already running - repeat 1,1,1,239,realtime-chat,100,poisson,354,354,0,,not_applicable
realtime with batch already running - repeat 1,1,1,240,realtime-chat,100,poisson,354,354,0,,not_applicable
realtime with batch already running - repeat 1,1,1,0,batch-long-context,-10,poisson,0,0,0,,not_applicable
realtime with batch already running - repeat 1,1,1,1,batch-long-context,-10,poisson,2,0,2,,not_applicable
realtime with batch already running - repeat 1,1,1,2,batch-long-context,-10,poisson,5,0,5,,not_applicable
realtime with batch already running - repeat 1,1,1,3,batch-long-context,-10,poisson,10,2,8,,not_applicable
realtime with batch already running - repeat 1,1,1,4,batch-long-context,-10,poisson,12,2,10,,not_applicable
realtime with batch already running - repeat 1,1,1,5,batch-long-context,-10,poisson,16,2,14,,not_applicable
realtime with batch already running - repeat 1,1,1,6,batch-long-context,-10,poisson,19,2,17,,not_applicable
realtime with batch already running - repeat 1,1,1,7,batch-long-context,-10,poisson,23,2,21,,not_applicable
realtime with batch already running - repeat 1,1,1,8,batch-long-context,-10,poisson,29,2,27,,not_applicable
realtime with batch already running - repeat 1,1,1,9,batch-long-context,-10,poisson,32,2,30,,not_applicable
realtime with batch already running - repeat 1,1,1,10,batch-long-context,-10,poisson,33,2,31,,not_applicable
realtime with batch already running - repeat 1,1,1,11,batch-long-context,-10,poisson,34,2,32,,not_applicable
realtime with batch already running - repeat 1,1,1,12,batch-long-context,-10,poisson,37,2,35,,not_applicable
realtime with batch already running - repeat 1,1,1,13,batch-long-context,-10,poisson,39,2,37,,not_applicable
realtime with batch already running - repeat 1,1,1,14,batch-long-context,-10,poisson,39,2,37,,not_applicable
realtime with batch already running - repeat 1,1,1,15,batch-long-context,-10,poisson,41,5,36,,not_applicable
realtime with batch already running - repeat 1,1,1,16,batch-long-context,-10,poisson,46,5,41,,not_applicable
realtime with batch already running - repeat 1,1,1,17,batch-long-context,-10,poisson,51,5,46,,not_applicable
realtime with batch already running - repeat 1,1,1,18,batch-long-context,-10,poisson,55,5,50,,not_applicable
realtime with batch already running - repeat 1,1,1,19,batch-long-context,-10,poisson,55,8,47,,not_applicable
realtime with batch already running - repeat 1,1,1,20,batch-long-context,-10,poisson,57,11,46,,not_applicable
realtime with batch already running - repeat 1,1,1,21,batch-long-context,-10,poisson,57,13,44,,not_applicable
realtime with batch already running - repeat 1,1,1,22,batch-long-context,-10,poisson,59,20,39,,not_applicable
realtime with batch already running - repeat 1,1,1,23,batch-long-context,-10,poisson,64,38,26,,not_applicable
realtime with batch already running - repeat 1,1,1,24,batch-long-context,-10,poisson,66,40,26,,not_applicable
realtime with batch already running - repeat 1,1,1,25,batch-long-context,-10,poisson,69,40,29,,not_applicable
realtime with batch already running - repeat 1,1,1,26,batch-long-context,-10,poisson,71,40,31,,not_applicable
realtime with batch already running - repeat 1,1,1,27,batch-long-context,-10,poisson,73,41,32,,not_applicable
realtime with batch already running - repeat 1,1,1,28,batch-long-context,-10,poisson,75,45,30,,not_applicable
realtime with batch already running - repeat 1,1,1,29,batch-long-context,-10,poisson,78,54,24,,not_applicable
realtime with batch already running - repeat 1,1,1,30,batch-long-context,-10,poisson,81,56,25,,not_applicable
realtime with batch already running - repeat 1,1,1,31,batch-long-context,-10,poisson,85,57,28,,not_applicable
realtime with batch already running - repeat 1,1,1,32,batch-long-context,-10,poisson,88,57,31,,not_applicable
realtime with batch already running - repeat 1,1,1,33,batch-long-context,-10,poisson,91,59,32,,not_applicable
realtime with batch already running - repeat 1,1,1,34,batch-long-context,-10,poisson,93,59,34,,not_applicable
realtime with batch already running - repeat 1,1,1,35,batch-long-context,-10,poisson,95,59,36,,not_applicable
realtime with batch already running - repeat 1,1,1,36,batch-long-context,-10,poisson,95,65,30,,not_applicable
realtime with batch already running - repeat 1,1,1,37,batch-long-context,-10,poisson,98,76,22,,not_applicable
realtime with batch already running - repeat 1,1,1,38,batch-long-context,-10,poisson,101,76,25,,not_applicable
realtime with batch already running - repeat 1,1,1,39,batch-long-context,-10,poisson,106,77,29,,not_applicable
realtime with batch already running - repeat 1,1,1,40,batch-long-context,-10,poisson,108,80,28,,not_applicable
realtime with batch already running - repeat 1,1,1,41,batch-long-context,-10,poisson,109,83,26,,not_applicable
realtime with batch already running - repeat 1,1,1,42,batch-long-context,-10,poisson,113,86,27,,not_applicable
realtime with batch already running - repeat 1,1,1,43,batch-long-context,-10,poisson,116,89,27,,not_applicable
realtime with batch already running - repeat 1,1,1,44,batch-long-context,-10,poisson,118,92,26,,not_applicable
realtime with batch already running - repeat 1,1,1,45,batch-long-context,-10,poisson,120,94,26,,not_applicable
realtime with batch already running - repeat 1,1,1,46,batch-long-context,-10,poisson,121,95,26,,not_applicable
realtime with batch already running - repeat 1,1,1,47,batch-long-context,-10,poisson,124,102,22,,not_applicable
realtime with batch already running - repeat 1,1,1,48,batch-long-context,-10,poisson,124,121,3,,not_applicable
realtime with batch already running - repeat 1,1,1,49,batch-long-context,-10,poisson,125,124,1,,not_applicable
realtime with batch already running - repeat 1,1,1,50,batch-long-context,-10,poisson,128,125,3,,not_applicable
realtime with batch already running - repeat 1,1,1,51,batch-long-context,-10,poisson,134,125,9,,not_applicable
realtime with batch already running - repeat 1,1,1,52,batch-long-context,-10,poisson,136,126,10,,not_applicable
realtime with batch already running - repeat 1,1,1,53,batch-long-context,-10,poisson,140,126,14,,not_applicable
realtime with batch already running - repeat 1,1,1,54,batch-long-context,-10,poisson,142,126,16,,not_applicable
realtime with batch already running - repeat 1,1,1,55,batch-long-context,-10,poisson,144,126,18,,not_applicable
realtime with batch already running - repeat 1,1,1,56,batch-long-context,-10,poisson,146,126,20,,not_applicable
realtime with batch already running - repeat 1,1,1,57,batch-long-context,-10,poisson,149,126,23,,not_applicable
realtime with batch already running - repeat 1,1,1,58,batch-long-context,-10,poisson,151,126,25,,not_applicable
realtime with batch already running - repeat 1,1,1,59,batch-long-context,-10,poisson,155,126,29,,not_applicable
realtime with batch already running - repeat 1,1,1,60,batch-long-context,-10,poisson,158,126,32,,not_applicable
realtime with batch already running - repeat 1,1,1,61,batch-long-context,-10,poisson,160,126,34,,not_applicable
realtime with batch already running - repeat 1,1,1,62,batch-long-context,-10,poisson,167,126,41,,not_applicable
realtime with batch already running - repeat 1,1,1,63,batch-long-context,-10,poisson,170,126,44,,not_applicable
realtime with batch already running - repeat 1,1,1,64,batch-long-context,-10,poisson,174,126,48,,not_applicable
realtime with batch already running - repeat 1,1,1,65,batch-long-context,-10,poisson,177,126,51,,not_applicable
realtime with batch already running - repeat 1,1,1,66,batch-long-context,-10,poisson,181,126,55,,not_applicable
realtime with batch already running - repeat 1,1,1,67,batch-long-context,-10,poisson,185,126,59,,not_applicable
realtime with batch already running - repeat 1,1,1,68,batch-long-context,-10,poisson,186,126,60,,not_applicable
realtime with batch already running - repeat 1,1,1,69,batch-long-context,-10,poisson,189,127,62,,not_applicable
realtime with batch already running - repeat 1,1,1,70,batch-long-context,-10,poisson,192,130,62,,not_applicable
realtime with batch already running - repeat 1,1,1,71,batch-long-context,-10,poisson,192,132,60,,not_applicable
realtime with batch already running - repeat 1,1,1,72,batch-long-context,-10,poisson,197,135,62,,not_applicable
realtime with batch already running - repeat 1,1,1,73,batch-long-context,-10,poisson,198,138,60,,not_applicable
realtime with batch already running - repeat 1,1,1,74,batch-long-context,-10,poisson,201,140,61,,not_applicable
realtime with batch already running - repeat 1,1,1,75,batch-long-context,-10,poisson,205,143,62,,not_applicable
realtime with batch already running - repeat 1,1,1,76,batch-long-context,-10,poisson,206,146,60,,not_applicable
realtime with batch already running - repeat 1,1,1,77,batch-long-context,-10,poisson,207,149,58,,not_applicable
realtime with batch already running - repeat 1,1,1,78,batch-long-context,-10,poisson,211,151,60,,not_applicable
realtime with batch already running - repeat 1,1,1,79,batch-long-context,-10,poisson,216,154,62,,not_applicable
realtime with batch already running - repeat 1,1,1,80,batch-long-context,-10,poisson,219,157,62,,not_applicable
realtime with batch already running - repeat 1,1,1,81,batch-long-context,-10,poisson,220,158,62,,not_applicable
realtime with batch already running - repeat 1,1,1,82,batch-long-context,-10,poisson,222,161,61,,not_applicable
realtime with batch already running - repeat 1,1,1,83,batch-long-context,-10,poisson,224,163,61,,not_applicable
realtime with batch already running - repeat 1,1,1,84,batch-long-context,-10,poisson,225,166,59,,not_applicable
realtime with batch already running - repeat 1,1,1,85,batch-long-context,-10,poisson,230,168,62,,not_applicable
realtime with batch already running - repeat 1,1,1,86,batch-long-context,-10,poisson,237,170,67,,not_applicable
realtime with batch already running - repeat 1,1,1,87,batch-long-context,-10,poisson,243,172,71,,not_applicable
realtime with batch already running - repeat 1,1,1,88,batch-long-context,-10,poisson,244,175,69,,not_applicable
realtime with batch already running - repeat 1,1,1,89,batch-long-context,-10,poisson,246,177,69,,not_applicable
realtime with batch already running - repeat 1,1,1,90,batch-long-context,-10,poisson,246,180,66,,not_applicable
realtime with batch already running - repeat 1,1,1,91,batch-long-context,-10,poisson,247,182,65,,not_applicable
realtime with batch already running - repeat 1,1,1,92,batch-long-context,-10,poisson,249,185,64,,not_applicable
realtime with batch already running - repeat 1,1,1,93,batch-long-context,-10,poisson,253,186,67,,not_applicable
realtime with batch already running - repeat 1,1,1,94,batch-long-context,-10,poisson,254,189,65,,not_applicable
realtime with batch already running - repeat 1,1,1,95,batch-long-context,-10,poisson,262,191,71,,not_applicable
realtime with batch already running - repeat 1,1,1,96,batch-long-context,-10,poisson,264,193,71,,not_applicable
realtime with batch already running - repeat 1,1,1,97,batch-long-context,-10,poisson,270,195,75,,not_applicable
realtime with batch already running - repeat 1,1,1,98,batch-long-context,-10,poisson,271,197,74,,not_applicable
realtime with batch already running - repeat 1,1,1,99,batch-long-context,-10,poisson,273,198,75,,not_applicable
realtime with batch already running - repeat 1,1,1,100,batch-long-context,-10,poisson,275,200,75,,not_applicable
realtime with batch already running - repeat 1,1,1,101,batch-long-context,-10,poisson,279,203,76,,not_applicable
realtime with batch already running - repeat 1,1,1,102,batch-long-context,-10,poisson,284,205,79,,not_applicable
realtime with batch already running - repeat 1,1,1,103,batch-long-context,-10,poisson,288,207,81,,not_applicable
realtime with batch already running - repeat 1,1,1,104,batch-long-context,-10,poisson,290,210,80,,not_applicable
realtime with batch already running - repeat 1,1,1,105,batch-long-context,-10,poisson,291,212,79,,not_applicable
realtime with batch already running - repeat 1,1,1,106,batch-long-context,-10,poisson,294,215,79,,not_applicable
realtime with batch already running - repeat 1,1,1,107,batch-long-context,-10,poisson,297,217,80,,not_applicable
realtime with batch already running - repeat 1,1,1,108,batch-long-context,-10,poisson,298,220,78,,not_applicable
realtime with batch already running - repeat 1,1,1,109,batch-long-context,-10,poisson,299,221,78,,not_applicable
realtime with batch already running - repeat 1,1,1,110,batch-long-context,-10,poisson,301,224,77,,not_applicable
realtime with batch already running - repeat 1,1,1,111,batch-long-context,-10,poisson,302,225,77,,not_applicable
realtime with batch already running - repeat 1,1,1,112,batch-long-context,-10,poisson,303,227,76,,not_applicable
realtime with batch already running - repeat 1,1,1,113,batch-long-context,-10,poisson,304,230,74,,not_applicable
realtime with batch already running - repeat 1,1,1,114,batch-long-context,-10,poisson,307,234,73,,not_applicable
realtime with batch already running - repeat 1,1,1,115,batch-long-context,-10,poisson,309,237,72,,not_applicable
realtime with batch already running - repeat 1,1,1,116,batch-long-context,-10,poisson,313,239,74,,not_applicable
realtime with batch already running - repeat 1,1,1,117,batch-long-context,-10,poisson,315,242,73,,not_applicable
realtime with batch already running - repeat 1,1,1,118,batch-long-context,-10,poisson,320,244,76,,not_applicable
realtime with batch already running - repeat 1,1,1,119,batch-long-context,-10,poisson,324,245,79,,not_applicable
realtime with batch already running - repeat 1,1,1,120,batch-long-context,-10,poisson,328,246,82,,not_applicable
realtime with batch already running - repeat 1,1,1,121,batch-long-context,-10,poisson,331,248,83,,not_applicable
realtime with batch already running - repeat 1,1,1,122,batch-long-context,-10,poisson,332,249,83,,not_applicable
realtime with batch already running - repeat 1,1,1,123,batch-long-context,-10,poisson,334,251,83,,not_applicable
realtime with batch already running - repeat 1,1,1,124,batch-long-context,-10,poisson,335,252,83,,not_applicable
realtime with batch already running - repeat 1,1,1,125,batch-long-context,-10,poisson,338,252,86,,not_applicable
realtime with batch already running - repeat 1,1,1,126,batch-long-context,-10,poisson,340,252,88,,not_applicable
realtime with batch already running - repeat 1,1,1,127,batch-long-context,-10,poisson,345,255,90,,not_applicable
realtime with batch already running - repeat 1,1,1,128,batch-long-context,-10,poisson,346,257,89,,not_applicable
realtime with batch already running - repeat 1,1,1,129,batch-long-context,-10,poisson,348,258,90,,not_applicable
realtime with batch already running - repeat 1,1,1,130,batch-long-context,-10,poisson,349,260,89,,not_applicable
realtime with batch already running - repeat 1,1,1,131,batch-long-context,-10,poisson,352,261,91,,not_applicable
realtime with batch already running - repeat 1,1,1,132,batch-long-context,-10,poisson,357,264,93,,not_applicable
realtime with batch already running - repeat 1,1,1,133,batch-long-context,-10,poisson,360,264,96,,not_applicable
realtime with batch already running - repeat 1,1,1,134,batch-long-context,-10,poisson,365,265,100,,not_applicable
realtime with batch already running - repeat 1,1,1,135,batch-long-context,-10,poisson,366,267,99,,not_applicable
realtime with batch already running - repeat 1,1,1,136,batch-long-context,-10,poisson,366,268,98,,not_applicable
realtime with batch already running - repeat 1,1,1,137,batch-long-context,-10,poisson,369,271,98,,not_applicable
realtime with batch already running - repeat 1,1,1,138,batch-long-context,-10,poisson,369,273,96,,not_applicable
realtime with batch already running - repeat 1,1,1,139,batch-long-context,-10,poisson,371,275,96,,not_applicable
realtime with batch already running - repeat 1,1,1,140,batch-long-context,-10,poisson,374,276,98,,not_applicable
realtime with batch already running - repeat 1,1,1,141,batch-long-context,-10,poisson,375,279,96,,not_applicable
realtime with batch already running - repeat 1,1,1,142,batch-long-context,-10,poisson,375,281,94,,not_applicable
realtime with batch already running - repeat 1,1,1,143,batch-long-context,-10,poisson,375,283,92,,not_applicable
realtime with batch already running - repeat 1,1,1,144,batch-long-context,-10,poisson,381,286,95,,not_applicable
realtime with batch already running - repeat 1,1,1,145,batch-long-context,-10,poisson,381,288,93,,not_applicable
realtime with batch already running - repeat 1,1,1,146,batch-long-context,-10,poisson,382,291,91,,not_applicable
realtime with batch already running - repeat 1,1,1,147,batch-long-context,-10,poisson,388,293,95,,not_applicable
realtime with batch already running - repeat 1,1,1,148,batch-long-context,-10,poisson,390,295,95,,not_applicable
realtime with batch already running - repeat 1,1,1,149,batch-long-context,-10,poisson,400,298,102,,not_applicable
realtime with batch already running - repeat 1,1,1,150,batch-long-context,-10,poisson,403,300,103,,not_applicable
realtime with batch already running - repeat 1,1,1,151,batch-long-context,-10,poisson,410,302,108,,not_applicable
realtime with batch already running - repeat 1,1,1,152,batch-long-context,-10,poisson,414,305,109,,not_applicable
realtime with batch already running - repeat 1,1,1,153,batch-long-context,-10,poisson,417,308,109,,not_applicable
realtime with batch already running - repeat 1,1,1,154,batch-long-context,-10,poisson,420,311,109,,not_applicable
realtime with batch already running - repeat 1,1,1,155,batch-long-context,-10,poisson,427,314,113,,not_applicable
realtime with batch already running - repeat 1,1,1,156,batch-long-context,-10,poisson,428,316,112,,not_applicable
realtime with batch already running - repeat 1,1,1,157,batch-long-context,-10,poisson,431,319,112,,not_applicable
realtime with batch already running - repeat 1,1,1,158,batch-long-context,-10,poisson,433,322,111,,not_applicable
realtime with batch already running - repeat 1,1,1,159,batch-long-context,-10,poisson,438,325,113,,not_applicable
realtime with batch already running - repeat 1,1,1,160,batch-long-context,-10,poisson,439,326,113,,not_applicable
realtime with batch already running - repeat 1,1,1,161,batch-long-context,-10,poisson,442,329,113,,not_applicable
realtime with batch already running - repeat 1,1,1,162,batch-long-context,-10,poisson,442,331,111,,not_applicable
realtime with batch already running - repeat 1,1,1,163,batch-long-context,-10,poisson,445,333,112,,not_applicable
realtime with batch already running - repeat 1,1,1,164,batch-long-context,-10,poisson,451,335,116,,not_applicable
realtime with batch already running - repeat 1,1,1,165,batch-long-context,-10,poisson,452,338,114,,not_applicable
realtime with batch already running - repeat 1,1,1,166,batch-long-context,-10,poisson,456,340,116,,not_applicable
realtime with batch already running - repeat 1,1,1,167,batch-long-context,-10,poisson,458,343,115,,not_applicable
realtime with batch already running - repeat 1,1,1,168,batch-long-context,-10,poisson,461,345,116,,not_applicable
realtime with batch already running - repeat 1,1,1,169,batch-long-context,-10,poisson,464,350,114,,not_applicable
realtime with batch already running - repeat 1,1,1,170,batch-long-context,-10,poisson,466,352,114,,not_applicable
realtime with batch already running - repeat 1,1,1,171,batch-long-context,-10,poisson,468,353,115,,not_applicable
realtime with batch already running - repeat 1,1,1,172,batch-long-context,-10,poisson,472,353,119,,not_applicable
realtime with batch already running - repeat 1,1,1,173,batch-long-context,-10,poisson,476,355,121,,not_applicable
realtime with batch already running - repeat 1,1,1,174,batch-long-context,-10,poisson,476,355,121,,not_applicable
realtime with batch already running - repeat 1,1,1,175,batch-long-context,-10,poisson,477,355,122,,not_applicable
realtime with batch already running - repeat 1,1,1,176,batch-long-context,-10,poisson,480,357,123,,not_applicable
realtime with batch already running - repeat 1,1,1,177,batch-long-context,-10,poisson,481,359,122,,not_applicable
realtime with batch already running - repeat 1,1,1,178,batch-long-context,-10,poisson,485,361,124,,not_applicable
realtime with batch already running - repeat 1,1,1,179,batch-long-context,-10,poisson,489,362,127,,not_applicable
realtime with batch already running - repeat 1,1,1,180,batch-long-context,-10,poisson,492,364,128,,not_applicable
realtime with batch already running - repeat 1,1,1,181,batch-long-context,-10,poisson,492,366,126,,not_applicable
realtime with batch already running - repeat 1,1,1,182,batch-long-context,-10,poisson,492,369,123,,not_applicable
realtime with batch already running - repeat 1,1,1,183,batch-long-context,-10,poisson,492,371,121,,not_applicable
realtime with batch already running - repeat 1,1,1,184,batch-long-context,-10,poisson,492,374,118,,not_applicable
realtime with batch already running - repeat 1,1,1,185,batch-long-context,-10,poisson,492,376,116,,not_applicable
realtime with batch already running - repeat 1,1,1,186,batch-long-context,-10,poisson,492,377,115,,not_applicable
realtime with batch already running - repeat 1,1,1,187,batch-long-context,-10,poisson,492,379,113,,not_applicable
realtime with batch already running - repeat 1,1,1,188,batch-long-context,-10,poisson,492,379,113,,not_applicable
realtime with batch already running - repeat 1,1,1,189,batch-long-context,-10,poisson,492,381,111,,not_applicable
realtime with batch already running - repeat 1,1,1,190,batch-long-context,-10,poisson,492,382,110,,not_applicable
realtime with batch already running - repeat 1,1,1,191,batch-long-context,-10,poisson,492,384,108,,not_applicable
realtime with batch already running - repeat 1,1,1,192,batch-long-context,-10,poisson,492,387,105,,not_applicable
realtime with batch already running - repeat 1,1,1,193,batch-long-context,-10,poisson,492,389,103,,not_applicable
realtime with batch already running - repeat 1,1,1,194,batch-long-context,-10,poisson,492,391,101,,not_applicable
realtime with batch already running - repeat 1,1,1,195,batch-long-context,-10,poisson,492,394,98,,not_applicable
realtime with batch already running - repeat 1,1,1,196,batch-long-context,-10,poisson,492,396,96,,not_applicable
realtime with batch already running - repeat 1,1,1,197,batch-long-context,-10,poisson,492,398,94,,not_applicable
realtime with batch already running - repeat 1,1,1,198,batch-long-context,-10,poisson,492,400,92,,not_applicable
realtime with batch already running - repeat 1,1,1,199,batch-long-context,-10,poisson,492,402,90,,not_applicable
realtime with batch already running - repeat 1,1,1,200,batch-long-context,-10,poisson,492,404,88,,not_applicable
realtime with batch already running - repeat 1,1,1,201,batch-long-context,-10,poisson,492,406,86,,not_applicable
realtime with batch already running - repeat 1,1,1,202,batch-long-context,-10,poisson,492,409,83,,not_applicable
realtime with batch already running - repeat 1,1,1,203,batch-long-context,-10,poisson,492,411,81,,not_applicable
realtime with batch already running - repeat 1,1,1,204,batch-long-context,-10,poisson,492,413,79,,not_applicable
realtime with batch already running - repeat 1,1,1,205,batch-long-context,-10,poisson,492,415,77,,not_applicable
realtime with batch already running - repeat 1,1,1,206,batch-long-context,-10,poisson,492,417,75,,not_applicable
realtime with batch already running - repeat 1,1,1,207,batch-long-context,-10,poisson,492,418,74,,not_applicable
realtime with batch already running - repeat 1,1,1,208,batch-long-context,-10,poisson,492,420,72,,not_applicable
realtime with batch already running - repeat 1,1,1,209,batch-long-context,-10,poisson,492,422,70,,not_applicable
realtime with batch already running - repeat 1,1,1,210,batch-long-context,-10,poisson,492,425,67,,not_applicable
realtime with batch already running - repeat 1,1,1,211,batch-long-context,-10,poisson,492,427,65,,not_applicable
realtime with batch already running - repeat 1,1,1,212,batch-long-context,-10,poisson,492,430,62,,not_applicable
realtime with batch already running - repeat 1,1,1,213,batch-long-context,-10,poisson,492,432,60,,not_applicable
realtime with batch already running - repeat 1,1,1,214,batch-long-context,-10,poisson,492,435,57,,not_applicable
realtime with batch already running - repeat 1,1,1,215,batch-long-context,-10,poisson,492,437,55,,not_applicable
realtime with batch already running - repeat 1,1,1,216,batch-long-context,-10,poisson,492,443,49,,not_applicable
realtime with batch already running - repeat 1,1,1,217,batch-long-context,-10,poisson,492,474,18,,not_applicable
realtime with batch already running - repeat 1,1,1,218,batch-long-context,-10,poisson,492,492,0,,not_applicable
realtime with batch already running - repeat 1,1,1,219,batch-long-context,-10,poisson,492,492,0,,not_applicable
realtime with batch already running - repeat 1,1,1,220,batch-long-context,-10,poisson,492,492,0,,not_applicable
realtime with batch already running - repeat 1,1,1,221,batch-long-context,-10,poisson,492,492,0,,not_applicable
realtime with batch already running - repeat 1,1,1,222,batch-long-context,-10,poisson,492,492,0,,not_applicable
realtime with batch already running - repeat 1,1,1,223,batch-long-context,-10,poisson,492,492,0,,not_applicable
realtime with batch already running - repeat 1,1,1,224,batch-long-context,-10,poisson,492,492,0,,not_applicable
realtime with batch already running - repeat 1,1,1,225,batch-long-context,-10,poisson,492,492,0,,not_applicable
realtime with batch already running - repeat 1,1,1,226,batch-long-context,-10,poisson,492,492,0,,not_applicable
realtime with batch already running - repeat 1,1,1,227,batch-long-context,-10,poisson,492,492,0,,not_applicable
realtime with batch already running - repeat 1,1,1,228,batch-long-context,-10,poisson,492,492,0,,not_applicable
realtime with batch already running - repeat 1,1,1,229,batch-long-context,-10,poisson,492,492,0,,not_applicable
realtime with batch already running - repeat 1,1,1,230,batch-long-context,-10,poisson,492,492,0,,not_applicable
realtime with batch already running - repeat 1,1,1,231,batch-long-context,-10,poisson,492,492,0,,not_applicable
realtime with batch already running - repeat 1,1,1,232,batch-long-context,-10,poisson,492,492,0,,not_applicable
realtime with batch already running - repeat 1,1,1,233,batch-long-context,-10,poisson,492,492,0,,not_applicable
realtime with batch already running - repeat 1,1,1,234,batch-long-context,-10,poisson,492,492,0,,not_applicable
realtime with batch already running - repeat 1,1,1,235,batch-long-context,-10,poisson,492,492,0,,not_applicable
realtime with batch already running - repeat 1,1,1,236,batch-long-context,-10,poisson,492,492,0,,not_applicable
realtime with batch already running - repeat 1,1,1,237,batch-long-context,-10,poisson,492,492,0,,not_applicable
realtime with batch already running - repeat 1,1,1,238,batch-long-context,-10,poisson,492,492,0,,not_applicable
realtime with batch already running - repeat 1,1,1,239,batch-long-context,-10,poisson,492,492,0,,not_applicable
realtime with batch already running - repeat 1,1,1,240,batch-long-context,-10,poisson,492,492,0,,not_applicable
realtime with batch already running - repeat 2,1,2,0,realtime-chat,100,poisson,0,0,0,,not_applicable
realtime with batch already running - repeat 2,1,2,1,realtime-chat,100,poisson,0,0,0,,not_applicable
realtime with batch already running - repeat 2,1,2,2,realtime-chat,100,poisson,0,0,0,,not_applicable
realtime with batch already running - repeat 2,1,2,3,realtime-chat,100,poisson,0,0,0,,not_applicable
realtime with batch already running - repeat 2,1,2,4,realtime-chat,100,poisson,0,0,0,,not_applicable
realtime with batch already running - repeat 2,1,2,5,realtime-chat,100,poisson,0,0,0,,not_applicable
realtime with batch already running - repeat 2,1,2,6,realtime-chat,100,poisson,0,0,0,,not_applicable
realtime with batch already running - repeat 2,1,2,7,realtime-chat,100,poisson,0,0,0,,not_applicable
realtime with batch already running - repeat 2,1,2,8,realtime-chat,100,poisson,0,0,0,,not_applicable
realtime with batch already running - repeat 2,1,2,9,realtime-chat,100,poisson,0,0,0,,not_applicable
realtime with batch already running - repeat 2,1,2,10,realtime-chat,100,poisson,0,0,0,,not_applicable
realtime with batch already running - repeat 2,1,2,11,realtime-chat,100,poisson,0,0,0,,not_applicable
realtime with batch already running - repeat 2,1,2,12,realtime-chat,100,poisson,0,0,0,,not_applicable
realtime with batch already running - repeat 2,1,2,13,realtime-chat,100,poisson,0,0,0,,not_applicable
realtime with batch already running - repeat 2,1,2,14,realtime-chat,100,poisson,0,0,0,,not_applicable
realtime with batch already running - repeat 2,1,2,15,realtime-chat,100,poisson,0,0,0,,not_applicable
realtime with batch already running - repeat 2,1,2,16,realtime-chat,100,poisson,0,0,0,,not_applicable
realtime with batch already running - repeat 2,1,2,17,realtime-chat,100,poisson,0,0,0,,not_applicable
realtime with batch already running - repeat 2,1,2,18,realtime-chat,100,poisson,0,0,0,,not_applicable
realtime with batch already running - repeat 2,1,2,19,realtime-chat,100,poisson,0,0,0,,not_applicable
realtime with batch already running - repeat 2,1,2,20,realtime-chat,100,poisson,0,0,0,,not_applicable
realtime with batch already running - repeat 2,1,2,21,realtime-chat,100,poisson,0,0,0,,not_applicable
realtime with batch already running - repeat 2,1,2,22,realtime-chat,100,poisson,0,0,0,,not_applicable
realtime with batch already running - repeat 2,1,2,23,realtime-chat,100,poisson,0,0,0,,not_applicable
realtime with batch already running - repeat 2,1,2,24,realtime-chat,100,poisson,0,0,0,,not_applicable
realtime with batch already running - repeat 2,1,2,25,realtime-chat,100,poisson,0,0,0,,not_applicable
realtime with batch already running - repeat 2,1,2,26,realtime-chat,100,poisson,0,0,0,,not_applicable
realtime with batch already running - repeat 2,1,2,27,realtime-chat,100,poisson,0,0,0,,not_applicable
realtime with batch already running - repeat 2,1,2,28,realtime-chat,100,poisson,0,0,0,,not_applicable
realtime with batch already running - repeat 2,1,2,29,realtime-chat,100,poisson,0,0,0,,not_applicable
realtime with batch already running - repeat 2,1,2,30,realtime-chat,100,poisson,0,0,0,,not_applicable
realtime with batch already running - repeat 2,1,2,31,realtime-chat,100,poisson,0,0,0,,not_applicable
realtime with batch already running - repeat 2,1,2,32,realtime-chat,100,poisson,0,0,0,,not_applicable
realtime with batch already running - repeat 2,1,2,33,realtime-chat,100,poisson,0,0,0,,not_applicable
realtime with batch already running - repeat 2,1,2,34,realtime-chat,100,poisson,0,0,0,,not_applicable
realtime with batch already running - repeat 2,1,2,35,realtime-chat,100,poisson,0,0,0,,not_applicable
realtime with batch already running - repeat 2,1,2,36,realtime-chat,100,poisson,0,0,0,,not_applicable
realtime with batch already running - repeat 2,1,2,37,realtime-chat,100,poisson,0,0,0,,not_applicable
realtime with batch already running - repeat 2,1,2,38,realtime-chat,100,poisson,0,0,0,,not_applicable
realtime with batch already running - repeat 2,1,2,39,realtime-chat,100,poisson,0,0,0,,not_applicable
realtime with batch already running - repeat 2,1,2,40,realtime-chat,100,poisson,0,0,0,,not_applicable
realtime with batch already running - repeat 2,1,2,41,realtime-chat,100,poisson,0,0,0,,not_applicable
realtime with batch already running - repeat 2,1,2,42,realtime-chat,100,poisson,0,0,0,,not_applicable
realtime with batch already running - repeat 2,1,2,43,realtime-chat,100,poisson,0,0,0,,not_applicable
realtime with batch already running - repeat 2,1,2,44,realtime-chat,100,poisson,0,0,0,,not_applicable
realtime with batch already running - repeat 2,1,2,45,realtime-chat,100,poisson,0,0,0,,not_applicable
realtime with batch already running - repeat 2,1,2,46,realtime-chat,100,poisson,0,0,0,,not_applicable
realtime with batch already running - repeat 2,1,2,47,realtime-chat,100,poisson,0,0,0,,not_applicable
realtime with batch already running - repeat 2,1,2,48,realtime-chat,100,poisson,0,0,0,,not_applicable
realtime with batch already running - repeat 2,1,2,49,realtime-chat,100,poisson,0,0,0,,not_applicable
realtime with batch already running - repeat 2,1,2,50,realtime-chat,100,poisson,0,0,0,,not_applicable
realtime with batch already running - repeat 2,1,2,51,realtime-chat,100,poisson,0,0,0,,not_applicable
realtime with batch already running - repeat 2,1,2,52,realtime-chat,100,poisson,0,0,0,,not_applicable
realtime with batch already running - repeat 2,1,2,53,realtime-chat,100,poisson,0,0,0,,not_applicable
realtime with batch already running - repeat 2,1,2,54,realtime-chat,100,poisson,0,0,0,,not_applicable
realtime with batch already running - repeat 2,1,2,55,realtime-chat,100,poisson,0,0,0,,not_applicable
realtime with batch already running - repeat 2,1,2,56,realtime-chat,100,poisson,0,0,0,,not_applicable
realtime with batch already running - repeat 2,1,2,57,realtime-chat,100,poisson,0,0,0,,not_applicable
realtime with batch already running - repeat 2,1,2,58,realtime-chat,100,poisson,0,0,0,,not_applicable
realtime with batch already running - repeat 2,1,2,59,realtime-chat,100,poisson,0,0,0,,not_applicable
realtime with batch already running - repeat 2,1,2,60,realtime-chat,100,poisson,0,0,0,,not_applicable
realtime with batch already running - repeat 2,1,2,61,realtime-chat,100,poisson,5,0,5,,not_applicable
realtime with batch already running - repeat 2,1,2,62,realtime-chat,100,poisson,6,0,6,,not_applicable
realtime with batch already running - repeat 2,1,2,63,realtime-chat,100,poisson,9,0,9,,not_applicable
realtime with batch already running - repeat 2,1,2,64,realtime-chat,100,poisson,13,0,13,,not_applicable
realtime with batch already running - repeat 2,1,2,65,realtime-chat,100,poisson,15,0,15,,not_applicable
realtime with batch already running - repeat 2,1,2,66,realtime-chat,100,poisson,17,0,17,,not_applicable
realtime with batch already running - repeat 2,1,2,67,realtime-chat,100,poisson,17,0,17,,not_applicable
realtime with batch already running - repeat 2,1,2,68,realtime-chat,100,poisson,19,0,19,,not_applicable
realtime with batch already running - repeat 2,1,2,69,realtime-chat,100,poisson,23,0,23,,not_applicable
realtime with batch already running - repeat 2,1,2,70,realtime-chat,100,poisson,26,0,26,,not_applicable
realtime with batch already running - repeat 2,1,2,71,realtime-chat,100,poisson,29,0,29,,not_applicable
realtime with batch already running - repeat 2,1,2,72,realtime-chat,100,poisson,32,0,32,,not_applicable
realtime with batch already running - repeat 2,1,2,73,realtime-chat,100,poisson,40,0,40,,not_applicable
realtime with batch already running - repeat 2,1,2,74,realtime-chat,100,poisson,43,0,43,,not_applicable
realtime with batch already running - repeat 2,1,2,75,realtime-chat,100,poisson,45,0,45,,not_applicable
realtime with batch already running - repeat 2,1,2,76,realtime-chat,100,poisson,47,0,47,,not_applicable
realtime with batch already running - repeat 2,1,2,77,realtime-chat,100,poisson,49,0,49,,not_applicable
realtime with batch already running - repeat 2,1,2,78,realtime-chat,100,poisson,52,0,52,,not_applicable
realtime with batch already running - repeat 2,1,2,79,realtime-chat,100,poisson,55,0,55,,not_applicable
realtime with batch already running - repeat 2,1,2,80,realtime-chat,100,poisson,57,0,57,,not_applicable
realtime with batch already running - repeat 2,1,2,81,realtime-chat,100,poisson,59,4,55,,not_applicable
realtime with batch already running - repeat 2,1,2,82,realtime-chat,100,poisson,62,5,57,,not_applicable
realtime with batch already running - repeat 2,1,2,83,realtime-chat,100,poisson,64,6,58,,not_applicable
realtime with batch already running - repeat 2,1,2,84,realtime-chat,100,poisson,71,6,65,,not_applicable
realtime with batch already running - repeat 2,1,2,85,realtime-chat,100,poisson,73,8,65,,not_applicable
realtime with batch already running - repeat 2,1,2,86,realtime-chat,100,poisson,75,9,66,,not_applicable
realtime with batch already running - repeat 2,1,2,87,realtime-chat,100,poisson,75,13,62,,not_applicable
realtime with batch already running - repeat 2,1,2,88,realtime-chat,100,poisson,79,14,65,,not_applicable
realtime with batch already running - repeat 2,1,2,89,realtime-chat,100,poisson,81,16,65,,not_applicable
realtime with batch already running - repeat 2,1,2,90,realtime-chat,100,poisson,81,16,65,,not_applicable
realtime with batch already running - repeat 2,1,2,91,realtime-chat,100,poisson,85,17,68,,not_applicable
realtime with batch already running - repeat 2,1,2,92,realtime-chat,100,poisson,89,18,71,,not_applicable
realtime with batch already running - repeat 2,1,2,93,realtime-chat,100,poisson,92,23,69,,not_applicable
realtime with batch already running - repeat 2,1,2,94,realtime-chat,100,poisson,98,23,75,,not_applicable
realtime with batch already running - repeat 2,1,2,95,realtime-chat,100,poisson,99,26,73,,not_applicable
realtime with batch already running - repeat 2,1,2,96,realtime-chat,100,poisson,104,30,74,,not_applicable
realtime with batch already running - repeat 2,1,2,97,realtime-chat,100,poisson,108,31,77,,not_applicable
realtime with batch already running - repeat 2,1,2,98,realtime-chat,100,poisson,112,36,76,,not_applicable
realtime with batch already running - repeat 2,1,2,99,realtime-chat,100,poisson,116,40,76,,not_applicable
realtime with batch already running - repeat 2,1,2,100,realtime-chat,100,poisson,125,43,82,,not_applicable
realtime with batch already running - repeat 2,1,2,101,realtime-chat,100,poisson,128,43,85,,not_applicable
realtime with batch already running - repeat 2,1,2,102,realtime-chat,100,poisson,133,47,86,,not_applicable
realtime with batch already running - repeat 2,1,2,103,realtime-chat,100,poisson,135,49,86,,not_applicable
realtime with batch already running - repeat 2,1,2,104,realtime-chat,100,poisson,139,51,88,,not_applicable
realtime with batch already running - repeat 2,1,2,105,realtime-chat,100,poisson,142,53,89,,not_applicable
realtime with batch already running - repeat 2,1,2,106,realtime-chat,100,poisson,143,53,90,,not_applicable
realtime with batch already running - repeat 2,1,2,107,realtime-chat,100,poisson,145,56,89,,not_applicable
realtime with batch already running - repeat 2,1,2,108,realtime-chat,100,poisson,150,58,92,,not_applicable
realtime with batch already running - repeat 2,1,2,109,realtime-chat,100,poisson,153,61,92,,not_applicable
realtime with batch already running - repeat 2,1,2,110,realtime-chat,100,poisson,155,64,91,,not_applicable
realtime with batch already running - repeat 2,1,2,111,realtime-chat,100,poisson,161,71,90,,not_applicable
realtime with batch already running - repeat 2,1,2,112,realtime-chat,100,poisson,164,71,93,,not_applicable
realtime with batch already running - repeat 2,1,2,113,realtime-chat,100,poisson,169,74,95,,not_applicable
realtime with batch already running - repeat 2,1,2,114,realtime-chat,100,poisson,171,74,97,,not_applicable
realtime with batch already running - repeat 2,1,2,115,realtime-chat,100,poisson,173,75,98,,not_applicable
realtime with batch already running - repeat 2,1,2,116,realtime-chat,100,poisson,175,81,94,,not_applicable
realtime with batch already running - repeat 2,1,2,117,realtime-chat,100,poisson,179,81,98,,not_applicable
realtime with batch already running - repeat 2,1,2,118,realtime-chat,100,poisson,183,82,101,,not_applicable
realtime with batch already running - repeat 2,1,2,119,realtime-chat,100,poisson,186,92,94,,not_applicable
realtime with batch already running - repeat 2,1,2,120,realtime-chat,100,poisson,188,100,88,,not_applicable
realtime with batch already running - repeat 2,1,2,121,realtime-chat,100,poisson,190,107,83,,not_applicable
realtime with batch already running - repeat 2,1,2,122,realtime-chat,100,poisson,193,112,81,,not_applicable
realtime with batch already running - repeat 2,1,2,123,realtime-chat,100,poisson,193,113,80,,not_applicable
realtime with batch already running - repeat 2,1,2,124,realtime-chat,100,poisson,195,125,70,,not_applicable
realtime with batch already running - repeat 2,1,2,125,realtime-chat,100,poisson,197,137,60,,not_applicable
realtime with batch already running - repeat 2,1,2,126,realtime-chat,100,poisson,197,142,55,,not_applicable
realtime with batch already running - repeat 2,1,2,127,realtime-chat,100,poisson,201,143,58,,not_applicable
realtime with batch already running - repeat 2,1,2,128,realtime-chat,100,poisson,204,145,59,,not_applicable
realtime with batch already running - repeat 2,1,2,129,realtime-chat,100,poisson,206,153,53,,not_applicable
realtime with batch already running - repeat 2,1,2,130,realtime-chat,100,poisson,208,156,52,,not_applicable
realtime with batch already running - repeat 2,1,2,131,realtime-chat,100,poisson,209,161,48,,not_applicable
realtime with batch already running - repeat 2,1,2,132,realtime-chat,100,poisson,210,164,46,,not_applicable
realtime with batch already running - repeat 2,1,2,133,realtime-chat,100,poisson,212,170,42,,not_applicable
realtime with batch already running - repeat 2,1,2,134,realtime-chat,100,poisson,215,171,44,,not_applicable
realtime with batch already running - repeat 2,1,2,135,realtime-chat,100,poisson,216,173,43,,not_applicable
realtime with batch already running - repeat 2,1,2,136,realtime-chat,100,poisson,218,173,45,,not_applicable
realtime with batch already running - repeat 2,1,2,137,realtime-chat,100,poisson,221,173,48,,not_applicable
realtime with batch already running - repeat 2,1,2,138,realtime-chat,100,poisson,227,173,54,,not_applicable
realtime with batch already running - repeat 2,1,2,139,realtime-chat,100,poisson,232,175,57,,not_applicable
realtime with batch already running - repeat 2,1,2,140,realtime-chat,100,poisson,235,184,51,,not_applicable
realtime with batch already running - repeat 2,1,2,141,realtime-chat,100,poisson,239,184,55,,not_applicable
realtime with batch already running - repeat 2,1,2,142,realtime-chat,100,poisson,244,188,56,,not_applicable
realtime with batch already running - repeat 2,1,2,143,realtime-chat,100,poisson,249,188,61,,not_applicable
realtime with batch already running - repeat 2,1,2,144,realtime-chat,100,poisson,250,188,62,,not_applicable
realtime with batch already running - repeat 2,1,2,145,realtime-chat,100,poisson,254,189,65,,not_applicable
realtime with batch already running - repeat 2,1,2,146,realtime-chat,100,poisson,258,190,68,,not_applicable
realtime with batch already running - repeat 2,1,2,147,realtime-chat,100,poisson,260,190,70,,not_applicable
realtime with batch already running - repeat 2,1,2,148,realtime-chat,100,poisson,264,190,74,,not_applicable
realtime with batch already running - repeat 2,1,2,149,realtime-chat,100,poisson,265,190,75,,not_applicable
realtime with batch already running - repeat 2,1,2,150,realtime-chat,100,poisson,265,193,72,,not_applicable
realtime with batch already running - repeat 2,1,2,151,realtime-chat,100,poisson,268,194,74,,not_applicable
realtime with batch already running - repeat 2,1,2,152,realtime-chat,100,poisson,268,194,74,,not_applicable
realtime with batch already running - repeat 2,1,2,153,realtime-chat,100,poisson,271,194,77,,not_applicable
realtime with batch already running - repeat 2,1,2,154,realtime-chat,100,poisson,275,195,80,,not_applicable
realtime with batch already running - repeat 2,1,2,155,realtime-chat,100,poisson,276,195,81,,not_applicable
realtime with batch already running - repeat 2,1,2,156,realtime-chat,100,poisson,279,195,84,,not_applicable
realtime with batch already running - repeat 2,1,2,157,realtime-chat,100,poisson,282,197,85,,not_applicable
realtime with batch already running - repeat 2,1,2,158,realtime-chat,100,poisson,282,197,85,,not_applicable
realtime with batch already running - repeat 2,1,2,159,realtime-chat,100,poisson,283,197,86,,not_applicable
realtime with batch already running - repeat 2,1,2,160,realtime-chat,100,poisson,284,199,85,,not_applicable
realtime with batch already running - repeat 2,1,2,161,realtime-chat,100,poisson,285,204,81,,not_applicable
realtime with batch already running - repeat 2,1,2,162,realtime-chat,100,poisson,290,204,86,,not_applicable
realtime with batch already running - repeat 2,1,2,163,realtime-chat,100,poisson,293,205,88,,not_applicable
realtime with batch already running - repeat 2,1,2,164,realtime-chat,100,poisson,294,208,86,,not_applicable
realtime with batch already running - repeat 2,1,2,165,realtime-chat,100,poisson,299,208,91,,not_applicable
realtime with batch already running - repeat 2,1,2,166,realtime-chat,100,poisson,301,208,93,,not_applicable
realtime with batch already running - repeat 2,1,2,167,realtime-chat,100,poisson,304,210,94,,not_applicable
realtime with batch already running - repeat 2,1,2,168,realtime-chat,100,poisson,305,210,95,,not_applicable
realtime with batch already running - repeat 2,1,2,169,realtime-chat,100,poisson,308,210,98,,not_applicable
realtime with batch already running - repeat 2,1,2,170,realtime-chat,100,poisson,313,218,95,,not_applicable
realtime with batch already running - repeat 2,1,2,171,realtime-chat,100,poisson,315,228,87,,not_applicable
realtime with batch already running - repeat 2,1,2,172,realtime-chat,100,poisson,318,235,83,,not_applicable
realtime with batch already running - repeat 2,1,2,173,realtime-chat,100,poisson,322,247,75,,not_applicable
realtime with batch already running - repeat 2,1,2,174,realtime-chat,100,poisson,329,261,68,,not_applicable
realtime with batch already running - repeat 2,1,2,175,realtime-chat,100,poisson,333,265,68,,not_applicable
realtime with batch already running - repeat 2,1,2,176,realtime-chat,100,poisson,336,268,68,,not_applicable
realtime with batch already running - repeat 2,1,2,177,realtime-chat,100,poisson,340,272,68,,not_applicable
realtime with batch already running - repeat 2,1,2,178,realtime-chat,100,poisson,344,278,66,,not_applicable
realtime with batch already running - repeat 2,1,2,179,realtime-chat,100,poisson,351,282,69,,not_applicable
realtime with batch already running - repeat 2,1,2,180,realtime-chat,100,poisson,354,282,72,,not_applicable
realtime with batch already running - repeat 2,1,2,181,realtime-chat,100,poisson,354,283,71,,not_applicable
realtime with batch already running - repeat 2,1,2,182,realtime-chat,100,poisson,354,284,70,,not_applicable
realtime with batch already running - repeat 2,1,2,183,realtime-chat,100,poisson,354,284,70,,not_applicable
realtime with batch already running - repeat 2,1,2,184,realtime-chat,100,poisson,354,284,70,,not_applicable
realtime with batch already running - repeat 2,1,2,185,realtime-chat,100,poisson,354,292,62,,not_applicable
realtime with batch already running - repeat 2,1,2,186,realtime-chat,100,poisson,354,298,56,,not_applicable
realtime with batch already running - repeat 2,1,2,187,realtime-chat,100,poisson,354,305,49,,not_applicable
realtime with batch already running - repeat 2,1,2,188,realtime-chat,100,poisson,354,306,48,,not_applicable
realtime with batch already running - repeat 2,1,2,189,realtime-chat,100,poisson,354,308,46,,not_applicable
realtime with batch already running - repeat 2,1,2,190,realtime-chat,100,poisson,354,311,43,,not_applicable
realtime with batch already running - repeat 2,1,2,191,realtime-chat,100,poisson,354,311,43,,not_applicable
realtime with batch already running - repeat 2,1,2,192,realtime-chat,100,poisson,354,313,41,,not_applicable
realtime with batch already running - repeat 2,1,2,193,realtime-chat,100,poisson,354,313,41,,not_applicable
realtime with batch already running - repeat 2,1,2,194,realtime-chat,100,poisson,354,314,40,,not_applicable
realtime with batch already running - repeat 2,1,2,195,realtime-chat,100,poisson,354,314,40,,not_applicable
realtime with batch already running - repeat 2,1,2,196,realtime-chat,100,poisson,354,315,39,,not_applicable
realtime with batch already running - repeat 2,1,2,197,realtime-chat,100,poisson,354,315,39,,not_applicable
realtime with batch already running - repeat 2,1,2,198,realtime-chat,100,poisson,354,318,36,,not_applicable
realtime with batch already running - repeat 2,1,2,199,realtime-chat,100,poisson,354,318,36,,not_applicable
realtime with batch already running - repeat 2,1,2,200,realtime-chat,100,poisson,354,318,36,,not_applicable
realtime with batch already running - repeat 2,1,2,201,realtime-chat,100,poisson,354,319,35,,not_applicable
realtime with batch already running - repeat 2,1,2,202,realtime-chat,100,poisson,354,323,31,,not_applicable
realtime with batch already running - repeat 2,1,2,203,realtime-chat,100,poisson,354,325,29,,not_applicable
realtime with batch already running - repeat 2,1,2,204,realtime-chat,100,poisson,354,325,29,,not_applicable
realtime with batch already running - repeat 2,1,2,205,realtime-chat,100,poisson,354,329,25,,not_applicable
realtime with batch already running - repeat 2,1,2,206,realtime-chat,100,poisson,354,330,24,,not_applicable
realtime with batch already running - repeat 2,1,2,207,realtime-chat,100,poisson,354,340,14,,not_applicable
realtime with batch already running - repeat 2,1,2,208,realtime-chat,100,poisson,354,340,14,,not_applicable
realtime with batch already running - repeat 2,1,2,209,realtime-chat,100,poisson,354,343,11,,not_applicable
realtime with batch already running - repeat 2,1,2,210,realtime-chat,100,poisson,354,354,0,,not_applicable
realtime with batch already running - repeat 2,1,2,211,realtime-chat,100,poisson,354,354,0,,not_applicable
realtime with batch already running - repeat 2,1,2,212,realtime-chat,100,poisson,354,354,0,,not_applicable
realtime with batch already running - repeat 2,1,2,213,realtime-chat,100,poisson,354,354,0,,not_applicable
realtime with batch already running - repeat 2,1,2,214,realtime-chat,100,poisson,354,354,0,,not_applicable
realtime with batch already running - repeat 2,1,2,215,realtime-chat,100,poisson,354,354,0,,not_applicable
realtime with batch already running - repeat 2,1,2,216,realtime-chat,100,poisson,354,354,0,,not_applicable
realtime with batch already running - repeat 2,1,2,217,realtime-chat,100,poisson,354,354,0,,not_applicable
realtime with batch already running - repeat 2,1,2,218,realtime-chat,100,poisson,354,354,0,,not_applicable
realtime with batch already running - repeat 2,1,2,219,realtime-chat,100,poisson,354,354,0,,not_applicable
realtime with batch already running - repeat 2,1,2,220,realtime-chat,100,poisson,354,354,0,,not_applicable
realtime with batch already running - repeat 2,1,2,221,realtime-chat,100,poisson,354,354,0,,not_applicable
realtime with batch already running - repeat 2,1,2,222,realtime-chat,100,poisson,354,354,0,,not_applicable
realtime with batch already running - repeat 2,1,2,223,realtime-chat,100,poisson,354,354,0,,not_applicable
realtime with batch already running - repeat 2,1,2,224,realtime-chat,100,poisson,354,354,0,,not_applicable
realtime with batch already running - repeat 2,1,2,225,realtime-chat,100,poisson,354,354,0,,not_applicable
realtime with batch already running - repeat 2,1,2,226,realtime-chat,100,poisson,354,354,0,,not_applicable
realtime with batch already running - repeat 2,1,2,227,realtime-chat,100,poisson,354,354,0,,not_applicable
realtime with batch already running - repeat 2,1,2,228,realtime-chat,100,poisson,354,354,0,,not_applicable
realtime with batch already running - repeat 2,1,2,229,realtime-chat,100,poisson,354,354,0,,not_applicable
realtime with batch already running - repeat 2,1,2,230,realtime-chat,100,poisson,354,354,0,,not_applicable
realtime with batch already running - repeat 2,1,2,231,realtime-chat,100,poisson,354,354,0,,not_applicable
realtime with batch already running - repeat 2,1,2,232,realtime-chat,100,poisson,354,354,0,,not_applicable
realtime with batch already running - repeat 2,1,2,233,realtime-chat,100,poisson,354,354,0,,not_applicable
realtime with batch already running - repeat 2,1,2,234,realtime-chat,100,poisson,354,354,0,,not_applicable
realtime with batch already running - repeat 2,1,2,235,realtime-chat,100,poisson,354,354,0,,not_applicable
realtime with batch already running - repeat 2,1,2,236,realtime-chat,100,poisson,354,354,0,,not_applicable
realtime with batch already running - repeat 2,1,2,237,realtime-chat,100,poisson,354,354,0,,not_applicable
realtime with batch already running - repeat 2,1,2,238,realtime-chat,100,poisson,354,354,0,,not_applicable
realtime with batch already running - repeat 2,1,2,239,realtime-chat,100,poisson,354,354,0,,not_applicable
realtime with batch already running - repeat 2,1,2,240,realtime-chat,100,poisson,354,354,0,,not_applicable
realtime with batch already running - repeat 2,1,2,0,batch-long-context,-10,poisson,0,0,0,,not_applicable
realtime with batch already running - repeat 2,1,2,1,batch-long-context,-10,poisson,2,0,2,,not_applicable
realtime with batch already running - repeat 2,1,2,2,batch-long-context,-10,poisson,5,0,5,,not_applicable
realtime with batch already running - repeat 2,1,2,3,batch-long-context,-10,poisson,10,2,8,,not_applicable
realtime with batch already running - repeat 2,1,2,4,batch-long-context,-10,poisson,12,2,10,,not_applicable
realtime with batch already running - repeat 2,1,2,5,batch-long-context,-10,poisson,16,2,14,,not_applicable
realtime with batch already running - repeat 2,1,2,6,batch-long-context,-10,poisson,19,2,17,,not_applicable
realtime with batch already running - repeat 2,1,2,7,batch-long-context,-10,poisson,23,2,21,,not_applicable
realtime with batch already running - repeat 2,1,2,8,batch-long-context,-10,poisson,29,2,27,,not_applicable
realtime with batch already running - repeat 2,1,2,9,batch-long-context,-10,poisson,32,2,30,,not_applicable
realtime with batch already running - repeat 2,1,2,10,batch-long-context,-10,poisson,33,2,31,,not_applicable
realtime with batch already running - repeat 2,1,2,11,batch-long-context,-10,poisson,34,2,32,,not_applicable
realtime with batch already running - repeat 2,1,2,12,batch-long-context,-10,poisson,37,2,35,,not_applicable
realtime with batch already running - repeat 2,1,2,13,batch-long-context,-10,poisson,39,2,37,,not_applicable
realtime with batch already running - repeat 2,1,2,14,batch-long-context,-10,poisson,39,2,37,,not_applicable
realtime with batch already running - repeat 2,1,2,15,batch-long-context,-10,poisson,41,5,36,,not_applicable
realtime with batch already running - repeat 2,1,2,16,batch-long-context,-10,poisson,46,5,41,,not_applicable
realtime with batch already running - repeat 2,1,2,17,batch-long-context,-10,poisson,51,5,46,,not_applicable
realtime with batch already running - repeat 2,1,2,18,batch-long-context,-10,poisson,55,5,50,,not_applicable
realtime with batch already running - repeat 2,1,2,19,batch-long-context,-10,poisson,55,6,49,,not_applicable
realtime with batch already running - repeat 2,1,2,20,batch-long-context,-10,poisson,57,9,48,,not_applicable
realtime with batch already running - repeat 2,1,2,21,batch-long-context,-10,poisson,57,11,46,,not_applicable
realtime with batch already running - repeat 2,1,2,22,batch-long-context,-10,poisson,59,18,41,,not_applicable
realtime with batch already running - repeat 2,1,2,23,batch-long-context,-10,poisson,64,35,29,,not_applicable
realtime with batch already running - repeat 2,1,2,24,batch-long-context,-10,poisson,66,38,28,,not_applicable
realtime with batch already running - repeat 2,1,2,25,batch-long-context,-10,poisson,69,40,29,,not_applicable
realtime with batch already running - repeat 2,1,2,26,batch-long-context,-10,poisson,71,40,31,,not_applicable
realtime with batch already running - repeat 2,1,2,27,batch-long-context,-10,poisson,73,41,32,,not_applicable
realtime with batch already running - repeat 2,1,2,28,batch-long-context,-10,poisson,75,43,32,,not_applicable
realtime with batch already running - repeat 2,1,2,29,batch-long-context,-10,poisson,78,49,29,,not_applicable
realtime with batch already running - repeat 2,1,2,30,batch-long-context,-10,poisson,81,52,29,,not_applicable
realtime with batch already running - repeat 2,1,2,31,batch-long-context,-10,poisson,85,55,30,,not_applicable
realtime with batch already running - repeat 2,1,2,32,batch-long-context,-10,poisson,88,57,31,,not_applicable
realtime with batch already running - repeat 2,1,2,33,batch-long-context,-10,poisson,91,57,34,,not_applicable
realtime with batch already running - repeat 2,1,2,34,batch-long-context,-10,poisson,93,58,35,,not_applicable
realtime with batch already running - repeat 2,1,2,35,batch-long-context,-10,poisson,95,59,36,,not_applicable
realtime with batch already running - repeat 2,1,2,36,batch-long-context,-10,poisson,95,60,35,,not_applicable
realtime with batch already running - repeat 2,1,2,37,batch-long-context,-10,poisson,98,61,37,,not_applicable
realtime with batch already running - repeat 2,1,2,38,batch-long-context,-10,poisson,101,64,37,,not_applicable
realtime with batch already running - repeat 2,1,2,39,batch-long-context,-10,poisson,106,67,39,,not_applicable
realtime with batch already running - repeat 2,1,2,40,batch-long-context,-10,poisson,108,70,38,,not_applicable
realtime with batch already running - repeat 2,1,2,41,batch-long-context,-10,poisson,109,72,37,,not_applicable
realtime with batch already running - repeat 2,1,2,42,batch-long-context,-10,poisson,113,74,39,,not_applicable
realtime with batch already running - repeat 2,1,2,43,batch-long-context,-10,poisson,116,76,40,,not_applicable
realtime with batch already running - repeat 2,1,2,44,batch-long-context,-10,poisson,118,76,42,,not_applicable
realtime with batch already running - repeat 2,1,2,45,batch-long-context,-10,poisson,120,78,42,,not_applicable
realtime with batch already running - repeat 2,1,2,46,batch-long-context,-10,poisson,121,81,40,,not_applicable
realtime with batch already running - repeat 2,1,2,47,batch-long-context,-10,poisson,124,89,35,,not_applicable
realtime with batch already running - repeat 2,1,2,48,batch-long-context,-10,poisson,124,99,25,,not_applicable
realtime with batch already running - repeat 2,1,2,49,batch-long-context,-10,poisson,125,124,1,,not_applicable
realtime with batch already running - repeat 2,1,2,50,batch-long-context,-10,poisson,128,125,3,,not_applicable
realtime with batch already running - repeat 2,1,2,51,batch-long-context,-10,poisson,134,125,9,,not_applicable
realtime with batch already running - repeat 2,1,2,52,batch-long-context,-10,poisson,136,125,11,,not_applicable
realtime with batch already running - repeat 2,1,2,53,batch-long-context,-10,poisson,140,126,14,,not_applicable
realtime with batch already running - repeat 2,1,2,54,batch-long-context,-10,poisson,142,126,16,,not_applicable
realtime with batch already running - repeat 2,1,2,55,batch-long-context,-10,poisson,144,126,18,,not_applicable
realtime with batch already running - repeat 2,1,2,56,batch-long-context,-10,poisson,146,126,20,,not_applicable
realtime with batch already running - repeat 2,1,2,57,batch-long-context,-10,poisson,149,126,23,,not_applicable
realtime with batch already running - repeat 2,1,2,58,batch-long-context,-10,poisson,151,126,25,,not_applicable
realtime with batch already running - repeat 2,1,2,59,batch-long-context,-10,poisson,155,126,29,,not_applicable
realtime with batch already running - repeat 2,1,2,60,batch-long-context,-10,poisson,158,126,32,,not_applicable
realtime with batch already running - repeat 2,1,2,61,batch-long-context,-10,poisson,160,126,34,,not_applicable
realtime with batch already running - repeat 2,1,2,62,batch-long-context,-10,poisson,167,126,41,,not_applicable
realtime with batch already running - repeat 2,1,2,63,batch-long-context,-10,poisson,170,126,44,,not_applicable
realtime with batch already running - repeat 2,1,2,64,batch-long-context,-10,poisson,174,126,48,,not_applicable
realtime with batch already running - repeat 2,1,2,65,batch-long-context,-10,poisson,177,126,51,,not_applicable
realtime with batch already running - repeat 2,1,2,66,batch-long-context,-10,poisson,181,126,55,,not_applicable
realtime with batch already running - repeat 2,1,2,67,batch-long-context,-10,poisson,185,126,59,,not_applicable
realtime with batch already running - repeat 2,1,2,68,batch-long-context,-10,poisson,186,126,60,,not_applicable
realtime with batch already running - repeat 2,1,2,69,batch-long-context,-10,poisson,189,127,62,,not_applicable
realtime with batch already running - repeat 2,1,2,70,batch-long-context,-10,poisson,192,130,62,,not_applicable
realtime with batch already running - repeat 2,1,2,71,batch-long-context,-10,poisson,192,133,59,,not_applicable
realtime with batch already running - repeat 2,1,2,72,batch-long-context,-10,poisson,197,135,62,,not_applicable
realtime with batch already running - repeat 2,1,2,73,batch-long-context,-10,poisson,198,138,60,,not_applicable
realtime with batch already running - repeat 2,1,2,74,batch-long-context,-10,poisson,201,140,61,,not_applicable
realtime with batch already running - repeat 2,1,2,75,batch-long-context,-10,poisson,205,143,62,,not_applicable
realtime with batch already running - repeat 2,1,2,76,batch-long-context,-10,poisson,206,146,60,,not_applicable
realtime with batch already running - repeat 2,1,2,77,batch-long-context,-10,poisson,207,149,58,,not_applicable
realtime with batch already running - repeat 2,1,2,78,batch-long-context,-10,poisson,211,151,60,,not_applicable
realtime with batch already running - repeat 2,1,2,79,batch-long-context,-10,poisson,216,154,62,,not_applicable
realtime with batch already running - repeat 2,1,2,80,batch-long-context,-10,poisson,219,157,62,,not_applicable
realtime with batch already running - repeat 2,1,2,81,batch-long-context,-10,poisson,220,158,62,,not_applicable
realtime with batch already running - repeat 2,1,2,82,batch-long-context,-10,poisson,222,161,61,,not_applicable
realtime with batch already running - repeat 2,1,2,83,batch-long-context,-10,poisson,224,163,61,,not_applicable
realtime with batch already running - repeat 2,1,2,84,batch-long-context,-10,poisson,225,166,59,,not_applicable
realtime with batch already running - repeat 2,1,2,85,batch-long-context,-10,poisson,230,168,62,,not_applicable
realtime with batch already running - repeat 2,1,2,86,batch-long-context,-10,poisson,237,170,67,,not_applicable
realtime with batch already running - repeat 2,1,2,87,batch-long-context,-10,poisson,243,172,71,,not_applicable
realtime with batch already running - repeat 2,1,2,88,batch-long-context,-10,poisson,244,175,69,,not_applicable
realtime with batch already running - repeat 2,1,2,89,batch-long-context,-10,poisson,246,177,69,,not_applicable
realtime with batch already running - repeat 2,1,2,90,batch-long-context,-10,poisson,246,180,66,,not_applicable
realtime with batch already running - repeat 2,1,2,91,batch-long-context,-10,poisson,247,182,65,,not_applicable
realtime with batch already running - repeat 2,1,2,92,batch-long-context,-10,poisson,249,185,64,,not_applicable
realtime with batch already running - repeat 2,1,2,93,batch-long-context,-10,poisson,253,186,67,,not_applicable
realtime with batch already running - repeat 2,1,2,94,batch-long-context,-10,poisson,254,189,65,,not_applicable
realtime with batch already running - repeat 2,1,2,95,batch-long-context,-10,poisson,262,191,71,,not_applicable
realtime with batch already running - repeat 2,1,2,96,batch-long-context,-10,poisson,264,193,71,,not_applicable
realtime with batch already running - repeat 2,1,2,97,batch-long-context,-10,poisson,270,195,75,,not_applicable
realtime with batch already running - repeat 2,1,2,98,batch-long-context,-10,poisson,271,197,74,,not_applicable
realtime with batch already running - repeat 2,1,2,99,batch-long-context,-10,poisson,273,198,75,,not_applicable
realtime with batch already running - repeat 2,1,2,100,batch-long-context,-10,poisson,275,200,75,,not_applicable
realtime with batch already running - repeat 2,1,2,101,batch-long-context,-10,poisson,279,203,76,,not_applicable
realtime with batch already running - repeat 2,1,2,102,batch-long-context,-10,poisson,284,205,79,,not_applicable
realtime with batch already running - repeat 2,1,2,103,batch-long-context,-10,poisson,288,207,81,,not_applicable
realtime with batch already running - repeat 2,1,2,104,batch-long-context,-10,poisson,290,210,80,,not_applicable
realtime with batch already running - repeat 2,1,2,105,batch-long-context,-10,poisson,291,212,79,,not_applicable
realtime with batch already running - repeat 2,1,2,106,batch-long-context,-10,poisson,294,215,79,,not_applicable
realtime with batch already running - repeat 2,1,2,107,batch-long-context,-10,poisson,297,218,79,,not_applicable
realtime with batch already running - repeat 2,1,2,108,batch-long-context,-10,poisson,298,220,78,,not_applicable
realtime with batch already running - repeat 2,1,2,109,batch-long-context,-10,poisson,299,221,78,,not_applicable
realtime with batch already running - repeat 2,1,2,110,batch-long-context,-10,poisson,301,224,77,,not_applicable
realtime with batch already running - repeat 2,1,2,111,batch-long-context,-10,poisson,302,225,77,,not_applicable
realtime with batch already running - repeat 2,1,2,112,batch-long-context,-10,poisson,303,227,76,,not_applicable
realtime with batch already running - repeat 2,1,2,113,batch-long-context,-10,poisson,304,230,74,,not_applicable
realtime with batch already running - repeat 2,1,2,114,batch-long-context,-10,poisson,307,233,74,,not_applicable
realtime with batch already running - repeat 2,1,2,115,batch-long-context,-10,poisson,309,238,71,,not_applicable
realtime with batch already running - repeat 2,1,2,116,batch-long-context,-10,poisson,313,240,73,,not_applicable
realtime with batch already running - repeat 2,1,2,117,batch-long-context,-10,poisson,315,242,73,,not_applicable
realtime with batch already running - repeat 2,1,2,118,batch-long-context,-10,poisson,320,245,75,,not_applicable
realtime with batch already running - repeat 2,1,2,119,batch-long-context,-10,poisson,324,245,79,,not_applicable
realtime with batch already running - repeat 2,1,2,120,batch-long-context,-10,poisson,328,247,81,,not_applicable
realtime with batch already running - repeat 2,1,2,121,batch-long-context,-10,poisson,331,248,83,,not_applicable
realtime with batch already running - repeat 2,1,2,122,batch-long-context,-10,poisson,332,249,83,,not_applicable
realtime with batch already running - repeat 2,1,2,123,batch-long-context,-10,poisson,334,252,82,,not_applicable
realtime with batch already running - repeat 2,1,2,124,batch-long-context,-10,poisson,335,252,83,,not_applicable
realtime with batch already running - repeat 2,1,2,125,batch-long-context,-10,poisson,338,252,86,,not_applicable
realtime with batch already running - repeat 2,1,2,126,batch-long-context,-10,poisson,340,253,87,,not_applicable
realtime with batch already running - repeat 2,1,2,127,batch-long-context,-10,poisson,345,256,89,,not_applicable
realtime with batch already running - repeat 2,1,2,128,batch-long-context,-10,poisson,346,258,88,,not_applicable
realtime with batch already running - repeat 2,1,2,129,batch-long-context,-10,poisson,348,258,90,,not_applicable
realtime with batch already running - repeat 2,1,2,130,batch-long-context,-10,poisson,349,261,88,,not_applicable
realtime with batch already running - repeat 2,1,2,131,batch-long-context,-10,poisson,352,262,90,,not_applicable
realtime with batch already running - repeat 2,1,2,132,batch-long-context,-10,poisson,357,264,93,,not_applicable
realtime with batch already running - repeat 2,1,2,133,batch-long-context,-10,poisson,360,265,95,,not_applicable
realtime with batch already running - repeat 2,1,2,134,batch-long-context,-10,poisson,365,266,99,,not_applicable
realtime with batch already running - repeat 2,1,2,135,batch-long-context,-10,poisson,366,266,100,,not_applicable
realtime with batch already running - repeat 2,1,2,136,batch-long-context,-10,poisson,366,268,98,,not_applicable
realtime with batch already running - repeat 2,1,2,137,batch-long-context,-10,poisson,369,271,98,,not_applicable
realtime with batch already running - repeat 2,1,2,138,batch-long-context,-10,poisson,369,273,96,,not_applicable
realtime with batch already running - repeat 2,1,2,139,batch-long-context,-10,poisson,371,276,95,,not_applicable
realtime with batch already running - repeat 2,1,2,140,batch-long-context,-10,poisson,374,276,98,,not_applicable
realtime with batch already running - repeat 2,1,2,141,batch-long-context,-10,poisson,375,279,96,,not_applicable
realtime with batch already running - repeat 2,1,2,142,batch-long-context,-10,poisson,375,281,94,,not_applicable
realtime with batch already running - repeat 2,1,2,143,batch-long-context,-10,poisson,375,283,92,,not_applicable
realtime with batch already running - repeat 2,1,2,144,batch-long-context,-10,poisson,381,286,95,,not_applicable
realtime with batch already running - repeat 2,1,2,145,batch-long-context,-10,poisson,381,288,93,,not_applicable
realtime with batch already running - repeat 2,1,2,146,batch-long-context,-10,poisson,382,290,92,,not_applicable
realtime with batch already running - repeat 2,1,2,147,batch-long-context,-10,poisson,388,293,95,,not_applicable
realtime with batch already running - repeat 2,1,2,148,batch-long-context,-10,poisson,390,296,94,,not_applicable
realtime with batch already running - repeat 2,1,2,149,batch-long-context,-10,poisson,400,298,102,,not_applicable
realtime with batch already running - repeat 2,1,2,150,batch-long-context,-10,poisson,403,300,103,,not_applicable
realtime with batch already running - repeat 2,1,2,151,batch-long-context,-10,poisson,410,302,108,,not_applicable
realtime with batch already running - repeat 2,1,2,152,batch-long-context,-10,poisson,414,305,109,,not_applicable
realtime with batch already running - repeat 2,1,2,153,batch-long-context,-10,poisson,417,308,109,,not_applicable
realtime with batch already running - repeat 2,1,2,154,batch-long-context,-10,poisson,420,311,109,,not_applicable
realtime with batch already running - repeat 2,1,2,155,batch-long-context,-10,poisson,427,314,113,,not_applicable
realtime with batch already running - repeat 2,1,2,156,batch-long-context,-10,poisson,428,317,111,,not_applicable
realtime with batch already running - repeat 2,1,2,157,batch-long-context,-10,poisson,431,319,112,,not_applicable
realtime with batch already running - repeat 2,1,2,158,batch-long-context,-10,poisson,433,322,111,,not_applicable
realtime with batch already running - repeat 2,1,2,159,batch-long-context,-10,poisson,438,325,113,,not_applicable
realtime with batch already running - repeat 2,1,2,160,batch-long-context,-10,poisson,439,327,112,,not_applicable
realtime with batch already running - repeat 2,1,2,161,batch-long-context,-10,poisson,442,328,114,,not_applicable
realtime with batch already running - repeat 2,1,2,162,batch-long-context,-10,poisson,442,331,111,,not_applicable
realtime with batch already running - repeat 2,1,2,163,batch-long-context,-10,poisson,445,333,112,,not_applicable
realtime with batch already running - repeat 2,1,2,164,batch-long-context,-10,poisson,451,335,116,,not_applicable
realtime with batch already running - repeat 2,1,2,165,batch-long-context,-10,poisson,452,337,115,,not_applicable
realtime with batch already running - repeat 2,1,2,166,batch-long-context,-10,poisson,456,340,116,,not_applicable
realtime with batch already running - repeat 2,1,2,167,batch-long-context,-10,poisson,458,343,115,,not_applicable
realtime with batch already running - repeat 2,1,2,168,batch-long-context,-10,poisson,461,346,115,,not_applicable
realtime with batch already running - repeat 2,1,2,169,batch-long-context,-10,poisson,464,349,115,,not_applicable
realtime with batch already running - repeat 2,1,2,170,batch-long-context,-10,poisson,466,353,113,,not_applicable
realtime with batch already running - repeat 2,1,2,171,batch-long-context,-10,poisson,468,354,114,,not_applicable
realtime with batch already running - repeat 2,1,2,172,batch-long-context,-10,poisson,472,355,117,,not_applicable
realtime with batch already running - repeat 2,1,2,173,batch-long-context,-10,poisson,476,355,121,,not_applicable
realtime with batch already running - repeat 2,1,2,174,batch-long-context,-10,poisson,476,355,121,,not_applicable
realtime with batch already running - repeat 2,1,2,175,batch-long-context,-10,poisson,477,356,121,,not_applicable
realtime with batch already running - repeat 2,1,2,176,batch-long-context,-10,poisson,480,358,122,,not_applicable
realtime with batch already running - repeat 2,1,2,177,batch-long-context,-10,poisson,481,360,121,,not_applicable
realtime with batch already running - repeat 2,1,2,178,batch-long-context,-10,poisson,485,361,124,,not_applicable
realtime with batch already running - repeat 2,1,2,179,batch-long-context,-10,poisson,489,363,126,,not_applicable
realtime with batch already running - repeat 2,1,2,180,batch-long-context,-10,poisson,492,366,126,,not_applicable
realtime with batch already running - repeat 2,1,2,181,batch-long-context,-10,poisson,492,368,124,,not_applicable
realtime with batch already running - repeat 2,1,2,182,batch-long-context,-10,poisson,492,370,122,,not_applicable
realtime with batch already running - repeat 2,1,2,183,batch-long-context,-10,poisson,492,373,119,,not_applicable
realtime with batch already running - repeat 2,1,2,184,batch-long-context,-10,poisson,492,375,117,,not_applicable
realtime with batch already running - repeat 2,1,2,185,batch-long-context,-10,poisson,492,376,116,,not_applicable
realtime with batch already running - repeat 2,1,2,186,batch-long-context,-10,poisson,492,378,114,,not_applicable
realtime with batch already running - repeat 2,1,2,187,batch-long-context,-10,poisson,492,379,113,,not_applicable
realtime with batch already running - repeat 2,1,2,188,batch-long-context,-10,poisson,492,380,112,,not_applicable
realtime with batch already running - repeat 2,1,2,189,batch-long-context,-10,poisson,492,381,111,,not_applicable
realtime with batch already running - repeat 2,1,2,190,batch-long-context,-10,poisson,492,382,110,,not_applicable
realtime with batch already running - repeat 2,1,2,191,batch-long-context,-10,poisson,492,384,108,,not_applicable
realtime with batch already running - repeat 2,1,2,192,batch-long-context,-10,poisson,492,386,106,,not_applicable
realtime with batch already running - repeat 2,1,2,193,batch-long-context,-10,poisson,492,389,103,,not_applicable
realtime with batch already running - repeat 2,1,2,194,batch-long-context,-10,poisson,492,391,101,,not_applicable
realtime with batch already running - repeat 2,1,2,195,batch-long-context,-10,poisson,492,394,98,,not_applicable
realtime with batch already running - repeat 2,1,2,196,batch-long-context,-10,poisson,492,396,96,,not_applicable
realtime with batch already running - repeat 2,1,2,197,batch-long-context,-10,poisson,492,398,94,,not_applicable
realtime with batch already running - repeat 2,1,2,198,batch-long-context,-10,poisson,492,401,91,,not_applicable
realtime with batch already running - repeat 2,1,2,199,batch-long-context,-10,poisson,492,403,89,,not_applicable
realtime with batch already running - repeat 2,1,2,200,batch-long-context,-10,poisson,492,405,87,,not_applicable
realtime with batch already running - repeat 2,1,2,201,batch-long-context,-10,poisson,492,408,84,,not_applicable
realtime with batch already running - repeat 2,1,2,202,batch-long-context,-10,poisson,492,410,82,,not_applicable
realtime with batch already running - repeat 2,1,2,203,batch-long-context,-10,poisson,492,412,80,,not_applicable
realtime with batch already running - repeat 2,1,2,204,batch-long-context,-10,poisson,492,414,78,,not_applicable
realtime with batch already running - repeat 2,1,2,205,batch-long-context,-10,poisson,492,416,76,,not_applicable
realtime with batch already running - repeat 2,1,2,206,batch-long-context,-10,poisson,492,418,74,,not_applicable
realtime with batch already running - repeat 2,1,2,207,batch-long-context,-10,poisson,492,419,73,,not_applicable
realtime with batch already running - repeat 2,1,2,208,batch-long-context,-10,poisson,492,421,71,,not_applicable
realtime with batch already running - repeat 2,1,2,209,batch-long-context,-10,poisson,492,423,69,,not_applicable
realtime with batch already running - repeat 2,1,2,210,batch-long-context,-10,poisson,492,424,68,,not_applicable
realtime with batch already running - repeat 2,1,2,211,batch-long-context,-10,poisson,492,426,66,,not_applicable
realtime with batch already running - repeat 2,1,2,212,batch-long-context,-10,poisson,492,428,64,,not_applicable
realtime with batch already running - repeat 2,1,2,213,batch-long-context,-10,poisson,492,431,61,,not_applicable
realtime with batch already running - repeat 2,1,2,214,batch-long-context,-10,poisson,492,434,58,,not_applicable
realtime with batch already running - repeat 2,1,2,215,batch-long-context,-10,poisson,492,436,56,,not_applicable
realtime with batch already running - repeat 2,1,2,216,batch-long-context,-10,poisson,492,439,53,,not_applicable
realtime with batch already running - repeat 2,1,2,217,batch-long-context,-10,poisson,492,457,35,,not_applicable
realtime with batch already running - repeat 2,1,2,218,batch-long-context,-10,poisson,492,492,0,,not_applicable
realtime with batch already running - repeat 2,1,2,219,batch-long-context,-10,poisson,492,492,0,,not_applicable
realtime with batch already running - repeat 2,1,2,220,batch-long-context,-10,poisson,492,492,0,,not_applicable
realtime with batch already running - repeat 2,1,2,221,batch-long-context,-10,poisson,492,492,0,,not_applicable
realtime with batch already running - repeat 2,1,2,222,batch-long-context,-10,poisson,492,492,0,,not_applicable
realtime with batch already running - repeat 2,1,2,223,batch-long-context,-10,poisson,492,492,0,,not_applicable
realtime with batch already running - repeat 2,1,2,224,batch-long-context,-10,poisson,492,492,0,,not_applicable
realtime with batch already running - repeat 2,1,2,225,batch-long-context,-10,poisson,492,492,0,,not_applicable
realtime with batch already running - repeat 2,1,2,226,batch-long-context,-10,poisson,492,492,0,,not_applicable
realtime with batch already running - repeat 2,1,2,227,batch-long-context,-10,poisson,492,492,0,,not_applicable
realtime with batch already running - repeat 2,1,2,228,batch-long-context,-10,poisson,492,492,0,,not_applicable
realtime with batch already running - repeat 2,1,2,229,batch-long-context,-10,poisson,492,492,0,,not_applicable
realtime with batch already running - repeat 2,1,2,230,batch-long-context,-10,poisson,492,492,0,,not_applicable
realtime with batch already running - repeat 2,1,2,231,batch-long-context,-10,poisson,492,492,0,,not_applicable
realtime with batch already running - repeat 2,1,2,232,batch-long-context,-10,poisson,492,492,0,,not_applicable
realtime with batch already running - repeat 2,1,2,233,batch-long-context,-10,poisson,492,492,0,,not_applicable
realtime with batch already running - repeat 2,1,2,234,batch-long-context,-10,poisson,492,492,0,,not_applicable
realtime with batch already running - repeat 2,1,2,235,batch-long-context,-10,poisson,492,492,0,,not_applicable
realtime with batch already running - repeat 2,1,2,236,batch-long-context,-10,poisson,492,492,0,,not_applicable
realtime with batch already running - repeat 2,1,2,237,batch-long-context,-10,poisson,492,492,0,,not_applicable
realtime with batch already running - repeat 2,1,2,238,batch-long-context,-10,poisson,492,492,0,,not_applicable
realtime with batch already running - repeat 2,1,2,239,batch-long-context,-10,poisson,492,492,0,,not_applicable
realtime with batch already running - repeat 2,1,2,240,batch-long-context,-10,poisson,492,492,0,,not_applicable
realtime with batch already running - repeat 3,1,3,0,realtime-chat,100,poisson,0,0,0,,not_applicable
realtime with batch already running - repeat 3,1,3,1,realtime-chat,100,poisson,0,0,0,,not_applicable
realtime with batch already running - repeat 3,1,3,2,realtime-chat,100,poisson,0,0,0,,not_applicable
realtime with batch already running - repeat 3,1,3,3,realtime-chat,100,poisson,0,0,0,,not_applicable
realtime with batch already running - repeat 3,1,3,4,realtime-chat,100,poisson,0,0,0,,not_applicable
realtime with batch already running - repeat 3,1,3,5,realtime-chat,100,poisson,0,0,0,,not_applicable
realtime with batch already running - repeat 3,1,3,6,realtime-chat,100,poisson,0,0,0,,not_applicable
realtime with batch already running - repeat 3,1,3,7,realtime-chat,100,poisson,0,0,0,,not_applicable
realtime with batch already running - repeat 3,1,3,8,realtime-chat,100,poisson,0,0,0,,not_applicable
realtime with batch already running - repeat 3,1,3,9,realtime-chat,100,poisson,0,0,0,,not_applicable
realtime with batch already running - repeat 3,1,3,10,realtime-chat,100,poisson,0,0,0,,not_applicable
realtime with batch already running - repeat 3,1,3,11,realtime-chat,100,poisson,0,0,0,,not_applicable
realtime with batch already running - repeat 3,1,3,12,realtime-chat,100,poisson,0,0,0,,not_applicable
realtime with batch already running - repeat 3,1,3,13,realtime-chat,100,poisson,0,0,0,,not_applicable
realtime with batch already running - repeat 3,1,3,14,realtime-chat,100,poisson,0,0,0,,not_applicable
realtime with batch already running - repeat 3,1,3,15,realtime-chat,100,poisson,0,0,0,,not_applicable
realtime with batch already running - repeat 3,1,3,16,realtime-chat,100,poisson,0,0,0,,not_applicable
realtime with batch already running - repeat 3,1,3,17,realtime-chat,100,poisson,0,0,0,,not_applicable
realtime with batch already running - repeat 3,1,3,18,realtime-chat,100,poisson,0,0,0,,not_applicable
realtime with batch already running - repeat 3,1,3,19,realtime-chat,100,poisson,0,0,0,,not_applicable
realtime with batch already running - repeat 3,1,3,20,realtime-chat,100,poisson,0,0,0,,not_applicable
realtime with batch already running - repeat 3,1,3,21,realtime-chat,100,poisson,0,0,0,,not_applicable
realtime with batch already running - repeat 3,1,3,22,realtime-chat,100,poisson,0,0,0,,not_applicable
realtime with batch already running - repeat 3,1,3,23,realtime-chat,100,poisson,0,0,0,,not_applicable
realtime with batch already running - repeat 3,1,3,24,realtime-chat,100,poisson,0,0,0,,not_applicable
realtime with batch already running - repeat 3,1,3,25,realtime-chat,100,poisson,0,0,0,,not_applicable
realtime with batch already running - repeat 3,1,3,26,realtime-chat,100,poisson,0,0,0,,not_applicable
realtime with batch already running - repeat 3,1,3,27,realtime-chat,100,poisson,0,0,0,,not_applicable
realtime with batch already running - repeat 3,1,3,28,realtime-chat,100,poisson,0,0,0,,not_applicable
realtime with batch already running - repeat 3,1,3,29,realtime-chat,100,poisson,0,0,0,,not_applicable
realtime with batch already running - repeat 3,1,3,30,realtime-chat,100,poisson,0,0,0,,not_applicable
realtime with batch already running - repeat 3,1,3,31,realtime-chat,100,poisson,0,0,0,,not_applicable
realtime with batch already running - repeat 3,1,3,32,realtime-chat,100,poisson,0,0,0,,not_applicable
realtime with batch already running - repeat 3,1,3,33,realtime-chat,100,poisson,0,0,0,,not_applicable
realtime with batch already running - repeat 3,1,3,34,realtime-chat,100,poisson,0,0,0,,not_applicable
realtime with batch already running - repeat 3,1,3,35,realtime-chat,100,poisson,0,0,0,,not_applicable
realtime with batch already running - repeat 3,1,3,36,realtime-chat,100,poisson,0,0,0,,not_applicable
realtime with batch already running - repeat 3,1,3,37,realtime-chat,100,poisson,0,0,0,,not_applicable
realtime with batch already running - repeat 3,1,3,38,realtime-chat,100,poisson,0,0,0,,not_applicable
realtime with batch already running - repeat 3,1,3,39,realtime-chat,100,poisson,0,0,0,,not_applicable
realtime with batch already running - repeat 3,1,3,40,realtime-chat,100,poisson,0,0,0,,not_applicable
realtime with batch already running - repeat 3,1,3,41,realtime-chat,100,poisson,0,0,0,,not_applicable
realtime with batch already running - repeat 3,1,3,42,realtime-chat,100,poisson,0,0,0,,not_applicable
realtime with batch already running - repeat 3,1,3,43,realtime-chat,100,poisson,0,0,0,,not_applicable
realtime with batch already running - repeat 3,1,3,44,realtime-chat,100,poisson,0,0,0,,not_applicable
realtime with batch already running - repeat 3,1,3,45,realtime-chat,100,poisson,0,0,0,,not_applicable
realtime with batch already running - repeat 3,1,3,46,realtime-chat,100,poisson,0,0,0,,not_applicable
realtime with batch already running - repeat 3,1,3,47,realtime-chat,100,poisson,0,0,0,,not_applicable
realtime with batch already running - repeat 3,1,3,48,realtime-chat,100,poisson,0,0,0,,not_applicable
realtime with batch already running - repeat 3,1,3,49,realtime-chat,100,poisson,0,0,0,,not_applicable
realtime with batch already running - repeat 3,1,3,50,realtime-chat,100,poisson,0,0,0,,not_applicable
realtime with batch already running - repeat 3,1,3,51,realtime-chat,100,poisson,0,0,0,,not_applicable
realtime with batch already running - repeat 3,1,3,52,realtime-chat,100,poisson,0,0,0,,not_applicable
realtime with batch already running - repeat 3,1,3,53,realtime-chat,100,poisson,0,0,0,,not_applicable
realtime with batch already running - repeat 3,1,3,54,realtime-chat,100,poisson,0,0,0,,not_applicable
realtime with batch already running - repeat 3,1,3,55,realtime-chat,100,poisson,0,0,0,,not_applicable
realtime with batch already running - repeat 3,1,3,56,realtime-chat,100,poisson,0,0,0,,not_applicable
realtime with batch already running - repeat 3,1,3,57,realtime-chat,100,poisson,0,0,0,,not_applicable
realtime with batch already running - repeat 3,1,3,58,realtime-chat,100,poisson,0,0,0,,not_applicable
realtime with batch already running - repeat 3,1,3,59,realtime-chat,100,poisson,0,0,0,,not_applicable
realtime with batch already running - repeat 3,1,3,60,realtime-chat,100,poisson,0,0,0,,not_applicable
realtime with batch already running - repeat 3,1,3,61,realtime-chat,100,poisson,5,0,5,,not_applicable
realtime with batch already running - repeat 3,1,3,62,realtime-chat,100,poisson,6,0,6,,not_applicable
realtime with batch already running - repeat 3,1,3,63,realtime-chat,100,poisson,9,0,9,,not_applicable
realtime with batch already running - repeat 3,1,3,64,realtime-chat,100,poisson,13,0,13,,not_applicable
realtime with batch already running - repeat 3,1,3,65,realtime-chat,100,poisson,15,0,15,,not_applicable
realtime with batch already running - repeat 3,1,3,66,realtime-chat,100,poisson,17,0,17,,not_applicable
realtime with batch already running - repeat 3,1,3,67,realtime-chat,100,poisson,17,0,17,,not_applicable
realtime with batch already running - repeat 3,1,3,68,realtime-chat,100,poisson,19,0,19,,not_applicable
realtime with batch already running - repeat 3,1,3,69,realtime-chat,100,poisson,23,0,23,,not_applicable
realtime with batch already running - repeat 3,1,3,70,realtime-chat,100,poisson,26,0,26,,not_applicable
realtime with batch already running - repeat 3,1,3,71,realtime-chat,100,poisson,29,0,29,,not_applicable
realtime with batch already running - repeat 3,1,3,72,realtime-chat,100,poisson,32,0,32,,not_applicable
realtime with batch already running - repeat 3,1,3,73,realtime-chat,100,poisson,40,0,40,,not_applicable
realtime with batch already running - repeat 3,1,3,74,realtime-chat,100,poisson,43,0,43,,not_applicable
realtime with batch already running - repeat 3,1,3,75,realtime-chat,100,poisson,45,0,45,,not_applicable
realtime with batch already running - repeat 3,1,3,76,realtime-chat,100,poisson,47,0,47,,not_applicable
realtime with batch already running - repeat 3,1,3,77,realtime-chat,100,poisson,49,0,49,,not_applicable
realtime with batch already running - repeat 3,1,3,78,realtime-chat,100,poisson,52,0,52,,not_applicable
realtime with batch already running - repeat 3,1,3,79,realtime-chat,100,poisson,55,0,55,,not_applicable
realtime with batch already running - repeat 3,1,3,80,realtime-chat,100,poisson,57,0,57,,not_applicable
realtime with batch already running - repeat 3,1,3,81,realtime-chat,100,poisson,59,4,55,,not_applicable
realtime with batch already running - repeat 3,1,3,82,realtime-chat,100,poisson,62,5,57,,not_applicable
realtime with batch already running - repeat 3,1,3,83,realtime-chat,100,poisson,64,6,58,,not_applicable
realtime with batch already running - repeat 3,1,3,84,realtime-chat,100,poisson,71,6,65,,not_applicable
realtime with batch already running - repeat 3,1,3,85,realtime-chat,100,poisson,73,8,65,,not_applicable
realtime with batch already running - repeat 3,1,3,86,realtime-chat,100,poisson,75,9,66,,not_applicable
realtime with batch already running - repeat 3,1,3,87,realtime-chat,100,poisson,75,13,62,,not_applicable
realtime with batch already running - repeat 3,1,3,88,realtime-chat,100,poisson,79,14,65,,not_applicable
realtime with batch already running - repeat 3,1,3,89,realtime-chat,100,poisson,81,16,65,,not_applicable
realtime with batch already running - repeat 3,1,3,90,realtime-chat,100,poisson,81,17,64,,not_applicable
realtime with batch already running - repeat 3,1,3,91,realtime-chat,100,poisson,85,17,68,,not_applicable
realtime with batch already running - repeat 3,1,3,92,realtime-chat,100,poisson,89,19,70,,not_applicable
realtime with batch already running - repeat 3,1,3,93,realtime-chat,100,poisson,92,23,69,,not_applicable
realtime with batch already running - repeat 3,1,3,94,realtime-chat,100,poisson,98,24,74,,not_applicable
realtime with batch already running - repeat 3,1,3,95,realtime-chat,100,poisson,99,26,73,,not_applicable
realtime with batch already running - repeat 3,1,3,96,realtime-chat,100,poisson,104,30,74,,not_applicable
realtime with batch already running - repeat 3,1,3,97,realtime-chat,100,poisson,108,31,77,,not_applicable
realtime with batch already running - repeat 3,1,3,98,realtime-chat,100,poisson,112,39,73,,not_applicable
realtime with batch already running - repeat 3,1,3,99,realtime-chat,100,poisson,116,41,75,,not_applicable
realtime with batch already running - repeat 3,1,3,100,realtime-chat,100,poisson,125,43,82,,not_applicable
realtime with batch already running - repeat 3,1,3,101,realtime-chat,100,poisson,128,43,85,,not_applicable
realtime with batch already running - repeat 3,1,3,102,realtime-chat,100,poisson,133,49,84,,not_applicable
realtime with batch already running - repeat 3,1,3,103,realtime-chat,100,poisson,135,50,85,,not_applicable
realtime with batch already running - repeat 3,1,3,104,realtime-chat,100,poisson,139,52,87,,not_applicable
realtime with batch already running - repeat 3,1,3,105,realtime-chat,100,poisson,142,53,89,,not_applicable
realtime with batch already running - repeat 3,1,3,106,realtime-chat,100,poisson,143,54,89,,not_applicable
realtime with batch already running - repeat 3,1,3,107,realtime-chat,100,poisson,145,56,89,,not_applicable
realtime with batch already running - repeat 3,1,3,108,realtime-chat,100,poisson,150,59,91,,not_applicable
realtime with batch already running - repeat 3,1,3,109,realtime-chat,100,poisson,153,62,91,,not_applicable
realtime with batch already running - repeat 3,1,3,110,realtime-chat,100,poisson,155,65,90,,not_applicable
realtime with batch already running - repeat 3,1,3,111,realtime-chat,100,poisson,161,71,90,,not_applicable
realtime with batch already running - repeat 3,1,3,112,realtime-chat,100,poisson,164,73,91,,not_applicable
realtime with batch already running - repeat 3,1,3,113,realtime-chat,100,poisson,169,74,95,,not_applicable
realtime with batch already running - repeat 3,1,3,114,realtime-chat,100,poisson,171,74,97,,not_applicable
realtime with batch already running - repeat 3,1,3,115,realtime-chat,100,poisson,173,75,98,,not_applicable
realtime with batch already running - repeat 3,1,3,116,realtime-chat,100,poisson,175,81,94,,not_applicable
realtime with batch already running - repeat 3,1,3,117,realtime-chat,100,poisson,179,81,98,,not_applicable
realtime with batch already running - repeat 3,1,3,118,realtime-chat,100,poisson,183,85,98,,not_applicable
realtime with batch already running - repeat 3,1,3,119,realtime-chat,100,poisson,186,92,94,,not_applicable
realtime with batch already running - repeat 3,1,3,120,realtime-chat,100,poisson,188,99,89,,not_applicable
realtime with batch already running - repeat 3,1,3,121,realtime-chat,100,poisson,190,104,86,,not_applicable
realtime with batch already running - repeat 3,1,3,122,realtime-chat,100,poisson,193,111,82,,not_applicable
realtime with batch already running - repeat 3,1,3,123,realtime-chat,100,poisson,193,115,78,,not_applicable
realtime with batch already running - repeat 3,1,3,124,realtime-chat,100,poisson,195,122,73,,not_applicable
realtime with batch already running - repeat 3,1,3,125,realtime-chat,100,poisson,197,135,62,,not_applicable
realtime with batch already running - repeat 3,1,3,126,realtime-chat,100,poisson,197,142,55,,not_applicable
realtime with batch already running - repeat 3,1,3,127,realtime-chat,100,poisson,201,144,57,,not_applicable
realtime with batch already running - repeat 3,1,3,128,realtime-chat,100,poisson,204,148,56,,not_applicable
realtime with batch already running - repeat 3,1,3,129,realtime-chat,100,poisson,206,150,56,,not_applicable
realtime with batch already running - repeat 3,1,3,130,realtime-chat,100,poisson,208,155,53,,not_applicable
realtime with batch already running - repeat 3,1,3,131,realtime-chat,100,poisson,209,157,52,,not_applicable
realtime with batch already running - repeat 3,1,3,132,realtime-chat,100,poisson,210,159,51,,not_applicable
realtime with batch already running - repeat 3,1,3,133,realtime-chat,100,poisson,212,170,42,,not_applicable
realtime with batch already running - repeat 3,1,3,134,realtime-chat,100,poisson,215,172,43,,not_applicable
realtime with batch already running - repeat 3,1,3,135,realtime-chat,100,poisson,216,173,43,,not_applicable
realtime with batch already running - repeat 3,1,3,136,realtime-chat,100,poisson,218,173,45,,not_applicable
realtime with batch already running - repeat 3,1,3,137,realtime-chat,100,poisson,221,173,48,,not_applicable
realtime with batch already running - repeat 3,1,3,138,realtime-chat,100,poisson,227,173,54,,not_applicable
realtime with batch already running - repeat 3,1,3,139,realtime-chat,100,poisson,232,179,53,,not_applicable
realtime with batch already running - repeat 3,1,3,140,realtime-chat,100,poisson,235,184,51,,not_applicable
realtime with batch already running - repeat 3,1,3,141,realtime-chat,100,poisson,239,186,53,,not_applicable
realtime with batch already running - repeat 3,1,3,142,realtime-chat,100,poisson,244,187,57,,not_applicable
realtime with batch already running - repeat 3,1,3,143,realtime-chat,100,poisson,249,187,62,,not_applicable
realtime with batch already running - repeat 3,1,3,144,realtime-chat,100,poisson,250,188,62,,not_applicable
realtime with batch already running - repeat 3,1,3,145,realtime-chat,100,poisson,254,190,64,,not_applicable
realtime with batch already running - repeat 3,1,3,146,realtime-chat,100,poisson,258,190,68,,not_applicable
realtime with batch already running - repeat 3,1,3,147,realtime-chat,100,poisson,260,190,70,,not_applicable
realtime with batch already running - repeat 3,1,3,148,realtime-chat,100,poisson,264,191,73,,not_applicable
realtime with batch already running - repeat 3,1,3,149,realtime-chat,100,poisson,265,193,72,,not_applicable
realtime with batch already running - repeat 3,1,3,150,realtime-chat,100,poisson,265,193,72,,not_applicable
realtime with batch already running - repeat 3,1,3,151,realtime-chat,100,poisson,268,194,74,,not_applicable
realtime with batch already running - repeat 3,1,3,152,realtime-chat,100,poisson,268,194,74,,not_applicable
realtime with batch already running - repeat 3,1,3,153,realtime-chat,100,poisson,271,195,76,,not_applicable
realtime with batch already running - repeat 3,1,3,154,realtime-chat,100,poisson,275,195,80,,not_applicable
realtime with batch already running - repeat 3,1,3,155,realtime-chat,100,poisson,276,196,80,,not_applicable
realtime with batch already running - repeat 3,1,3,156,realtime-chat,100,poisson,279,197,82,,not_applicable
realtime with batch already running - repeat 3,1,3,157,realtime-chat,100,poisson,282,197,85,,not_applicable
realtime with batch already running - repeat 3,1,3,158,realtime-chat,100,poisson,282,197,85,,not_applicable
realtime with batch already running - repeat 3,1,3,159,realtime-chat,100,poisson,283,197,86,,not_applicable
realtime with batch already running - repeat 3,1,3,160,realtime-chat,100,poisson,284,199,85,,not_applicable
realtime with batch already running - repeat 3,1,3,161,realtime-chat,100,poisson,285,204,81,,not_applicable
realtime with batch already running - repeat 3,1,3,162,realtime-chat,100,poisson,290,206,84,,not_applicable
realtime with batch already running - repeat 3,1,3,163,realtime-chat,100,poisson,293,208,85,,not_applicable
realtime with batch already running - repeat 3,1,3,164,realtime-chat,100,poisson,294,208,86,,not_applicable
realtime with batch already running - repeat 3,1,3,165,realtime-chat,100,poisson,299,209,90,,not_applicable
realtime with batch already running - repeat 3,1,3,166,realtime-chat,100,poisson,301,210,91,,not_applicable
realtime with batch already running - repeat 3,1,3,167,realtime-chat,100,poisson,304,210,94,,not_applicable
realtime with batch already running - repeat 3,1,3,168,realtime-chat,100,poisson,305,210,95,,not_applicable
realtime with batch already running - repeat 3,1,3,169,realtime-chat,100,poisson,308,210,98,,not_applicable
realtime with batch already running - repeat 3,1,3,170,realtime-chat,100,poisson,313,222,91,,not_applicable
realtime with batch already running - repeat 3,1,3,171,realtime-chat,100,poisson,315,234,81,,not_applicable
realtime with batch already running - repeat 3,1,3,172,realtime-chat,100,poisson,318,236,82,,not_applicable
realtime with batch already running - repeat 3,1,3,173,realtime-chat,100,poisson,322,250,72,,not_applicable
realtime with batch already running - repeat 3,1,3,174,realtime-chat,100,poisson,329,257,72,,not_applicable
realtime with batch already running - repeat 3,1,3,175,realtime-chat,100,poisson,333,265,68,,not_applicable
realtime with batch already running - repeat 3,1,3,176,realtime-chat,100,poisson,336,268,68,,not_applicable
realtime with batch already running - repeat 3,1,3,177,realtime-chat,100,poisson,340,270,70,,not_applicable
realtime with batch already running - repeat 3,1,3,178,realtime-chat,100,poisson,344,277,67,,not_applicable
realtime with batch already running - repeat 3,1,3,179,realtime-chat,100,poisson,351,281,70,,not_applicable
realtime with batch already running - repeat 3,1,3,180,realtime-chat,100,poisson,354,283,71,,not_applicable
realtime with batch already running - repeat 3,1,3,181,realtime-chat,100,poisson,354,283,71,,not_applicable
realtime with batch already running - repeat 3,1,3,182,realtime-chat,100,poisson,354,284,70,,not_applicable
realtime with batch already running - repeat 3,1,3,183,realtime-chat,100,poisson,354,284,70,,not_applicable
realtime with batch already running - repeat 3,1,3,184,realtime-chat,100,poisson,354,287,67,,not_applicable
realtime with batch already running - repeat 3,1,3,185,realtime-chat,100,poisson,354,293,61,,not_applicable
realtime with batch already running - repeat 3,1,3,186,realtime-chat,100,poisson,354,294,60,,not_applicable
realtime with batch already running - repeat 3,1,3,187,realtime-chat,100,poisson,354,305,49,,not_applicable
realtime with batch already running - repeat 3,1,3,188,realtime-chat,100,poisson,354,306,48,,not_applicable
realtime with batch already running - repeat 3,1,3,189,realtime-chat,100,poisson,354,308,46,,not_applicable
realtime with batch already running - repeat 3,1,3,190,realtime-chat,100,poisson,354,309,45,,not_applicable
realtime with batch already running - repeat 3,1,3,191,realtime-chat,100,poisson,354,309,45,,not_applicable
realtime with batch already running - repeat 3,1,3,192,realtime-chat,100,poisson,354,310,44,,not_applicable
realtime with batch already running - repeat 3,1,3,193,realtime-chat,100,poisson,354,313,41,,not_applicable
realtime with batch already running - repeat 3,1,3,194,realtime-chat,100,poisson,354,313,41,,not_applicable
realtime with batch already running - repeat 3,1,3,195,realtime-chat,100,poisson,354,313,41,,not_applicable
realtime with batch already running - repeat 3,1,3,196,realtime-chat,100,poisson,354,314,40,,not_applicable
realtime with batch already running - repeat 3,1,3,197,realtime-chat,100,poisson,354,315,39,,not_applicable
realtime with batch already running - repeat 3,1,3,198,realtime-chat,100,poisson,354,318,36,,not_applicable
realtime with batch already running - repeat 3,1,3,199,realtime-chat,100,poisson,354,318,36,,not_applicable
realtime with batch already running - repeat 3,1,3,200,realtime-chat,100,poisson,354,318,36,,not_applicable
realtime with batch already running - repeat 3,1,3,201,realtime-chat,100,poisson,354,319,35,,not_applicable
realtime with batch already running - repeat 3,1,3,202,realtime-chat,100,poisson,354,321,33,,not_applicable
realtime with batch already running - repeat 3,1,3,203,realtime-chat,100,poisson,354,329,25,,not_applicable
realtime with batch already running - repeat 3,1,3,204,realtime-chat,100,poisson,354,330,24,,not_applicable
realtime with batch already running - repeat 3,1,3,205,realtime-chat,100,poisson,354,330,24,,not_applicable
realtime with batch already running - repeat 3,1,3,206,realtime-chat,100,poisson,354,332,22,,not_applicable
realtime with batch already running - repeat 3,1,3,207,realtime-chat,100,poisson,354,340,14,,not_applicable
realtime with batch already running - repeat 3,1,3,208,realtime-chat,100,poisson,354,343,11,,not_applicable
realtime with batch already running - repeat 3,1,3,209,realtime-chat,100,poisson,354,345,9,,not_applicable
realtime with batch already running - repeat 3,1,3,210,realtime-chat,100,poisson,354,354,0,,not_applicable
realtime with batch already running - repeat 3,1,3,211,realtime-chat,100,poisson,354,354,0,,not_applicable
realtime with batch already running - repeat 3,1,3,212,realtime-chat,100,poisson,354,354,0,,not_applicable
realtime with batch already running - repeat 3,1,3,213,realtime-chat,100,poisson,354,354,0,,not_applicable
realtime with batch already running - repeat 3,1,3,214,realtime-chat,100,poisson,354,354,0,,not_applicable
realtime with batch already running - repeat 3,1,3,215,realtime-chat,100,poisson,354,354,0,,not_applicable
realtime with batch already running - repeat 3,1,3,216,realtime-chat,100,poisson,354,354,0,,not_applicable
realtime with batch already running - repeat 3,1,3,217,realtime-chat,100,poisson,354,354,0,,not_applicable
realtime with batch already running - repeat 3,1,3,218,realtime-chat,100,poisson,354,354,0,,not_applicable
realtime with batch already running - repeat 3,1,3,219,realtime-chat,100,poisson,354,354,0,,not_applicable
realtime with batch already running - repeat 3,1,3,220,realtime-chat,100,poisson,354,354,0,,not_applicable
realtime with batch already running - repeat 3,1,3,221,realtime-chat,100,poisson,354,354,0,,not_applicable
realtime with batch already running - repeat 3,1,3,222,realtime-chat,100,poisson,354,354,0,,not_applicable
realtime with batch already running - repeat 3,1,3,223,realtime-chat,100,poisson,354,354,0,,not_applicable
realtime with batch already running - repeat 3,1,3,224,realtime-chat,100,poisson,354,354,0,,not_applicable
realtime with batch already running - repeat 3,1,3,225,realtime-chat,100,poisson,354,354,0,,not_applicable
realtime with batch already running - repeat 3,1,3,226,realtime-chat,100,poisson,354,354,0,,not_applicable
realtime with batch already running - repeat 3,1,3,227,realtime-chat,100,poisson,354,354,0,,not_applicable
realtime with batch already running - repeat 3,1,3,228,realtime-chat,100,poisson,354,354,0,,not_applicable
realtime with batch already running - repeat 3,1,3,229,realtime-chat,100,poisson,354,354,0,,not_applicable
realtime with batch already running - repeat 3,1,3,230,realtime-chat,100,poisson,354,354,0,,not_applicable
realtime with batch already running - repeat 3,1,3,231,realtime-chat,100,poisson,354,354,0,,not_applicable
realtime with batch already running - repeat 3,1,3,232,realtime-chat,100,poisson,354,354,0,,not_applicable
realtime with batch already running - repeat 3,1,3,233,realtime-chat,100,poisson,354,354,0,,not_applicable
realtime with batch already running - repeat 3,1,3,234,realtime-chat,100,poisson,354,354,0,,not_applicable
realtime with batch already running - repeat 3,1,3,235,realtime-chat,100,poisson,354,354,0,,not_applicable
realtime with batch already running - repeat 3,1,3,236,realtime-chat,100,poisson,354,354,0,,not_applicable
realtime with batch already running - repeat 3,1,3,237,realtime-chat,100,poisson,354,354,0,,not_applicable
realtime with batch already running - repeat 3,1,3,238,realtime-chat,100,poisson,354,354,0,,not_applicable
realtime with batch already running - repeat 3,1,3,239,realtime-chat,100,poisson,354,354,0,,not_applicable
realtime with batch already running - repeat 3,1,3,240,realtime-chat,100,poisson,354,354,0,,not_applicable
realtime with batch already running - repeat 3,1,3,0,batch-long-context,-10,poisson,0,0,0,,not_applicable
realtime with batch already running - repeat 3,1,3,1,batch-long-context,-10,poisson,2,0,2,,not_applicable
realtime with batch already running - repeat 3,1,3,2,batch-long-context,-10,poisson,5,0,5,,not_applicable
realtime with batch already running - repeat 3,1,3,3,batch-long-context,-10,poisson,10,2,8,,not_applicable
realtime with batch already running - repeat 3,1,3,4,batch-long-context,-10,poisson,12,2,10,,not_applicable
realtime with batch already running - repeat 3,1,3,5,batch-long-context,-10,poisson,16,2,14,,not_applicable
realtime with batch already running - repeat 3,1,3,6,batch-long-context,-10,poisson,19,2,17,,not_applicable
realtime with batch already running - repeat 3,1,3,7,batch-long-context,-10,poisson,23,2,21,,not_applicable
realtime with batch already running - repeat 3,1,3,8,batch-long-context,-10,poisson,29,2,27,,not_applicable
realtime with batch already running - repeat 3,1,3,9,batch-long-context,-10,poisson,32,2,30,,not_applicable
realtime with batch already running - repeat 3,1,3,10,batch-long-context,-10,poisson,33,2,31,,not_applicable
realtime with batch already running - repeat 3,1,3,11,batch-long-context,-10,poisson,34,2,32,,not_applicable
realtime with batch already running - repeat 3,1,3,12,batch-long-context,-10,poisson,37,2,35,,not_applicable
realtime with batch already running - repeat 3,1,3,13,batch-long-context,-10,poisson,39,2,37,,not_applicable
realtime with batch already running - repeat 3,1,3,14,batch-long-context,-10,poisson,39,2,37,,not_applicable
realtime with batch already running - repeat 3,1,3,15,batch-long-context,-10,poisson,41,5,36,,not_applicable
realtime with batch already running - repeat 3,1,3,16,batch-long-context,-10,poisson,46,5,41,,not_applicable
realtime with batch already running - repeat 3,1,3,17,batch-long-context,-10,poisson,51,5,46,,not_applicable
realtime with batch already running - repeat 3,1,3,18,batch-long-context,-10,poisson,55,5,50,,not_applicable
realtime with batch already running - repeat 3,1,3,19,batch-long-context,-10,poisson,55,7,48,,not_applicable
realtime with batch already running - repeat 3,1,3,20,batch-long-context,-10,poisson,57,10,47,,not_applicable
realtime with batch already running - repeat 3,1,3,21,batch-long-context,-10,poisson,57,12,45,,not_applicable
realtime with batch already running - repeat 3,1,3,22,batch-long-context,-10,poisson,59,18,41,,not_applicable
realtime with batch already running - repeat 3,1,3,23,batch-long-context,-10,poisson,64,35,29,,not_applicable
realtime with batch already running - repeat 3,1,3,24,batch-long-context,-10,poisson,66,38,28,,not_applicable
realtime with batch already running - repeat 3,1,3,25,batch-long-context,-10,poisson,69,40,29,,not_applicable
realtime with batch already running - repeat 3,1,3,26,batch-long-context,-10,poisson,71,40,31,,not_applicable
realtime with batch already running - repeat 3,1,3,27,batch-long-context,-10,poisson,73,40,33,,not_applicable
realtime with batch already running - repeat 3,1,3,28,batch-long-context,-10,poisson,75,42,33,,not_applicable
realtime with batch already running - repeat 3,1,3,29,batch-long-context,-10,poisson,78,51,27,,not_applicable
realtime with batch already running - repeat 3,1,3,30,batch-long-context,-10,poisson,81,54,27,,not_applicable
realtime with batch already running - repeat 3,1,3,31,batch-long-context,-10,poisson,85,57,28,,not_applicable
realtime with batch already running - repeat 3,1,3,32,batch-long-context,-10,poisson,88,57,31,,not_applicable
realtime with batch already running - repeat 3,1,3,33,batch-long-context,-10,poisson,91,58,33,,not_applicable
realtime with batch already running - repeat 3,1,3,34,batch-long-context,-10,poisson,93,59,34,,not_applicable
realtime with batch already running - repeat 3,1,3,35,batch-long-context,-10,poisson,95,59,36,,not_applicable
realtime with batch already running - repeat 3,1,3,36,batch-long-context,-10,poisson,95,67,28,,not_applicable
realtime with batch already running - repeat 3,1,3,37,batch-long-context,-10,poisson,98,76,22,,not_applicable
realtime with batch already running - repeat 3,1,3,38,batch-long-context,-10,poisson,101,77,24,,not_applicable
realtime with batch already running - repeat 3,1,3,39,batch-long-context,-10,poisson,106,80,26,,not_applicable
realtime with batch already running - repeat 3,1,3,40,batch-long-context,-10,poisson,108,83,25,,not_applicable
realtime with batch already running - repeat 3,1,3,41,batch-long-context,-10,poisson,109,86,23,,not_applicable
realtime with batch already running - repeat 3,1,3,42,batch-long-context,-10,poisson,113,89,24,,not_applicable
realtime with batch already running - repeat 3,1,3,43,batch-long-context,-10,poisson,116,92,24,,not_applicable
realtime with batch already running - repeat 3,1,3,44,batch-long-context,-10,poisson,118,95,23,,not_applicable
realtime with batch already running - repeat 3,1,3,45,batch-long-context,-10,poisson,120,95,25,,not_applicable
realtime with batch already running - repeat 3,1,3,46,batch-long-context,-10,poisson,121,96,25,,not_applicable
realtime with batch already running - repeat 3,1,3,47,batch-long-context,-10,poisson,124,106,18,,not_applicable
realtime with batch already running - repeat 3,1,3,48,batch-long-context,-10,poisson,124,121,3,,not_applicable
realtime with batch already running - repeat 3,1,3,49,batch-long-context,-10,poisson,125,124,1,,not_applicable
realtime with batch already running - repeat 3,1,3,50,batch-long-context,-10,poisson,128,125,3,,not_applicable
realtime with batch already running - repeat 3,1,3,51,batch-long-context,-10,poisson,134,125,9,,not_applicable
realtime with batch already running - repeat 3,1,3,52,batch-long-context,-10,poisson,136,126,10,,not_applicable
realtime with batch already running - repeat 3,1,3,53,batch-long-context,-10,poisson,140,126,14,,not_applicable
realtime with batch already running - repeat 3,1,3,54,batch-long-context,-10,poisson,142,126,16,,not_applicable
realtime with batch already running - repeat 3,1,3,55,batch-long-context,-10,poisson,144,126,18,,not_applicable
realtime with batch already running - repeat 3,1,3,56,batch-long-context,-10,poisson,146,126,20,,not_applicable
realtime with batch already running - repeat 3,1,3,57,batch-long-context,-10,poisson,149,126,23,,not_applicable
realtime with batch already running - repeat 3,1,3,58,batch-long-context,-10,poisson,151,126,25,,not_applicable
realtime with batch already running - repeat 3,1,3,59,batch-long-context,-10,poisson,155,126,29,,not_applicable
realtime with batch already running - repeat 3,1,3,60,batch-long-context,-10,poisson,158,126,32,,not_applicable
realtime with batch already running - repeat 3,1,3,61,batch-long-context,-10,poisson,160,126,34,,not_applicable
realtime with batch already running - repeat 3,1,3,62,batch-long-context,-10,poisson,167,126,41,,not_applicable
realtime with batch already running - repeat 3,1,3,63,batch-long-context,-10,poisson,170,126,44,,not_applicable
realtime with batch already running - repeat 3,1,3,64,batch-long-context,-10,poisson,174,126,48,,not_applicable
realtime with batch already running - repeat 3,1,3,65,batch-long-context,-10,poisson,177,126,51,,not_applicable
realtime with batch already running - repeat 3,1,3,66,batch-long-context,-10,poisson,181,126,55,,not_applicable
realtime with batch already running - repeat 3,1,3,67,batch-long-context,-10,poisson,185,126,59,,not_applicable
realtime with batch already running - repeat 3,1,3,68,batch-long-context,-10,poisson,186,126,60,,not_applicable
realtime with batch already running - repeat 3,1,3,69,batch-long-context,-10,poisson,189,128,61,,not_applicable
realtime with batch already running - repeat 3,1,3,70,batch-long-context,-10,poisson,192,130,62,,not_applicable
realtime with batch already running - repeat 3,1,3,71,batch-long-context,-10,poisson,192,133,59,,not_applicable
realtime with batch already running - repeat 3,1,3,72,batch-long-context,-10,poisson,197,136,61,,not_applicable
realtime with batch already running - repeat 3,1,3,73,batch-long-context,-10,poisson,198,138,60,,not_applicable
realtime with batch already running - repeat 3,1,3,74,batch-long-context,-10,poisson,201,141,60,,not_applicable
realtime with batch already running - repeat 3,1,3,75,batch-long-context,-10,poisson,205,144,61,,not_applicable
realtime with batch already running - repeat 3,1,3,76,batch-long-context,-10,poisson,206,147,59,,not_applicable
realtime with batch already running - repeat 3,1,3,77,batch-long-context,-10,poisson,207,149,58,,not_applicable
realtime with batch already running - repeat 3,1,3,78,batch-long-context,-10,poisson,211,152,59,,not_applicable
realtime with batch already running - repeat 3,1,3,79,batch-long-context,-10,poisson,216,155,61,,not_applicable
realtime with batch already running - repeat 3,1,3,80,batch-long-context,-10,poisson,219,157,62,,not_applicable
realtime with batch already running - repeat 3,1,3,81,batch-long-context,-10,poisson,220,159,61,,not_applicable
realtime with batch already running - repeat 3,1,3,82,batch-long-context,-10,poisson,222,161,61,,not_applicable
realtime with batch already running - repeat 3,1,3,83,batch-long-context,-10,poisson,224,164,60,,not_applicable
realtime with batch already running - repeat 3,1,3,84,batch-long-context,-10,poisson,225,167,58,,not_applicable
realtime with batch already running - repeat 3,1,3,85,batch-long-context,-10,poisson,230,169,61,,not_applicable
realtime with batch already running - repeat 3,1,3,86,batch-long-context,-10,poisson,237,171,66,,not_applicable
realtime with batch already running - repeat 3,1,3,87,batch-long-context,-10,poisson,243,173,70,,not_applicable
realtime with batch already running - repeat 3,1,3,88,batch-long-context,-10,poisson,244,175,69,,not_applicable
realtime with batch already running - repeat 3,1,3,89,batch-long-context,-10,poisson,246,178,68,,not_applicable
realtime with batch already running - repeat 3,1,3,90,batch-long-context,-10,poisson,246,180,66,,not_applicable
realtime with batch already running - repeat 3,1,3,91,batch-long-context,-10,poisson,247,183,64,,not_applicable
realtime with batch already running - repeat 3,1,3,92,batch-long-context,-10,poisson,249,185,64,,not_applicable
realtime with batch already running - repeat 3,1,3,93,batch-long-context,-10,poisson,253,187,66,,not_applicable
realtime with batch already running - repeat 3,1,3,94,batch-long-context,-10,poisson,254,190,64,,not_applicable
realtime with batch already running - repeat 3,1,3,95,batch-long-context,-10,poisson,262,192,70,,not_applicable
realtime with batch already running - repeat 3,1,3,96,batch-long-context,-10,poisson,264,193,71,,not_applicable
realtime with batch already running - repeat 3,1,3,97,batch-long-context,-10,poisson,270,196,74,,not_applicable
realtime with batch already running - repeat 3,1,3,98,batch-long-context,-10,poisson,271,197,74,,not_applicable
realtime with batch already running - repeat 3,1,3,99,batch-long-context,-10,poisson,273,199,74,,not_applicable
realtime with batch already running - repeat 3,1,3,100,batch-long-context,-10,poisson,275,201,74,,not_applicable
realtime with batch already running - repeat 3,1,3,101,batch-long-context,-10,poisson,279,204,75,,not_applicable
realtime with batch already running - repeat 3,1,3,102,batch-long-context,-10,poisson,284,206,78,,not_applicable
realtime with batch already running - repeat 3,1,3,103,batch-long-context,-10,poisson,288,208,80,,not_applicable
realtime with batch already running - repeat 3,1,3,104,batch-long-context,-10,poisson,290,211,79,,not_applicable
realtime with batch already running - repeat 3,1,3,105,batch-long-context,-10,poisson,291,213,78,,not_applicable
realtime with batch already running - repeat 3,1,3,106,batch-long-context,-10,poisson,294,216,78,,not_applicable
realtime with batch already running - repeat 3,1,3,107,batch-long-context,-10,poisson,297,218,79,,not_applicable
realtime with batch already running - repeat 3,1,3,108,batch-long-context,-10,poisson,298,221,77,,not_applicable
realtime with batch already running - repeat 3,1,3,109,batch-long-context,-10,poisson,299,222,77,,not_applicable
realtime with batch already running - repeat 3,1,3,110,batch-long-context,-10,poisson,301,225,76,,not_applicable
realtime with batch already running - repeat 3,1,3,111,batch-long-context,-10,poisson,302,226,76,,not_applicable
realtime with batch already running - repeat 3,1,3,112,batch-long-context,-10,poisson,303,228,75,,not_applicable
realtime with batch already running - repeat 3,1,3,113,batch-long-context,-10,poisson,304,231,73,,not_applicable
realtime with batch already running - repeat 3,1,3,114,batch-long-context,-10,poisson,307,233,74,,not_applicable
realtime with batch already running - repeat 3,1,3,115,batch-long-context,-10,poisson,309,240,69,,not_applicable
realtime with batch already running - repeat 3,1,3,116,batch-long-context,-10,poisson,313,241,72,,not_applicable
realtime with batch already running - repeat 3,1,3,117,batch-long-context,-10,poisson,315,244,71,,not_applicable
realtime with batch already running - repeat 3,1,3,118,batch-long-context,-10,poisson,320,245,75,,not_applicable
realtime with batch already running - repeat 3,1,3,119,batch-long-context,-10,poisson,324,247,77,,not_applicable
realtime with batch already running - repeat 3,1,3,120,batch-long-context,-10,poisson,328,248,80,,not_applicable
realtime with batch already running - repeat 3,1,3,121,batch-long-context,-10,poisson,331,250,81,,not_applicable
realtime with batch already running - repeat 3,1,3,122,batch-long-context,-10,poisson,332,250,82,,not_applicable
realtime with batch already running - repeat 3,1,3,123,batch-long-context,-10,poisson,334,253,81,,not_applicable
realtime with batch already running - repeat 3,1,3,124,batch-long-context,-10,poisson,335,254,81,,not_applicable
realtime with batch already running - repeat 3,1,3,125,batch-long-context,-10,poisson,338,254,84,,not_applicable
realtime with batch already running - repeat 3,1,3,126,batch-long-context,-10,poisson,340,255,85,,not_applicable
realtime with batch already running - repeat 3,1,3,127,batch-long-context,-10,poisson,345,257,88,,not_applicable
realtime with batch already running - repeat 3,1,3,128,batch-long-context,-10,poisson,346,259,87,,not_applicable
realtime with batch already running - repeat 3,1,3,129,batch-long-context,-10,poisson,348,261,87,,not_applicable
realtime with batch already running - repeat 3,1,3,130,batch-long-context,-10,poisson,349,262,87,,not_applicable
realtime with batch already running - repeat 3,1,3,131,batch-long-context,-10,poisson,352,265,87,,not_applicable
realtime with batch already running - repeat 3,1,3,132,batch-long-context,-10,poisson,357,267,90,,not_applicable
realtime with batch already running - repeat 3,1,3,133,batch-long-context,-10,poisson,360,267,93,,not_applicable
realtime with batch already running - repeat 3,1,3,134,batch-long-context,-10,poisson,365,267,98,,not_applicable
realtime with batch already running - repeat 3,1,3,135,batch-long-context,-10,poisson,366,267,99,,not_applicable
realtime with batch already running - repeat 3,1,3,136,batch-long-context,-10,poisson,366,270,96,,not_applicable
realtime with batch already running - repeat 3,1,3,137,batch-long-context,-10,poisson,369,273,96,,not_applicable
realtime with batch already running - repeat 3,1,3,138,batch-long-context,-10,poisson,369,275,94,,not_applicable
realtime with batch already running - repeat 3,1,3,139,batch-long-context,-10,poisson,371,277,94,,not_applicable
realtime with batch already running - repeat 3,1,3,140,batch-long-context,-10,poisson,374,278,96,,not_applicable
realtime with batch already running - repeat 3,1,3,141,batch-long-context,-10,poisson,375,280,95,,not_applicable
realtime with batch already running - repeat 3,1,3,142,batch-long-context,-10,poisson,375,283,92,,not_applicable
realtime with batch already running - repeat 3,1,3,143,batch-long-context,-10,poisson,375,285,90,,not_applicable
realtime with batch already running - repeat 3,1,3,144,batch-long-context,-10,poisson,381,288,93,,not_applicable
realtime with batch already running - repeat 3,1,3,145,batch-long-context,-10,poisson,381,290,91,,not_applicable
realtime with batch already running - repeat 3,1,3,146,batch-long-context,-10,poisson,382,293,89,,not_applicable
realtime with batch already running - repeat 3,1,3,147,batch-long-context,-10,poisson,388,295,93,,not_applicable
realtime with batch already running - repeat 3,1,3,148,batch-long-context,-10,poisson,390,298,92,,not_applicable
realtime with batch already running - repeat 3,1,3,149,batch-long-context,-10,poisson,400,300,100,,not_applicable
realtime with batch already running - repeat 3,1,3,150,batch-long-context,-10,poisson,403,302,101,,not_applicable
realtime with batch already running - repeat 3,1,3,151,batch-long-context,-10,poisson,410,305,105,,not_applicable
realtime with batch already running - repeat 3,1,3,152,batch-long-context,-10,poisson,414,308,106,,not_applicable
realtime with batch already running - repeat 3,1,3,153,batch-long-context,-10,poisson,417,310,107,,not_applicable
realtime with batch already running - repeat 3,1,3,154,batch-long-context,-10,poisson,420,313,107,,not_applicable
realtime with batch already running - repeat 3,1,3,155,batch-long-context,-10,poisson,427,316,111,,not_applicable
realtime with batch already running - repeat 3,1,3,156,batch-long-context,-10,poisson,428,319,109,,not_applicable
realtime with batch already running - repeat 3,1,3,157,batch-long-context,-10,poisson,431,322,109,,not_applicable
realtime with batch already running - repeat 3,1,3,158,batch-long-context,-10,poisson,433,324,109,,not_applicable
realtime with batch already running - repeat 3,1,3,159,batch-long-context,-10,poisson,438,327,111,,not_applicable
realtime with batch already running - repeat 3,1,3,160,batch-long-context,-10,poisson,439,329,110,,not_applicable
realtime with batch already running - repeat 3,1,3,161,batch-long-context,-10,poisson,442,331,111,,not_applicable
realtime with batch already running - repeat 3,1,3,162,batch-long-context,-10,poisson,442,333,109,,not_applicable
realtime with batch already running - repeat 3,1,3,163,batch-long-context,-10,poisson,445,335,110,,not_applicable
realtime with batch already running - repeat 3,1,3,164,batch-long-context,-10,poisson,451,338,113,,not_applicable
realtime with batch already running - repeat 3,1,3,165,batch-long-context,-10,poisson,452,340,112,,not_applicable
realtime with batch already running - repeat 3,1,3,166,batch-long-context,-10,poisson,456,342,114,,not_applicable
realtime with batch already running - repeat 3,1,3,167,batch-long-context,-10,poisson,458,345,113,,not_applicable
realtime with batch already running - repeat 3,1,3,168,batch-long-context,-10,poisson,461,348,113,,not_applicable
realtime with batch already running - repeat 3,1,3,169,batch-long-context,-10,poisson,464,352,112,,not_applicable
realtime with batch already running - repeat 3,1,3,170,batch-long-context,-10,poisson,466,355,111,,not_applicable
realtime with batch already running - repeat 3,1,3,171,batch-long-context,-10,poisson,468,355,113,,not_applicable
realtime with batch already running - repeat 3,1,3,172,batch-long-context,-10,poisson,472,357,115,,not_applicable
realtime with batch already running - repeat 3,1,3,173,batch-long-context,-10,poisson,476,357,119,,not_applicable
realtime with batch already running - repeat 3,1,3,174,batch-long-context,-10,poisson,476,358,118,,not_applicable
realtime with batch already running - repeat 3,1,3,175,batch-long-context,-10,poisson,477,359,118,,not_applicable
realtime with batch already running - repeat 3,1,3,176,batch-long-context,-10,poisson,480,361,119,,not_applicable
realtime with batch already running - repeat 3,1,3,177,batch-long-context,-10,poisson,481,363,118,,not_applicable
realtime with batch already running - repeat 3,1,3,178,batch-long-context,-10,poisson,485,364,121,,not_applicable
realtime with batch already running - repeat 3,1,3,179,batch-long-context,-10,poisson,489,366,123,,not_applicable
realtime with batch already running - repeat 3,1,3,180,batch-long-context,-10,poisson,492,368,124,,not_applicable
realtime with batch already running - repeat 3,1,3,181,batch-long-context,-10,poisson,492,370,122,,not_applicable
realtime with batch already running - repeat 3,1,3,182,batch-long-context,-10,poisson,492,373,119,,not_applicable
realtime with batch already running - repeat 3,1,3,183,batch-long-context,-10,poisson,492,375,117,,not_applicable
realtime with batch already running - repeat 3,1,3,184,batch-long-context,-10,poisson,492,378,114,,not_applicable
realtime with batch already running - repeat 3,1,3,185,batch-long-context,-10,poisson,492,379,113,,not_applicable
realtime with batch already running - repeat 3,1,3,186,batch-long-context,-10,poisson,492,381,111,,not_applicable
realtime with batch already running - repeat 3,1,3,187,batch-long-context,-10,poisson,492,382,110,,not_applicable
realtime with batch already running - repeat 3,1,3,188,batch-long-context,-10,poisson,492,383,109,,not_applicable
realtime with batch already running - repeat 3,1,3,189,batch-long-context,-10,poisson,492,383,109,,not_applicable
realtime with batch already running - repeat 3,1,3,190,batch-long-context,-10,poisson,492,385,107,,not_applicable
realtime with batch already running - repeat 3,1,3,191,batch-long-context,-10,poisson,492,387,105,,not_applicable
realtime with batch already running - repeat 3,1,3,192,batch-long-context,-10,poisson,492,390,102,,not_applicable
realtime with batch already running - repeat 3,1,3,193,batch-long-context,-10,poisson,492,392,100,,not_applicable
realtime with batch already running - repeat 3,1,3,194,batch-long-context,-10,poisson,492,394,98,,not_applicable
realtime with batch already running - repeat 3,1,3,195,batch-long-context,-10,poisson,492,396,96,,not_applicable
realtime with batch already running - repeat 3,1,3,196,batch-long-context,-10,poisson,492,399,93,,not_applicable
realtime with batch already running - repeat 3,1,3,197,batch-long-context,-10,poisson,492,401,91,,not_applicable
realtime with batch already running - repeat 3,1,3,198,batch-long-context,-10,poisson,492,403,89,,not_applicable
realtime with batch already running - repeat 3,1,3,199,batch-long-context,-10,poisson,492,406,86,,not_applicable
realtime with batch already running - repeat 3,1,3,200,batch-long-context,-10,poisson,492,408,84,,not_applicable
realtime with batch already running - repeat 3,1,3,201,batch-long-context,-10,poisson,492,411,81,,not_applicable
realtime with batch already running - repeat 3,1,3,202,batch-long-context,-10,poisson,492,413,79,,not_applicable
realtime with batch already running - repeat 3,1,3,203,batch-long-context,-10,poisson,492,414,78,,not_applicable
realtime with batch already running - repeat 3,1,3,204,batch-long-context,-10,poisson,492,416,76,,not_applicable
realtime with batch already running - repeat 3,1,3,205,batch-long-context,-10,poisson,492,419,73,,not_applicable
realtime with batch already running - repeat 3,1,3,206,batch-long-context,-10,poisson,492,421,71,,not_applicable
realtime with batch already running - repeat 3,1,3,207,batch-long-context,-10,poisson,492,422,70,,not_applicable
realtime with batch already running - repeat 3,1,3,208,batch-long-context,-10,poisson,492,424,68,,not_applicable
realtime with batch already running - repeat 3,1,3,209,batch-long-context,-10,poisson,492,426,66,,not_applicable
realtime with batch already running - repeat 3,1,3,210,batch-long-context,-10,poisson,492,427,65,,not_applicable
realtime with batch already running - repeat 3,1,3,211,batch-long-context,-10,poisson,492,429,63,,not_applicable
realtime with batch already running - repeat 3,1,3,212,batch-long-context,-10,poisson,492,431,61,,not_applicable
realtime with batch already running - repeat 3,1,3,213,batch-long-context,-10,poisson,492,434,58,,not_applicable
realtime with batch already running - repeat 3,1,3,214,batch-long-context,-10,poisson,492,437,55,,not_applicable
realtime with batch already running - repeat 3,1,3,215,batch-long-context,-10,poisson,492,439,53,,not_applicable
realtime with batch already running - repeat 3,1,3,216,batch-long-context,-10,poisson,492,462,30,,not_applicable
realtime with batch already running - repeat 3,1,3,217,batch-long-context,-10,poisson,492,492,0,,not_applicable
realtime with batch already running - repeat 3,1,3,218,batch-long-context,-10,poisson,492,492,0,,not_applicable
realtime with batch already running - repeat 3,1,3,219,batch-long-context,-10,poisson,492,492,0,,not_applicable
realtime with batch already running - repeat 3,1,3,220,batch-long-context,-10,poisson,492,492,0,,not_applicable
realtime with batch already running - repeat 3,1,3,221,batch-long-context,-10,poisson,492,492,0,,not_applicable
realtime with batch already running - repeat 3,1,3,222,batch-long-context,-10,poisson,492,492,0,,not_applicable
realtime with batch already running - repeat 3,1,3,223,batch-long-context,-10,poisson,492,492,0,,not_applicable
realtime with batch already running - repeat 3,1,3,224,batch-long-context,-10,poisson,492,492,0,,not_applicable
realtime with batch already running - repeat 3,1,3,225,batch-long-context,-10,poisson,492,492,0,,not_applicable
realtime with batch already running - repeat 3,1,3,226,batch-long-context,-10,poisson,492,492,0,,not_applicable
realtime with batch already running - repeat 3,1,3,227,batch-long-context,-10,poisson,492,492,0,,not_applicable
realtime with batch already running - repeat 3,1,3,228,batch-long-context,-10,poisson,492,492,0,,not_applicable
realtime with batch already running - repeat 3,1,3,229,batch-long-context,-10,poisson,492,492,0,,not_applicable
realtime with batch already running - repeat 3,1,3,230,batch-long-context,-10,poisson,492,492,0,,not_applicable
realtime with batch already running - repeat 3,1,3,231,batch-long-context,-10,poisson,492,492,0,,not_applicable
realtime with batch already running - repeat 3,1,3,232,batch-long-context,-10,poisson,492,492,0,,not_applicable
realtime with batch already running - repeat 3,1,3,233,batch-long-context,-10,poisson,492,492,0,,not_applicable
realtime with batch already running - repeat 3,1,3,234,batch-long-context,-10,poisson,492,492,0,,not_applicable
realtime with batch already running - repeat 3,1,3,235,batch-long-context,-10,poisson,492,492,0,,not_applicable
realtime with batch already running - repeat 3,1,3,236,batch-long-context,-10,poisson,492,492,0,,not_applicable
realtime with batch already running - repeat 3,1,3,237,batch-long-context,-10,poisson,492,492,0,,not_applicable
realtime with batch already running - repeat 3,1,3,238,batch-long-context,-10,poisson,492,492,0,,not_applicable
realtime with batch already running - repeat 3,1,3,239,batch-long-context,-10,poisson,492,492,0,,not_applicable
realtime with batch already running - repeat 3,1,3,240,batch-long-context,-10,poisson,492,492,0,,not_applicable
