run_name,comparison,repeat,elapsed_seconds,flow,priority,arrival_process,target_requests_per_second,target_concurrency,issued_requests,completed_requests,outstanding_requests,send_delay_seconds,safety_ceiling_state
blocking-quota-block-1,blocking-quota,1,0.0,quota-eligible,0,poisson,,10240,0,0,0,,not_applicable
blocking-quota-block-1,blocking-quota,1,1.0,quota-eligible,0,poisson,,10240,6,0,6,,not_applicable
blocking-quota-block-1,blocking-quota,1,2.0,quota-eligible,0,poisson,,10240,11,6,5,,not_applicable
blocking-quota-block-1,blocking-quota,1,3.0,quota-eligible,0,poisson,,10240,16,9,7,,not_applicable
blocking-quota-block-1,blocking-quota,1,4.0,quota-eligible,0,poisson,,10240,17,15,2,,not_applicable
blocking-quota-block-1,blocking-quota,1,5.0,quota-eligible,0,poisson,,10240,23,17,6,,not_applicable
blocking-quota-block-1,blocking-quota,1,6.0,quota-eligible,0,poisson,,10240,29,23,6,,not_applicable
blocking-quota-block-1,blocking-quota,1,7.0,quota-eligible,0,poisson,,10240,39,27,12,,not_applicable
blocking-quota-block-1,blocking-quota,1,8.0,quota-eligible,0,poisson,,10240,46,34,12,,not_applicable
blocking-quota-block-1,blocking-quota,1,9.0,quota-eligible,0,poisson,,10240,51,45,6,,not_applicable
blocking-quota-block-1,blocking-quota,1,10.0,quota-eligible,0,poisson,,10240,57,51,6,,not_applicable
blocking-quota-block-1,blocking-quota,1,11.0,quota-eligible,0,poisson,,10240,67,61,6,,not_applicable
blocking-quota-block-1,blocking-quota,1,12.0,quota-eligible,0,poisson,,10240,75,70,5,,not_applicable
blocking-quota-block-1,blocking-quota,1,13.0,quota-eligible,0,poisson,,10240,81,75,6,,not_applicable
blocking-quota-block-1,blocking-quota,1,14.0,quota-eligible,0,poisson,,10240,87,80,7,,not_applicable
blocking-quota-block-1,blocking-quota,1,15.0,quota-eligible,0,poisson,,10240,98,92,6,,not_applicable
blocking-quota-block-1,blocking-quota,1,16.0,quota-eligible,0,poisson,,10240,103,96,7,,not_applicable
blocking-quota-block-1,blocking-quota,1,17.0,quota-eligible,0,poisson,,10240,112,105,7,,not_applicable
blocking-quota-block-1,blocking-quota,1,18.0,quota-eligible,0,poisson,,10240,120,114,6,,not_applicable
blocking-quota-block-1,blocking-quota,1,19.0,quota-eligible,0,poisson,,10240,131,125,6,,not_applicable
blocking-quota-block-1,blocking-quota,1,20.0,quota-eligible,0,poisson,,10240,136,132,4,,not_applicable
blocking-quota-block-1,blocking-quota,1,21.0,quota-eligible,0,poisson,,10240,142,135,7,,not_applicable
blocking-quota-block-1,blocking-quota,1,22.0,quota-eligible,0,poisson,,10240,144,140,4,,not_applicable
blocking-quota-block-1,blocking-quota,1,23.0,quota-eligible,0,poisson,,10240,149,143,6,,not_applicable
blocking-quota-block-1,blocking-quota,1,24.0,quota-eligible,0,poisson,,10240,155,149,6,,not_applicable
blocking-quota-block-1,blocking-quota,1,25.0,quota-eligible,0,poisson,,10240,161,153,8,,not_applicable
blocking-quota-block-1,blocking-quota,1,26.0,quota-eligible,0,poisson,,10240,168,160,8,,not_applicable
blocking-quota-block-1,blocking-quota,1,27.0,quota-eligible,0,poisson,,10240,173,168,5,,not_applicable
blocking-quota-block-1,blocking-quota,1,28.0,quota-eligible,0,poisson,,10240,178,173,5,,not_applicable
blocking-quota-block-1,blocking-quota,1,29.0,quota-eligible,0,poisson,,10240,186,177,9,,not_applicable
blocking-quota-block-1,blocking-quota,1,30.0,quota-eligible,0,poisson,,10240,190,185,5,,not_applicable
blocking-quota-block-1,blocking-quota,1,31.0,quota-eligible,0,poisson,,10240,193,189,4,,not_applicable
blocking-quota-block-1,blocking-quota,1,32.0,quota-eligible,0,poisson,,10240,197,193,4,,not_applicable
blocking-quota-block-1,blocking-quota,1,33.0,quota-eligible,0,poisson,,10240,202,196,6,,not_applicable
blocking-quota-block-1,blocking-quota,1,34.0,quota-eligible,0,poisson,,10240,208,199,9,,not_applicable
blocking-quota-block-1,blocking-quota,1,35.0,quota-eligible,0,poisson,,10240,210,206,4,,not_applicable
blocking-quota-block-1,blocking-quota,1,36.0,quota-eligible,0,poisson,,10240,214,209,5,,not_applicable
blocking-quota-block-1,blocking-quota,1,37.0,quota-eligible,0,poisson,,10240,217,211,6,,not_applicable
blocking-quota-block-1,blocking-quota,1,38.0,quota-eligible,0,poisson,,10240,221,216,5,,not_applicable
blocking-quota-block-1,blocking-quota,1,39.0,quota-eligible,0,poisson,,10240,228,219,9,,not_applicable
blocking-quota-block-1,blocking-quota,1,40.0,quota-eligible,0,poisson,,10240,238,227,11,,not_applicable
blocking-quota-block-1,blocking-quota,1,41.0,quota-eligible,0,poisson,,10240,244,238,6,,not_applicable
blocking-quota-block-1,blocking-quota,1,42.0,quota-eligible,0,poisson,,10240,250,245,5,,not_applicable
blocking-quota-block-1,blocking-quota,1,43.0,quota-eligible,0,poisson,,10240,258,251,7,,not_applicable
blocking-quota-block-1,blocking-quota,1,44.0,quota-eligible,0,poisson,,10240,264,258,6,,not_applicable
blocking-quota-block-1,blocking-quota,1,45.0,quota-eligible,0,poisson,,10240,268,265,3,,not_applicable
blocking-quota-block-1,blocking-quota,1,46.0,quota-eligible,0,poisson,,10240,273,266,7,,not_applicable
blocking-quota-block-1,blocking-quota,1,47.0,quota-eligible,0,poisson,,10240,280,271,9,,not_applicable
blocking-quota-block-1,blocking-quota,1,48.0,quota-eligible,0,poisson,,10240,283,278,5,,not_applicable
blocking-quota-block-1,blocking-quota,1,49.0,quota-eligible,0,poisson,,10240,288,282,6,,not_applicable
blocking-quota-block-1,blocking-quota,1,50.0,quota-eligible,0,poisson,,10240,294,284,10,,not_applicable
blocking-quota-block-1,blocking-quota,1,51.0,quota-eligible,0,poisson,,10240,302,295,7,,not_applicable
blocking-quota-block-1,blocking-quota,1,52.0,quota-eligible,0,poisson,,10240,308,302,6,,not_applicable
blocking-quota-block-1,blocking-quota,1,53.0,quota-eligible,0,poisson,,10240,315,308,7,,not_applicable
blocking-quota-block-1,blocking-quota,1,54.0,quota-eligible,0,poisson,,10240,320,314,6,,not_applicable
blocking-quota-block-1,blocking-quota,1,55.0,quota-eligible,0,poisson,,10240,332,325,7,,not_applicable
blocking-quota-block-1,blocking-quota,1,56.0,quota-eligible,0,poisson,,10240,337,332,5,,not_applicable
blocking-quota-block-1,blocking-quota,1,57.0,quota-eligible,0,poisson,,10240,343,337,6,,not_applicable
blocking-quota-block-1,blocking-quota,1,58.0,quota-eligible,0,poisson,,10240,351,346,5,,not_applicable
blocking-quota-block-1,blocking-quota,1,59.0,quota-eligible,0,poisson,,10240,361,355,6,,not_applicable
blocking-quota-block-1,blocking-quota,1,60.0,quota-eligible,0,poisson,,10240,365,360,5,,not_applicable
blocking-quota-block-1,blocking-quota,1,61.0,quota-eligible,0,poisson,,10240,369,365,4,,not_applicable
blocking-quota-block-1,blocking-quota,1,62.0,quota-eligible,0,poisson,,10240,374,369,5,,not_applicable
blocking-quota-block-1,blocking-quota,1,63.0,quota-eligible,0,poisson,,10240,379,373,6,,not_applicable
blocking-quota-block-1,blocking-quota,1,64.0,quota-eligible,0,poisson,,10240,382,377,5,,not_applicable
blocking-quota-block-1,blocking-quota,1,65.0,quota-eligible,0,poisson,,10240,387,382,5,,not_applicable
blocking-quota-block-1,blocking-quota,1,66.0,quota-eligible,0,poisson,,10240,394,385,9,,not_applicable
blocking-quota-block-1,blocking-quota,1,67.0,quota-eligible,0,poisson,,10240,400,393,7,,not_applicable
blocking-quota-block-1,blocking-quota,1,68.0,quota-eligible,0,poisson,,10240,401,399,2,,not_applicable
blocking-quota-block-1,blocking-quota,1,69.0,quota-eligible,0,poisson,,10240,404,400,4,,not_applicable
blocking-quota-block-1,blocking-quota,1,70.0,quota-eligible,0,poisson,,10240,412,402,10,,not_applicable
blocking-quota-block-1,blocking-quota,1,71.0,quota-eligible,0,poisson,,10240,415,409,6,,not_applicable
blocking-quota-block-1,blocking-quota,1,72.0,quota-eligible,0,poisson,,10240,417,415,2,,not_applicable
blocking-quota-block-1,blocking-quota,1,73.0,quota-eligible,0,poisson,,10240,427,417,10,,not_applicable
blocking-quota-block-1,blocking-quota,1,74.0,quota-eligible,0,poisson,,10240,430,427,3,,not_applicable
blocking-quota-block-1,blocking-quota,1,75.0,quota-eligible,0,poisson,,10240,434,429,5,,not_applicable
blocking-quota-block-1,blocking-quota,1,76.0,quota-eligible,0,poisson,,10240,442,433,9,,not_applicable
blocking-quota-block-1,blocking-quota,1,77.0,quota-eligible,0,poisson,,10240,448,439,9,,not_applicable
blocking-quota-block-1,blocking-quota,1,78.0,quota-eligible,0,poisson,,10240,459,448,11,,not_applicable
blocking-quota-block-1,blocking-quota,1,79.0,quota-eligible,0,poisson,,10240,464,458,6,,not_applicable
blocking-quota-block-1,blocking-quota,1,80.0,quota-eligible,0,poisson,,10240,470,464,6,,not_applicable
blocking-quota-block-1,blocking-quota,1,81.0,quota-eligible,0,poisson,,10240,475,469,6,,not_applicable
blocking-quota-block-1,blocking-quota,1,82.0,quota-eligible,0,poisson,,10240,482,474,8,,not_applicable
blocking-quota-block-1,blocking-quota,1,83.0,quota-eligible,0,poisson,,10240,492,485,7,,not_applicable
blocking-quota-block-1,blocking-quota,1,84.0,quota-eligible,0,poisson,,10240,503,496,7,,not_applicable
blocking-quota-block-1,blocking-quota,1,85.0,quota-eligible,0,poisson,,10240,506,503,3,,not_applicable
blocking-quota-block-1,blocking-quota,1,86.0,quota-eligible,0,poisson,,10240,513,506,7,,not_applicable
blocking-quota-block-1,blocking-quota,1,87.0,quota-eligible,0,poisson,,10240,515,509,6,,not_applicable
blocking-quota-block-1,blocking-quota,1,88.0,quota-eligible,0,poisson,,10240,524,516,8,,not_applicable
blocking-quota-block-1,blocking-quota,1,89.0,quota-eligible,0,poisson,,10240,530,522,8,,not_applicable
blocking-quota-block-1,blocking-quota,1,90.0,quota-eligible,0,poisson,,10240,537,532,5,,not_applicable
blocking-quota-block-1,blocking-quota,1,91.0,quota-eligible,0,poisson,,10240,546,539,7,,not_applicable
blocking-quota-block-1,blocking-quota,1,92.0,quota-eligible,0,poisson,,10240,554,548,6,,not_applicable
blocking-quota-block-1,blocking-quota,1,93.0,quota-eligible,0,poisson,,10240,560,554,6,,not_applicable
blocking-quota-block-1,blocking-quota,1,94.0,quota-eligible,0,poisson,,10240,562,559,3,,not_applicable
blocking-quota-block-1,blocking-quota,1,95.0,quota-eligible,0,poisson,,10240,565,561,4,,not_applicable
blocking-quota-block-1,blocking-quota,1,96.0,quota-eligible,0,poisson,,10240,571,565,6,,not_applicable
blocking-quota-block-1,blocking-quota,1,97.0,quota-eligible,0,poisson,,10240,575,571,4,,not_applicable
blocking-quota-block-1,blocking-quota,1,98.0,quota-eligible,0,poisson,,10240,575,574,1,,not_applicable
blocking-quota-block-1,blocking-quota,1,99.0,quota-eligible,0,poisson,,10240,581,575,6,,not_applicable
blocking-quota-block-1,blocking-quota,1,100.0,quota-eligible,0,poisson,,10240,585,578,7,,not_applicable
blocking-quota-block-1,blocking-quota,1,101.0,quota-eligible,0,poisson,,10240,591,584,7,,not_applicable
blocking-quota-block-1,blocking-quota,1,102.0,quota-eligible,0,poisson,,10240,594,591,3,,not_applicable
blocking-quota-block-1,blocking-quota,1,103.0,quota-eligible,0,poisson,,10240,604,594,10,,not_applicable
blocking-quota-block-1,blocking-quota,1,104.0,quota-eligible,0,poisson,,10240,606,600,6,,not_applicable
blocking-quota-block-1,blocking-quota,1,105.0,quota-eligible,0,poisson,,10240,612,606,6,,not_applicable
blocking-quota-block-1,blocking-quota,1,106.0,quota-eligible,0,poisson,,10240,618,610,8,,not_applicable
blocking-quota-block-1,blocking-quota,1,107.0,quota-eligible,0,poisson,,10240,626,618,8,,not_applicable
blocking-quota-block-1,blocking-quota,1,108.0,quota-eligible,0,poisson,,10240,631,624,7,,not_applicable
blocking-quota-block-1,blocking-quota,1,109.0,quota-eligible,0,poisson,,10240,639,633,6,,not_applicable
blocking-quota-block-1,blocking-quota,1,110.0,quota-eligible,0,poisson,,10240,649,644,5,,not_applicable
blocking-quota-block-1,blocking-quota,1,111.0,quota-eligible,0,poisson,,10240,653,648,5,,not_applicable
blocking-quota-block-1,blocking-quota,1,112.0,quota-eligible,0,poisson,,10240,658,652,6,,not_applicable
blocking-quota-block-1,blocking-quota,1,113.0,quota-eligible,0,poisson,,10240,666,657,9,,not_applicable
blocking-quota-block-1,blocking-quota,1,114.0,quota-eligible,0,poisson,,10240,668,664,4,,not_applicable
blocking-quota-block-1,blocking-quota,1,115.0,quota-eligible,0,poisson,,10240,674,667,7,,not_applicable
blocking-quota-block-1,blocking-quota,1,116.0,quota-eligible,0,poisson,,10240,680,672,8,,not_applicable
blocking-quota-block-1,blocking-quota,1,117.0,quota-eligible,0,poisson,,10240,684,678,6,,not_applicable
blocking-quota-block-1,blocking-quota,1,118.0,quota-eligible,0,poisson,,10240,687,684,3,,not_applicable
blocking-quota-block-1,blocking-quota,1,119.0,quota-eligible,0,poisson,,10240,696,687,9,,not_applicable
blocking-quota-block-1,blocking-quota,1,120.0,quota-eligible,0,poisson,,10240,696,692,4,,not_applicable
blocking-quota-block-1,blocking-quota,1,121.0,quota-eligible,0,poisson,,10240,700,696,4,,not_applicable
blocking-quota-block-1,blocking-quota,1,122.0,quota-eligible,0,poisson,,10240,710,700,10,,not_applicable
blocking-quota-block-1,blocking-quota,1,123.0,quota-eligible,0,poisson,,10240,715,707,8,,not_applicable
blocking-quota-block-1,blocking-quota,1,124.0,quota-eligible,0,poisson,,10240,719,713,6,,not_applicable
blocking-quota-block-1,blocking-quota,1,125.0,quota-eligible,0,poisson,,10240,721,718,3,,not_applicable
blocking-quota-block-1,blocking-quota,1,126.0,quota-eligible,0,poisson,,10240,725,721,4,,not_applicable
blocking-quota-block-1,blocking-quota,1,127.0,quota-eligible,0,poisson,,10240,727,724,3,,not_applicable
blocking-quota-block-1,blocking-quota,1,128.0,quota-eligible,0,poisson,,10240,735,727,8,,not_applicable
blocking-quota-block-1,blocking-quota,1,129.0,quota-eligible,0,poisson,,10240,745,731,14,,not_applicable
blocking-quota-block-1,blocking-quota,1,130.0,quota-eligible,0,poisson,,10240,749,740,9,,not_applicable
blocking-quota-block-1,blocking-quota,1,131.0,quota-eligible,0,poisson,,10240,757,751,6,,not_applicable
blocking-quota-block-1,blocking-quota,1,132.0,quota-eligible,0,poisson,,10240,767,761,6,,not_applicable
blocking-quota-block-1,blocking-quota,1,133.0,quota-eligible,0,poisson,,10240,770,766,4,,not_applicable
blocking-quota-block-1,blocking-quota,1,134.0,quota-eligible,0,poisson,,10240,779,772,7,,not_applicable
blocking-quota-block-1,blocking-quota,1,135.0,quota-eligible,0,poisson,,10240,783,778,5,,not_applicable
blocking-quota-block-1,blocking-quota,1,136.0,quota-eligible,0,poisson,,10240,790,782,8,,not_applicable
blocking-quota-block-1,blocking-quota,1,137.0,quota-eligible,0,poisson,,10240,796,789,7,,not_applicable
blocking-quota-block-1,blocking-quota,1,138.0,quota-eligible,0,poisson,,10240,799,795,4,,not_applicable
blocking-quota-block-1,blocking-quota,1,139.0,quota-eligible,0,poisson,,10240,802,799,3,,not_applicable
blocking-quota-block-1,blocking-quota,1,140.0,quota-eligible,0,poisson,,10240,808,802,6,,not_applicable
blocking-quota-block-1,blocking-quota,1,141.0,quota-eligible,0,poisson,,10240,813,807,6,,not_applicable
blocking-quota-block-1,blocking-quota,1,142.0,quota-eligible,0,poisson,,10240,819,811,8,,not_applicable
blocking-quota-block-1,blocking-quota,1,143.0,quota-eligible,0,poisson,,10240,825,815,10,,not_applicable
blocking-quota-block-1,blocking-quota,1,144.0,quota-eligible,0,poisson,,10240,829,822,7,,not_applicable
blocking-quota-block-1,blocking-quota,1,145.0,quota-eligible,0,poisson,,10240,837,830,7,,not_applicable
blocking-quota-block-1,blocking-quota,1,146.0,quota-eligible,0,poisson,,10240,846,839,7,,not_applicable
blocking-quota-block-1,blocking-quota,1,147.0,quota-eligible,0,poisson,,10240,855,849,6,,not_applicable
blocking-quota-block-1,blocking-quota,1,148.0,quota-eligible,0,poisson,,10240,858,854,4,,not_applicable
blocking-quota-block-1,blocking-quota,1,149.0,quota-eligible,0,poisson,,10240,863,856,7,,not_applicable
blocking-quota-block-1,blocking-quota,1,150.0,quota-eligible,0,poisson,,10240,866,862,4,,not_applicable
blocking-quota-block-1,blocking-quota,1,151.0,quota-eligible,0,poisson,,10240,874,864,10,,not_applicable
blocking-quota-block-1,blocking-quota,1,152.0,quota-eligible,0,poisson,,10240,879,871,8,,not_applicable
blocking-quota-block-1,blocking-quota,1,153.0,quota-eligible,0,poisson,,10240,885,876,9,,not_applicable
blocking-quota-block-1,blocking-quota,1,154.0,quota-eligible,0,poisson,,10240,896,891,5,,not_applicable
blocking-quota-block-1,blocking-quota,1,155.0,quota-eligible,0,poisson,,10240,900,895,5,,not_applicable
blocking-quota-block-1,blocking-quota,1,156.0,quota-eligible,0,poisson,,10240,907,900,7,,not_applicable
blocking-quota-block-1,blocking-quota,1,157.0,quota-eligible,0,poisson,,10240,914,906,8,,not_applicable
blocking-quota-block-1,blocking-quota,1,158.0,quota-eligible,0,poisson,,10240,925,919,6,,not_applicable
blocking-quota-block-1,blocking-quota,1,159.0,quota-eligible,0,poisson,,10240,933,927,6,,not_applicable
blocking-quota-block-1,blocking-quota,1,160.0,quota-eligible,0,poisson,,10240,938,934,4,,not_applicable
blocking-quota-block-1,blocking-quota,1,161.0,quota-eligible,0,poisson,,10240,944,938,6,,not_applicable
blocking-quota-block-1,blocking-quota,1,162.0,quota-eligible,0,poisson,,10240,952,944,8,,not_applicable
blocking-quota-block-1,blocking-quota,1,163.0,quota-eligible,0,poisson,,10240,955,951,4,,not_applicable
blocking-quota-block-1,blocking-quota,1,164.0,quota-eligible,0,poisson,,10240,963,955,8,,not_applicable
blocking-quota-block-1,blocking-quota,1,165.0,quota-eligible,0,poisson,,10240,971,964,7,,not_applicable
blocking-quota-block-1,blocking-quota,1,166.0,quota-eligible,0,poisson,,10240,978,973,5,,not_applicable
blocking-quota-block-1,blocking-quota,1,167.0,quota-eligible,0,poisson,,10240,983,977,6,,not_applicable
blocking-quota-block-1,blocking-quota,1,168.0,quota-eligible,0,poisson,,10240,988,984,4,,not_applicable
blocking-quota-block-1,blocking-quota,1,169.0,quota-eligible,0,poisson,,10240,994,987,7,,not_applicable
blocking-quota-block-1,blocking-quota,1,170.0,quota-eligible,0,poisson,,10240,1000,993,7,,not_applicable
blocking-quota-block-1,blocking-quota,1,171.0,quota-eligible,0,poisson,,10240,1004,1000,4,,not_applicable
blocking-quota-block-1,blocking-quota,1,172.0,quota-eligible,0,poisson,,10240,1011,1003,8,,not_applicable
blocking-quota-block-1,blocking-quota,1,173.0,quota-eligible,0,poisson,,10240,1013,1010,3,,not_applicable
blocking-quota-block-1,blocking-quota,1,174.0,quota-eligible,0,poisson,,10240,1019,1013,6,,not_applicable
blocking-quota-block-1,blocking-quota,1,175.0,quota-eligible,0,poisson,,10240,1028,1020,8,,not_applicable
blocking-quota-block-1,blocking-quota,1,176.0,quota-eligible,0,poisson,,10240,1033,1027,6,,not_applicable
blocking-quota-block-1,blocking-quota,1,177.0,quota-eligible,0,poisson,,10240,1035,1031,4,,not_applicable
blocking-quota-block-1,blocking-quota,1,178.0,quota-eligible,0,poisson,,10240,1039,1035,4,,not_applicable
blocking-quota-block-1,blocking-quota,1,179.0,quota-eligible,0,poisson,,10240,1042,1038,4,,not_applicable
blocking-quota-block-1,blocking-quota,1,180.0,quota-eligible,0,poisson,,10240,1048,1042,6,,not_applicable
blocking-quota-block-1,blocking-quota,1,181.0,quota-eligible,0,poisson,,10240,1053,1047,6,,not_applicable
blocking-quota-block-1,blocking-quota,1,182.0,quota-eligible,0,poisson,,10240,1062,1051,11,,not_applicable
blocking-quota-block-1,blocking-quota,1,183.0,quota-eligible,0,poisson,,10240,1067,1059,8,,not_applicable
blocking-quota-block-1,blocking-quota,1,184.0,quota-eligible,0,poisson,,10240,1073,1065,8,,not_applicable
blocking-quota-block-1,blocking-quota,1,185.0,quota-eligible,0,poisson,,10240,1079,1071,8,,not_applicable
blocking-quota-block-1,blocking-quota,1,186.0,quota-eligible,0,poisson,,10240,1081,1078,3,,not_applicable
blocking-quota-block-1,blocking-quota,1,187.0,quota-eligible,0,poisson,,10240,1086,1079,7,,not_applicable
blocking-quota-block-1,blocking-quota,1,188.0,quota-eligible,0,poisson,,10240,1090,1085,5,,not_applicable
blocking-quota-block-1,blocking-quota,1,189.0,quota-eligible,0,poisson,,10240,1095,1090,5,,not_applicable
blocking-quota-block-1,blocking-quota,1,190.0,quota-eligible,0,poisson,,10240,1101,1093,8,,not_applicable
blocking-quota-block-1,blocking-quota,1,191.0,quota-eligible,0,poisson,,10240,1108,1100,8,,not_applicable
blocking-quota-block-1,blocking-quota,1,192.0,quota-eligible,0,poisson,,10240,1114,1107,7,,not_applicable
blocking-quota-block-1,blocking-quota,1,193.0,quota-eligible,0,poisson,,10240,1122,1115,7,,not_applicable
blocking-quota-block-1,blocking-quota,1,194.0,quota-eligible,0,poisson,,10240,1133,1127,6,,not_applicable
blocking-quota-block-1,blocking-quota,1,195.0,quota-eligible,0,poisson,,10240,1141,1133,8,,not_applicable
blocking-quota-block-1,blocking-quota,1,196.0,quota-eligible,0,poisson,,10240,1148,1142,6,,not_applicable
blocking-quota-block-1,blocking-quota,1,197.0,quota-eligible,0,poisson,,10240,1154,1145,9,,not_applicable
blocking-quota-block-1,blocking-quota,1,198.0,quota-eligible,0,poisson,,10240,1158,1152,6,,not_applicable
blocking-quota-block-1,blocking-quota,1,199.0,quota-eligible,0,poisson,,10240,1169,1161,8,,not_applicable
blocking-quota-block-1,blocking-quota,1,200.0,quota-eligible,0,poisson,,10240,1175,1171,4,,not_applicable
blocking-quota-block-1,blocking-quota,1,201.0,quota-eligible,0,poisson,,10240,1182,1176,6,,not_applicable
blocking-quota-block-1,blocking-quota,1,202.0,quota-eligible,0,poisson,,10240,1187,1183,4,,not_applicable
blocking-quota-block-1,blocking-quota,1,203.0,quota-eligible,0,poisson,,10240,1196,1190,6,,not_applicable
blocking-quota-block-1,blocking-quota,1,204.0,quota-eligible,0,poisson,,10240,1200,1195,5,,not_applicable
blocking-quota-block-1,blocking-quota,1,205.0,quota-eligible,0,poisson,,10240,1207,1201,6,,not_applicable
blocking-quota-block-1,blocking-quota,1,206.0,quota-eligible,0,poisson,,10240,1211,1206,5,,not_applicable
blocking-quota-block-1,blocking-quota,1,207.0,quota-eligible,0,poisson,,10240,1218,1209,9,,not_applicable
blocking-quota-block-1,blocking-quota,1,208.0,quota-eligible,0,poisson,,10240,1222,1215,7,,not_applicable
blocking-quota-block-1,blocking-quota,1,209.0,quota-eligible,0,poisson,,10240,1229,1223,6,,not_applicable
blocking-quota-block-1,blocking-quota,1,210.0,quota-eligible,0,poisson,,10240,1230,1229,1,,not_applicable
blocking-quota-block-1,blocking-quota,1,211.0,quota-eligible,0,poisson,,10240,1239,1230,9,,not_applicable
blocking-quota-block-1,blocking-quota,1,212.0,quota-eligible,0,poisson,,10240,1240,1238,2,,not_applicable
blocking-quota-block-1,blocking-quota,1,213.0,quota-eligible,0,poisson,,10240,1245,1240,5,,not_applicable
blocking-quota-block-1,blocking-quota,1,214.0,quota-eligible,0,poisson,,10240,1250,1244,6,,not_applicable
blocking-quota-block-1,blocking-quota,1,215.0,quota-eligible,0,poisson,,10240,1254,1248,6,,not_applicable
blocking-quota-block-1,blocking-quota,1,216.0,quota-eligible,0,poisson,,10240,1258,1252,6,,not_applicable
blocking-quota-block-1,blocking-quota,1,217.0,quota-eligible,0,poisson,,10240,1265,1258,7,,not_applicable
blocking-quota-block-1,blocking-quota,1,218.0,quota-eligible,0,poisson,,10240,1267,1264,3,,not_applicable
blocking-quota-block-1,blocking-quota,1,219.0,quota-eligible,0,poisson,,10240,1273,1267,6,,not_applicable
blocking-quota-block-1,blocking-quota,1,220.0,quota-eligible,0,poisson,,10240,1276,1271,5,,not_applicable
blocking-quota-block-1,blocking-quota,1,221.0,quota-eligible,0,poisson,,10240,1280,1275,5,,not_applicable
blocking-quota-block-1,blocking-quota,1,222.0,quota-eligible,0,poisson,,10240,1286,1280,6,,not_applicable
blocking-quota-block-1,blocking-quota,1,223.0,quota-eligible,0,poisson,,10240,1293,1285,8,,not_applicable
blocking-quota-block-1,blocking-quota,1,224.0,quota-eligible,0,poisson,,10240,1296,1291,5,,not_applicable
blocking-quota-block-1,blocking-quota,1,225.0,quota-eligible,0,poisson,,10240,1302,1296,6,,not_applicable
blocking-quota-block-1,blocking-quota,1,226.0,quota-eligible,0,poisson,,10240,1315,1303,12,,not_applicable
blocking-quota-block-1,blocking-quota,1,227.0,quota-eligible,0,poisson,,10240,1323,1318,5,,not_applicable
blocking-quota-block-1,blocking-quota,1,228.0,quota-eligible,0,poisson,,10240,1329,1324,5,,not_applicable
blocking-quota-block-1,blocking-quota,1,229.0,quota-eligible,0,poisson,,10240,1335,1329,6,,not_applicable
blocking-quota-block-1,blocking-quota,1,230.0,quota-eligible,0,poisson,,10240,1341,1334,7,,not_applicable
blocking-quota-block-1,blocking-quota,1,231.0,quota-eligible,0,poisson,,10240,1346,1342,4,,not_applicable
blocking-quota-block-1,blocking-quota,1,232.0,quota-eligible,0,poisson,,10240,1354,1345,9,,not_applicable
blocking-quota-block-1,blocking-quota,1,233.0,quota-eligible,0,poisson,,10240,1363,1357,6,,not_applicable
blocking-quota-block-1,blocking-quota,1,234.0,quota-eligible,0,poisson,,10240,1372,1366,6,,not_applicable
blocking-quota-block-1,blocking-quota,1,235.0,quota-eligible,0,poisson,,10240,1377,1373,4,,not_applicable
blocking-quota-block-1,blocking-quota,1,236.0,quota-eligible,0,poisson,,10240,1383,1377,6,,not_applicable
blocking-quota-block-1,blocking-quota,1,237.0,quota-eligible,0,poisson,,10240,1388,1382,6,,not_applicable
blocking-quota-block-1,blocking-quota,1,238.0,quota-eligible,0,poisson,,10240,1391,1387,4,,not_applicable
blocking-quota-block-1,blocking-quota,1,239.0,quota-eligible,0,poisson,,10240,1398,1390,8,,not_applicable
blocking-quota-block-1,blocking-quota,1,240.0,quota-eligible,0,poisson,,10240,1410,1400,10,,not_applicable
blocking-quota-block-1,blocking-quota,1,0.0,background,0,poisson,,10240,0,0,0,,not_applicable
blocking-quota-block-1,blocking-quota,1,1.0,background,0,poisson,,10240,6,0,6,,not_applicable
blocking-quota-block-1,blocking-quota,1,2.0,background,0,poisson,,10240,11,5,6,,not_applicable
blocking-quota-block-1,blocking-quota,1,3.0,background,0,poisson,,10240,16,9,7,,not_applicable
blocking-quota-block-1,blocking-quota,1,4.0,background,0,poisson,,10240,17,15,2,,not_applicable
blocking-quota-block-1,blocking-quota,1,5.0,background,0,poisson,,10240,23,17,6,,not_applicable
blocking-quota-block-1,blocking-quota,1,6.0,background,0,poisson,,10240,29,21,8,,not_applicable
blocking-quota-block-1,blocking-quota,1,7.0,background,0,poisson,,10240,39,26,13,,not_applicable
blocking-quota-block-1,blocking-quota,1,8.0,background,0,poisson,,10240,46,34,12,,not_applicable
blocking-quota-block-1,blocking-quota,1,9.0,background,0,poisson,,10240,51,45,6,,not_applicable
blocking-quota-block-1,blocking-quota,1,10.0,background,0,poisson,,10240,57,51,6,,not_applicable
blocking-quota-block-1,blocking-quota,1,11.0,background,0,poisson,,10240,67,57,10,,not_applicable
blocking-quota-block-1,blocking-quota,1,12.0,background,0,poisson,,10240,75,64,11,,not_applicable
blocking-quota-block-1,blocking-quota,1,13.0,background,0,poisson,,10240,81,74,7,,not_applicable
blocking-quota-block-1,blocking-quota,1,14.0,background,0,poisson,,10240,87,80,7,,not_applicable
blocking-quota-block-1,blocking-quota,1,15.0,background,0,poisson,,10240,98,86,12,,not_applicable
blocking-quota-block-1,blocking-quota,1,16.0,background,0,poisson,,10240,103,94,9,,not_applicable
blocking-quota-block-1,blocking-quota,1,17.0,background,0,poisson,,10240,112,102,10,,not_applicable
blocking-quota-block-1,blocking-quota,1,18.0,background,0,poisson,,10240,120,110,10,,not_applicable
blocking-quota-block-1,blocking-quota,1,19.0,background,0,poisson,,10240,131,119,12,,not_applicable
blocking-quota-block-1,blocking-quota,1,20.0,background,0,poisson,,10240,136,128,8,,not_applicable
blocking-quota-block-1,blocking-quota,1,21.0,background,0,poisson,,10240,142,135,7,,not_applicable
blocking-quota-block-1,blocking-quota,1,22.0,background,0,poisson,,10240,144,141,3,,not_applicable
blocking-quota-block-1,blocking-quota,1,23.0,background,0,poisson,,10240,149,143,6,,not_applicable
blocking-quota-block-1,blocking-quota,1,24.0,background,0,poisson,,10240,155,149,6,,not_applicable
blocking-quota-block-1,blocking-quota,1,25.0,background,0,poisson,,10240,161,153,8,,not_applicable
blocking-quota-block-1,blocking-quota,1,26.0,background,0,poisson,,10240,168,157,11,,not_applicable
blocking-quota-block-1,blocking-quota,1,27.0,background,0,poisson,,10240,173,166,7,,not_applicable
blocking-quota-block-1,blocking-quota,1,28.0,background,0,poisson,,10240,178,172,6,,not_applicable
blocking-quota-block-1,blocking-quota,1,29.0,background,0,poisson,,10240,186,175,11,,not_applicable
blocking-quota-block-1,blocking-quota,1,30.0,background,0,poisson,,10240,190,184,6,,not_applicable
blocking-quota-block-1,blocking-quota,1,31.0,background,0,poisson,,10240,193,189,4,,not_applicable
blocking-quota-block-1,blocking-quota,1,32.0,background,0,poisson,,10240,197,193,4,,not_applicable
blocking-quota-block-1,blocking-quota,1,33.0,background,0,poisson,,10240,202,196,6,,not_applicable
blocking-quota-block-1,blocking-quota,1,34.0,background,0,poisson,,10240,208,199,9,,not_applicable
blocking-quota-block-1,blocking-quota,1,35.0,background,0,poisson,,10240,210,206,4,,not_applicable
blocking-quota-block-1,blocking-quota,1,36.0,background,0,poisson,,10240,214,209,5,,not_applicable
blocking-quota-block-1,blocking-quota,1,37.0,background,0,poisson,,10240,217,211,6,,not_applicable
blocking-quota-block-1,blocking-quota,1,38.0,background,0,poisson,,10240,221,216,5,,not_applicable
blocking-quota-block-1,blocking-quota,1,39.0,background,0,poisson,,10240,228,219,9,,not_applicable
blocking-quota-block-1,blocking-quota,1,40.0,background,0,poisson,,10240,238,227,11,,not_applicable
blocking-quota-block-1,blocking-quota,1,41.0,background,0,poisson,,10240,244,236,8,,not_applicable
blocking-quota-block-1,blocking-quota,1,42.0,background,0,poisson,,10240,250,245,5,,not_applicable
blocking-quota-block-1,blocking-quota,1,43.0,background,0,poisson,,10240,258,250,8,,not_applicable
blocking-quota-block-1,blocking-quota,1,44.0,background,0,poisson,,10240,264,257,7,,not_applicable
blocking-quota-block-1,blocking-quota,1,45.0,background,0,poisson,,10240,268,264,4,,not_applicable
blocking-quota-block-1,blocking-quota,1,46.0,background,0,poisson,,10240,273,266,7,,not_applicable
blocking-quota-block-1,blocking-quota,1,47.0,background,0,poisson,,10240,280,272,8,,not_applicable
blocking-quota-block-1,blocking-quota,1,48.0,background,0,poisson,,10240,283,278,5,,not_applicable
blocking-quota-block-1,blocking-quota,1,49.0,background,0,poisson,,10240,288,282,6,,not_applicable
blocking-quota-block-1,blocking-quota,1,50.0,background,0,poisson,,10240,294,284,10,,not_applicable
blocking-quota-block-1,blocking-quota,1,51.0,background,0,poisson,,10240,302,293,9,,not_applicable
blocking-quota-block-1,blocking-quota,1,52.0,background,0,poisson,,10240,308,301,7,,not_applicable
blocking-quota-block-1,blocking-quota,1,53.0,background,0,poisson,,10240,315,306,9,,not_applicable
blocking-quota-block-1,blocking-quota,1,54.0,background,0,poisson,,10240,320,314,6,,not_applicable
blocking-quota-block-1,blocking-quota,1,55.0,background,0,poisson,,10240,332,319,13,,not_applicable
blocking-quota-block-1,blocking-quota,1,56.0,background,0,poisson,,10240,337,331,6,,not_applicable
blocking-quota-block-1,blocking-quota,1,57.0,background,0,poisson,,10240,343,336,7,,not_applicable
blocking-quota-block-1,blocking-quota,1,58.0,background,0,poisson,,10240,351,343,8,,not_applicable
blocking-quota-block-1,blocking-quota,1,59.0,background,0,poisson,,10240,361,351,10,,not_applicable
blocking-quota-block-1,blocking-quota,1,60.0,background,0,poisson,,10240,365,359,6,,not_applicable
blocking-quota-block-1,blocking-quota,1,61.0,background,0,poisson,,10240,369,364,5,,not_applicable
blocking-quota-block-1,blocking-quota,1,62.0,background,0,poisson,,10240,374,369,5,,not_applicable
blocking-quota-block-1,blocking-quota,1,63.0,background,0,poisson,,10240,379,373,6,,not_applicable
blocking-quota-block-1,blocking-quota,1,64.0,background,0,poisson,,10240,382,375,7,,not_applicable
blocking-quota-block-1,blocking-quota,1,65.0,background,0,poisson,,10240,387,381,6,,not_applicable
blocking-quota-block-1,blocking-quota,1,66.0,background,0,poisson,,10240,394,385,9,,not_applicable
blocking-quota-block-1,blocking-quota,1,67.0,background,0,poisson,,10240,400,393,7,,not_applicable
blocking-quota-block-1,blocking-quota,1,68.0,background,0,poisson,,10240,401,399,2,,not_applicable
blocking-quota-block-1,blocking-quota,1,69.0,background,0,poisson,,10240,404,400,4,,not_applicable
blocking-quota-block-1,blocking-quota,1,70.0,background,0,poisson,,10240,412,402,10,,not_applicable
blocking-quota-block-1,blocking-quota,1,71.0,background,0,poisson,,10240,415,409,6,,not_applicable
blocking-quota-block-1,blocking-quota,1,72.0,background,0,poisson,,10240,417,415,2,,not_applicable
blocking-quota-block-1,blocking-quota,1,73.0,background,0,poisson,,10240,427,417,10,,not_applicable
blocking-quota-block-1,blocking-quota,1,74.0,background,0,poisson,,10240,430,427,3,,not_applicable
blocking-quota-block-1,blocking-quota,1,75.0,background,0,poisson,,10240,434,429,5,,not_applicable
blocking-quota-block-1,blocking-quota,1,76.0,background,0,poisson,,10240,442,432,10,,not_applicable
blocking-quota-block-1,blocking-quota,1,77.0,background,0,poisson,,10240,448,439,9,,not_applicable
blocking-quota-block-1,blocking-quota,1,78.0,background,0,poisson,,10240,459,443,16,,not_applicable
blocking-quota-block-1,blocking-quota,1,79.0,background,0,poisson,,10240,464,454,10,,not_applicable
blocking-quota-block-1,blocking-quota,1,80.0,background,0,poisson,,10240,470,464,6,,not_applicable
blocking-quota-block-1,blocking-quota,1,81.0,background,0,poisson,,10240,475,468,7,,not_applicable
blocking-quota-block-1,blocking-quota,1,82.0,background,0,poisson,,10240,482,473,9,,not_applicable
blocking-quota-block-1,blocking-quota,1,83.0,background,0,poisson,,10240,492,479,13,,not_applicable
blocking-quota-block-1,blocking-quota,1,84.0,background,0,poisson,,10240,503,487,16,,not_applicable
blocking-quota-block-1,blocking-quota,1,85.0,background,0,poisson,,10240,506,502,4,,not_applicable
blocking-quota-block-1,blocking-quota,1,86.0,background,0,poisson,,10240,513,507,6,,not_applicable
blocking-quota-block-1,blocking-quota,1,87.0,background,0,poisson,,10240,515,510,5,,not_applicable
blocking-quota-block-1,blocking-quota,1,88.0,background,0,poisson,,10240,524,516,8,,not_applicable
blocking-quota-block-1,blocking-quota,1,89.0,background,0,poisson,,10240,530,522,8,,not_applicable
blocking-quota-block-1,blocking-quota,1,90.0,background,0,poisson,,10240,537,528,9,,not_applicable
blocking-quota-block-1,blocking-quota,1,91.0,background,0,poisson,,10240,546,534,12,,not_applicable
blocking-quota-block-1,blocking-quota,1,92.0,background,0,poisson,,10240,554,541,13,,not_applicable
blocking-quota-block-1,blocking-quota,1,93.0,background,0,poisson,,10240,560,553,7,,not_applicable
blocking-quota-block-1,blocking-quota,1,94.0,background,0,poisson,,10240,562,559,3,,not_applicable
blocking-quota-block-1,blocking-quota,1,95.0,background,0,poisson,,10240,565,562,3,,not_applicable
blocking-quota-block-1,blocking-quota,1,96.0,background,0,poisson,,10240,571,565,6,,not_applicable
blocking-quota-block-1,blocking-quota,1,97.0,background,0,poisson,,10240,575,571,4,,not_applicable
blocking-quota-block-1,blocking-quota,1,98.0,background,0,poisson,,10240,575,574,1,,not_applicable
blocking-quota-block-1,blocking-quota,1,99.0,background,0,poisson,,10240,581,575,6,,not_applicable
blocking-quota-block-1,blocking-quota,1,100.0,background,0,poisson,,10240,585,578,7,,not_applicable
blocking-quota-block-1,blocking-quota,1,101.0,background,0,poisson,,10240,591,584,7,,not_applicable
blocking-quota-block-1,blocking-quota,1,102.0,background,0,poisson,,10240,594,590,4,,not_applicable
blocking-quota-block-1,blocking-quota,1,103.0,background,0,poisson,,10240,604,594,10,,not_applicable
blocking-quota-block-1,blocking-quota,1,104.0,background,0,poisson,,10240,606,598,8,,not_applicable
blocking-quota-block-1,blocking-quota,1,105.0,background,0,poisson,,10240,611,606,5,,not_applicable
blocking-quota-block-1,blocking-quota,1,106.0,background,0,poisson,,10240,618,610,8,,not_applicable
blocking-quota-block-1,blocking-quota,1,107.0,background,0,poisson,,10240,626,618,8,,not_applicable
blocking-quota-block-1,blocking-quota,1,108.0,background,0,poisson,,10240,631,625,6,,not_applicable
blocking-quota-block-1,blocking-quota,1,109.0,background,0,poisson,,10240,639,631,8,,not_applicable
blocking-quota-block-1,blocking-quota,1,110.0,background,0,poisson,,10240,649,638,11,,not_applicable
blocking-quota-block-1,blocking-quota,1,111.0,background,0,poisson,,10240,653,646,7,,not_applicable
blocking-quota-block-1,blocking-quota,1,112.0,background,0,poisson,,10240,658,652,6,,not_applicable
blocking-quota-block-1,blocking-quota,1,113.0,background,0,poisson,,10240,666,656,10,,not_applicable
blocking-quota-block-1,blocking-quota,1,114.0,background,0,poisson,,10240,668,663,5,,not_applicable
blocking-quota-block-1,blocking-quota,1,115.0,background,0,poisson,,10240,674,667,7,,not_applicable
blocking-quota-block-1,blocking-quota,1,116.0,background,0,poisson,,10240,680,672,8,,not_applicable
blocking-quota-block-1,blocking-quota,1,117.0,background,0,poisson,,10240,684,677,7,,not_applicable
blocking-quota-block-1,blocking-quota,1,118.0,background,0,poisson,,10240,687,684,3,,not_applicable
blocking-quota-block-1,blocking-quota,1,119.0,background,0,poisson,,10240,696,687,9,,not_applicable
blocking-quota-block-1,blocking-quota,1,120.0,background,0,poisson,,10240,696,692,4,,not_applicable
blocking-quota-block-1,blocking-quota,1,121.0,background,0,poisson,,10240,700,696,4,,not_applicable
blocking-quota-block-1,blocking-quota,1,122.0,background,0,poisson,,10240,710,700,10,,not_applicable
blocking-quota-block-1,blocking-quota,1,123.0,background,0,poisson,,10240,715,707,8,,not_applicable
blocking-quota-block-1,blocking-quota,1,124.0,background,0,poisson,,10240,719,713,6,,not_applicable
blocking-quota-block-1,blocking-quota,1,125.0,background,0,poisson,,10240,721,717,4,,not_applicable
blocking-quota-block-1,blocking-quota,1,126.0,background,0,poisson,,10240,725,721,4,,not_applicable
blocking-quota-block-1,blocking-quota,1,127.0,background,0,poisson,,10240,727,724,3,,not_applicable
blocking-quota-block-1,blocking-quota,1,128.0,background,0,poisson,,10240,735,727,8,,not_applicable
blocking-quota-block-1,blocking-quota,1,129.0,background,0,poisson,,10240,745,732,13,,not_applicable
blocking-quota-block-1,blocking-quota,1,130.0,background,0,poisson,,10240,750,740,10,,not_applicable
blocking-quota-block-1,blocking-quota,1,131.0,background,0,poisson,,10240,757,749,8,,not_applicable
blocking-quota-block-1,blocking-quota,1,132.0,background,0,poisson,,10240,767,754,13,,not_applicable
blocking-quota-block-1,blocking-quota,1,133.0,background,0,poisson,,10240,770,766,4,,not_applicable
blocking-quota-block-1,blocking-quota,1,134.0,background,0,poisson,,10240,779,771,8,,not_applicable
blocking-quota-block-1,blocking-quota,1,135.0,background,0,poisson,,10240,783,778,5,,not_applicable
blocking-quota-block-1,blocking-quota,1,136.0,background,0,poisson,,10240,790,781,9,,not_applicable
blocking-quota-block-1,blocking-quota,1,137.0,background,0,poisson,,10240,796,788,8,,not_applicable
blocking-quota-block-1,blocking-quota,1,138.0,background,0,poisson,,10240,799,794,5,,not_applicable
blocking-quota-block-1,blocking-quota,1,139.0,background,0,poisson,,10240,802,799,3,,not_applicable
blocking-quota-block-1,blocking-quota,1,140.0,background,0,poisson,,10240,808,802,6,,not_applicable
blocking-quota-block-1,blocking-quota,1,141.0,background,0,poisson,,10240,813,807,6,,not_applicable
blocking-quota-block-1,blocking-quota,1,142.0,background,0,poisson,,10240,819,812,7,,not_applicable
blocking-quota-block-1,blocking-quota,1,143.0,background,0,poisson,,10240,825,815,10,,not_applicable
blocking-quota-block-1,blocking-quota,1,144.0,background,0,poisson,,10240,829,822,7,,not_applicable
blocking-quota-block-1,blocking-quota,1,145.0,background,0,poisson,,10240,837,828,9,,not_applicable
blocking-quota-block-1,blocking-quota,1,146.0,background,0,poisson,,10240,846,835,11,,not_applicable
blocking-quota-block-1,blocking-quota,1,147.0,background,0,poisson,,10240,855,846,9,,not_applicable
blocking-quota-block-1,blocking-quota,1,148.0,background,0,poisson,,10240,858,853,5,,not_applicable
blocking-quota-block-1,blocking-quota,1,149.0,background,0,poisson,,10240,863,856,7,,not_applicable
blocking-quota-block-1,blocking-quota,1,150.0,background,0,poisson,,10240,866,861,5,,not_applicable
blocking-quota-block-1,blocking-quota,1,151.0,background,0,poisson,,10240,874,864,10,,not_applicable
blocking-quota-block-1,blocking-quota,1,152.0,background,0,poisson,,10240,879,871,8,,not_applicable
blocking-quota-block-1,blocking-quota,1,153.0,background,0,poisson,,10240,885,876,9,,not_applicable
blocking-quota-block-1,blocking-quota,1,154.0,background,0,poisson,,10240,896,884,12,,not_applicable
blocking-quota-block-1,blocking-quota,1,155.0,background,0,poisson,,10240,900,896,4,,not_applicable
blocking-quota-block-1,blocking-quota,1,156.0,background,0,poisson,,10240,907,900,7,,not_applicable
blocking-quota-block-1,blocking-quota,1,157.0,background,0,poisson,,10240,914,905,9,,not_applicable
blocking-quota-block-1,blocking-quota,1,158.0,background,0,poisson,,10240,925,911,14,,not_applicable
blocking-quota-block-1,blocking-quota,1,159.0,background,0,poisson,,10240,933,920,13,,not_applicable
blocking-quota-block-1,blocking-quota,1,160.0,background,0,poisson,,10240,938,933,5,,not_applicable
blocking-quota-block-1,blocking-quota,1,161.0,background,0,poisson,,10240,944,938,6,,not_applicable
blocking-quota-block-1,blocking-quota,1,162.0,background,0,poisson,,10240,952,941,11,,not_applicable
blocking-quota-block-1,blocking-quota,1,163.0,background,0,poisson,,10240,955,949,6,,not_applicable
blocking-quota-block-1,blocking-quota,1,164.0,background,0,poisson,,10240,963,953,10,,not_applicable
blocking-quota-block-1,blocking-quota,1,165.0,background,0,poisson,,10240,971,960,11,,not_applicable
blocking-quota-block-1,blocking-quota,1,166.0,background,0,poisson,,10240,978,969,9,,not_applicable
blocking-quota-block-1,blocking-quota,1,167.0,background,0,poisson,,10240,983,977,6,,not_applicable
blocking-quota-block-1,blocking-quota,1,168.0,background,0,poisson,,10240,988,982,6,,not_applicable
blocking-quota-block-1,blocking-quota,1,169.0,background,0,poisson,,10240,994,987,7,,not_applicable
blocking-quota-block-1,blocking-quota,1,170.0,background,0,poisson,,10240,1000,993,7,,not_applicable
blocking-quota-block-1,blocking-quota,1,171.0,background,0,poisson,,10240,1004,999,5,,not_applicable
blocking-quota-block-1,blocking-quota,1,172.0,background,0,poisson,,10240,1011,1003,8,,not_applicable
blocking-quota-block-1,blocking-quota,1,173.0,background,0,poisson,,10240,1013,1010,3,,not_applicable
blocking-quota-block-1,blocking-quota,1,174.0,background,0,poisson,,10240,1019,1013,6,,not_applicable
blocking-quota-block-1,blocking-quota,1,175.0,background,0,poisson,,10240,1028,1018,10,,not_applicable
blocking-quota-block-1,blocking-quota,1,176.0,background,0,poisson,,10240,1033,1026,7,,not_applicable
blocking-quota-block-1,blocking-quota,1,177.0,background,0,poisson,,10240,1035,1031,4,,not_applicable
blocking-quota-block-1,blocking-quota,1,178.0,background,0,poisson,,10240,1039,1035,4,,not_applicable
blocking-quota-block-1,blocking-quota,1,179.0,background,0,poisson,,10240,1042,1038,4,,not_applicable
blocking-quota-block-1,blocking-quota,1,180.0,background,0,poisson,,10240,1048,1042,6,,not_applicable
blocking-quota-block-1,blocking-quota,1,181.0,background,0,poisson,,10240,1053,1047,6,,not_applicable
blocking-quota-block-1,blocking-quota,1,182.0,background,0,poisson,,10240,1062,1051,11,,not_applicable
blocking-quota-block-1,blocking-quota,1,183.0,background,0,poisson,,10240,1067,1058,9,,not_applicable
blocking-quota-block-1,blocking-quota,1,184.0,background,0,poisson,,10240,1073,1065,8,,not_applicable
blocking-quota-block-1,blocking-quota,1,185.0,background,0,poisson,,10240,1079,1071,8,,not_applicable
blocking-quota-block-1,blocking-quota,1,186.0,background,0,poisson,,10240,1081,1078,3,,not_applicable
blocking-quota-block-1,blocking-quota,1,187.0,background,0,poisson,,10240,1086,1079,7,,not_applicable
blocking-quota-block-1,blocking-quota,1,188.0,background,0,poisson,,10240,1090,1085,5,,not_applicable
blocking-quota-block-1,blocking-quota,1,189.0,background,0,poisson,,10240,1095,1091,4,,not_applicable
blocking-quota-block-1,blocking-quota,1,190.0,background,0,poisson,,10240,1101,1094,7,,not_applicable
blocking-quota-block-1,blocking-quota,1,191.0,background,0,poisson,,10240,1108,1102,6,,not_applicable
blocking-quota-block-1,blocking-quota,1,192.0,background,0,poisson,,10240,1114,1108,6,,not_applicable
blocking-quota-block-1,blocking-quota,1,193.0,background,0,poisson,,10240,1122,1113,9,,not_applicable
blocking-quota-block-1,blocking-quota,1,194.0,background,0,poisson,,10240,1133,1121,12,,not_applicable
blocking-quota-block-1,blocking-quota,1,195.0,background,0,poisson,,10240,1141,1130,11,,not_applicable
blocking-quota-block-1,blocking-quota,1,196.0,background,0,poisson,,10240,1149,1139,10,,not_applicable
blocking-quota-block-1,blocking-quota,1,197.0,background,0,poisson,,10240,1154,1144,10,,not_applicable
blocking-quota-block-1,blocking-quota,1,198.0,background,0,poisson,,10240,1158,1152,6,,not_applicable
blocking-quota-block-1,blocking-quota,1,199.0,background,0,poisson,,10240,1169,1156,13,,not_applicable
blocking-quota-block-1,blocking-quota,1,200.0,background,0,poisson,,10240,1175,1162,13,,not_applicable
blocking-quota-block-1,blocking-quota,1,201.0,background,0,poisson,,10240,1182,1175,7,,not_applicable
blocking-quota-block-1,blocking-quota,1,202.0,background,0,poisson,,10240,1187,1181,6,,not_applicable
blocking-quota-block-1,blocking-quota,1,203.0,background,0,poisson,,10240,1196,1187,9,,not_applicable
blocking-quota-block-1,blocking-quota,1,204.0,background,0,poisson,,10240,1200,1194,6,,not_applicable
blocking-quota-block-1,blocking-quota,1,205.0,background,0,poisson,,10240,1207,1199,8,,not_applicable
blocking-quota-block-1,blocking-quota,1,206.0,background,0,poisson,,10240,1210,1206,4,,not_applicable
blocking-quota-block-1,blocking-quota,1,207.0,background,0,poisson,,10240,1218,1210,8,,not_applicable
blocking-quota-block-1,blocking-quota,1,208.0,background,0,poisson,,10240,1222,1214,8,,not_applicable
blocking-quota-block-1,blocking-quota,1,209.0,background,0,poisson,,10240,1229,1223,6,,not_applicable
blocking-quota-block-1,blocking-quota,1,210.0,background,0,poisson,,10240,1230,1229,1,,not_applicable
blocking-quota-block-1,blocking-quota,1,211.0,background,0,poisson,,10240,1239,1232,7,,not_applicable
blocking-quota-block-1,blocking-quota,1,212.0,background,0,poisson,,10240,1240,1239,1,,not_applicable
blocking-quota-block-1,blocking-quota,1,213.0,background,0,poisson,,10240,1245,1241,4,,not_applicable
blocking-quota-block-1,blocking-quota,1,214.0,background,0,poisson,,10240,1250,1244,6,,not_applicable
blocking-quota-block-1,blocking-quota,1,215.0,background,0,poisson,,10240,1254,1248,6,,not_applicable
blocking-quota-block-1,blocking-quota,1,216.0,background,0,poisson,,10240,1258,1251,7,,not_applicable
blocking-quota-block-1,blocking-quota,1,217.0,background,0,poisson,,10240,1265,1258,7,,not_applicable
blocking-quota-block-1,blocking-quota,1,218.0,background,0,poisson,,10240,1267,1264,3,,not_applicable
blocking-quota-block-1,blocking-quota,1,219.0,background,0,poisson,,10240,1273,1267,6,,not_applicable
blocking-quota-block-1,blocking-quota,1,220.0,background,0,poisson,,10240,1276,1271,5,,not_applicable
blocking-quota-block-1,blocking-quota,1,221.0,background,0,poisson,,10240,1280,1276,4,,not_applicable
blocking-quota-block-1,blocking-quota,1,222.0,background,0,poisson,,10240,1286,1281,5,,not_applicable
blocking-quota-block-1,blocking-quota,1,223.0,background,0,poisson,,10240,1293,1285,8,,not_applicable
blocking-quota-block-1,blocking-quota,1,224.0,background,0,poisson,,10240,1296,1291,5,,not_applicable
blocking-quota-block-1,blocking-quota,1,225.0,background,0,poisson,,10240,1302,1296,6,,not_applicable
blocking-quota-block-1,blocking-quota,1,226.0,background,0,poisson,,10240,1315,1301,14,,not_applicable
blocking-quota-block-1,blocking-quota,1,227.0,background,0,poisson,,10240,1323,1312,11,,not_applicable
blocking-quota-block-1,blocking-quota,1,228.0,background,0,poisson,,10240,1329,1322,7,,not_applicable
blocking-quota-block-1,blocking-quota,1,229.0,background,0,poisson,,10240,1335,1327,8,,not_applicable
blocking-quota-block-1,blocking-quota,1,230.0,background,0,poisson,,10240,1341,1335,6,,not_applicable
blocking-quota-block-1,blocking-quota,1,231.0,background,0,poisson,,10240,1346,1338,8,,not_applicable
blocking-quota-block-1,blocking-quota,1,232.0,background,0,poisson,,10240,1354,1344,10,,not_applicable
blocking-quota-block-1,blocking-quota,1,233.0,background,0,poisson,,10240,1363,1352,11,,not_applicable
blocking-quota-block-1,blocking-quota,1,234.0,background,0,poisson,,10240,1372,1362,10,,not_applicable
blocking-quota-block-1,blocking-quota,1,235.0,background,0,poisson,,10240,1377,1371,6,,not_applicable
blocking-quota-block-1,blocking-quota,1,236.0,background,0,poisson,,10240,1383,1377,6,,not_applicable
blocking-quota-block-1,blocking-quota,1,237.0,background,0,poisson,,10240,1388,1382,6,,not_applicable
blocking-quota-block-1,blocking-quota,1,238.0,background,0,poisson,,10240,1391,1386,5,,not_applicable
blocking-quota-block-1,blocking-quota,1,239.0,background,0,poisson,,10240,1398,1390,8,,not_applicable
blocking-quota-block-1,blocking-quota,1,240.0,background,0,poisson,,10240,1410,1395,15,,not_applicable
classifying-quota-block-1,classifying-quota,1,0.0,quota-eligible,0,poisson,,10240,0,0,0,,not_applicable
classifying-quota-block-1,classifying-quota,1,1.0,quota-eligible,0,poisson,,10240,6,0,6,,not_applicable
classifying-quota-block-1,classifying-quota,1,2.0,quota-eligible,0,poisson,,10240,11,6,5,,not_applicable
classifying-quota-block-1,classifying-quota,1,3.0,quota-eligible,0,poisson,,10240,16,9,7,,not_applicable
classifying-quota-block-1,classifying-quota,1,4.0,quota-eligible,0,poisson,,10240,17,15,2,,not_applicable
classifying-quota-block-1,classifying-quota,1,5.0,quota-eligible,0,poisson,,10240,23,17,6,,not_applicable
classifying-quota-block-1,classifying-quota,1,6.0,quota-eligible,0,poisson,,10240,29,21,8,,not_applicable
classifying-quota-block-1,classifying-quota,1,7.0,quota-eligible,0,poisson,,10240,39,27,12,,not_applicable
classifying-quota-block-1,classifying-quota,1,8.0,quota-eligible,0,poisson,,10240,46,34,12,,not_applicable
classifying-quota-block-1,classifying-quota,1,9.0,quota-eligible,0,poisson,,10240,51,44,7,,not_applicable
classifying-quota-block-1,classifying-quota,1,10.0,quota-eligible,0,poisson,,10240,57,51,6,,not_applicable
classifying-quota-block-1,classifying-quota,1,11.0,quota-eligible,0,poisson,,10240,67,57,10,,not_applicable
classifying-quota-block-1,classifying-quota,1,12.0,quota-eligible,0,poisson,,10240,75,66,9,,not_applicable
classifying-quota-block-1,classifying-quota,1,13.0,quota-eligible,0,poisson,,10240,81,75,6,,not_applicable
classifying-quota-block-1,classifying-quota,1,14.0,quota-eligible,0,poisson,,10240,87,80,7,,not_applicable
classifying-quota-block-1,classifying-quota,1,15.0,quota-eligible,0,poisson,,10240,98,85,13,,not_applicable
classifying-quota-block-1,classifying-quota,1,16.0,quota-eligible,0,poisson,,10240,103,95,8,,not_applicable
classifying-quota-block-1,classifying-quota,1,17.0,quota-eligible,0,poisson,,10240,112,101,11,,not_applicable
classifying-quota-block-1,classifying-quota,1,18.0,quota-eligible,0,poisson,,10240,120,111,9,,not_applicable
classifying-quota-block-1,classifying-quota,1,19.0,quota-eligible,0,poisson,,10240,131,117,14,,not_applicable
classifying-quota-block-1,classifying-quota,1,20.0,quota-eligible,0,poisson,,10240,136,129,7,,not_applicable
classifying-quota-block-1,classifying-quota,1,21.0,quota-eligible,0,poisson,,10240,142,135,7,,not_applicable
classifying-quota-block-1,classifying-quota,1,22.0,quota-eligible,0,poisson,,10240,144,141,3,,not_applicable
classifying-quota-block-1,classifying-quota,1,23.0,quota-eligible,0,poisson,,10240,149,143,6,,not_applicable
classifying-quota-block-1,classifying-quota,1,24.0,quota-eligible,0,poisson,,10240,155,148,7,,not_applicable
classifying-quota-block-1,classifying-quota,1,25.0,quota-eligible,0,poisson,,10240,161,153,8,,not_applicable
classifying-quota-block-1,classifying-quota,1,26.0,quota-eligible,0,poisson,,10240,168,159,9,,not_applicable
classifying-quota-block-1,classifying-quota,1,27.0,quota-eligible,0,poisson,,10240,173,166,7,,not_applicable
classifying-quota-block-1,classifying-quota,1,28.0,quota-eligible,0,poisson,,10240,178,172,6,,not_applicable
classifying-quota-block-1,classifying-quota,1,29.0,quota-eligible,0,poisson,,10240,186,176,10,,not_applicable
classifying-quota-block-1,classifying-quota,1,30.0,quota-eligible,0,poisson,,10240,190,185,5,,not_applicable
classifying-quota-block-1,classifying-quota,1,31.0,quota-eligible,0,poisson,,10240,193,189,4,,not_applicable
classifying-quota-block-1,classifying-quota,1,32.0,quota-eligible,0,poisson,,10240,197,193,4,,not_applicable
classifying-quota-block-1,classifying-quota,1,33.0,quota-eligible,0,poisson,,10240,202,196,6,,not_applicable
classifying-quota-block-1,classifying-quota,1,34.0,quota-eligible,0,poisson,,10240,208,199,9,,not_applicable
classifying-quota-block-1,classifying-quota,1,35.0,quota-eligible,0,poisson,,10240,210,206,4,,not_applicable
classifying-quota-block-1,classifying-quota,1,36.0,quota-eligible,0,poisson,,10240,214,209,5,,not_applicable
classifying-quota-block-1,classifying-quota,1,37.0,quota-eligible,0,poisson,,10240,217,212,5,,not_applicable
classifying-quota-block-1,classifying-quota,1,38.0,quota-eligible,0,poisson,,10240,221,216,5,,not_applicable
classifying-quota-block-1,classifying-quota,1,39.0,quota-eligible,0,poisson,,10240,228,220,8,,not_applicable
classifying-quota-block-1,classifying-quota,1,40.0,quota-eligible,0,poisson,,10240,238,227,11,,not_applicable
classifying-quota-block-1,classifying-quota,1,41.0,quota-eligible,0,poisson,,10240,244,237,7,,not_applicable
classifying-quota-block-1,classifying-quota,1,42.0,quota-eligible,0,poisson,,10240,250,244,6,,not_applicable
classifying-quota-block-1,classifying-quota,1,43.0,quota-eligible,0,poisson,,10240,258,250,8,,not_applicable
classifying-quota-block-1,classifying-quota,1,44.0,quota-eligible,0,poisson,,10240,264,256,8,,not_applicable
classifying-quota-block-1,classifying-quota,1,45.0,quota-eligible,0,poisson,,10240,268,262,6,,not_applicable
classifying-quota-block-1,classifying-quota,1,46.0,quota-eligible,0,poisson,,10240,273,265,8,,not_applicable
classifying-quota-block-1,classifying-quota,1,47.0,quota-eligible,0,poisson,,10240,280,271,9,,not_applicable
classifying-quota-block-1,classifying-quota,1,48.0,quota-eligible,0,poisson,,10240,283,279,4,,not_applicable
classifying-quota-block-1,classifying-quota,1,49.0,quota-eligible,0,poisson,,10240,288,282,6,,not_applicable
classifying-quota-block-1,classifying-quota,1,50.0,quota-eligible,0,poisson,,10240,294,285,9,,not_applicable
classifying-quota-block-1,classifying-quota,1,51.0,quota-eligible,0,poisson,,10240,302,293,9,,not_applicable
classifying-quota-block-1,classifying-quota,1,52.0,quota-eligible,0,poisson,,10240,308,301,7,,not_applicable
classifying-quota-block-1,classifying-quota,1,53.0,quota-eligible,0,poisson,,10240,315,305,10,,not_applicable
classifying-quota-block-1,classifying-quota,1,54.0,quota-eligible,0,poisson,,10240,320,313,7,,not_applicable
classifying-quota-block-1,classifying-quota,1,55.0,quota-eligible,0,poisson,,10240,332,318,14,,not_applicable
classifying-quota-block-1,classifying-quota,1,56.0,quota-eligible,0,poisson,,10240,337,330,7,,not_applicable
classifying-quota-block-1,classifying-quota,1,57.0,quota-eligible,0,poisson,,10240,343,336,7,,not_applicable
classifying-quota-block-1,classifying-quota,1,58.0,quota-eligible,0,poisson,,10240,351,342,9,,not_applicable
classifying-quota-block-1,classifying-quota,1,59.0,quota-eligible,0,poisson,,10240,361,351,10,,not_applicable
classifying-quota-block-1,classifying-quota,1,60.0,quota-eligible,0,poisson,,10240,365,358,7,,not_applicable
classifying-quota-block-1,classifying-quota,1,61.0,quota-eligible,0,poisson,,10240,369,364,5,,not_applicable
classifying-quota-block-1,classifying-quota,1,62.0,quota-eligible,0,poisson,,10240,374,369,5,,not_applicable
classifying-quota-block-1,classifying-quota,1,63.0,quota-eligible,0,poisson,,10240,379,373,6,,not_applicable
classifying-quota-block-1,classifying-quota,1,64.0,quota-eligible,0,poisson,,10240,382,377,5,,not_applicable
classifying-quota-block-1,classifying-quota,1,65.0,quota-eligible,0,poisson,,10240,387,382,5,,not_applicable
classifying-quota-block-1,classifying-quota,1,66.0,quota-eligible,0,poisson,,10240,394,386,8,,not_applicable
classifying-quota-block-1,classifying-quota,1,67.0,quota-eligible,0,poisson,,10240,400,393,7,,not_applicable
classifying-quota-block-1,classifying-quota,1,68.0,quota-eligible,0,poisson,,10240,401,399,2,,not_applicable
classifying-quota-block-1,classifying-quota,1,69.0,quota-eligible,0,poisson,,10240,404,400,4,,not_applicable
classifying-quota-block-1,classifying-quota,1,70.0,quota-eligible,0,poisson,,10240,412,402,10,,not_applicable
classifying-quota-block-1,classifying-quota,1,71.0,quota-eligible,0,poisson,,10240,415,408,7,,not_applicable
classifying-quota-block-1,classifying-quota,1,72.0,quota-eligible,0,poisson,,10240,417,415,2,,not_applicable
classifying-quota-block-1,classifying-quota,1,73.0,quota-eligible,0,poisson,,10240,427,417,10,,not_applicable
classifying-quota-block-1,classifying-quota,1,74.0,quota-eligible,0,poisson,,10240,430,427,3,,not_applicable
classifying-quota-block-1,classifying-quota,1,75.0,quota-eligible,0,poisson,,10240,434,427,7,,not_applicable
classifying-quota-block-1,classifying-quota,1,76.0,quota-eligible,0,poisson,,10240,442,434,8,,not_applicable
classifying-quota-block-1,classifying-quota,1,77.0,quota-eligible,0,poisson,,10240,448,439,9,,not_applicable
classifying-quota-block-1,classifying-quota,1,78.0,quota-eligible,0,poisson,,10240,459,446,13,,not_applicable
classifying-quota-block-1,classifying-quota,1,79.0,quota-eligible,0,poisson,,10240,464,454,10,,not_applicable
classifying-quota-block-1,classifying-quota,1,80.0,quota-eligible,0,poisson,,10240,470,464,6,,not_applicable
classifying-quota-block-1,classifying-quota,1,81.0,quota-eligible,0,poisson,,10240,475,468,7,,not_applicable
classifying-quota-block-1,classifying-quota,1,82.0,quota-eligible,0,poisson,,10240,482,473,9,,not_applicable
classifying-quota-block-1,classifying-quota,1,83.0,quota-eligible,0,poisson,,10240,492,481,11,,not_applicable
classifying-quota-block-1,classifying-quota,1,84.0,quota-eligible,0,poisson,,10240,503,487,16,,not_applicable
classifying-quota-block-1,classifying-quota,1,85.0,quota-eligible,0,poisson,,10240,506,499,7,,not_applicable
classifying-quota-block-1,classifying-quota,1,86.0,quota-eligible,0,poisson,,10240,513,506,7,,not_applicable
classifying-quota-block-1,classifying-quota,1,87.0,quota-eligible,0,poisson,,10240,515,511,4,,not_applicable
classifying-quota-block-1,classifying-quota,1,88.0,quota-eligible,0,poisson,,10240,524,515,9,,not_applicable
classifying-quota-block-1,classifying-quota,1,89.0,quota-eligible,0,poisson,,10240,530,520,10,,not_applicable
classifying-quota-block-1,classifying-quota,1,90.0,quota-eligible,0,poisson,,10240,537,529,8,,not_applicable
classifying-quota-block-1,classifying-quota,1,91.0,quota-eligible,0,poisson,,10240,546,535,11,,not_applicable
classifying-quota-block-1,classifying-quota,1,92.0,quota-eligible,0,poisson,,10240,554,543,11,,not_applicable
classifying-quota-block-1,classifying-quota,1,93.0,quota-eligible,0,poisson,,10240,560,553,7,,not_applicable
classifying-quota-block-1,classifying-quota,1,94.0,quota-eligible,0,poisson,,10240,562,559,3,,not_applicable
classifying-quota-block-1,classifying-quota,1,95.0,quota-eligible,0,poisson,,10240,565,562,3,,not_applicable
classifying-quota-block-1,classifying-quota,1,96.0,quota-eligible,0,poisson,,10240,571,565,6,,not_applicable
classifying-quota-block-1,classifying-quota,1,97.0,quota-eligible,0,poisson,,10240,575,571,4,,not_applicable
classifying-quota-block-1,classifying-quota,1,98.0,quota-eligible,0,poisson,,10240,575,574,1,,not_applicable
classifying-quota-block-1,classifying-quota,1,99.0,quota-eligible,0,poisson,,10240,581,575,6,,not_applicable
classifying-quota-block-1,classifying-quota,1,100.0,quota-eligible,0,poisson,,10240,585,578,7,,not_applicable
classifying-quota-block-1,classifying-quota,1,101.0,quota-eligible,0,poisson,,10240,591,584,7,,not_applicable
classifying-quota-block-1,classifying-quota,1,102.0,quota-eligible,0,poisson,,10240,594,591,3,,not_applicable
classifying-quota-block-1,classifying-quota,1,103.0,quota-eligible,0,poisson,,10240,604,594,10,,not_applicable
classifying-quota-block-1,classifying-quota,1,104.0,quota-eligible,0,poisson,,10240,606,601,5,,not_applicable
classifying-quota-block-1,classifying-quota,1,105.0,quota-eligible,0,poisson,,10240,612,606,6,,not_applicable
classifying-quota-block-1,classifying-quota,1,106.0,quota-eligible,0,poisson,,10240,618,610,8,,not_applicable
classifying-quota-block-1,classifying-quota,1,107.0,quota-eligible,0,poisson,,10240,626,617,9,,not_applicable
classifying-quota-block-1,classifying-quota,1,108.0,quota-eligible,0,poisson,,10240,631,624,7,,not_applicable
classifying-quota-block-1,classifying-quota,1,109.0,quota-eligible,0,poisson,,10240,639,631,8,,not_applicable
classifying-quota-block-1,classifying-quota,1,110.0,quota-eligible,0,poisson,,10240,649,639,10,,not_applicable
classifying-quota-block-1,classifying-quota,1,111.0,quota-eligible,0,poisson,,10240,653,648,5,,not_applicable
classifying-quota-block-1,classifying-quota,1,112.0,quota-eligible,0,poisson,,10240,658,653,5,,not_applicable
classifying-quota-block-1,classifying-quota,1,113.0,quota-eligible,0,poisson,,10240,666,657,9,,not_applicable
classifying-quota-block-1,classifying-quota,1,114.0,quota-eligible,0,poisson,,10240,668,663,5,,not_applicable
classifying-quota-block-1,classifying-quota,1,115.0,quota-eligible,0,poisson,,10240,674,666,8,,not_applicable
classifying-quota-block-1,classifying-quota,1,116.0,quota-eligible,0,poisson,,10240,680,672,8,,not_applicable
classifying-quota-block-1,classifying-quota,1,117.0,quota-eligible,0,poisson,,10240,684,679,5,,not_applicable
classifying-quota-block-1,classifying-quota,1,118.0,quota-eligible,0,poisson,,10240,687,684,3,,not_applicable
classifying-quota-block-1,classifying-quota,1,119.0,quota-eligible,0,poisson,,10240,696,687,9,,not_applicable
classifying-quota-block-1,classifying-quota,1,120.0,quota-eligible,0,poisson,,10240,696,695,1,,not_applicable
classifying-quota-block-1,classifying-quota,1,121.0,quota-eligible,0,poisson,,10240,700,696,4,,not_applicable
classifying-quota-block-1,classifying-quota,1,122.0,quota-eligible,0,poisson,,10240,710,700,10,,not_applicable
classifying-quota-block-1,classifying-quota,1,123.0,quota-eligible,0,poisson,,10240,715,707,8,,not_applicable
classifying-quota-block-1,classifying-quota,1,124.0,quota-eligible,0,poisson,,10240,719,714,5,,not_applicable
classifying-quota-block-1,classifying-quota,1,125.0,quota-eligible,0,poisson,,10240,721,718,3,,not_applicable
classifying-quota-block-1,classifying-quota,1,126.0,quota-eligible,0,poisson,,10240,725,721,4,,not_applicable
classifying-quota-block-1,classifying-quota,1,127.0,quota-eligible,0,poisson,,10240,727,725,2,,not_applicable
classifying-quota-block-1,classifying-quota,1,128.0,quota-eligible,0,poisson,,10240,735,727,8,,not_applicable
classifying-quota-block-1,classifying-quota,1,129.0,quota-eligible,0,poisson,,10240,745,731,14,,not_applicable
classifying-quota-block-1,classifying-quota,1,130.0,quota-eligible,0,poisson,,10240,750,741,9,,not_applicable
classifying-quota-block-1,classifying-quota,1,131.0,quota-eligible,0,poisson,,10240,757,749,8,,not_applicable
classifying-quota-block-1,classifying-quota,1,132.0,quota-eligible,0,poisson,,10240,767,756,11,,not_applicable
classifying-quota-block-1,classifying-quota,1,133.0,quota-eligible,0,poisson,,10240,770,765,5,,not_applicable
classifying-quota-block-1,classifying-quota,1,134.0,quota-eligible,0,poisson,,10240,779,770,9,,not_applicable
classifying-quota-block-1,classifying-quota,1,135.0,quota-eligible,0,poisson,,10240,783,778,5,,not_applicable
classifying-quota-block-1,classifying-quota,1,136.0,quota-eligible,0,poisson,,10240,790,779,11,,not_applicable
classifying-quota-block-1,classifying-quota,1,137.0,quota-eligible,0,poisson,,10240,796,788,8,,not_applicable
classifying-quota-block-1,classifying-quota,1,138.0,quota-eligible,0,poisson,,10240,799,795,4,,not_applicable
classifying-quota-block-1,classifying-quota,1,139.0,quota-eligible,0,poisson,,10240,802,799,3,,not_applicable
classifying-quota-block-1,classifying-quota,1,140.0,quota-eligible,0,poisson,,10240,808,802,6,,not_applicable
classifying-quota-block-1,classifying-quota,1,141.0,quota-eligible,0,poisson,,10240,813,806,7,,not_applicable
classifying-quota-block-1,classifying-quota,1,142.0,quota-eligible,0,poisson,,10240,819,811,8,,not_applicable
classifying-quota-block-1,classifying-quota,1,143.0,quota-eligible,0,poisson,,10240,825,815,10,,not_applicable
classifying-quota-block-1,classifying-quota,1,144.0,quota-eligible,0,poisson,,10240,829,822,7,,not_applicable
classifying-quota-block-1,classifying-quota,1,145.0,quota-eligible,0,poisson,,10240,837,826,11,,not_applicable
classifying-quota-block-1,classifying-quota,1,146.0,quota-eligible,0,poisson,,10240,846,833,13,,not_applicable
classifying-quota-block-1,classifying-quota,1,147.0,quota-eligible,0,poisson,,10240,855,846,9,,not_applicable
classifying-quota-block-1,classifying-quota,1,148.0,quota-eligible,0,poisson,,10240,858,852,6,,not_applicable
classifying-quota-block-1,classifying-quota,1,149.0,quota-eligible,0,poisson,,10240,863,857,6,,not_applicable
classifying-quota-block-1,classifying-quota,1,150.0,quota-eligible,0,poisson,,10240,866,863,3,,not_applicable
classifying-quota-block-1,classifying-quota,1,151.0,quota-eligible,0,poisson,,10240,874,864,10,,not_applicable
classifying-quota-block-1,classifying-quota,1,152.0,quota-eligible,0,poisson,,10240,879,870,9,,not_applicable
classifying-quota-block-1,classifying-quota,1,153.0,quota-eligible,0,poisson,,10240,885,877,8,,not_applicable
classifying-quota-block-1,classifying-quota,1,154.0,quota-eligible,0,poisson,,10240,896,884,12,,not_applicable
classifying-quota-block-1,classifying-quota,1,155.0,quota-eligible,0,poisson,,10240,900,895,5,,not_applicable
classifying-quota-block-1,classifying-quota,1,156.0,quota-eligible,0,poisson,,10240,907,900,7,,not_applicable
classifying-quota-block-1,classifying-quota,1,157.0,quota-eligible,0,poisson,,10240,914,906,8,,not_applicable
classifying-quota-block-1,classifying-quota,1,158.0,quota-eligible,0,poisson,,10240,925,912,13,,not_applicable
classifying-quota-block-1,classifying-quota,1,159.0,quota-eligible,0,poisson,,10240,933,919,14,,not_applicable
classifying-quota-block-1,classifying-quota,1,160.0,quota-eligible,0,poisson,,10240,938,932,6,,not_applicable
classifying-quota-block-1,classifying-quota,1,161.0,quota-eligible,0,poisson,,10240,944,938,6,,not_applicable
classifying-quota-block-1,classifying-quota,1,162.0,quota-eligible,0,poisson,,10240,952,943,9,,not_applicable
classifying-quota-block-1,classifying-quota,1,163.0,quota-eligible,0,poisson,,10240,955,950,5,,not_applicable
classifying-quota-block-1,classifying-quota,1,164.0,quota-eligible,0,poisson,,10240,963,954,9,,not_applicable
classifying-quota-block-1,classifying-quota,1,165.0,quota-eligible,0,poisson,,10240,971,963,8,,not_applicable
classifying-quota-block-1,classifying-quota,1,166.0,quota-eligible,0,poisson,,10240,978,969,9,,not_applicable
classifying-quota-block-1,classifying-quota,1,167.0,quota-eligible,0,poisson,,10240,983,977,6,,not_applicable
classifying-quota-block-1,classifying-quota,1,168.0,quota-eligible,0,poisson,,10240,988,982,6,,not_applicable
classifying-quota-block-1,classifying-quota,1,169.0,quota-eligible,0,poisson,,10240,994,987,7,,not_applicable
classifying-quota-block-1,classifying-quota,1,170.0,quota-eligible,0,poisson,,10240,1000,993,7,,not_applicable
classifying-quota-block-1,classifying-quota,1,171.0,quota-eligible,0,poisson,,10240,1004,999,5,,not_applicable
classifying-quota-block-1,classifying-quota,1,172.0,quota-eligible,0,poisson,,10240,1011,1004,7,,not_applicable
classifying-quota-block-1,classifying-quota,1,173.0,quota-eligible,0,poisson,,10240,1013,1009,4,,not_applicable
classifying-quota-block-1,classifying-quota,1,174.0,quota-eligible,0,poisson,,10240,1019,1013,6,,not_applicable
classifying-quota-block-1,classifying-quota,1,175.0,quota-eligible,0,poisson,,10240,1028,1018,10,,not_applicable
classifying-quota-block-1,classifying-quota,1,176.0,quota-eligible,0,poisson,,10240,1033,1026,7,,not_applicable
classifying-quota-block-1,classifying-quota,1,177.0,quota-eligible,0,poisson,,10240,1035,1031,4,,not_applicable
classifying-quota-block-1,classifying-quota,1,178.0,quota-eligible,0,poisson,,10240,1039,1035,4,,not_applicable
classifying-quota-block-1,classifying-quota,1,179.0,quota-eligible,0,poisson,,10240,1042,1038,4,,not_applicable
classifying-quota-block-1,classifying-quota,1,180.0,quota-eligible,0,poisson,,10240,1048,1042,6,,not_applicable
classifying-quota-block-1,classifying-quota,1,181.0,quota-eligible,0,poisson,,10240,1053,1046,7,,not_applicable
classifying-quota-block-1,classifying-quota,1,182.0,quota-eligible,0,poisson,,10240,1062,1051,11,,not_applicable
classifying-quota-block-1,classifying-quota,1,183.0,quota-eligible,0,poisson,,10240,1067,1058,9,,not_applicable
classifying-quota-block-1,classifying-quota,1,184.0,quota-eligible,0,poisson,,10240,1073,1065,8,,not_applicable
classifying-quota-block-1,classifying-quota,1,185.0,quota-eligible,0,poisson,,10240,1079,1070,9,,not_applicable
classifying-quota-block-1,classifying-quota,1,186.0,quota-eligible,0,poisson,,10240,1081,1078,3,,not_applicable
classifying-quota-block-1,classifying-quota,1,187.0,quota-eligible,0,poisson,,10240,1086,1079,7,,not_applicable
classifying-quota-block-1,classifying-quota,1,188.0,quota-eligible,0,poisson,,10240,1090,1085,5,,not_applicable
classifying-quota-block-1,classifying-quota,1,189.0,quota-eligible,0,poisson,,10240,1095,1090,5,,not_applicable
classifying-quota-block-1,classifying-quota,1,190.0,quota-eligible,0,poisson,,10240,1101,1093,8,,not_applicable
classifying-quota-block-1,classifying-quota,1,191.0,quota-eligible,0,poisson,,10240,1108,1100,8,,not_applicable
classifying-quota-block-1,classifying-quota,1,192.0,quota-eligible,0,poisson,,10240,1114,1106,8,,not_applicable
classifying-quota-block-1,classifying-quota,1,193.0,quota-eligible,0,poisson,,10240,1122,1113,9,,not_applicable
classifying-quota-block-1,classifying-quota,1,194.0,quota-eligible,0,poisson,,10240,1133,1121,12,,not_applicable
classifying-quota-block-1,classifying-quota,1,195.0,quota-eligible,0,poisson,,10240,1141,1130,11,,not_applicable
classifying-quota-block-1,classifying-quota,1,196.0,quota-eligible,0,poisson,,10240,1149,1140,9,,not_applicable
classifying-quota-block-1,classifying-quota,1,197.0,quota-eligible,0,poisson,,10240,1154,1146,8,,not_applicable
classifying-quota-block-1,classifying-quota,1,198.0,quota-eligible,0,poisson,,10240,1158,1153,5,,not_applicable
classifying-quota-block-1,classifying-quota,1,199.0,quota-eligible,0,poisson,,10240,1169,1156,13,,not_applicable
classifying-quota-block-1,classifying-quota,1,200.0,quota-eligible,0,poisson,,10240,1175,1165,10,,not_applicable
classifying-quota-block-1,classifying-quota,1,201.0,quota-eligible,0,poisson,,10240,1182,1174,8,,not_applicable
classifying-quota-block-1,classifying-quota,1,202.0,quota-eligible,0,poisson,,10240,1187,1180,7,,not_applicable
classifying-quota-block-1,classifying-quota,1,203.0,quota-eligible,0,poisson,,10240,1196,1186,10,,not_applicable
classifying-quota-block-1,classifying-quota,1,204.0,quota-eligible,0,poisson,,10240,1200,1194,6,,not_applicable
classifying-quota-block-1,classifying-quota,1,205.0,quota-eligible,0,poisson,,10240,1207,1200,7,,not_applicable
classifying-quota-block-1,classifying-quota,1,206.0,quota-eligible,0,poisson,,10240,1211,1206,5,,not_applicable
classifying-quota-block-1,classifying-quota,1,207.0,quota-eligible,0,poisson,,10240,1218,1210,8,,not_applicable
classifying-quota-block-1,classifying-quota,1,208.0,quota-eligible,0,poisson,,10240,1222,1215,7,,not_applicable
classifying-quota-block-1,classifying-quota,1,209.0,quota-eligible,0,poisson,,10240,1229,1222,7,,not_applicable
classifying-quota-block-1,classifying-quota,1,210.0,quota-eligible,0,poisson,,10240,1230,1227,3,,not_applicable
classifying-quota-block-1,classifying-quota,1,211.0,quota-eligible,0,poisson,,10240,1239,1230,9,,not_applicable
classifying-quota-block-1,classifying-quota,1,212.0,quota-eligible,0,poisson,,10240,1240,1236,4,,not_applicable
classifying-quota-block-1,classifying-quota,1,213.0,quota-eligible,0,poisson,,10240,1245,1239,6,,not_applicable
classifying-quota-block-1,classifying-quota,1,214.0,quota-eligible,0,poisson,,10240,1250,1243,7,,not_applicable
classifying-quota-block-1,classifying-quota,1,215.0,quota-eligible,0,poisson,,10240,1254,1248,6,,not_applicable
classifying-quota-block-1,classifying-quota,1,216.0,quota-eligible,0,poisson,,10240,1258,1254,4,,not_applicable
classifying-quota-block-1,classifying-quota,1,217.0,quota-eligible,0,poisson,,10240,1265,1258,7,,not_applicable
classifying-quota-block-1,classifying-quota,1,218.0,quota-eligible,0,poisson,,10240,1267,1265,2,,not_applicable
classifying-quota-block-1,classifying-quota,1,219.0,quota-eligible,0,poisson,,10240,1273,1266,7,,not_applicable
classifying-quota-block-1,classifying-quota,1,220.0,quota-eligible,0,poisson,,10240,1276,1271,5,,not_applicable
classifying-quota-block-1,classifying-quota,1,221.0,quota-eligible,0,poisson,,10240,1280,1276,4,,not_applicable
classifying-quota-block-1,classifying-quota,1,222.0,quota-eligible,0,poisson,,10240,1286,1280,6,,not_applicable
classifying-quota-block-1,classifying-quota,1,223.0,quota-eligible,0,poisson,,10240,1293,1285,8,,not_applicable
classifying-quota-block-1,classifying-quota,1,224.0,quota-eligible,0,poisson,,10240,1296,1291,5,,not_applicable
classifying-quota-block-1,classifying-quota,1,225.0,quota-eligible,0,poisson,,10240,1302,1296,6,,not_applicable
classifying-quota-block-1,classifying-quota,1,226.0,quota-eligible,0,poisson,,10240,1315,1299,16,,not_applicable
classifying-quota-block-1,classifying-quota,1,227.0,quota-eligible,0,poisson,,10240,1323,1309,14,,not_applicable
classifying-quota-block-1,classifying-quota,1,228.0,quota-eligible,0,poisson,,10240,1329,1322,7,,not_applicable
classifying-quota-block-1,classifying-quota,1,229.0,quota-eligible,0,poisson,,10240,1335,1329,6,,not_applicable
classifying-quota-block-1,classifying-quota,1,230.0,quota-eligible,0,poisson,,10240,1341,1334,7,,not_applicable
classifying-quota-block-1,classifying-quota,1,231.0,quota-eligible,0,poisson,,10240,1346,1340,6,,not_applicable
classifying-quota-block-1,classifying-quota,1,232.0,quota-eligible,0,poisson,,10240,1354,1344,10,,not_applicable
classifying-quota-block-1,classifying-quota,1,233.0,quota-eligible,0,poisson,,10240,1363,1353,10,,not_applicable
classifying-quota-block-1,classifying-quota,1,234.0,quota-eligible,0,poisson,,10240,1372,1362,10,,not_applicable
classifying-quota-block-1,classifying-quota,1,235.0,quota-eligible,0,poisson,,10240,1377,1372,5,,not_applicable
classifying-quota-block-1,classifying-quota,1,236.0,quota-eligible,0,poisson,,10240,1383,1377,6,,not_applicable
classifying-quota-block-1,classifying-quota,1,237.0,quota-eligible,0,poisson,,10240,1388,1383,5,,not_applicable
classifying-quota-block-1,classifying-quota,1,238.0,quota-eligible,0,poisson,,10240,1391,1385,6,,not_applicable
classifying-quota-block-1,classifying-quota,1,239.0,quota-eligible,0,poisson,,10240,1398,1390,8,,not_applicable
classifying-quota-block-1,classifying-quota,1,240.0,quota-eligible,0,poisson,,10240,1410,1396,14,,not_applicable
classifying-quota-block-1,classifying-quota,1,0.0,background,0,poisson,,10240,0,0,0,,not_applicable
classifying-quota-block-1,classifying-quota,1,1.0,background,0,poisson,,10240,6,0,6,,not_applicable
classifying-quota-block-1,classifying-quota,1,2.0,background,0,poisson,,10240,11,6,5,,not_applicable
classifying-quota-block-1,classifying-quota,1,3.0,background,0,poisson,,10240,16,10,6,,not_applicable
classifying-quota-block-1,classifying-quota,1,4.0,background,0,poisson,,10240,17,15,2,,not_applicable
classifying-quota-block-1,classifying-quota,1,5.0,background,0,poisson,,10240,23,17,6,,not_applicable
classifying-quota-block-1,classifying-quota,1,6.0,background,0,poisson,,10240,29,20,9,,not_applicable
classifying-quota-block-1,classifying-quota,1,7.0,background,0,poisson,,10240,39,27,12,,not_applicable
classifying-quota-block-1,classifying-quota,1,8.0,background,0,poisson,,10240,46,34,12,,not_applicable
classifying-quota-block-1,classifying-quota,1,9.0,background,0,poisson,,10240,51,45,6,,not_applicable
classifying-quota-block-1,classifying-quota,1,10.0,background,0,poisson,,10240,57,49,8,,not_applicable
classifying-quota-block-1,classifying-quota,1,11.0,background,0,poisson,,10240,67,57,10,,not_applicable
classifying-quota-block-1,classifying-quota,1,12.0,background,0,poisson,,10240,75,60,15,,not_applicable
classifying-quota-block-1,classifying-quota,1,13.0,background,0,poisson,,10240,81,73,8,,not_applicable
classifying-quota-block-1,classifying-quota,1,14.0,background,0,poisson,,10240,87,80,7,,not_applicable
classifying-quota-block-1,classifying-quota,1,15.0,background,0,poisson,,10240,98,83,15,,not_applicable
classifying-quota-block-1,classifying-quota,1,16.0,background,0,poisson,,10240,103,94,9,,not_applicable
classifying-quota-block-1,classifying-quota,1,17.0,background,0,poisson,,10240,112,102,10,,not_applicable
classifying-quota-block-1,classifying-quota,1,18.0,background,0,poisson,,10240,120,112,8,,not_applicable
classifying-quota-block-1,classifying-quota,1,19.0,background,0,poisson,,10240,131,119,12,,not_applicable
classifying-quota-block-1,classifying-quota,1,20.0,background,0,poisson,,10240,136,128,8,,not_applicable
classifying-quota-block-1,classifying-quota,1,21.0,background,0,poisson,,10240,142,136,6,,not_applicable
classifying-quota-block-1,classifying-quota,1,22.0,background,0,poisson,,10240,144,140,4,,not_applicable
classifying-quota-block-1,classifying-quota,1,23.0,background,0,poisson,,10240,149,143,6,,not_applicable
classifying-quota-block-1,classifying-quota,1,24.0,background,0,poisson,,10240,155,148,7,,not_applicable
classifying-quota-block-1,classifying-quota,1,25.0,background,0,poisson,,10240,161,152,9,,not_applicable
classifying-quota-block-1,classifying-quota,1,26.0,background,0,poisson,,10240,168,159,9,,not_applicable
classifying-quota-block-1,classifying-quota,1,27.0,background,0,poisson,,10240,173,166,7,,not_applicable
classifying-quota-block-1,classifying-quota,1,28.0,background,0,poisson,,10240,178,172,6,,not_applicable
classifying-quota-block-1,classifying-quota,1,29.0,background,0,poisson,,10240,186,175,11,,not_applicable
classifying-quota-block-1,classifying-quota,1,30.0,background,0,poisson,,10240,190,181,9,,not_applicable
classifying-quota-block-1,classifying-quota,1,31.0,background,0,poisson,,10240,193,189,4,,not_applicable
classifying-quota-block-1,classifying-quota,1,32.0,background,0,poisson,,10240,197,194,3,,not_applicable
classifying-quota-block-1,classifying-quota,1,33.0,background,0,poisson,,10240,202,195,7,,not_applicable
classifying-quota-block-1,classifying-quota,1,34.0,background,0,poisson,,10240,208,199,9,,not_applicable
classifying-quota-block-1,classifying-quota,1,35.0,background,0,poisson,,10240,210,206,4,,not_applicable
classifying-quota-block-1,classifying-quota,1,36.0,background,0,poisson,,10240,214,209,5,,not_applicable
classifying-quota-block-1,classifying-quota,1,37.0,background,0,poisson,,10240,217,212,5,,not_applicable
classifying-quota-block-1,classifying-quota,1,38.0,background,0,poisson,,10240,221,216,5,,not_applicable
classifying-quota-block-1,classifying-quota,1,39.0,background,0,poisson,,10240,228,220,8,,not_applicable
classifying-quota-block-1,classifying-quota,1,40.0,background,0,poisson,,10240,238,227,11,,not_applicable
classifying-quota-block-1,classifying-quota,1,41.0,background,0,poisson,,10240,244,235,9,,not_applicable
classifying-quota-block-1,classifying-quota,1,42.0,background,0,poisson,,10240,250,244,6,,not_applicable
classifying-quota-block-1,classifying-quota,1,43.0,background,0,poisson,,10240,258,250,8,,not_applicable
classifying-quota-block-1,classifying-quota,1,44.0,background,0,poisson,,10240,264,255,9,,not_applicable
classifying-quota-block-1,classifying-quota,1,45.0,background,0,poisson,,10240,268,262,6,,not_applicable
classifying-quota-block-1,classifying-quota,1,46.0,background,0,poisson,,10240,273,265,8,,not_applicable
classifying-quota-block-1,classifying-quota,1,47.0,background,0,poisson,,10240,280,270,10,,not_applicable
classifying-quota-block-1,classifying-quota,1,48.0,background,0,poisson,,10240,283,278,5,,not_applicable
classifying-quota-block-1,classifying-quota,1,49.0,background,0,poisson,,10240,288,282,6,,not_applicable
classifying-quota-block-1,classifying-quota,1,50.0,background,0,poisson,,10240,294,285,9,,not_applicable
classifying-quota-block-1,classifying-quota,1,51.0,background,0,poisson,,10240,302,294,8,,not_applicable
classifying-quota-block-1,classifying-quota,1,52.0,background,0,poisson,,10240,308,301,7,,not_applicable
classifying-quota-block-1,classifying-quota,1,53.0,background,0,poisson,,10240,315,305,10,,not_applicable
classifying-quota-block-1,classifying-quota,1,54.0,background,0,poisson,,10240,320,313,7,,not_applicable
classifying-quota-block-1,classifying-quota,1,55.0,background,0,poisson,,10240,332,318,14,,not_applicable
classifying-quota-block-1,classifying-quota,1,56.0,background,0,poisson,,10240,337,327,10,,not_applicable
classifying-quota-block-1,classifying-quota,1,57.0,background,0,poisson,,10240,343,336,7,,not_applicable
classifying-quota-block-1,classifying-quota,1,58.0,background,0,poisson,,10240,351,342,9,,not_applicable
classifying-quota-block-1,classifying-quota,1,59.0,background,0,poisson,,10240,361,350,11,,not_applicable
classifying-quota-block-1,classifying-quota,1,60.0,background,0,poisson,,10240,365,359,6,,not_applicable
classifying-quota-block-1,classifying-quota,1,61.0,background,0,poisson,,10240,369,364,5,,not_applicable
classifying-quota-block-1,classifying-quota,1,62.0,background,0,poisson,,10240,374,369,5,,not_applicable
classifying-quota-block-1,classifying-quota,1,63.0,background,0,poisson,,10240,379,374,5,,not_applicable
classifying-quota-block-1,classifying-quota,1,64.0,background,0,poisson,,10240,382,378,4,,not_applicable
classifying-quota-block-1,classifying-quota,1,65.0,background,0,poisson,,10240,387,382,5,,not_applicable
classifying-quota-block-1,classifying-quota,1,66.0,background,0,poisson,,10240,394,384,10,,not_applicable
classifying-quota-block-1,classifying-quota,1,67.0,background,0,poisson,,10240,400,393,7,,not_applicable
classifying-quota-block-1,classifying-quota,1,68.0,background,0,poisson,,10240,401,399,2,,not_applicable
classifying-quota-block-1,classifying-quota,1,69.0,background,0,poisson,,10240,404,400,4,,not_applicable
classifying-quota-block-1,classifying-quota,1,70.0,background,0,poisson,,10240,412,403,9,,not_applicable
classifying-quota-block-1,classifying-quota,1,71.0,background,0,poisson,,10240,415,409,6,,not_applicable
classifying-quota-block-1,classifying-quota,1,72.0,background,0,poisson,,10240,417,415,2,,not_applicable
classifying-quota-block-1,classifying-quota,1,73.0,background,0,poisson,,10240,427,417,10,,not_applicable
classifying-quota-block-1,classifying-quota,1,74.0,background,0,poisson,,10240,430,421,9,,not_applicable
classifying-quota-block-1,classifying-quota,1,75.0,background,0,poisson,,10240,434,427,7,,not_applicable
classifying-quota-block-1,classifying-quota,1,76.0,background,0,poisson,,10240,442,433,9,,not_applicable
classifying-quota-block-1,classifying-quota,1,77.0,background,0,poisson,,10240,448,439,9,,not_applicable
classifying-quota-block-1,classifying-quota,1,78.0,background,0,poisson,,10240,459,446,13,,not_applicable
classifying-quota-block-1,classifying-quota,1,79.0,background,0,poisson,,10240,464,454,10,,not_applicable
classifying-quota-block-1,classifying-quota,1,80.0,background,0,poisson,,10240,470,464,6,,not_applicable
classifying-quota-block-1,classifying-quota,1,81.0,background,0,poisson,,10240,475,465,10,,not_applicable
classifying-quota-block-1,classifying-quota,1,82.0,background,0,poisson,,10240,482,472,10,,not_applicable
classifying-quota-block-1,classifying-quota,1,83.0,background,0,poisson,,10240,492,481,11,,not_applicable
classifying-quota-block-1,classifying-quota,1,84.0,background,0,poisson,,10240,503,486,17,,not_applicable
classifying-quota-block-1,classifying-quota,1,85.0,background,0,poisson,,10240,506,499,7,,not_applicable
classifying-quota-block-1,classifying-quota,1,86.0,background,0,poisson,,10240,513,506,7,,not_applicable
classifying-quota-block-1,classifying-quota,1,87.0,background,0,poisson,,10240,515,511,4,,not_applicable
classifying-quota-block-1,classifying-quota,1,88.0,background,0,poisson,,10240,524,515,9,,not_applicable
classifying-quota-block-1,classifying-quota,1,89.0,background,0,poisson,,10240,530,517,13,,not_applicable
classifying-quota-block-1,classifying-quota,1,90.0,background,0,poisson,,10240,537,528,9,,not_applicable
classifying-quota-block-1,classifying-quota,1,91.0,background,0,poisson,,10240,546,534,12,,not_applicable
classifying-quota-block-1,classifying-quota,1,92.0,background,0,poisson,,10240,554,541,13,,not_applicable
classifying-quota-block-1,classifying-quota,1,93.0,background,0,poisson,,10240,560,552,8,,not_applicable
classifying-quota-block-1,classifying-quota,1,94.0,background,0,poisson,,10240,562,559,3,,not_applicable
classifying-quota-block-1,classifying-quota,1,95.0,background,0,poisson,,10240,565,562,3,,not_applicable
classifying-quota-block-1,classifying-quota,1,96.0,background,0,poisson,,10240,571,565,6,,not_applicable
classifying-quota-block-1,classifying-quota,1,97.0,background,0,poisson,,10240,575,571,4,,not_applicable
classifying-quota-block-1,classifying-quota,1,98.0,background,0,poisson,,10240,575,574,1,,not_applicable
classifying-quota-block-1,classifying-quota,1,99.0,background,0,poisson,,10240,581,575,6,,not_applicable
classifying-quota-block-1,classifying-quota,1,100.0,background,0,poisson,,10240,585,580,5,,not_applicable
classifying-quota-block-1,classifying-quota,1,101.0,background,0,poisson,,10240,591,584,7,,not_applicable
classifying-quota-block-1,classifying-quota,1,102.0,background,0,poisson,,10240,594,591,3,,not_applicable
classifying-quota-block-1,classifying-quota,1,103.0,background,0,poisson,,10240,604,594,10,,not_applicable
classifying-quota-block-1,classifying-quota,1,104.0,background,0,poisson,,10240,606,597,9,,not_applicable
classifying-quota-block-1,classifying-quota,1,105.0,background,0,poisson,,10240,612,606,6,,not_applicable
classifying-quota-block-1,classifying-quota,1,106.0,background,0,poisson,,10240,618,610,8,,not_applicable
classifying-quota-block-1,classifying-quota,1,107.0,background,0,poisson,,10240,626,614,12,,not_applicable
classifying-quota-block-1,classifying-quota,1,108.0,background,0,poisson,,10240,631,624,7,,not_applicable
classifying-quota-block-1,classifying-quota,1,109.0,background,0,poisson,,10240,639,630,9,,not_applicable
classifying-quota-block-1,classifying-quota,1,110.0,background,0,poisson,,10240,649,638,11,,not_applicable
classifying-quota-block-1,classifying-quota,1,111.0,background,0,poisson,,10240,653,647,6,,not_applicable
classifying-quota-block-1,classifying-quota,1,112.0,background,0,poisson,,10240,658,653,5,,not_applicable
classifying-quota-block-1,classifying-quota,1,113.0,background,0,poisson,,10240,666,656,10,,not_applicable
classifying-quota-block-1,classifying-quota,1,114.0,background,0,poisson,,10240,668,663,5,,not_applicable
classifying-quota-block-1,classifying-quota,1,115.0,background,0,poisson,,10240,674,667,7,,not_applicable
classifying-quota-block-1,classifying-quota,1,116.0,background,0,poisson,,10240,680,672,8,,not_applicable
classifying-quota-block-1,classifying-quota,1,117.0,background,0,poisson,,10240,684,679,5,,not_applicable
classifying-quota-block-1,classifying-quota,1,118.0,background,0,poisson,,10240,687,684,3,,not_applicable
classifying-quota-block-1,classifying-quota,1,119.0,background,0,poisson,,10240,696,687,9,,not_applicable
classifying-quota-block-1,classifying-quota,1,120.0,background,0,poisson,,10240,696,690,6,,not_applicable
classifying-quota-block-1,classifying-quota,1,121.0,background,0,poisson,,10240,700,697,3,,not_applicable
classifying-quota-block-1,classifying-quota,1,122.0,background,0,poisson,,10240,710,700,10,,not_applicable
classifying-quota-block-1,classifying-quota,1,123.0,background,0,poisson,,10240,715,707,8,,not_applicable
classifying-quota-block-1,classifying-quota,1,124.0,background,0,poisson,,10240,719,714,5,,not_applicable
classifying-quota-block-1,classifying-quota,1,125.0,background,0,poisson,,10240,721,717,4,,not_applicable
classifying-quota-block-1,classifying-quota,1,126.0,background,0,poisson,,10240,725,722,3,,not_applicable
classifying-quota-block-1,classifying-quota,1,127.0,background,0,poisson,,10240,727,725,2,,not_applicable
classifying-quota-block-1,classifying-quota,1,128.0,background,0,poisson,,10240,735,728,7,,not_applicable
classifying-quota-block-1,classifying-quota,1,129.0,background,0,poisson,,10240,745,731,14,,not_applicable
classifying-quota-block-1,classifying-quota,1,130.0,background,0,poisson,,10240,749,738,11,,not_applicable
classifying-quota-block-1,classifying-quota,1,131.0,background,0,poisson,,10240,757,749,8,,not_applicable
classifying-quota-block-1,classifying-quota,1,132.0,background,0,poisson,,10240,767,756,11,,not_applicable
classifying-quota-block-1,classifying-quota,1,133.0,background,0,poisson,,10240,770,765,5,,not_applicable
classifying-quota-block-1,classifying-quota,1,134.0,background,0,poisson,,10240,779,771,8,,not_applicable
classifying-quota-block-1,classifying-quota,1,135.0,background,0,poisson,,10240,783,778,5,,not_applicable
classifying-quota-block-1,classifying-quota,1,136.0,background,0,poisson,,10240,790,779,11,,not_applicable
classifying-quota-block-1,classifying-quota,1,137.0,background,0,poisson,,10240,796,786,10,,not_applicable
classifying-quota-block-1,classifying-quota,1,138.0,background,0,poisson,,10240,799,793,6,,not_applicable
classifying-quota-block-1,classifying-quota,1,139.0,background,0,poisson,,10240,802,799,3,,not_applicable
classifying-quota-block-1,classifying-quota,1,140.0,background,0,poisson,,10240,808,802,6,,not_applicable
classifying-quota-block-1,classifying-quota,1,141.0,background,0,poisson,,10240,813,806,7,,not_applicable
classifying-quota-block-1,classifying-quota,1,142.0,background,0,poisson,,10240,819,811,8,,not_applicable
classifying-quota-block-1,classifying-quota,1,143.0,background,0,poisson,,10240,825,815,10,,not_applicable
classifying-quota-block-1,classifying-quota,1,144.0,background,0,poisson,,10240,829,822,7,,not_applicable
classifying-quota-block-1,classifying-quota,1,145.0,background,0,poisson,,10240,837,826,11,,not_applicable
classifying-quota-block-1,classifying-quota,1,146.0,background,0,poisson,,10240,846,833,13,,not_applicable
classifying-quota-block-1,classifying-quota,1,147.0,background,0,poisson,,10240,855,845,10,,not_applicable
classifying-quota-block-1,classifying-quota,1,148.0,background,0,poisson,,10240,858,850,8,,not_applicable
classifying-quota-block-1,classifying-quota,1,149.0,background,0,poisson,,10240,863,857,6,,not_applicable
classifying-quota-block-1,classifying-quota,1,150.0,background,0,poisson,,10240,866,863,3,,not_applicable
classifying-quota-block-1,classifying-quota,1,151.0,background,0,poisson,,10240,874,864,10,,not_applicable
classifying-quota-block-1,classifying-quota,1,152.0,background,0,poisson,,10240,879,870,9,,not_applicable
classifying-quota-block-1,classifying-quota,1,153.0,background,0,poisson,,10240,885,876,9,,not_applicable
classifying-quota-block-1,classifying-quota,1,154.0,background,0,poisson,,10240,896,884,12,,not_applicable
classifying-quota-block-1,classifying-quota,1,155.0,background,0,poisson,,10240,900,894,6,,not_applicable
classifying-quota-block-1,classifying-quota,1,156.0,background,0,poisson,,10240,907,900,7,,not_applicable
classifying-quota-block-1,classifying-quota,1,157.0,background,0,poisson,,10240,914,906,8,,not_applicable
classifying-quota-block-1,classifying-quota,1,158.0,background,0,poisson,,10240,925,912,13,,not_applicable
classifying-quota-block-1,classifying-quota,1,159.0,background,0,poisson,,10240,933,920,13,,not_applicable
classifying-quota-block-1,classifying-quota,1,160.0,background,0,poisson,,10240,938,932,6,,not_applicable
classifying-quota-block-1,classifying-quota,1,161.0,background,0,poisson,,10240,944,938,6,,not_applicable
classifying-quota-block-1,classifying-quota,1,162.0,background,0,poisson,,10240,952,943,9,,not_applicable
classifying-quota-block-1,classifying-quota,1,163.0,background,0,poisson,,10240,955,948,7,,not_applicable
classifying-quota-block-1,classifying-quota,1,164.0,background,0,poisson,,10240,963,953,10,,not_applicable
classifying-quota-block-1,classifying-quota,1,165.0,background,0,poisson,,10240,971,960,11,,not_applicable
classifying-quota-block-1,classifying-quota,1,166.0,background,0,poisson,,10240,978,968,10,,not_applicable
classifying-quota-block-1,classifying-quota,1,167.0,background,0,poisson,,10240,983,977,6,,not_applicable
classifying-quota-block-1,classifying-quota,1,168.0,background,0,poisson,,10240,988,983,5,,not_applicable
classifying-quota-block-1,classifying-quota,1,169.0,background,0,poisson,,10240,994,987,7,,not_applicable
classifying-quota-block-1,classifying-quota,1,170.0,background,0,poisson,,10240,1000,994,6,,not_applicable
classifying-quota-block-1,classifying-quota,1,171.0,background,0,poisson,,10240,1004,999,5,,not_applicable
classifying-quota-block-1,classifying-quota,1,172.0,background,0,poisson,,10240,1011,1004,7,,not_applicable
classifying-quota-block-1,classifying-quota,1,173.0,background,0,poisson,,10240,1013,1009,4,,not_applicable
classifying-quota-block-1,classifying-quota,1,174.0,background,0,poisson,,10240,1019,1013,6,,not_applicable
classifying-quota-block-1,classifying-quota,1,175.0,background,0,poisson,,10240,1028,1018,10,,not_applicable
classifying-quota-block-1,classifying-quota,1,176.0,background,0,poisson,,10240,1033,1027,6,,not_applicable
classifying-quota-block-1,classifying-quota,1,177.0,background,0,poisson,,10240,1035,1031,4,,not_applicable
classifying-quota-block-1,classifying-quota,1,178.0,background,0,poisson,,10240,1039,1035,4,,not_applicable
classifying-quota-block-1,classifying-quota,1,179.0,background,0,poisson,,10240,1042,1038,4,,not_applicable
classifying-quota-block-1,classifying-quota,1,180.0,background,0,poisson,,10240,1048,1042,6,,not_applicable
classifying-quota-block-1,classifying-quota,1,181.0,background,0,poisson,,10240,1053,1046,7,,not_applicable
classifying-quota-block-1,classifying-quota,1,182.0,background,0,poisson,,10240,1062,1053,9,,not_applicable
classifying-quota-block-1,classifying-quota,1,183.0,background,0,poisson,,10240,1067,1059,8,,not_applicable
classifying-quota-block-1,classifying-quota,1,184.0,background,0,poisson,,10240,1073,1065,8,,not_applicable
classifying-quota-block-1,classifying-quota,1,185.0,background,0,poisson,,10240,1079,1070,9,,not_applicable
classifying-quota-block-1,classifying-quota,1,186.0,background,0,poisson,,10240,1081,1078,3,,not_applicable
classifying-quota-block-1,classifying-quota,1,187.0,background,0,poisson,,10240,1086,1080,6,,not_applicable
classifying-quota-block-1,classifying-quota,1,188.0,background,0,poisson,,10240,1090,1085,5,,not_applicable
classifying-quota-block-1,classifying-quota,1,189.0,background,0,poisson,,10240,1095,1090,5,,not_applicable
classifying-quota-block-1,classifying-quota,1,190.0,background,0,poisson,,10240,1101,1093,8,,not_applicable
classifying-quota-block-1,classifying-quota,1,191.0,background,0,poisson,,10240,1108,1100,8,,not_applicable
classifying-quota-block-1,classifying-quota,1,192.0,background,0,poisson,,10240,1114,1106,8,,not_applicable
classifying-quota-block-1,classifying-quota,1,193.0,background,0,poisson,,10240,1122,1113,9,,not_applicable
classifying-quota-block-1,classifying-quota,1,194.0,background,0,poisson,,10240,1133,1121,12,,not_applicable
classifying-quota-block-1,classifying-quota,1,195.0,background,0,poisson,,10240,1141,1131,10,,not_applicable
classifying-quota-block-1,classifying-quota,1,196.0,background,0,poisson,,10240,1149,1138,11,,not_applicable
classifying-quota-block-1,classifying-quota,1,197.0,background,0,poisson,,10240,1154,1146,8,,not_applicable
classifying-quota-block-1,classifying-quota,1,198.0,background,0,poisson,,10240,1158,1153,5,,not_applicable
classifying-quota-block-1,classifying-quota,1,199.0,background,0,poisson,,10240,1169,1156,13,,not_applicable
classifying-quota-block-1,classifying-quota,1,200.0,background,0,poisson,,10240,1175,1162,13,,not_applicable
classifying-quota-block-1,classifying-quota,1,201.0,background,0,poisson,,10240,1182,1174,8,,not_applicable
classifying-quota-block-1,classifying-quota,1,202.0,background,0,poisson,,10240,1187,1180,7,,not_applicable
classifying-quota-block-1,classifying-quota,1,203.0,background,0,poisson,,10240,1196,1186,10,,not_applicable
classifying-quota-block-1,classifying-quota,1,204.0,background,0,poisson,,10240,1200,1194,6,,not_applicable
classifying-quota-block-1,classifying-quota,1,205.0,background,0,poisson,,10240,1207,1199,8,,not_applicable
classifying-quota-block-1,classifying-quota,1,206.0,background,0,poisson,,10240,1210,1206,4,,not_applicable
classifying-quota-block-1,classifying-quota,1,207.0,background,0,poisson,,10240,1218,1210,8,,not_applicable
classifying-quota-block-1,classifying-quota,1,208.0,background,0,poisson,,10240,1222,1215,7,,not_applicable
classifying-quota-block-1,classifying-quota,1,209.0,background,0,poisson,,10240,1229,1222,7,,not_applicable
classifying-quota-block-1,classifying-quota,1,210.0,background,0,poisson,,10240,1230,1225,5,,not_applicable
classifying-quota-block-1,classifying-quota,1,211.0,background,0,poisson,,10240,1239,1231,8,,not_applicable
classifying-quota-block-1,classifying-quota,1,212.0,background,0,poisson,,10240,1240,1237,3,,not_applicable
classifying-quota-block-1,classifying-quota,1,213.0,background,0,poisson,,10240,1245,1239,6,,not_applicable
classifying-quota-block-1,classifying-quota,1,214.0,background,0,poisson,,10240,1250,1243,7,,not_applicable
classifying-quota-block-1,classifying-quota,1,215.0,background,0,poisson,,10240,1254,1249,5,,not_applicable
classifying-quota-block-1,classifying-quota,1,216.0,background,0,poisson,,10240,1258,1254,4,,not_applicable
classifying-quota-block-1,classifying-quota,1,217.0,background,0,poisson,,10240,1265,1258,7,,not_applicable
classifying-quota-block-1,classifying-quota,1,218.0,background,0,poisson,,10240,1267,1263,4,,not_applicable
classifying-quota-block-1,classifying-quota,1,219.0,background,0,poisson,,10240,1273,1266,7,,not_applicable
classifying-quota-block-1,classifying-quota,1,220.0,background,0,poisson,,10240,1276,1271,5,,not_applicable
classifying-quota-block-1,classifying-quota,1,221.0,background,0,poisson,,10240,1280,1276,4,,not_applicable
classifying-quota-block-1,classifying-quota,1,222.0,background,0,poisson,,10240,1286,1280,6,,not_applicable
classifying-quota-block-1,classifying-quota,1,223.0,background,0,poisson,,10240,1293,1285,8,,not_applicable
classifying-quota-block-1,classifying-quota,1,224.0,background,0,poisson,,10240,1296,1291,5,,not_applicable
classifying-quota-block-1,classifying-quota,1,225.0,background,0,poisson,,10240,1302,1296,6,,not_applicable
classifying-quota-block-1,classifying-quota,1,226.0,background,0,poisson,,10240,1315,1300,15,,not_applicable
classifying-quota-block-1,classifying-quota,1,227.0,background,0,poisson,,10240,1323,1308,15,,not_applicable
classifying-quota-block-1,classifying-quota,1,228.0,background,0,poisson,,10240,1329,1320,9,,not_applicable
classifying-quota-block-1,classifying-quota,1,229.0,background,0,poisson,,10240,1335,1328,7,,not_applicable
classifying-quota-block-1,classifying-quota,1,230.0,background,0,poisson,,10240,1341,1334,7,,not_applicable
classifying-quota-block-1,classifying-quota,1,231.0,background,0,poisson,,10240,1346,1340,6,,not_applicable
classifying-quota-block-1,classifying-quota,1,232.0,background,0,poisson,,10240,1354,1344,10,,not_applicable
classifying-quota-block-1,classifying-quota,1,233.0,background,0,poisson,,10240,1363,1352,11,,not_applicable
classifying-quota-block-1,classifying-quota,1,234.0,background,0,poisson,,10240,1372,1362,10,,not_applicable
classifying-quota-block-1,classifying-quota,1,235.0,background,0,poisson,,10240,1377,1369,8,,not_applicable
classifying-quota-block-1,classifying-quota,1,236.0,background,0,poisson,,10240,1383,1377,6,,not_applicable
classifying-quota-block-1,classifying-quota,1,237.0,background,0,poisson,,10240,1388,1379,9,,not_applicable
classifying-quota-block-1,classifying-quota,1,238.0,background,0,poisson,,10240,1391,1385,6,,not_applicable
classifying-quota-block-1,classifying-quota,1,239.0,background,0,poisson,,10240,1398,1390,8,,not_applicable
classifying-quota-block-1,classifying-quota,1,240.0,background,0,poisson,,10240,1410,1395,15,,not_applicable
no-quota-block-1,no-quota,1,0.0,quota-eligible,0,poisson,,10240,0,0,0,,not_applicable
no-quota-block-1,no-quota,1,1.0,quota-eligible,0,poisson,,10240,6,0,6,,not_applicable
no-quota-block-1,no-quota,1,2.0,quota-eligible,0,poisson,,10240,11,6,5,,not_applicable
no-quota-block-1,no-quota,1,3.0,quota-eligible,0,poisson,,10240,16,10,6,,not_applicable
no-quota-block-1,no-quota,1,4.0,quota-eligible,0,poisson,,10240,17,13,4,,not_applicable
no-quota-block-1,no-quota,1,5.0,quota-eligible,0,poisson,,10240,23,16,7,,not_applicable
no-quota-block-1,no-quota,1,6.0,quota-eligible,0,poisson,,10240,29,19,10,,not_applicable
no-quota-block-1,no-quota,1,7.0,quota-eligible,0,poisson,,10240,39,24,15,,not_applicable
no-quota-block-1,no-quota,1,8.0,quota-eligible,0,poisson,,10240,46,29,17,,not_applicable
no-quota-block-1,no-quota,1,9.0,quota-eligible,0,poisson,,10240,51,40,11,,not_applicable
no-quota-block-1,no-quota,1,10.0,quota-eligible,0,poisson,,10240,57,47,10,,not_applicable
no-quota-block-1,no-quota,1,11.0,quota-eligible,0,poisson,,10240,67,53,14,,not_applicable
no-quota-block-1,no-quota,1,12.0,quota-eligible,0,poisson,,10240,75,61,14,,not_applicable
no-quota-block-1,no-quota,1,13.0,quota-eligible,0,poisson,,10240,81,71,10,,not_applicable
no-quota-block-1,no-quota,1,14.0,quota-eligible,0,poisson,,10240,87,77,10,,not_applicable
no-quota-block-1,no-quota,1,15.0,quota-eligible,0,poisson,,10240,98,83,15,,not_applicable
no-quota-block-1,no-quota,1,16.0,quota-eligible,0,poisson,,10240,103,92,11,,not_applicable
no-quota-block-1,no-quota,1,17.0,quota-eligible,0,poisson,,10240,112,99,13,,not_applicable
no-quota-block-1,no-quota,1,18.0,quota-eligible,0,poisson,,10240,120,108,12,,not_applicable
no-quota-block-1,no-quota,1,19.0,quota-eligible,0,poisson,,10240,131,116,15,,not_applicable
no-quota-block-1,no-quota,1,20.0,quota-eligible,0,poisson,,10240,136,128,8,,not_applicable
no-quota-block-1,no-quota,1,21.0,quota-eligible,0,poisson,,10240,142,135,7,,not_applicable
no-quota-block-1,no-quota,1,22.0,quota-eligible,0,poisson,,10240,144,141,3,,not_applicable
no-quota-block-1,no-quota,1,23.0,quota-eligible,0,poisson,,10240,149,143,6,,not_applicable
no-quota-block-1,no-quota,1,24.0,quota-eligible,0,poisson,,10240,155,149,6,,not_applicable
no-quota-block-1,no-quota,1,25.0,quota-eligible,0,poisson,,10240,161,154,7,,not_applicable
no-quota-block-1,no-quota,1,26.0,quota-eligible,0,poisson,,10240,168,161,7,,not_applicable
no-quota-block-1,no-quota,1,27.0,quota-eligible,0,poisson,,10240,173,167,6,,not_applicable
no-quota-block-1,no-quota,1,28.0,quota-eligible,0,poisson,,10240,178,173,5,,not_applicable
no-quota-block-1,no-quota,1,29.0,quota-eligible,0,poisson,,10240,186,176,10,,not_applicable
no-quota-block-1,no-quota,1,30.0,quota-eligible,0,poisson,,10240,190,180,10,,not_applicable
no-quota-block-1,no-quota,1,31.0,quota-eligible,0,poisson,,10240,193,186,7,,not_applicable
no-quota-block-1,no-quota,1,32.0,quota-eligible,0,poisson,,10240,197,190,7,,not_applicable
no-quota-block-1,no-quota,1,33.0,quota-eligible,0,poisson,,10240,202,194,8,,not_applicable
no-quota-block-1,no-quota,1,34.0,quota-eligible,0,poisson,,10240,208,197,11,,not_applicable
no-quota-block-1,no-quota,1,35.0,quota-eligible,0,poisson,,10240,210,202,8,,not_applicable
no-quota-block-1,no-quota,1,36.0,quota-eligible,0,poisson,,10240,214,208,6,,not_applicable
no-quota-block-1,no-quota,1,37.0,quota-eligible,0,poisson,,10240,217,210,7,,not_applicable
no-quota-block-1,no-quota,1,38.0,quota-eligible,0,poisson,,10240,221,215,6,,not_applicable
no-quota-block-1,no-quota,1,39.0,quota-eligible,0,poisson,,10240,227,218,9,,not_applicable
no-quota-block-1,no-quota,1,40.0,quota-eligible,0,poisson,,10240,238,226,12,,not_applicable
no-quota-block-1,no-quota,1,41.0,quota-eligible,0,poisson,,10240,244,234,10,,not_applicable
no-quota-block-1,no-quota,1,42.0,quota-eligible,0,poisson,,10240,250,244,6,,not_applicable
no-quota-block-1,no-quota,1,43.0,quota-eligible,0,poisson,,10240,258,249,9,,not_applicable
no-quota-block-1,no-quota,1,44.0,quota-eligible,0,poisson,,10240,264,256,8,,not_applicable
no-quota-block-1,no-quota,1,45.0,quota-eligible,0,poisson,,10240,268,262,6,,not_applicable
no-quota-block-1,no-quota,1,46.0,quota-eligible,0,poisson,,10240,273,266,7,,not_applicable
no-quota-block-1,no-quota,1,47.0,quota-eligible,0,poisson,,10240,280,272,8,,not_applicable
no-quota-block-1,no-quota,1,48.0,quota-eligible,0,poisson,,10240,283,280,3,,not_applicable
no-quota-block-1,no-quota,1,49.0,quota-eligible,0,poisson,,10240,288,283,5,,not_applicable
no-quota-block-1,no-quota,1,50.0,quota-eligible,0,poisson,,10240,294,286,8,,not_applicable
no-quota-block-1,no-quota,1,51.0,quota-eligible,0,poisson,,10240,302,290,12,,not_applicable
no-quota-block-1,no-quota,1,52.0,quota-eligible,0,poisson,,10240,308,297,11,,not_applicable
no-quota-block-1,no-quota,1,53.0,quota-eligible,0,poisson,,10240,315,303,12,,not_applicable
no-quota-block-1,no-quota,1,54.0,quota-eligible,0,poisson,,10240,320,309,11,,not_applicable
no-quota-block-1,no-quota,1,55.0,quota-eligible,0,poisson,,10240,332,316,16,,not_applicable
no-quota-block-1,no-quota,1,56.0,quota-eligible,0,poisson,,10240,337,325,12,,not_applicable
no-quota-block-1,no-quota,1,57.0,quota-eligible,0,poisson,,10240,343,334,9,,not_applicable
no-quota-block-1,no-quota,1,58.0,quota-eligible,0,poisson,,10240,351,340,11,,not_applicable
no-quota-block-1,no-quota,1,59.0,quota-eligible,0,poisson,,10240,361,349,12,,not_applicable
no-quota-block-1,no-quota,1,60.0,quota-eligible,0,poisson,,10240,365,356,9,,not_applicable
no-quota-block-1,no-quota,1,61.0,quota-eligible,0,poisson,,10240,369,364,5,,not_applicable
no-quota-block-1,no-quota,1,62.0,quota-eligible,0,poisson,,10240,374,369,5,,not_applicable
no-quota-block-1,no-quota,1,63.0,quota-eligible,0,poisson,,10240,379,373,6,,not_applicable
no-quota-block-1,no-quota,1,64.0,quota-eligible,0,poisson,,10240,382,380,2,,not_applicable
no-quota-block-1,no-quota,1,65.0,quota-eligible,0,poisson,,10240,387,382,5,,not_applicable
no-quota-block-1,no-quota,1,66.0,quota-eligible,0,poisson,,10240,394,385,9,,not_applicable
no-quota-block-1,no-quota,1,67.0,quota-eligible,0,poisson,,10240,400,388,12,,not_applicable
no-quota-block-1,no-quota,1,68.0,quota-eligible,0,poisson,,10240,401,396,5,,not_applicable
no-quota-block-1,no-quota,1,69.0,quota-eligible,0,poisson,,10240,404,400,4,,not_applicable
no-quota-block-1,no-quota,1,70.0,quota-eligible,0,poisson,,10240,412,403,9,,not_applicable
no-quota-block-1,no-quota,1,71.0,quota-eligible,0,poisson,,10240,415,409,6,,not_applicable
no-quota-block-1,no-quota,1,72.0,quota-eligible,0,poisson,,10240,417,415,2,,not_applicable
no-quota-block-1,no-quota,1,73.0,quota-eligible,0,poisson,,10240,427,418,9,,not_applicable
no-quota-block-1,no-quota,1,74.0,quota-eligible,0,poisson,,10240,430,422,8,,not_applicable
no-quota-block-1,no-quota,1,75.0,quota-eligible,0,poisson,,10240,434,429,5,,not_applicable
no-quota-block-1,no-quota,1,76.0,quota-eligible,0,poisson,,10240,442,432,10,,not_applicable
no-quota-block-1,no-quota,1,77.0,quota-eligible,0,poisson,,10240,448,439,9,,not_applicable
no-quota-block-1,no-quota,1,78.0,quota-eligible,0,poisson,,10240,459,447,12,,not_applicable
no-quota-block-1,no-quota,1,79.0,quota-eligible,0,poisson,,10240,464,454,10,,not_applicable
no-quota-block-1,no-quota,1,80.0,quota-eligible,0,poisson,,10240,470,464,6,,not_applicable
no-quota-block-1,no-quota,1,81.0,quota-eligible,0,poisson,,10240,475,469,6,,not_applicable
no-quota-block-1,no-quota,1,82.0,quota-eligible,0,poisson,,10240,482,473,9,,not_applicable
no-quota-block-1,no-quota,1,83.0,quota-eligible,0,poisson,,10240,492,479,13,,not_applicable
no-quota-block-1,no-quota,1,84.0,quota-eligible,0,poisson,,10240,503,487,16,,not_applicable
no-quota-block-1,no-quota,1,85.0,quota-eligible,0,poisson,,10240,506,499,7,,not_applicable
no-quota-block-1,no-quota,1,86.0,quota-eligible,0,poisson,,10240,513,506,7,,not_applicable
no-quota-block-1,no-quota,1,87.0,quota-eligible,0,poisson,,10240,515,510,5,,not_applicable
no-quota-block-1,no-quota,1,88.0,quota-eligible,0,poisson,,10240,524,515,9,,not_applicable
no-quota-block-1,no-quota,1,89.0,quota-eligible,0,poisson,,10240,530,522,8,,not_applicable
no-quota-block-1,no-quota,1,90.0,quota-eligible,0,poisson,,10240,537,529,8,,not_applicable
no-quota-block-1,no-quota,1,91.0,quota-eligible,0,poisson,,10240,546,535,11,,not_applicable
no-quota-block-1,no-quota,1,92.0,quota-eligible,0,poisson,,10240,554,541,13,,not_applicable
no-quota-block-1,no-quota,1,93.0,quota-eligible,0,poisson,,10240,560,551,9,,not_applicable
no-quota-block-1,no-quota,1,94.0,quota-eligible,0,poisson,,10240,562,559,3,,not_applicable
no-quota-block-1,no-quota,1,95.0,quota-eligible,0,poisson,,10240,565,561,4,,not_applicable
no-quota-block-1,no-quota,1,96.0,quota-eligible,0,poisson,,10240,571,565,6,,not_applicable
no-quota-block-1,no-quota,1,97.0,quota-eligible,0,poisson,,10240,575,571,4,,not_applicable
no-quota-block-1,no-quota,1,98.0,quota-eligible,0,poisson,,10240,575,574,1,,not_applicable
no-quota-block-1,no-quota,1,99.0,quota-eligible,0,poisson,,10240,581,575,6,,not_applicable
no-quota-block-1,no-quota,1,100.0,quota-eligible,0,poisson,,10240,585,578,7,,not_applicable
no-quota-block-1,no-quota,1,101.0,quota-eligible,0,poisson,,10240,591,584,7,,not_applicable
no-quota-block-1,no-quota,1,102.0,quota-eligible,0,poisson,,10240,594,591,3,,not_applicable
no-quota-block-1,no-quota,1,103.0,quota-eligible,0,poisson,,10240,604,594,10,,not_applicable
no-quota-block-1,no-quota,1,104.0,quota-eligible,0,poisson,,10240,606,599,7,,not_applicable
no-quota-block-1,no-quota,1,105.0,quota-eligible,0,poisson,,10240,611,606,5,,not_applicable
no-quota-block-1,no-quota,1,106.0,quota-eligible,0,poisson,,10240,618,610,8,,not_applicable
no-quota-block-1,no-quota,1,107.0,quota-eligible,0,poisson,,10240,626,615,11,,not_applicable
no-quota-block-1,no-quota,1,108.0,quota-eligible,0,poisson,,10240,631,623,8,,not_applicable
no-quota-block-1,no-quota,1,109.0,quota-eligible,0,poisson,,10240,639,630,9,,not_applicable
no-quota-block-1,no-quota,1,110.0,quota-eligible,0,poisson,,10240,649,636,13,,not_applicable
no-quota-block-1,no-quota,1,111.0,quota-eligible,0,poisson,,10240,653,646,7,,not_applicable
no-quota-block-1,no-quota,1,112.0,quota-eligible,0,poisson,,10240,658,652,6,,not_applicable
no-quota-block-1,no-quota,1,113.0,quota-eligible,0,poisson,,10240,666,659,7,,not_applicable
no-quota-block-1,no-quota,1,114.0,quota-eligible,0,poisson,,10240,668,663,5,,not_applicable
no-quota-block-1,no-quota,1,115.0,quota-eligible,0,poisson,,10240,674,668,6,,not_applicable
no-quota-block-1,no-quota,1,116.0,quota-eligible,0,poisson,,10240,680,672,8,,not_applicable
no-quota-block-1,no-quota,1,117.0,quota-eligible,0,poisson,,10240,684,679,5,,not_applicable
no-quota-block-1,no-quota,1,118.0,quota-eligible,0,poisson,,10240,687,684,3,,not_applicable
no-quota-block-1,no-quota,1,119.0,quota-eligible,0,poisson,,10240,696,687,9,,not_applicable
no-quota-block-1,no-quota,1,120.0,quota-eligible,0,poisson,,10240,696,695,1,,not_applicable
no-quota-block-1,no-quota,1,121.0,quota-eligible,0,poisson,,10240,700,697,3,,not_applicable
no-quota-block-1,no-quota,1,122.0,quota-eligible,0,poisson,,10240,710,702,8,,not_applicable
no-quota-block-1,no-quota,1,123.0,quota-eligible,0,poisson,,10240,715,707,8,,not_applicable
no-quota-block-1,no-quota,1,124.0,quota-eligible,0,poisson,,10240,719,713,6,,not_applicable
no-quota-block-1,no-quota,1,125.0,quota-eligible,0,poisson,,10240,721,718,3,,not_applicable
no-quota-block-1,no-quota,1,126.0,quota-eligible,0,poisson,,10240,725,721,4,,not_applicable
no-quota-block-1,no-quota,1,127.0,quota-eligible,0,poisson,,10240,727,724,3,,not_applicable
no-quota-block-1,no-quota,1,128.0,quota-eligible,0,poisson,,10240,735,727,8,,not_applicable
no-quota-block-1,no-quota,1,129.0,quota-eligible,0,poisson,,10240,745,730,15,,not_applicable
no-quota-block-1,no-quota,1,130.0,quota-eligible,0,poisson,,10240,750,740,10,,not_applicable
no-quota-block-1,no-quota,1,131.0,quota-eligible,0,poisson,,10240,757,749,8,,not_applicable
no-quota-block-1,no-quota,1,132.0,quota-eligible,0,poisson,,10240,767,757,10,,not_applicable
no-quota-block-1,no-quota,1,133.0,quota-eligible,0,poisson,,10240,770,765,5,,not_applicable
no-quota-block-1,no-quota,1,134.0,quota-eligible,0,poisson,,10240,779,771,8,,not_applicable
no-quota-block-1,no-quota,1,135.0,quota-eligible,0,poisson,,10240,783,777,6,,not_applicable
no-quota-block-1,no-quota,1,136.0,quota-eligible,0,poisson,,10240,790,780,10,,not_applicable
no-quota-block-1,no-quota,1,137.0,quota-eligible,0,poisson,,10240,796,788,8,,not_applicable
no-quota-block-1,no-quota,1,138.0,quota-eligible,0,poisson,,10240,799,795,4,,not_applicable
no-quota-block-1,no-quota,1,139.0,quota-eligible,0,poisson,,10240,802,799,3,,not_applicable
no-quota-block-1,no-quota,1,140.0,quota-eligible,0,poisson,,10240,808,802,6,,not_applicable
no-quota-block-1,no-quota,1,141.0,quota-eligible,0,poisson,,10240,813,808,5,,not_applicable
no-quota-block-1,no-quota,1,142.0,quota-eligible,0,poisson,,10240,819,812,7,,not_applicable
no-quota-block-1,no-quota,1,143.0,quota-eligible,0,poisson,,10240,825,816,9,,not_applicable
no-quota-block-1,no-quota,1,144.0,quota-eligible,0,poisson,,10240,829,822,7,,not_applicable
no-quota-block-1,no-quota,1,145.0,quota-eligible,0,poisson,,10240,837,829,8,,not_applicable
no-quota-block-1,no-quota,1,146.0,quota-eligible,0,poisson,,10240,846,836,10,,not_applicable
no-quota-block-1,no-quota,1,147.0,quota-eligible,0,poisson,,10240,855,844,11,,not_applicable
no-quota-block-1,no-quota,1,148.0,quota-eligible,0,poisson,,10240,858,853,5,,not_applicable
no-quota-block-1,no-quota,1,149.0,quota-eligible,0,poisson,,10240,863,857,6,,not_applicable
no-quota-block-1,no-quota,1,150.0,quota-eligible,0,poisson,,10240,866,861,5,,not_applicable
no-quota-block-1,no-quota,1,151.0,quota-eligible,0,poisson,,10240,874,864,10,,not_applicable
no-quota-block-1,no-quota,1,152.0,quota-eligible,0,poisson,,10240,879,871,8,,not_applicable
no-quota-block-1,no-quota,1,153.0,quota-eligible,0,poisson,,10240,885,876,9,,not_applicable
no-quota-block-1,no-quota,1,154.0,quota-eligible,0,poisson,,10240,896,885,11,,not_applicable
no-quota-block-1,no-quota,1,155.0,quota-eligible,0,poisson,,10240,900,892,8,,not_applicable
no-quota-block-1,no-quota,1,156.0,quota-eligible,0,poisson,,10240,907,901,6,,not_applicable
no-quota-block-1,no-quota,1,157.0,quota-eligible,0,poisson,,10240,914,904,10,,not_applicable
no-quota-block-1,no-quota,1,158.0,quota-eligible,0,poisson,,10240,925,910,15,,not_applicable
no-quota-block-1,no-quota,1,159.0,quota-eligible,0,poisson,,10240,933,918,15,,not_applicable
no-quota-block-1,no-quota,1,160.0,quota-eligible,0,poisson,,10240,938,932,6,,not_applicable
no-quota-block-1,no-quota,1,161.0,quota-eligible,0,poisson,,10240,944,938,6,,not_applicable
no-quota-block-1,no-quota,1,162.0,quota-eligible,0,poisson,,10240,952,943,9,,not_applicable
no-quota-block-1,no-quota,1,163.0,quota-eligible,0,poisson,,10240,955,948,7,,not_applicable
no-quota-block-1,no-quota,1,164.0,quota-eligible,0,poisson,,10240,963,953,10,,not_applicable
no-quota-block-1,no-quota,1,165.0,quota-eligible,0,poisson,,10240,971,959,12,,not_applicable
no-quota-block-1,no-quota,1,166.0,quota-eligible,0,poisson,,10240,978,968,10,,not_applicable
no-quota-block-1,no-quota,1,167.0,quota-eligible,0,poisson,,10240,983,977,6,,not_applicable
no-quota-block-1,no-quota,1,168.0,quota-eligible,0,poisson,,10240,988,982,6,,not_applicable
no-quota-block-1,no-quota,1,169.0,quota-eligible,0,poisson,,10240,994,987,7,,not_applicable
no-quota-block-1,no-quota,1,170.0,quota-eligible,0,poisson,,10240,1000,993,7,,not_applicable
no-quota-block-1,no-quota,1,171.0,quota-eligible,0,poisson,,10240,1004,999,5,,not_applicable
no-quota-block-1,no-quota,1,172.0,quota-eligible,0,poisson,,10240,1011,1003,8,,not_applicable
no-quota-block-1,no-quota,1,173.0,quota-eligible,0,poisson,,10240,1013,1009,4,,not_applicable
no-quota-block-1,no-quota,1,174.0,quota-eligible,0,poisson,,10240,1019,1014,5,,not_applicable
no-quota-block-1,no-quota,1,175.0,quota-eligible,0,poisson,,10240,1028,1019,9,,not_applicable
no-quota-block-1,no-quota,1,176.0,quota-eligible,0,poisson,,10240,1033,1027,6,,not_applicable
no-quota-block-1,no-quota,1,177.0,quota-eligible,0,poisson,,10240,1035,1032,3,,not_applicable
no-quota-block-1,no-quota,1,178.0,quota-eligible,0,poisson,,10240,1039,1035,4,,not_applicable
no-quota-block-1,no-quota,1,179.0,quota-eligible,0,poisson,,10240,1042,1038,4,,not_applicable
no-quota-block-1,no-quota,1,180.0,quota-eligible,0,poisson,,10240,1048,1042,6,,not_applicable
no-quota-block-1,no-quota,1,181.0,quota-eligible,0,poisson,,10240,1053,1046,7,,not_applicable
no-quota-block-1,no-quota,1,182.0,quota-eligible,0,poisson,,10240,1062,1053,9,,not_applicable
no-quota-block-1,no-quota,1,183.0,quota-eligible,0,poisson,,10240,1067,1058,9,,not_applicable
no-quota-block-1,no-quota,1,184.0,quota-eligible,0,poisson,,10240,1073,1065,8,,not_applicable
no-quota-block-1,no-quota,1,185.0,quota-eligible,0,poisson,,10240,1079,1070,9,,not_applicable
no-quota-block-1,no-quota,1,186.0,quota-eligible,0,poisson,,10240,1081,1078,3,,not_applicable
no-quota-block-1,no-quota,1,187.0,quota-eligible,0,poisson,,10240,1086,1079,7,,not_applicable
no-quota-block-1,no-quota,1,188.0,quota-eligible,0,poisson,,10240,1090,1085,5,,not_applicable
no-quota-block-1,no-quota,1,189.0,quota-eligible,0,poisson,,10240,1095,1090,5,,not_applicable
no-quota-block-1,no-quota,1,190.0,quota-eligible,0,poisson,,10240,1101,1094,7,,not_applicable
no-quota-block-1,no-quota,1,191.0,quota-eligible,0,poisson,,10240,1108,1101,7,,not_applicable
no-quota-block-1,no-quota,1,192.0,quota-eligible,0,poisson,,10240,1114,1106,8,,not_applicable
no-quota-block-1,no-quota,1,193.0,quota-eligible,0,poisson,,10240,1122,1113,9,,not_applicable
no-quota-block-1,no-quota,1,194.0,quota-eligible,0,poisson,,10240,1133,1119,14,,not_applicable
no-quota-block-1,no-quota,1,195.0,quota-eligible,0,poisson,,10240,1141,1130,11,,not_applicable
no-quota-block-1,no-quota,1,196.0,quota-eligible,0,poisson,,10240,1149,1139,10,,not_applicable
no-quota-block-1,no-quota,1,197.0,quota-eligible,0,poisson,,10240,1154,1146,8,,not_applicable
no-quota-block-1,no-quota,1,198.0,quota-eligible,0,poisson,,10240,1158,1154,4,,not_applicable
no-quota-block-1,no-quota,1,199.0,quota-eligible,0,poisson,,10240,1169,1156,13,,not_applicable
no-quota-block-1,no-quota,1,200.0,quota-eligible,0,poisson,,10240,1175,1163,12,,not_applicable
no-quota-block-1,no-quota,1,201.0,quota-eligible,0,poisson,,10240,1182,1174,8,,not_applicable
no-quota-block-1,no-quota,1,202.0,quota-eligible,0,poisson,,10240,1187,1179,8,,not_applicable
no-quota-block-1,no-quota,1,203.0,quota-eligible,0,poisson,,10240,1196,1187,9,,not_applicable
no-quota-block-1,no-quota,1,204.0,quota-eligible,0,poisson,,10240,1200,1194,6,,not_applicable
no-quota-block-1,no-quota,1,205.0,quota-eligible,0,poisson,,10240,1207,1199,8,,not_applicable
no-quota-block-1,no-quota,1,206.0,quota-eligible,0,poisson,,10240,1211,1206,5,,not_applicable
no-quota-block-1,no-quota,1,207.0,quota-eligible,0,poisson,,10240,1218,1210,8,,not_applicable
no-quota-block-1,no-quota,1,208.0,quota-eligible,0,poisson,,10240,1222,1215,7,,not_applicable
no-quota-block-1,no-quota,1,209.0,quota-eligible,0,poisson,,10240,1229,1222,7,,not_applicable
no-quota-block-1,no-quota,1,210.0,quota-eligible,0,poisson,,10240,1230,1227,3,,not_applicable
no-quota-block-1,no-quota,1,211.0,quota-eligible,0,poisson,,10240,1239,1230,9,,not_applicable
no-quota-block-1,no-quota,1,212.0,quota-eligible,0,poisson,,10240,1240,1237,3,,not_applicable
no-quota-block-1,no-quota,1,213.0,quota-eligible,0,poisson,,10240,1245,1239,6,,not_applicable
no-quota-block-1,no-quota,1,214.0,quota-eligible,0,poisson,,10240,1250,1242,8,,not_applicable
no-quota-block-1,no-quota,1,215.0,quota-eligible,0,poisson,,10240,1254,1248,6,,not_applicable
no-quota-block-1,no-quota,1,216.0,quota-eligible,0,poisson,,10240,1258,1252,6,,not_applicable
no-quota-block-1,no-quota,1,217.0,quota-eligible,0,poisson,,10240,1265,1258,7,,not_applicable
no-quota-block-1,no-quota,1,218.0,quota-eligible,0,poisson,,10240,1267,1265,2,,not_applicable
no-quota-block-1,no-quota,1,219.0,quota-eligible,0,poisson,,10240,1273,1266,7,,not_applicable
no-quota-block-1,no-quota,1,220.0,quota-eligible,0,poisson,,10240,1276,1271,5,,not_applicable
no-quota-block-1,no-quota,1,221.0,quota-eligible,0,poisson,,10240,1280,1275,5,,not_applicable
no-quota-block-1,no-quota,1,222.0,quota-eligible,0,poisson,,10240,1286,1281,5,,not_applicable
no-quota-block-1,no-quota,1,223.0,quota-eligible,0,poisson,,10240,1293,1285,8,,not_applicable
no-quota-block-1,no-quota,1,224.0,quota-eligible,0,poisson,,10240,1296,1291,5,,not_applicable
no-quota-block-1,no-quota,1,225.0,quota-eligible,0,poisson,,10240,1302,1296,6,,not_applicable
no-quota-block-1,no-quota,1,226.0,quota-eligible,0,poisson,,10240,1315,1300,15,,not_applicable
no-quota-block-1,no-quota,1,227.0,quota-eligible,0,poisson,,10240,1323,1308,15,,not_applicable
no-quota-block-1,no-quota,1,228.0,quota-eligible,0,poisson,,10240,1329,1322,7,,not_applicable
no-quota-block-1,no-quota,1,229.0,quota-eligible,0,poisson,,10240,1335,1327,8,,not_applicable
no-quota-block-1,no-quota,1,230.0,quota-eligible,0,poisson,,10240,1341,1335,6,,not_applicable
no-quota-block-1,no-quota,1,231.0,quota-eligible,0,poisson,,10240,1346,1340,6,,not_applicable
no-quota-block-1,no-quota,1,232.0,quota-eligible,0,poisson,,10240,1354,1344,10,,not_applicable
no-quota-block-1,no-quota,1,233.0,quota-eligible,0,poisson,,10240,1363,1351,12,,not_applicable
no-quota-block-1,no-quota,1,234.0,quota-eligible,0,poisson,,10240,1372,1360,12,,not_applicable
no-quota-block-1,no-quota,1,235.0,quota-eligible,0,poisson,,10240,1377,1371,6,,not_applicable
no-quota-block-1,no-quota,1,236.0,quota-eligible,0,poisson,,10240,1383,1377,6,,not_applicable
no-quota-block-1,no-quota,1,237.0,quota-eligible,0,poisson,,10240,1388,1380,8,,not_applicable
no-quota-block-1,no-quota,1,238.0,quota-eligible,0,poisson,,10240,1391,1385,6,,not_applicable
no-quota-block-1,no-quota,1,239.0,quota-eligible,0,poisson,,10240,1398,1391,7,,not_applicable
no-quota-block-1,no-quota,1,240.0,quota-eligible,0,poisson,,10240,1410,1395,15,,not_applicable
no-quota-block-1,no-quota,1,0.0,background,0,poisson,,10240,0,0,0,,not_applicable
no-quota-block-1,no-quota,1,1.0,background,0,poisson,,10240,6,0,6,,not_applicable
no-quota-block-1,no-quota,1,2.0,background,0,poisson,,10240,11,6,5,,not_applicable
no-quota-block-1,no-quota,1,3.0,background,0,poisson,,10240,16,10,6,,not_applicable
no-quota-block-1,no-quota,1,4.0,background,0,poisson,,10240,17,13,4,,not_applicable
no-quota-block-1,no-quota,1,5.0,background,0,poisson,,10240,23,16,7,,not_applicable
no-quota-block-1,no-quota,1,6.0,background,0,poisson,,10240,29,19,10,,not_applicable
no-quota-block-1,no-quota,1,7.0,background,0,poisson,,10240,39,23,16,,not_applicable
no-quota-block-1,no-quota,1,8.0,background,0,poisson,,10240,46,29,17,,not_applicable
no-quota-block-1,no-quota,1,9.0,background,0,poisson,,10240,51,40,11,,not_applicable
no-quota-block-1,no-quota,1,10.0,background,0,poisson,,10240,57,47,10,,not_applicable
no-quota-block-1,no-quota,1,11.0,background,0,poisson,,10240,67,53,14,,not_applicable
no-quota-block-1,no-quota,1,12.0,background,0,poisson,,10240,75,61,14,,not_applicable
no-quota-block-1,no-quota,1,13.0,background,0,poisson,,10240,81,71,10,,not_applicable
no-quota-block-1,no-quota,1,14.0,background,0,poisson,,10240,87,77,10,,not_applicable
no-quota-block-1,no-quota,1,15.0,background,0,poisson,,10240,98,83,15,,not_applicable
no-quota-block-1,no-quota,1,16.0,background,0,poisson,,10240,103,93,10,,not_applicable
no-quota-block-1,no-quota,1,17.0,background,0,poisson,,10240,112,99,13,,not_applicable
no-quota-block-1,no-quota,1,18.0,background,0,poisson,,10240,120,108,12,,not_applicable
no-quota-block-1,no-quota,1,19.0,background,0,poisson,,10240,131,116,15,,not_applicable
no-quota-block-1,no-quota,1,20.0,background,0,poisson,,10240,136,128,8,,not_applicable
no-quota-block-1,no-quota,1,21.0,background,0,poisson,,10240,142,135,7,,not_applicable
no-quota-block-1,no-quota,1,22.0,background,0,poisson,,10240,144,140,4,,not_applicable
no-quota-block-1,no-quota,1,23.0,background,0,poisson,,10240,149,143,6,,not_applicable
no-quota-block-1,no-quota,1,24.0,background,0,poisson,,10240,155,148,7,,not_applicable
no-quota-block-1,no-quota,1,25.0,background,0,poisson,,10240,161,154,7,,not_applicable
no-quota-block-1,no-quota,1,26.0,background,0,poisson,,10240,168,161,7,,not_applicable
no-quota-block-1,no-quota,1,27.0,background,0,poisson,,10240,173,168,5,,not_applicable
no-quota-block-1,no-quota,1,28.0,background,0,poisson,,10240,178,173,5,,not_applicable
no-quota-block-1,no-quota,1,29.0,background,0,poisson,,10240,186,176,10,,not_applicable
no-quota-block-1,no-quota,1,30.0,background,0,poisson,,10240,190,180,10,,not_applicable
no-quota-block-1,no-quota,1,31.0,background,0,poisson,,10240,193,187,6,,not_applicable
no-quota-block-1,no-quota,1,32.0,background,0,poisson,,10240,197,190,7,,not_applicable
no-quota-block-1,no-quota,1,33.0,background,0,poisson,,10240,202,194,8,,not_applicable
no-quota-block-1,no-quota,1,34.0,background,0,poisson,,10240,208,197,11,,not_applicable
no-quota-block-1,no-quota,1,35.0,background,0,poisson,,10240,210,202,8,,not_applicable
no-quota-block-1,no-quota,1,36.0,background,0,poisson,,10240,214,208,6,,not_applicable
no-quota-block-1,no-quota,1,37.0,background,0,poisson,,10240,217,210,7,,not_applicable
no-quota-block-1,no-quota,1,38.0,background,0,poisson,,10240,221,215,6,,not_applicable
no-quota-block-1,no-quota,1,39.0,background,0,poisson,,10240,228,219,9,,not_applicable
no-quota-block-1,no-quota,1,40.0,background,0,poisson,,10240,238,226,12,,not_applicable
no-quota-block-1,no-quota,1,41.0,background,0,poisson,,10240,244,234,10,,not_applicable
no-quota-block-1,no-quota,1,42.0,background,0,poisson,,10240,250,245,5,,not_applicable
no-quota-block-1,no-quota,1,43.0,background,0,poisson,,10240,258,249,9,,not_applicable
no-quota-block-1,no-quota,1,44.0,background,0,poisson,,10240,264,256,8,,not_applicable
no-quota-block-1,no-quota,1,45.0,background,0,poisson,,10240,268,262,6,,not_applicable
no-quota-block-1,no-quota,1,46.0,background,0,poisson,,10240,273,266,7,,not_applicable
no-quota-block-1,no-quota,1,47.0,background,0,poisson,,10240,280,272,8,,not_applicable
no-quota-block-1,no-quota,1,48.0,background,0,poisson,,10240,283,279,4,,not_applicable
no-quota-block-1,no-quota,1,49.0,background,0,poisson,,10240,288,284,4,,not_applicable
no-quota-block-1,no-quota,1,50.0,background,0,poisson,,10240,294,286,8,,not_applicable
no-quota-block-1,no-quota,1,51.0,background,0,poisson,,10240,302,291,11,,not_applicable
no-quota-block-1,no-quota,1,52.0,background,0,poisson,,10240,308,299,9,,not_applicable
no-quota-block-1,no-quota,1,53.0,background,0,poisson,,10240,315,303,12,,not_applicable
no-quota-block-1,no-quota,1,54.0,background,0,poisson,,10240,320,309,11,,not_applicable
no-quota-block-1,no-quota,1,55.0,background,0,poisson,,10240,332,317,15,,not_applicable
no-quota-block-1,no-quota,1,56.0,background,0,poisson,,10240,337,325,12,,not_applicable
no-quota-block-1,no-quota,1,57.0,background,0,poisson,,10240,343,334,9,,not_applicable
no-quota-block-1,no-quota,1,58.0,background,0,poisson,,10240,351,340,11,,not_applicable
no-quota-block-1,no-quota,1,59.0,background,0,poisson,,10240,361,349,12,,not_applicable
no-quota-block-1,no-quota,1,60.0,background,0,poisson,,10240,365,356,9,,not_applicable
no-quota-block-1,no-quota,1,61.0,background,0,poisson,,10240,369,364,5,,not_applicable
no-quota-block-1,no-quota,1,62.0,background,0,poisson,,10240,374,369,5,,not_applicable
no-quota-block-1,no-quota,1,63.0,background,0,poisson,,10240,379,373,6,,not_applicable
no-quota-block-1,no-quota,1,64.0,background,0,poisson,,10240,382,379,3,,not_applicable
no-quota-block-1,no-quota,1,65.0,background,0,poisson,,10240,387,382,5,,not_applicable
no-quota-block-1,no-quota,1,66.0,background,0,poisson,,10240,394,385,9,,not_applicable
no-quota-block-1,no-quota,1,67.0,background,0,poisson,,10240,400,389,11,,not_applicable
no-quota-block-1,no-quota,1,68.0,background,0,poisson,,10240,401,396,5,,not_applicable
no-quota-block-1,no-quota,1,69.0,background,0,poisson,,10240,404,400,4,,not_applicable
no-quota-block-1,no-quota,1,70.0,background,0,poisson,,10240,412,403,9,,not_applicable
no-quota-block-1,no-quota,1,71.0,background,0,poisson,,10240,415,410,5,,not_applicable
no-quota-block-1,no-quota,1,72.0,background,0,poisson,,10240,417,416,1,,not_applicable
no-quota-block-1,no-quota,1,73.0,background,0,poisson,,10240,427,417,10,,not_applicable
no-quota-block-1,no-quota,1,74.0,background,0,poisson,,10240,430,422,8,,not_applicable
no-quota-block-1,no-quota,1,75.0,background,0,poisson,,10240,434,429,5,,not_applicable
no-quota-block-1,no-quota,1,76.0,background,0,poisson,,10240,442,432,10,,not_applicable
no-quota-block-1,no-quota,1,77.0,background,0,poisson,,10240,448,440,8,,not_applicable
no-quota-block-1,no-quota,1,78.0,background,0,poisson,,10240,459,448,11,,not_applicable
no-quota-block-1,no-quota,1,79.0,background,0,poisson,,10240,464,454,10,,not_applicable
no-quota-block-1,no-quota,1,80.0,background,0,poisson,,10240,470,464,6,,not_applicable
no-quota-block-1,no-quota,1,81.0,background,0,poisson,,10240,475,469,6,,not_applicable
no-quota-block-1,no-quota,1,82.0,background,0,poisson,,10240,482,473,9,,not_applicable
no-quota-block-1,no-quota,1,83.0,background,0,poisson,,10240,492,480,12,,not_applicable
no-quota-block-1,no-quota,1,84.0,background,0,poisson,,10240,503,487,16,,not_applicable
no-quota-block-1,no-quota,1,85.0,background,0,poisson,,10240,506,499,7,,not_applicable
no-quota-block-1,no-quota,1,86.0,background,0,poisson,,10240,513,506,7,,not_applicable
no-quota-block-1,no-quota,1,87.0,background,0,poisson,,10240,515,511,4,,not_applicable
no-quota-block-1,no-quota,1,88.0,background,0,poisson,,10240,524,515,9,,not_applicable
no-quota-block-1,no-quota,1,89.0,background,0,poisson,,10240,530,522,8,,not_applicable
no-quota-block-1,no-quota,1,90.0,background,0,poisson,,10240,537,529,8,,not_applicable
no-quota-block-1,no-quota,1,91.0,background,0,poisson,,10240,546,536,10,,not_applicable
no-quota-block-1,no-quota,1,92.0,background,0,poisson,,10240,554,541,13,,not_applicable
no-quota-block-1,no-quota,1,93.0,background,0,poisson,,10240,560,552,8,,not_applicable
no-quota-block-1,no-quota,1,94.0,background,0,poisson,,10240,562,559,3,,not_applicable
no-quota-block-1,no-quota,1,95.0,background,0,poisson,,10240,565,561,4,,not_applicable
no-quota-block-1,no-quota,1,96.0,background,0,poisson,,10240,571,566,5,,not_applicable
no-quota-block-1,no-quota,1,97.0,background,0,poisson,,10240,575,571,4,,not_applicable
no-quota-block-1,no-quota,1,98.0,background,0,poisson,,10240,575,574,1,,not_applicable
no-quota-block-1,no-quota,1,99.0,background,0,poisson,,10240,581,575,6,,not_applicable
no-quota-block-1,no-quota,1,100.0,background,0,poisson,,10240,585,578,7,,not_applicable
no-quota-block-1,no-quota,1,101.0,background,0,poisson,,10240,591,586,5,,not_applicable
no-quota-block-1,no-quota,1,102.0,background,0,poisson,,10240,594,591,3,,not_applicable
no-quota-block-1,no-quota,1,103.0,background,0,poisson,,10240,604,594,10,,not_applicable
no-quota-block-1,no-quota,1,104.0,background,0,poisson,,10240,606,600,6,,not_applicable
no-quota-block-1,no-quota,1,105.0,background,0,poisson,,10240,612,606,6,,not_applicable
no-quota-block-1,no-quota,1,106.0,background,0,poisson,,10240,618,610,8,,not_applicable
no-quota-block-1,no-quota,1,107.0,background,0,poisson,,10240,626,615,11,,not_applicable
no-quota-block-1,no-quota,1,108.0,background,0,poisson,,10240,631,623,8,,not_applicable
no-quota-block-1,no-quota,1,109.0,background,0,poisson,,10240,639,630,9,,not_applicable
no-quota-block-1,no-quota,1,110.0,background,0,poisson,,10240,649,636,13,,not_applicable
no-quota-block-1,no-quota,1,111.0,background,0,poisson,,10240,653,647,6,,not_applicable
no-quota-block-1,no-quota,1,112.0,background,0,poisson,,10240,658,653,5,,not_applicable
no-quota-block-1,no-quota,1,113.0,background,0,poisson,,10240,666,657,9,,not_applicable
no-quota-block-1,no-quota,1,114.0,background,0,poisson,,10240,668,663,5,,not_applicable
no-quota-block-1,no-quota,1,115.0,background,0,poisson,,10240,674,667,7,,not_applicable
no-quota-block-1,no-quota,1,116.0,background,0,poisson,,10240,680,672,8,,not_applicable
no-quota-block-1,no-quota,1,117.0,background,0,poisson,,10240,684,680,4,,not_applicable
no-quota-block-1,no-quota,1,118.0,background,0,poisson,,10240,687,684,3,,not_applicable
no-quota-block-1,no-quota,1,119.0,background,0,poisson,,10240,696,687,9,,not_applicable
no-quota-block-1,no-quota,1,120.0,background,0,poisson,,10240,696,695,1,,not_applicable
no-quota-block-1,no-quota,1,121.0,background,0,poisson,,10240,700,696,4,,not_applicable
no-quota-block-1,no-quota,1,122.0,background,0,poisson,,10240,710,700,10,,not_applicable
no-quota-block-1,no-quota,1,123.0,background,0,poisson,,10240,715,707,8,,not_applicable
no-quota-block-1,no-quota,1,124.0,background,0,poisson,,10240,719,713,6,,not_applicable
no-quota-block-1,no-quota,1,125.0,background,0,poisson,,10240,721,718,3,,not_applicable
no-quota-block-1,no-quota,1,126.0,background,0,poisson,,10240,725,721,4,,not_applicable
no-quota-block-1,no-quota,1,127.0,background,0,poisson,,10240,727,724,3,,not_applicable
no-quota-block-1,no-quota,1,128.0,background,0,poisson,,10240,735,727,8,,not_applicable
no-quota-block-1,no-quota,1,129.0,background,0,poisson,,10240,745,731,14,,not_applicable
no-quota-block-1,no-quota,1,130.0,background,0,poisson,,10240,750,742,8,,not_applicable
no-quota-block-1,no-quota,1,131.0,background,0,poisson,,10240,757,749,8,,not_applicable
no-quota-block-1,no-quota,1,132.0,background,0,poisson,,10240,767,757,10,,not_applicable
no-quota-block-1,no-quota,1,133.0,background,0,poisson,,10240,770,766,4,,not_applicable
no-quota-block-1,no-quota,1,134.0,background,0,poisson,,10240,779,770,9,,not_applicable
no-quota-block-1,no-quota,1,135.0,background,0,poisson,,10240,783,777,6,,not_applicable
no-quota-block-1,no-quota,1,136.0,background,0,poisson,,10240,790,781,9,,not_applicable
no-quota-block-1,no-quota,1,137.0,background,0,poisson,,10240,796,789,7,,not_applicable
no-quota-block-1,no-quota,1,138.0,background,0,poisson,,10240,799,795,4,,not_applicable
no-quota-block-1,no-quota,1,139.0,background,0,poisson,,10240,802,799,3,,not_applicable
no-quota-block-1,no-quota,1,140.0,background,0,poisson,,10240,808,802,6,,not_applicable
no-quota-block-1,no-quota,1,141.0,background,0,poisson,,10240,813,807,6,,not_applicable
no-quota-block-1,no-quota,1,142.0,background,0,poisson,,10240,819,811,8,,not_applicable
no-quota-block-1,no-quota,1,143.0,background,0,poisson,,10240,825,816,9,,not_applicable
no-quota-block-1,no-quota,1,144.0,background,0,poisson,,10240,829,822,7,,not_applicable
no-quota-block-1,no-quota,1,145.0,background,0,poisson,,10240,837,829,8,,not_applicable
no-quota-block-1,no-quota,1,146.0,background,0,poisson,,10240,846,836,10,,not_applicable
no-quota-block-1,no-quota,1,147.0,background,0,poisson,,10240,855,845,10,,not_applicable
no-quota-block-1,no-quota,1,148.0,background,0,poisson,,10240,858,853,5,,not_applicable
no-quota-block-1,no-quota,1,149.0,background,0,poisson,,10240,863,857,6,,not_applicable
no-quota-block-1,no-quota,1,150.0,background,0,poisson,,10240,866,862,4,,not_applicable
no-quota-block-1,no-quota,1,151.0,background,0,poisson,,10240,874,864,10,,not_applicable
no-quota-block-1,no-quota,1,152.0,background,0,poisson,,10240,879,871,8,,not_applicable
no-quota-block-1,no-quota,1,153.0,background,0,poisson,,10240,885,876,9,,not_applicable
no-quota-block-1,no-quota,1,154.0,background,0,poisson,,10240,896,884,12,,not_applicable
no-quota-block-1,no-quota,1,155.0,background,0,poisson,,10240,900,892,8,,not_applicable
no-quota-block-1,no-quota,1,156.0,background,0,poisson,,10240,907,901,6,,not_applicable
no-quota-block-1,no-quota,1,157.0,background,0,poisson,,10240,914,905,9,,not_applicable
no-quota-block-1,no-quota,1,158.0,background,0,poisson,,10240,925,910,15,,not_applicable
no-quota-block-1,no-quota,1,159.0,background,0,poisson,,10240,933,920,13,,not_applicable
no-quota-block-1,no-quota,1,160.0,background,0,poisson,,10240,938,932,6,,not_applicable
no-quota-block-1,no-quota,1,161.0,background,0,poisson,,10240,944,939,5,,not_applicable
no-quota-block-1,no-quota,1,162.0,background,0,poisson,,10240,952,943,9,,not_applicable
no-quota-block-1,no-quota,1,163.0,background,0,poisson,,10240,955,948,7,,not_applicable
no-quota-block-1,no-quota,1,164.0,background,0,poisson,,10240,963,953,10,,not_applicable
no-quota-block-1,no-quota,1,165.0,background,0,poisson,,10240,971,960,11,,not_applicable
no-quota-block-1,no-quota,1,166.0,background,0,poisson,,10240,978,968,10,,not_applicable
no-quota-block-1,no-quota,1,167.0,background,0,poisson,,10240,983,978,5,,not_applicable
no-quota-block-1,no-quota,1,168.0,background,0,poisson,,10240,988,983,5,,not_applicable
no-quota-block-1,no-quota,1,169.0,background,0,poisson,,10240,994,987,7,,not_applicable
no-quota-block-1,no-quota,1,170.0,background,0,poisson,,10240,1000,994,6,,not_applicable
no-quota-block-1,no-quota,1,171.0,background,0,poisson,,10240,1004,999,5,,not_applicable
no-quota-block-1,no-quota,1,172.0,background,0,poisson,,10240,1011,1004,7,,not_applicable
no-quota-block-1,no-quota,1,173.0,background,0,poisson,,10240,1013,1009,4,,not_applicable
no-quota-block-1,no-quota,1,174.0,background,0,poisson,,10240,1019,1013,6,,not_applicable
no-quota-block-1,no-quota,1,175.0,background,0,poisson,,10240,1028,1019,9,,not_applicable
no-quota-block-1,no-quota,1,176.0,background,0,poisson,,10240,1033,1026,7,,not_applicable
no-quota-block-1,no-quota,1,177.0,background,0,poisson,,10240,1035,1031,4,,not_applicable
no-quota-block-1,no-quota,1,178.0,background,0,poisson,,10240,1039,1035,4,,not_applicable
no-quota-block-1,no-quota,1,179.0,background,0,poisson,,10240,1042,1038,4,,not_applicable
no-quota-block-1,no-quota,1,180.0,background,0,poisson,,10240,1048,1042,6,,not_applicable
no-quota-block-1,no-quota,1,181.0,background,0,poisson,,10240,1053,1047,6,,not_applicable
no-quota-block-1,no-quota,1,182.0,background,0,poisson,,10240,1062,1052,10,,not_applicable
no-quota-block-1,no-quota,1,183.0,background,0,poisson,,10240,1067,1059,8,,not_applicable
no-quota-block-1,no-quota,1,184.0,background,0,poisson,,10240,1073,1065,8,,not_applicable
no-quota-block-1,no-quota,1,185.0,background,0,poisson,,10240,1079,1071,8,,not_applicable
no-quota-block-1,no-quota,1,186.0,background,0,poisson,,10240,1081,1078,3,,not_applicable
no-quota-block-1,no-quota,1,187.0,background,0,poisson,,10240,1086,1081,5,,not_applicable
no-quota-block-1,no-quota,1,188.0,background,0,poisson,,10240,1090,1085,5,,not_applicable
no-quota-block-1,no-quota,1,189.0,background,0,poisson,,10240,1095,1089,6,,not_applicable
no-quota-block-1,no-quota,1,190.0,background,0,poisson,,10240,1101,1093,8,,not_applicable
no-quota-block-1,no-quota,1,191.0,background,0,poisson,,10240,1108,1100,8,,not_applicable
no-quota-block-1,no-quota,1,192.0,background,0,poisson,,10240,1114,1107,7,,not_applicable
no-quota-block-1,no-quota,1,193.0,background,0,poisson,,10240,1122,1113,9,,not_applicable
no-quota-block-1,no-quota,1,194.0,background,0,poisson,,10240,1133,1121,12,,not_applicable
no-quota-block-1,no-quota,1,195.0,background,0,poisson,,10240,1141,1131,10,,not_applicable
no-quota-block-1,no-quota,1,196.0,background,0,poisson,,10240,1149,1139,10,,not_applicable
no-quota-block-1,no-quota,1,197.0,background,0,poisson,,10240,1154,1147,7,,not_applicable
no-quota-block-1,no-quota,1,198.0,background,0,poisson,,10240,1158,1153,5,,not_applicable
no-quota-block-1,no-quota,1,199.0,background,0,poisson,,10240,1169,1156,13,,not_applicable
no-quota-block-1,no-quota,1,200.0,background,0,poisson,,10240,1175,1163,12,,not_applicable
no-quota-block-1,no-quota,1,201.0,background,0,poisson,,10240,1182,1174,8,,not_applicable
no-quota-block-1,no-quota,1,202.0,background,0,poisson,,10240,1187,1180,7,,not_applicable
no-quota-block-1,no-quota,1,203.0,background,0,poisson,,10240,1196,1187,9,,not_applicable
no-quota-block-1,no-quota,1,204.0,background,0,poisson,,10240,1200,1194,6,,not_applicable
no-quota-block-1,no-quota,1,205.0,background,0,poisson,,10240,1207,1199,8,,not_applicable
no-quota-block-1,no-quota,1,206.0,background,0,poisson,,10240,1211,1206,5,,not_applicable
no-quota-block-1,no-quota,1,207.0,background,0,poisson,,10240,1218,1210,8,,not_applicable
no-quota-block-1,no-quota,1,208.0,background,0,poisson,,10240,1222,1215,7,,not_applicable
no-quota-block-1,no-quota,1,209.0,background,0,poisson,,10240,1229,1222,7,,not_applicable
no-quota-block-1,no-quota,1,210.0,background,0,poisson,,10240,1230,1227,3,,not_applicable
no-quota-block-1,no-quota,1,211.0,background,0,poisson,,10240,1239,1230,9,,not_applicable
no-quota-block-1,no-quota,1,212.0,background,0,poisson,,10240,1240,1237,3,,not_applicable
no-quota-block-1,no-quota,1,213.0,background,0,poisson,,10240,1245,1239,6,,not_applicable
no-quota-block-1,no-quota,1,214.0,background,0,poisson,,10240,1250,1243,7,,not_applicable
no-quota-block-1,no-quota,1,215.0,background,0,poisson,,10240,1254,1248,6,,not_applicable
no-quota-block-1,no-quota,1,216.0,background,0,poisson,,10240,1258,1253,5,,not_applicable
no-quota-block-1,no-quota,1,217.0,background,0,poisson,,10240,1265,1258,7,,not_applicable
no-quota-block-1,no-quota,1,218.0,background,0,poisson,,10240,1267,1265,2,,not_applicable
no-quota-block-1,no-quota,1,219.0,background,0,poisson,,10240,1273,1266,7,,not_applicable
no-quota-block-1,no-quota,1,220.0,background,0,poisson,,10240,1276,1271,5,,not_applicable
no-quota-block-1,no-quota,1,221.0,background,0,poisson,,10240,1280,1275,5,,not_applicable
no-quota-block-1,no-quota,1,222.0,background,0,poisson,,10240,1286,1280,6,,not_applicable
no-quota-block-1,no-quota,1,223.0,background,0,poisson,,10240,1293,1285,8,,not_applicable
no-quota-block-1,no-quota,1,224.0,background,0,poisson,,10240,1296,1292,4,,not_applicable
no-quota-block-1,no-quota,1,225.0,background,0,poisson,,10240,1302,1296,6,,not_applicable
no-quota-block-1,no-quota,1,226.0,background,0,poisson,,10240,1315,1300,15,,not_applicable
no-quota-block-1,no-quota,1,227.0,background,0,poisson,,10240,1323,1309,14,,not_applicable
no-quota-block-1,no-quota,1,228.0,background,0,poisson,,10240,1329,1322,7,,not_applicable
no-quota-block-1,no-quota,1,229.0,background,0,poisson,,10240,1335,1327,8,,not_applicable
no-quota-block-1,no-quota,1,230.0,background,0,poisson,,10240,1341,1334,7,,not_applicable
no-quota-block-1,no-quota,1,231.0,background,0,poisson,,10240,1346,1340,6,,not_applicable
no-quota-block-1,no-quota,1,232.0,background,0,poisson,,10240,1354,1344,10,,not_applicable
no-quota-block-1,no-quota,1,233.0,background,0,poisson,,10240,1363,1352,11,,not_applicable
no-quota-block-1,no-quota,1,234.0,background,0,poisson,,10240,1372,1360,12,,not_applicable
no-quota-block-1,no-quota,1,235.0,background,0,poisson,,10240,1377,1371,6,,not_applicable
no-quota-block-1,no-quota,1,236.0,background,0,poisson,,10240,1383,1377,6,,not_applicable
no-quota-block-1,no-quota,1,237.0,background,0,poisson,,10240,1388,1381,7,,not_applicable
no-quota-block-1,no-quota,1,238.0,background,0,poisson,,10240,1391,1386,5,,not_applicable
no-quota-block-1,no-quota,1,239.0,background,0,poisson,,10240,1398,1390,8,,not_applicable
no-quota-block-1,no-quota,1,240.0,background,0,poisson,,10240,1410,1395,15,,not_applicable
blocking-quota-block-2,blocking-quota,2,0.0,quota-eligible,0,poisson,,10240,0,0,0,,not_applicable
blocking-quota-block-2,blocking-quota,2,1.0,quota-eligible,0,poisson,,10240,6,0,6,,not_applicable
blocking-quota-block-2,blocking-quota,2,2.0,quota-eligible,0,poisson,,10240,11,6,5,,not_applicable
blocking-quota-block-2,blocking-quota,2,3.0,quota-eligible,0,poisson,,10240,16,8,8,,not_applicable
blocking-quota-block-2,blocking-quota,2,4.0,quota-eligible,0,poisson,,10240,17,14,3,,not_applicable
blocking-quota-block-2,blocking-quota,2,5.0,quota-eligible,0,poisson,,10240,23,17,6,,not_applicable
blocking-quota-block-2,blocking-quota,2,6.0,quota-eligible,0,poisson,,10240,29,23,6,,not_applicable
blocking-quota-block-2,blocking-quota,2,7.0,quota-eligible,0,poisson,,10240,39,27,12,,not_applicable
blocking-quota-block-2,blocking-quota,2,8.0,quota-eligible,0,poisson,,10240,46,35,11,,not_applicable
blocking-quota-block-2,blocking-quota,2,9.0,quota-eligible,0,poisson,,10240,51,46,5,,not_applicable
blocking-quota-block-2,blocking-quota,2,10.0,quota-eligible,0,poisson,,10240,57,52,5,,not_applicable
blocking-quota-block-2,blocking-quota,2,11.0,quota-eligible,0,poisson,,10240,67,61,6,,not_applicable
blocking-quota-block-2,blocking-quota,2,12.0,quota-eligible,0,poisson,,10240,75,68,7,,not_applicable
blocking-quota-block-2,blocking-quota,2,13.0,quota-eligible,0,poisson,,10240,81,75,6,,not_applicable
blocking-quota-block-2,blocking-quota,2,14.0,quota-eligible,0,poisson,,10240,87,80,7,,not_applicable
blocking-quota-block-2,blocking-quota,2,15.0,quota-eligible,0,poisson,,10240,98,92,6,,not_applicable
blocking-quota-block-2,blocking-quota,2,16.0,quota-eligible,0,poisson,,10240,103,97,6,,not_applicable
blocking-quota-block-2,blocking-quota,2,17.0,quota-eligible,0,poisson,,10240,112,105,7,,not_applicable
blocking-quota-block-2,blocking-quota,2,18.0,quota-eligible,0,poisson,,10240,120,114,6,,not_applicable
blocking-quota-block-2,blocking-quota,2,19.0,quota-eligible,0,poisson,,10240,131,125,6,,not_applicable
blocking-quota-block-2,blocking-quota,2,20.0,quota-eligible,0,poisson,,10240,136,129,7,,not_applicable
blocking-quota-block-2,blocking-quota,2,21.0,quota-eligible,0,poisson,,10240,142,135,7,,not_applicable
blocking-quota-block-2,blocking-quota,2,22.0,quota-eligible,0,poisson,,10240,144,140,4,,not_applicable
blocking-quota-block-2,blocking-quota,2,23.0,quota-eligible,0,poisson,,10240,149,143,6,,not_applicable
blocking-quota-block-2,blocking-quota,2,24.0,quota-eligible,0,poisson,,10240,155,148,7,,not_applicable
blocking-quota-block-2,blocking-quota,2,25.0,quota-eligible,0,poisson,,10240,161,153,8,,not_applicable
blocking-quota-block-2,blocking-quota,2,26.0,quota-eligible,0,poisson,,10240,168,161,7,,not_applicable
blocking-quota-block-2,blocking-quota,2,27.0,quota-eligible,0,poisson,,10240,173,166,7,,not_applicable
blocking-quota-block-2,blocking-quota,2,28.0,quota-eligible,0,poisson,,10240,178,173,5,,not_applicable
blocking-quota-block-2,blocking-quota,2,29.0,quota-eligible,0,poisson,,10240,186,177,9,,not_applicable
blocking-quota-block-2,blocking-quota,2,30.0,quota-eligible,0,poisson,,10240,190,185,5,,not_applicable
blocking-quota-block-2,blocking-quota,2,31.0,quota-eligible,0,poisson,,10240,193,189,4,,not_applicable
blocking-quota-block-2,blocking-quota,2,32.0,quota-eligible,0,poisson,,10240,197,193,4,,not_applicable
blocking-quota-block-2,blocking-quota,2,33.0,quota-eligible,0,poisson,,10240,202,196,6,,not_applicable
blocking-quota-block-2,blocking-quota,2,34.0,quota-eligible,0,poisson,,10240,208,199,9,,not_applicable
blocking-quota-block-2,blocking-quota,2,35.0,quota-eligible,0,poisson,,10240,210,206,4,,not_applicable
blocking-quota-block-2,blocking-quota,2,36.0,quota-eligible,0,poisson,,10240,214,209,5,,not_applicable
blocking-quota-block-2,blocking-quota,2,37.0,quota-eligible,0,poisson,,10240,217,211,6,,not_applicable
blocking-quota-block-2,blocking-quota,2,38.0,quota-eligible,0,poisson,,10240,221,216,5,,not_applicable
blocking-quota-block-2,blocking-quota,2,39.0,quota-eligible,0,poisson,,10240,228,219,9,,not_applicable
blocking-quota-block-2,blocking-quota,2,40.0,quota-eligible,0,poisson,,10240,238,227,11,,not_applicable
blocking-quota-block-2,blocking-quota,2,41.0,quota-eligible,0,poisson,,10240,244,238,6,,not_applicable
blocking-quota-block-2,blocking-quota,2,42.0,quota-eligible,0,poisson,,10240,250,245,5,,not_applicable
blocking-quota-block-2,blocking-quota,2,43.0,quota-eligible,0,poisson,,10240,258,251,7,,not_applicable
blocking-quota-block-2,blocking-quota,2,44.0,quota-eligible,0,poisson,,10240,264,258,6,,not_applicable
blocking-quota-block-2,blocking-quota,2,45.0,quota-eligible,0,poisson,,10240,268,264,4,,not_applicable
blocking-quota-block-2,blocking-quota,2,46.0,quota-eligible,0,poisson,,10240,273,266,7,,not_applicable
blocking-quota-block-2,blocking-quota,2,47.0,quota-eligible,0,poisson,,10240,280,272,8,,not_applicable
blocking-quota-block-2,blocking-quota,2,48.0,quota-eligible,0,poisson,,10240,283,277,6,,not_applicable
blocking-quota-block-2,blocking-quota,2,49.0,quota-eligible,0,poisson,,10240,288,282,6,,not_applicable
blocking-quota-block-2,blocking-quota,2,50.0,quota-eligible,0,poisson,,10240,294,285,9,,not_applicable
blocking-quota-block-2,blocking-quota,2,51.0,quota-eligible,0,poisson,,10240,302,295,7,,not_applicable
blocking-quota-block-2,blocking-quota,2,52.0,quota-eligible,0,poisson,,10240,308,302,6,,not_applicable
blocking-quota-block-2,blocking-quota,2,53.0,quota-eligible,0,poisson,,10240,315,308,7,,not_applicable
blocking-quota-block-2,blocking-quota,2,54.0,quota-eligible,0,poisson,,10240,320,314,6,,not_applicable
blocking-quota-block-2,blocking-quota,2,55.0,quota-eligible,0,poisson,,10240,332,325,7,,not_applicable
blocking-quota-block-2,blocking-quota,2,56.0,quota-eligible,0,poisson,,10240,337,332,5,,not_applicable
blocking-quota-block-2,blocking-quota,2,57.0,quota-eligible,0,poisson,,10240,343,337,6,,not_applicable
blocking-quota-block-2,blocking-quota,2,58.0,quota-eligible,0,poisson,,10240,351,345,6,,not_applicable
blocking-quota-block-2,blocking-quota,2,59.0,quota-eligible,0,poisson,,10240,361,355,6,,not_applicable
blocking-quota-block-2,blocking-quota,2,60.0,quota-eligible,0,poisson,,10240,365,360,5,,not_applicable
blocking-quota-block-2,blocking-quota,2,61.0,quota-eligible,0,poisson,,10240,369,364,5,,not_applicable
blocking-quota-block-2,blocking-quota,2,62.0,quota-eligible,0,poisson,,10240,374,368,6,,not_applicable
blocking-quota-block-2,blocking-quota,2,63.0,quota-eligible,0,poisson,,10240,379,373,6,,not_applicable
blocking-quota-block-2,blocking-quota,2,64.0,quota-eligible,0,poisson,,10240,382,378,4,,not_applicable
blocking-quota-block-2,blocking-quota,2,65.0,quota-eligible,0,poisson,,10240,387,381,6,,not_applicable
blocking-quota-block-2,blocking-quota,2,66.0,quota-eligible,0,poisson,,10240,394,384,10,,not_applicable
blocking-quota-block-2,blocking-quota,2,67.0,quota-eligible,0,poisson,,10240,400,393,7,,not_applicable
blocking-quota-block-2,blocking-quota,2,68.0,quota-eligible,0,poisson,,10240,401,398,3,,not_applicable
blocking-quota-block-2,blocking-quota,2,69.0,quota-eligible,0,poisson,,10240,404,400,4,,not_applicable
blocking-quota-block-2,blocking-quota,2,70.0,quota-eligible,0,poisson,,10240,412,403,9,,not_applicable
blocking-quota-block-2,blocking-quota,2,71.0,quota-eligible,0,poisson,,10240,415,410,5,,not_applicable
blocking-quota-block-2,blocking-quota,2,72.0,quota-eligible,0,poisson,,10240,417,415,2,,not_applicable
blocking-quota-block-2,blocking-quota,2,73.0,quota-eligible,0,poisson,,10240,427,417,10,,not_applicable
blocking-quota-block-2,blocking-quota,2,74.0,quota-eligible,0,poisson,,10240,430,424,6,,not_applicable
blocking-quota-block-2,blocking-quota,2,75.0,quota-eligible,0,poisson,,10240,434,427,7,,not_applicable
blocking-quota-block-2,blocking-quota,2,76.0,quota-eligible,0,poisson,,10240,442,432,10,,not_applicable
blocking-quota-block-2,blocking-quota,2,77.0,quota-eligible,0,poisson,,10240,448,439,9,,not_applicable
blocking-quota-block-2,blocking-quota,2,78.0,quota-eligible,0,poisson,,10240,459,449,10,,not_applicable
blocking-quota-block-2,blocking-quota,2,79.0,quota-eligible,0,poisson,,10240,464,458,6,,not_applicable
blocking-quota-block-2,blocking-quota,2,80.0,quota-eligible,0,poisson,,10240,470,464,6,,not_applicable
blocking-quota-block-2,blocking-quota,2,81.0,quota-eligible,0,poisson,,10240,475,467,8,,not_applicable
blocking-quota-block-2,blocking-quota,2,82.0,quota-eligible,0,poisson,,10240,482,474,8,,not_applicable
blocking-quota-block-2,blocking-quota,2,83.0,quota-eligible,0,poisson,,10240,492,485,7,,not_applicable
blocking-quota-block-2,blocking-quota,2,84.0,quota-eligible,0,poisson,,10240,503,497,6,,not_applicable
blocking-quota-block-2,blocking-quota,2,85.0,quota-eligible,0,poisson,,10240,506,503,3,,not_applicable
blocking-quota-block-2,blocking-quota,2,86.0,quota-eligible,0,poisson,,10240,513,506,7,,not_applicable
blocking-quota-block-2,blocking-quota,2,87.0,quota-eligible,0,poisson,,10240,515,513,2,,not_applicable
blocking-quota-block-2,blocking-quota,2,88.0,quota-eligible,0,poisson,,10240,524,515,9,,not_applicable
blocking-quota-block-2,blocking-quota,2,89.0,quota-eligible,0,poisson,,10240,530,523,7,,not_applicable
blocking-quota-block-2,blocking-quota,2,90.0,quota-eligible,0,poisson,,10240,537,532,5,,not_applicable
blocking-quota-block-2,blocking-quota,2,91.0,quota-eligible,0,poisson,,10240,546,538,8,,not_applicable
blocking-quota-block-2,blocking-quota,2,92.0,quota-eligible,0,poisson,,10240,554,548,6,,not_applicable
blocking-quota-block-2,blocking-quota,2,93.0,quota-eligible,0,poisson,,10240,560,554,6,,not_applicable
blocking-quota-block-2,blocking-quota,2,94.0,quota-eligible,0,poisson,,10240,562,559,3,,not_applicable
blocking-quota-block-2,blocking-quota,2,95.0,quota-eligible,0,poisson,,10240,565,561,4,,not_applicable
blocking-quota-block-2,blocking-quota,2,96.0,quota-eligible,0,poisson,,10240,571,565,6,,not_applicable
blocking-quota-block-2,blocking-quota,2,97.0,quota-eligible,0,poisson,,10240,575,571,4,,not_applicable
blocking-quota-block-2,blocking-quota,2,98.0,quota-eligible,0,poisson,,10240,575,574,1,,not_applicable
blocking-quota-block-2,blocking-quota,2,99.0,quota-eligible,0,poisson,,10240,581,575,6,,not_applicable
blocking-quota-block-2,blocking-quota,2,100.0,quota-eligible,0,poisson,,10240,585,578,7,,not_applicable
blocking-quota-block-2,blocking-quota,2,101.0,quota-eligible,0,poisson,,10240,591,585,6,,not_applicable
blocking-quota-block-2,blocking-quota,2,102.0,quota-eligible,0,poisson,,10240,594,591,3,,not_applicable
blocking-quota-block-2,blocking-quota,2,103.0,quota-eligible,0,poisson,,10240,604,594,10,,not_applicable
blocking-quota-block-2,blocking-quota,2,104.0,quota-eligible,0,poisson,,10240,606,599,7,,not_applicable
blocking-quota-block-2,blocking-quota,2,105.0,quota-eligible,0,poisson,,10240,611,606,5,,not_applicable
blocking-quota-block-2,blocking-quota,2,106.0,quota-eligible,0,poisson,,10240,618,610,8,,not_applicable
blocking-quota-block-2,blocking-quota,2,107.0,quota-eligible,0,poisson,,10240,626,618,8,,not_applicable
blocking-quota-block-2,blocking-quota,2,108.0,quota-eligible,0,poisson,,10240,631,624,7,,not_applicable
blocking-quota-block-2,blocking-quota,2,109.0,quota-eligible,0,poisson,,10240,639,633,6,,not_applicable
blocking-quota-block-2,blocking-quota,2,110.0,quota-eligible,0,poisson,,10240,649,644,5,,not_applicable
blocking-quota-block-2,blocking-quota,2,111.0,quota-eligible,0,poisson,,10240,653,647,6,,not_applicable
blocking-quota-block-2,blocking-quota,2,112.0,quota-eligible,0,poisson,,10240,658,652,6,,not_applicable
blocking-quota-block-2,blocking-quota,2,113.0,quota-eligible,0,poisson,,10240,666,658,8,,not_applicable
blocking-quota-block-2,blocking-quota,2,114.0,quota-eligible,0,poisson,,10240,668,665,3,,not_applicable
blocking-quota-block-2,blocking-quota,2,115.0,quota-eligible,0,poisson,,10240,674,666,8,,not_applicable
blocking-quota-block-2,blocking-quota,2,116.0,quota-eligible,0,poisson,,10240,680,672,8,,not_applicable
blocking-quota-block-2,blocking-quota,2,117.0,quota-eligible,0,poisson,,10240,684,680,4,,not_applicable
blocking-quota-block-2,blocking-quota,2,118.0,quota-eligible,0,poisson,,10240,687,684,3,,not_applicable
blocking-quota-block-2,blocking-quota,2,119.0,quota-eligible,0,poisson,,10240,696,687,9,,not_applicable
blocking-quota-block-2,blocking-quota,2,120.0,quota-eligible,0,poisson,,10240,696,695,1,,not_applicable
blocking-quota-block-2,blocking-quota,2,121.0,quota-eligible,0,poisson,,10240,700,696,4,,not_applicable
blocking-quota-block-2,blocking-quota,2,122.0,quota-eligible,0,poisson,,10240,710,700,10,,not_applicable
blocking-quota-block-2,blocking-quota,2,123.0,quota-eligible,0,poisson,,10240,715,707,8,,not_applicable
blocking-quota-block-2,blocking-quota,2,124.0,quota-eligible,0,poisson,,10240,719,714,5,,not_applicable
blocking-quota-block-2,blocking-quota,2,125.0,quota-eligible,0,poisson,,10240,721,718,3,,not_applicable
blocking-quota-block-2,blocking-quota,2,126.0,quota-eligible,0,poisson,,10240,725,721,4,,not_applicable
blocking-quota-block-2,blocking-quota,2,127.0,quota-eligible,0,poisson,,10240,727,724,3,,not_applicable
blocking-quota-block-2,blocking-quota,2,128.0,quota-eligible,0,poisson,,10240,735,728,7,,not_applicable
blocking-quota-block-2,blocking-quota,2,129.0,quota-eligible,0,poisson,,10240,745,731,14,,not_applicable
blocking-quota-block-2,blocking-quota,2,130.0,quota-eligible,0,poisson,,10240,750,742,8,,not_applicable
blocking-quota-block-2,blocking-quota,2,131.0,quota-eligible,0,poisson,,10240,757,751,6,,not_applicable
blocking-quota-block-2,blocking-quota,2,132.0,quota-eligible,0,poisson,,10240,767,761,6,,not_applicable
blocking-quota-block-2,blocking-quota,2,133.0,quota-eligible,0,poisson,,10240,770,766,4,,not_applicable
blocking-quota-block-2,blocking-quota,2,134.0,quota-eligible,0,poisson,,10240,779,772,7,,not_applicable
blocking-quota-block-2,blocking-quota,2,135.0,quota-eligible,0,poisson,,10240,783,778,5,,not_applicable
blocking-quota-block-2,blocking-quota,2,136.0,quota-eligible,0,poisson,,10240,790,781,9,,not_applicable
blocking-quota-block-2,blocking-quota,2,137.0,quota-eligible,0,poisson,,10240,796,790,6,,not_applicable
blocking-quota-block-2,blocking-quota,2,138.0,quota-eligible,0,poisson,,10240,799,794,5,,not_applicable
blocking-quota-block-2,blocking-quota,2,139.0,quota-eligible,0,poisson,,10240,802,799,3,,not_applicable
blocking-quota-block-2,blocking-quota,2,140.0,quota-eligible,0,poisson,,10240,808,802,6,,not_applicable
blocking-quota-block-2,blocking-quota,2,141.0,quota-eligible,0,poisson,,10240,813,806,7,,not_applicable
blocking-quota-block-2,blocking-quota,2,142.0,quota-eligible,0,poisson,,10240,819,811,8,,not_applicable
blocking-quota-block-2,blocking-quota,2,143.0,quota-eligible,0,poisson,,10240,825,817,8,,not_applicable
blocking-quota-block-2,blocking-quota,2,144.0,quota-eligible,0,poisson,,10240,829,822,7,,not_applicable
blocking-quota-block-2,blocking-quota,2,145.0,quota-eligible,0,poisson,,10240,837,829,8,,not_applicable
blocking-quota-block-2,blocking-quota,2,146.0,quota-eligible,0,poisson,,10240,846,839,7,,not_applicable
blocking-quota-block-2,blocking-quota,2,147.0,quota-eligible,0,poisson,,10240,855,850,5,,not_applicable
blocking-quota-block-2,blocking-quota,2,148.0,quota-eligible,0,poisson,,10240,858,854,4,,not_applicable
blocking-quota-block-2,blocking-quota,2,149.0,quota-eligible,0,poisson,,10240,863,856,7,,not_applicable
blocking-quota-block-2,blocking-quota,2,150.0,quota-eligible,0,poisson,,10240,866,863,3,,not_applicable
blocking-quota-block-2,blocking-quota,2,151.0,quota-eligible,0,poisson,,10240,874,865,9,,not_applicable
blocking-quota-block-2,blocking-quota,2,152.0,quota-eligible,0,poisson,,10240,879,871,8,,not_applicable
blocking-quota-block-2,blocking-quota,2,153.0,quota-eligible,0,poisson,,10240,885,875,10,,not_applicable
blocking-quota-block-2,blocking-quota,2,154.0,quota-eligible,0,poisson,,10240,896,891,5,,not_applicable
blocking-quota-block-2,blocking-quota,2,155.0,quota-eligible,0,poisson,,10240,900,895,5,,not_applicable
blocking-quota-block-2,blocking-quota,2,156.0,quota-eligible,0,poisson,,10240,907,900,7,,not_applicable
blocking-quota-block-2,blocking-quota,2,157.0,quota-eligible,0,poisson,,10240,914,907,7,,not_applicable
blocking-quota-block-2,blocking-quota,2,158.0,quota-eligible,0,poisson,,10240,925,919,6,,not_applicable
blocking-quota-block-2,blocking-quota,2,159.0,quota-eligible,0,poisson,,10240,933,927,6,,not_applicable
blocking-quota-block-2,blocking-quota,2,160.0,quota-eligible,0,poisson,,10240,938,934,4,,not_applicable
blocking-quota-block-2,blocking-quota,2,161.0,quota-eligible,0,poisson,,10240,944,938,6,,not_applicable
blocking-quota-block-2,blocking-quota,2,162.0,quota-eligible,0,poisson,,10240,952,944,8,,not_applicable
blocking-quota-block-2,blocking-quota,2,163.0,quota-eligible,0,poisson,,10240,955,951,4,,not_applicable
blocking-quota-block-2,blocking-quota,2,164.0,quota-eligible,0,poisson,,10240,963,955,8,,not_applicable
blocking-quota-block-2,blocking-quota,2,165.0,quota-eligible,0,poisson,,10240,971,965,6,,not_applicable
blocking-quota-block-2,blocking-quota,2,166.0,quota-eligible,0,poisson,,10240,978,973,5,,not_applicable
blocking-quota-block-2,blocking-quota,2,167.0,quota-eligible,0,poisson,,10240,983,977,6,,not_applicable
blocking-quota-block-2,blocking-quota,2,168.0,quota-eligible,0,poisson,,10240,988,983,5,,not_applicable
blocking-quota-block-2,blocking-quota,2,169.0,quota-eligible,0,poisson,,10240,994,987,7,,not_applicable
blocking-quota-block-2,blocking-quota,2,170.0,quota-eligible,0,poisson,,10240,1000,993,7,,not_applicable
blocking-quota-block-2,blocking-quota,2,171.0,quota-eligible,0,poisson,,10240,1004,1001,3,,not_applicable
blocking-quota-block-2,blocking-quota,2,172.0,quota-eligible,0,poisson,,10240,1011,1004,7,,not_applicable
blocking-quota-block-2,blocking-quota,2,173.0,quota-eligible,0,poisson,,10240,1013,1009,4,,not_applicable
blocking-quota-block-2,blocking-quota,2,174.0,quota-eligible,0,poisson,,10240,1019,1013,6,,not_applicable
blocking-quota-block-2,blocking-quota,2,175.0,quota-eligible,0,poisson,,10240,1028,1021,7,,not_applicable
blocking-quota-block-2,blocking-quota,2,176.0,quota-eligible,0,poisson,,10240,1033,1027,6,,not_applicable
blocking-quota-block-2,blocking-quota,2,177.0,quota-eligible,0,poisson,,10240,1035,1031,4,,not_applicable
blocking-quota-block-2,blocking-quota,2,178.0,quota-eligible,0,poisson,,10240,1039,1035,4,,not_applicable
blocking-quota-block-2,blocking-quota,2,179.0,quota-eligible,0,poisson,,10240,1042,1038,4,,not_applicable
blocking-quota-block-2,blocking-quota,2,180.0,quota-eligible,0,poisson,,10240,1048,1042,6,,not_applicable
blocking-quota-block-2,blocking-quota,2,181.0,quota-eligible,0,poisson,,10240,1053,1047,6,,not_applicable
blocking-quota-block-2,blocking-quota,2,182.0,quota-eligible,0,poisson,,10240,1062,1051,11,,not_applicable
blocking-quota-block-2,blocking-quota,2,183.0,quota-eligible,0,poisson,,10240,1067,1059,8,,not_applicable
blocking-quota-block-2,blocking-quota,2,184.0,quota-eligible,0,poisson,,10240,1073,1064,9,,not_applicable
blocking-quota-block-2,blocking-quota,2,185.0,quota-eligible,0,poisson,,10240,1079,1072,7,,not_applicable
blocking-quota-block-2,blocking-quota,2,186.0,quota-eligible,0,poisson,,10240,1081,1078,3,,not_applicable
blocking-quota-block-2,blocking-quota,2,187.0,quota-eligible,0,poisson,,10240,1086,1079,7,,not_applicable
blocking-quota-block-2,blocking-quota,2,188.0,quota-eligible,0,poisson,,10240,1090,1085,5,,not_applicable
blocking-quota-block-2,blocking-quota,2,189.0,quota-eligible,0,poisson,,10240,1095,1090,5,,not_applicable
blocking-quota-block-2,blocking-quota,2,190.0,quota-eligible,0,poisson,,10240,1101,1093,8,,not_applicable
blocking-quota-block-2,blocking-quota,2,191.0,quota-eligible,0,poisson,,10240,1108,1099,9,,not_applicable
blocking-quota-block-2,blocking-quota,2,192.0,quota-eligible,0,poisson,,10240,1114,1106,8,,not_applicable
blocking-quota-block-2,blocking-quota,2,193.0,quota-eligible,0,poisson,,10240,1122,1116,6,,not_applicable
blocking-quota-block-2,blocking-quota,2,194.0,quota-eligible,0,poisson,,10240,1133,1127,6,,not_applicable
blocking-quota-block-2,blocking-quota,2,195.0,quota-eligible,0,poisson,,10240,1141,1134,7,,not_applicable
blocking-quota-block-2,blocking-quota,2,196.0,quota-eligible,0,poisson,,10240,1149,1142,7,,not_applicable
blocking-quota-block-2,blocking-quota,2,197.0,quota-eligible,0,poisson,,10240,1154,1147,7,,not_applicable
blocking-quota-block-2,blocking-quota,2,198.0,quota-eligible,0,poisson,,10240,1158,1153,5,,not_applicable
blocking-quota-block-2,blocking-quota,2,199.0,quota-eligible,0,poisson,,10240,1169,1161,8,,not_applicable
blocking-quota-block-2,blocking-quota,2,200.0,quota-eligible,0,poisson,,10240,1175,1168,7,,not_applicable
blocking-quota-block-2,blocking-quota,2,201.0,quota-eligible,0,poisson,,10240,1182,1176,6,,not_applicable
blocking-quota-block-2,blocking-quota,2,202.0,quota-eligible,0,poisson,,10240,1187,1182,5,,not_applicable
blocking-quota-block-2,blocking-quota,2,203.0,quota-eligible,0,poisson,,10240,1196,1189,7,,not_applicable
blocking-quota-block-2,blocking-quota,2,204.0,quota-eligible,0,poisson,,10240,1200,1195,5,,not_applicable
blocking-quota-block-2,blocking-quota,2,205.0,quota-eligible,0,poisson,,10240,1207,1201,6,,not_applicable
blocking-quota-block-2,blocking-quota,2,206.0,quota-eligible,0,poisson,,10240,1211,1206,5,,not_applicable
blocking-quota-block-2,blocking-quota,2,207.0,quota-eligible,0,poisson,,10240,1218,1209,9,,not_applicable
blocking-quota-block-2,blocking-quota,2,208.0,quota-eligible,0,poisson,,10240,1222,1215,7,,not_applicable
blocking-quota-block-2,blocking-quota,2,209.0,quota-eligible,0,poisson,,10240,1229,1223,6,,not_applicable
blocking-quota-block-2,blocking-quota,2,210.0,quota-eligible,0,poisson,,10240,1230,1229,1,,not_applicable
blocking-quota-block-2,blocking-quota,2,211.0,quota-eligible,0,poisson,,10240,1239,1230,9,,not_applicable
blocking-quota-block-2,blocking-quota,2,212.0,quota-eligible,0,poisson,,10240,1240,1235,5,,not_applicable
blocking-quota-block-2,blocking-quota,2,213.0,quota-eligible,0,poisson,,10240,1245,1239,6,,not_applicable
blocking-quota-block-2,blocking-quota,2,214.0,quota-eligible,0,poisson,,10240,1250,1243,7,,not_applicable
blocking-quota-block-2,blocking-quota,2,215.0,quota-eligible,0,poisson,,10240,1254,1248,6,,not_applicable
blocking-quota-block-2,blocking-quota,2,216.0,quota-eligible,0,poisson,,10240,1258,1254,4,,not_applicable
blocking-quota-block-2,blocking-quota,2,217.0,quota-eligible,0,poisson,,10240,1265,1258,7,,not_applicable
blocking-quota-block-2,blocking-quota,2,218.0,quota-eligible,0,poisson,,10240,1267,1264,3,,not_applicable
blocking-quota-block-2,blocking-quota,2,219.0,quota-eligible,0,poisson,,10240,1273,1266,7,,not_applicable
blocking-quota-block-2,blocking-quota,2,220.0,quota-eligible,0,poisson,,10240,1276,1271,5,,not_applicable
blocking-quota-block-2,blocking-quota,2,221.0,quota-eligible,0,poisson,,10240,1280,1274,6,,not_applicable
blocking-quota-block-2,blocking-quota,2,222.0,quota-eligible,0,poisson,,10240,1286,1280,6,,not_applicable
blocking-quota-block-2,blocking-quota,2,223.0,quota-eligible,0,poisson,,10240,1293,1285,8,,not_applicable
blocking-quota-block-2,blocking-quota,2,224.0,quota-eligible,0,poisson,,10240,1296,1291,5,,not_applicable
blocking-quota-block-2,blocking-quota,2,225.0,quota-eligible,0,poisson,,10240,1302,1296,6,,not_applicable
blocking-quota-block-2,blocking-quota,2,226.0,quota-eligible,0,poisson,,10240,1315,1302,13,,not_applicable
blocking-quota-block-2,blocking-quota,2,227.0,quota-eligible,0,poisson,,10240,1323,1315,8,,not_applicable
blocking-quota-block-2,blocking-quota,2,228.0,quota-eligible,0,poisson,,10240,1329,1323,6,,not_applicable
blocking-quota-block-2,blocking-quota,2,229.0,quota-eligible,0,poisson,,10240,1335,1328,7,,not_applicable
blocking-quota-block-2,blocking-quota,2,230.0,quota-eligible,0,poisson,,10240,1341,1334,7,,not_applicable
blocking-quota-block-2,blocking-quota,2,231.0,quota-eligible,0,poisson,,10240,1346,1340,6,,not_applicable
blocking-quota-block-2,blocking-quota,2,232.0,quota-eligible,0,poisson,,10240,1354,1345,9,,not_applicable
blocking-quota-block-2,blocking-quota,2,233.0,quota-eligible,0,poisson,,10240,1363,1356,7,,not_applicable
blocking-quota-block-2,blocking-quota,2,234.0,quota-eligible,0,poisson,,10240,1372,1366,6,,not_applicable
blocking-quota-block-2,blocking-quota,2,235.0,quota-eligible,0,poisson,,10240,1377,1373,4,,not_applicable
blocking-quota-block-2,blocking-quota,2,236.0,quota-eligible,0,poisson,,10240,1383,1377,6,,not_applicable
blocking-quota-block-2,blocking-quota,2,237.0,quota-eligible,0,poisson,,10240,1388,1381,7,,not_applicable
blocking-quota-block-2,blocking-quota,2,238.0,quota-eligible,0,poisson,,10240,1391,1385,6,,not_applicable
blocking-quota-block-2,blocking-quota,2,239.0,quota-eligible,0,poisson,,10240,1398,1390,8,,not_applicable
blocking-quota-block-2,blocking-quota,2,240.0,quota-eligible,0,poisson,,10240,1410,1401,9,,not_applicable
blocking-quota-block-2,blocking-quota,2,0.0,background,0,poisson,,10240,0,0,0,,not_applicable
blocking-quota-block-2,blocking-quota,2,1.0,background,0,poisson,,10240,6,0,6,,not_applicable
blocking-quota-block-2,blocking-quota,2,2.0,background,0,poisson,,10240,11,6,5,,not_applicable
blocking-quota-block-2,blocking-quota,2,3.0,background,0,poisson,,10240,16,8,8,,not_applicable
blocking-quota-block-2,blocking-quota,2,4.0,background,0,poisson,,10240,17,14,3,,not_applicable
blocking-quota-block-2,blocking-quota,2,5.0,background,0,poisson,,10240,23,17,6,,not_applicable
blocking-quota-block-2,blocking-quota,2,6.0,background,0,poisson,,10240,29,19,10,,not_applicable
blocking-quota-block-2,blocking-quota,2,7.0,background,0,poisson,,10240,39,27,12,,not_applicable
blocking-quota-block-2,blocking-quota,2,8.0,background,0,poisson,,10240,46,34,12,,not_applicable
blocking-quota-block-2,blocking-quota,2,9.0,background,0,poisson,,10240,51,44,7,,not_applicable
blocking-quota-block-2,blocking-quota,2,10.0,background,0,poisson,,10240,57,51,6,,not_applicable
blocking-quota-block-2,blocking-quota,2,11.0,background,0,poisson,,10240,67,57,10,,not_applicable
blocking-quota-block-2,blocking-quota,2,12.0,background,0,poisson,,10240,75,62,13,,not_applicable
blocking-quota-block-2,blocking-quota,2,13.0,background,0,poisson,,10240,81,74,7,,not_applicable
blocking-quota-block-2,blocking-quota,2,14.0,background,0,poisson,,10240,87,80,7,,not_applicable
blocking-quota-block-2,blocking-quota,2,15.0,background,0,poisson,,10240,98,86,12,,not_applicable
blocking-quota-block-2,blocking-quota,2,16.0,background,0,poisson,,10240,103,94,9,,not_applicable
blocking-quota-block-2,blocking-quota,2,17.0,background,0,poisson,,10240,112,101,11,,not_applicable
blocking-quota-block-2,blocking-quota,2,18.0,background,0,poisson,,10240,120,111,9,,not_applicable
blocking-quota-block-2,blocking-quota,2,19.0,background,0,poisson,,10240,131,118,13,,not_applicable
blocking-quota-block-2,blocking-quota,2,20.0,background,0,poisson,,10240,136,126,10,,not_applicable
blocking-quota-block-2,blocking-quota,2,21.0,background,0,poisson,,10240,142,135,7,,not_applicable
blocking-quota-block-2,blocking-quota,2,22.0,background,0,poisson,,10240,144,140,4,,not_applicable
blocking-quota-block-2,blocking-quota,2,23.0,background,0,poisson,,10240,149,143,6,,not_applicable
blocking-quota-block-2,blocking-quota,2,24.0,background,0,poisson,,10240,155,148,7,,not_applicable
blocking-quota-block-2,blocking-quota,2,25.0,background,0,poisson,,10240,161,153,8,,not_applicable
blocking-quota-block-2,blocking-quota,2,26.0,background,0,poisson,,10240,168,159,9,,not_applicable
blocking-quota-block-2,blocking-quota,2,27.0,background,0,poisson,,10240,173,164,9,,not_applicable
blocking-quota-block-2,blocking-quota,2,28.0,background,0,poisson,,10240,178,172,6,,not_applicable
blocking-quota-block-2,blocking-quota,2,29.0,background,0,poisson,,10240,186,175,11,,not_applicable
blocking-quota-block-2,blocking-quota,2,30.0,background,0,poisson,,10240,190,184,6,,not_applicable
blocking-quota-block-2,blocking-quota,2,31.0,background,0,poisson,,10240,193,189,4,,not_applicable
blocking-quota-block-2,blocking-quota,2,32.0,background,0,poisson,,10240,197,193,4,,not_applicable
blocking-quota-block-2,blocking-quota,2,33.0,background,0,poisson,,10240,202,196,6,,not_applicable
blocking-quota-block-2,blocking-quota,2,34.0,background,0,poisson,,10240,208,199,9,,not_applicable
blocking-quota-block-2,blocking-quota,2,35.0,background,0,poisson,,10240,210,205,5,,not_applicable
blocking-quota-block-2,blocking-quota,2,36.0,background,0,poisson,,10240,214,209,5,,not_applicable
blocking-quota-block-2,blocking-quota,2,37.0,background,0,poisson,,10240,217,212,5,,not_applicable
blocking-quota-block-2,blocking-quota,2,38.0,background,0,poisson,,10240,221,216,5,,not_applicable
blocking-quota-block-2,blocking-quota,2,39.0,background,0,poisson,,10240,227,219,8,,not_applicable
blocking-quota-block-2,blocking-quota,2,40.0,background,0,poisson,,10240,238,222,16,,not_applicable
blocking-quota-block-2,blocking-quota,2,41.0,background,0,poisson,,10240,244,234,10,,not_applicable
blocking-quota-block-2,blocking-quota,2,42.0,background,0,poisson,,10240,250,244,6,,not_applicable
blocking-quota-block-2,blocking-quota,2,43.0,background,0,poisson,,10240,258,250,8,,not_applicable
blocking-quota-block-2,blocking-quota,2,44.0,background,0,poisson,,10240,264,256,8,,not_applicable
blocking-quota-block-2,blocking-quota,2,45.0,background,0,poisson,,10240,268,261,7,,not_applicable
blocking-quota-block-2,blocking-quota,2,46.0,background,0,poisson,,10240,273,266,7,,not_applicable
blocking-quota-block-2,blocking-quota,2,47.0,background,0,poisson,,10240,280,269,11,,not_applicable
blocking-quota-block-2,blocking-quota,2,48.0,background,0,poisson,,10240,283,278,5,,not_applicable
blocking-quota-block-2,blocking-quota,2,49.0,background,0,poisson,,10240,288,283,5,,not_applicable
blocking-quota-block-2,blocking-quota,2,50.0,background,0,poisson,,10240,294,286,8,,not_applicable
blocking-quota-block-2,blocking-quota,2,51.0,background,0,poisson,,10240,302,293,9,,not_applicable
blocking-quota-block-2,blocking-quota,2,52.0,background,0,poisson,,10240,308,301,7,,not_applicable
blocking-quota-block-2,blocking-quota,2,53.0,background,0,poisson,,10240,315,306,9,,not_applicable
blocking-quota-block-2,blocking-quota,2,54.0,background,0,poisson,,10240,320,314,6,,not_applicable
blocking-quota-block-2,blocking-quota,2,55.0,background,0,poisson,,10240,332,318,14,,not_applicable
blocking-quota-block-2,blocking-quota,2,56.0,background,0,poisson,,10240,337,330,7,,not_applicable
blocking-quota-block-2,blocking-quota,2,57.0,background,0,poisson,,10240,343,337,6,,not_applicable
blocking-quota-block-2,blocking-quota,2,58.0,background,0,poisson,,10240,351,343,8,,not_applicable
blocking-quota-block-2,blocking-quota,2,59.0,background,0,poisson,,10240,361,351,10,,not_applicable
blocking-quota-block-2,blocking-quota,2,60.0,background,0,poisson,,10240,365,360,5,,not_applicable
blocking-quota-block-2,blocking-quota,2,61.0,background,0,poisson,,10240,369,363,6,,not_applicable
blocking-quota-block-2,blocking-quota,2,62.0,background,0,poisson,,10240,374,368,6,,not_applicable
blocking-quota-block-2,blocking-quota,2,63.0,background,0,poisson,,10240,379,373,6,,not_applicable
blocking-quota-block-2,blocking-quota,2,64.0,background,0,poisson,,10240,382,376,6,,not_applicable
blocking-quota-block-2,blocking-quota,2,65.0,background,0,poisson,,10240,387,381,6,,not_applicable
blocking-quota-block-2,blocking-quota,2,66.0,background,0,poisson,,10240,394,383,11,,not_applicable
blocking-quota-block-2,blocking-quota,2,67.0,background,0,poisson,,10240,400,391,9,,not_applicable
blocking-quota-block-2,blocking-quota,2,68.0,background,0,poisson,,10240,401,397,4,,not_applicable
blocking-quota-block-2,blocking-quota,2,69.0,background,0,poisson,,10240,404,400,4,,not_applicable
blocking-quota-block-2,blocking-quota,2,70.0,background,0,poisson,,10240,412,403,9,,not_applicable
blocking-quota-block-2,blocking-quota,2,71.0,background,0,poisson,,10240,415,410,5,,not_applicable
blocking-quota-block-2,blocking-quota,2,72.0,background,0,poisson,,10240,417,415,2,,not_applicable
blocking-quota-block-2,blocking-quota,2,73.0,background,0,poisson,,10240,427,417,10,,not_applicable
blocking-quota-block-2,blocking-quota,2,74.0,background,0,poisson,,10240,430,422,8,,not_applicable
blocking-quota-block-2,blocking-quota,2,75.0,background,0,poisson,,10240,434,429,5,,not_applicable
blocking-quota-block-2,blocking-quota,2,76.0,background,0,poisson,,10240,442,432,10,,not_applicable
blocking-quota-block-2,blocking-quota,2,77.0,background,0,poisson,,10240,448,439,9,,not_applicable
blocking-quota-block-2,blocking-quota,2,78.0,background,0,poisson,,10240,459,446,13,,not_applicable
blocking-quota-block-2,blocking-quota,2,79.0,background,0,poisson,,10240,464,454,10,,not_applicable
blocking-quota-block-2,blocking-quota,2,80.0,background,0,poisson,,10240,470,463,7,,not_applicable
blocking-quota-block-2,blocking-quota,2,81.0,background,0,poisson,,10240,475,466,9,,not_applicable
blocking-quota-block-2,blocking-quota,2,82.0,background,0,poisson,,10240,482,473,9,,not_applicable
blocking-quota-block-2,blocking-quota,2,83.0,background,0,poisson,,10240,492,480,12,,not_applicable
blocking-quota-block-2,blocking-quota,2,84.0,background,0,poisson,,10240,503,488,15,,not_applicable
blocking-quota-block-2,blocking-quota,2,85.0,background,0,poisson,,10240,506,502,4,,not_applicable
blocking-quota-block-2,blocking-quota,2,86.0,background,0,poisson,,10240,513,506,7,,not_applicable
blocking-quota-block-2,blocking-quota,2,87.0,background,0,poisson,,10240,515,511,4,,not_applicable
blocking-quota-block-2,blocking-quota,2,88.0,background,0,poisson,,10240,524,516,8,,not_applicable
blocking-quota-block-2,blocking-quota,2,89.0,background,0,poisson,,10240,530,522,8,,not_applicable
blocking-quota-block-2,blocking-quota,2,90.0,background,0,poisson,,10240,537,529,8,,not_applicable
blocking-quota-block-2,blocking-quota,2,91.0,background,0,poisson,,10240,546,535,11,,not_applicable
blocking-quota-block-2,blocking-quota,2,92.0,background,0,poisson,,10240,554,542,12,,not_applicable
blocking-quota-block-2,blocking-quota,2,93.0,background,0,poisson,,10240,560,553,7,,not_applicable
blocking-quota-block-2,blocking-quota,2,94.0,background,0,poisson,,10240,562,559,3,,not_applicable
blocking-quota-block-2,blocking-quota,2,95.0,background,0,poisson,,10240,565,562,3,,not_applicable
blocking-quota-block-2,blocking-quota,2,96.0,background,0,poisson,,10240,571,566,5,,not_applicable
blocking-quota-block-2,blocking-quota,2,97.0,background,0,poisson,,10240,575,571,4,,not_applicable
blocking-quota-block-2,blocking-quota,2,98.0,background,0,poisson,,10240,575,574,1,,not_applicable
blocking-quota-block-2,blocking-quota,2,99.0,background,0,poisson,,10240,581,576,5,,not_applicable
blocking-quota-block-2,blocking-quota,2,100.0,background,0,poisson,,10240,585,578,7,,not_applicable
blocking-quota-block-2,blocking-quota,2,101.0,background,0,poisson,,10240,591,585,6,,not_applicable
blocking-quota-block-2,blocking-quota,2,102.0,background,0,poisson,,10240,594,591,3,,not_applicable
blocking-quota-block-2,blocking-quota,2,103.0,background,0,poisson,,10240,604,594,10,,not_applicable
blocking-quota-block-2,blocking-quota,2,104.0,background,0,poisson,,10240,606,599,7,,not_applicable
blocking-quota-block-2,blocking-quota,2,105.0,background,0,poisson,,10240,612,606,6,,not_applicable
blocking-quota-block-2,blocking-quota,2,106.0,background,0,poisson,,10240,618,610,8,,not_applicable
blocking-quota-block-2,blocking-quota,2,107.0,background,0,poisson,,10240,626,618,8,,not_applicable
blocking-quota-block-2,blocking-quota,2,108.0,background,0,poisson,,10240,631,624,7,,not_applicable
blocking-quota-block-2,blocking-quota,2,109.0,background,0,poisson,,10240,639,631,8,,not_applicable
blocking-quota-block-2,blocking-quota,2,110.0,background,0,poisson,,10240,649,634,15,,not_applicable
blocking-quota-block-2,blocking-quota,2,111.0,background,0,poisson,,10240,653,646,7,,not_applicable
blocking-quota-block-2,blocking-quota,2,112.0,background,0,poisson,,10240,658,653,5,,not_applicable
blocking-quota-block-2,blocking-quota,2,113.0,background,0,poisson,,10240,666,656,10,,not_applicable
blocking-quota-block-2,blocking-quota,2,114.0,background,0,poisson,,10240,668,664,4,,not_applicable
blocking-quota-block-2,blocking-quota,2,115.0,background,0,poisson,,10240,674,666,8,,not_applicable
blocking-quota-block-2,blocking-quota,2,116.0,background,0,poisson,,10240,680,672,8,,not_applicable
blocking-quota-block-2,blocking-quota,2,117.0,background,0,poisson,,10240,684,677,7,,not_applicable
blocking-quota-block-2,blocking-quota,2,118.0,background,0,poisson,,10240,687,684,3,,not_applicable
blocking-quota-block-2,blocking-quota,2,119.0,background,0,poisson,,10240,696,687,9,,not_applicable
blocking-quota-block-2,blocking-quota,2,120.0,background,0,poisson,,10240,696,694,2,,not_applicable
blocking-quota-block-2,blocking-quota,2,121.0,background,0,poisson,,10240,700,696,4,,not_applicable
blocking-quota-block-2,blocking-quota,2,122.0,background,0,poisson,,10240,710,700,10,,not_applicable
blocking-quota-block-2,blocking-quota,2,123.0,background,0,poisson,,10240,715,707,8,,not_applicable
blocking-quota-block-2,blocking-quota,2,124.0,background,0,poisson,,10240,719,714,5,,not_applicable
blocking-quota-block-2,blocking-quota,2,125.0,background,0,poisson,,10240,721,718,3,,not_applicable
blocking-quota-block-2,blocking-quota,2,126.0,background,0,poisson,,10240,725,721,4,,not_applicable
blocking-quota-block-2,blocking-quota,2,127.0,background,0,poisson,,10240,727,724,3,,not_applicable
blocking-quota-block-2,blocking-quota,2,128.0,background,0,poisson,,10240,735,727,8,,not_applicable
blocking-quota-block-2,blocking-quota,2,129.0,background,0,poisson,,10240,745,731,14,,not_applicable
blocking-quota-block-2,blocking-quota,2,130.0,background,0,poisson,,10240,749,739,10,,not_applicable
blocking-quota-block-2,blocking-quota,2,131.0,background,0,poisson,,10240,757,749,8,,not_applicable
blocking-quota-block-2,blocking-quota,2,132.0,background,0,poisson,,10240,767,757,10,,not_applicable
blocking-quota-block-2,blocking-quota,2,133.0,background,0,poisson,,10240,770,766,4,,not_applicable
blocking-quota-block-2,blocking-quota,2,134.0,background,0,poisson,,10240,779,770,9,,not_applicable
blocking-quota-block-2,blocking-quota,2,135.0,background,0,poisson,,10240,783,778,5,,not_applicable
blocking-quota-block-2,blocking-quota,2,136.0,background,0,poisson,,10240,790,780,10,,not_applicable
blocking-quota-block-2,blocking-quota,2,137.0,background,0,poisson,,10240,796,788,8,,not_applicable
blocking-quota-block-2,blocking-quota,2,138.0,background,0,poisson,,10240,799,794,5,,not_applicable
blocking-quota-block-2,blocking-quota,2,139.0,background,0,poisson,,10240,802,799,3,,not_applicable
blocking-quota-block-2,blocking-quota,2,140.0,background,0,poisson,,10240,808,802,6,,not_applicable
blocking-quota-block-2,blocking-quota,2,141.0,background,0,poisson,,10240,813,806,7,,not_applicable
blocking-quota-block-2,blocking-quota,2,142.0,background,0,poisson,,10240,819,811,8,,not_applicable
blocking-quota-block-2,blocking-quota,2,143.0,background,0,poisson,,10240,825,815,10,,not_applicable
blocking-quota-block-2,blocking-quota,2,144.0,background,0,poisson,,10240,829,822,7,,not_applicable
blocking-quota-block-2,blocking-quota,2,145.0,background,0,poisson,,10240,837,827,10,,not_applicable
blocking-quota-block-2,blocking-quota,2,146.0,background,0,poisson,,10240,846,834,12,,not_applicable
blocking-quota-block-2,blocking-quota,2,147.0,background,0,poisson,,10240,855,843,12,,not_applicable
blocking-quota-block-2,blocking-quota,2,148.0,background,0,poisson,,10240,858,850,8,,not_applicable
blocking-quota-block-2,blocking-quota,2,149.0,background,0,poisson,,10240,863,856,7,,not_applicable
blocking-quota-block-2,blocking-quota,2,150.0,background,0,poisson,,10240,866,863,3,,not_applicable
blocking-quota-block-2,blocking-quota,2,151.0,background,0,poisson,,10240,874,864,10,,not_applicable
blocking-quota-block-2,blocking-quota,2,152.0,background,0,poisson,,10240,879,871,8,,not_applicable
blocking-quota-block-2,blocking-quota,2,153.0,background,0,poisson,,10240,885,875,10,,not_applicable
blocking-quota-block-2,blocking-quota,2,154.0,background,0,poisson,,10240,896,882,14,,not_applicable
blocking-quota-block-2,blocking-quota,2,155.0,background,0,poisson,,10240,900,895,5,,not_applicable
blocking-quota-block-2,blocking-quota,2,156.0,background,0,poisson,,10240,907,900,7,,not_applicable
blocking-quota-block-2,blocking-quota,2,157.0,background,0,poisson,,10240,914,904,10,,not_applicable
blocking-quota-block-2,blocking-quota,2,158.0,background,0,poisson,,10240,925,911,14,,not_applicable
blocking-quota-block-2,blocking-quota,2,159.0,background,0,poisson,,10240,933,922,11,,not_applicable
blocking-quota-block-2,blocking-quota,2,160.0,background,0,poisson,,10240,938,932,6,,not_applicable
blocking-quota-block-2,blocking-quota,2,161.0,background,0,poisson,,10240,944,938,6,,not_applicable
blocking-quota-block-2,blocking-quota,2,162.0,background,0,poisson,,10240,952,945,7,,not_applicable
blocking-quota-block-2,blocking-quota,2,163.0,background,0,poisson,,10240,955,951,4,,not_applicable
blocking-quota-block-2,blocking-quota,2,164.0,background,0,poisson,,10240,963,953,10,,not_applicable
blocking-quota-block-2,blocking-quota,2,165.0,background,0,poisson,,10240,971,958,13,,not_applicable
blocking-quota-block-2,blocking-quota,2,166.0,background,0,poisson,,10240,978,968,10,,not_applicable
blocking-quota-block-2,blocking-quota,2,167.0,background,0,poisson,,10240,983,978,5,,not_applicable
blocking-quota-block-2,blocking-quota,2,168.0,background,0,poisson,,10240,988,982,6,,not_applicable
blocking-quota-block-2,blocking-quota,2,169.0,background,0,poisson,,10240,994,987,7,,not_applicable
blocking-quota-block-2,blocking-quota,2,170.0,background,0,poisson,,10240,1000,993,7,,not_applicable
blocking-quota-block-2,blocking-quota,2,171.0,background,0,poisson,,10240,1004,1000,4,,not_applicable
blocking-quota-block-2,blocking-quota,2,172.0,background,0,poisson,,10240,1011,1004,7,,not_applicable
blocking-quota-block-2,blocking-quota,2,173.0,background,0,poisson,,10240,1013,1008,5,,not_applicable
blocking-quota-block-2,blocking-quota,2,174.0,background,0,poisson,,10240,1019,1013,6,,not_applicable
blocking-quota-block-2,blocking-quota,2,175.0,background,0,poisson,,10240,1028,1018,10,,not_applicable
blocking-quota-block-2,blocking-quota,2,176.0,background,0,poisson,,10240,1033,1026,7,,not_applicable
blocking-quota-block-2,blocking-quota,2,177.0,background,0,poisson,,10240,1035,1031,4,,not_applicable
blocking-quota-block-2,blocking-quota,2,178.0,background,0,poisson,,10240,1039,1035,4,,not_applicable
blocking-quota-block-2,blocking-quota,2,179.0,background,0,poisson,,10240,1042,1038,4,,not_applicable
blocking-quota-block-2,blocking-quota,2,180.0,background,0,poisson,,10240,1048,1042,6,,not_applicable
blocking-quota-block-2,blocking-quota,2,181.0,background,0,poisson,,10240,1053,1047,6,,not_applicable
blocking-quota-block-2,blocking-quota,2,182.0,background,0,poisson,,10240,1062,1051,11,,not_applicable
blocking-quota-block-2,blocking-quota,2,183.0,background,0,poisson,,10240,1067,1056,11,,not_applicable
blocking-quota-block-2,blocking-quota,2,184.0,background,0,poisson,,10240,1073,1064,9,,not_applicable
blocking-quota-block-2,blocking-quota,2,185.0,background,0,poisson,,10240,1079,1071,8,,not_applicable
blocking-quota-block-2,blocking-quota,2,186.0,background,0,poisson,,10240,1081,1078,3,,not_applicable
blocking-quota-block-2,blocking-quota,2,187.0,background,0,poisson,,10240,1086,1079,7,,not_applicable
blocking-quota-block-2,blocking-quota,2,188.0,background,0,poisson,,10240,1090,1085,5,,not_applicable
blocking-quota-block-2,blocking-quota,2,189.0,background,0,poisson,,10240,1095,1087,8,,not_applicable
blocking-quota-block-2,blocking-quota,2,190.0,background,0,poisson,,10240,1101,1091,10,,not_applicable
blocking-quota-block-2,blocking-quota,2,191.0,background,0,poisson,,10240,1108,1099,9,,not_applicable
blocking-quota-block-2,blocking-quota,2,192.0,background,0,poisson,,10240,1114,1106,8,,not_applicable
blocking-quota-block-2,blocking-quota,2,193.0,background,0,poisson,,10240,1122,1114,8,,not_applicable
blocking-quota-block-2,blocking-quota,2,194.0,background,0,poisson,,10240,1133,1121,12,,not_applicable
blocking-quota-block-2,blocking-quota,2,195.0,background,0,poisson,,10240,1141,1129,12,,not_applicable
blocking-quota-block-2,blocking-quota,2,196.0,background,0,poisson,,10240,1149,1136,13,,not_applicable
blocking-quota-block-2,blocking-quota,2,197.0,background,0,poisson,,10240,1154,1146,8,,not_applicable
blocking-quota-block-2,blocking-quota,2,198.0,background,0,poisson,,10240,1158,1151,7,,not_applicable
blocking-quota-block-2,blocking-quota,2,199.0,background,0,poisson,,10240,1169,1156,13,,not_applicable
blocking-quota-block-2,blocking-quota,2,200.0,background,0,poisson,,10240,1175,1162,13,,not_applicable
blocking-quota-block-2,blocking-quota,2,201.0,background,0,poisson,,10240,1182,1175,7,,not_applicable
blocking-quota-block-2,blocking-quota,2,202.0,background,0,poisson,,10240,1187,1180,7,,not_applicable
blocking-quota-block-2,blocking-quota,2,203.0,background,0,poisson,,10240,1196,1187,9,,not_applicable
blocking-quota-block-2,blocking-quota,2,204.0,background,0,poisson,,10240,1200,1195,5,,not_applicable
blocking-quota-block-2,blocking-quota,2,205.0,background,0,poisson,,10240,1207,1199,8,,not_applicable
blocking-quota-block-2,blocking-quota,2,206.0,background,0,poisson,,10240,1211,1206,5,,not_applicable
blocking-quota-block-2,blocking-quota,2,207.0,background,0,poisson,,10240,1218,1209,9,,not_applicable
blocking-quota-block-2,blocking-quota,2,208.0,background,0,poisson,,10240,1222,1214,8,,not_applicable
blocking-quota-block-2,blocking-quota,2,209.0,background,0,poisson,,10240,1229,1223,6,,not_applicable
blocking-quota-block-2,blocking-quota,2,210.0,background,0,poisson,,10240,1230,1229,1,,not_applicable
blocking-quota-block-2,blocking-quota,2,211.0,background,0,poisson,,10240,1239,1230,9,,not_applicable
blocking-quota-block-2,blocking-quota,2,212.0,background,0,poisson,,10240,1240,1234,6,,not_applicable
blocking-quota-block-2,blocking-quota,2,213.0,background,0,poisson,,10240,1245,1239,6,,not_applicable
blocking-quota-block-2,blocking-quota,2,214.0,background,0,poisson,,10240,1250,1245,5,,not_applicable
blocking-quota-block-2,blocking-quota,2,215.0,background,0,poisson,,10240,1254,1247,7,,not_applicable
blocking-quota-block-2,blocking-quota,2,216.0,background,0,poisson,,10240,1258,1254,4,,not_applicable
blocking-quota-block-2,blocking-quota,2,217.0,background,0,poisson,,10240,1265,1258,7,,not_applicable
blocking-quota-block-2,blocking-quota,2,218.0,background,0,poisson,,10240,1267,1259,8,,not_applicable
blocking-quota-block-2,blocking-quota,2,219.0,background,0,poisson,,10240,1273,1266,7,,not_applicable
blocking-quota-block-2,blocking-quota,2,220.0,background,0,poisson,,10240,1276,1271,5,,not_applicable
blocking-quota-block-2,blocking-quota,2,221.0,background,0,poisson,,10240,1280,1274,6,,not_applicable
blocking-quota-block-2,blocking-quota,2,222.0,background,0,poisson,,10240,1286,1280,6,,not_applicable
blocking-quota-block-2,blocking-quota,2,223.0,background,0,poisson,,10240,1293,1285,8,,not_applicable
blocking-quota-block-2,blocking-quota,2,224.0,background,0,poisson,,10240,1296,1291,5,,not_applicable
blocking-quota-block-2,blocking-quota,2,225.0,background,0,poisson,,10240,1302,1296,6,,not_applicable
blocking-quota-block-2,blocking-quota,2,226.0,background,0,poisson,,10240,1315,1299,16,,not_applicable
blocking-quota-block-2,blocking-quota,2,227.0,background,0,poisson,,10240,1323,1307,16,,not_applicable
blocking-quota-block-2,blocking-quota,2,228.0,background,0,poisson,,10240,1329,1321,8,,not_applicable
blocking-quota-block-2,blocking-quota,2,229.0,background,0,poisson,,10240,1335,1327,8,,not_applicable
blocking-quota-block-2,blocking-quota,2,230.0,background,0,poisson,,10240,1341,1334,7,,not_applicable
blocking-quota-block-2,blocking-quota,2,231.0,background,0,poisson,,10240,1346,1339,7,,not_applicable
blocking-quota-block-2,blocking-quota,2,232.0,background,0,poisson,,10240,1354,1344,10,,not_applicable
blocking-quota-block-2,blocking-quota,2,233.0,background,0,poisson,,10240,1363,1350,13,,not_applicable
blocking-quota-block-2,blocking-quota,2,234.0,background,0,poisson,,10240,1372,1362,10,,not_applicable
blocking-quota-block-2,blocking-quota,2,235.0,background,0,poisson,,10240,1377,1371,6,,not_applicable
blocking-quota-block-2,blocking-quota,2,236.0,background,0,poisson,,10240,1383,1377,6,,not_applicable
blocking-quota-block-2,blocking-quota,2,237.0,background,0,poisson,,10240,1388,1381,7,,not_applicable
blocking-quota-block-2,blocking-quota,2,238.0,background,0,poisson,,10240,1391,1385,6,,not_applicable
blocking-quota-block-2,blocking-quota,2,239.0,background,0,poisson,,10240,1398,1390,8,,not_applicable
blocking-quota-block-2,blocking-quota,2,240.0,background,0,poisson,,10240,1410,1396,14,,not_applicable
classifying-quota-block-2,classifying-quota,2,0.0,quota-eligible,0,poisson,,10240,0,0,0,,not_applicable
classifying-quota-block-2,classifying-quota,2,1.0,quota-eligible,0,poisson,,10240,6,0,6,,not_applicable
classifying-quota-block-2,classifying-quota,2,2.0,quota-eligible,0,poisson,,10240,11,6,5,,not_applicable
classifying-quota-block-2,classifying-quota,2,3.0,quota-eligible,0,poisson,,10240,16,9,7,,not_applicable
classifying-quota-block-2,classifying-quota,2,4.0,quota-eligible,0,poisson,,10240,17,14,3,,not_applicable
classifying-quota-block-2,classifying-quota,2,5.0,quota-eligible,0,poisson,,10240,23,17,6,,not_applicable
classifying-quota-block-2,classifying-quota,2,6.0,quota-eligible,0,poisson,,10240,29,22,7,,not_applicable
classifying-quota-block-2,classifying-quota,2,7.0,quota-eligible,0,poisson,,10240,39,26,13,,not_applicable
classifying-quota-block-2,classifying-quota,2,8.0,quota-eligible,0,poisson,,10240,46,33,13,,not_applicable
classifying-quota-block-2,classifying-quota,2,9.0,quota-eligible,0,poisson,,10240,51,43,8,,not_applicable
classifying-quota-block-2,classifying-quota,2,10.0,quota-eligible,0,poisson,,10240,57,50,7,,not_applicable
classifying-quota-block-2,classifying-quota,2,11.0,quota-eligible,0,poisson,,10240,67,57,10,,not_applicable
classifying-quota-block-2,classifying-quota,2,12.0,quota-eligible,0,poisson,,10240,75,66,9,,not_applicable
classifying-quota-block-2,classifying-quota,2,13.0,quota-eligible,0,poisson,,10240,81,75,6,,not_applicable
classifying-quota-block-2,classifying-quota,2,14.0,quota-eligible,0,poisson,,10240,87,82,5,,not_applicable
classifying-quota-block-2,classifying-quota,2,15.0,quota-eligible,0,poisson,,10240,98,86,12,,not_applicable
classifying-quota-block-2,classifying-quota,2,16.0,quota-eligible,0,poisson,,10240,103,95,8,,not_applicable
classifying-quota-block-2,classifying-quota,2,17.0,quota-eligible,0,poisson,,10240,112,101,11,,not_applicable
classifying-quota-block-2,classifying-quota,2,18.0,quota-eligible,0,poisson,,10240,120,109,11,,not_applicable
classifying-quota-block-2,classifying-quota,2,19.0,quota-eligible,0,poisson,,10240,131,118,13,,not_applicable
classifying-quota-block-2,classifying-quota,2,20.0,quota-eligible,0,poisson,,10240,136,128,8,,not_applicable
classifying-quota-block-2,classifying-quota,2,21.0,quota-eligible,0,poisson,,10240,142,135,7,,not_applicable
classifying-quota-block-2,classifying-quota,2,22.0,quota-eligible,0,poisson,,10240,144,140,4,,not_applicable
classifying-quota-block-2,classifying-quota,2,23.0,quota-eligible,0,poisson,,10240,149,143,6,,not_applicable
classifying-quota-block-2,classifying-quota,2,24.0,quota-eligible,0,poisson,,10240,155,148,7,,not_applicable
classifying-quota-block-2,classifying-quota,2,25.0,quota-eligible,0,poisson,,10240,161,153,8,,not_applicable
classifying-quota-block-2,classifying-quota,2,26.0,quota-eligible,0,poisson,,10240,168,160,8,,not_applicable
classifying-quota-block-2,classifying-quota,2,27.0,quota-eligible,0,poisson,,10240,173,166,7,,not_applicable
classifying-quota-block-2,classifying-quota,2,28.0,quota-eligible,0,poisson,,10240,178,172,6,,not_applicable
classifying-quota-block-2,classifying-quota,2,29.0,quota-eligible,0,poisson,,10240,186,175,11,,not_applicable
classifying-quota-block-2,classifying-quota,2,30.0,quota-eligible,0,poisson,,10240,190,184,6,,not_applicable
classifying-quota-block-2,classifying-quota,2,31.0,quota-eligible,0,poisson,,10240,193,189,4,,not_applicable
classifying-quota-block-2,classifying-quota,2,32.0,quota-eligible,0,poisson,,10240,197,193,4,,not_applicable
classifying-quota-block-2,classifying-quota,2,33.0,quota-eligible,0,poisson,,10240,202,196,6,,not_applicable
classifying-quota-block-2,classifying-quota,2,34.0,quota-eligible,0,poisson,,10240,208,199,9,,not_applicable
classifying-quota-block-2,classifying-quota,2,35.0,quota-eligible,0,poisson,,10240,210,206,4,,not_applicable
classifying-quota-block-2,classifying-quota,2,36.0,quota-eligible,0,poisson,,10240,214,209,5,,not_applicable
classifying-quota-block-2,classifying-quota,2,37.0,quota-eligible,0,poisson,,10240,217,213,4,,not_applicable
classifying-quota-block-2,classifying-quota,2,38.0,quota-eligible,0,poisson,,10240,221,216,5,,not_applicable
classifying-quota-block-2,classifying-quota,2,39.0,quota-eligible,0,poisson,,10240,227,219,8,,not_applicable
classifying-quota-block-2,classifying-quota,2,40.0,quota-eligible,0,poisson,,10240,238,227,11,,not_applicable
classifying-quota-block-2,classifying-quota,2,41.0,quota-eligible,0,poisson,,10240,244,235,9,,not_applicable
classifying-quota-block-2,classifying-quota,2,42.0,quota-eligible,0,poisson,,10240,250,244,6,,not_applicable
classifying-quota-block-2,classifying-quota,2,43.0,quota-eligible,0,poisson,,10240,258,251,7,,not_applicable
classifying-quota-block-2,classifying-quota,2,44.0,quota-eligible,0,poisson,,10240,264,256,8,,not_applicable
classifying-quota-block-2,classifying-quota,2,45.0,quota-eligible,0,poisson,,10240,268,263,5,,not_applicable
classifying-quota-block-2,classifying-quota,2,46.0,quota-eligible,0,poisson,,10240,273,265,8,,not_applicable
classifying-quota-block-2,classifying-quota,2,47.0,quota-eligible,0,poisson,,10240,280,273,7,,not_applicable
classifying-quota-block-2,classifying-quota,2,48.0,quota-eligible,0,poisson,,10240,283,279,4,,not_applicable
classifying-quota-block-2,classifying-quota,2,49.0,quota-eligible,0,poisson,,10240,288,283,5,,not_applicable
classifying-quota-block-2,classifying-quota,2,50.0,quota-eligible,0,poisson,,10240,294,284,10,,not_applicable
classifying-quota-block-2,classifying-quota,2,51.0,quota-eligible,0,poisson,,10240,302,294,8,,not_applicable
classifying-quota-block-2,classifying-quota,2,52.0,quota-eligible,0,poisson,,10240,308,301,7,,not_applicable
classifying-quota-block-2,classifying-quota,2,53.0,quota-eligible,0,poisson,,10240,315,305,10,,not_applicable
classifying-quota-block-2,classifying-quota,2,54.0,quota-eligible,0,poisson,,10240,320,314,6,,not_applicable
classifying-quota-block-2,classifying-quota,2,55.0,quota-eligible,0,poisson,,10240,332,319,13,,not_applicable
classifying-quota-block-2,classifying-quota,2,56.0,quota-eligible,0,poisson,,10240,337,330,7,,not_applicable
classifying-quota-block-2,classifying-quota,2,57.0,quota-eligible,0,poisson,,10240,343,336,7,,not_applicable
classifying-quota-block-2,classifying-quota,2,58.0,quota-eligible,0,poisson,,10240,351,342,9,,not_applicable
classifying-quota-block-2,classifying-quota,2,59.0,quota-eligible,0,poisson,,10240,361,351,10,,not_applicable
classifying-quota-block-2,classifying-quota,2,60.0,quota-eligible,0,poisson,,10240,365,359,6,,not_applicable
classifying-quota-block-2,classifying-quota,2,61.0,quota-eligible,0,poisson,,10240,369,363,6,,not_applicable
classifying-quota-block-2,classifying-quota,2,62.0,quota-eligible,0,poisson,,10240,374,369,5,,not_applicable
classifying-quota-block-2,classifying-quota,2,63.0,quota-eligible,0,poisson,,10240,379,373,6,,not_applicable
classifying-quota-block-2,classifying-quota,2,64.0,quota-eligible,0,poisson,,10240,382,378,4,,not_applicable
classifying-quota-block-2,classifying-quota,2,65.0,quota-eligible,0,poisson,,10240,387,382,5,,not_applicable
classifying-quota-block-2,classifying-quota,2,66.0,quota-eligible,0,poisson,,10240,394,385,9,,not_applicable
classifying-quota-block-2,classifying-quota,2,67.0,quota-eligible,0,poisson,,10240,400,393,7,,not_applicable
classifying-quota-block-2,classifying-quota,2,68.0,quota-eligible,0,poisson,,10240,401,398,3,,not_applicable
classifying-quota-block-2,classifying-quota,2,69.0,quota-eligible,0,poisson,,10240,404,400,4,,not_applicable
classifying-quota-block-2,classifying-quota,2,70.0,quota-eligible,0,poisson,,10240,412,403,9,,not_applicable
classifying-quota-block-2,classifying-quota,2,71.0,quota-eligible,0,poisson,,10240,415,410,5,,not_applicable
classifying-quota-block-2,classifying-quota,2,72.0,quota-eligible,0,poisson,,10240,417,415,2,,not_applicable
classifying-quota-block-2,classifying-quota,2,73.0,quota-eligible,0,poisson,,10240,427,417,10,,not_applicable
classifying-quota-block-2,classifying-quota,2,74.0,quota-eligible,0,poisson,,10240,430,423,7,,not_applicable
classifying-quota-block-2,classifying-quota,2,75.0,quota-eligible,0,poisson,,10240,434,427,7,,not_applicable
classifying-quota-block-2,classifying-quota,2,76.0,quota-eligible,0,poisson,,10240,442,432,10,,not_applicable
classifying-quota-block-2,classifying-quota,2,77.0,quota-eligible,0,poisson,,10240,448,439,9,,not_applicable
classifying-quota-block-2,classifying-quota,2,78.0,quota-eligible,0,poisson,,10240,459,447,12,,not_applicable
classifying-quota-block-2,classifying-quota,2,79.0,quota-eligible,0,poisson,,10240,464,455,9,,not_applicable
classifying-quota-block-2,classifying-quota,2,80.0,quota-eligible,0,poisson,,10240,470,464,6,,not_applicable
classifying-quota-block-2,classifying-quota,2,81.0,quota-eligible,0,poisson,,10240,475,468,7,,not_applicable
classifying-quota-block-2,classifying-quota,2,82.0,quota-eligible,0,poisson,,10240,482,474,8,,not_applicable
classifying-quota-block-2,classifying-quota,2,83.0,quota-eligible,0,poisson,,10240,492,480,12,,not_applicable
classifying-quota-block-2,classifying-quota,2,84.0,quota-eligible,0,poisson,,10240,503,488,15,,not_applicable
classifying-quota-block-2,classifying-quota,2,85.0,quota-eligible,0,poisson,,10240,506,501,5,,not_applicable
classifying-quota-block-2,classifying-quota,2,86.0,quota-eligible,0,poisson,,10240,513,506,7,,not_applicable
classifying-quota-block-2,classifying-quota,2,87.0,quota-eligible,0,poisson,,10240,515,510,5,,not_applicable
classifying-quota-block-2,classifying-quota,2,88.0,quota-eligible,0,poisson,,10240,524,515,9,,not_applicable
classifying-quota-block-2,classifying-quota,2,89.0,quota-eligible,0,poisson,,10240,530,521,9,,not_applicable
classifying-quota-block-2,classifying-quota,2,90.0,quota-eligible,0,poisson,,10240,537,529,8,,not_applicable
classifying-quota-block-2,classifying-quota,2,91.0,quota-eligible,0,poisson,,10240,546,536,10,,not_applicable
classifying-quota-block-2,classifying-quota,2,92.0,quota-eligible,0,poisson,,10240,554,543,11,,not_applicable
classifying-quota-block-2,classifying-quota,2,93.0,quota-eligible,0,poisson,,10240,560,552,8,,not_applicable
classifying-quota-block-2,classifying-quota,2,94.0,quota-eligible,0,poisson,,10240,562,559,3,,not_applicable
classifying-quota-block-2,classifying-quota,2,95.0,quota-eligible,0,poisson,,10240,565,561,4,,not_applicable
classifying-quota-block-2,classifying-quota,2,96.0,quota-eligible,0,poisson,,10240,571,565,6,,not_applicable
classifying-quota-block-2,classifying-quota,2,97.0,quota-eligible,0,poisson,,10240,575,571,4,,not_applicable
classifying-quota-block-2,classifying-quota,2,98.0,quota-eligible,0,poisson,,10240,575,574,1,,not_applicable
classifying-quota-block-2,classifying-quota,2,99.0,quota-eligible,0,poisson,,10240,581,575,6,,not_applicable
classifying-quota-block-2,classifying-quota,2,100.0,quota-eligible,0,poisson,,10240,585,578,7,,not_applicable
classifying-quota-block-2,classifying-quota,2,101.0,quota-eligible,0,poisson,,10240,591,584,7,,not_applicable
classifying-quota-block-2,classifying-quota,2,102.0,quota-eligible,0,poisson,,10240,594,591,3,,not_applicable
classifying-quota-block-2,classifying-quota,2,103.0,quota-eligible,0,poisson,,10240,604,594,10,,not_applicable
classifying-quota-block-2,classifying-quota,2,104.0,quota-eligible,0,poisson,,10240,606,602,4,,not_applicable
classifying-quota-block-2,classifying-quota,2,105.0,quota-eligible,0,poisson,,10240,612,606,6,,not_applicable
classifying-quota-block-2,classifying-quota,2,106.0,quota-eligible,0,poisson,,10240,618,610,8,,not_applicable
classifying-quota-block-2,classifying-quota,2,107.0,quota-eligible,0,poisson,,10240,626,617,9,,not_applicable
classifying-quota-block-2,classifying-quota,2,108.0,quota-eligible,0,poisson,,10240,631,624,7,,not_applicable
classifying-quota-block-2,classifying-quota,2,109.0,quota-eligible,0,poisson,,10240,639,630,9,,not_applicable
classifying-quota-block-2,classifying-quota,2,110.0,quota-eligible,0,poisson,,10240,649,638,11,,not_applicable
classifying-quota-block-2,classifying-quota,2,111.0,quota-eligible,0,poisson,,10240,653,647,6,,not_applicable
classifying-quota-block-2,classifying-quota,2,112.0,quota-eligible,0,poisson,,10240,658,652,6,,not_applicable
classifying-quota-block-2,classifying-quota,2,113.0,quota-eligible,0,poisson,,10240,666,657,9,,not_applicable
classifying-quota-block-2,classifying-quota,2,114.0,quota-eligible,0,poisson,,10240,668,663,5,,not_applicable
classifying-quota-block-2,classifying-quota,2,115.0,quota-eligible,0,poisson,,10240,674,666,8,,not_applicable
classifying-quota-block-2,classifying-quota,2,116.0,quota-eligible,0,poisson,,10240,680,672,8,,not_applicable
classifying-quota-block-2,classifying-quota,2,117.0,quota-eligible,0,poisson,,10240,684,680,4,,not_applicable
classifying-quota-block-2,classifying-quota,2,118.0,quota-eligible,0,poisson,,10240,687,684,3,,not_applicable
classifying-quota-block-2,classifying-quota,2,119.0,quota-eligible,0,poisson,,10240,696,687,9,,not_applicable
classifying-quota-block-2,classifying-quota,2,120.0,quota-eligible,0,poisson,,10240,696,694,2,,not_applicable
classifying-quota-block-2,classifying-quota,2,121.0,quota-eligible,0,poisson,,10240,700,696,4,,not_applicable
classifying-quota-block-2,classifying-quota,2,122.0,quota-eligible,0,poisson,,10240,710,700,10,,not_applicable
classifying-quota-block-2,classifying-quota,2,123.0,quota-eligible,0,poisson,,10240,715,706,9,,not_applicable
classifying-quota-block-2,classifying-quota,2,124.0,quota-eligible,0,poisson,,10240,719,715,4,,not_applicable
classifying-quota-block-2,classifying-quota,2,125.0,quota-eligible,0,poisson,,10240,721,718,3,,not_applicable
classifying-quota-block-2,classifying-quota,2,126.0,quota-eligible,0,poisson,,10240,725,721,4,,not_applicable
classifying-quota-block-2,classifying-quota,2,127.0,quota-eligible,0,poisson,,10240,727,724,3,,not_applicable
classifying-quota-block-2,classifying-quota,2,128.0,quota-eligible,0,poisson,,10240,735,727,8,,not_applicable
classifying-quota-block-2,classifying-quota,2,129.0,quota-eligible,0,poisson,,10240,745,734,11,,not_applicable
classifying-quota-block-2,classifying-quota,2,130.0,quota-eligible,0,poisson,,10240,749,742,7,,not_applicable
classifying-quota-block-2,classifying-quota,2,131.0,quota-eligible,0,poisson,,10240,757,749,8,,not_applicable
classifying-quota-block-2,classifying-quota,2,132.0,quota-eligible,0,poisson,,10240,767,757,10,,not_applicable
classifying-quota-block-2,classifying-quota,2,133.0,quota-eligible,0,poisson,,10240,770,766,4,,not_applicable
classifying-quota-block-2,classifying-quota,2,134.0,quota-eligible,0,poisson,,10240,779,770,9,,not_applicable
classifying-quota-block-2,classifying-quota,2,135.0,quota-eligible,0,poisson,,10240,783,778,5,,not_applicable
classifying-quota-block-2,classifying-quota,2,136.0,quota-eligible,0,poisson,,10240,790,780,10,,not_applicable
classifying-quota-block-2,classifying-quota,2,137.0,quota-eligible,0,poisson,,10240,796,789,7,,not_applicable
classifying-quota-block-2,classifying-quota,2,138.0,quota-eligible,0,poisson,,10240,799,795,4,,not_applicable
classifying-quota-block-2,classifying-quota,2,139.0,quota-eligible,0,poisson,,10240,802,799,3,,not_applicable
classifying-quota-block-2,classifying-quota,2,140.0,quota-eligible,0,poisson,,10240,808,802,6,,not_applicable
classifying-quota-block-2,classifying-quota,2,141.0,quota-eligible,0,poisson,,10240,813,806,7,,not_applicable
classifying-quota-block-2,classifying-quota,2,142.0,quota-eligible,0,poisson,,10240,819,811,8,,not_applicable
classifying-quota-block-2,classifying-quota,2,143.0,quota-eligible,0,poisson,,10240,825,815,10,,not_applicable
classifying-quota-block-2,classifying-quota,2,144.0,quota-eligible,0,poisson,,10240,829,823,6,,not_applicable
classifying-quota-block-2,classifying-quota,2,145.0,quota-eligible,0,poisson,,10240,837,829,8,,not_applicable
classifying-quota-block-2,classifying-quota,2,146.0,quota-eligible,0,poisson,,10240,846,834,12,,not_applicable
classifying-quota-block-2,classifying-quota,2,147.0,quota-eligible,0,poisson,,10240,855,844,11,,not_applicable
classifying-quota-block-2,classifying-quota,2,148.0,quota-eligible,0,poisson,,10240,858,852,6,,not_applicable
classifying-quota-block-2,classifying-quota,2,149.0,quota-eligible,0,poisson,,10240,863,856,7,,not_applicable
classifying-quota-block-2,classifying-quota,2,150.0,quota-eligible,0,poisson,,10240,866,863,3,,not_applicable
classifying-quota-block-2,classifying-quota,2,151.0,quota-eligible,0,poisson,,10240,874,864,10,,not_applicable
classifying-quota-block-2,classifying-quota,2,152.0,quota-eligible,0,poisson,,10240,879,871,8,,not_applicable
classifying-quota-block-2,classifying-quota,2,153.0,quota-eligible,0,poisson,,10240,885,877,8,,not_applicable
classifying-quota-block-2,classifying-quota,2,154.0,quota-eligible,0,poisson,,10240,896,884,12,,not_applicable
classifying-quota-block-2,classifying-quota,2,155.0,quota-eligible,0,poisson,,10240,900,894,6,,not_applicable
classifying-quota-block-2,classifying-quota,2,156.0,quota-eligible,0,poisson,,10240,907,900,7,,not_applicable
classifying-quota-block-2,classifying-quota,2,157.0,quota-eligible,0,poisson,,10240,914,905,9,,not_applicable
classifying-quota-block-2,classifying-quota,2,158.0,quota-eligible,0,poisson,,10240,925,912,13,,not_applicable
classifying-quota-block-2,classifying-quota,2,159.0,quota-eligible,0,poisson,,10240,933,920,13,,not_applicable
classifying-quota-block-2,classifying-quota,2,160.0,quota-eligible,0,poisson,,10240,938,932,6,,not_applicable
classifying-quota-block-2,classifying-quota,2,161.0,quota-eligible,0,poisson,,10240,944,939,5,,not_applicable
classifying-quota-block-2,classifying-quota,2,162.0,quota-eligible,0,poisson,,10240,952,943,9,,not_applicable
classifying-quota-block-2,classifying-quota,2,163.0,quota-eligible,0,poisson,,10240,955,951,4,,not_applicable
classifying-quota-block-2,classifying-quota,2,164.0,quota-eligible,0,poisson,,10240,963,953,10,,not_applicable
classifying-quota-block-2,classifying-quota,2,165.0,quota-eligible,0,poisson,,10240,971,963,8,,not_applicable
classifying-quota-block-2,classifying-quota,2,166.0,quota-eligible,0,poisson,,10240,978,968,10,,not_applicable
classifying-quota-block-2,classifying-quota,2,167.0,quota-eligible,0,poisson,,10240,983,977,6,,not_applicable
classifying-quota-block-2,classifying-quota,2,168.0,quota-eligible,0,poisson,,10240,988,982,6,,not_applicable
classifying-quota-block-2,classifying-quota,2,169.0,quota-eligible,0,poisson,,10240,994,987,7,,not_applicable
classifying-quota-block-2,classifying-quota,2,170.0,quota-eligible,0,poisson,,10240,1000,993,7,,not_applicable
classifying-quota-block-2,classifying-quota,2,171.0,quota-eligible,0,poisson,,10240,1004,999,5,,not_applicable
classifying-quota-block-2,classifying-quota,2,172.0,quota-eligible,0,poisson,,10240,1011,1003,8,,not_applicable
classifying-quota-block-2,classifying-quota,2,173.0,quota-eligible,0,poisson,,10240,1013,1010,3,,not_applicable
classifying-quota-block-2,classifying-quota,2,174.0,quota-eligible,0,poisson,,10240,1019,1013,6,,not_applicable
classifying-quota-block-2,classifying-quota,2,175.0,quota-eligible,0,poisson,,10240,1028,1018,10,,not_applicable
classifying-quota-block-2,classifying-quota,2,176.0,quota-eligible,0,poisson,,10240,1033,1026,7,,not_applicable
classifying-quota-block-2,classifying-quota,2,177.0,quota-eligible,0,poisson,,10240,1035,1031,4,,not_applicable
classifying-quota-block-2,classifying-quota,2,178.0,quota-eligible,0,poisson,,10240,1039,1035,4,,not_applicable
classifying-quota-block-2,classifying-quota,2,179.0,quota-eligible,0,poisson,,10240,1042,1038,4,,not_applicable
classifying-quota-block-2,classifying-quota,2,180.0,quota-eligible,0,poisson,,10240,1048,1042,6,,not_applicable
classifying-quota-block-2,classifying-quota,2,181.0,quota-eligible,0,poisson,,10240,1053,1047,6,,not_applicable
classifying-quota-block-2,classifying-quota,2,182.0,quota-eligible,0,poisson,,10240,1062,1051,11,,not_applicable
classifying-quota-block-2,classifying-quota,2,183.0,quota-eligible,0,poisson,,10240,1067,1058,9,,not_applicable
classifying-quota-block-2,classifying-quota,2,184.0,quota-eligible,0,poisson,,10240,1073,1066,7,,not_applicable
classifying-quota-block-2,classifying-quota,2,185.0,quota-eligible,0,poisson,,10240,1079,1070,9,,not_applicable
classifying-quota-block-2,classifying-quota,2,186.0,quota-eligible,0,poisson,,10240,1081,1078,3,,not_applicable
classifying-quota-block-2,classifying-quota,2,187.0,quota-eligible,0,poisson,,10240,1086,1079,7,,not_applicable
classifying-quota-block-2,classifying-quota,2,188.0,quota-eligible,0,poisson,,10240,1090,1085,5,,not_applicable
classifying-quota-block-2,classifying-quota,2,189.0,quota-eligible,0,poisson,,10240,1095,1090,5,,not_applicable
classifying-quota-block-2,classifying-quota,2,190.0,quota-eligible,0,poisson,,10240,1101,1092,9,,not_applicable
classifying-quota-block-2,classifying-quota,2,191.0,quota-eligible,0,poisson,,10240,1108,1100,8,,not_applicable
classifying-quota-block-2,classifying-quota,2,192.0,quota-eligible,0,poisson,,10240,1114,1107,7,,not_applicable
classifying-quota-block-2,classifying-quota,2,193.0,quota-eligible,0,poisson,,10240,1122,1114,8,,not_applicable
classifying-quota-block-2,classifying-quota,2,194.0,quota-eligible,0,poisson,,10240,1133,1122,11,,not_applicable
classifying-quota-block-2,classifying-quota,2,195.0,quota-eligible,0,poisson,,10240,1141,1129,12,,not_applicable
classifying-quota-block-2,classifying-quota,2,196.0,quota-eligible,0,poisson,,10240,1148,1138,10,,not_applicable
classifying-quota-block-2,classifying-quota,2,197.0,quota-eligible,0,poisson,,10240,1154,1145,9,,not_applicable
classifying-quota-block-2,classifying-quota,2,198.0,quota-eligible,0,poisson,,10240,1158,1153,5,,not_applicable
classifying-quota-block-2,classifying-quota,2,199.0,quota-eligible,0,poisson,,10240,1169,1156,13,,not_applicable
classifying-quota-block-2,classifying-quota,2,200.0,quota-eligible,0,poisson,,10240,1175,1164,11,,not_applicable
classifying-quota-block-2,classifying-quota,2,201.0,quota-eligible,0,poisson,,10240,1182,1175,7,,not_applicable
classifying-quota-block-2,classifying-quota,2,202.0,quota-eligible,0,poisson,,10240,1187,1179,8,,not_applicable
classifying-quota-block-2,classifying-quota,2,203.0,quota-eligible,0,poisson,,10240,1196,1187,9,,not_applicable
classifying-quota-block-2,classifying-quota,2,204.0,quota-eligible,0,poisson,,10240,1200,1195,5,,not_applicable
classifying-quota-block-2,classifying-quota,2,205.0,quota-eligible,0,poisson,,10240,1207,1199,8,,not_applicable
classifying-quota-block-2,classifying-quota,2,206.0,quota-eligible,0,poisson,,10240,1211,1206,5,,not_applicable
classifying-quota-block-2,classifying-quota,2,207.0,quota-eligible,0,poisson,,10240,1218,1210,8,,not_applicable
classifying-quota-block-2,classifying-quota,2,208.0,quota-eligible,0,poisson,,10240,1222,1216,6,,not_applicable
classifying-quota-block-2,classifying-quota,2,209.0,quota-eligible,0,poisson,,10240,1229,1222,7,,not_applicable
classifying-quota-block-2,classifying-quota,2,210.0,quota-eligible,0,poisson,,10240,1230,1228,2,,not_applicable
classifying-quota-block-2,classifying-quota,2,211.0,quota-eligible,0,poisson,,10240,1239,1230,9,,not_applicable
classifying-quota-block-2,classifying-quota,2,212.0,quota-eligible,0,poisson,,10240,1240,1237,3,,not_applicable
classifying-quota-block-2,classifying-quota,2,213.0,quota-eligible,0,poisson,,10240,1245,1239,6,,not_applicable
classifying-quota-block-2,classifying-quota,2,214.0,quota-eligible,0,poisson,,10240,1250,1243,7,,not_applicable
classifying-quota-block-2,classifying-quota,2,215.0,quota-eligible,0,poisson,,10240,1254,1248,6,,not_applicable
classifying-quota-block-2,classifying-quota,2,216.0,quota-eligible,0,poisson,,10240,1258,1254,4,,not_applicable
classifying-quota-block-2,classifying-quota,2,217.0,quota-eligible,0,poisson,,10240,1265,1258,7,,not_applicable
classifying-quota-block-2,classifying-quota,2,218.0,quota-eligible,0,poisson,,10240,1267,1264,3,,not_applicable
classifying-quota-block-2,classifying-quota,2,219.0,quota-eligible,0,poisson,,10240,1273,1267,6,,not_applicable
classifying-quota-block-2,classifying-quota,2,220.0,quota-eligible,0,poisson,,10240,1276,1271,5,,not_applicable
classifying-quota-block-2,classifying-quota,2,221.0,quota-eligible,0,poisson,,10240,1280,1275,5,,not_applicable
classifying-quota-block-2,classifying-quota,2,222.0,quota-eligible,0,poisson,,10240,1286,1280,6,,not_applicable
classifying-quota-block-2,classifying-quota,2,223.0,quota-eligible,0,poisson,,10240,1293,1285,8,,not_applicable
classifying-quota-block-2,classifying-quota,2,224.0,quota-eligible,0,poisson,,10240,1296,1291,5,,not_applicable
classifying-quota-block-2,classifying-quota,2,225.0,quota-eligible,0,poisson,,10240,1302,1296,6,,not_applicable
classifying-quota-block-2,classifying-quota,2,226.0,quota-eligible,0,poisson,,10240,1315,1301,14,,not_applicable
classifying-quota-block-2,classifying-quota,2,227.0,quota-eligible,0,poisson,,10240,1323,1310,13,,not_applicable
classifying-quota-block-2,classifying-quota,2,228.0,quota-eligible,0,poisson,,10240,1329,1321,8,,not_applicable
classifying-quota-block-2,classifying-quota,2,229.0,quota-eligible,0,poisson,,10240,1335,1329,6,,not_applicable
classifying-quota-block-2,classifying-quota,2,230.0,quota-eligible,0,poisson,,10240,1341,1334,7,,not_applicable
classifying-quota-block-2,classifying-quota,2,231.0,quota-eligible,0,poisson,,10240,1346,1338,8,,not_applicable
classifying-quota-block-2,classifying-quota,2,232.0,quota-eligible,0,poisson,,10240,1354,1344,10,,not_applicable
classifying-quota-block-2,classifying-quota,2,233.0,quota-eligible,0,poisson,,10240,1363,1352,11,,not_applicable
classifying-quota-block-2,classifying-quota,2,234.0,quota-eligible,0,poisson,,10240,1372,1361,11,,not_applicable
classifying-quota-block-2,classifying-quota,2,235.0,quota-eligible,0,poisson,,10240,1377,1371,6,,not_applicable
classifying-quota-block-2,classifying-quota,2,236.0,quota-eligible,0,poisson,,10240,1383,1376,7,,not_applicable
classifying-quota-block-2,classifying-quota,2,237.0,quota-eligible,0,poisson,,10240,1388,1379,9,,not_applicable
classifying-quota-block-2,classifying-quota,2,238.0,quota-eligible,0,poisson,,10240,1391,1385,6,,not_applicable
classifying-quota-block-2,classifying-quota,2,239.0,quota-eligible,0,poisson,,10240,1398,1390,8,,not_applicable
classifying-quota-block-2,classifying-quota,2,240.0,quota-eligible,0,poisson,,10240,1410,1395,15,,not_applicable
classifying-quota-block-2,classifying-quota,2,0.0,background,0,poisson,,10240,0,0,0,,not_applicable
classifying-quota-block-2,classifying-quota,2,1.0,background,0,poisson,,10240,6,0,6,,not_applicable
classifying-quota-block-2,classifying-quota,2,2.0,background,0,poisson,,10240,11,6,5,,not_applicable
classifying-quota-block-2,classifying-quota,2,3.0,background,0,poisson,,10240,16,9,7,,not_applicable
classifying-quota-block-2,classifying-quota,2,4.0,background,0,poisson,,10240,17,15,2,,not_applicable
classifying-quota-block-2,classifying-quota,2,5.0,background,0,poisson,,10240,23,18,5,,not_applicable
classifying-quota-block-2,classifying-quota,2,6.0,background,0,poisson,,10240,29,20,9,,not_applicable
classifying-quota-block-2,classifying-quota,2,7.0,background,0,poisson,,10240,39,24,15,,not_applicable
classifying-quota-block-2,classifying-quota,2,8.0,background,0,poisson,,10240,46,32,14,,not_applicable
classifying-quota-block-2,classifying-quota,2,9.0,background,0,poisson,,10240,51,43,8,,not_applicable
classifying-quota-block-2,classifying-quota,2,10.0,background,0,poisson,,10240,57,51,6,,not_applicable
classifying-quota-block-2,classifying-quota,2,11.0,background,0,poisson,,10240,67,57,10,,not_applicable
classifying-quota-block-2,classifying-quota,2,12.0,background,0,poisson,,10240,75,66,9,,not_applicable
classifying-quota-block-2,classifying-quota,2,13.0,background,0,poisson,,10240,81,75,6,,not_applicable
classifying-quota-block-2,classifying-quota,2,14.0,background,0,poisson,,10240,87,77,10,,not_applicable
classifying-quota-block-2,classifying-quota,2,15.0,background,0,poisson,,10240,98,86,12,,not_applicable
classifying-quota-block-2,classifying-quota,2,16.0,background,0,poisson,,10240,103,94,9,,not_applicable
classifying-quota-block-2,classifying-quota,2,17.0,background,0,poisson,,10240,112,102,10,,not_applicable
classifying-quota-block-2,classifying-quota,2,18.0,background,0,poisson,,10240,120,109,11,,not_applicable
classifying-quota-block-2,classifying-quota,2,19.0,background,0,poisson,,10240,131,118,13,,not_applicable
classifying-quota-block-2,classifying-quota,2,20.0,background,0,poisson,,10240,136,128,8,,not_applicable
classifying-quota-block-2,classifying-quota,2,21.0,background,0,poisson,,10240,142,135,7,,not_applicable
classifying-quota-block-2,classifying-quota,2,22.0,background,0,poisson,,10240,144,140,4,,not_applicable
classifying-quota-block-2,classifying-quota,2,23.0,background,0,poisson,,10240,149,143,6,,not_applicable
classifying-quota-block-2,classifying-quota,2,24.0,background,0,poisson,,10240,155,147,8,,not_applicable
classifying-quota-block-2,classifying-quota,2,25.0,background,0,poisson,,10240,161,154,7,,not_applicable
classifying-quota-block-2,classifying-quota,2,26.0,background,0,poisson,,10240,168,160,8,,not_applicable
classifying-quota-block-2,classifying-quota,2,27.0,background,0,poisson,,10240,173,166,7,,not_applicable
classifying-quota-block-2,classifying-quota,2,28.0,background,0,poisson,,10240,178,173,5,,not_applicable
classifying-quota-block-2,classifying-quota,2,29.0,background,0,poisson,,10240,186,175,11,,not_applicable
classifying-quota-block-2,classifying-quota,2,30.0,background,0,poisson,,10240,190,182,8,,not_applicable
classifying-quota-block-2,classifying-quota,2,31.0,background,0,poisson,,10240,193,189,4,,not_applicable
classifying-quota-block-2,classifying-quota,2,32.0,background,0,poisson,,10240,197,193,4,,not_applicable
classifying-quota-block-2,classifying-quota,2,33.0,background,0,poisson,,10240,202,196,6,,not_applicable
classifying-quota-block-2,classifying-quota,2,34.0,background,0,poisson,,10240,208,199,9,,not_applicable
classifying-quota-block-2,classifying-quota,2,35.0,background,0,poisson,,10240,210,205,5,,not_applicable
classifying-quota-block-2,classifying-quota,2,36.0,background,0,poisson,,10240,214,209,5,,not_applicable
classifying-quota-block-2,classifying-quota,2,37.0,background,0,poisson,,10240,217,213,4,,not_applicable
classifying-quota-block-2,classifying-quota,2,38.0,background,0,poisson,,10240,221,215,6,,not_applicable
classifying-quota-block-2,classifying-quota,2,39.0,background,0,poisson,,10240,228,219,9,,not_applicable
classifying-quota-block-2,classifying-quota,2,40.0,background,0,poisson,,10240,238,227,11,,not_applicable
classifying-quota-block-2,classifying-quota,2,41.0,background,0,poisson,,10240,244,236,8,,not_applicable
classifying-quota-block-2,classifying-quota,2,42.0,background,0,poisson,,10240,250,244,6,,not_applicable
classifying-quota-block-2,classifying-quota,2,43.0,background,0,poisson,,10240,258,251,7,,not_applicable
classifying-quota-block-2,classifying-quota,2,44.0,background,0,poisson,,10240,264,254,10,,not_applicable
classifying-quota-block-2,classifying-quota,2,45.0,background,0,poisson,,10240,268,261,7,,not_applicable
classifying-quota-block-2,classifying-quota,2,46.0,background,0,poisson,,10240,273,265,8,,not_applicable
classifying-quota-block-2,classifying-quota,2,47.0,background,0,poisson,,10240,280,271,9,,not_applicable
classifying-quota-block-2,classifying-quota,2,48.0,background,0,poisson,,10240,283,279,4,,not_applicable
classifying-quota-block-2,classifying-quota,2,49.0,background,0,poisson,,10240,288,282,6,,not_applicable
classifying-quota-block-2,classifying-quota,2,50.0,background,0,poisson,,10240,294,284,10,,not_applicable
classifying-quota-block-2,classifying-quota,2,51.0,background,0,poisson,,10240,302,294,8,,not_applicable
classifying-quota-block-2,classifying-quota,2,52.0,background,0,poisson,,10240,308,299,9,,not_applicable
classifying-quota-block-2,classifying-quota,2,53.0,background,0,poisson,,10240,315,305,10,,not_applicable
classifying-quota-block-2,classifying-quota,2,54.0,background,0,poisson,,10240,320,314,6,,not_applicable
classifying-quota-block-2,classifying-quota,2,55.0,background,0,poisson,,10240,332,318,14,,not_applicable
classifying-quota-block-2,classifying-quota,2,56.0,background,0,poisson,,10240,337,331,6,,not_applicable
classifying-quota-block-2,classifying-quota,2,57.0,background,0,poisson,,10240,343,336,7,,not_applicable
classifying-quota-block-2,classifying-quota,2,58.0,background,0,poisson,,10240,351,342,9,,not_applicable
classifying-quota-block-2,classifying-quota,2,59.0,background,0,poisson,,10240,361,352,9,,not_applicable
classifying-quota-block-2,classifying-quota,2,60.0,background,0,poisson,,10240,365,359,6,,not_applicable
classifying-quota-block-2,classifying-quota,2,61.0,background,0,poisson,,10240,369,363,6,,not_applicable
classifying-quota-block-2,classifying-quota,2,62.0,background,0,poisson,,10240,374,369,5,,not_applicable
classifying-quota-block-2,classifying-quota,2,63.0,background,0,poisson,,10240,379,374,5,,not_applicable
classifying-quota-block-2,classifying-quota,2,64.0,background,0,poisson,,10240,382,378,4,,not_applicable
classifying-quota-block-2,classifying-quota,2,65.0,background,0,poisson,,10240,387,382,5,,not_applicable
classifying-quota-block-2,classifying-quota,2,66.0,background,0,poisson,,10240,394,385,9,,not_applicable
classifying-quota-block-2,classifying-quota,2,67.0,background,0,poisson,,10240,400,393,7,,not_applicable
classifying-quota-block-2,classifying-quota,2,68.0,background,0,poisson,,10240,401,396,5,,not_applicable
classifying-quota-block-2,classifying-quota,2,69.0,background,0,poisson,,10240,404,400,4,,not_applicable
classifying-quota-block-2,classifying-quota,2,70.0,background,0,poisson,,10240,412,403,9,,not_applicable
classifying-quota-block-2,classifying-quota,2,71.0,background,0,poisson,,10240,415,408,7,,not_applicable
classifying-quota-block-2,classifying-quota,2,72.0,background,0,poisson,,10240,417,415,2,,not_applicable
classifying-quota-block-2,classifying-quota,2,73.0,background,0,poisson,,10240,427,417,10,,not_applicable
classifying-quota-block-2,classifying-quota,2,74.0,background,0,poisson,,10240,430,420,10,,not_applicable
classifying-quota-block-2,classifying-quota,2,75.0,background,0,poisson,,10240,434,427,7,,not_applicable
classifying-quota-block-2,classifying-quota,2,76.0,background,0,poisson,,10240,442,433,9,,not_applicable
classifying-quota-block-2,classifying-quota,2,77.0,background,0,poisson,,10240,448,439,9,,not_applicable
classifying-quota-block-2,classifying-quota,2,78.0,background,0,poisson,,10240,459,446,13,,not_applicable
classifying-quota-block-2,classifying-quota,2,79.0,background,0,poisson,,10240,464,454,10,,not_applicable
classifying-quota-block-2,classifying-quota,2,80.0,background,0,poisson,,10240,470,464,6,,not_applicable
classifying-quota-block-2,classifying-quota,2,81.0,background,0,poisson,,10240,475,468,7,,not_applicable
classifying-quota-block-2,classifying-quota,2,82.0,background,0,poisson,,10240,482,475,7,,not_applicable
classifying-quota-block-2,classifying-quota,2,83.0,background,0,poisson,,10240,492,479,13,,not_applicable
classifying-quota-block-2,classifying-quota,2,84.0,background,0,poisson,,10240,503,486,17,,not_applicable
classifying-quota-block-2,classifying-quota,2,85.0,background,0,poisson,,10240,506,499,7,,not_applicable
classifying-quota-block-2,classifying-quota,2,86.0,background,0,poisson,,10240,513,506,7,,not_applicable
classifying-quota-block-2,classifying-quota,2,87.0,background,0,poisson,,10240,515,510,5,,not_applicable
classifying-quota-block-2,classifying-quota,2,88.0,background,0,poisson,,10240,524,515,9,,not_applicable
classifying-quota-block-2,classifying-quota,2,89.0,background,0,poisson,,10240,530,522,8,,not_applicable
classifying-quota-block-2,classifying-quota,2,90.0,background,0,poisson,,10240,537,530,7,,not_applicable
classifying-quota-block-2,classifying-quota,2,91.0,background,0,poisson,,10240,546,535,11,,not_applicable
classifying-quota-block-2,classifying-quota,2,92.0,background,0,poisson,,10240,554,540,14,,not_applicable
classifying-quota-block-2,classifying-quota,2,93.0,background,0,poisson,,10240,560,552,8,,not_applicable
classifying-quota-block-2,classifying-quota,2,94.0,background,0,poisson,,10240,562,559,3,,not_applicable
classifying-quota-block-2,classifying-quota,2,95.0,background,0,poisson,,10240,565,561,4,,not_applicable
classifying-quota-block-2,classifying-quota,2,96.0,background,0,poisson,,10240,571,565,6,,not_applicable
classifying-quota-block-2,classifying-quota,2,97.0,background,0,poisson,,10240,575,571,4,,not_applicable
classifying-quota-block-2,classifying-quota,2,98.0,background,0,poisson,,10240,575,574,1,,not_applicable
classifying-quota-block-2,classifying-quota,2,99.0,background,0,poisson,,10240,581,575,6,,not_applicable
classifying-quota-block-2,classifying-quota,2,100.0,background,0,poisson,,10240,585,577,8,,not_applicable
classifying-quota-block-2,classifying-quota,2,101.0,background,0,poisson,,10240,591,584,7,,not_applicable
classifying-quota-block-2,classifying-quota,2,102.0,background,0,poisson,,10240,594,591,3,,not_applicable
classifying-quota-block-2,classifying-quota,2,103.0,background,0,poisson,,10240,604,595,9,,not_applicable
classifying-quota-block-2,classifying-quota,2,104.0,background,0,poisson,,10240,606,602,4,,not_applicable
classifying-quota-block-2,classifying-quota,2,105.0,background,0,poisson,,10240,611,606,5,,not_applicable
classifying-quota-block-2,classifying-quota,2,106.0,background,0,poisson,,10240,618,610,8,,not_applicable
classifying-quota-block-2,classifying-quota,2,107.0,background,0,poisson,,10240,626,617,9,,not_applicable
classifying-quota-block-2,classifying-quota,2,108.0,background,0,poisson,,10240,631,624,7,,not_applicable
classifying-quota-block-2,classifying-quota,2,109.0,background,0,poisson,,10240,639,629,10,,not_applicable
classifying-quota-block-2,classifying-quota,2,110.0,background,0,poisson,,10240,649,637,12,,not_applicable
classifying-quota-block-2,classifying-quota,2,111.0,background,0,poisson,,10240,653,648,5,,not_applicable
classifying-quota-block-2,classifying-quota,2,112.0,background,0,poisson,,10240,658,652,6,,not_applicable
classifying-quota-block-2,classifying-quota,2,113.0,background,0,poisson,,10240,666,657,9,,not_applicable
classifying-quota-block-2,classifying-quota,2,114.0,background,0,poisson,,10240,668,664,4,,not_applicable
classifying-quota-block-2,classifying-quota,2,115.0,background,0,poisson,,10240,674,667,7,,not_applicable
classifying-quota-block-2,classifying-quota,2,116.0,background,0,poisson,,10240,680,673,7,,not_applicable
classifying-quota-block-2,classifying-quota,2,117.0,background,0,poisson,,10240,684,679,5,,not_applicable
classifying-quota-block-2,classifying-quota,2,118.0,background,0,poisson,,10240,687,684,3,,not_applicable
classifying-quota-block-2,classifying-quota,2,119.0,background,0,poisson,,10240,696,688,8,,not_applicable
classifying-quota-block-2,classifying-quota,2,120.0,background,0,poisson,,10240,696,695,1,,not_applicable
classifying-quota-block-2,classifying-quota,2,121.0,background,0,poisson,,10240,700,696,4,,not_applicable
classifying-quota-block-2,classifying-quota,2,122.0,background,0,poisson,,10240,710,700,10,,not_applicable
classifying-quota-block-2,classifying-quota,2,123.0,background,0,poisson,,10240,715,706,9,,not_applicable
classifying-quota-block-2,classifying-quota,2,124.0,background,0,poisson,,10240,719,715,4,,not_applicable
classifying-quota-block-2,classifying-quota,2,125.0,background,0,poisson,,10240,721,718,3,,not_applicable
classifying-quota-block-2,classifying-quota,2,126.0,background,0,poisson,,10240,725,721,4,,not_applicable
classifying-quota-block-2,classifying-quota,2,127.0,background,0,poisson,,10240,727,724,3,,not_applicable
classifying-quota-block-2,classifying-quota,2,128.0,background,0,poisson,,10240,735,727,8,,not_applicable
classifying-quota-block-2,classifying-quota,2,129.0,background,0,poisson,,10240,745,733,12,,not_applicable
classifying-quota-block-2,classifying-quota,2,130.0,background,0,poisson,,10240,750,741,9,,not_applicable
classifying-quota-block-2,classifying-quota,2,131.0,background,0,poisson,,10240,757,749,8,,not_applicable
classifying-quota-block-2,classifying-quota,2,132.0,background,0,poisson,,10240,767,755,12,,not_applicable
classifying-quota-block-2,classifying-quota,2,133.0,background,0,poisson,,10240,770,766,4,,not_applicable
classifying-quota-block-2,classifying-quota,2,134.0,background,0,poisson,,10240,779,770,9,,not_applicable
classifying-quota-block-2,classifying-quota,2,135.0,background,0,poisson,,10240,783,777,6,,not_applicable
classifying-quota-block-2,classifying-quota,2,136.0,background,0,poisson,,10240,790,780,10,,not_applicable
classifying-quota-block-2,classifying-quota,2,137.0,background,0,poisson,,10240,796,788,8,,not_applicable
classifying-quota-block-2,classifying-quota,2,138.0,background,0,poisson,,10240,799,795,4,,not_applicable
classifying-quota-block-2,classifying-quota,2,139.0,background,0,poisson,,10240,802,799,3,,not_applicable
classifying-quota-block-2,classifying-quota,2,140.0,background,0,poisson,,10240,808,802,6,,not_applicable
classifying-quota-block-2,classifying-quota,2,141.0,background,0,poisson,,10240,813,807,6,,not_applicable
classifying-quota-block-2,classifying-quota,2,142.0,background,0,poisson,,10240,819,811,8,,not_applicable
classifying-quota-block-2,classifying-quota,2,143.0,background,0,poisson,,10240,825,815,10,,not_applicable
classifying-quota-block-2,classifying-quota,2,144.0,background,0,poisson,,10240,829,822,7,,not_applicable
classifying-quota-block-2,classifying-quota,2,145.0,background,0,poisson,,10240,837,829,8,,not_applicable
classifying-quota-block-2,classifying-quota,2,146.0,background,0,poisson,,10240,846,834,12,,not_applicable
classifying-quota-block-2,classifying-quota,2,147.0,background,0,poisson,,10240,855,844,11,,not_applicable
classifying-quota-block-2,classifying-quota,2,148.0,background,0,poisson,,10240,858,850,8,,not_applicable
classifying-quota-block-2,classifying-quota,2,149.0,background,0,poisson,,10240,863,856,7,,not_applicable
classifying-quota-block-2,classifying-quota,2,150.0,background,0,poisson,,10240,866,862,4,,not_applicable
classifying-quota-block-2,classifying-quota,2,151.0,background,0,poisson,,10240,874,866,8,,not_applicable
classifying-quota-block-2,classifying-quota,2,152.0,background,0,poisson,,10240,879,871,8,,not_applicable
classifying-quota-block-2,classifying-quota,2,153.0,background,0,poisson,,10240,885,875,10,,not_applicable
classifying-quota-block-2,classifying-quota,2,154.0,background,0,poisson,,10240,896,882,14,,not_applicable
classifying-quota-block-2,classifying-quota,2,155.0,background,0,poisson,,10240,900,894,6,,not_applicable
classifying-quota-block-2,classifying-quota,2,156.0,background,0,poisson,,10240,907,900,7,,not_applicable
classifying-quota-block-2,classifying-quota,2,157.0,background,0,poisson,,10240,914,905,9,,not_applicable
classifying-quota-block-2,classifying-quota,2,158.0,background,0,poisson,,10240,925,912,13,,not_applicable
classifying-quota-block-2,classifying-quota,2,159.0,background,0,poisson,,10240,933,919,14,,not_applicable
classifying-quota-block-2,classifying-quota,2,160.0,background,0,poisson,,10240,938,929,9,,not_applicable
classifying-quota-block-2,classifying-quota,2,161.0,background,0,poisson,,10240,944,938,6,,not_applicable
classifying-quota-block-2,classifying-quota,2,162.0,background,0,poisson,,10240,952,943,9,,not_applicable
classifying-quota-block-2,classifying-quota,2,163.0,background,0,poisson,,10240,955,950,5,,not_applicable
classifying-quota-block-2,classifying-quota,2,164.0,background,0,poisson,,10240,963,953,10,,not_applicable
classifying-quota-block-2,classifying-quota,2,165.0,background,0,poisson,,10240,971,962,9,,not_applicable
classifying-quota-block-2,classifying-quota,2,166.0,background,0,poisson,,10240,978,968,10,,not_applicable
classifying-quota-block-2,classifying-quota,2,167.0,background,0,poisson,,10240,983,977,6,,not_applicable
classifying-quota-block-2,classifying-quota,2,168.0,background,0,poisson,,10240,988,981,7,,not_applicable
classifying-quota-block-2,classifying-quota,2,169.0,background,0,poisson,,10240,994,987,7,,not_applicable
classifying-quota-block-2,classifying-quota,2,170.0,background,0,poisson,,10240,1000,994,6,,not_applicable
classifying-quota-block-2,classifying-quota,2,171.0,background,0,poisson,,10240,1004,999,5,,not_applicable
classifying-quota-block-2,classifying-quota,2,172.0,background,0,poisson,,10240,1011,1003,8,,not_applicable
classifying-quota-block-2,classifying-quota,2,173.0,background,0,poisson,,10240,1013,1010,3,,not_applicable
classifying-quota-block-2,classifying-quota,2,174.0,background,0,poisson,,10240,1019,1013,6,,not_applicable
classifying-quota-block-2,classifying-quota,2,175.0,background,0,poisson,,10240,1028,1019,9,,not_applicable
classifying-quota-block-2,classifying-quota,2,176.0,background,0,poisson,,10240,1033,1024,9,,not_applicable
classifying-quota-block-2,classifying-quota,2,177.0,background,0,poisson,,10240,1035,1031,4,,not_applicable
classifying-quota-block-2,classifying-quota,2,178.0,background,0,poisson,,10240,1039,1035,4,,not_applicable
classifying-quota-block-2,classifying-quota,2,179.0,background,0,poisson,,10240,1042,1038,4,,not_applicable
classifying-quota-block-2,classifying-quota,2,180.0,background,0,poisson,,10240,1048,1042,6,,not_applicable
classifying-quota-block-2,classifying-quota,2,181.0,background,0,poisson,,10240,1053,1048,5,,not_applicable
classifying-quota-block-2,classifying-quota,2,182.0,background,0,poisson,,10240,1062,1052,10,,not_applicable
classifying-quota-block-2,classifying-quota,2,183.0,background,0,poisson,,10240,1067,1056,11,,not_applicable
classifying-quota-block-2,classifying-quota,2,184.0,background,0,poisson,,10240,1073,1065,8,,not_applicable
classifying-quota-block-2,classifying-quota,2,185.0,background,0,poisson,,10240,1079,1070,9,,not_applicable
classifying-quota-block-2,classifying-quota,2,186.0,background,0,poisson,,10240,1081,1078,3,,not_applicable
classifying-quota-block-2,classifying-quota,2,187.0,background,0,poisson,,10240,1086,1081,5,,not_applicable
classifying-quota-block-2,classifying-quota,2,188.0,background,0,poisson,,10240,1090,1085,5,,not_applicable
classifying-quota-block-2,classifying-quota,2,189.0,background,0,poisson,,10240,1095,1087,8,,not_applicable
classifying-quota-block-2,classifying-quota,2,190.0,background,0,poisson,,10240,1101,1093,8,,not_applicable
classifying-quota-block-2,classifying-quota,2,191.0,background,0,poisson,,10240,1108,1098,10,,not_applicable
classifying-quota-block-2,classifying-quota,2,192.0,background,0,poisson,,10240,1114,1107,7,,not_applicable
classifying-quota-block-2,classifying-quota,2,193.0,background,0,poisson,,10240,1122,1114,8,,not_applicable
classifying-quota-block-2,classifying-quota,2,194.0,background,0,poisson,,10240,1133,1121,12,,not_applicable
classifying-quota-block-2,classifying-quota,2,195.0,background,0,poisson,,10240,1141,1128,13,,not_applicable
classifying-quota-block-2,classifying-quota,2,196.0,background,0,poisson,,10240,1148,1137,11,,not_applicable
classifying-quota-block-2,classifying-quota,2,197.0,background,0,poisson,,10240,1154,1145,9,,not_applicable
classifying-quota-block-2,classifying-quota,2,198.0,background,0,poisson,,10240,1158,1153,5,,not_applicable
classifying-quota-block-2,classifying-quota,2,199.0,background,0,poisson,,10240,1169,1156,13,,not_applicable
classifying-quota-block-2,classifying-quota,2,200.0,background,0,poisson,,10240,1175,1162,13,,not_applicable
classifying-quota-block-2,classifying-quota,2,201.0,background,0,poisson,,10240,1182,1175,7,,not_applicable
classifying-quota-block-2,classifying-quota,2,202.0,background,0,poisson,,10240,1187,1177,10,,not_applicable
classifying-quota-block-2,classifying-quota,2,203.0,background,0,poisson,,10240,1196,1186,10,,not_applicable
classifying-quota-block-2,classifying-quota,2,204.0,background,0,poisson,,10240,1200,1194,6,,not_applicable
classifying-quota-block-2,classifying-quota,2,205.0,background,0,poisson,,10240,1207,1199,8,,not_applicable
classifying-quota-block-2,classifying-quota,2,206.0,background,0,poisson,,10240,1210,1206,4,,not_applicable
classifying-quota-block-2,classifying-quota,2,207.0,background,0,poisson,,10240,1218,1209,9,,not_applicable
classifying-quota-block-2,classifying-quota,2,208.0,background,0,poisson,,10240,1222,1215,7,,not_applicable
classifying-quota-block-2,classifying-quota,2,209.0,background,0,poisson,,10240,1229,1223,6,,not_applicable
classifying-quota-block-2,classifying-quota,2,210.0,background,0,poisson,,10240,1230,1225,5,,not_applicable
classifying-quota-block-2,classifying-quota,2,211.0,background,0,poisson,,10240,1239,1230,9,,not_applicable
classifying-quota-block-2,classifying-quota,2,212.0,background,0,poisson,,10240,1240,1236,4,,not_applicable
classifying-quota-block-2,classifying-quota,2,213.0,background,0,poisson,,10240,1245,1239,6,,not_applicable
classifying-quota-block-2,classifying-quota,2,214.0,background,0,poisson,,10240,1250,1243,7,,not_applicable
classifying-quota-block-2,classifying-quota,2,215.0,background,0,poisson,,10240,1254,1248,6,,not_applicable
classifying-quota-block-2,classifying-quota,2,216.0,background,0,poisson,,10240,1258,1251,7,,not_applicable
classifying-quota-block-2,classifying-quota,2,217.0,background,0,poisson,,10240,1265,1258,7,,not_applicable
classifying-quota-block-2,classifying-quota,2,218.0,background,0,poisson,,10240,1267,1264,3,,not_applicable
classifying-quota-block-2,classifying-quota,2,219.0,background,0,poisson,,10240,1273,1267,6,,not_applicable
classifying-quota-block-2,classifying-quota,2,220.0,background,0,poisson,,10240,1276,1271,5,,not_applicable
classifying-quota-block-2,classifying-quota,2,221.0,background,0,poisson,,10240,1280,1276,4,,not_applicable
classifying-quota-block-2,classifying-quota,2,222.0,background,0,poisson,,10240,1286,1280,6,,not_applicable
classifying-quota-block-2,classifying-quota,2,223.0,background,0,poisson,,10240,1293,1285,8,,not_applicable
classifying-quota-block-2,classifying-quota,2,224.0,background,0,poisson,,10240,1296,1291,5,,not_applicable
classifying-quota-block-2,classifying-quota,2,225.0,background,0,poisson,,10240,1302,1296,6,,not_applicable
classifying-quota-block-2,classifying-quota,2,226.0,background,0,poisson,,10240,1315,1299,16,,not_applicable
classifying-quota-block-2,classifying-quota,2,227.0,background,0,poisson,,10240,1323,1308,15,,not_applicable
classifying-quota-block-2,classifying-quota,2,228.0,background,0,poisson,,10240,1329,1321,8,,not_applicable
classifying-quota-block-2,classifying-quota,2,229.0,background,0,poisson,,10240,1335,1327,8,,not_applicable
classifying-quota-block-2,classifying-quota,2,230.0,background,0,poisson,,10240,1341,1334,7,,not_applicable
classifying-quota-block-2,classifying-quota,2,231.0,background,0,poisson,,10240,1346,1338,8,,not_applicable
classifying-quota-block-2,classifying-quota,2,232.0,background,0,poisson,,10240,1354,1344,10,,not_applicable
classifying-quota-block-2,classifying-quota,2,233.0,background,0,poisson,,10240,1363,1349,14,,not_applicable
classifying-quota-block-2,classifying-quota,2,234.0,background,0,poisson,,10240,1372,1361,11,,not_applicable
classifying-quota-block-2,classifying-quota,2,235.0,background,0,poisson,,10240,1377,1371,6,,not_applicable
classifying-quota-block-2,classifying-quota,2,236.0,background,0,poisson,,10240,1383,1376,7,,not_applicable
classifying-quota-block-2,classifying-quota,2,237.0,background,0,poisson,,10240,1388,1380,8,,not_applicable
classifying-quota-block-2,classifying-quota,2,238.0,background,0,poisson,,10240,1391,1385,6,,not_applicable
classifying-quota-block-2,classifying-quota,2,239.0,background,0,poisson,,10240,1398,1390,8,,not_applicable
classifying-quota-block-2,classifying-quota,2,240.0,background,0,poisson,,10240,1410,1395,15,,not_applicable
no-quota-block-2,no-quota,2,0.0,quota-eligible,0,poisson,,10240,0,0,0,,not_applicable
no-quota-block-2,no-quota,2,1.0,quota-eligible,0,poisson,,10240,6,0,6,,not_applicable
no-quota-block-2,no-quota,2,2.0,quota-eligible,0,poisson,,10240,11,6,5,,not_applicable
no-quota-block-2,no-quota,2,3.0,quota-eligible,0,poisson,,10240,16,9,7,,not_applicable
no-quota-block-2,no-quota,2,4.0,quota-eligible,0,poisson,,10240,17,16,1,,not_applicable
no-quota-block-2,no-quota,2,5.0,quota-eligible,0,poisson,,10240,23,17,6,,not_applicable
no-quota-block-2,no-quota,2,6.0,quota-eligible,0,poisson,,10240,29,23,6,,not_applicable
no-quota-block-2,no-quota,2,7.0,quota-eligible,0,poisson,,10240,39,27,12,,not_applicable
no-quota-block-2,no-quota,2,8.0,quota-eligible,0,poisson,,10240,46,34,12,,not_applicable
no-quota-block-2,no-quota,2,9.0,quota-eligible,0,poisson,,10240,51,43,8,,not_applicable
no-quota-block-2,no-quota,2,10.0,quota-eligible,0,poisson,,10240,57,50,7,,not_applicable
no-quota-block-2,no-quota,2,11.0,quota-eligible,0,poisson,,10240,67,58,9,,not_applicable
no-quota-block-2,no-quota,2,12.0,quota-eligible,0,poisson,,10240,75,64,11,,not_applicable
no-quota-block-2,no-quota,2,13.0,quota-eligible,0,poisson,,10240,81,74,7,,not_applicable
no-quota-block-2,no-quota,2,14.0,quota-eligible,0,poisson,,10240,87,80,7,,not_applicable
no-quota-block-2,no-quota,2,15.0,quota-eligible,0,poisson,,10240,98,87,11,,not_applicable
no-quota-block-2,no-quota,2,16.0,quota-eligible,0,poisson,,10240,103,94,9,,not_applicable
no-quota-block-2,no-quota,2,17.0,quota-eligible,0,poisson,,10240,112,102,10,,not_applicable
no-quota-block-2,no-quota,2,18.0,quota-eligible,0,poisson,,10240,120,111,9,,not_applicable
no-quota-block-2,no-quota,2,19.0,quota-eligible,0,poisson,,10240,131,119,12,,not_applicable
no-quota-block-2,no-quota,2,20.0,quota-eligible,0,poisson,,10240,136,127,9,,not_applicable
no-quota-block-2,no-quota,2,21.0,quota-eligible,0,poisson,,10240,142,136,6,,not_applicable
no-quota-block-2,no-quota,2,22.0,quota-eligible,0,poisson,,10240,144,140,4,,not_applicable
no-quota-block-2,no-quota,2,23.0,quota-eligible,0,poisson,,10240,149,143,6,,not_applicable
no-quota-block-2,no-quota,2,24.0,quota-eligible,0,poisson,,10240,155,148,7,,not_applicable
no-quota-block-2,no-quota,2,25.0,quota-eligible,0,poisson,,10240,161,154,7,,not_applicable
no-quota-block-2,no-quota,2,26.0,quota-eligible,0,poisson,,10240,168,159,9,,not_applicable
no-quota-block-2,no-quota,2,27.0,quota-eligible,0,poisson,,10240,173,166,7,,not_applicable
no-quota-block-2,no-quota,2,28.0,quota-eligible,0,poisson,,10240,178,173,5,,not_applicable
no-quota-block-2,no-quota,2,29.0,quota-eligible,0,poisson,,10240,186,175,11,,not_applicable
no-quota-block-2,no-quota,2,30.0,quota-eligible,0,poisson,,10240,190,183,7,,not_applicable
no-quota-block-2,no-quota,2,31.0,quota-eligible,0,poisson,,10240,193,189,4,,not_applicable
no-quota-block-2,no-quota,2,32.0,quota-eligible,0,poisson,,10240,197,194,3,,not_applicable
no-quota-block-2,no-quota,2,33.0,quota-eligible,0,poisson,,10240,202,196,6,,not_applicable
no-quota-block-2,no-quota,2,34.0,quota-eligible,0,poisson,,10240,208,199,9,,not_applicable
no-quota-block-2,no-quota,2,35.0,quota-eligible,0,poisson,,10240,210,205,5,,not_applicable
no-quota-block-2,no-quota,2,36.0,quota-eligible,0,poisson,,10240,214,210,4,,not_applicable
no-quota-block-2,no-quota,2,37.0,quota-eligible,0,poisson,,10240,217,213,4,,not_applicable
no-quota-block-2,no-quota,2,38.0,quota-eligible,0,poisson,,10240,221,216,5,,not_applicable
no-quota-block-2,no-quota,2,39.0,quota-eligible,0,poisson,,10240,227,218,9,,not_applicable
no-quota-block-2,no-quota,2,40.0,quota-eligible,0,poisson,,10240,238,228,10,,not_applicable
no-quota-block-2,no-quota,2,41.0,quota-eligible,0,poisson,,10240,244,236,8,,not_applicable
no-quota-block-2,no-quota,2,42.0,quota-eligible,0,poisson,,10240,250,243,7,,not_applicable
no-quota-block-2,no-quota,2,43.0,quota-eligible,0,poisson,,10240,258,249,9,,not_applicable
no-quota-block-2,no-quota,2,44.0,quota-eligible,0,poisson,,10240,264,255,9,,not_applicable
no-quota-block-2,no-quota,2,45.0,quota-eligible,0,poisson,,10240,268,262,6,,not_applicable
no-quota-block-2,no-quota,2,46.0,quota-eligible,0,poisson,,10240,273,266,7,,not_applicable
no-quota-block-2,no-quota,2,47.0,quota-eligible,0,poisson,,10240,280,271,9,,not_applicable
no-quota-block-2,no-quota,2,48.0,quota-eligible,0,poisson,,10240,283,278,5,,not_applicable
no-quota-block-2,no-quota,2,49.0,quota-eligible,0,poisson,,10240,288,282,6,,not_applicable
no-quota-block-2,no-quota,2,50.0,quota-eligible,0,poisson,,10240,294,285,9,,not_applicable
no-quota-block-2,no-quota,2,51.0,quota-eligible,0,poisson,,10240,302,293,9,,not_applicable
no-quota-block-2,no-quota,2,52.0,quota-eligible,0,poisson,,10240,308,301,7,,not_applicable
no-quota-block-2,no-quota,2,53.0,quota-eligible,0,poisson,,10240,315,308,7,,not_applicable
no-quota-block-2,no-quota,2,54.0,quota-eligible,0,poisson,,10240,320,315,5,,not_applicable
no-quota-block-2,no-quota,2,55.0,quota-eligible,0,poisson,,10240,332,319,13,,not_applicable
no-quota-block-2,no-quota,2,56.0,quota-eligible,0,poisson,,10240,337,326,11,,not_applicable
no-quota-block-2,no-quota,2,57.0,quota-eligible,0,poisson,,10240,343,335,8,,not_applicable
no-quota-block-2,no-quota,2,58.0,quota-eligible,0,poisson,,10240,351,342,9,,not_applicable
no-quota-block-2,no-quota,2,59.0,quota-eligible,0,poisson,,10240,361,351,10,,not_applicable
no-quota-block-2,no-quota,2,60.0,quota-eligible,0,poisson,,10240,365,358,7,,not_applicable
no-quota-block-2,no-quota,2,61.0,quota-eligible,0,poisson,,10240,369,364,5,,not_applicable
no-quota-block-2,no-quota,2,62.0,quota-eligible,0,poisson,,10240,374,370,4,,not_applicable
no-quota-block-2,no-quota,2,63.0,quota-eligible,0,poisson,,10240,379,373,6,,not_applicable
no-quota-block-2,no-quota,2,64.0,quota-eligible,0,poisson,,10240,382,378,4,,not_applicable
no-quota-block-2,no-quota,2,65.0,quota-eligible,0,poisson,,10240,387,382,5,,not_applicable
no-quota-block-2,no-quota,2,66.0,quota-eligible,0,poisson,,10240,394,384,10,,not_applicable
no-quota-block-2,no-quota,2,67.0,quota-eligible,0,poisson,,10240,400,391,9,,not_applicable
no-quota-block-2,no-quota,2,68.0,quota-eligible,0,poisson,,10240,401,398,3,,not_applicable
no-quota-block-2,no-quota,2,69.0,quota-eligible,0,poisson,,10240,404,401,3,,not_applicable
no-quota-block-2,no-quota,2,70.0,quota-eligible,0,poisson,,10240,412,404,8,,not_applicable
no-quota-block-2,no-quota,2,71.0,quota-eligible,0,poisson,,10240,415,410,5,,not_applicable
no-quota-block-2,no-quota,2,72.0,quota-eligible,0,poisson,,10240,417,415,2,,not_applicable
no-quota-block-2,no-quota,2,73.0,quota-eligible,0,poisson,,10240,427,417,10,,not_applicable
no-quota-block-2,no-quota,2,74.0,quota-eligible,0,poisson,,10240,430,422,8,,not_applicable
no-quota-block-2,no-quota,2,75.0,quota-eligible,0,poisson,,10240,434,428,6,,not_applicable
no-quota-block-2,no-quota,2,76.0,quota-eligible,0,poisson,,10240,442,434,8,,not_applicable
no-quota-block-2,no-quota,2,77.0,quota-eligible,0,poisson,,10240,448,439,9,,not_applicable
no-quota-block-2,no-quota,2,78.0,quota-eligible,0,poisson,,10240,459,446,13,,not_applicable
no-quota-block-2,no-quota,2,79.0,quota-eligible,0,poisson,,10240,464,454,10,,not_applicable
no-quota-block-2,no-quota,2,80.0,quota-eligible,0,poisson,,10240,470,464,6,,not_applicable
no-quota-block-2,no-quota,2,81.0,quota-eligible,0,poisson,,10240,475,467,8,,not_applicable
no-quota-block-2,no-quota,2,82.0,quota-eligible,0,poisson,,10240,482,474,8,,not_applicable
no-quota-block-2,no-quota,2,83.0,quota-eligible,0,poisson,,10240,492,481,11,,not_applicable
no-quota-block-2,no-quota,2,84.0,quota-eligible,0,poisson,,10240,503,488,15,,not_applicable
no-quota-block-2,no-quota,2,85.0,quota-eligible,0,poisson,,10240,506,502,4,,not_applicable
no-quota-block-2,no-quota,2,86.0,quota-eligible,0,poisson,,10240,513,506,7,,not_applicable
no-quota-block-2,no-quota,2,87.0,quota-eligible,0,poisson,,10240,515,510,5,,not_applicable
no-quota-block-2,no-quota,2,88.0,quota-eligible,0,poisson,,10240,524,517,7,,not_applicable
no-quota-block-2,no-quota,2,89.0,quota-eligible,0,poisson,,10240,530,522,8,,not_applicable
no-quota-block-2,no-quota,2,90.0,quota-eligible,0,poisson,,10240,537,529,8,,not_applicable
no-quota-block-2,no-quota,2,91.0,quota-eligible,0,poisson,,10240,546,534,12,,not_applicable
no-quota-block-2,no-quota,2,92.0,quota-eligible,0,poisson,,10240,554,543,11,,not_applicable
no-quota-block-2,no-quota,2,93.0,quota-eligible,0,poisson,,10240,560,553,7,,not_applicable
no-quota-block-2,no-quota,2,94.0,quota-eligible,0,poisson,,10240,562,558,4,,not_applicable
no-quota-block-2,no-quota,2,95.0,quota-eligible,0,poisson,,10240,565,561,4,,not_applicable
no-quota-block-2,no-quota,2,96.0,quota-eligible,0,poisson,,10240,571,566,5,,not_applicable
no-quota-block-2,no-quota,2,97.0,quota-eligible,0,poisson,,10240,575,571,4,,not_applicable
no-quota-block-2,no-quota,2,98.0,quota-eligible,0,poisson,,10240,575,574,1,,not_applicable
no-quota-block-2,no-quota,2,99.0,quota-eligible,0,poisson,,10240,581,575,6,,not_applicable
no-quota-block-2,no-quota,2,100.0,quota-eligible,0,poisson,,10240,585,578,7,,not_applicable
no-quota-block-2,no-quota,2,101.0,quota-eligible,0,poisson,,10240,591,584,7,,not_applicable
no-quota-block-2,no-quota,2,102.0,quota-eligible,0,poisson,,10240,594,591,3,,not_applicable
no-quota-block-2,no-quota,2,103.0,quota-eligible,0,poisson,,10240,604,594,10,,not_applicable
no-quota-block-2,no-quota,2,104.0,quota-eligible,0,poisson,,10240,606,601,5,,not_applicable
no-quota-block-2,no-quota,2,105.0,quota-eligible,0,poisson,,10240,612,606,6,,not_applicable
no-quota-block-2,no-quota,2,106.0,quota-eligible,0,poisson,,10240,618,611,7,,not_applicable
no-quota-block-2,no-quota,2,107.0,quota-eligible,0,poisson,,10240,626,618,8,,not_applicable
no-quota-block-2,no-quota,2,108.0,quota-eligible,0,poisson,,10240,631,624,7,,not_applicable
no-quota-block-2,no-quota,2,109.0,quota-eligible,0,poisson,,10240,639,630,9,,not_applicable
no-quota-block-2,no-quota,2,110.0,quota-eligible,0,poisson,,10240,649,638,11,,not_applicable
no-quota-block-2,no-quota,2,111.0,quota-eligible,0,poisson,,10240,653,648,5,,not_applicable
no-quota-block-2,no-quota,2,112.0,quota-eligible,0,poisson,,10240,658,652,6,,not_applicable
no-quota-block-2,no-quota,2,113.0,quota-eligible,0,poisson,,10240,666,658,8,,not_applicable
no-quota-block-2,no-quota,2,114.0,quota-eligible,0,poisson,,10240,668,664,4,,not_applicable
no-quota-block-2,no-quota,2,115.0,quota-eligible,0,poisson,,10240,674,666,8,,not_applicable
no-quota-block-2,no-quota,2,116.0,quota-eligible,0,poisson,,10240,680,672,8,,not_applicable
no-quota-block-2,no-quota,2,117.0,quota-eligible,0,poisson,,10240,684,678,6,,not_applicable
no-quota-block-2,no-quota,2,118.0,quota-eligible,0,poisson,,10240,687,684,3,,not_applicable
no-quota-block-2,no-quota,2,119.0,quota-eligible,0,poisson,,10240,696,688,8,,not_applicable
no-quota-block-2,no-quota,2,120.0,quota-eligible,0,poisson,,10240,696,694,2,,not_applicable
no-quota-block-2,no-quota,2,121.0,quota-eligible,0,poisson,,10240,700,696,4,,not_applicable
no-quota-block-2,no-quota,2,122.0,quota-eligible,0,poisson,,10240,710,701,9,,not_applicable
no-quota-block-2,no-quota,2,123.0,quota-eligible,0,poisson,,10240,715,707,8,,not_applicable
no-quota-block-2,no-quota,2,124.0,quota-eligible,0,poisson,,10240,719,713,6,,not_applicable
no-quota-block-2,no-quota,2,125.0,quota-eligible,0,poisson,,10240,721,718,3,,not_applicable
no-quota-block-2,no-quota,2,126.0,quota-eligible,0,poisson,,10240,725,721,4,,not_applicable
no-quota-block-2,no-quota,2,127.0,quota-eligible,0,poisson,,10240,727,725,2,,not_applicable
no-quota-block-2,no-quota,2,128.0,quota-eligible,0,poisson,,10240,735,727,8,,not_applicable
no-quota-block-2,no-quota,2,129.0,quota-eligible,0,poisson,,10240,745,732,13,,not_applicable
no-quota-block-2,no-quota,2,130.0,quota-eligible,0,poisson,,10240,749,739,10,,not_applicable
no-quota-block-2,no-quota,2,131.0,quota-eligible,0,poisson,,10240,757,749,8,,not_applicable
no-quota-block-2,no-quota,2,132.0,quota-eligible,0,poisson,,10240,767,755,12,,not_applicable
no-quota-block-2,no-quota,2,133.0,quota-eligible,0,poisson,,10240,770,766,4,,not_applicable
no-quota-block-2,no-quota,2,134.0,quota-eligible,0,poisson,,10240,779,770,9,,not_applicable
no-quota-block-2,no-quota,2,135.0,quota-eligible,0,poisson,,10240,783,778,5,,not_applicable
no-quota-block-2,no-quota,2,136.0,quota-eligible,0,poisson,,10240,790,780,10,,not_applicable
no-quota-block-2,no-quota,2,137.0,quota-eligible,0,poisson,,10240,796,788,8,,not_applicable
no-quota-block-2,no-quota,2,138.0,quota-eligible,0,poisson,,10240,799,795,4,,not_applicable
no-quota-block-2,no-quota,2,139.0,quota-eligible,0,poisson,,10240,802,799,3,,not_applicable
no-quota-block-2,no-quota,2,140.0,quota-eligible,0,poisson,,10240,808,802,6,,not_applicable
no-quota-block-2,no-quota,2,141.0,quota-eligible,0,poisson,,10240,813,806,7,,not_applicable
no-quota-block-2,no-quota,2,142.0,quota-eligible,0,poisson,,10240,819,812,7,,not_applicable
no-quota-block-2,no-quota,2,143.0,quota-eligible,0,poisson,,10240,825,816,9,,not_applicable
no-quota-block-2,no-quota,2,144.0,quota-eligible,0,poisson,,10240,829,822,7,,not_applicable
no-quota-block-2,no-quota,2,145.0,quota-eligible,0,poisson,,10240,837,829,8,,not_applicable
no-quota-block-2,no-quota,2,146.0,quota-eligible,0,poisson,,10240,846,834,12,,not_applicable
no-quota-block-2,no-quota,2,147.0,quota-eligible,0,poisson,,10240,855,845,10,,not_applicable
no-quota-block-2,no-quota,2,148.0,quota-eligible,0,poisson,,10240,858,851,7,,not_applicable
no-quota-block-2,no-quota,2,149.0,quota-eligible,0,poisson,,10240,863,856,7,,not_applicable
no-quota-block-2,no-quota,2,150.0,quota-eligible,0,poisson,,10240,866,861,5,,not_applicable
no-quota-block-2,no-quota,2,151.0,quota-eligible,0,poisson,,10240,874,863,11,,not_applicable
no-quota-block-2,no-quota,2,152.0,quota-eligible,0,poisson,,10240,879,871,8,,not_applicable
no-quota-block-2,no-quota,2,153.0,quota-eligible,0,poisson,,10240,885,876,9,,not_applicable
no-quota-block-2,no-quota,2,154.0,quota-eligible,0,poisson,,10240,896,887,9,,not_applicable
no-quota-block-2,no-quota,2,155.0,quota-eligible,0,poisson,,10240,900,896,4,,not_applicable
no-quota-block-2,no-quota,2,156.0,quota-eligible,0,poisson,,10240,907,900,7,,not_applicable
no-quota-block-2,no-quota,2,157.0,quota-eligible,0,poisson,,10240,914,906,8,,not_applicable
no-quota-block-2,no-quota,2,158.0,quota-eligible,0,poisson,,10240,925,911,14,,not_applicable
no-quota-block-2,no-quota,2,159.0,quota-eligible,0,poisson,,10240,933,917,16,,not_applicable
no-quota-block-2,no-quota,2,160.0,quota-eligible,0,poisson,,10240,938,930,8,,not_applicable
no-quota-block-2,no-quota,2,161.0,quota-eligible,0,poisson,,10240,944,938,6,,not_applicable
no-quota-block-2,no-quota,2,162.0,quota-eligible,0,poisson,,10240,952,941,11,,not_applicable
no-quota-block-2,no-quota,2,163.0,quota-eligible,0,poisson,,10240,955,951,4,,not_applicable
no-quota-block-2,no-quota,2,164.0,quota-eligible,0,poisson,,10240,963,953,10,,not_applicable
no-quota-block-2,no-quota,2,165.0,quota-eligible,0,poisson,,10240,971,963,8,,not_applicable
no-quota-block-2,no-quota,2,166.0,quota-eligible,0,poisson,,10240,978,971,7,,not_applicable
no-quota-block-2,no-quota,2,167.0,quota-eligible,0,poisson,,10240,983,977,6,,not_applicable
no-quota-block-2,no-quota,2,168.0,quota-eligible,0,poisson,,10240,988,983,5,,not_applicable
no-quota-block-2,no-quota,2,169.0,quota-eligible,0,poisson,,10240,994,987,7,,not_applicable
no-quota-block-2,no-quota,2,170.0,quota-eligible,0,poisson,,10240,1000,993,7,,not_applicable
no-quota-block-2,no-quota,2,171.0,quota-eligible,0,poisson,,10240,1004,999,5,,not_applicable
no-quota-block-2,no-quota,2,172.0,quota-eligible,0,poisson,,10240,1011,1004,7,,not_applicable
no-quota-block-2,no-quota,2,173.0,quota-eligible,0,poisson,,10240,1013,1009,4,,not_applicable
no-quota-block-2,no-quota,2,174.0,quota-eligible,0,poisson,,10240,1019,1013,6,,not_applicable
no-quota-block-2,no-quota,2,175.0,quota-eligible,0,poisson,,10240,1028,1019,9,,not_applicable
no-quota-block-2,no-quota,2,176.0,quota-eligible,0,poisson,,10240,1033,1026,7,,not_applicable
no-quota-block-2,no-quota,2,177.0,quota-eligible,0,poisson,,10240,1035,1030,5,,not_applicable
no-quota-block-2,no-quota,2,178.0,quota-eligible,0,poisson,,10240,1039,1035,4,,not_applicable
no-quota-block-2,no-quota,2,179.0,quota-eligible,0,poisson,,10240,1042,1038,4,,not_applicable
no-quota-block-2,no-quota,2,180.0,quota-eligible,0,poisson,,10240,1048,1041,7,,not_applicable
no-quota-block-2,no-quota,2,181.0,quota-eligible,0,poisson,,10240,1053,1047,6,,not_applicable
no-quota-block-2,no-quota,2,182.0,quota-eligible,0,poisson,,10240,1062,1051,11,,not_applicable
no-quota-block-2,no-quota,2,183.0,quota-eligible,0,poisson,,10240,1067,1060,7,,not_applicable
no-quota-block-2,no-quota,2,184.0,quota-eligible,0,poisson,,10240,1073,1065,8,,not_applicable
no-quota-block-2,no-quota,2,185.0,quota-eligible,0,poisson,,10240,1079,1071,8,,not_applicable
no-quota-block-2,no-quota,2,186.0,quota-eligible,0,poisson,,10240,1081,1077,4,,not_applicable
no-quota-block-2,no-quota,2,187.0,quota-eligible,0,poisson,,10240,1086,1079,7,,not_applicable
no-quota-block-2,no-quota,2,188.0,quota-eligible,0,poisson,,10240,1090,1085,5,,not_applicable
no-quota-block-2,no-quota,2,189.0,quota-eligible,0,poisson,,10240,1095,1090,5,,not_applicable
no-quota-block-2,no-quota,2,190.0,quota-eligible,0,poisson,,10240,1101,1093,8,,not_applicable
no-quota-block-2,no-quota,2,191.0,quota-eligible,0,poisson,,10240,1108,1100,8,,not_applicable
no-quota-block-2,no-quota,2,192.0,quota-eligible,0,poisson,,10240,1114,1108,6,,not_applicable
no-quota-block-2,no-quota,2,193.0,quota-eligible,0,poisson,,10240,1122,1114,8,,not_applicable
no-quota-block-2,no-quota,2,194.0,quota-eligible,0,poisson,,10240,1133,1119,14,,not_applicable
no-quota-block-2,no-quota,2,195.0,quota-eligible,0,poisson,,10240,1141,1130,11,,not_applicable
no-quota-block-2,no-quota,2,196.0,quota-eligible,0,poisson,,10240,1149,1138,11,,not_applicable
no-quota-block-2,no-quota,2,197.0,quota-eligible,0,poisson,,10240,1154,1146,8,,not_applicable
no-quota-block-2,no-quota,2,198.0,quota-eligible,0,poisson,,10240,1158,1153,5,,not_applicable
no-quota-block-2,no-quota,2,199.0,quota-eligible,0,poisson,,10240,1169,1156,13,,not_applicable
no-quota-block-2,no-quota,2,200.0,quota-eligible,0,poisson,,10240,1175,1165,10,,not_applicable
no-quota-block-2,no-quota,2,201.0,quota-eligible,0,poisson,,10240,1182,1175,7,,not_applicable
no-quota-block-2,no-quota,2,202.0,quota-eligible,0,poisson,,10240,1187,1181,6,,not_applicable
no-quota-block-2,no-quota,2,203.0,quota-eligible,0,poisson,,10240,1196,1185,11,,not_applicable
no-quota-block-2,no-quota,2,204.0,quota-eligible,0,poisson,,10240,1200,1193,7,,not_applicable
no-quota-block-2,no-quota,2,205.0,quota-eligible,0,poisson,,10240,1207,1199,8,,not_applicable
no-quota-block-2,no-quota,2,206.0,quota-eligible,0,poisson,,10240,1211,1206,5,,not_applicable
no-quota-block-2,no-quota,2,207.0,quota-eligible,0,poisson,,10240,1218,1209,9,,not_applicable
no-quota-block-2,no-quota,2,208.0,quota-eligible,0,poisson,,10240,1222,1216,6,,not_applicable
no-quota-block-2,no-quota,2,209.0,quota-eligible,0,poisson,,10240,1229,1222,7,,not_applicable
no-quota-block-2,no-quota,2,210.0,quota-eligible,0,poisson,,10240,1230,1227,3,,not_applicable
no-quota-block-2,no-quota,2,211.0,quota-eligible,0,poisson,,10240,1239,1230,9,,not_applicable
no-quota-block-2,no-quota,2,212.0,quota-eligible,0,poisson,,10240,1240,1235,5,,not_applicable
no-quota-block-2,no-quota,2,213.0,quota-eligible,0,poisson,,10240,1245,1239,6,,not_applicable
no-quota-block-2,no-quota,2,214.0,quota-eligible,0,poisson,,10240,1250,1243,7,,not_applicable
no-quota-block-2,no-quota,2,215.0,quota-eligible,0,poisson,,10240,1254,1248,6,,not_applicable
no-quota-block-2,no-quota,2,216.0,quota-eligible,0,poisson,,10240,1258,1253,5,,not_applicable
no-quota-block-2,no-quota,2,217.0,quota-eligible,0,poisson,,10240,1265,1258,7,,not_applicable
no-quota-block-2,no-quota,2,218.0,quota-eligible,0,poisson,,10240,1267,1261,6,,not_applicable
no-quota-block-2,no-quota,2,219.0,quota-eligible,0,poisson,,10240,1273,1266,7,,not_applicable
no-quota-block-2,no-quota,2,220.0,quota-eligible,0,poisson,,10240,1276,1271,5,,not_applicable
no-quota-block-2,no-quota,2,221.0,quota-eligible,0,poisson,,10240,1280,1275,5,,not_applicable
no-quota-block-2,no-quota,2,222.0,quota-eligible,0,poisson,,10240,1286,1280,6,,not_applicable
no-quota-block-2,no-quota,2,223.0,quota-eligible,0,poisson,,10240,1293,1285,8,,not_applicable
no-quota-block-2,no-quota,2,224.0,quota-eligible,0,poisson,,10240,1296,1291,5,,not_applicable
no-quota-block-2,no-quota,2,225.0,quota-eligible,0,poisson,,10240,1302,1296,6,,not_applicable
no-quota-block-2,no-quota,2,226.0,quota-eligible,0,poisson,,10240,1315,1299,16,,not_applicable
no-quota-block-2,no-quota,2,227.0,quota-eligible,0,poisson,,10240,1323,1310,13,,not_applicable
no-quota-block-2,no-quota,2,228.0,quota-eligible,0,poisson,,10240,1329,1324,5,,not_applicable
no-quota-block-2,no-quota,2,229.0,quota-eligible,0,poisson,,10240,1335,1328,7,,not_applicable
no-quota-block-2,no-quota,2,230.0,quota-eligible,0,poisson,,10240,1341,1334,7,,not_applicable
no-quota-block-2,no-quota,2,231.0,quota-eligible,0,poisson,,10240,1346,1340,6,,not_applicable
no-quota-block-2,no-quota,2,232.0,quota-eligible,0,poisson,,10240,1354,1344,10,,not_applicable
no-quota-block-2,no-quota,2,233.0,quota-eligible,0,poisson,,10240,1363,1351,12,,not_applicable
no-quota-block-2,no-quota,2,234.0,quota-eligible,0,poisson,,10240,1372,1362,10,,not_applicable
no-quota-block-2,no-quota,2,235.0,quota-eligible,0,poisson,,10240,1377,1371,6,,not_applicable
no-quota-block-2,no-quota,2,236.0,quota-eligible,0,poisson,,10240,1383,1377,6,,not_applicable
no-quota-block-2,no-quota,2,237.0,quota-eligible,0,poisson,,10240,1388,1381,7,,not_applicable
no-quota-block-2,no-quota,2,238.0,quota-eligible,0,poisson,,10240,1391,1386,5,,not_applicable
no-quota-block-2,no-quota,2,239.0,quota-eligible,0,poisson,,10240,1398,1390,8,,not_applicable
no-quota-block-2,no-quota,2,240.0,quota-eligible,0,poisson,,10240,1410,1395,15,,not_applicable
no-quota-block-2,no-quota,2,0.0,background,0,poisson,,10240,0,0,0,,not_applicable
no-quota-block-2,no-quota,2,1.0,background,0,poisson,,10240,6,0,6,,not_applicable
no-quota-block-2,no-quota,2,2.0,background,0,poisson,,10240,11,6,5,,not_applicable
no-quota-block-2,no-quota,2,3.0,background,0,poisson,,10240,16,9,7,,not_applicable
no-quota-block-2,no-quota,2,4.0,background,0,poisson,,10240,17,16,1,,not_applicable
no-quota-block-2,no-quota,2,5.0,background,0,poisson,,10240,23,17,6,,not_applicable
no-quota-block-2,no-quota,2,6.0,background,0,poisson,,10240,29,23,6,,not_applicable
no-quota-block-2,no-quota,2,7.0,background,0,poisson,,10240,39,27,12,,not_applicable
no-quota-block-2,no-quota,2,8.0,background,0,poisson,,10240,46,33,13,,not_applicable
no-quota-block-2,no-quota,2,9.0,background,0,poisson,,10240,51,43,8,,not_applicable
no-quota-block-2,no-quota,2,10.0,background,0,poisson,,10240,57,50,7,,not_applicable
no-quota-block-2,no-quota,2,11.0,background,0,poisson,,10240,67,57,10,,not_applicable
no-quota-block-2,no-quota,2,12.0,background,0,poisson,,10240,75,66,9,,not_applicable
no-quota-block-2,no-quota,2,13.0,background,0,poisson,,10240,81,74,7,,not_applicable
no-quota-block-2,no-quota,2,14.0,background,0,poisson,,10240,87,80,7,,not_applicable
no-quota-block-2,no-quota,2,15.0,background,0,poisson,,10240,98,86,12,,not_applicable
no-quota-block-2,no-quota,2,16.0,background,0,poisson,,10240,103,94,9,,not_applicable
no-quota-block-2,no-quota,2,17.0,background,0,poisson,,10240,112,101,11,,not_applicable
no-quota-block-2,no-quota,2,18.0,background,0,poisson,,10240,120,111,9,,not_applicable
no-quota-block-2,no-quota,2,19.0,background,0,poisson,,10240,131,118,13,,not_applicable
no-quota-block-2,no-quota,2,20.0,background,0,poisson,,10240,136,128,8,,not_applicable
no-quota-block-2,no-quota,2,21.0,background,0,poisson,,10240,142,135,7,,not_applicable
no-quota-block-2,no-quota,2,22.0,background,0,poisson,,10240,144,140,4,,not_applicable
no-quota-block-2,no-quota,2,23.0,background,0,poisson,,10240,149,143,6,,not_applicable
no-quota-block-2,no-quota,2,24.0,background,0,poisson,,10240,155,148,7,,not_applicable
no-quota-block-2,no-quota,2,25.0,background,0,poisson,,10240,161,154,7,,not_applicable
no-quota-block-2,no-quota,2,26.0,background,0,poisson,,10240,168,161,7,,not_applicable
no-quota-block-2,no-quota,2,27.0,background,0,poisson,,10240,173,166,7,,not_applicable
no-quota-block-2,no-quota,2,28.0,background,0,poisson,,10240,178,173,5,,not_applicable
no-quota-block-2,no-quota,2,29.0,background,0,poisson,,10240,186,176,10,,not_applicable
no-quota-block-2,no-quota,2,30.0,background,0,poisson,,10240,190,183,7,,not_applicable
no-quota-block-2,no-quota,2,31.0,background,0,poisson,,10240,193,189,4,,not_applicable
no-quota-block-2,no-quota,2,32.0,background,0,poisson,,10240,197,193,4,,not_applicable
no-quota-block-2,no-quota,2,33.0,background,0,poisson,,10240,202,196,6,,not_applicable
no-quota-block-2,no-quota,2,34.0,background,0,poisson,,10240,208,199,9,,not_applicable
no-quota-block-2,no-quota,2,35.0,background,0,poisson,,10240,210,205,5,,not_applicable
no-quota-block-2,no-quota,2,36.0,background,0,poisson,,10240,214,209,5,,not_applicable
no-quota-block-2,no-quota,2,37.0,background,0,poisson,,10240,217,212,5,,not_applicable
no-quota-block-2,no-quota,2,38.0,background,0,poisson,,10240,221,216,5,,not_applicable
no-quota-block-2,no-quota,2,39.0,background,0,poisson,,10240,227,219,8,,not_applicable
no-quota-block-2,no-quota,2,40.0,background,0,poisson,,10240,238,227,11,,not_applicable
no-quota-block-2,no-quota,2,41.0,background,0,poisson,,10240,244,236,8,,not_applicable
no-quota-block-2,no-quota,2,42.0,background,0,poisson,,10240,250,244,6,,not_applicable
no-quota-block-2,no-quota,2,43.0,background,0,poisson,,10240,258,249,9,,not_applicable
no-quota-block-2,no-quota,2,44.0,background,0,poisson,,10240,264,255,9,,not_applicable
no-quota-block-2,no-quota,2,45.0,background,0,poisson,,10240,268,262,6,,not_applicable
no-quota-block-2,no-quota,2,46.0,background,0,poisson,,10240,273,265,8,,not_applicable
no-quota-block-2,no-quota,2,47.0,background,0,poisson,,10240,280,271,9,,not_applicable
no-quota-block-2,no-quota,2,48.0,background,0,poisson,,10240,283,278,5,,not_applicable
no-quota-block-2,no-quota,2,49.0,background,0,poisson,,10240,288,283,5,,not_applicable
no-quota-block-2,no-quota,2,50.0,background,0,poisson,,10240,294,285,9,,not_applicable
no-quota-block-2,no-quota,2,51.0,background,0,poisson,,10240,302,293,9,,not_applicable
no-quota-block-2,no-quota,2,52.0,background,0,poisson,,10240,308,301,7,,not_applicable
no-quota-block-2,no-quota,2,53.0,background,0,poisson,,10240,315,306,9,,not_applicable
no-quota-block-2,no-quota,2,54.0,background,0,poisson,,10240,320,314,6,,not_applicable
no-quota-block-2,no-quota,2,55.0,background,0,poisson,,10240,332,319,13,,not_applicable
no-quota-block-2,no-quota,2,56.0,background,0,poisson,,10240,337,326,11,,not_applicable
no-quota-block-2,no-quota,2,57.0,background,0,poisson,,10240,343,336,7,,not_applicable
no-quota-block-2,no-quota,2,58.0,background,0,poisson,,10240,351,342,9,,not_applicable
no-quota-block-2,no-quota,2,59.0,background,0,poisson,,10240,361,351,10,,not_applicable
no-quota-block-2,no-quota,2,60.0,background,0,poisson,,10240,365,359,6,,not_applicable
no-quota-block-2,no-quota,2,61.0,background,0,poisson,,10240,369,364,5,,not_applicable
no-quota-block-2,no-quota,2,62.0,background,0,poisson,,10240,374,369,5,,not_applicable
no-quota-block-2,no-quota,2,63.0,background,0,poisson,,10240,379,373,6,,not_applicable
no-quota-block-2,no-quota,2,64.0,background,0,poisson,,10240,382,378,4,,not_applicable
no-quota-block-2,no-quota,2,65.0,background,0,poisson,,10240,387,382,5,,not_applicable
no-quota-block-2,no-quota,2,66.0,background,0,poisson,,10240,394,384,10,,not_applicable
no-quota-block-2,no-quota,2,67.0,background,0,poisson,,10240,400,392,8,,not_applicable
no-quota-block-2,no-quota,2,68.0,background,0,poisson,,10240,401,399,2,,not_applicable
no-quota-block-2,no-quota,2,69.0,background,0,poisson,,10240,404,401,3,,not_applicable
no-quota-block-2,no-quota,2,70.0,background,0,poisson,,10240,412,404,8,,not_applicable
no-quota-block-2,no-quota,2,71.0,background,0,poisson,,10240,415,410,5,,not_applicable
no-quota-block-2,no-quota,2,72.0,background,0,poisson,,10240,417,415,2,,not_applicable
no-quota-block-2,no-quota,2,73.0,background,0,poisson,,10240,427,418,9,,not_applicable
no-quota-block-2,no-quota,2,74.0,background,0,poisson,,10240,430,422,8,,not_applicable
no-quota-block-2,no-quota,2,75.0,background,0,poisson,,10240,434,428,6,,not_applicable
no-quota-block-2,no-quota,2,76.0,background,0,poisson,,10240,442,434,8,,not_applicable
no-quota-block-2,no-quota,2,77.0,background,0,poisson,,10240,448,439,9,,not_applicable
no-quota-block-2,no-quota,2,78.0,background,0,poisson,,10240,459,446,13,,not_applicable
no-quota-block-2,no-quota,2,79.0,background,0,poisson,,10240,464,454,10,,not_applicable
no-quota-block-2,no-quota,2,80.0,background,0,poisson,,10240,470,464,6,,not_applicable
no-quota-block-2,no-quota,2,81.0,background,0,poisson,,10240,475,468,7,,not_applicable
no-quota-block-2,no-quota,2,82.0,background,0,poisson,,10240,482,475,7,,not_applicable
no-quota-block-2,no-quota,2,83.0,background,0,poisson,,10240,492,481,11,,not_applicable
no-quota-block-2,no-quota,2,84.0,background,0,poisson,,10240,503,489,14,,not_applicable
no-quota-block-2,no-quota,2,85.0,background,0,poisson,,10240,506,502,4,,not_applicable
no-quota-block-2,no-quota,2,86.0,background,0,poisson,,10240,513,506,7,,not_applicable
no-quota-block-2,no-quota,2,87.0,background,0,poisson,,10240,515,511,4,,not_applicable
no-quota-block-2,no-quota,2,88.0,background,0,poisson,,10240,524,515,9,,not_applicable
no-quota-block-2,no-quota,2,89.0,background,0,poisson,,10240,530,522,8,,not_applicable
no-quota-block-2,no-quota,2,90.0,background,0,poisson,,10240,537,529,8,,not_applicable
no-quota-block-2,no-quota,2,91.0,background,0,poisson,,10240,546,535,11,,not_applicable
no-quota-block-2,no-quota,2,92.0,background,0,poisson,,10240,554,543,11,,not_applicable
no-quota-block-2,no-quota,2,93.0,background,0,poisson,,10240,560,553,7,,not_applicable
no-quota-block-2,no-quota,2,94.0,background,0,poisson,,10240,562,559,3,,not_applicable
no-quota-block-2,no-quota,2,95.0,background,0,poisson,,10240,565,562,3,,not_applicable
no-quota-block-2,no-quota,2,96.0,background,0,poisson,,10240,571,565,6,,not_applicable
no-quota-block-2,no-quota,2,97.0,background,0,poisson,,10240,575,571,4,,not_applicable
no-quota-block-2,no-quota,2,98.0,background,0,poisson,,10240,575,574,1,,not_applicable
no-quota-block-2,no-quota,2,99.0,background,0,poisson,,10240,581,575,6,,not_applicable
no-quota-block-2,no-quota,2,100.0,background,0,poisson,,10240,585,578,7,,not_applicable
no-quota-block-2,no-quota,2,101.0,background,0,poisson,,10240,591,584,7,,not_applicable
no-quota-block-2,no-quota,2,102.0,background,0,poisson,,10240,594,591,3,,not_applicable
no-quota-block-2,no-quota,2,103.0,background,0,poisson,,10240,604,594,10,,not_applicable
no-quota-block-2,no-quota,2,104.0,background,0,poisson,,10240,606,600,6,,not_applicable
no-quota-block-2,no-quota,2,105.0,background,0,poisson,,10240,612,606,6,,not_applicable
no-quota-block-2,no-quota,2,106.0,background,0,poisson,,10240,618,610,8,,not_applicable
no-quota-block-2,no-quota,2,107.0,background,0,poisson,,10240,626,618,8,,not_applicable
no-quota-block-2,no-quota,2,108.0,background,0,poisson,,10240,631,625,6,,not_applicable
no-quota-block-2,no-quota,2,109.0,background,0,poisson,,10240,639,633,6,,not_applicable
no-quota-block-2,no-quota,2,110.0,background,0,poisson,,10240,649,638,11,,not_applicable
no-quota-block-2,no-quota,2,111.0,background,0,poisson,,10240,653,648,5,,not_applicable
no-quota-block-2,no-quota,2,112.0,background,0,poisson,,10240,658,652,6,,not_applicable
no-quota-block-2,no-quota,2,113.0,background,0,poisson,,10240,666,658,8,,not_applicable
no-quota-block-2,no-quota,2,114.0,background,0,poisson,,10240,668,665,3,,not_applicable
no-quota-block-2,no-quota,2,115.0,background,0,poisson,,10240,674,667,7,,not_applicable
no-quota-block-2,no-quota,2,116.0,background,0,poisson,,10240,680,672,8,,not_applicable
no-quota-block-2,no-quota,2,117.0,background,0,poisson,,10240,684,679,5,,not_applicable
no-quota-block-2,no-quota,2,118.0,background,0,poisson,,10240,687,684,3,,not_applicable
no-quota-block-2,no-quota,2,119.0,background,0,poisson,,10240,696,687,9,,not_applicable
no-quota-block-2,no-quota,2,120.0,background,0,poisson,,10240,696,695,1,,not_applicable
no-quota-block-2,no-quota,2,121.0,background,0,poisson,,10240,700,696,4,,not_applicable
no-quota-block-2,no-quota,2,122.0,background,0,poisson,,10240,710,700,10,,not_applicable
no-quota-block-2,no-quota,2,123.0,background,0,poisson,,10240,715,707,8,,not_applicable
no-quota-block-2,no-quota,2,124.0,background,0,poisson,,10240,719,713,6,,not_applicable
no-quota-block-2,no-quota,2,125.0,background,0,poisson,,10240,721,718,3,,not_applicable
no-quota-block-2,no-quota,2,126.0,background,0,poisson,,10240,725,721,4,,not_applicable
no-quota-block-2,no-quota,2,127.0,background,0,poisson,,10240,727,724,3,,not_applicable
no-quota-block-2,no-quota,2,128.0,background,0,poisson,,10240,735,727,8,,not_applicable
no-quota-block-2,no-quota,2,129.0,background,0,poisson,,10240,745,732,13,,not_applicable
no-quota-block-2,no-quota,2,130.0,background,0,poisson,,10240,749,740,9,,not_applicable
no-quota-block-2,no-quota,2,131.0,background,0,poisson,,10240,757,749,8,,not_applicable
no-quota-block-2,no-quota,2,132.0,background,0,poisson,,10240,767,756,11,,not_applicable
no-quota-block-2,no-quota,2,133.0,background,0,poisson,,10240,770,766,4,,not_applicable
no-quota-block-2,no-quota,2,134.0,background,0,poisson,,10240,779,771,8,,not_applicable
no-quota-block-2,no-quota,2,135.0,background,0,poisson,,10240,783,778,5,,not_applicable
no-quota-block-2,no-quota,2,136.0,background,0,poisson,,10240,790,781,9,,not_applicable
no-quota-block-2,no-quota,2,137.0,background,0,poisson,,10240,796,789,7,,not_applicable
no-quota-block-2,no-quota,2,138.0,background,0,poisson,,10240,799,795,4,,not_applicable
no-quota-block-2,no-quota,2,139.0,background,0,poisson,,10240,802,799,3,,not_applicable
no-quota-block-2,no-quota,2,140.0,background,0,poisson,,10240,808,802,6,,not_applicable
no-quota-block-2,no-quota,2,141.0,background,0,poisson,,10240,813,807,6,,not_applicable
no-quota-block-2,no-quota,2,142.0,background,0,poisson,,10240,819,812,7,,not_applicable
no-quota-block-2,no-quota,2,143.0,background,0,poisson,,10240,825,816,9,,not_applicable
no-quota-block-2,no-quota,2,144.0,background,0,poisson,,10240,829,822,7,,not_applicable
no-quota-block-2,no-quota,2,145.0,background,0,poisson,,10240,837,829,8,,not_applicable
no-quota-block-2,no-quota,2,146.0,background,0,poisson,,10240,846,834,12,,not_applicable
no-quota-block-2,no-quota,2,147.0,background,0,poisson,,10240,855,845,10,,not_applicable
no-quota-block-2,no-quota,2,148.0,background,0,poisson,,10240,858,851,7,,not_applicable
no-quota-block-2,no-quota,2,149.0,background,0,poisson,,10240,863,856,7,,not_applicable
no-quota-block-2,no-quota,2,150.0,background,0,poisson,,10240,866,861,5,,not_applicable
no-quota-block-2,no-quota,2,151.0,background,0,poisson,,10240,874,864,10,,not_applicable
no-quota-block-2,no-quota,2,152.0,background,0,poisson,,10240,879,870,9,,not_applicable
no-quota-block-2,no-quota,2,153.0,background,0,poisson,,10240,885,876,9,,not_applicable
no-quota-block-2,no-quota,2,154.0,background,0,poisson,,10240,896,884,12,,not_applicable
no-quota-block-2,no-quota,2,155.0,background,0,poisson,,10240,900,896,4,,not_applicable
no-quota-block-2,no-quota,2,156.0,background,0,poisson,,10240,907,900,7,,not_applicable
no-quota-block-2,no-quota,2,157.0,background,0,poisson,,10240,914,905,9,,not_applicable
no-quota-block-2,no-quota,2,158.0,background,0,poisson,,10240,925,912,13,,not_applicable
no-quota-block-2,no-quota,2,159.0,background,0,poisson,,10240,933,918,15,,not_applicable
no-quota-block-2,no-quota,2,160.0,background,0,poisson,,10240,938,931,7,,not_applicable
no-quota-block-2,no-quota,2,161.0,background,0,poisson,,10240,944,938,6,,not_applicable
no-quota-block-2,no-quota,2,162.0,background,0,poisson,,10240,952,941,11,,not_applicable
no-quota-block-2,no-quota,2,163.0,background,0,poisson,,10240,955,951,4,,not_applicable
no-quota-block-2,no-quota,2,164.0,background,0,poisson,,10240,963,953,10,,not_applicable
no-quota-block-2,no-quota,2,165.0,background,0,poisson,,10240,971,963,8,,not_applicable
no-quota-block-2,no-quota,2,166.0,background,0,poisson,,10240,978,968,10,,not_applicable
no-quota-block-2,no-quota,2,167.0,background,0,poisson,,10240,983,977,6,,not_applicable
no-quota-block-2,no-quota,2,168.0,background,0,poisson,,10240,988,983,5,,not_applicable
no-quota-block-2,no-quota,2,169.0,background,0,poisson,,10240,994,987,7,,not_applicable
no-quota-block-2,no-quota,2,170.0,background,0,poisson,,10240,1000,993,7,,not_applicable
no-quota-block-2,no-quota,2,171.0,background,0,poisson,,10240,1004,1000,4,,not_applicable
no-quota-block-2,no-quota,2,172.0,background,0,poisson,,10240,1011,1004,7,,not_applicable
no-quota-block-2,no-quota,2,173.0,background,0,poisson,,10240,1013,1009,4,,not_applicable
no-quota-block-2,no-quota,2,174.0,background,0,poisson,,10240,1019,1014,5,,not_applicable
no-quota-block-2,no-quota,2,175.0,background,0,poisson,,10240,1028,1019,9,,not_applicable
no-quota-block-2,no-quota,2,176.0,background,0,poisson,,10240,1033,1026,7,,not_applicable
no-quota-block-2,no-quota,2,177.0,background,0,poisson,,10240,1035,1031,4,,not_applicable
no-quota-block-2,no-quota,2,178.0,background,0,poisson,,10240,1039,1035,4,,not_applicable
no-quota-block-2,no-quota,2,179.0,background,0,poisson,,10240,1042,1038,4,,not_applicable
no-quota-block-2,no-quota,2,180.0,background,0,poisson,,10240,1048,1041,7,,not_applicable
no-quota-block-2,no-quota,2,181.0,background,0,poisson,,10240,1053,1046,7,,not_applicable
no-quota-block-2,no-quota,2,182.0,background,0,poisson,,10240,1062,1051,11,,not_applicable
no-quota-block-2,no-quota,2,183.0,background,0,poisson,,10240,1067,1060,7,,not_applicable
no-quota-block-2,no-quota,2,184.0,background,0,poisson,,10240,1073,1065,8,,not_applicable
no-quota-block-2,no-quota,2,185.0,background,0,poisson,,10240,1079,1071,8,,not_applicable
no-quota-block-2,no-quota,2,186.0,background,0,poisson,,10240,1081,1076,5,,not_applicable
no-quota-block-2,no-quota,2,187.0,background,0,poisson,,10240,1086,1079,7,,not_applicable
no-quota-block-2,no-quota,2,188.0,background,0,poisson,,10240,1090,1085,5,,not_applicable
no-quota-block-2,no-quota,2,189.0,background,0,poisson,,10240,1095,1090,5,,not_applicable
no-quota-block-2,no-quota,2,190.0,background,0,poisson,,10240,1101,1093,8,,not_applicable
no-quota-block-2,no-quota,2,191.0,background,0,poisson,,10240,1108,1100,8,,not_applicable
no-quota-block-2,no-quota,2,192.0,background,0,poisson,,10240,1114,1108,6,,not_applicable
no-quota-block-2,no-quota,2,193.0,background,0,poisson,,10240,1122,1113,9,,not_applicable
no-quota-block-2,no-quota,2,194.0,background,0,poisson,,10240,1133,1119,14,,not_applicable
no-quota-block-2,no-quota,2,195.0,background,0,poisson,,10240,1141,1131,10,,not_applicable
no-quota-block-2,no-quota,2,196.0,background,0,poisson,,10240,1149,1139,10,,not_applicable
no-quota-block-2,no-quota,2,197.0,background,0,poisson,,10240,1154,1146,8,,not_applicable
no-quota-block-2,no-quota,2,198.0,background,0,poisson,,10240,1158,1153,5,,not_applicable
no-quota-block-2,no-quota,2,199.0,background,0,poisson,,10240,1169,1157,12,,not_applicable
no-quota-block-2,no-quota,2,200.0,background,0,poisson,,10240,1175,1165,10,,not_applicable
no-quota-block-2,no-quota,2,201.0,background,0,poisson,,10240,1182,1175,7,,not_applicable
no-quota-block-2,no-quota,2,202.0,background,0,poisson,,10240,1187,1181,6,,not_applicable
no-quota-block-2,no-quota,2,203.0,background,0,poisson,,10240,1196,1186,10,,not_applicable
no-quota-block-2,no-quota,2,204.0,background,0,poisson,,10240,1200,1193,7,,not_applicable
no-quota-block-2,no-quota,2,205.0,background,0,poisson,,10240,1207,1199,8,,not_applicable
no-quota-block-2,no-quota,2,206.0,background,0,poisson,,10240,1211,1206,5,,not_applicable
no-quota-block-2,no-quota,2,207.0,background,0,poisson,,10240,1218,1210,8,,not_applicable
no-quota-block-2,no-quota,2,208.0,background,0,poisson,,10240,1222,1216,6,,not_applicable
no-quota-block-2,no-quota,2,209.0,background,0,poisson,,10240,1229,1222,7,,not_applicable
no-quota-block-2,no-quota,2,210.0,background,0,poisson,,10240,1230,1227,3,,not_applicable
no-quota-block-2,no-quota,2,211.0,background,0,poisson,,10240,1239,1230,9,,not_applicable
no-quota-block-2,no-quota,2,212.0,background,0,poisson,,10240,1240,1235,5,,not_applicable
no-quota-block-2,no-quota,2,213.0,background,0,poisson,,10240,1245,1240,5,,not_applicable
no-quota-block-2,no-quota,2,214.0,background,0,poisson,,10240,1250,1243,7,,not_applicable
no-quota-block-2,no-quota,2,215.0,background,0,poisson,,10240,1254,1248,6,,not_applicable
no-quota-block-2,no-quota,2,216.0,background,0,poisson,,10240,1258,1254,4,,not_applicable
no-quota-block-2,no-quota,2,217.0,background,0,poisson,,10240,1265,1258,7,,not_applicable
no-quota-block-2,no-quota,2,218.0,background,0,poisson,,10240,1267,1262,5,,not_applicable
no-quota-block-2,no-quota,2,219.0,background,0,poisson,,10240,1273,1266,7,,not_applicable
no-quota-block-2,no-quota,2,220.0,background,0,poisson,,10240,1276,1271,5,,not_applicable
no-quota-block-2,no-quota,2,221.0,background,0,poisson,,10240,1280,1275,5,,not_applicable
no-quota-block-2,no-quota,2,222.0,background,0,poisson,,10240,1286,1280,6,,not_applicable
no-quota-block-2,no-quota,2,223.0,background,0,poisson,,10240,1293,1285,8,,not_applicable
no-quota-block-2,no-quota,2,224.0,background,0,poisson,,10240,1296,1291,5,,not_applicable
no-quota-block-2,no-quota,2,225.0,background,0,poisson,,10240,1302,1296,6,,not_applicable
no-quota-block-2,no-quota,2,226.0,background,0,poisson,,10240,1315,1300,15,,not_applicable
no-quota-block-2,no-quota,2,227.0,background,0,poisson,,10240,1323,1310,13,,not_applicable
no-quota-block-2,no-quota,2,228.0,background,0,poisson,,10240,1329,1323,6,,not_applicable
no-quota-block-2,no-quota,2,229.0,background,0,poisson,,10240,1335,1328,7,,not_applicable
no-quota-block-2,no-quota,2,230.0,background,0,poisson,,10240,1341,1334,7,,not_applicable
no-quota-block-2,no-quota,2,231.0,background,0,poisson,,10240,1346,1340,6,,not_applicable
no-quota-block-2,no-quota,2,232.0,background,0,poisson,,10240,1354,1345,9,,not_applicable
no-quota-block-2,no-quota,2,233.0,background,0,poisson,,10240,1363,1351,12,,not_applicable
no-quota-block-2,no-quota,2,234.0,background,0,poisson,,10240,1372,1362,10,,not_applicable
no-quota-block-2,no-quota,2,235.0,background,0,poisson,,10240,1377,1371,6,,not_applicable
no-quota-block-2,no-quota,2,236.0,background,0,poisson,,10240,1383,1377,6,,not_applicable
no-quota-block-2,no-quota,2,237.0,background,0,poisson,,10240,1388,1381,7,,not_applicable
no-quota-block-2,no-quota,2,238.0,background,0,poisson,,10240,1391,1386,5,,not_applicable
no-quota-block-2,no-quota,2,239.0,background,0,poisson,,10240,1398,1390,8,,not_applicable
no-quota-block-2,no-quota,2,240.0,background,0,poisson,,10240,1410,1396,14,,not_applicable
blocking-quota-block-3,blocking-quota,3,0.0,quota-eligible,0,poisson,,10240,0,0,0,,not_applicable
blocking-quota-block-3,blocking-quota,3,1.0,quota-eligible,0,poisson,,10240,6,0,6,,not_applicable
blocking-quota-block-3,blocking-quota,3,2.0,quota-eligible,0,poisson,,10240,11,3,8,,not_applicable
blocking-quota-block-3,blocking-quota,3,3.0,quota-eligible,0,poisson,,10240,16,8,8,,not_applicable
blocking-quota-block-3,blocking-quota,3,4.0,quota-eligible,0,poisson,,10240,17,13,4,,not_applicable
blocking-quota-block-3,blocking-quota,3,5.0,quota-eligible,0,poisson,,10240,23,16,7,,not_applicable
blocking-quota-block-3,blocking-quota,3,6.0,quota-eligible,0,poisson,,10240,29,21,8,,not_applicable
blocking-quota-block-3,blocking-quota,3,7.0,quota-eligible,0,poisson,,10240,39,25,14,,not_applicable
blocking-quota-block-3,blocking-quota,3,8.0,quota-eligible,0,poisson,,10240,46,37,9,,not_applicable
blocking-quota-block-3,blocking-quota,3,9.0,quota-eligible,0,poisson,,10240,51,44,7,,not_applicable
blocking-quota-block-3,blocking-quota,3,10.0,quota-eligible,0,poisson,,10240,57,52,5,,not_applicable
blocking-quota-block-3,blocking-quota,3,11.0,quota-eligible,0,poisson,,10240,67,60,7,,not_applicable
blocking-quota-block-3,blocking-quota,3,12.0,quota-eligible,0,poisson,,10240,75,65,10,,not_applicable
blocking-quota-block-3,blocking-quota,3,13.0,quota-eligible,0,poisson,,10240,81,73,8,,not_applicable
blocking-quota-block-3,blocking-quota,3,14.0,quota-eligible,0,poisson,,10240,87,76,11,,not_applicable
blocking-quota-block-3,blocking-quota,3,15.0,quota-eligible,0,poisson,,10240,98,87,11,,not_applicable
blocking-quota-block-3,blocking-quota,3,16.0,quota-eligible,0,poisson,,10240,103,94,9,,not_applicable
blocking-quota-block-3,blocking-quota,3,17.0,quota-eligible,0,poisson,,10240,112,102,10,,not_applicable
blocking-quota-block-3,blocking-quota,3,18.0,quota-eligible,0,poisson,,10240,120,112,8,,not_applicable
blocking-quota-block-3,blocking-quota,3,19.0,quota-eligible,0,poisson,,10240,131,122,9,,not_applicable
blocking-quota-block-3,blocking-quota,3,20.0,quota-eligible,0,poisson,,10240,136,129,7,,not_applicable
blocking-quota-block-3,blocking-quota,3,21.0,quota-eligible,0,poisson,,10240,142,133,9,,not_applicable
blocking-quota-block-3,blocking-quota,3,22.0,quota-eligible,0,poisson,,10240,143,137,6,,not_applicable
blocking-quota-block-3,blocking-quota,3,23.0,quota-eligible,0,poisson,,10240,149,142,7,,not_applicable
blocking-quota-block-3,blocking-quota,3,24.0,quota-eligible,0,poisson,,10240,155,145,10,,not_applicable
blocking-quota-block-3,blocking-quota,3,25.0,quota-eligible,0,poisson,,10240,161,151,10,,not_applicable
blocking-quota-block-3,blocking-quota,3,26.0,quota-eligible,0,poisson,,10240,168,156,12,,not_applicable
blocking-quota-block-3,blocking-quota,3,27.0,quota-eligible,0,poisson,,10240,173,166,7,,not_applicable
blocking-quota-block-3,blocking-quota,3,28.0,quota-eligible,0,poisson,,10240,178,171,7,,not_applicable
blocking-quota-block-3,blocking-quota,3,29.0,quota-eligible,0,poisson,,10240,186,175,11,,not_applicable
blocking-quota-block-3,blocking-quota,3,30.0,quota-eligible,0,poisson,,10240,190,183,7,,not_applicable
blocking-quota-block-3,blocking-quota,3,31.0,quota-eligible,0,poisson,,10240,193,188,5,,not_applicable
blocking-quota-block-3,blocking-quota,3,32.0,quota-eligible,0,poisson,,10240,197,193,4,,not_applicable
blocking-quota-block-3,blocking-quota,3,33.0,quota-eligible,0,poisson,,10240,202,195,7,,not_applicable
blocking-quota-block-3,blocking-quota,3,34.0,quota-eligible,0,poisson,,10240,208,199,9,,not_applicable
blocking-quota-block-3,blocking-quota,3,35.0,quota-eligible,0,poisson,,10240,210,204,6,,not_applicable
blocking-quota-block-3,blocking-quota,3,36.0,quota-eligible,0,poisson,,10240,214,209,5,,not_applicable
blocking-quota-block-3,blocking-quota,3,37.0,quota-eligible,0,poisson,,10240,217,212,5,,not_applicable
blocking-quota-block-3,blocking-quota,3,38.0,quota-eligible,0,poisson,,10240,221,216,5,,not_applicable
blocking-quota-block-3,blocking-quota,3,39.0,quota-eligible,0,poisson,,10240,228,221,7,,not_applicable
blocking-quota-block-3,blocking-quota,3,40.0,quota-eligible,0,poisson,,10240,238,227,11,,not_applicable
blocking-quota-block-3,blocking-quota,3,41.0,quota-eligible,0,poisson,,10240,244,239,5,,not_applicable
blocking-quota-block-3,blocking-quota,3,42.0,quota-eligible,0,poisson,,10240,250,245,5,,not_applicable
blocking-quota-block-3,blocking-quota,3,43.0,quota-eligible,0,poisson,,10240,258,251,7,,not_applicable
blocking-quota-block-3,blocking-quota,3,44.0,quota-eligible,0,poisson,,10240,264,252,12,,not_applicable
blocking-quota-block-3,blocking-quota,3,45.0,quota-eligible,0,poisson,,10240,268,260,8,,not_applicable
blocking-quota-block-3,blocking-quota,3,46.0,quota-eligible,0,poisson,,10240,273,265,8,,not_applicable
blocking-quota-block-3,blocking-quota,3,47.0,quota-eligible,0,poisson,,10240,280,271,9,,not_applicable
blocking-quota-block-3,blocking-quota,3,48.0,quota-eligible,0,poisson,,10240,283,279,4,,not_applicable
blocking-quota-block-3,blocking-quota,3,49.0,quota-eligible,0,poisson,,10240,288,282,6,,not_applicable
blocking-quota-block-3,blocking-quota,3,50.0,quota-eligible,0,poisson,,10240,294,285,9,,not_applicable
blocking-quota-block-3,blocking-quota,3,51.0,quota-eligible,0,poisson,,10240,302,296,6,,not_applicable
blocking-quota-block-3,blocking-quota,3,52.0,quota-eligible,0,poisson,,10240,308,302,6,,not_applicable
blocking-quota-block-3,blocking-quota,3,53.0,quota-eligible,0,poisson,,10240,315,308,7,,not_applicable
blocking-quota-block-3,blocking-quota,3,54.0,quota-eligible,0,poisson,,10240,320,315,5,,not_applicable
blocking-quota-block-3,blocking-quota,3,55.0,quota-eligible,0,poisson,,10240,332,327,5,,not_applicable
blocking-quota-block-3,blocking-quota,3,56.0,quota-eligible,0,poisson,,10240,337,331,6,,not_applicable
blocking-quota-block-3,blocking-quota,3,57.0,quota-eligible,0,poisson,,10240,343,335,8,,not_applicable
blocking-quota-block-3,blocking-quota,3,58.0,quota-eligible,0,poisson,,10240,351,344,7,,not_applicable
blocking-quota-block-3,blocking-quota,3,59.0,quota-eligible,0,poisson,,10240,361,354,7,,not_applicable
blocking-quota-block-3,blocking-quota,3,60.0,quota-eligible,0,poisson,,10240,365,359,6,,not_applicable
blocking-quota-block-3,blocking-quota,3,61.0,quota-eligible,0,poisson,,10240,369,362,7,,not_applicable
blocking-quota-block-3,blocking-quota,3,62.0,quota-eligible,0,poisson,,10240,374,367,7,,not_applicable
blocking-quota-block-3,blocking-quota,3,63.0,quota-eligible,0,poisson,,10240,379,373,6,,not_applicable
blocking-quota-block-3,blocking-quota,3,64.0,quota-eligible,0,poisson,,10240,382,378,4,,not_applicable
blocking-quota-block-3,blocking-quota,3,65.0,quota-eligible,0,poisson,,10240,387,382,5,,not_applicable
blocking-quota-block-3,blocking-quota,3,66.0,quota-eligible,0,poisson,,10240,394,385,9,,not_applicable
blocking-quota-block-3,blocking-quota,3,67.0,quota-eligible,0,poisson,,10240,400,393,7,,not_applicable
blocking-quota-block-3,blocking-quota,3,68.0,quota-eligible,0,poisson,,10240,401,395,6,,not_applicable
blocking-quota-block-3,blocking-quota,3,69.0,quota-eligible,0,poisson,,10240,404,400,4,,not_applicable
blocking-quota-block-3,blocking-quota,3,70.0,quota-eligible,0,poisson,,10240,412,402,10,,not_applicable
blocking-quota-block-3,blocking-quota,3,71.0,quota-eligible,0,poisson,,10240,415,408,7,,not_applicable
blocking-quota-block-3,blocking-quota,3,72.0,quota-eligible,0,poisson,,10240,417,415,2,,not_applicable
blocking-quota-block-3,blocking-quota,3,73.0,quota-eligible,0,poisson,,10240,427,417,10,,not_applicable
blocking-quota-block-3,blocking-quota,3,74.0,quota-eligible,0,poisson,,10240,430,427,3,,not_applicable
blocking-quota-block-3,blocking-quota,3,75.0,quota-eligible,0,poisson,,10240,434,429,5,,not_applicable
blocking-quota-block-3,blocking-quota,3,76.0,quota-eligible,0,poisson,,10240,442,431,11,,not_applicable
blocking-quota-block-3,blocking-quota,3,77.0,quota-eligible,0,poisson,,10240,448,438,10,,not_applicable
blocking-quota-block-3,blocking-quota,3,78.0,quota-eligible,0,poisson,,10240,459,446,13,,not_applicable
blocking-quota-block-3,blocking-quota,3,79.0,quota-eligible,0,poisson,,10240,464,458,6,,not_applicable
blocking-quota-block-3,blocking-quota,3,80.0,quota-eligible,0,poisson,,10240,470,464,6,,not_applicable
blocking-quota-block-3,blocking-quota,3,81.0,quota-eligible,0,poisson,,10240,475,469,6,,not_applicable
blocking-quota-block-3,blocking-quota,3,82.0,quota-eligible,0,poisson,,10240,482,474,8,,not_applicable
blocking-quota-block-3,blocking-quota,3,83.0,quota-eligible,0,poisson,,10240,492,485,7,,not_applicable
blocking-quota-block-3,blocking-quota,3,84.0,quota-eligible,0,poisson,,10240,503,497,6,,not_applicable
blocking-quota-block-3,blocking-quota,3,85.0,quota-eligible,0,poisson,,10240,506,501,5,,not_applicable
blocking-quota-block-3,blocking-quota,3,86.0,quota-eligible,0,poisson,,10240,513,506,7,,not_applicable
blocking-quota-block-3,blocking-quota,3,87.0,quota-eligible,0,poisson,,10240,515,509,6,,not_applicable
blocking-quota-block-3,blocking-quota,3,88.0,quota-eligible,0,poisson,,10240,524,515,9,,not_applicable
blocking-quota-block-3,blocking-quota,3,89.0,quota-eligible,0,poisson,,10240,530,525,5,,not_applicable
blocking-quota-block-3,blocking-quota,3,90.0,quota-eligible,0,poisson,,10240,537,532,5,,not_applicable
blocking-quota-block-3,blocking-quota,3,91.0,quota-eligible,0,poisson,,10240,546,540,6,,not_applicable
blocking-quota-block-3,blocking-quota,3,92.0,quota-eligible,0,poisson,,10240,554,549,5,,not_applicable
blocking-quota-block-3,blocking-quota,3,93.0,quota-eligible,0,poisson,,10240,560,554,6,,not_applicable
blocking-quota-block-3,blocking-quota,3,94.0,quota-eligible,0,poisson,,10240,562,557,5,,not_applicable
blocking-quota-block-3,blocking-quota,3,95.0,quota-eligible,0,poisson,,10240,565,561,4,,not_applicable
blocking-quota-block-3,blocking-quota,3,96.0,quota-eligible,0,poisson,,10240,571,565,6,,not_applicable
blocking-quota-block-3,blocking-quota,3,97.0,quota-eligible,0,poisson,,10240,575,571,4,,not_applicable
blocking-quota-block-3,blocking-quota,3,98.0,quota-eligible,0,poisson,,10240,575,574,1,,not_applicable
blocking-quota-block-3,blocking-quota,3,99.0,quota-eligible,0,poisson,,10240,581,576,5,,not_applicable
blocking-quota-block-3,blocking-quota,3,100.0,quota-eligible,0,poisson,,10240,585,578,7,,not_applicable
blocking-quota-block-3,blocking-quota,3,101.0,quota-eligible,0,poisson,,10240,591,582,9,,not_applicable
blocking-quota-block-3,blocking-quota,3,102.0,quota-eligible,0,poisson,,10240,594,591,3,,not_applicable
blocking-quota-block-3,blocking-quota,3,103.0,quota-eligible,0,poisson,,10240,604,594,10,,not_applicable
blocking-quota-block-3,blocking-quota,3,104.0,quota-eligible,0,poisson,,10240,606,601,5,,not_applicable
blocking-quota-block-3,blocking-quota,3,105.0,quota-eligible,0,poisson,,10240,612,606,6,,not_applicable
blocking-quota-block-3,blocking-quota,3,106.0,quota-eligible,0,poisson,,10240,618,610,8,,not_applicable
blocking-quota-block-3,blocking-quota,3,107.0,quota-eligible,0,poisson,,10240,626,618,8,,not_applicable
blocking-quota-block-3,blocking-quota,3,108.0,quota-eligible,0,poisson,,10240,631,624,7,,not_applicable
blocking-quota-block-3,blocking-quota,3,109.0,quota-eligible,0,poisson,,10240,639,632,7,,not_applicable
blocking-quota-block-3,blocking-quota,3,110.0,quota-eligible,0,poisson,,10240,649,644,5,,not_applicable
blocking-quota-block-3,blocking-quota,3,111.0,quota-eligible,0,poisson,,10240,653,647,6,,not_applicable
blocking-quota-block-3,blocking-quota,3,112.0,quota-eligible,0,poisson,,10240,658,652,6,,not_applicable
blocking-quota-block-3,blocking-quota,3,113.0,quota-eligible,0,poisson,,10240,666,659,7,,not_applicable
blocking-quota-block-3,blocking-quota,3,114.0,quota-eligible,0,poisson,,10240,668,665,3,,not_applicable
blocking-quota-block-3,blocking-quota,3,115.0,quota-eligible,0,poisson,,10240,674,667,7,,not_applicable
blocking-quota-block-3,blocking-quota,3,116.0,quota-eligible,0,poisson,,10240,680,672,8,,not_applicable
blocking-quota-block-3,blocking-quota,3,117.0,quota-eligible,0,poisson,,10240,684,680,4,,not_applicable
blocking-quota-block-3,blocking-quota,3,118.0,quota-eligible,0,poisson,,10240,687,684,3,,not_applicable
blocking-quota-block-3,blocking-quota,3,119.0,quota-eligible,0,poisson,,10240,696,687,9,,not_applicable
blocking-quota-block-3,blocking-quota,3,120.0,quota-eligible,0,poisson,,10240,696,694,2,,not_applicable
blocking-quota-block-3,blocking-quota,3,121.0,quota-eligible,0,poisson,,10240,700,696,4,,not_applicable
blocking-quota-block-3,blocking-quota,3,122.0,quota-eligible,0,poisson,,10240,710,700,10,,not_applicable
blocking-quota-block-3,blocking-quota,3,123.0,quota-eligible,0,poisson,,10240,715,707,8,,not_applicable
blocking-quota-block-3,blocking-quota,3,124.0,quota-eligible,0,poisson,,10240,719,714,5,,not_applicable
blocking-quota-block-3,blocking-quota,3,125.0,quota-eligible,0,poisson,,10240,721,717,4,,not_applicable
blocking-quota-block-3,blocking-quota,3,126.0,quota-eligible,0,poisson,,10240,725,721,4,,not_applicable
blocking-quota-block-3,blocking-quota,3,127.0,quota-eligible,0,poisson,,10240,727,724,3,,not_applicable
blocking-quota-block-3,blocking-quota,3,128.0,quota-eligible,0,poisson,,10240,735,727,8,,not_applicable
blocking-quota-block-3,blocking-quota,3,129.0,quota-eligible,0,poisson,,10240,745,731,14,,not_applicable
blocking-quota-block-3,blocking-quota,3,130.0,quota-eligible,0,poisson,,10240,750,743,7,,not_applicable
blocking-quota-block-3,blocking-quota,3,131.0,quota-eligible,0,poisson,,10240,757,751,6,,not_applicable
blocking-quota-block-3,blocking-quota,3,132.0,quota-eligible,0,poisson,,10240,767,761,6,,not_applicable
blocking-quota-block-3,blocking-quota,3,133.0,quota-eligible,0,poisson,,10240,770,766,4,,not_applicable
blocking-quota-block-3,blocking-quota,3,134.0,quota-eligible,0,poisson,,10240,779,772,7,,not_applicable
blocking-quota-block-3,blocking-quota,3,135.0,quota-eligible,0,poisson,,10240,783,778,5,,not_applicable
blocking-quota-block-3,blocking-quota,3,136.0,quota-eligible,0,poisson,,10240,790,782,8,,not_applicable
blocking-quota-block-3,blocking-quota,3,137.0,quota-eligible,0,poisson,,10240,796,790,6,,not_applicable
blocking-quota-block-3,blocking-quota,3,138.0,quota-eligible,0,poisson,,10240,799,796,3,,not_applicable
blocking-quota-block-3,blocking-quota,3,139.0,quota-eligible,0,poisson,,10240,802,799,3,,not_applicable
blocking-quota-block-3,blocking-quota,3,140.0,quota-eligible,0,poisson,,10240,808,803,5,,not_applicable
blocking-quota-block-3,blocking-quota,3,141.0,quota-eligible,0,poisson,,10240,813,806,7,,not_applicable
blocking-quota-block-3,blocking-quota,3,142.0,quota-eligible,0,poisson,,10240,819,811,8,,not_applicable
blocking-quota-block-3,blocking-quota,3,143.0,quota-eligible,0,poisson,,10240,825,816,9,,not_applicable
blocking-quota-block-3,blocking-quota,3,144.0,quota-eligible,0,poisson,,10240,829,822,7,,not_applicable
blocking-quota-block-3,blocking-quota,3,145.0,quota-eligible,0,poisson,,10240,837,828,9,,not_applicable
blocking-quota-block-3,blocking-quota,3,146.0,quota-eligible,0,poisson,,10240,846,838,8,,not_applicable
blocking-quota-block-3,blocking-quota,3,147.0,quota-eligible,0,poisson,,10240,855,849,6,,not_applicable
blocking-quota-block-3,blocking-quota,3,148.0,quota-eligible,0,poisson,,10240,858,854,4,,not_applicable
blocking-quota-block-3,blocking-quota,3,149.0,quota-eligible,0,poisson,,10240,863,857,6,,not_applicable
blocking-quota-block-3,blocking-quota,3,150.0,quota-eligible,0,poisson,,10240,866,862,4,,not_applicable
blocking-quota-block-3,blocking-quota,3,151.0,quota-eligible,0,poisson,,10240,874,864,10,,not_applicable
blocking-quota-block-3,blocking-quota,3,152.0,quota-eligible,0,poisson,,10240,878,870,8,,not_applicable
blocking-quota-block-3,blocking-quota,3,153.0,quota-eligible,0,poisson,,10240,885,877,8,,not_applicable
blocking-quota-block-3,blocking-quota,3,154.0,quota-eligible,0,poisson,,10240,896,890,6,,not_applicable
blocking-quota-block-3,blocking-quota,3,155.0,quota-eligible,0,poisson,,10240,900,895,5,,not_applicable
blocking-quota-block-3,blocking-quota,3,156.0,quota-eligible,0,poisson,,10240,907,900,7,,not_applicable
blocking-quota-block-3,blocking-quota,3,157.0,quota-eligible,0,poisson,,10240,914,907,7,,not_applicable
blocking-quota-block-3,blocking-quota,3,158.0,quota-eligible,0,poisson,,10240,925,919,6,,not_applicable
blocking-quota-block-3,blocking-quota,3,159.0,quota-eligible,0,poisson,,10240,933,927,6,,not_applicable
blocking-quota-block-3,blocking-quota,3,160.0,quota-eligible,0,poisson,,10240,938,934,4,,not_applicable
blocking-quota-block-3,blocking-quota,3,161.0,quota-eligible,0,poisson,,10240,944,938,6,,not_applicable
blocking-quota-block-3,blocking-quota,3,162.0,quota-eligible,0,poisson,,10240,952,943,9,,not_applicable
blocking-quota-block-3,blocking-quota,3,163.0,quota-eligible,0,poisson,,10240,955,951,4,,not_applicable
blocking-quota-block-3,blocking-quota,3,164.0,quota-eligible,0,poisson,,10240,963,955,8,,not_applicable
blocking-quota-block-3,blocking-quota,3,165.0,quota-eligible,0,poisson,,10240,971,965,6,,not_applicable
blocking-quota-block-3,blocking-quota,3,166.0,quota-eligible,0,poisson,,10240,978,973,5,,not_applicable
blocking-quota-block-3,blocking-quota,3,167.0,quota-eligible,0,poisson,,10240,983,978,5,,not_applicable
blocking-quota-block-3,blocking-quota,3,168.0,quota-eligible,0,poisson,,10240,988,983,5,,not_applicable
blocking-quota-block-3,blocking-quota,3,169.0,quota-eligible,0,poisson,,10240,994,987,7,,not_applicable
blocking-quota-block-3,blocking-quota,3,170.0,quota-eligible,0,poisson,,10240,1000,993,7,,not_applicable
blocking-quota-block-3,blocking-quota,3,171.0,quota-eligible,0,poisson,,10240,1004,1000,4,,not_applicable
blocking-quota-block-3,blocking-quota,3,172.0,quota-eligible,0,poisson,,10240,1011,1004,7,,not_applicable
blocking-quota-block-3,blocking-quota,3,173.0,quota-eligible,0,poisson,,10240,1013,1010,3,,not_applicable
blocking-quota-block-3,blocking-quota,3,174.0,quota-eligible,0,poisson,,10240,1019,1013,6,,not_applicable
blocking-quota-block-3,blocking-quota,3,175.0,quota-eligible,0,poisson,,10240,1028,1021,7,,not_applicable
blocking-quota-block-3,blocking-quota,3,176.0,quota-eligible,0,poisson,,10240,1033,1027,6,,not_applicable
blocking-quota-block-3,blocking-quota,3,177.0,quota-eligible,0,poisson,,10240,1035,1031,4,,not_applicable
blocking-quota-block-3,blocking-quota,3,178.0,quota-eligible,0,poisson,,10240,1039,1035,4,,not_applicable
blocking-quota-block-3,blocking-quota,3,179.0,quota-eligible,0,poisson,,10240,1042,1038,4,,not_applicable
blocking-quota-block-3,blocking-quota,3,180.0,quota-eligible,0,poisson,,10240,1048,1042,6,,not_applicable
blocking-quota-block-3,blocking-quota,3,181.0,quota-eligible,0,poisson,,10240,1053,1047,6,,not_applicable
blocking-quota-block-3,blocking-quota,3,182.0,quota-eligible,0,poisson,,10240,1062,1051,11,,not_applicable
blocking-quota-block-3,blocking-quota,3,183.0,quota-eligible,0,poisson,,10240,1067,1059,8,,not_applicable
blocking-quota-block-3,blocking-quota,3,184.0,quota-eligible,0,poisson,,10240,1073,1065,8,,not_applicable
blocking-quota-block-3,blocking-quota,3,185.0,quota-eligible,0,poisson,,10240,1079,1071,8,,not_applicable
blocking-quota-block-3,blocking-quota,3,186.0,quota-eligible,0,poisson,,10240,1081,1078,3,,not_applicable
blocking-quota-block-3,blocking-quota,3,187.0,quota-eligible,0,poisson,,10240,1086,1079,7,,not_applicable
blocking-quota-block-3,blocking-quota,3,188.0,quota-eligible,0,poisson,,10240,1090,1086,4,,not_applicable
blocking-quota-block-3,blocking-quota,3,189.0,quota-eligible,0,poisson,,10240,1095,1090,5,,not_applicable
blocking-quota-block-3,blocking-quota,3,190.0,quota-eligible,0,poisson,,10240,1101,1093,8,,not_applicable
blocking-quota-block-3,blocking-quota,3,191.0,quota-eligible,0,poisson,,10240,1108,1098,10,,not_applicable
blocking-quota-block-3,blocking-quota,3,192.0,quota-eligible,0,poisson,,10240,1114,1107,7,,not_applicable
blocking-quota-block-3,blocking-quota,3,193.0,quota-eligible,0,poisson,,10240,1122,1115,7,,not_applicable
blocking-quota-block-3,blocking-quota,3,194.0,quota-eligible,0,poisson,,10240,1133,1127,6,,not_applicable
blocking-quota-block-3,blocking-quota,3,195.0,quota-eligible,0,poisson,,10240,1141,1133,8,,not_applicable
blocking-quota-block-3,blocking-quota,3,196.0,quota-eligible,0,poisson,,10240,1149,1142,7,,not_applicable
blocking-quota-block-3,blocking-quota,3,197.0,quota-eligible,0,poisson,,10240,1154,1146,8,,not_applicable
blocking-quota-block-3,blocking-quota,3,198.0,quota-eligible,0,poisson,,10240,1158,1153,5,,not_applicable
blocking-quota-block-3,blocking-quota,3,199.0,quota-eligible,0,poisson,,10240,1169,1161,8,,not_applicable
blocking-quota-block-3,blocking-quota,3,200.0,quota-eligible,0,poisson,,10240,1175,1171,4,,not_applicable
blocking-quota-block-3,blocking-quota,3,201.0,quota-eligible,0,poisson,,10240,1182,1176,6,,not_applicable
blocking-quota-block-3,blocking-quota,3,202.0,quota-eligible,0,poisson,,10240,1187,1182,5,,not_applicable
blocking-quota-block-3,blocking-quota,3,203.0,quota-eligible,0,poisson,,10240,1196,1190,6,,not_applicable
blocking-quota-block-3,blocking-quota,3,204.0,quota-eligible,0,poisson,,10240,1200,1195,5,,not_applicable
blocking-quota-block-3,blocking-quota,3,205.0,quota-eligible,0,poisson,,10240,1207,1201,6,,not_applicable
blocking-quota-block-3,blocking-quota,3,206.0,quota-eligible,0,poisson,,10240,1211,1206,5,,not_applicable
blocking-quota-block-3,blocking-quota,3,207.0,quota-eligible,0,poisson,,10240,1218,1210,8,,not_applicable
blocking-quota-block-3,blocking-quota,3,208.0,quota-eligible,0,poisson,,10240,1222,1216,6,,not_applicable
blocking-quota-block-3,blocking-quota,3,209.0,quota-eligible,0,poisson,,10240,1229,1223,6,,not_applicable
blocking-quota-block-3,blocking-quota,3,210.0,quota-eligible,0,poisson,,10240,1230,1229,1,,not_applicable
blocking-quota-block-3,blocking-quota,3,211.0,quota-eligible,0,poisson,,10240,1239,1230,9,,not_applicable
blocking-quota-block-3,blocking-quota,3,212.0,quota-eligible,0,poisson,,10240,1240,1237,3,,not_applicable
blocking-quota-block-3,blocking-quota,3,213.0,quota-eligible,0,poisson,,10240,1245,1239,6,,not_applicable
blocking-quota-block-3,blocking-quota,3,214.0,quota-eligible,0,poisson,,10240,1250,1242,8,,not_applicable
blocking-quota-block-3,blocking-quota,3,215.0,quota-eligible,0,poisson,,10240,1254,1248,6,,not_applicable
blocking-quota-block-3,blocking-quota,3,216.0,quota-eligible,0,poisson,,10240,1258,1254,4,,not_applicable
blocking-quota-block-3,blocking-quota,3,217.0,quota-eligible,0,poisson,,10240,1265,1258,7,,not_applicable
blocking-quota-block-3,blocking-quota,3,218.0,quota-eligible,0,poisson,,10240,1267,1265,2,,not_applicable
blocking-quota-block-3,blocking-quota,3,219.0,quota-eligible,0,poisson,,10240,1273,1267,6,,not_applicable
blocking-quota-block-3,blocking-quota,3,220.0,quota-eligible,0,poisson,,10240,1276,1271,5,,not_applicable
blocking-quota-block-3,blocking-quota,3,221.0,quota-eligible,0,poisson,,10240,1280,1275,5,,not_applicable
blocking-quota-block-3,blocking-quota,3,222.0,quota-eligible,0,poisson,,10240,1286,1280,6,,not_applicable
blocking-quota-block-3,blocking-quota,3,223.0,quota-eligible,0,poisson,,10240,1293,1286,7,,not_applicable
blocking-quota-block-3,blocking-quota,3,224.0,quota-eligible,0,poisson,,10240,1296,1291,5,,not_applicable
blocking-quota-block-3,blocking-quota,3,225.0,quota-eligible,0,poisson,,10240,1302,1296,6,,not_applicable
blocking-quota-block-3,blocking-quota,3,226.0,quota-eligible,0,poisson,,10240,1315,1302,13,,not_applicable
blocking-quota-block-3,blocking-quota,3,227.0,quota-eligible,0,poisson,,10240,1323,1317,6,,not_applicable
blocking-quota-block-3,blocking-quota,3,228.0,quota-eligible,0,poisson,,10240,1329,1324,5,,not_applicable
blocking-quota-block-3,blocking-quota,3,229.0,quota-eligible,0,poisson,,10240,1335,1331,4,,not_applicable
blocking-quota-block-3,blocking-quota,3,230.0,quota-eligible,0,poisson,,10240,1341,1335,6,,not_applicable
blocking-quota-block-3,blocking-quota,3,231.0,quota-eligible,0,poisson,,10240,1346,1341,5,,not_applicable
blocking-quota-block-3,blocking-quota,3,232.0,quota-eligible,0,poisson,,10240,1354,1344,10,,not_applicable
blocking-quota-block-3,blocking-quota,3,233.0,quota-eligible,0,poisson,,10240,1363,1358,5,,not_applicable
blocking-quota-block-3,blocking-quota,3,234.0,quota-eligible,0,poisson,,10240,1372,1366,6,,not_applicable
blocking-quota-block-3,blocking-quota,3,235.0,quota-eligible,0,poisson,,10240,1377,1372,5,,not_applicable
blocking-quota-block-3,blocking-quota,3,236.0,quota-eligible,0,poisson,,10240,1383,1377,6,,not_applicable
blocking-quota-block-3,blocking-quota,3,237.0,quota-eligible,0,poisson,,10240,1388,1383,5,,not_applicable
blocking-quota-block-3,blocking-quota,3,238.0,quota-eligible,0,poisson,,10240,1391,1389,2,,not_applicable
blocking-quota-block-3,blocking-quota,3,239.0,quota-eligible,0,poisson,,10240,1398,1392,6,,not_applicable
blocking-quota-block-3,blocking-quota,3,240.0,quota-eligible,0,poisson,,10240,1410,1405,5,,not_applicable
blocking-quota-block-3,blocking-quota,3,0.0,background,0,poisson,,10240,0,0,0,,not_applicable
blocking-quota-block-3,blocking-quota,3,1.0,background,0,poisson,,10240,6,0,6,,not_applicable
blocking-quota-block-3,blocking-quota,3,2.0,background,0,poisson,,10240,11,1,10,,not_applicable
blocking-quota-block-3,blocking-quota,3,3.0,background,0,poisson,,10240,16,6,10,,not_applicable
blocking-quota-block-3,blocking-quota,3,4.0,background,0,poisson,,10240,17,13,4,,not_applicable
blocking-quota-block-3,blocking-quota,3,5.0,background,0,poisson,,10240,23,16,7,,not_applicable
blocking-quota-block-3,blocking-quota,3,6.0,background,0,poisson,,10240,29,18,11,,not_applicable
blocking-quota-block-3,blocking-quota,3,7.0,background,0,poisson,,10240,39,23,16,,not_applicable
blocking-quota-block-3,blocking-quota,3,8.0,background,0,poisson,,10240,46,29,17,,not_applicable
blocking-quota-block-3,blocking-quota,3,9.0,background,0,poisson,,10240,51,40,11,,not_applicable
blocking-quota-block-3,blocking-quota,3,10.0,background,0,poisson,,10240,57,47,10,,not_applicable
blocking-quota-block-3,blocking-quota,3,11.0,background,0,poisson,,10240,67,52,15,,not_applicable
blocking-quota-block-3,blocking-quota,3,12.0,background,0,poisson,,10240,75,58,17,,not_applicable
blocking-quota-block-3,blocking-quota,3,13.0,background,0,poisson,,10240,81,69,12,,not_applicable
blocking-quota-block-3,blocking-quota,3,14.0,background,0,poisson,,10240,87,75,12,,not_applicable
blocking-quota-block-3,blocking-quota,3,15.0,background,0,poisson,,10240,98,81,17,,not_applicable
blocking-quota-block-3,blocking-quota,3,16.0,background,0,poisson,,10240,103,90,13,,not_applicable
blocking-quota-block-3,blocking-quota,3,17.0,background,0,poisson,,10240,112,98,14,,not_applicable
blocking-quota-block-3,blocking-quota,3,18.0,background,0,poisson,,10240,120,106,14,,not_applicable
blocking-quota-block-3,blocking-quota,3,19.0,background,0,poisson,,10240,131,114,17,,not_applicable
blocking-quota-block-3,blocking-quota,3,20.0,background,0,poisson,,10240,136,125,11,,not_applicable
blocking-quota-block-3,blocking-quota,3,21.0,background,0,poisson,,10240,142,133,9,,not_applicable
blocking-quota-block-3,blocking-quota,3,22.0,background,0,poisson,,10240,144,138,6,,not_applicable
blocking-quota-block-3,blocking-quota,3,23.0,background,0,poisson,,10240,149,142,7,,not_applicable
blocking-quota-block-3,blocking-quota,3,24.0,background,0,poisson,,10240,155,145,10,,not_applicable
blocking-quota-block-3,blocking-quota,3,25.0,background,0,poisson,,10240,161,151,10,,not_applicable
blocking-quota-block-3,blocking-quota,3,26.0,background,0,poisson,,10240,168,155,13,,not_applicable
blocking-quota-block-3,blocking-quota,3,27.0,background,0,poisson,,10240,173,164,9,,not_applicable
blocking-quota-block-3,blocking-quota,3,28.0,background,0,poisson,,10240,178,170,8,,not_applicable
blocking-quota-block-3,blocking-quota,3,29.0,background,0,poisson,,10240,186,173,13,,not_applicable
blocking-quota-block-3,blocking-quota,3,30.0,background,0,poisson,,10240,190,181,9,,not_applicable
blocking-quota-block-3,blocking-quota,3,31.0,background,0,poisson,,10240,193,188,5,,not_applicable
blocking-quota-block-3,blocking-quota,3,32.0,background,0,poisson,,10240,197,193,4,,not_applicable
blocking-quota-block-3,blocking-quota,3,33.0,background,0,poisson,,10240,202,195,7,,not_applicable
blocking-quota-block-3,blocking-quota,3,34.0,background,0,poisson,,10240,208,199,9,,not_applicable
blocking-quota-block-3,blocking-quota,3,35.0,background,0,poisson,,10240,210,204,6,,not_applicable
blocking-quota-block-3,blocking-quota,3,36.0,background,0,poisson,,10240,214,209,5,,not_applicable
blocking-quota-block-3,blocking-quota,3,37.0,background,0,poisson,,10240,217,212,5,,not_applicable
blocking-quota-block-3,blocking-quota,3,38.0,background,0,poisson,,10240,221,216,5,,not_applicable
blocking-quota-block-3,blocking-quota,3,39.0,background,0,poisson,,10240,228,221,7,,not_applicable
blocking-quota-block-3,blocking-quota,3,40.0,background,0,poisson,,10240,238,227,11,,not_applicable
blocking-quota-block-3,blocking-quota,3,41.0,background,0,poisson,,10240,244,236,8,,not_applicable
blocking-quota-block-3,blocking-quota,3,42.0,background,0,poisson,,10240,250,242,8,,not_applicable
blocking-quota-block-3,blocking-quota,3,43.0,background,0,poisson,,10240,258,246,12,,not_applicable
blocking-quota-block-3,blocking-quota,3,44.0,background,0,poisson,,10240,264,250,14,,not_applicable
blocking-quota-block-3,blocking-quota,3,45.0,background,0,poisson,,10240,268,260,8,,not_applicable
blocking-quota-block-3,blocking-quota,3,46.0,background,0,poisson,,10240,273,265,8,,not_applicable
blocking-quota-block-3,blocking-quota,3,47.0,background,0,poisson,,10240,280,271,9,,not_applicable
blocking-quota-block-3,blocking-quota,3,48.0,background,0,poisson,,10240,283,278,5,,not_applicable
blocking-quota-block-3,blocking-quota,3,49.0,background,0,poisson,,10240,288,282,6,,not_applicable
blocking-quota-block-3,blocking-quota,3,50.0,background,0,poisson,,10240,294,285,9,,not_applicable
blocking-quota-block-3,blocking-quota,3,51.0,background,0,poisson,,10240,302,294,8,,not_applicable
blocking-quota-block-3,blocking-quota,3,52.0,background,0,poisson,,10240,308,301,7,,not_applicable
blocking-quota-block-3,blocking-quota,3,53.0,background,0,poisson,,10240,315,306,9,,not_applicable
blocking-quota-block-3,blocking-quota,3,54.0,background,0,poisson,,10240,320,311,9,,not_applicable
blocking-quota-block-3,blocking-quota,3,55.0,background,0,poisson,,10240,332,317,15,,not_applicable
blocking-quota-block-3,blocking-quota,3,56.0,background,0,poisson,,10240,337,323,14,,not_applicable
blocking-quota-block-3,blocking-quota,3,57.0,background,0,poisson,,10240,343,332,11,,not_applicable
blocking-quota-block-3,blocking-quota,3,58.0,background,0,poisson,,10240,351,339,12,,not_applicable
blocking-quota-block-3,blocking-quota,3,59.0,background,0,poisson,,10240,361,348,13,,not_applicable
blocking-quota-block-3,blocking-quota,3,60.0,background,0,poisson,,10240,365,357,8,,not_applicable
blocking-quota-block-3,blocking-quota,3,61.0,background,0,poisson,,10240,369,362,7,,not_applicable
blocking-quota-block-3,blocking-quota,3,62.0,background,0,poisson,,10240,374,367,7,,not_applicable
blocking-quota-block-3,blocking-quota,3,63.0,background,0,poisson,,10240,379,373,6,,not_applicable
blocking-quota-block-3,blocking-quota,3,64.0,background,0,poisson,,10240,382,378,4,,not_applicable
blocking-quota-block-3,blocking-quota,3,65.0,background,0,poisson,,10240,387,382,5,,not_applicable
blocking-quota-block-3,blocking-quota,3,66.0,background,0,poisson,,10240,394,385,9,,not_applicable
blocking-quota-block-3,blocking-quota,3,67.0,background,0,poisson,,10240,400,390,10,,not_applicable
blocking-quota-block-3,blocking-quota,3,68.0,background,0,poisson,,10240,401,395,6,,not_applicable
blocking-quota-block-3,blocking-quota,3,69.0,background,0,poisson,,10240,404,400,4,,not_applicable
blocking-quota-block-3,blocking-quota,3,70.0,background,0,poisson,,10240,412,402,10,,not_applicable
blocking-quota-block-3,blocking-quota,3,71.0,background,0,poisson,,10240,415,408,7,,not_applicable
blocking-quota-block-3,blocking-quota,3,72.0,background,0,poisson,,10240,417,416,1,,not_applicable
blocking-quota-block-3,blocking-quota,3,73.0,background,0,poisson,,10240,427,417,10,,not_applicable
blocking-quota-block-3,blocking-quota,3,74.0,background,0,poisson,,10240,430,418,12,,not_applicable
blocking-quota-block-3,blocking-quota,3,75.0,background,0,poisson,,10240,434,429,5,,not_applicable
blocking-quota-block-3,blocking-quota,3,76.0,background,0,poisson,,10240,442,431,11,,not_applicable
blocking-quota-block-3,blocking-quota,3,77.0,background,0,poisson,,10240,448,438,10,,not_applicable
blocking-quota-block-3,blocking-quota,3,78.0,background,0,poisson,,10240,459,444,15,,not_applicable
blocking-quota-block-3,blocking-quota,3,79.0,background,0,poisson,,10240,464,454,10,,not_applicable
blocking-quota-block-3,blocking-quota,3,80.0,background,0,poisson,,10240,470,464,6,,not_applicable
blocking-quota-block-3,blocking-quota,3,81.0,background,0,poisson,,10240,475,468,7,,not_applicable
blocking-quota-block-3,blocking-quota,3,82.0,background,0,poisson,,10240,482,473,9,,not_applicable
blocking-quota-block-3,blocking-quota,3,83.0,background,0,poisson,,10240,492,480,12,,not_applicable
blocking-quota-block-3,blocking-quota,3,84.0,background,0,poisson,,10240,503,485,18,,not_applicable
blocking-quota-block-3,blocking-quota,3,85.0,background,0,poisson,,10240,506,498,8,,not_applicable
blocking-quota-block-3,blocking-quota,3,86.0,background,0,poisson,,10240,513,506,7,,not_applicable
blocking-quota-block-3,blocking-quota,3,87.0,background,0,poisson,,10240,515,510,5,,not_applicable
blocking-quota-block-3,blocking-quota,3,88.0,background,0,poisson,,10240,524,515,9,,not_applicable
blocking-quota-block-3,blocking-quota,3,89.0,background,0,poisson,,10240,530,522,8,,not_applicable
blocking-quota-block-3,blocking-quota,3,90.0,background,0,poisson,,10240,537,529,8,,not_applicable
blocking-quota-block-3,blocking-quota,3,91.0,background,0,poisson,,10240,546,538,8,,not_applicable
blocking-quota-block-3,blocking-quota,3,92.0,background,0,poisson,,10240,554,542,12,,not_applicable
blocking-quota-block-3,blocking-quota,3,93.0,background,0,poisson,,10240,560,549,11,,not_applicable
blocking-quota-block-3,blocking-quota,3,94.0,background,0,poisson,,10240,562,557,5,,not_applicable
blocking-quota-block-3,blocking-quota,3,95.0,background,0,poisson,,10240,565,561,4,,not_applicable
blocking-quota-block-3,blocking-quota,3,96.0,background,0,poisson,,10240,571,565,6,,not_applicable
blocking-quota-block-3,blocking-quota,3,97.0,background,0,poisson,,10240,575,571,4,,not_applicable
blocking-quota-block-3,blocking-quota,3,98.0,background,0,poisson,,10240,575,574,1,,not_applicable
blocking-quota-block-3,blocking-quota,3,99.0,background,0,poisson,,10240,581,576,5,,not_applicable
blocking-quota-block-3,blocking-quota,3,100.0,background,0,poisson,,10240,585,578,7,,not_applicable
blocking-quota-block-3,blocking-quota,3,101.0,background,0,poisson,,10240,591,582,9,,not_applicable
blocking-quota-block-3,blocking-quota,3,102.0,background,0,poisson,,10240,594,591,3,,not_applicable
blocking-quota-block-3,blocking-quota,3,103.0,background,0,poisson,,10240,604,594,10,,not_applicable
blocking-quota-block-3,blocking-quota,3,104.0,background,0,poisson,,10240,606,601,5,,not_applicable
blocking-quota-block-3,blocking-quota,3,105.0,background,0,poisson,,10240,612,606,6,,not_applicable
blocking-quota-block-3,blocking-quota,3,106.0,background,0,poisson,,10240,618,610,8,,not_applicable
blocking-quota-block-3,blocking-quota,3,107.0,background,0,poisson,,10240,626,617,9,,not_applicable
blocking-quota-block-3,blocking-quota,3,108.0,background,0,poisson,,10240,631,624,7,,not_applicable
blocking-quota-block-3,blocking-quota,3,109.0,background,0,poisson,,10240,639,630,9,,not_applicable
blocking-quota-block-3,blocking-quota,3,110.0,background,0,poisson,,10240,649,635,14,,not_applicable
blocking-quota-block-3,blocking-quota,3,111.0,background,0,poisson,,10240,653,646,7,,not_applicable
blocking-quota-block-3,blocking-quota,3,112.0,background,0,poisson,,10240,658,652,6,,not_applicable
blocking-quota-block-3,blocking-quota,3,113.0,background,0,poisson,,10240,666,656,10,,not_applicable
blocking-quota-block-3,blocking-quota,3,114.0,background,0,poisson,,10240,668,663,5,,not_applicable
blocking-quota-block-3,blocking-quota,3,115.0,background,0,poisson,,10240,674,666,8,,not_applicable
blocking-quota-block-3,blocking-quota,3,116.0,background,0,poisson,,10240,680,672,8,,not_applicable
blocking-quota-block-3,blocking-quota,3,117.0,background,0,poisson,,10240,684,680,4,,not_applicable
blocking-quota-block-3,blocking-quota,3,118.0,background,0,poisson,,10240,687,684,3,,not_applicable
blocking-quota-block-3,blocking-quota,3,119.0,background,0,poisson,,10240,696,687,9,,not_applicable
blocking-quota-block-3,blocking-quota,3,120.0,background,0,poisson,,10240,696,692,4,,not_applicable
blocking-quota-block-3,blocking-quota,3,121.0,background,0,poisson,,10240,700,697,3,,not_applicable
blocking-quota-block-3,blocking-quota,3,122.0,background,0,poisson,,10240,710,700,10,,not_applicable
blocking-quota-block-3,blocking-quota,3,123.0,background,0,poisson,,10240,715,707,8,,not_applicable
blocking-quota-block-3,blocking-quota,3,124.0,background,0,poisson,,10240,719,714,5,,not_applicable
blocking-quota-block-3,blocking-quota,3,125.0,background,0,poisson,,10240,721,717,4,,not_applicable
blocking-quota-block-3,blocking-quota,3,126.0,background,0,poisson,,10240,725,721,4,,not_applicable
blocking-quota-block-3,blocking-quota,3,127.0,background,0,poisson,,10240,727,724,3,,not_applicable
blocking-quota-block-3,blocking-quota,3,128.0,background,0,poisson,,10240,735,727,8,,not_applicable
blocking-quota-block-3,blocking-quota,3,129.0,background,0,poisson,,10240,745,730,15,,not_applicable
blocking-quota-block-3,blocking-quota,3,130.0,background,0,poisson,,10240,749,742,7,,not_applicable
blocking-quota-block-3,blocking-quota,3,131.0,background,0,poisson,,10240,757,749,8,,not_applicable
blocking-quota-block-3,blocking-quota,3,132.0,background,0,poisson,,10240,767,756,11,,not_applicable
blocking-quota-block-3,blocking-quota,3,133.0,background,0,poisson,,10240,770,763,7,,not_applicable
blocking-quota-block-3,blocking-quota,3,134.0,background,0,poisson,,10240,779,770,9,,not_applicable
blocking-quota-block-3,blocking-quota,3,135.0,background,0,poisson,,10240,783,778,5,,not_applicable
blocking-quota-block-3,blocking-quota,3,136.0,background,0,poisson,,10240,790,781,9,,not_applicable
blocking-quota-block-3,blocking-quota,3,137.0,background,0,poisson,,10240,796,789,7,,not_applicable
blocking-quota-block-3,blocking-quota,3,138.0,background,0,poisson,,10240,799,793,6,,not_applicable
blocking-quota-block-3,blocking-quota,3,139.0,background,0,poisson,,10240,802,799,3,,not_applicable
blocking-quota-block-3,blocking-quota,3,140.0,background,0,poisson,,10240,808,802,6,,not_applicable
blocking-quota-block-3,blocking-quota,3,141.0,background,0,poisson,,10240,813,806,7,,not_applicable
blocking-quota-block-3,blocking-quota,3,142.0,background,0,poisson,,10240,819,811,8,,not_applicable
blocking-quota-block-3,blocking-quota,3,143.0,background,0,poisson,,10240,825,816,9,,not_applicable
blocking-quota-block-3,blocking-quota,3,144.0,background,0,poisson,,10240,829,822,7,,not_applicable
blocking-quota-block-3,blocking-quota,3,145.0,background,0,poisson,,10240,837,828,9,,not_applicable
blocking-quota-block-3,blocking-quota,3,146.0,background,0,poisson,,10240,846,835,11,,not_applicable
blocking-quota-block-3,blocking-quota,3,147.0,background,0,poisson,,10240,855,845,10,,not_applicable
blocking-quota-block-3,blocking-quota,3,148.0,background,0,poisson,,10240,858,853,5,,not_applicable
blocking-quota-block-3,blocking-quota,3,149.0,background,0,poisson,,10240,863,857,6,,not_applicable
blocking-quota-block-3,blocking-quota,3,150.0,background,0,poisson,,10240,866,861,5,,not_applicable
blocking-quota-block-3,blocking-quota,3,151.0,background,0,poisson,,10240,874,864,10,,not_applicable
blocking-quota-block-3,blocking-quota,3,152.0,background,0,poisson,,10240,879,870,9,,not_applicable
blocking-quota-block-3,blocking-quota,3,153.0,background,0,poisson,,10240,885,876,9,,not_applicable
blocking-quota-block-3,blocking-quota,3,154.0,background,0,poisson,,10240,896,882,14,,not_applicable
blocking-quota-block-3,blocking-quota,3,155.0,background,0,poisson,,10240,900,895,5,,not_applicable
blocking-quota-block-3,blocking-quota,3,156.0,background,0,poisson,,10240,907,900,7,,not_applicable
blocking-quota-block-3,blocking-quota,3,157.0,background,0,poisson,,10240,914,906,8,,not_applicable
blocking-quota-block-3,blocking-quota,3,158.0,background,0,poisson,,10240,925,910,15,,not_applicable
blocking-quota-block-3,blocking-quota,3,159.0,background,0,poisson,,10240,933,921,12,,not_applicable
blocking-quota-block-3,blocking-quota,3,160.0,background,0,poisson,,10240,938,932,6,,not_applicable
blocking-quota-block-3,blocking-quota,3,161.0,background,0,poisson,,10240,944,938,6,,not_applicable
blocking-quota-block-3,blocking-quota,3,162.0,background,0,poisson,,10240,952,941,11,,not_applicable
blocking-quota-block-3,blocking-quota,3,163.0,background,0,poisson,,10240,955,949,6,,not_applicable
blocking-quota-block-3,blocking-quota,3,164.0,background,0,poisson,,10240,963,953,10,,not_applicable
blocking-quota-block-3,blocking-quota,3,165.0,background,0,poisson,,10240,971,959,12,,not_applicable
blocking-quota-block-3,blocking-quota,3,166.0,background,0,poisson,,10240,978,968,10,,not_applicable
blocking-quota-block-3,blocking-quota,3,167.0,background,0,poisson,,10240,983,977,6,,not_applicable
blocking-quota-block-3,blocking-quota,3,168.0,background,0,poisson,,10240,988,981,7,,not_applicable
blocking-quota-block-3,blocking-quota,3,169.0,background,0,poisson,,10240,994,987,7,,not_applicable
blocking-quota-block-3,blocking-quota,3,170.0,background,0,poisson,,10240,1000,993,7,,not_applicable
blocking-quota-block-3,blocking-quota,3,171.0,background,0,poisson,,10240,1004,999,5,,not_applicable
blocking-quota-block-3,blocking-quota,3,172.0,background,0,poisson,,10240,1011,1004,7,,not_applicable
blocking-quota-block-3,blocking-quota,3,173.0,background,0,poisson,,10240,1013,1010,3,,not_applicable
blocking-quota-block-3,blocking-quota,3,174.0,background,0,poisson,,10240,1019,1014,5,,not_applicable
blocking-quota-block-3,blocking-quota,3,175.0,background,0,poisson,,10240,1028,1019,9,,not_applicable
blocking-quota-block-3,blocking-quota,3,176.0,background,0,poisson,,10240,1033,1027,6,,not_applicable
blocking-quota-block-3,blocking-quota,3,177.0,background,0,poisson,,10240,1035,1031,4,,not_applicable
blocking-quota-block-3,blocking-quota,3,178.0,background,0,poisson,,10240,1039,1035,4,,not_applicable
blocking-quota-block-3,blocking-quota,3,179.0,background,0,poisson,,10240,1042,1038,4,,not_applicable
blocking-quota-block-3,blocking-quota,3,180.0,background,0,poisson,,10240,1048,1042,6,,not_applicable
blocking-quota-block-3,blocking-quota,3,181.0,background,0,poisson,,10240,1053,1047,6,,not_applicable
blocking-quota-block-3,blocking-quota,3,182.0,background,0,poisson,,10240,1062,1051,11,,not_applicable
blocking-quota-block-3,blocking-quota,3,183.0,background,0,poisson,,10240,1067,1059,8,,not_applicable
blocking-quota-block-3,blocking-quota,3,184.0,background,0,poisson,,10240,1073,1065,8,,not_applicable
blocking-quota-block-3,blocking-quota,3,185.0,background,0,poisson,,10240,1079,1070,9,,not_applicable
blocking-quota-block-3,blocking-quota,3,186.0,background,0,poisson,,10240,1081,1078,3,,not_applicable
blocking-quota-block-3,blocking-quota,3,187.0,background,0,poisson,,10240,1086,1080,6,,not_applicable
blocking-quota-block-3,blocking-quota,3,188.0,background,0,poisson,,10240,1090,1085,5,,not_applicable
blocking-quota-block-3,blocking-quota,3,189.0,background,0,poisson,,10240,1095,1090,5,,not_applicable
blocking-quota-block-3,blocking-quota,3,190.0,background,0,poisson,,10240,1101,1093,8,,not_applicable
blocking-quota-block-3,blocking-quota,3,191.0,background,0,poisson,,10240,1108,1099,9,,not_applicable
blocking-quota-block-3,blocking-quota,3,192.0,background,0,poisson,,10240,1114,1108,6,,not_applicable
blocking-quota-block-3,blocking-quota,3,193.0,background,0,poisson,,10240,1122,1113,9,,not_applicable
blocking-quota-block-3,blocking-quota,3,194.0,background,0,poisson,,10240,1133,1121,12,,not_applicable
blocking-quota-block-3,blocking-quota,3,195.0,background,0,poisson,,10240,1141,1130,11,,not_applicable
blocking-quota-block-3,blocking-quota,3,196.0,background,0,poisson,,10240,1149,1139,10,,not_applicable
blocking-quota-block-3,blocking-quota,3,197.0,background,0,poisson,,10240,1154,1145,9,,not_applicable
blocking-quota-block-3,blocking-quota,3,198.0,background,0,poisson,,10240,1158,1153,5,,not_applicable
blocking-quota-block-3,blocking-quota,3,199.0,background,0,poisson,,10240,1169,1156,13,,not_applicable
blocking-quota-block-3,blocking-quota,3,200.0,background,0,poisson,,10240,1175,1163,12,,not_applicable
blocking-quota-block-3,blocking-quota,3,201.0,background,0,poisson,,10240,1182,1175,7,,not_applicable
blocking-quota-block-3,blocking-quota,3,202.0,background,0,poisson,,10240,1187,1180,7,,not_applicable
blocking-quota-block-3,blocking-quota,3,203.0,background,0,poisson,,10240,1196,1187,9,,not_applicable
blocking-quota-block-3,blocking-quota,3,204.0,background,0,poisson,,10240,1200,1194,6,,not_applicable
blocking-quota-block-3,blocking-quota,3,205.0,background,0,poisson,,10240,1207,1199,8,,not_applicable
blocking-quota-block-3,blocking-quota,3,206.0,background,0,poisson,,10240,1211,1206,5,,not_applicable
blocking-quota-block-3,blocking-quota,3,207.0,background,0,poisson,,10240,1218,1210,8,,not_applicable
blocking-quota-block-3,blocking-quota,3,208.0,background,0,poisson,,10240,1222,1214,8,,not_applicable
blocking-quota-block-3,blocking-quota,3,209.0,background,0,poisson,,10240,1229,1222,7,,not_applicable
blocking-quota-block-3,blocking-quota,3,210.0,background,0,poisson,,10240,1230,1229,1,,not_applicable
blocking-quota-block-3,blocking-quota,3,211.0,background,0,poisson,,10240,1239,1230,9,,not_applicable
blocking-quota-block-3,blocking-quota,3,212.0,background,0,poisson,,10240,1240,1237,3,,not_applicable
blocking-quota-block-3,blocking-quota,3,213.0,background,0,poisson,,10240,1245,1239,6,,not_applicable
blocking-quota-block-3,blocking-quota,3,214.0,background,0,poisson,,10240,1250,1242,8,,not_applicable
blocking-quota-block-3,blocking-quota,3,215.0,background,0,poisson,,10240,1254,1248,6,,not_applicable
blocking-quota-block-3,blocking-quota,3,216.0,background,0,poisson,,10240,1258,1252,6,,not_applicable
blocking-quota-block-3,blocking-quota,3,217.0,background,0,poisson,,10240,1265,1258,7,,not_applicable
blocking-quota-block-3,blocking-quota,3,218.0,background,0,poisson,,10240,1267,1264,3,,not_applicable
blocking-quota-block-3,blocking-quota,3,219.0,background,0,poisson,,10240,1273,1268,5,,not_applicable
blocking-quota-block-3,blocking-quota,3,220.0,background,0,poisson,,10240,1276,1272,4,,not_applicable
blocking-quota-block-3,blocking-quota,3,221.0,background,0,poisson,,10240,1280,1275,5,,not_applicable
blocking-quota-block-3,blocking-quota,3,222.0,background,0,poisson,,10240,1286,1281,5,,not_applicable
blocking-quota-block-3,blocking-quota,3,223.0,background,0,poisson,,10240,1293,1285,8,,not_applicable
blocking-quota-block-3,blocking-quota,3,224.0,background,0,poisson,,10240,1296,1291,5,,not_applicable
blocking-quota-block-3,blocking-quota,3,225.0,background,0,poisson,,10240,1302,1296,6,,not_applicable
blocking-quota-block-3,blocking-quota,3,226.0,background,0,poisson,,10240,1315,1302,13,,not_applicable
blocking-quota-block-3,blocking-quota,3,227.0,background,0,poisson,,10240,1323,1313,10,,not_applicable
blocking-quota-block-3,blocking-quota,3,228.0,background,0,poisson,,10240,1329,1322,7,,not_applicable
blocking-quota-block-3,blocking-quota,3,229.0,background,0,poisson,,10240,1335,1328,7,,not_applicable
blocking-quota-block-3,blocking-quota,3,230.0,background,0,poisson,,10240,1341,1335,6,,not_applicable
blocking-quota-block-3,blocking-quota,3,231.0,background,0,poisson,,10240,1346,1337,9,,not_applicable
blocking-quota-block-3,blocking-quota,3,232.0,background,0,poisson,,10240,1354,1344,10,,not_applicable
blocking-quota-block-3,blocking-quota,3,233.0,background,0,poisson,,10240,1363,1351,12,,not_applicable
blocking-quota-block-3,blocking-quota,3,234.0,background,0,poisson,,10240,1372,1362,10,,not_applicable
blocking-quota-block-3,blocking-quota,3,235.0,background,0,poisson,,10240,1377,1371,6,,not_applicable
blocking-quota-block-3,blocking-quota,3,236.0,background,0,poisson,,10240,1383,1378,5,,not_applicable
blocking-quota-block-3,blocking-quota,3,237.0,background,0,poisson,,10240,1388,1383,5,,not_applicable
blocking-quota-block-3,blocking-quota,3,238.0,background,0,poisson,,10240,1391,1389,2,,not_applicable
blocking-quota-block-3,blocking-quota,3,239.0,background,0,poisson,,10240,1398,1392,6,,not_applicable
blocking-quota-block-3,blocking-quota,3,240.0,background,0,poisson,,10240,1410,1402,8,,not_applicable
classifying-quota-block-3,classifying-quota,3,0.0,quota-eligible,0,poisson,,10240,0,0,0,,not_applicable
classifying-quota-block-3,classifying-quota,3,1.0,quota-eligible,0,poisson,,10240,6,0,6,,not_applicable
classifying-quota-block-3,classifying-quota,3,2.0,quota-eligible,0,poisson,,10240,11,6,5,,not_applicable
classifying-quota-block-3,classifying-quota,3,3.0,quota-eligible,0,poisson,,10240,16,9,7,,not_applicable
classifying-quota-block-3,classifying-quota,3,4.0,quota-eligible,0,poisson,,10240,17,14,3,,not_applicable
classifying-quota-block-3,classifying-quota,3,5.0,quota-eligible,0,poisson,,10240,23,17,6,,not_applicable
classifying-quota-block-3,classifying-quota,3,6.0,quota-eligible,0,poisson,,10240,29,23,6,,not_applicable
classifying-quota-block-3,classifying-quota,3,7.0,quota-eligible,0,poisson,,10240,39,28,11,,not_applicable
classifying-quota-block-3,classifying-quota,3,8.0,quota-eligible,0,poisson,,10240,46,37,9,,not_applicable
classifying-quota-block-3,classifying-quota,3,9.0,quota-eligible,0,poisson,,10240,51,45,6,,not_applicable
classifying-quota-block-3,classifying-quota,3,10.0,quota-eligible,0,poisson,,10240,57,50,7,,not_applicable
classifying-quota-block-3,classifying-quota,3,11.0,quota-eligible,0,poisson,,10240,67,57,10,,not_applicable
classifying-quota-block-3,classifying-quota,3,12.0,quota-eligible,0,poisson,,10240,75,64,11,,not_applicable
classifying-quota-block-3,classifying-quota,3,13.0,quota-eligible,0,poisson,,10240,81,72,9,,not_applicable
classifying-quota-block-3,classifying-quota,3,14.0,quota-eligible,0,poisson,,10240,87,75,12,,not_applicable
classifying-quota-block-3,classifying-quota,3,15.0,quota-eligible,0,poisson,,10240,98,81,17,,not_applicable
classifying-quota-block-3,classifying-quota,3,16.0,quota-eligible,0,poisson,,10240,103,92,11,,not_applicable
classifying-quota-block-3,classifying-quota,3,17.0,quota-eligible,0,poisson,,10240,112,100,12,,not_applicable
classifying-quota-block-3,classifying-quota,3,18.0,quota-eligible,0,poisson,,10240,120,108,12,,not_applicable
classifying-quota-block-3,classifying-quota,3,19.0,quota-eligible,0,poisson,,10240,131,115,16,,not_applicable
classifying-quota-block-3,classifying-quota,3,20.0,quota-eligible,0,poisson,,10240,136,127,9,,not_applicable
classifying-quota-block-3,classifying-quota,3,21.0,quota-eligible,0,poisson,,10240,142,135,7,,not_applicable
classifying-quota-block-3,classifying-quota,3,22.0,quota-eligible,0,poisson,,10240,144,140,4,,not_applicable
classifying-quota-block-3,classifying-quota,3,23.0,quota-eligible,0,poisson,,10240,149,143,6,,not_applicable
classifying-quota-block-3,classifying-quota,3,24.0,quota-eligible,0,poisson,,10240,155,149,6,,not_applicable
classifying-quota-block-3,classifying-quota,3,25.0,quota-eligible,0,poisson,,10240,161,153,8,,not_applicable
classifying-quota-block-3,classifying-quota,3,26.0,quota-eligible,0,poisson,,10240,168,160,8,,not_applicable
classifying-quota-block-3,classifying-quota,3,27.0,quota-eligible,0,poisson,,10240,173,166,7,,not_applicable
classifying-quota-block-3,classifying-quota,3,28.0,quota-eligible,0,poisson,,10240,178,169,9,,not_applicable
classifying-quota-block-3,classifying-quota,3,29.0,quota-eligible,0,poisson,,10240,186,174,12,,not_applicable
classifying-quota-block-3,classifying-quota,3,30.0,quota-eligible,0,poisson,,10240,190,183,7,,not_applicable
classifying-quota-block-3,classifying-quota,3,31.0,quota-eligible,0,poisson,,10240,193,189,4,,not_applicable
classifying-quota-block-3,classifying-quota,3,32.0,quota-eligible,0,poisson,,10240,197,193,4,,not_applicable
classifying-quota-block-3,classifying-quota,3,33.0,quota-eligible,0,poisson,,10240,202,195,7,,not_applicable
classifying-quota-block-3,classifying-quota,3,34.0,quota-eligible,0,poisson,,10240,208,199,9,,not_applicable
classifying-quota-block-3,classifying-quota,3,35.0,quota-eligible,0,poisson,,10240,210,203,7,,not_applicable
classifying-quota-block-3,classifying-quota,3,36.0,quota-eligible,0,poisson,,10240,214,208,6,,not_applicable
classifying-quota-block-3,classifying-quota,3,37.0,quota-eligible,0,poisson,,10240,217,210,7,,not_applicable
classifying-quota-block-3,classifying-quota,3,38.0,quota-eligible,0,poisson,,10240,221,216,5,,not_applicable
classifying-quota-block-3,classifying-quota,3,39.0,quota-eligible,0,poisson,,10240,228,219,9,,not_applicable
classifying-quota-block-3,classifying-quota,3,40.0,quota-eligible,0,poisson,,10240,238,227,11,,not_applicable
classifying-quota-block-3,classifying-quota,3,41.0,quota-eligible,0,poisson,,10240,244,235,9,,not_applicable
classifying-quota-block-3,classifying-quota,3,42.0,quota-eligible,0,poisson,,10240,250,244,6,,not_applicable
classifying-quota-block-3,classifying-quota,3,43.0,quota-eligible,0,poisson,,10240,258,250,8,,not_applicable
classifying-quota-block-3,classifying-quota,3,44.0,quota-eligible,0,poisson,,10240,264,257,7,,not_applicable
classifying-quota-block-3,classifying-quota,3,45.0,quota-eligible,0,poisson,,10240,268,264,4,,not_applicable
classifying-quota-block-3,classifying-quota,3,46.0,quota-eligible,0,poisson,,10240,273,265,8,,not_applicable
classifying-quota-block-3,classifying-quota,3,47.0,quota-eligible,0,poisson,,10240,280,271,9,,not_applicable
classifying-quota-block-3,classifying-quota,3,48.0,quota-eligible,0,poisson,,10240,283,278,5,,not_applicable
classifying-quota-block-3,classifying-quota,3,49.0,quota-eligible,0,poisson,,10240,288,282,6,,not_applicable
classifying-quota-block-3,classifying-quota,3,50.0,quota-eligible,0,poisson,,10240,294,284,10,,not_applicable
classifying-quota-block-3,classifying-quota,3,51.0,quota-eligible,0,poisson,,10240,302,293,9,,not_applicable
classifying-quota-block-3,classifying-quota,3,52.0,quota-eligible,0,poisson,,10240,308,301,7,,not_applicable
classifying-quota-block-3,classifying-quota,3,53.0,quota-eligible,0,poisson,,10240,315,306,9,,not_applicable
classifying-quota-block-3,classifying-quota,3,54.0,quota-eligible,0,poisson,,10240,320,314,6,,not_applicable
classifying-quota-block-3,classifying-quota,3,55.0,quota-eligible,0,poisson,,10240,332,319,13,,not_applicable
classifying-quota-block-3,classifying-quota,3,56.0,quota-eligible,0,poisson,,10240,337,327,10,,not_applicable
classifying-quota-block-3,classifying-quota,3,57.0,quota-eligible,0,poisson,,10240,343,335,8,,not_applicable
classifying-quota-block-3,classifying-quota,3,58.0,quota-eligible,0,poisson,,10240,351,342,9,,not_applicable
classifying-quota-block-3,classifying-quota,3,59.0,quota-eligible,0,poisson,,10240,361,351,10,,not_applicable
classifying-quota-block-3,classifying-quota,3,60.0,quota-eligible,0,poisson,,10240,365,361,4,,not_applicable
classifying-quota-block-3,classifying-quota,3,61.0,quota-eligible,0,poisson,,10240,369,364,5,,not_applicable
classifying-quota-block-3,classifying-quota,3,62.0,quota-eligible,0,poisson,,10240,374,370,4,,not_applicable
classifying-quota-block-3,classifying-quota,3,63.0,quota-eligible,0,poisson,,10240,379,373,6,,not_applicable
classifying-quota-block-3,classifying-quota,3,64.0,quota-eligible,0,poisson,,10240,382,379,3,,not_applicable
classifying-quota-block-3,classifying-quota,3,65.0,quota-eligible,0,poisson,,10240,387,382,5,,not_applicable
classifying-quota-block-3,classifying-quota,3,66.0,quota-eligible,0,poisson,,10240,394,385,9,,not_applicable
classifying-quota-block-3,classifying-quota,3,67.0,quota-eligible,0,poisson,,10240,400,391,9,,not_applicable
classifying-quota-block-3,classifying-quota,3,68.0,quota-eligible,0,poisson,,10240,401,398,3,,not_applicable
classifying-quota-block-3,classifying-quota,3,69.0,quota-eligible,0,poisson,,10240,404,400,4,,not_applicable
classifying-quota-block-3,classifying-quota,3,70.0,quota-eligible,0,poisson,,10240,412,404,8,,not_applicable
classifying-quota-block-3,classifying-quota,3,71.0,quota-eligible,0,poisson,,10240,415,410,5,,not_applicable
classifying-quota-block-3,classifying-quota,3,72.0,quota-eligible,0,poisson,,10240,417,415,2,,not_applicable
classifying-quota-block-3,classifying-quota,3,73.0,quota-eligible,0,poisson,,10240,427,417,10,,not_applicable
classifying-quota-block-3,classifying-quota,3,74.0,quota-eligible,0,poisson,,10240,430,424,6,,not_applicable
classifying-quota-block-3,classifying-quota,3,75.0,quota-eligible,0,poisson,,10240,434,428,6,,not_applicable
classifying-quota-block-3,classifying-quota,3,76.0,quota-eligible,0,poisson,,10240,442,434,8,,not_applicable
classifying-quota-block-3,classifying-quota,3,77.0,quota-eligible,0,poisson,,10240,448,439,9,,not_applicable
classifying-quota-block-3,classifying-quota,3,78.0,quota-eligible,0,poisson,,10240,459,445,14,,not_applicable
classifying-quota-block-3,classifying-quota,3,79.0,quota-eligible,0,poisson,,10240,464,454,10,,not_applicable
classifying-quota-block-3,classifying-quota,3,80.0,quota-eligible,0,poisson,,10240,470,464,6,,not_applicable
classifying-quota-block-3,classifying-quota,3,81.0,quota-eligible,0,poisson,,10240,475,468,7,,not_applicable
classifying-quota-block-3,classifying-quota,3,82.0,quota-eligible,0,poisson,,10240,482,473,9,,not_applicable
classifying-quota-block-3,classifying-quota,3,83.0,quota-eligible,0,poisson,,10240,492,481,11,,not_applicable
classifying-quota-block-3,classifying-quota,3,84.0,quota-eligible,0,poisson,,10240,503,488,15,,not_applicable
classifying-quota-block-3,classifying-quota,3,85.0,quota-eligible,0,poisson,,10240,506,501,5,,not_applicable
classifying-quota-block-3,classifying-quota,3,86.0,quota-eligible,0,poisson,,10240,513,506,7,,not_applicable
classifying-quota-block-3,classifying-quota,3,87.0,quota-eligible,0,poisson,,10240,515,512,3,,not_applicable
classifying-quota-block-3,classifying-quota,3,88.0,quota-eligible,0,poisson,,10240,524,515,9,,not_applicable
classifying-quota-block-3,classifying-quota,3,89.0,quota-eligible,0,poisson,,10240,530,523,7,,not_applicable
classifying-quota-block-3,classifying-quota,3,90.0,quota-eligible,0,poisson,,10240,537,530,7,,not_applicable
classifying-quota-block-3,classifying-quota,3,91.0,quota-eligible,0,poisson,,10240,546,536,10,,not_applicable
classifying-quota-block-3,classifying-quota,3,92.0,quota-eligible,0,poisson,,10240,554,543,11,,not_applicable
classifying-quota-block-3,classifying-quota,3,93.0,quota-eligible,0,poisson,,10240,560,553,7,,not_applicable
classifying-quota-block-3,classifying-quota,3,94.0,quota-eligible,0,poisson,,10240,562,559,3,,not_applicable
classifying-quota-block-3,classifying-quota,3,95.0,quota-eligible,0,poisson,,10240,565,562,3,,not_applicable
classifying-quota-block-3,classifying-quota,3,96.0,quota-eligible,0,poisson,,10240,571,565,6,,not_applicable
classifying-quota-block-3,classifying-quota,3,97.0,quota-eligible,0,poisson,,10240,575,571,4,,not_applicable
classifying-quota-block-3,classifying-quota,3,98.0,quota-eligible,0,poisson,,10240,575,574,1,,not_applicable
classifying-quota-block-3,classifying-quota,3,99.0,quota-eligible,0,poisson,,10240,581,575,6,,not_applicable
classifying-quota-block-3,classifying-quota,3,100.0,quota-eligible,0,poisson,,10240,585,578,7,,not_applicable
classifying-quota-block-3,classifying-quota,3,101.0,quota-eligible,0,poisson,,10240,591,585,6,,not_applicable
classifying-quota-block-3,classifying-quota,3,102.0,quota-eligible,0,poisson,,10240,594,591,3,,not_applicable
classifying-quota-block-3,classifying-quota,3,103.0,quota-eligible,0,poisson,,10240,604,594,10,,not_applicable
classifying-quota-block-3,classifying-quota,3,104.0,quota-eligible,0,poisson,,10240,606,602,4,,not_applicable
classifying-quota-block-3,classifying-quota,3,105.0,quota-eligible,0,poisson,,10240,611,606,5,,not_applicable
classifying-quota-block-3,classifying-quota,3,106.0,quota-eligible,0,poisson,,10240,618,610,8,,not_applicable
classifying-quota-block-3,classifying-quota,3,107.0,quota-eligible,0,poisson,,10240,626,618,8,,not_applicable
classifying-quota-block-3,classifying-quota,3,108.0,quota-eligible,0,poisson,,10240,631,624,7,,not_applicable
classifying-quota-block-3,classifying-quota,3,109.0,quota-eligible,0,poisson,,10240,639,631,8,,not_applicable
classifying-quota-block-3,classifying-quota,3,110.0,quota-eligible,0,poisson,,10240,649,637,12,,not_applicable
classifying-quota-block-3,classifying-quota,3,111.0,quota-eligible,0,poisson,,10240,653,647,6,,not_applicable
classifying-quota-block-3,classifying-quota,3,112.0,quota-eligible,0,poisson,,10240,658,652,6,,not_applicable
classifying-quota-block-3,classifying-quota,3,113.0,quota-eligible,0,poisson,,10240,666,656,10,,not_applicable
classifying-quota-block-3,classifying-quota,3,114.0,quota-eligible,0,poisson,,10240,668,663,5,,not_applicable
classifying-quota-block-3,classifying-quota,3,115.0,quota-eligible,0,poisson,,10240,674,667,7,,not_applicable
classifying-quota-block-3,classifying-quota,3,116.0,quota-eligible,0,poisson,,10240,680,672,8,,not_applicable
classifying-quota-block-3,classifying-quota,3,117.0,quota-eligible,0,poisson,,10240,684,679,5,,not_applicable
classifying-quota-block-3,classifying-quota,3,118.0,quota-eligible,0,poisson,,10240,687,684,3,,not_applicable
classifying-quota-block-3,classifying-quota,3,119.0,quota-eligible,0,poisson,,10240,696,687,9,,not_applicable
classifying-quota-block-3,classifying-quota,3,120.0,quota-eligible,0,poisson,,10240,696,695,1,,not_applicable
classifying-quota-block-3,classifying-quota,3,121.0,quota-eligible,0,poisson,,10240,700,696,4,,not_applicable
classifying-quota-block-3,classifying-quota,3,122.0,quota-eligible,0,poisson,,10240,710,700,10,,not_applicable
classifying-quota-block-3,classifying-quota,3,123.0,quota-eligible,0,poisson,,10240,715,706,9,,not_applicable
classifying-quota-block-3,classifying-quota,3,124.0,quota-eligible,0,poisson,,10240,719,713,6,,not_applicable
classifying-quota-block-3,classifying-quota,3,125.0,quota-eligible,0,poisson,,10240,721,718,3,,not_applicable
classifying-quota-block-3,classifying-quota,3,126.0,quota-eligible,0,poisson,,10240,725,721,4,,not_applicable
classifying-quota-block-3,classifying-quota,3,127.0,quota-eligible,0,poisson,,10240,727,725,2,,not_applicable
classifying-quota-block-3,classifying-quota,3,128.0,quota-eligible,0,poisson,,10240,735,727,8,,not_applicable
classifying-quota-block-3,classifying-quota,3,129.0,quota-eligible,0,poisson,,10240,745,732,13,,not_applicable
classifying-quota-block-3,classifying-quota,3,130.0,quota-eligible,0,poisson,,10240,749,738,11,,not_applicable
classifying-quota-block-3,classifying-quota,3,131.0,quota-eligible,0,poisson,,10240,757,749,8,,not_applicable
classifying-quota-block-3,classifying-quota,3,132.0,quota-eligible,0,poisson,,10240,767,756,11,,not_applicable
classifying-quota-block-3,classifying-quota,3,133.0,quota-eligible,0,poisson,,10240,770,766,4,,not_applicable
classifying-quota-block-3,classifying-quota,3,134.0,quota-eligible,0,poisson,,10240,779,770,9,,not_applicable
classifying-quota-block-3,classifying-quota,3,135.0,quota-eligible,0,poisson,,10240,783,778,5,,not_applicable
classifying-quota-block-3,classifying-quota,3,136.0,quota-eligible,0,poisson,,10240,790,781,9,,not_applicable
classifying-quota-block-3,classifying-quota,3,137.0,quota-eligible,0,poisson,,10240,796,789,7,,not_applicable
classifying-quota-block-3,classifying-quota,3,138.0,quota-eligible,0,poisson,,10240,799,795,4,,not_applicable
classifying-quota-block-3,classifying-quota,3,139.0,quota-eligible,0,poisson,,10240,802,798,4,,not_applicable
classifying-quota-block-3,classifying-quota,3,140.0,quota-eligible,0,poisson,,10240,808,802,6,,not_applicable
classifying-quota-block-3,classifying-quota,3,141.0,quota-eligible,0,poisson,,10240,813,807,6,,not_applicable
classifying-quota-block-3,classifying-quota,3,142.0,quota-eligible,0,poisson,,10240,819,811,8,,not_applicable
classifying-quota-block-3,classifying-quota,3,143.0,quota-eligible,0,poisson,,10240,825,815,10,,not_applicable
classifying-quota-block-3,classifying-quota,3,144.0,quota-eligible,0,poisson,,10240,829,822,7,,not_applicable
classifying-quota-block-3,classifying-quota,3,145.0,quota-eligible,0,poisson,,10240,837,829,8,,not_applicable
classifying-quota-block-3,classifying-quota,3,146.0,quota-eligible,0,poisson,,10240,846,834,12,,not_applicable
classifying-quota-block-3,classifying-quota,3,147.0,quota-eligible,0,poisson,,10240,855,844,11,,not_applicable
classifying-quota-block-3,classifying-quota,3,148.0,quota-eligible,0,poisson,,10240,858,851,7,,not_applicable
classifying-quota-block-3,classifying-quota,3,149.0,quota-eligible,0,poisson,,10240,863,859,4,,not_applicable
classifying-quota-block-3,classifying-quota,3,150.0,quota-eligible,0,poisson,,10240,866,862,4,,not_applicable
classifying-quota-block-3,classifying-quota,3,151.0,quota-eligible,0,poisson,,10240,874,863,11,,not_applicable
classifying-quota-block-3,classifying-quota,3,152.0,quota-eligible,0,poisson,,10240,879,871,8,,not_applicable
classifying-quota-block-3,classifying-quota,3,153.0,quota-eligible,0,poisson,,10240,885,876,9,,not_applicable
classifying-quota-block-3,classifying-quota,3,154.0,quota-eligible,0,poisson,,10240,896,884,12,,not_applicable
classifying-quota-block-3,classifying-quota,3,155.0,quota-eligible,0,poisson,,10240,900,896,4,,not_applicable
classifying-quota-block-3,classifying-quota,3,156.0,quota-eligible,0,poisson,,10240,907,900,7,,not_applicable
classifying-quota-block-3,classifying-quota,3,157.0,quota-eligible,0,poisson,,10240,914,907,7,,not_applicable
classifying-quota-block-3,classifying-quota,3,158.0,quota-eligible,0,poisson,,10240,925,911,14,,not_applicable
classifying-quota-block-3,classifying-quota,3,159.0,quota-eligible,0,poisson,,10240,933,921,12,,not_applicable
classifying-quota-block-3,classifying-quota,3,160.0,quota-eligible,0,poisson,,10240,938,932,6,,not_applicable
classifying-quota-block-3,classifying-quota,3,161.0,quota-eligible,0,poisson,,10240,944,938,6,,not_applicable
classifying-quota-block-3,classifying-quota,3,162.0,quota-eligible,0,poisson,,10240,952,943,9,,not_applicable
classifying-quota-block-3,classifying-quota,3,163.0,quota-eligible,0,poisson,,10240,955,951,4,,not_applicable
classifying-quota-block-3,classifying-quota,3,164.0,quota-eligible,0,poisson,,10240,963,953,10,,not_applicable
classifying-quota-block-3,classifying-quota,3,165.0,quota-eligible,0,poisson,,10240,971,961,10,,not_applicable
classifying-quota-block-3,classifying-quota,3,166.0,quota-eligible,0,poisson,,10240,978,968,10,,not_applicable
classifying-quota-block-3,classifying-quota,3,167.0,quota-eligible,0,poisson,,10240,983,977,6,,not_applicable
classifying-quota-block-3,classifying-quota,3,168.0,quota-eligible,0,poisson,,10240,988,983,5,,not_applicable
classifying-quota-block-3,classifying-quota,3,169.0,quota-eligible,0,poisson,,10240,994,987,7,,not_applicable
classifying-quota-block-3,classifying-quota,3,170.0,quota-eligible,0,poisson,,10240,1000,993,7,,not_applicable
classifying-quota-block-3,classifying-quota,3,171.0,quota-eligible,0,poisson,,10240,1004,1000,4,,not_applicable
classifying-quota-block-3,classifying-quota,3,172.0,quota-eligible,0,poisson,,10240,1011,1004,7,,not_applicable
classifying-quota-block-3,classifying-quota,3,173.0,quota-eligible,0,poisson,,10240,1013,1009,4,,not_applicable
classifying-quota-block-3,classifying-quota,3,174.0,quota-eligible,0,poisson,,10240,1019,1013,6,,not_applicable
classifying-quota-block-3,classifying-quota,3,175.0,quota-eligible,0,poisson,,10240,1028,1019,9,,not_applicable
classifying-quota-block-3,classifying-quota,3,176.0,quota-eligible,0,poisson,,10240,1033,1026,7,,not_applicable
classifying-quota-block-3,classifying-quota,3,177.0,quota-eligible,0,poisson,,10240,1035,1031,4,,not_applicable
classifying-quota-block-3,classifying-quota,3,178.0,quota-eligible,0,poisson,,10240,1039,1035,4,,not_applicable
classifying-quota-block-3,classifying-quota,3,179.0,quota-eligible,0,poisson,,10240,1042,1038,4,,not_applicable
classifying-quota-block-3,classifying-quota,3,180.0,quota-eligible,0,poisson,,10240,1048,1042,6,,not_applicable
classifying-quota-block-3,classifying-quota,3,181.0,quota-eligible,0,poisson,,10240,1053,1046,7,,not_applicable
classifying-quota-block-3,classifying-quota,3,182.0,quota-eligible,0,poisson,,10240,1062,1051,11,,not_applicable
classifying-quota-block-3,classifying-quota,3,183.0,quota-eligible,0,poisson,,10240,1067,1059,8,,not_applicable
classifying-quota-block-3,classifying-quota,3,184.0,quota-eligible,0,poisson,,10240,1073,1065,8,,not_applicable
classifying-quota-block-3,classifying-quota,3,185.0,quota-eligible,0,poisson,,10240,1079,1070,9,,not_applicable
classifying-quota-block-3,classifying-quota,3,186.0,quota-eligible,0,poisson,,10240,1081,1077,4,,not_applicable
classifying-quota-block-3,classifying-quota,3,187.0,quota-eligible,0,poisson,,10240,1086,1079,7,,not_applicable
classifying-quota-block-3,classifying-quota,3,188.0,quota-eligible,0,poisson,,10240,1090,1085,5,,not_applicable
classifying-quota-block-3,classifying-quota,3,189.0,quota-eligible,0,poisson,,10240,1095,1090,5,,not_applicable
classifying-quota-block-3,classifying-quota,3,190.0,quota-eligible,0,poisson,,10240,1101,1093,8,,not_applicable
classifying-quota-block-3,classifying-quota,3,191.0,quota-eligible,0,poisson,,10240,1108,1100,8,,not_applicable
classifying-quota-block-3,classifying-quota,3,192.0,quota-eligible,0,poisson,,10240,1114,1106,8,,not_applicable
classifying-quota-block-3,classifying-quota,3,193.0,quota-eligible,0,poisson,,10240,1122,1112,10,,not_applicable
classifying-quota-block-3,classifying-quota,3,194.0,quota-eligible,0,poisson,,10240,1133,1121,12,,not_applicable
classifying-quota-block-3,classifying-quota,3,195.0,quota-eligible,0,poisson,,10240,1141,1131,10,,not_applicable
classifying-quota-block-3,classifying-quota,3,196.0,quota-eligible,0,poisson,,10240,1149,1139,10,,not_applicable
classifying-quota-block-3,classifying-quota,3,197.0,quota-eligible,0,poisson,,10240,1154,1146,8,,not_applicable
classifying-quota-block-3,classifying-quota,3,198.0,quota-eligible,0,poisson,,10240,1158,1153,5,,not_applicable
classifying-quota-block-3,classifying-quota,3,199.0,quota-eligible,0,poisson,,10240,1169,1156,13,,not_applicable
classifying-quota-block-3,classifying-quota,3,200.0,quota-eligible,0,poisson,,10240,1175,1162,13,,not_applicable
classifying-quota-block-3,classifying-quota,3,201.0,quota-eligible,0,poisson,,10240,1182,1175,7,,not_applicable
classifying-quota-block-3,classifying-quota,3,202.0,quota-eligible,0,poisson,,10240,1187,1182,5,,not_applicable
classifying-quota-block-3,classifying-quota,3,203.0,quota-eligible,0,poisson,,10240,1196,1187,9,,not_applicable
classifying-quota-block-3,classifying-quota,3,204.0,quota-eligible,0,poisson,,10240,1200,1194,6,,not_applicable
classifying-quota-block-3,classifying-quota,3,205.0,quota-eligible,0,poisson,,10240,1207,1199,8,,not_applicable
classifying-quota-block-3,classifying-quota,3,206.0,quota-eligible,0,poisson,,10240,1211,1206,5,,not_applicable
classifying-quota-block-3,classifying-quota,3,207.0,quota-eligible,0,poisson,,10240,1218,1209,9,,not_applicable
classifying-quota-block-3,classifying-quota,3,208.0,quota-eligible,0,poisson,,10240,1222,1216,6,,not_applicable
classifying-quota-block-3,classifying-quota,3,209.0,quota-eligible,0,poisson,,10240,1229,1222,7,,not_applicable
classifying-quota-block-3,classifying-quota,3,210.0,quota-eligible,0,poisson,,10240,1230,1229,1,,not_applicable
classifying-quota-block-3,classifying-quota,3,211.0,quota-eligible,0,poisson,,10240,1239,1230,9,,not_applicable
classifying-quota-block-3,classifying-quota,3,212.0,quota-eligible,0,poisson,,10240,1240,1237,3,,not_applicable
classifying-quota-block-3,classifying-quota,3,213.0,quota-eligible,0,poisson,,10240,1245,1239,6,,not_applicable
classifying-quota-block-3,classifying-quota,3,214.0,quota-eligible,0,poisson,,10240,1250,1243,7,,not_applicable
classifying-quota-block-3,classifying-quota,3,215.0,quota-eligible,0,poisson,,10240,1254,1248,6,,not_applicable
classifying-quota-block-3,classifying-quota,3,216.0,quota-eligible,0,poisson,,10240,1258,1254,4,,not_applicable
classifying-quota-block-3,classifying-quota,3,217.0,quota-eligible,0,poisson,,10240,1265,1258,7,,not_applicable
classifying-quota-block-3,classifying-quota,3,218.0,quota-eligible,0,poisson,,10240,1267,1264,3,,not_applicable
classifying-quota-block-3,classifying-quota,3,219.0,quota-eligible,0,poisson,,10240,1273,1266,7,,not_applicable
classifying-quota-block-3,classifying-quota,3,220.0,quota-eligible,0,poisson,,10240,1276,1271,5,,not_applicable
classifying-quota-block-3,classifying-quota,3,221.0,quota-eligible,0,poisson,,10240,1280,1275,5,,not_applicable
classifying-quota-block-3,classifying-quota,3,222.0,quota-eligible,0,poisson,,10240,1286,1280,6,,not_applicable
classifying-quota-block-3,classifying-quota,3,223.0,quota-eligible,0,poisson,,10240,1293,1285,8,,not_applicable
classifying-quota-block-3,classifying-quota,3,224.0,quota-eligible,0,poisson,,10240,1296,1291,5,,not_applicable
classifying-quota-block-3,classifying-quota,3,225.0,quota-eligible,0,poisson,,10240,1302,1296,6,,not_applicable
classifying-quota-block-3,classifying-quota,3,226.0,quota-eligible,0,poisson,,10240,1315,1301,14,,not_applicable
classifying-quota-block-3,classifying-quota,3,227.0,quota-eligible,0,poisson,,10240,1323,1310,13,,not_applicable
classifying-quota-block-3,classifying-quota,3,228.0,quota-eligible,0,poisson,,10240,1329,1321,8,,not_applicable
classifying-quota-block-3,classifying-quota,3,229.0,quota-eligible,0,poisson,,10240,1335,1329,6,,not_applicable
classifying-quota-block-3,classifying-quota,3,230.0,quota-eligible,0,poisson,,10240,1341,1335,6,,not_applicable
classifying-quota-block-3,classifying-quota,3,231.0,quota-eligible,0,poisson,,10240,1346,1340,6,,not_applicable
classifying-quota-block-3,classifying-quota,3,232.0,quota-eligible,0,poisson,,10240,1354,1344,10,,not_applicable
classifying-quota-block-3,classifying-quota,3,233.0,quota-eligible,0,poisson,,10240,1363,1349,14,,not_applicable
classifying-quota-block-3,classifying-quota,3,234.0,quota-eligible,0,poisson,,10240,1372,1360,12,,not_applicable
classifying-quota-block-3,classifying-quota,3,235.0,quota-eligible,0,poisson,,10240,1377,1371,6,,not_applicable
classifying-quota-block-3,classifying-quota,3,236.0,quota-eligible,0,poisson,,10240,1383,1377,6,,not_applicable
classifying-quota-block-3,classifying-quota,3,237.0,quota-eligible,0,poisson,,10240,1388,1381,7,,not_applicable
classifying-quota-block-3,classifying-quota,3,238.0,quota-eligible,0,poisson,,10240,1391,1385,6,,not_applicable
classifying-quota-block-3,classifying-quota,3,239.0,quota-eligible,0,poisson,,10240,1398,1390,8,,not_applicable
classifying-quota-block-3,classifying-quota,3,240.0,quota-eligible,0,poisson,,10240,1410,1395,15,,not_applicable
classifying-quota-block-3,classifying-quota,3,0.0,background,0,poisson,,10240,0,0,0,,not_applicable
classifying-quota-block-3,classifying-quota,3,1.0,background,0,poisson,,10240,6,0,6,,not_applicable
classifying-quota-block-3,classifying-quota,3,2.0,background,0,poisson,,10240,11,6,5,,not_applicable
classifying-quota-block-3,classifying-quota,3,3.0,background,0,poisson,,10240,16,9,7,,not_applicable
classifying-quota-block-3,classifying-quota,3,4.0,background,0,poisson,,10240,17,14,3,,not_applicable
classifying-quota-block-3,classifying-quota,3,5.0,background,0,poisson,,10240,23,18,5,,not_applicable
classifying-quota-block-3,classifying-quota,3,6.0,background,0,poisson,,10240,29,23,6,,not_applicable
classifying-quota-block-3,classifying-quota,3,7.0,background,0,poisson,,10240,39,29,10,,not_applicable
classifying-quota-block-3,classifying-quota,3,8.0,background,0,poisson,,10240,46,36,10,,not_applicable
classifying-quota-block-3,classifying-quota,3,9.0,background,0,poisson,,10240,51,40,11,,not_applicable
classifying-quota-block-3,classifying-quota,3,10.0,background,0,poisson,,10240,57,48,9,,not_applicable
classifying-quota-block-3,classifying-quota,3,11.0,background,0,poisson,,10240,67,53,14,,not_applicable
classifying-quota-block-3,classifying-quota,3,12.0,background,0,poisson,,10240,75,59,16,,not_applicable
classifying-quota-block-3,classifying-quota,3,13.0,background,0,poisson,,10240,81,71,10,,not_applicable
classifying-quota-block-3,classifying-quota,3,14.0,background,0,poisson,,10240,87,75,12,,not_applicable
classifying-quota-block-3,classifying-quota,3,15.0,background,0,poisson,,10240,98,81,17,,not_applicable
classifying-quota-block-3,classifying-quota,3,16.0,background,0,poisson,,10240,103,92,11,,not_applicable
classifying-quota-block-3,classifying-quota,3,17.0,background,0,poisson,,10240,112,99,13,,not_applicable
classifying-quota-block-3,classifying-quota,3,18.0,background,0,poisson,,10240,120,108,12,,not_applicable
classifying-quota-block-3,classifying-quota,3,19.0,background,0,poisson,,10240,131,115,16,,not_applicable
classifying-quota-block-3,classifying-quota,3,20.0,background,0,poisson,,10240,136,127,9,,not_applicable
classifying-quota-block-3,classifying-quota,3,21.0,background,0,poisson,,10240,142,135,7,,not_applicable
classifying-quota-block-3,classifying-quota,3,22.0,background,0,poisson,,10240,144,140,4,,not_applicable
classifying-quota-block-3,classifying-quota,3,23.0,background,0,poisson,,10240,149,143,6,,not_applicable
classifying-quota-block-3,classifying-quota,3,24.0,background,0,poisson,,10240,155,149,6,,not_applicable
classifying-quota-block-3,classifying-quota,3,25.0,background,0,poisson,,10240,161,154,7,,not_applicable
classifying-quota-block-3,classifying-quota,3,26.0,background,0,poisson,,10240,168,159,9,,not_applicable
classifying-quota-block-3,classifying-quota,3,27.0,background,0,poisson,,10240,173,164,9,,not_applicable
classifying-quota-block-3,classifying-quota,3,28.0,background,0,poisson,,10240,178,169,9,,not_applicable
classifying-quota-block-3,classifying-quota,3,29.0,background,0,poisson,,10240,186,174,12,,not_applicable
classifying-quota-block-3,classifying-quota,3,30.0,background,0,poisson,,10240,190,183,7,,not_applicable
classifying-quota-block-3,classifying-quota,3,31.0,background,0,poisson,,10240,193,189,4,,not_applicable
classifying-quota-block-3,classifying-quota,3,32.0,background,0,poisson,,10240,197,193,4,,not_applicable
classifying-quota-block-3,classifying-quota,3,33.0,background,0,poisson,,10240,202,196,6,,not_applicable
classifying-quota-block-3,classifying-quota,3,34.0,background,0,poisson,,10240,208,199,9,,not_applicable
classifying-quota-block-3,classifying-quota,3,35.0,background,0,poisson,,10240,210,203,7,,not_applicable
classifying-quota-block-3,classifying-quota,3,36.0,background,0,poisson,,10240,214,208,6,,not_applicable
classifying-quota-block-3,classifying-quota,3,37.0,background,0,poisson,,10240,217,210,7,,not_applicable
classifying-quota-block-3,classifying-quota,3,38.0,background,0,poisson,,10240,221,216,5,,not_applicable
classifying-quota-block-3,classifying-quota,3,39.0,background,0,poisson,,10240,228,220,8,,not_applicable
classifying-quota-block-3,classifying-quota,3,40.0,background,0,poisson,,10240,238,227,11,,not_applicable
classifying-quota-block-3,classifying-quota,3,41.0,background,0,poisson,,10240,244,232,12,,not_applicable
classifying-quota-block-3,classifying-quota,3,42.0,background,0,poisson,,10240,250,241,9,,not_applicable
classifying-quota-block-3,classifying-quota,3,43.0,background,0,poisson,,10240,258,249,9,,not_applicable
classifying-quota-block-3,classifying-quota,3,44.0,background,0,poisson,,10240,264,250,14,,not_applicable
classifying-quota-block-3,classifying-quota,3,45.0,background,0,poisson,,10240,268,262,6,,not_applicable
classifying-quota-block-3,classifying-quota,3,46.0,background,0,poisson,,10240,273,265,8,,not_applicable
classifying-quota-block-3,classifying-quota,3,47.0,background,0,poisson,,10240,280,272,8,,not_applicable
classifying-quota-block-3,classifying-quota,3,48.0,background,0,poisson,,10240,283,279,4,,not_applicable
classifying-quota-block-3,classifying-quota,3,49.0,background,0,poisson,,10240,288,283,5,,not_applicable
classifying-quota-block-3,classifying-quota,3,50.0,background,0,poisson,,10240,294,285,9,,not_applicable
classifying-quota-block-3,classifying-quota,3,51.0,background,0,poisson,,10240,302,294,8,,not_applicable
classifying-quota-block-3,classifying-quota,3,52.0,background,0,poisson,,10240,308,300,8,,not_applicable
classifying-quota-block-3,classifying-quota,3,53.0,background,0,poisson,,10240,315,307,8,,not_applicable
classifying-quota-block-3,classifying-quota,3,54.0,background,0,poisson,,10240,320,315,5,,not_applicable
classifying-quota-block-3,classifying-quota,3,55.0,background,0,poisson,,10240,332,318,14,,not_applicable
classifying-quota-block-3,classifying-quota,3,56.0,background,0,poisson,,10240,337,327,10,,not_applicable
classifying-quota-block-3,classifying-quota,3,57.0,background,0,poisson,,10240,343,335,8,,not_applicable
classifying-quota-block-3,classifying-quota,3,58.0,background,0,poisson,,10240,351,343,8,,not_applicable
classifying-quota-block-3,classifying-quota,3,59.0,background,0,poisson,,10240,361,351,10,,not_applicable
classifying-quota-block-3,classifying-quota,3,60.0,background,0,poisson,,10240,365,360,5,,not_applicable
classifying-quota-block-3,classifying-quota,3,61.0,background,0,poisson,,10240,369,364,5,,not_applicable
classifying-quota-block-3,classifying-quota,3,62.0,background,0,poisson,,10240,374,369,5,,not_applicable
classifying-quota-block-3,classifying-quota,3,63.0,background,0,poisson,,10240,379,373,6,,not_applicable
classifying-quota-block-3,classifying-quota,3,64.0,background,0,poisson,,10240,382,379,3,,not_applicable
classifying-quota-block-3,classifying-quota,3,65.0,background,0,poisson,,10240,387,382,5,,not_applicable
classifying-quota-block-3,classifying-quota,3,66.0,background,0,poisson,,10240,394,385,9,,not_applicable
classifying-quota-block-3,classifying-quota,3,67.0,background,0,poisson,,10240,400,391,9,,not_applicable
classifying-quota-block-3,classifying-quota,3,68.0,background,0,poisson,,10240,401,398,3,,not_applicable
classifying-quota-block-3,classifying-quota,3,69.0,background,0,poisson,,10240,404,400,4,,not_applicable
classifying-quota-block-3,classifying-quota,3,70.0,background,0,poisson,,10240,412,404,8,,not_applicable
classifying-quota-block-3,classifying-quota,3,71.0,background,0,poisson,,10240,415,411,4,,not_applicable
classifying-quota-block-3,classifying-quota,3,72.0,background,0,poisson,,10240,417,415,2,,not_applicable
classifying-quota-block-3,classifying-quota,3,73.0,background,0,poisson,,10240,427,417,10,,not_applicable
classifying-quota-block-3,classifying-quota,3,74.0,background,0,poisson,,10240,430,420,10,,not_applicable
classifying-quota-block-3,classifying-quota,3,75.0,background,0,poisson,,10240,434,429,5,,not_applicable
classifying-quota-block-3,classifying-quota,3,76.0,background,0,poisson,,10240,442,433,9,,not_applicable
classifying-quota-block-3,classifying-quota,3,77.0,background,0,poisson,,10240,448,439,9,,not_applicable
classifying-quota-block-3,classifying-quota,3,78.0,background,0,poisson,,10240,459,446,13,,not_applicable
classifying-quota-block-3,classifying-quota,3,79.0,background,0,poisson,,10240,464,454,10,,not_applicable
classifying-quota-block-3,classifying-quota,3,80.0,background,0,poisson,,10240,470,464,6,,not_applicable
classifying-quota-block-3,classifying-quota,3,81.0,background,0,poisson,,10240,475,468,7,,not_applicable
classifying-quota-block-3,classifying-quota,3,82.0,background,0,poisson,,10240,482,473,9,,not_applicable
classifying-quota-block-3,classifying-quota,3,83.0,background,0,poisson,,10240,492,481,11,,not_applicable
classifying-quota-block-3,classifying-quota,3,84.0,background,0,poisson,,10240,503,486,17,,not_applicable
classifying-quota-block-3,classifying-quota,3,85.0,background,0,poisson,,10240,506,499,7,,not_applicable
classifying-quota-block-3,classifying-quota,3,86.0,background,0,poisson,,10240,513,506,7,,not_applicable
classifying-quota-block-3,classifying-quota,3,87.0,background,0,poisson,,10240,515,509,6,,not_applicable
classifying-quota-block-3,classifying-quota,3,88.0,background,0,poisson,,10240,524,515,9,,not_applicable
classifying-quota-block-3,classifying-quota,3,89.0,background,0,poisson,,10240,530,517,13,,not_applicable
classifying-quota-block-3,classifying-quota,3,90.0,background,0,poisson,,10240,537,530,7,,not_applicable
classifying-quota-block-3,classifying-quota,3,91.0,background,0,poisson,,10240,546,536,10,,not_applicable
classifying-quota-block-3,classifying-quota,3,92.0,background,0,poisson,,10240,554,543,11,,not_applicable
classifying-quota-block-3,classifying-quota,3,93.0,background,0,poisson,,10240,560,553,7,,not_applicable
classifying-quota-block-3,classifying-quota,3,94.0,background,0,poisson,,10240,562,559,3,,not_applicable
classifying-quota-block-3,classifying-quota,3,95.0,background,0,poisson,,10240,565,562,3,,not_applicable
classifying-quota-block-3,classifying-quota,3,96.0,background,0,poisson,,10240,571,567,4,,not_applicable
classifying-quota-block-3,classifying-quota,3,97.0,background,0,poisson,,10240,575,571,4,,not_applicable
classifying-quota-block-3,classifying-quota,3,98.0,background,0,poisson,,10240,575,574,1,,not_applicable
classifying-quota-block-3,classifying-quota,3,99.0,background,0,poisson,,10240,581,575,6,,not_applicable
classifying-quota-block-3,classifying-quota,3,100.0,background,0,poisson,,10240,585,578,7,,not_applicable
classifying-quota-block-3,classifying-quota,3,101.0,background,0,poisson,,10240,591,583,8,,not_applicable
classifying-quota-block-3,classifying-quota,3,102.0,background,0,poisson,,10240,594,591,3,,not_applicable
classifying-quota-block-3,classifying-quota,3,103.0,background,0,poisson,,10240,604,594,10,,not_applicable
classifying-quota-block-3,classifying-quota,3,104.0,background,0,poisson,,10240,606,602,4,,not_applicable
classifying-quota-block-3,classifying-quota,3,105.0,background,0,poisson,,10240,612,606,6,,not_applicable
classifying-quota-block-3,classifying-quota,3,106.0,background,0,poisson,,10240,618,610,8,,not_applicable
classifying-quota-block-3,classifying-quota,3,107.0,background,0,poisson,,10240,626,617,9,,not_applicable
classifying-quota-block-3,classifying-quota,3,108.0,background,0,poisson,,10240,631,624,7,,not_applicable
classifying-quota-block-3,classifying-quota,3,109.0,background,0,poisson,,10240,639,630,9,,not_applicable
classifying-quota-block-3,classifying-quota,3,110.0,background,0,poisson,,10240,649,634,15,,not_applicable
classifying-quota-block-3,classifying-quota,3,111.0,background,0,poisson,,10240,653,646,7,,not_applicable
classifying-quota-block-3,classifying-quota,3,112.0,background,0,poisson,,10240,658,653,5,,not_applicable
classifying-quota-block-3,classifying-quota,3,113.0,background,0,poisson,,10240,666,658,8,,not_applicable
classifying-quota-block-3,classifying-quota,3,114.0,background,0,poisson,,10240,668,663,5,,not_applicable
classifying-quota-block-3,classifying-quota,3,115.0,background,0,poisson,,10240,674,667,7,,not_applicable
classifying-quota-block-3,classifying-quota,3,116.0,background,0,poisson,,10240,680,672,8,,not_applicable
classifying-quota-block-3,classifying-quota,3,117.0,background,0,poisson,,10240,684,679,5,,not_applicable
classifying-quota-block-3,classifying-quota,3,118.0,background,0,poisson,,10240,687,684,3,,not_applicable
classifying-quota-block-3,classifying-quota,3,119.0,background,0,poisson,,10240,696,688,8,,not_applicable
classifying-quota-block-3,classifying-quota,3,120.0,background,0,poisson,,10240,696,695,1,,not_applicable
classifying-quota-block-3,classifying-quota,3,121.0,background,0,poisson,,10240,700,696,4,,not_applicable
classifying-quota-block-3,classifying-quota,3,122.0,background,0,poisson,,10240,710,700,10,,not_applicable
classifying-quota-block-3,classifying-quota,3,123.0,background,0,poisson,,10240,715,705,10,,not_applicable
classifying-quota-block-3,classifying-quota,3,124.0,background,0,poisson,,10240,719,714,5,,not_applicable
classifying-quota-block-3,classifying-quota,3,125.0,background,0,poisson,,10240,721,718,3,,not_applicable
classifying-quota-block-3,classifying-quota,3,126.0,background,0,poisson,,10240,725,721,4,,not_applicable
classifying-quota-block-3,classifying-quota,3,127.0,background,0,poisson,,10240,727,724,3,,not_applicable
classifying-quota-block-3,classifying-quota,3,128.0,background,0,poisson,,10240,735,727,8,,not_applicable
classifying-quota-block-3,classifying-quota,3,129.0,background,0,poisson,,10240,745,730,15,,not_applicable
classifying-quota-block-3,classifying-quota,3,130.0,background,0,poisson,,10240,750,738,12,,not_applicable
classifying-quota-block-3,classifying-quota,3,131.0,background,0,poisson,,10240,757,749,8,,not_applicable
classifying-quota-block-3,classifying-quota,3,132.0,background,0,poisson,,10240,767,757,10,,not_applicable
classifying-quota-block-3,classifying-quota,3,133.0,background,0,poisson,,10240,770,766,4,,not_applicable
classifying-quota-block-3,classifying-quota,3,134.0,background,0,poisson,,10240,779,770,9,,not_applicable
classifying-quota-block-3,classifying-quota,3,135.0,background,0,poisson,,10240,783,778,5,,not_applicable
classifying-quota-block-3,classifying-quota,3,136.0,background,0,poisson,,10240,790,780,10,,not_applicable
classifying-quota-block-3,classifying-quota,3,137.0,background,0,poisson,,10240,796,789,7,,not_applicable
classifying-quota-block-3,classifying-quota,3,138.0,background,0,poisson,,10240,799,794,5,,not_applicable
classifying-quota-block-3,classifying-quota,3,139.0,background,0,poisson,,10240,802,798,4,,not_applicable
classifying-quota-block-3,classifying-quota,3,140.0,background,0,poisson,,10240,808,804,4,,not_applicable
classifying-quota-block-3,classifying-quota,3,141.0,background,0,poisson,,10240,813,807,6,,not_applicable
classifying-quota-block-3,classifying-quota,3,142.0,background,0,poisson,,10240,819,811,8,,not_applicable
classifying-quota-block-3,classifying-quota,3,143.0,background,0,poisson,,10240,825,815,10,,not_applicable
classifying-quota-block-3,classifying-quota,3,144.0,background,0,poisson,,10240,829,821,8,,not_applicable
classifying-quota-block-3,classifying-quota,3,145.0,background,0,poisson,,10240,837,827,10,,not_applicable
classifying-quota-block-3,classifying-quota,3,146.0,background,0,poisson,,10240,846,833,13,,not_applicable
classifying-quota-block-3,classifying-quota,3,147.0,background,0,poisson,,10240,855,843,12,,not_applicable
classifying-quota-block-3,classifying-quota,3,148.0,background,0,poisson,,10240,858,852,6,,not_applicable
classifying-quota-block-3,classifying-quota,3,149.0,background,0,poisson,,10240,863,858,5,,not_applicable
classifying-quota-block-3,classifying-quota,3,150.0,background,0,poisson,,10240,866,861,5,,not_applicable
classifying-quota-block-3,classifying-quota,3,151.0,background,0,poisson,,10240,874,864,10,,not_applicable
classifying-quota-block-3,classifying-quota,3,152.0,background,0,poisson,,10240,879,871,8,,not_applicable
classifying-quota-block-3,classifying-quota,3,153.0,background,0,poisson,,10240,885,876,9,,not_applicable
classifying-quota-block-3,classifying-quota,3,154.0,background,0,poisson,,10240,896,885,11,,not_applicable
classifying-quota-block-3,classifying-quota,3,155.0,background,0,poisson,,10240,900,896,4,,not_applicable
classifying-quota-block-3,classifying-quota,3,156.0,background,0,poisson,,10240,907,900,7,,not_applicable
classifying-quota-block-3,classifying-quota,3,157.0,background,0,poisson,,10240,914,907,7,,not_applicable
classifying-quota-block-3,classifying-quota,3,158.0,background,0,poisson,,10240,925,910,15,,not_applicable
classifying-quota-block-3,classifying-quota,3,159.0,background,0,poisson,,10240,933,918,15,,not_applicable
classifying-quota-block-3,classifying-quota,3,160.0,background,0,poisson,,10240,938,931,7,,not_applicable
classifying-quota-block-3,classifying-quota,3,161.0,background,0,poisson,,10240,944,939,5,,not_applicable
classifying-quota-block-3,classifying-quota,3,162.0,background,0,poisson,,10240,952,941,11,,not_applicable
classifying-quota-block-3,classifying-quota,3,163.0,background,0,poisson,,10240,955,951,4,,not_applicable
classifying-quota-block-3,classifying-quota,3,164.0,background,0,poisson,,10240,963,953,10,,not_applicable
classifying-quota-block-3,classifying-quota,3,165.0,background,0,poisson,,10240,971,958,13,,not_applicable
classifying-quota-block-3,classifying-quota,3,166.0,background,0,poisson,,10240,978,967,11,,not_applicable
classifying-quota-block-3,classifying-quota,3,167.0,background,0,poisson,,10240,983,977,6,,not_applicable
classifying-quota-block-3,classifying-quota,3,168.0,background,0,poisson,,10240,988,981,7,,not_applicable
classifying-quota-block-3,classifying-quota,3,169.0,background,0,poisson,,10240,994,987,7,,not_applicable
classifying-quota-block-3,classifying-quota,3,170.0,background,0,poisson,,10240,1000,994,6,,not_applicable
classifying-quota-block-3,classifying-quota,3,171.0,background,0,poisson,,10240,1004,1000,4,,not_applicable
classifying-quota-block-3,classifying-quota,3,172.0,background,0,poisson,,10240,1011,1004,7,,not_applicable
classifying-quota-block-3,classifying-quota,3,173.0,background,0,poisson,,10240,1013,1010,3,,not_applicable
classifying-quota-block-3,classifying-quota,3,174.0,background,0,poisson,,10240,1019,1013,6,,not_applicable
classifying-quota-block-3,classifying-quota,3,175.0,background,0,poisson,,10240,1028,1019,9,,not_applicable
classifying-quota-block-3,classifying-quota,3,176.0,background,0,poisson,,10240,1033,1026,7,,not_applicable
classifying-quota-block-3,classifying-quota,3,177.0,background,0,poisson,,10240,1035,1031,4,,not_applicable
classifying-quota-block-3,classifying-quota,3,178.0,background,0,poisson,,10240,1039,1035,4,,not_applicable
classifying-quota-block-3,classifying-quota,3,179.0,background,0,poisson,,10240,1042,1039,3,,not_applicable
classifying-quota-block-3,classifying-quota,3,180.0,background,0,poisson,,10240,1048,1042,6,,not_applicable
classifying-quota-block-3,classifying-quota,3,181.0,background,0,poisson,,10240,1053,1046,7,,not_applicable
classifying-quota-block-3,classifying-quota,3,182.0,background,0,poisson,,10240,1062,1051,11,,not_applicable
classifying-quota-block-3,classifying-quota,3,183.0,background,0,poisson,,10240,1067,1060,7,,not_applicable
classifying-quota-block-3,classifying-quota,3,184.0,background,0,poisson,,10240,1073,1065,8,,not_applicable
classifying-quota-block-3,classifying-quota,3,185.0,background,0,poisson,,10240,1079,1069,10,,not_applicable
classifying-quota-block-3,classifying-quota,3,186.0,background,0,poisson,,10240,1081,1077,4,,not_applicable
classifying-quota-block-3,classifying-quota,3,187.0,background,0,poisson,,10240,1086,1079,7,,not_applicable
classifying-quota-block-3,classifying-quota,3,188.0,background,0,poisson,,10240,1090,1085,5,,not_applicable
classifying-quota-block-3,classifying-quota,3,189.0,background,0,poisson,,10240,1095,1090,5,,not_applicable
classifying-quota-block-3,classifying-quota,3,190.0,background,0,poisson,,10240,1101,1094,7,,not_applicable
classifying-quota-block-3,classifying-quota,3,191.0,background,0,poisson,,10240,1108,1098,10,,not_applicable
classifying-quota-block-3,classifying-quota,3,192.0,background,0,poisson,,10240,1114,1106,8,,not_applicable
classifying-quota-block-3,classifying-quota,3,193.0,background,0,poisson,,10240,1122,1112,10,,not_applicable
classifying-quota-block-3,classifying-quota,3,194.0,background,0,poisson,,10240,1133,1121,12,,not_applicable
classifying-quota-block-3,classifying-quota,3,195.0,background,0,poisson,,10240,1141,1131,10,,not_applicable
classifying-quota-block-3,classifying-quota,3,196.0,background,0,poisson,,10240,1148,1139,9,,not_applicable
classifying-quota-block-3,classifying-quota,3,197.0,background,0,poisson,,10240,1154,1146,8,,not_applicable
classifying-quota-block-3,classifying-quota,3,198.0,background,0,poisson,,10240,1158,1153,5,,not_applicable
classifying-quota-block-3,classifying-quota,3,199.0,background,0,poisson,,10240,1169,1156,13,,not_applicable
classifying-quota-block-3,classifying-quota,3,200.0,background,0,poisson,,10240,1175,1162,13,,not_applicable
classifying-quota-block-3,classifying-quota,3,201.0,background,0,poisson,,10240,1182,1175,7,,not_applicable
classifying-quota-block-3,classifying-quota,3,202.0,background,0,poisson,,10240,1187,1181,6,,not_applicable
classifying-quota-block-3,classifying-quota,3,203.0,background,0,poisson,,10240,1196,1187,9,,not_applicable
classifying-quota-block-3,classifying-quota,3,204.0,background,0,poisson,,10240,1200,1193,7,,not_applicable
classifying-quota-block-3,classifying-quota,3,205.0,background,0,poisson,,10240,1207,1200,7,,not_applicable
classifying-quota-block-3,classifying-quota,3,206.0,background,0,poisson,,10240,1211,1206,5,,not_applicable
classifying-quota-block-3,classifying-quota,3,207.0,background,0,poisson,,10240,1218,1209,9,,not_applicable
classifying-quota-block-3,classifying-quota,3,208.0,background,0,poisson,,10240,1222,1214,8,,not_applicable
classifying-quota-block-3,classifying-quota,3,209.0,background,0,poisson,,10240,1229,1222,7,,not_applicable
classifying-quota-block-3,classifying-quota,3,210.0,background,0,poisson,,10240,1230,1229,1,,not_applicable
classifying-quota-block-3,classifying-quota,3,211.0,background,0,poisson,,10240,1239,1230,9,,not_applicable
classifying-quota-block-3,classifying-quota,3,212.0,background,0,poisson,,10240,1240,1234,6,,not_applicable
classifying-quota-block-3,classifying-quota,3,213.0,background,0,poisson,,10240,1245,1239,6,,not_applicable
classifying-quota-block-3,classifying-quota,3,214.0,background,0,poisson,,10240,1250,1243,7,,not_applicable
classifying-quota-block-3,classifying-quota,3,215.0,background,0,poisson,,10240,1254,1248,6,,not_applicable
classifying-quota-block-3,classifying-quota,3,216.0,background,0,poisson,,10240,1258,1254,4,,not_applicable
classifying-quota-block-3,classifying-quota,3,217.0,background,0,poisson,,10240,1265,1258,7,,not_applicable
classifying-quota-block-3,classifying-quota,3,218.0,background,0,poisson,,10240,1267,1262,5,,not_applicable
classifying-quota-block-3,classifying-quota,3,219.0,background,0,poisson,,10240,1273,1266,7,,not_applicable
classifying-quota-block-3,classifying-quota,3,220.0,background,0,poisson,,10240,1276,1271,5,,not_applicable
classifying-quota-block-3,classifying-quota,3,221.0,background,0,poisson,,10240,1280,1275,5,,not_applicable
classifying-quota-block-3,classifying-quota,3,222.0,background,0,poisson,,10240,1286,1281,5,,not_applicable
classifying-quota-block-3,classifying-quota,3,223.0,background,0,poisson,,10240,1293,1286,7,,not_applicable
classifying-quota-block-3,classifying-quota,3,224.0,background,0,poisson,,10240,1296,1291,5,,not_applicable
classifying-quota-block-3,classifying-quota,3,225.0,background,0,poisson,,10240,1302,1296,6,,not_applicable
classifying-quota-block-3,classifying-quota,3,226.0,background,0,poisson,,10240,1315,1299,16,,not_applicable
classifying-quota-block-3,classifying-quota,3,227.0,background,0,poisson,,10240,1323,1308,15,,not_applicable
classifying-quota-block-3,classifying-quota,3,228.0,background,0,poisson,,10240,1329,1321,8,,not_applicable
classifying-quota-block-3,classifying-quota,3,229.0,background,0,poisson,,10240,1335,1327,8,,not_applicable
classifying-quota-block-3,classifying-quota,3,230.0,background,0,poisson,,10240,1341,1335,6,,not_applicable
classifying-quota-block-3,classifying-quota,3,231.0,background,0,poisson,,10240,1346,1338,8,,not_applicable
classifying-quota-block-3,classifying-quota,3,232.0,background,0,poisson,,10240,1354,1344,10,,not_applicable
classifying-quota-block-3,classifying-quota,3,233.0,background,0,poisson,,10240,1363,1349,14,,not_applicable
classifying-quota-block-3,classifying-quota,3,234.0,background,0,poisson,,10240,1372,1359,13,,not_applicable
classifying-quota-block-3,classifying-quota,3,235.0,background,0,poisson,,10240,1377,1372,5,,not_applicable
classifying-quota-block-3,classifying-quota,3,236.0,background,0,poisson,,10240,1383,1377,6,,not_applicable
classifying-quota-block-3,classifying-quota,3,237.0,background,0,poisson,,10240,1388,1379,9,,not_applicable
classifying-quota-block-3,classifying-quota,3,238.0,background,0,poisson,,10240,1391,1386,5,,not_applicable
classifying-quota-block-3,classifying-quota,3,239.0,background,0,poisson,,10240,1398,1390,8,,not_applicable
classifying-quota-block-3,classifying-quota,3,240.0,background,0,poisson,,10240,1410,1396,14,,not_applicable
no-quota-block-3,no-quota,3,0.0,quota-eligible,0,poisson,,10240,0,0,0,,not_applicable
no-quota-block-3,no-quota,3,1.0,quota-eligible,0,poisson,,10240,6,0,6,,not_applicable
no-quota-block-3,no-quota,3,2.0,quota-eligible,0,poisson,,10240,11,6,5,,not_applicable
no-quota-block-3,no-quota,3,3.0,quota-eligible,0,poisson,,10240,16,9,7,,not_applicable
no-quota-block-3,no-quota,3,4.0,quota-eligible,0,poisson,,10240,17,14,3,,not_applicable
no-quota-block-3,no-quota,3,5.0,quota-eligible,0,poisson,,10240,23,18,5,,not_applicable
no-quota-block-3,no-quota,3,6.0,quota-eligible,0,poisson,,10240,29,19,10,,not_applicable
no-quota-block-3,no-quota,3,7.0,quota-eligible,0,poisson,,10240,39,26,13,,not_applicable
no-quota-block-3,no-quota,3,8.0,quota-eligible,0,poisson,,10240,46,33,13,,not_applicable
no-quota-block-3,no-quota,3,9.0,quota-eligible,0,poisson,,10240,51,45,6,,not_applicable
no-quota-block-3,no-quota,3,10.0,quota-eligible,0,poisson,,10240,57,50,7,,not_applicable
no-quota-block-3,no-quota,3,11.0,quota-eligible,0,poisson,,10240,67,57,10,,not_applicable
no-quota-block-3,no-quota,3,12.0,quota-eligible,0,poisson,,10240,75,64,11,,not_applicable
no-quota-block-3,no-quota,3,13.0,quota-eligible,0,poisson,,10240,81,74,7,,not_applicable
no-quota-block-3,no-quota,3,14.0,quota-eligible,0,poisson,,10240,87,78,9,,not_applicable
no-quota-block-3,no-quota,3,15.0,quota-eligible,0,poisson,,10240,98,82,16,,not_applicable
no-quota-block-3,no-quota,3,16.0,quota-eligible,0,poisson,,10240,103,94,9,,not_applicable
no-quota-block-3,no-quota,3,17.0,quota-eligible,0,poisson,,10240,112,101,11,,not_applicable
no-quota-block-3,no-quota,3,18.0,quota-eligible,0,poisson,,10240,120,109,11,,not_applicable
no-quota-block-3,no-quota,3,19.0,quota-eligible,0,poisson,,10240,131,117,14,,not_applicable
no-quota-block-3,no-quota,3,20.0,quota-eligible,0,poisson,,10240,136,126,10,,not_applicable
no-quota-block-3,no-quota,3,21.0,quota-eligible,0,poisson,,10240,142,135,7,,not_applicable
no-quota-block-3,no-quota,3,22.0,quota-eligible,0,poisson,,10240,144,141,3,,not_applicable
no-quota-block-3,no-quota,3,23.0,quota-eligible,0,poisson,,10240,149,143,6,,not_applicable
no-quota-block-3,no-quota,3,24.0,quota-eligible,0,poisson,,10240,155,148,7,,not_applicable
no-quota-block-3,no-quota,3,25.0,quota-eligible,0,poisson,,10240,161,154,7,,not_applicable
no-quota-block-3,no-quota,3,26.0,quota-eligible,0,poisson,,10240,168,159,9,,not_applicable
no-quota-block-3,no-quota,3,27.0,quota-eligible,0,poisson,,10240,173,166,7,,not_applicable
no-quota-block-3,no-quota,3,28.0,quota-eligible,0,poisson,,10240,178,172,6,,not_applicable
no-quota-block-3,no-quota,3,29.0,quota-eligible,0,poisson,,10240,186,176,10,,not_applicable
no-quota-block-3,no-quota,3,30.0,quota-eligible,0,poisson,,10240,190,182,8,,not_applicable
no-quota-block-3,no-quota,3,31.0,quota-eligible,0,poisson,,10240,193,190,3,,not_applicable
no-quota-block-3,no-quota,3,32.0,quota-eligible,0,poisson,,10240,197,193,4,,not_applicable
no-quota-block-3,no-quota,3,33.0,quota-eligible,0,poisson,,10240,202,196,6,,not_applicable
no-quota-block-3,no-quota,3,34.0,quota-eligible,0,poisson,,10240,208,199,9,,not_applicable
no-quota-block-3,no-quota,3,35.0,quota-eligible,0,poisson,,10240,210,205,5,,not_applicable
no-quota-block-3,no-quota,3,36.0,quota-eligible,0,poisson,,10240,214,210,4,,not_applicable
no-quota-block-3,no-quota,3,37.0,quota-eligible,0,poisson,,10240,217,211,6,,not_applicable
no-quota-block-3,no-quota,3,38.0,quota-eligible,0,poisson,,10240,221,216,5,,not_applicable
no-quota-block-3,no-quota,3,39.0,quota-eligible,0,poisson,,10240,228,219,9,,not_applicable
no-quota-block-3,no-quota,3,40.0,quota-eligible,0,poisson,,10240,238,226,12,,not_applicable
no-quota-block-3,no-quota,3,41.0,quota-eligible,0,poisson,,10240,244,235,9,,not_applicable
no-quota-block-3,no-quota,3,42.0,quota-eligible,0,poisson,,10240,250,244,6,,not_applicable
no-quota-block-3,no-quota,3,43.0,quota-eligible,0,poisson,,10240,258,249,9,,not_applicable
no-quota-block-3,no-quota,3,44.0,quota-eligible,0,poisson,,10240,264,256,8,,not_applicable
no-quota-block-3,no-quota,3,45.0,quota-eligible,0,poisson,,10240,268,262,6,,not_applicable
no-quota-block-3,no-quota,3,46.0,quota-eligible,0,poisson,,10240,273,265,8,,not_applicable
no-quota-block-3,no-quota,3,47.0,quota-eligible,0,poisson,,10240,280,273,7,,not_applicable
no-quota-block-3,no-quota,3,48.0,quota-eligible,0,poisson,,10240,283,278,5,,not_applicable
no-quota-block-3,no-quota,3,49.0,quota-eligible,0,poisson,,10240,288,282,6,,not_applicable
no-quota-block-3,no-quota,3,50.0,quota-eligible,0,poisson,,10240,294,285,9,,not_applicable
no-quota-block-3,no-quota,3,51.0,quota-eligible,0,poisson,,10240,302,293,9,,not_applicable
no-quota-block-3,no-quota,3,52.0,quota-eligible,0,poisson,,10240,308,299,9,,not_applicable
no-quota-block-3,no-quota,3,53.0,quota-eligible,0,poisson,,10240,315,306,9,,not_applicable
no-quota-block-3,no-quota,3,54.0,quota-eligible,0,poisson,,10240,320,314,6,,not_applicable
no-quota-block-3,no-quota,3,55.0,quota-eligible,0,poisson,,10240,332,319,13,,not_applicable
no-quota-block-3,no-quota,3,56.0,quota-eligible,0,poisson,,10240,337,331,6,,not_applicable
no-quota-block-3,no-quota,3,57.0,quota-eligible,0,poisson,,10240,343,335,8,,not_applicable
no-quota-block-3,no-quota,3,58.0,quota-eligible,0,poisson,,10240,351,343,8,,not_applicable
no-quota-block-3,no-quota,3,59.0,quota-eligible,0,poisson,,10240,361,352,9,,not_applicable
no-quota-block-3,no-quota,3,60.0,quota-eligible,0,poisson,,10240,365,359,6,,not_applicable
no-quota-block-3,no-quota,3,61.0,quota-eligible,0,poisson,,10240,369,364,5,,not_applicable
no-quota-block-3,no-quota,3,62.0,quota-eligible,0,poisson,,10240,374,369,5,,not_applicable
no-quota-block-3,no-quota,3,63.0,quota-eligible,0,poisson,,10240,379,373,6,,not_applicable
no-quota-block-3,no-quota,3,64.0,quota-eligible,0,poisson,,10240,382,378,4,,not_applicable
no-quota-block-3,no-quota,3,65.0,quota-eligible,0,poisson,,10240,387,381,6,,not_applicable
no-quota-block-3,no-quota,3,66.0,quota-eligible,0,poisson,,10240,394,386,8,,not_applicable
no-quota-block-3,no-quota,3,67.0,quota-eligible,0,poisson,,10240,400,392,8,,not_applicable
no-quota-block-3,no-quota,3,68.0,quota-eligible,0,poisson,,10240,401,399,2,,not_applicable
no-quota-block-3,no-quota,3,69.0,quota-eligible,0,poisson,,10240,404,400,4,,not_applicable
no-quota-block-3,no-quota,3,70.0,quota-eligible,0,poisson,,10240,412,402,10,,not_applicable
no-quota-block-3,no-quota,3,71.0,quota-eligible,0,poisson,,10240,415,410,5,,not_applicable
no-quota-block-3,no-quota,3,72.0,quota-eligible,0,poisson,,10240,417,415,2,,not_applicable
no-quota-block-3,no-quota,3,73.0,quota-eligible,0,poisson,,10240,427,417,10,,not_applicable
no-quota-block-3,no-quota,3,74.0,quota-eligible,0,poisson,,10240,430,424,6,,not_applicable
no-quota-block-3,no-quota,3,75.0,quota-eligible,0,poisson,,10240,434,429,5,,not_applicable
no-quota-block-3,no-quota,3,76.0,quota-eligible,0,poisson,,10240,442,433,9,,not_applicable
no-quota-block-3,no-quota,3,77.0,quota-eligible,0,poisson,,10240,448,439,9,,not_applicable
no-quota-block-3,no-quota,3,78.0,quota-eligible,0,poisson,,10240,459,447,12,,not_applicable
no-quota-block-3,no-quota,3,79.0,quota-eligible,0,poisson,,10240,464,455,9,,not_applicable
no-quota-block-3,no-quota,3,80.0,quota-eligible,0,poisson,,10240,470,464,6,,not_applicable
no-quota-block-3,no-quota,3,81.0,quota-eligible,0,poisson,,10240,475,468,7,,not_applicable
no-quota-block-3,no-quota,3,82.0,quota-eligible,0,poisson,,10240,482,473,9,,not_applicable
no-quota-block-3,no-quota,3,83.0,quota-eligible,0,poisson,,10240,492,480,12,,not_applicable
no-quota-block-3,no-quota,3,84.0,quota-eligible,0,poisson,,10240,503,488,15,,not_applicable
no-quota-block-3,no-quota,3,85.0,quota-eligible,0,poisson,,10240,506,501,5,,not_applicable
no-quota-block-3,no-quota,3,86.0,quota-eligible,0,poisson,,10240,513,506,7,,not_applicable
no-quota-block-3,no-quota,3,87.0,quota-eligible,0,poisson,,10240,515,510,5,,not_applicable
no-quota-block-3,no-quota,3,88.0,quota-eligible,0,poisson,,10240,524,515,9,,not_applicable
no-quota-block-3,no-quota,3,89.0,quota-eligible,0,poisson,,10240,530,521,9,,not_applicable
no-quota-block-3,no-quota,3,90.0,quota-eligible,0,poisson,,10240,537,529,8,,not_applicable
no-quota-block-3,no-quota,3,91.0,quota-eligible,0,poisson,,10240,546,535,11,,not_applicable
no-quota-block-3,no-quota,3,92.0,quota-eligible,0,poisson,,10240,554,544,10,,not_applicable
no-quota-block-3,no-quota,3,93.0,quota-eligible,0,poisson,,10240,560,553,7,,not_applicable
no-quota-block-3,no-quota,3,94.0,quota-eligible,0,poisson,,10240,562,558,4,,not_applicable
no-quota-block-3,no-quota,3,95.0,quota-eligible,0,poisson,,10240,565,562,3,,not_applicable
no-quota-block-3,no-quota,3,96.0,quota-eligible,0,poisson,,10240,571,565,6,,not_applicable
no-quota-block-3,no-quota,3,97.0,quota-eligible,0,poisson,,10240,575,571,4,,not_applicable
no-quota-block-3,no-quota,3,98.0,quota-eligible,0,poisson,,10240,575,574,1,,not_applicable
no-quota-block-3,no-quota,3,99.0,quota-eligible,0,poisson,,10240,581,575,6,,not_applicable
no-quota-block-3,no-quota,3,100.0,quota-eligible,0,poisson,,10240,585,580,5,,not_applicable
no-quota-block-3,no-quota,3,101.0,quota-eligible,0,poisson,,10240,591,584,7,,not_applicable
no-quota-block-3,no-quota,3,102.0,quota-eligible,0,poisson,,10240,594,591,3,,not_applicable
no-quota-block-3,no-quota,3,103.0,quota-eligible,0,poisson,,10240,604,594,10,,not_applicable
no-quota-block-3,no-quota,3,104.0,quota-eligible,0,poisson,,10240,606,600,6,,not_applicable
no-quota-block-3,no-quota,3,105.0,quota-eligible,0,poisson,,10240,612,606,6,,not_applicable
no-quota-block-3,no-quota,3,106.0,quota-eligible,0,poisson,,10240,618,610,8,,not_applicable
no-quota-block-3,no-quota,3,107.0,quota-eligible,0,poisson,,10240,626,617,9,,not_applicable
no-quota-block-3,no-quota,3,108.0,quota-eligible,0,poisson,,10240,631,624,7,,not_applicable
no-quota-block-3,no-quota,3,109.0,quota-eligible,0,poisson,,10240,639,631,8,,not_applicable
no-quota-block-3,no-quota,3,110.0,quota-eligible,0,poisson,,10240,649,636,13,,not_applicable
no-quota-block-3,no-quota,3,111.0,quota-eligible,0,poisson,,10240,653,646,7,,not_applicable
no-quota-block-3,no-quota,3,112.0,quota-eligible,0,poisson,,10240,658,652,6,,not_applicable
no-quota-block-3,no-quota,3,113.0,quota-eligible,0,poisson,,10240,666,656,10,,not_applicable
no-quota-block-3,no-quota,3,114.0,quota-eligible,0,poisson,,10240,668,663,5,,not_applicable
no-quota-block-3,no-quota,3,115.0,quota-eligible,0,poisson,,10240,674,668,6,,not_applicable
no-quota-block-3,no-quota,3,116.0,quota-eligible,0,poisson,,10240,680,672,8,,not_applicable
no-quota-block-3,no-quota,3,117.0,quota-eligible,0,poisson,,10240,684,680,4,,not_applicable
no-quota-block-3,no-quota,3,118.0,quota-eligible,0,poisson,,10240,687,684,3,,not_applicable
no-quota-block-3,no-quota,3,119.0,quota-eligible,0,poisson,,10240,696,687,9,,not_applicable
no-quota-block-3,no-quota,3,120.0,quota-eligible,0,poisson,,10240,696,695,1,,not_applicable
no-quota-block-3,no-quota,3,121.0,quota-eligible,0,poisson,,10240,700,696,4,,not_applicable
no-quota-block-3,no-quota,3,122.0,quota-eligible,0,poisson,,10240,710,700,10,,not_applicable
no-quota-block-3,no-quota,3,123.0,quota-eligible,0,poisson,,10240,715,707,8,,not_applicable
no-quota-block-3,no-quota,3,124.0,quota-eligible,0,poisson,,10240,719,713,6,,not_applicable
no-quota-block-3,no-quota,3,125.0,quota-eligible,0,poisson,,10240,721,717,4,,not_applicable
no-quota-block-3,no-quota,3,126.0,quota-eligible,0,poisson,,10240,725,721,4,,not_applicable
no-quota-block-3,no-quota,3,127.0,quota-eligible,0,poisson,,10240,727,724,3,,not_applicable
no-quota-block-3,no-quota,3,128.0,quota-eligible,0,poisson,,10240,735,727,8,,not_applicable
no-quota-block-3,no-quota,3,129.0,quota-eligible,0,poisson,,10240,745,732,13,,not_applicable
no-quota-block-3,no-quota,3,130.0,quota-eligible,0,poisson,,10240,750,740,10,,not_applicable
no-quota-block-3,no-quota,3,131.0,quota-eligible,0,poisson,,10240,757,748,9,,not_applicable
no-quota-block-3,no-quota,3,132.0,quota-eligible,0,poisson,,10240,767,756,11,,not_applicable
no-quota-block-3,no-quota,3,133.0,quota-eligible,0,poisson,,10240,770,764,6,,not_applicable
no-quota-block-3,no-quota,3,134.0,quota-eligible,0,poisson,,10240,779,770,9,,not_applicable
no-quota-block-3,no-quota,3,135.0,quota-eligible,0,poisson,,10240,783,776,7,,not_applicable
no-quota-block-3,no-quota,3,136.0,quota-eligible,0,poisson,,10240,790,781,9,,not_applicable
no-quota-block-3,no-quota,3,137.0,quota-eligible,0,poisson,,10240,796,788,8,,not_applicable
no-quota-block-3,no-quota,3,138.0,quota-eligible,0,poisson,,10240,799,795,4,,not_applicable
no-quota-block-3,no-quota,3,139.0,quota-eligible,0,poisson,,10240,802,800,2,,not_applicable
no-quota-block-3,no-quota,3,140.0,quota-eligible,0,poisson,,10240,808,802,6,,not_applicable
no-quota-block-3,no-quota,3,141.0,quota-eligible,0,poisson,,10240,813,806,7,,not_applicable
no-quota-block-3,no-quota,3,142.0,quota-eligible,0,poisson,,10240,819,811,8,,not_applicable
no-quota-block-3,no-quota,3,143.0,quota-eligible,0,poisson,,10240,825,815,10,,not_applicable
no-quota-block-3,no-quota,3,144.0,quota-eligible,0,poisson,,10240,829,822,7,,not_applicable
no-quota-block-3,no-quota,3,145.0,quota-eligible,0,poisson,,10240,837,828,9,,not_applicable
no-quota-block-3,no-quota,3,146.0,quota-eligible,0,poisson,,10240,846,834,12,,not_applicable
no-quota-block-3,no-quota,3,147.0,quota-eligible,0,poisson,,10240,855,841,14,,not_applicable
no-quota-block-3,no-quota,3,148.0,quota-eligible,0,poisson,,10240,858,851,7,,not_applicable
no-quota-block-3,no-quota,3,149.0,quota-eligible,0,poisson,,10240,863,856,7,,not_applicable
no-quota-block-3,no-quota,3,150.0,quota-eligible,0,poisson,,10240,866,861,5,,not_applicable
no-quota-block-3,no-quota,3,151.0,quota-eligible,0,poisson,,10240,874,864,10,,not_applicable
no-quota-block-3,no-quota,3,152.0,quota-eligible,0,poisson,,10240,878,871,7,,not_applicable
no-quota-block-3,no-quota,3,153.0,quota-eligible,0,poisson,,10240,885,876,9,,not_applicable
no-quota-block-3,no-quota,3,154.0,quota-eligible,0,poisson,,10240,896,886,10,,not_applicable
no-quota-block-3,no-quota,3,155.0,quota-eligible,0,poisson,,10240,900,895,5,,not_applicable
no-quota-block-3,no-quota,3,156.0,quota-eligible,0,poisson,,10240,907,900,7,,not_applicable
no-quota-block-3,no-quota,3,157.0,quota-eligible,0,poisson,,10240,914,905,9,,not_applicable
no-quota-block-3,no-quota,3,158.0,quota-eligible,0,poisson,,10240,925,910,15,,not_applicable
no-quota-block-3,no-quota,3,159.0,quota-eligible,0,poisson,,10240,933,918,15,,not_applicable
no-quota-block-3,no-quota,3,160.0,quota-eligible,0,poisson,,10240,938,932,6,,not_applicable
no-quota-block-3,no-quota,3,161.0,quota-eligible,0,poisson,,10240,944,938,6,,not_applicable
no-quota-block-3,no-quota,3,162.0,quota-eligible,0,poisson,,10240,952,943,9,,not_applicable
no-quota-block-3,no-quota,3,163.0,quota-eligible,0,poisson,,10240,955,951,4,,not_applicable
no-quota-block-3,no-quota,3,164.0,quota-eligible,0,poisson,,10240,963,954,9,,not_applicable
no-quota-block-3,no-quota,3,165.0,quota-eligible,0,poisson,,10240,971,962,9,,not_applicable
no-quota-block-3,no-quota,3,166.0,quota-eligible,0,poisson,,10240,978,969,9,,not_applicable
no-quota-block-3,no-quota,3,167.0,quota-eligible,0,poisson,,10240,983,977,6,,not_applicable
no-quota-block-3,no-quota,3,168.0,quota-eligible,0,poisson,,10240,988,982,6,,not_applicable
no-quota-block-3,no-quota,3,169.0,quota-eligible,0,poisson,,10240,994,987,7,,not_applicable
no-quota-block-3,no-quota,3,170.0,quota-eligible,0,poisson,,10240,1000,993,7,,not_applicable
no-quota-block-3,no-quota,3,171.0,quota-eligible,0,poisson,,10240,1004,997,7,,not_applicable
no-quota-block-3,no-quota,3,172.0,quota-eligible,0,poisson,,10240,1011,1003,8,,not_applicable
no-quota-block-3,no-quota,3,173.0,quota-eligible,0,poisson,,10240,1013,1009,4,,not_applicable
no-quota-block-3,no-quota,3,174.0,quota-eligible,0,poisson,,10240,1019,1013,6,,not_applicable
no-quota-block-3,no-quota,3,175.0,quota-eligible,0,poisson,,10240,1028,1018,10,,not_applicable
no-quota-block-3,no-quota,3,176.0,quota-eligible,0,poisson,,10240,1033,1026,7,,not_applicable
no-quota-block-3,no-quota,3,177.0,quota-eligible,0,poisson,,10240,1035,1031,4,,not_applicable
no-quota-block-3,no-quota,3,178.0,quota-eligible,0,poisson,,10240,1039,1035,4,,not_applicable
no-quota-block-3,no-quota,3,179.0,quota-eligible,0,poisson,,10240,1042,1038,4,,not_applicable
no-quota-block-3,no-quota,3,180.0,quota-eligible,0,poisson,,10240,1048,1042,6,,not_applicable
no-quota-block-3,no-quota,3,181.0,quota-eligible,0,poisson,,10240,1053,1047,6,,not_applicable
no-quota-block-3,no-quota,3,182.0,quota-eligible,0,poisson,,10240,1062,1051,11,,not_applicable
no-quota-block-3,no-quota,3,183.0,quota-eligible,0,poisson,,10240,1067,1060,7,,not_applicable
no-quota-block-3,no-quota,3,184.0,quota-eligible,0,poisson,,10240,1073,1065,8,,not_applicable
no-quota-block-3,no-quota,3,185.0,quota-eligible,0,poisson,,10240,1079,1071,8,,not_applicable
no-quota-block-3,no-quota,3,186.0,quota-eligible,0,poisson,,10240,1081,1078,3,,not_applicable
no-quota-block-3,no-quota,3,187.0,quota-eligible,0,poisson,,10240,1086,1079,7,,not_applicable
no-quota-block-3,no-quota,3,188.0,quota-eligible,0,poisson,,10240,1090,1084,6,,not_applicable
no-quota-block-3,no-quota,3,189.0,quota-eligible,0,poisson,,10240,1095,1090,5,,not_applicable
no-quota-block-3,no-quota,3,190.0,quota-eligible,0,poisson,,10240,1101,1093,8,,not_applicable
no-quota-block-3,no-quota,3,191.0,quota-eligible,0,poisson,,10240,1108,1101,7,,not_applicable
no-quota-block-3,no-quota,3,192.0,quota-eligible,0,poisson,,10240,1114,1107,7,,not_applicable
no-quota-block-3,no-quota,3,193.0,quota-eligible,0,poisson,,10240,1122,1113,9,,not_applicable
no-quota-block-3,no-quota,3,194.0,quota-eligible,0,poisson,,10240,1133,1120,13,,not_applicable
no-quota-block-3,no-quota,3,195.0,quota-eligible,0,poisson,,10240,1141,1132,9,,not_applicable
no-quota-block-3,no-quota,3,196.0,quota-eligible,0,poisson,,10240,1149,1138,11,,not_applicable
no-quota-block-3,no-quota,3,197.0,quota-eligible,0,poisson,,10240,1154,1145,9,,not_applicable
no-quota-block-3,no-quota,3,198.0,quota-eligible,0,poisson,,10240,1158,1153,5,,not_applicable
no-quota-block-3,no-quota,3,199.0,quota-eligible,0,poisson,,10240,1169,1156,13,,not_applicable
no-quota-block-3,no-quota,3,200.0,quota-eligible,0,poisson,,10240,1175,1165,10,,not_applicable
no-quota-block-3,no-quota,3,201.0,quota-eligible,0,poisson,,10240,1182,1174,8,,not_applicable
no-quota-block-3,no-quota,3,202.0,quota-eligible,0,poisson,,10240,1187,1181,6,,not_applicable
no-quota-block-3,no-quota,3,203.0,quota-eligible,0,poisson,,10240,1196,1187,9,,not_applicable
no-quota-block-3,no-quota,3,204.0,quota-eligible,0,poisson,,10240,1200,1194,6,,not_applicable
no-quota-block-3,no-quota,3,205.0,quota-eligible,0,poisson,,10240,1207,1199,8,,not_applicable
no-quota-block-3,no-quota,3,206.0,quota-eligible,0,poisson,,10240,1211,1206,5,,not_applicable
no-quota-block-3,no-quota,3,207.0,quota-eligible,0,poisson,,10240,1218,1210,8,,not_applicable
no-quota-block-3,no-quota,3,208.0,quota-eligible,0,poisson,,10240,1222,1216,6,,not_applicable
no-quota-block-3,no-quota,3,209.0,quota-eligible,0,poisson,,10240,1229,1223,6,,not_applicable
no-quota-block-3,no-quota,3,210.0,quota-eligible,0,poisson,,10240,1230,1227,3,,not_applicable
no-quota-block-3,no-quota,3,211.0,quota-eligible,0,poisson,,10240,1239,1230,9,,not_applicable
no-quota-block-3,no-quota,3,212.0,quota-eligible,0,poisson,,10240,1240,1235,5,,not_applicable
no-quota-block-3,no-quota,3,213.0,quota-eligible,0,poisson,,10240,1245,1239,6,,not_applicable
no-quota-block-3,no-quota,3,214.0,quota-eligible,0,poisson,,10240,1250,1242,8,,not_applicable
no-quota-block-3,no-quota,3,215.0,quota-eligible,0,poisson,,10240,1254,1248,6,,not_applicable
no-quota-block-3,no-quota,3,216.0,quota-eligible,0,poisson,,10240,1258,1254,4,,not_applicable
no-quota-block-3,no-quota,3,217.0,quota-eligible,0,poisson,,10240,1265,1259,6,,not_applicable
no-quota-block-3,no-quota,3,218.0,quota-eligible,0,poisson,,10240,1267,1263,4,,not_applicable
no-quota-block-3,no-quota,3,219.0,quota-eligible,0,poisson,,10240,1273,1268,5,,not_applicable
no-quota-block-3,no-quota,3,220.0,quota-eligible,0,poisson,,10240,1276,1271,5,,not_applicable
no-quota-block-3,no-quota,3,221.0,quota-eligible,0,poisson,,10240,1280,1274,6,,not_applicable
no-quota-block-3,no-quota,3,222.0,quota-eligible,0,poisson,,10240,1286,1280,6,,not_applicable
no-quota-block-3,no-quota,3,223.0,quota-eligible,0,poisson,,10240,1293,1283,10,,not_applicable
no-quota-block-3,no-quota,3,224.0,quota-eligible,0,poisson,,10240,1296,1291,5,,not_applicable
no-quota-block-3,no-quota,3,225.0,quota-eligible,0,poisson,,10240,1302,1296,6,,not_applicable
no-quota-block-3,no-quota,3,226.0,quota-eligible,0,poisson,,10240,1315,1299,16,,not_applicable
no-quota-block-3,no-quota,3,227.0,quota-eligible,0,poisson,,10240,1323,1308,15,,not_applicable
no-quota-block-3,no-quota,3,228.0,quota-eligible,0,poisson,,10240,1329,1321,8,,not_applicable
no-quota-block-3,no-quota,3,229.0,quota-eligible,0,poisson,,10240,1335,1329,6,,not_applicable
no-quota-block-3,no-quota,3,230.0,quota-eligible,0,poisson,,10240,1341,1335,6,,not_applicable
no-quota-block-3,no-quota,3,231.0,quota-eligible,0,poisson,,10240,1346,1339,7,,not_applicable
no-quota-block-3,no-quota,3,232.0,quota-eligible,0,poisson,,10240,1354,1345,9,,not_applicable
no-quota-block-3,no-quota,3,233.0,quota-eligible,0,poisson,,10240,1363,1351,12,,not_applicable
no-quota-block-3,no-quota,3,234.0,quota-eligible,0,poisson,,10240,1372,1363,9,,not_applicable
no-quota-block-3,no-quota,3,235.0,quota-eligible,0,poisson,,10240,1377,1371,6,,not_applicable
no-quota-block-3,no-quota,3,236.0,quota-eligible,0,poisson,,10240,1383,1377,6,,not_applicable
no-quota-block-3,no-quota,3,237.0,quota-eligible,0,poisson,,10240,1388,1381,7,,not_applicable
no-quota-block-3,no-quota,3,238.0,quota-eligible,0,poisson,,10240,1391,1385,6,,not_applicable
no-quota-block-3,no-quota,3,239.0,quota-eligible,0,poisson,,10240,1398,1390,8,,not_applicable
no-quota-block-3,no-quota,3,240.0,quota-eligible,0,poisson,,10240,1410,1395,15,,not_applicable
no-quota-block-3,no-quota,3,0.0,background,0,poisson,,10240,0,0,0,,not_applicable
no-quota-block-3,no-quota,3,1.0,background,0,poisson,,10240,6,1,5,,not_applicable
no-quota-block-3,no-quota,3,2.0,background,0,poisson,,10240,11,6,5,,not_applicable
no-quota-block-3,no-quota,3,3.0,background,0,poisson,,10240,16,9,7,,not_applicable
no-quota-block-3,no-quota,3,4.0,background,0,poisson,,10240,17,14,3,,not_applicable
no-quota-block-3,no-quota,3,5.0,background,0,poisson,,10240,23,17,6,,not_applicable
no-quota-block-3,no-quota,3,6.0,background,0,poisson,,10240,29,19,10,,not_applicable
no-quota-block-3,no-quota,3,7.0,background,0,poisson,,10240,39,26,13,,not_applicable
no-quota-block-3,no-quota,3,8.0,background,0,poisson,,10240,46,33,13,,not_applicable
no-quota-block-3,no-quota,3,9.0,background,0,poisson,,10240,51,45,6,,not_applicable
no-quota-block-3,no-quota,3,10.0,background,0,poisson,,10240,57,51,6,,not_applicable
no-quota-block-3,no-quota,3,11.0,background,0,poisson,,10240,67,57,10,,not_applicable
no-quota-block-3,no-quota,3,12.0,background,0,poisson,,10240,75,64,11,,not_applicable
no-quota-block-3,no-quota,3,13.0,background,0,poisson,,10240,81,74,7,,not_applicable
no-quota-block-3,no-quota,3,14.0,background,0,poisson,,10240,87,79,8,,not_applicable
no-quota-block-3,no-quota,3,15.0,background,0,poisson,,10240,98,82,16,,not_applicable
no-quota-block-3,no-quota,3,16.0,background,0,poisson,,10240,103,94,9,,not_applicable
no-quota-block-3,no-quota,3,17.0,background,0,poisson,,10240,112,101,11,,not_applicable
no-quota-block-3,no-quota,3,18.0,background,0,poisson,,10240,120,109,11,,not_applicable
no-quota-block-3,no-quota,3,19.0,background,0,poisson,,10240,131,118,13,,not_applicable
no-quota-block-3,no-quota,3,20.0,background,0,poisson,,10240,136,127,9,,not_applicable
no-quota-block-3,no-quota,3,21.0,background,0,poisson,,10240,142,135,7,,not_applicable
no-quota-block-3,no-quota,3,22.0,background,0,poisson,,10240,144,142,2,,not_applicable
no-quota-block-3,no-quota,3,23.0,background,0,poisson,,10240,149,143,6,,not_applicable
no-quota-block-3,no-quota,3,24.0,background,0,poisson,,10240,155,148,7,,not_applicable
no-quota-block-3,no-quota,3,25.0,background,0,poisson,,10240,161,153,8,,not_applicable
no-quota-block-3,no-quota,3,26.0,background,0,poisson,,10240,168,160,8,,not_applicable
no-quota-block-3,no-quota,3,27.0,background,0,poisson,,10240,173,166,7,,not_applicable
no-quota-block-3,no-quota,3,28.0,background,0,poisson,,10240,178,173,5,,not_applicable
no-quota-block-3,no-quota,3,29.0,background,0,poisson,,10240,186,176,10,,not_applicable
no-quota-block-3,no-quota,3,30.0,background,0,poisson,,10240,190,183,7,,not_applicable
no-quota-block-3,no-quota,3,31.0,background,0,poisson,,10240,193,189,4,,not_applicable
no-quota-block-3,no-quota,3,32.0,background,0,poisson,,10240,197,193,4,,not_applicable
no-quota-block-3,no-quota,3,33.0,background,0,poisson,,10240,202,196,6,,not_applicable
no-quota-block-3,no-quota,3,34.0,background,0,poisson,,10240,208,199,9,,not_applicable
no-quota-block-3,no-quota,3,35.0,background,0,poisson,,10240,210,206,4,,not_applicable
no-quota-block-3,no-quota,3,36.0,background,0,poisson,,10240,214,210,4,,not_applicable
no-quota-block-3,no-quota,3,37.0,background,0,poisson,,10240,217,211,6,,not_applicable
no-quota-block-3,no-quota,3,38.0,background,0,poisson,,10240,221,216,5,,not_applicable
no-quota-block-3,no-quota,3,39.0,background,0,poisson,,10240,227,219,8,,not_applicable
no-quota-block-3,no-quota,3,40.0,background,0,poisson,,10240,238,227,11,,not_applicable
no-quota-block-3,no-quota,3,41.0,background,0,poisson,,10240,244,235,9,,not_applicable
no-quota-block-3,no-quota,3,42.0,background,0,poisson,,10240,250,244,6,,not_applicable
no-quota-block-3,no-quota,3,43.0,background,0,poisson,,10240,258,250,8,,not_applicable
no-quota-block-3,no-quota,3,44.0,background,0,poisson,,10240,264,256,8,,not_applicable
no-quota-block-3,no-quota,3,45.0,background,0,poisson,,10240,268,263,5,,not_applicable
no-quota-block-3,no-quota,3,46.0,background,0,poisson,,10240,273,266,7,,not_applicable
no-quota-block-3,no-quota,3,47.0,background,0,poisson,,10240,280,271,9,,not_applicable
no-quota-block-3,no-quota,3,48.0,background,0,poisson,,10240,283,278,5,,not_applicable
no-quota-block-3,no-quota,3,49.0,background,0,poisson,,10240,288,282,6,,not_applicable
no-quota-block-3,no-quota,3,50.0,background,0,poisson,,10240,294,285,9,,not_applicable
no-quota-block-3,no-quota,3,51.0,background,0,poisson,,10240,302,293,9,,not_applicable
no-quota-block-3,no-quota,3,52.0,background,0,poisson,,10240,308,300,8,,not_applicable
no-quota-block-3,no-quota,3,53.0,background,0,poisson,,10240,315,306,9,,not_applicable
no-quota-block-3,no-quota,3,54.0,background,0,poisson,,10240,320,314,6,,not_applicable
no-quota-block-3,no-quota,3,55.0,background,0,poisson,,10240,332,319,13,,not_applicable
no-quota-block-3,no-quota,3,56.0,background,0,poisson,,10240,337,331,6,,not_applicable
no-quota-block-3,no-quota,3,57.0,background,0,poisson,,10240,343,337,6,,not_applicable
no-quota-block-3,no-quota,3,58.0,background,0,poisson,,10240,351,342,9,,not_applicable
no-quota-block-3,no-quota,3,59.0,background,0,poisson,,10240,361,351,10,,not_applicable
no-quota-block-3,no-quota,3,60.0,background,0,poisson,,10240,365,358,7,,not_applicable
no-quota-block-3,no-quota,3,61.0,background,0,poisson,,10240,369,364,5,,not_applicable
no-quota-block-3,no-quota,3,62.0,background,0,poisson,,10240,374,369,5,,not_applicable
no-quota-block-3,no-quota,3,63.0,background,0,poisson,,10240,379,373,6,,not_applicable
no-quota-block-3,no-quota,3,64.0,background,0,poisson,,10240,382,379,3,,not_applicable
no-quota-block-3,no-quota,3,65.0,background,0,poisson,,10240,387,381,6,,not_applicable
no-quota-block-3,no-quota,3,66.0,background,0,poisson,,10240,394,386,8,,not_applicable
no-quota-block-3,no-quota,3,67.0,background,0,poisson,,10240,400,392,8,,not_applicable
no-quota-block-3,no-quota,3,68.0,background,0,poisson,,10240,401,399,2,,not_applicable
no-quota-block-3,no-quota,3,69.0,background,0,poisson,,10240,404,400,4,,not_applicable
no-quota-block-3,no-quota,3,70.0,background,0,poisson,,10240,412,402,10,,not_applicable
no-quota-block-3,no-quota,3,71.0,background,0,poisson,,10240,415,410,5,,not_applicable
no-quota-block-3,no-quota,3,72.0,background,0,poisson,,10240,417,415,2,,not_applicable
no-quota-block-3,no-quota,3,73.0,background,0,poisson,,10240,427,417,10,,not_applicable
no-quota-block-3,no-quota,3,74.0,background,0,poisson,,10240,430,424,6,,not_applicable
no-quota-block-3,no-quota,3,75.0,background,0,poisson,,10240,434,429,5,,not_applicable
no-quota-block-3,no-quota,3,76.0,background,0,poisson,,10240,442,435,7,,not_applicable
no-quota-block-3,no-quota,3,77.0,background,0,poisson,,10240,448,439,9,,not_applicable
no-quota-block-3,no-quota,3,78.0,background,0,poisson,,10240,459,447,12,,not_applicable
no-quota-block-3,no-quota,3,79.0,background,0,poisson,,10240,464,454,10,,not_applicable
no-quota-block-3,no-quota,3,80.0,background,0,poisson,,10240,470,464,6,,not_applicable
no-quota-block-3,no-quota,3,81.0,background,0,poisson,,10240,475,468,7,,not_applicable
no-quota-block-3,no-quota,3,82.0,background,0,poisson,,10240,482,473,9,,not_applicable
no-quota-block-3,no-quota,3,83.0,background,0,poisson,,10240,492,481,11,,not_applicable
no-quota-block-3,no-quota,3,84.0,background,0,poisson,,10240,503,487,16,,not_applicable
no-quota-block-3,no-quota,3,85.0,background,0,poisson,,10240,506,501,5,,not_applicable
no-quota-block-3,no-quota,3,86.0,background,0,poisson,,10240,513,506,7,,not_applicable
no-quota-block-3,no-quota,3,87.0,background,0,poisson,,10240,515,511,4,,not_applicable
no-quota-block-3,no-quota,3,88.0,background,0,poisson,,10240,524,515,9,,not_applicable
no-quota-block-3,no-quota,3,89.0,background,0,poisson,,10240,530,521,9,,not_applicable
no-quota-block-3,no-quota,3,90.0,background,0,poisson,,10240,537,529,8,,not_applicable
no-quota-block-3,no-quota,3,91.0,background,0,poisson,,10240,546,535,11,,not_applicable
no-quota-block-3,no-quota,3,92.0,background,0,poisson,,10240,554,544,10,,not_applicable
no-quota-block-3,no-quota,3,93.0,background,0,poisson,,10240,560,553,7,,not_applicable
no-quota-block-3,no-quota,3,94.0,background,0,poisson,,10240,562,559,3,,not_applicable
no-quota-block-3,no-quota,3,95.0,background,0,poisson,,10240,565,562,3,,not_applicable
no-quota-block-3,no-quota,3,96.0,background,0,poisson,,10240,571,565,6,,not_applicable
no-quota-block-3,no-quota,3,97.0,background,0,poisson,,10240,575,571,4,,not_applicable
no-quota-block-3,no-quota,3,98.0,background,0,poisson,,10240,575,574,1,,not_applicable
no-quota-block-3,no-quota,3,99.0,background,0,poisson,,10240,581,575,6,,not_applicable
no-quota-block-3,no-quota,3,100.0,background,0,poisson,,10240,585,580,5,,not_applicable
no-quota-block-3,no-quota,3,101.0,background,0,poisson,,10240,591,584,7,,not_applicable
no-quota-block-3,no-quota,3,102.0,background,0,poisson,,10240,594,591,3,,not_applicable
no-quota-block-3,no-quota,3,103.0,background,0,poisson,,10240,604,594,10,,not_applicable
no-quota-block-3,no-quota,3,104.0,background,0,poisson,,10240,606,600,6,,not_applicable
no-quota-block-3,no-quota,3,105.0,background,0,poisson,,10240,612,606,6,,not_applicable
no-quota-block-3,no-quota,3,106.0,background,0,poisson,,10240,618,610,8,,not_applicable
no-quota-block-3,no-quota,3,107.0,background,0,poisson,,10240,626,618,8,,not_applicable
no-quota-block-3,no-quota,3,108.0,background,0,poisson,,10240,631,624,7,,not_applicable
no-quota-block-3,no-quota,3,109.0,background,0,poisson,,10240,639,631,8,,not_applicable
no-quota-block-3,no-quota,3,110.0,background,0,poisson,,10240,649,638,11,,not_applicable
no-quota-block-3,no-quota,3,111.0,background,0,poisson,,10240,653,646,7,,not_applicable
no-quota-block-3,no-quota,3,112.0,background,0,poisson,,10240,658,653,5,,not_applicable
no-quota-block-3,no-quota,3,113.0,background,0,poisson,,10240,666,657,9,,not_applicable
no-quota-block-3,no-quota,3,114.0,background,0,poisson,,10240,668,663,5,,not_applicable
no-quota-block-3,no-quota,3,115.0,background,0,poisson,,10240,674,667,7,,not_applicable
no-quota-block-3,no-quota,3,116.0,background,0,poisson,,10240,680,672,8,,not_applicable
no-quota-block-3,no-quota,3,117.0,background,0,poisson,,10240,684,680,4,,not_applicable
no-quota-block-3,no-quota,3,118.0,background,0,poisson,,10240,687,684,3,,not_applicable
no-quota-block-3,no-quota,3,119.0,background,0,poisson,,10240,696,687,9,,not_applicable
no-quota-block-3,no-quota,3,120.0,background,0,poisson,,10240,696,695,1,,not_applicable
no-quota-block-3,no-quota,3,121.0,background,0,poisson,,10240,700,696,4,,not_applicable
no-quota-block-3,no-quota,3,122.0,background,0,poisson,,10240,710,700,10,,not_applicable
no-quota-block-3,no-quota,3,123.0,background,0,poisson,,10240,715,707,8,,not_applicable
no-quota-block-3,no-quota,3,124.0,background,0,poisson,,10240,719,714,5,,not_applicable
no-quota-block-3,no-quota,3,125.0,background,0,poisson,,10240,721,718,3,,not_applicable
no-quota-block-3,no-quota,3,126.0,background,0,poisson,,10240,725,721,4,,not_applicable
no-quota-block-3,no-quota,3,127.0,background,0,poisson,,10240,727,724,3,,not_applicable
no-quota-block-3,no-quota,3,128.0,background,0,poisson,,10240,735,727,8,,not_applicable
no-quota-block-3,no-quota,3,129.0,background,0,poisson,,10240,745,731,14,,not_applicable
no-quota-block-3,no-quota,3,130.0,background,0,poisson,,10240,750,741,9,,not_applicable
no-quota-block-3,no-quota,3,131.0,background,0,poisson,,10240,757,749,8,,not_applicable
no-quota-block-3,no-quota,3,132.0,background,0,poisson,,10240,767,757,10,,not_applicable
no-quota-block-3,no-quota,3,133.0,background,0,poisson,,10240,770,764,6,,not_applicable
no-quota-block-3,no-quota,3,134.0,background,0,poisson,,10240,779,771,8,,not_applicable
no-quota-block-3,no-quota,3,135.0,background,0,poisson,,10240,783,777,6,,not_applicable
no-quota-block-3,no-quota,3,136.0,background,0,poisson,,10240,790,781,9,,not_applicable
no-quota-block-3,no-quota,3,137.0,background,0,poisson,,10240,796,788,8,,not_applicable
no-quota-block-3,no-quota,3,138.0,background,0,poisson,,10240,799,795,4,,not_applicable
no-quota-block-3,no-quota,3,139.0,background,0,poisson,,10240,802,799,3,,not_applicable
no-quota-block-3,no-quota,3,140.0,background,0,poisson,,10240,808,802,6,,not_applicable
no-quota-block-3,no-quota,3,141.0,background,0,poisson,,10240,813,806,7,,not_applicable
no-quota-block-3,no-quota,3,142.0,background,0,poisson,,10240,819,811,8,,not_applicable
no-quota-block-3,no-quota,3,143.0,background,0,poisson,,10240,825,816,9,,not_applicable
no-quota-block-3,no-quota,3,144.0,background,0,poisson,,10240,829,823,6,,not_applicable
no-quota-block-3,no-quota,3,145.0,background,0,poisson,,10240,837,829,8,,not_applicable
no-quota-block-3,no-quota,3,146.0,background,0,poisson,,10240,846,834,12,,not_applicable
no-quota-block-3,no-quota,3,147.0,background,0,poisson,,10240,855,842,13,,not_applicable
no-quota-block-3,no-quota,3,148.0,background,0,poisson,,10240,858,852,6,,not_applicable
no-quota-block-3,no-quota,3,149.0,background,0,poisson,,10240,863,857,6,,not_applicable
no-quota-block-3,no-quota,3,150.0,background,0,poisson,,10240,866,862,4,,not_applicable
no-quota-block-3,no-quota,3,151.0,background,0,poisson,,10240,874,864,10,,not_applicable
no-quota-block-3,no-quota,3,152.0,background,0,poisson,,10240,879,872,7,,not_applicable
no-quota-block-3,no-quota,3,153.0,background,0,poisson,,10240,885,876,9,,not_applicable
no-quota-block-3,no-quota,3,154.0,background,0,poisson,,10240,896,884,12,,not_applicable
no-quota-block-3,no-quota,3,155.0,background,0,poisson,,10240,900,896,4,,not_applicable
no-quota-block-3,no-quota,3,156.0,background,0,poisson,,10240,907,900,7,,not_applicable
no-quota-block-3,no-quota,3,157.0,background,0,poisson,,10240,914,906,8,,not_applicable
no-quota-block-3,no-quota,3,158.0,background,0,poisson,,10240,925,911,14,,not_applicable
no-quota-block-3,no-quota,3,159.0,background,0,poisson,,10240,933,919,14,,not_applicable
no-quota-block-3,no-quota,3,160.0,background,0,poisson,,10240,938,932,6,,not_applicable
no-quota-block-3,no-quota,3,161.0,background,0,poisson,,10240,944,938,6,,not_applicable
no-quota-block-3,no-quota,3,162.0,background,0,poisson,,10240,952,943,9,,not_applicable
no-quota-block-3,no-quota,3,163.0,background,0,poisson,,10240,955,951,4,,not_applicable
no-quota-block-3,no-quota,3,164.0,background,0,poisson,,10240,963,954,9,,not_applicable
no-quota-block-3,no-quota,3,165.0,background,0,poisson,,10240,971,962,9,,not_applicable
no-quota-block-3,no-quota,3,166.0,background,0,poisson,,10240,978,970,8,,not_applicable
no-quota-block-3,no-quota,3,167.0,background,0,poisson,,10240,983,977,6,,not_applicable
no-quota-block-3,no-quota,3,168.0,background,0,poisson,,10240,988,983,5,,not_applicable
no-quota-block-3,no-quota,3,169.0,background,0,poisson,,10240,994,987,7,,not_applicable
no-quota-block-3,no-quota,3,170.0,background,0,poisson,,10240,1000,993,7,,not_applicable
no-quota-block-3,no-quota,3,171.0,background,0,poisson,,10240,1004,998,6,,not_applicable
no-quota-block-3,no-quota,3,172.0,background,0,poisson,,10240,1011,1004,7,,not_applicable
no-quota-block-3,no-quota,3,173.0,background,0,poisson,,10240,1013,1009,4,,not_applicable
no-quota-block-3,no-quota,3,174.0,background,0,poisson,,10240,1019,1013,6,,not_applicable
no-quota-block-3,no-quota,3,175.0,background,0,poisson,,10240,1028,1019,9,,not_applicable
no-quota-block-3,no-quota,3,176.0,background,0,poisson,,10240,1033,1026,7,,not_applicable
no-quota-block-3,no-quota,3,177.0,background,0,poisson,,10240,1035,1031,4,,not_applicable
no-quota-block-3,no-quota,3,178.0,background,0,poisson,,10240,1039,1035,4,,not_applicable
no-quota-block-3,no-quota,3,179.0,background,0,poisson,,10240,1042,1038,4,,not_applicable
no-quota-block-3,no-quota,3,180.0,background,0,poisson,,10240,1048,1042,6,,not_applicable
no-quota-block-3,no-quota,3,181.0,background,0,poisson,,10240,1053,1047,6,,not_applicable
no-quota-block-3,no-quota,3,182.0,background,0,poisson,,10240,1062,1051,11,,not_applicable
no-quota-block-3,no-quota,3,183.0,background,0,poisson,,10240,1067,1060,7,,not_applicable
no-quota-block-3,no-quota,3,184.0,background,0,poisson,,10240,1073,1065,8,,not_applicable
no-quota-block-3,no-quota,3,185.0,background,0,poisson,,10240,1079,1072,7,,not_applicable
no-quota-block-3,no-quota,3,186.0,background,0,poisson,,10240,1081,1078,3,,not_applicable
no-quota-block-3,no-quota,3,187.0,background,0,poisson,,10240,1086,1079,7,,not_applicable
no-quota-block-3,no-quota,3,188.0,background,0,poisson,,10240,1090,1084,6,,not_applicable
no-quota-block-3,no-quota,3,189.0,background,0,poisson,,10240,1095,1089,6,,not_applicable
no-quota-block-3,no-quota,3,190.0,background,0,poisson,,10240,1101,1093,8,,not_applicable
no-quota-block-3,no-quota,3,191.0,background,0,poisson,,10240,1108,1100,8,,not_applicable
no-quota-block-3,no-quota,3,192.0,background,0,poisson,,10240,1114,1108,6,,not_applicable
no-quota-block-3,no-quota,3,193.0,background,0,poisson,,10240,1122,1114,8,,not_applicable
no-quota-block-3,no-quota,3,194.0,background,0,poisson,,10240,1133,1120,13,,not_applicable
no-quota-block-3,no-quota,3,195.0,background,0,poisson,,10240,1141,1131,10,,not_applicable
no-quota-block-3,no-quota,3,196.0,background,0,poisson,,10240,1149,1139,10,,not_applicable
no-quota-block-3,no-quota,3,197.0,background,0,poisson,,10240,1154,1146,8,,not_applicable
no-quota-block-3,no-quota,3,198.0,background,0,poisson,,10240,1158,1153,5,,not_applicable
no-quota-block-3,no-quota,3,199.0,background,0,poisson,,10240,1169,1158,11,,not_applicable
no-quota-block-3,no-quota,3,200.0,background,0,poisson,,10240,1175,1166,9,,not_applicable
no-quota-block-3,no-quota,3,201.0,background,0,poisson,,10240,1182,1174,8,,not_applicable
no-quota-block-3,no-quota,3,202.0,background,0,poisson,,10240,1187,1181,6,,not_applicable
no-quota-block-3,no-quota,3,203.0,background,0,poisson,,10240,1196,1187,9,,not_applicable
no-quota-block-3,no-quota,3,204.0,background,0,poisson,,10240,1200,1194,6,,not_applicable
no-quota-block-3,no-quota,3,205.0,background,0,poisson,,10240,1207,1199,8,,not_applicable
no-quota-block-3,no-quota,3,206.0,background,0,poisson,,10240,1211,1206,5,,not_applicable
no-quota-block-3,no-quota,3,207.0,background,0,poisson,,10240,1218,1210,8,,not_applicable
no-quota-block-3,no-quota,3,208.0,background,0,poisson,,10240,1222,1216,6,,not_applicable
no-quota-block-3,no-quota,3,209.0,background,0,poisson,,10240,1229,1222,7,,not_applicable
no-quota-block-3,no-quota,3,210.0,background,0,poisson,,10240,1230,1227,3,,not_applicable
no-quota-block-3,no-quota,3,211.0,background,0,poisson,,10240,1239,1231,8,,not_applicable
no-quota-block-3,no-quota,3,212.0,background,0,poisson,,10240,1240,1236,4,,not_applicable
no-quota-block-3,no-quota,3,213.0,background,0,poisson,,10240,1245,1239,6,,not_applicable
no-quota-block-3,no-quota,3,214.0,background,0,poisson,,10240,1250,1242,8,,not_applicable
no-quota-block-3,no-quota,3,215.0,background,0,poisson,,10240,1254,1248,6,,not_applicable
no-quota-block-3,no-quota,3,216.0,background,0,poisson,,10240,1258,1254,4,,not_applicable
no-quota-block-3,no-quota,3,217.0,background,0,poisson,,10240,1265,1258,7,,not_applicable
no-quota-block-3,no-quota,3,218.0,background,0,poisson,,10240,1267,1263,4,,not_applicable
no-quota-block-3,no-quota,3,219.0,background,0,poisson,,10240,1273,1267,6,,not_applicable
no-quota-block-3,no-quota,3,220.0,background,0,poisson,,10240,1276,1271,5,,not_applicable
no-quota-block-3,no-quota,3,221.0,background,0,poisson,,10240,1280,1275,5,,not_applicable
no-quota-block-3,no-quota,3,222.0,background,0,poisson,,10240,1286,1280,6,,not_applicable
no-quota-block-3,no-quota,3,223.0,background,0,poisson,,10240,1293,1284,9,,not_applicable
no-quota-block-3,no-quota,3,224.0,background,0,poisson,,10240,1296,1291,5,,not_applicable
no-quota-block-3,no-quota,3,225.0,background,0,poisson,,10240,1302,1296,6,,not_applicable
no-quota-block-3,no-quota,3,226.0,background,0,poisson,,10240,1315,1299,16,,not_applicable
no-quota-block-3,no-quota,3,227.0,background,0,poisson,,10240,1323,1307,16,,not_applicable
no-quota-block-3,no-quota,3,228.0,background,0,poisson,,10240,1329,1322,7,,not_applicable
no-quota-block-3,no-quota,3,229.0,background,0,poisson,,10240,1335,1329,6,,not_applicable
no-quota-block-3,no-quota,3,230.0,background,0,poisson,,10240,1341,1335,6,,not_applicable
no-quota-block-3,no-quota,3,231.0,background,0,poisson,,10240,1346,1339,7,,not_applicable
no-quota-block-3,no-quota,3,232.0,background,0,poisson,,10240,1354,1346,8,,not_applicable
no-quota-block-3,no-quota,3,233.0,background,0,poisson,,10240,1363,1352,11,,not_applicable
no-quota-block-3,no-quota,3,234.0,background,0,poisson,,10240,1372,1362,10,,not_applicable
no-quota-block-3,no-quota,3,235.0,background,0,poisson,,10240,1377,1371,6,,not_applicable
no-quota-block-3,no-quota,3,236.0,background,0,poisson,,10240,1383,1377,6,,not_applicable
no-quota-block-3,no-quota,3,237.0,background,0,poisson,,10240,1388,1381,7,,not_applicable
no-quota-block-3,no-quota,3,238.0,background,0,poisson,,10240,1391,1386,5,,not_applicable
no-quota-block-3,no-quota,3,239.0,background,0,poisson,,10240,1398,1390,8,,not_applicable
no-quota-block-3,no-quota,3,240.0,background,0,poisson,,10240,1410,1395,15,,not_applicable
