run_name,sweep,setting,value,repeat,elapsed_seconds,issued_requests,completed_requests,outstanding_requests,send_delay_seconds,safety_ceiling_state
queue depth 1 - repeat 1,queue-depth detector,queue depth,1.0,1,0.001,0,0,0,,ok
queue depth 1 - repeat 1,queue-depth detector,queue depth,1.0,1,0.527,3,0,3,,ok
queue depth 1 - repeat 1,queue-depth detector,queue depth,1.0,1,1.05,6,0,6,,ok
queue depth 1 - repeat 1,queue-depth detector,queue depth,1.0,1,1.508,9,1,8,,ok
queue depth 1 - repeat 1,queue-depth detector,queue depth,1.0,1,2.032,18,5,13,,ok
queue depth 1 - repeat 1,queue-depth detector,queue depth,1.0,1,2.541,24,8,16,,ok
queue depth 1 - repeat 1,queue-depth detector,queue depth,1.0,1,3.049,35,16,19,,ok
queue depth 1 - repeat 1,queue-depth detector,queue depth,1.0,1,3.513,42,20,22,,ok
queue depth 1 - repeat 1,queue-depth detector,queue depth,1.0,1,4.038,50,24,26,,ok
queue depth 1 - repeat 1,queue-depth detector,queue depth,1.0,1,4.502,62,34,28,,ok
queue depth 1 - repeat 1,queue-depth detector,queue depth,1.0,1,5.022,66,36,30,,ok
queue depth 1 - repeat 1,queue-depth detector,queue depth,1.0,1,5.535,76,45,31,,ok
queue depth 1 - repeat 1,queue-depth detector,queue depth,1.0,1,6.05,87,49,38,,ok
queue depth 1 - repeat 1,queue-depth detector,queue depth,1.0,1,6.514,90,49,41,,ok
queue depth 1 - repeat 1,queue-depth detector,queue depth,1.0,1,7.021,109,64,45,,ok
queue depth 1 - repeat 1,queue-depth detector,queue depth,1.0,1,7.53,122,74,48,,ok
queue depth 1 - repeat 1,queue-depth detector,queue depth,1.0,1,8.041,139,89,50,,ok
queue depth 1 - repeat 1,queue-depth detector,queue depth,1.0,1,8.504,160,106,54,,ok
queue depth 1 - repeat 1,queue-depth detector,queue depth,1.0,1,9.026,166,109,57,,ok
queue depth 1 - repeat 1,queue-depth detector,queue depth,1.0,1,9.547,179,120,59,,ok
queue depth 1 - repeat 1,queue-depth detector,queue depth,1.0,1,10.012,185,121,64,,ok
queue depth 1 - repeat 1,queue-depth detector,queue depth,1.0,1,10.539,195,129,66,,ok
queue depth 1 - repeat 1,queue-depth detector,queue depth,1.0,1,11.002,211,141,70,,ok
queue depth 1 - repeat 1,queue-depth detector,queue depth,1.0,1,11.517,240,167,73,,ok
queue depth 1 - repeat 1,queue-depth detector,queue depth,1.0,1,12.039,244,167,77,,ok
queue depth 1 - repeat 1,queue-depth detector,queue depth,1.0,1,12.501,264,185,79,,ok
queue depth 1 - repeat 1,queue-depth detector,queue depth,1.0,1,13.016,276,193,83,,ok
queue depth 1 - repeat 1,queue-depth detector,queue depth,1.0,1,13.533,279,193,86,,ok
queue depth 1 - repeat 1,queue-depth detector,queue depth,1.0,1,14.044,285,195,90,,ok
queue depth 1 - repeat 1,queue-depth detector,queue depth,1.0,1,14.505,303,210,93,,ok
queue depth 1 - repeat 1,queue-depth detector,queue depth,1.0,1,15.016,312,241,71,,ok
queue depth 1 - repeat 1,queue-depth detector,queue depth,1.0,1,15.536,344,245,99,,ok
queue depth 1 - repeat 1,queue-depth detector,queue depth,1.0,1,16.049,364,263,101,,ok
queue depth 1 - repeat 1,queue-depth detector,queue depth,1.0,1,16.525,385,281,104,,ok
queue depth 1 - repeat 1,queue-depth detector,queue depth,1.0,1,17.005,390,281,109,,ok
queue depth 1 - repeat 1,queue-depth detector,queue depth,1.0,1,17.52,411,299,112,,ok
queue depth 1 - repeat 1,queue-depth detector,queue depth,1.0,1,18.052,424,309,115,,ok
queue depth 1 - repeat 1,queue-depth detector,queue depth,1.0,1,18.518,471,353,118,,ok
queue depth 1 - repeat 1,queue-depth detector,queue depth,1.0,1,19.044,480,358,122,,ok
queue depth 1 - repeat 1,queue-depth detector,queue depth,1.0,1,19.527,491,367,124,,ok
queue depth 1 - repeat 1,queue-depth detector,queue depth,1.0,1,20.065,516,392,124,,ok
queue depth 1 - repeat 1,queue-depth detector,queue depth,1.0,1,20.524,545,414,131,,ok
queue depth 1 - repeat 1,queue-depth detector,queue depth,1.0,1,21.03,558,425,133,,ok
queue depth 1 - repeat 1,queue-depth detector,queue depth,1.0,1,21.547,617,479,138,,ok
queue depth 1 - repeat 1,queue-depth detector,queue depth,1.0,1,22.032,628,488,140,,ok
queue depth 1 - repeat 1,queue-depth detector,queue depth,1.0,1,22.501,632,488,144,,ok
queue depth 1 - repeat 1,queue-depth detector,queue depth,1.0,1,23.023,643,496,147,,ok
queue depth 1 - repeat 1,queue-depth detector,queue depth,1.0,1,23.534,669,519,150,,ok
queue depth 1 - repeat 1,queue-depth detector,queue depth,1.0,1,24.044,701,549,152,,ok
queue depth 1 - repeat 1,queue-depth detector,queue depth,1.0,1,24.508,711,558,153,,ok
queue depth 1 - repeat 1,queue-depth detector,queue depth,1.0,1,25.022,776,616,160,,ok
queue depth 1 - repeat 1,queue-depth detector,queue depth,1.0,1,25.537,779,616,163,,ok
queue depth 1 - repeat 1,queue-depth detector,queue depth,1.0,1,26.011,799,636,163,,ok
queue depth 1 - repeat 1,queue-depth detector,queue depth,1.0,1,26.519,821,652,169,,ok
queue depth 1 - repeat 1,queue-depth detector,queue depth,1.0,1,27.029,851,680,171,,ok
queue depth 1 - repeat 1,queue-depth detector,queue depth,1.0,1,27.503,863,693,170,,ok
queue depth 1 - repeat 1,queue-depth detector,queue depth,1.0,1,28.015,923,744,179,,ok
queue depth 1 - repeat 1,queue-depth detector,queue depth,1.0,1,28.535,943,764,179,,ok
queue depth 1 - repeat 1,queue-depth detector,queue depth,1.0,1,29.045,966,780,186,,ok
queue depth 1 - repeat 1,queue-depth detector,queue depth,1.0,1,29.509,995,808,187,,ok
queue depth 1 - repeat 1,queue-depth detector,queue depth,1.0,1,30.079,1007,825,182,,ok
queue depth 1 - repeat 1,queue-depth detector,queue depth,1.0,1,30.547,1064,872,192,,ok
queue depth 1 - repeat 1,queue-depth detector,queue depth,1.0,1,31.04,1081,892,189,,ok
queue depth 1 - repeat 1,queue-depth detector,queue depth,1.0,1,31.531,1098,908,190,,ok
queue depth 1 - repeat 1,queue-depth detector,queue depth,1.0,1,32.008,1116,936,180,,ok
queue depth 1 - repeat 1,queue-depth detector,queue depth,1.0,1,32.517,1133,948,185,,ok
queue depth 1 - repeat 1,queue-depth detector,queue depth,1.0,1,33.026,1165,991,174,,ok
queue depth 1 - repeat 1,queue-depth detector,queue depth,1.0,1,33.509,1209,1017,192,,ok
queue depth 1 - repeat 1,queue-depth detector,queue depth,1.0,1,34.018,1226,1035,191,,ok
queue depth 1 - repeat 1,queue-depth detector,queue depth,1.0,1,34.526,1242,1050,192,,ok
queue depth 1 - repeat 1,queue-depth detector,queue depth,1.0,1,35.05,1263,1071,192,,ok
queue depth 1 - repeat 1,queue-depth detector,queue depth,1.0,1,35.513,1293,1104,189,,ok
queue depth 1 - repeat 1,queue-depth detector,queue depth,1.0,1,36.009,1337,1145,192,,ok
queue depth 1 - repeat 1,queue-depth detector,queue depth,1.0,1,36.517,1354,1162,192,,ok
queue depth 1 - repeat 1,queue-depth detector,queue depth,1.0,1,37.028,1368,1178,190,,ok
queue depth 1 - repeat 1,queue-depth detector,queue depth,1.0,1,37.537,1389,1197,192,,ok
queue depth 1 - repeat 1,queue-depth detector,queue depth,1.0,1,38.05,1421,1229,192,,ok
queue depth 1 - repeat 1,queue-depth detector,queue depth,1.0,1,38.507,1449,1264,185,,ok
queue depth 1 - repeat 1,queue-depth detector,queue depth,1.0,1,39.015,1477,1288,189,,ok
queue depth 1 - repeat 1,queue-depth detector,queue depth,1.0,1,39.526,1492,1300,192,,ok
queue depth 1 - repeat 1,queue-depth detector,queue depth,1.0,1,40.004,1501,1309,192,,ok
queue depth 1 - repeat 1,queue-depth detector,queue depth,1.0,1,40.554,1517,1325,192,,ok
queue depth 1 - repeat 1,queue-depth detector,queue depth,1.0,1,41.028,1577,1392,185,,ok
queue depth 1 - repeat 1,queue-depth detector,queue depth,1.0,1,41.507,1603,1412,191,,ok
queue depth 1 - repeat 1,queue-depth detector,queue depth,1.0,1,42.024,1613,1422,191,,ok
queue depth 1 - repeat 1,queue-depth detector,queue depth,1.0,1,42.5,1629,1440,189,,ok
queue depth 1 - repeat 1,queue-depth detector,queue depth,1.0,1,43.014,1655,1468,187,,ok
queue depth 1 - repeat 1,queue-depth detector,queue depth,1.0,1,43.525,1690,1501,189,,ok
queue depth 1 - repeat 1,queue-depth detector,queue depth,1.0,1,44.004,1723,1531,192,,ok
queue depth 1 - repeat 1,queue-depth detector,queue depth,1.0,1,44.518,1740,1548,192,,ok
queue depth 1 - repeat 1,queue-depth detector,queue depth,1.0,1,45.031,1757,1567,190,,ok
queue depth 1 - repeat 1,queue-depth detector,queue depth,1.0,1,45.539,1781,1593,188,,ok
queue depth 1 - repeat 1,queue-depth detector,queue depth,1.0,1,46.051,1818,1627,191,,ok
queue depth 1 - repeat 1,queue-depth detector,queue depth,1.0,1,46.517,1849,1657,192,,ok
queue depth 1 - repeat 1,queue-depth detector,queue depth,1.0,1,47.026,1867,1676,191,,ok
queue depth 1 - repeat 1,queue-depth detector,queue depth,1.0,1,47.54,1885,1695,190,,ok
queue depth 1 - repeat 1,queue-depth detector,queue depth,1.0,1,48.003,1903,1717,186,,ok
queue depth 1 - repeat 1,queue-depth detector,queue depth,1.0,1,48.528,1946,1754,192,,ok
queue depth 1 - repeat 1,queue-depth detector,queue depth,1.0,1,49.041,1977,1785,192,,ok
queue depth 1 - repeat 1,queue-depth detector,queue depth,1.0,1,49.505,1994,1803,191,,ok
queue depth 1 - repeat 1,queue-depth detector,queue depth,1.0,1,50.032,2013,1823,190,,ok
queue depth 1 - repeat 1,queue-depth detector,queue depth,1.0,1,50.524,2031,1845,186,,ok
queue depth 1 - repeat 1,queue-depth detector,queue depth,1.0,1,51.018,2072,1880,192,,ok
queue depth 1 - repeat 1,queue-depth detector,queue depth,1.0,1,51.536,2105,1916,189,,ok
queue depth 1 - repeat 1,queue-depth detector,queue depth,1.0,1,52.033,2124,1932,192,,ok
queue depth 1 - repeat 1,queue-depth detector,queue depth,1.0,1,52.545,2141,1949,192,,ok
queue depth 1 - repeat 1,queue-depth detector,queue depth,1.0,1,53.007,2159,1973,186,,ok
queue depth 1 - repeat 1,queue-depth detector,queue depth,1.0,1,53.518,2190,2008,182,,ok
queue depth 1 - repeat 1,queue-depth detector,queue depth,1.0,1,54.027,2236,2051,185,,ok
queue depth 1 - repeat 1,queue-depth detector,queue depth,1.0,1,54.522,2243,2051,192,,ok
queue depth 1 - repeat 1,queue-depth detector,queue depth,1.0,1,55.034,2252,2060,192,,ok
queue depth 1 - repeat 1,queue-depth detector,queue depth,1.0,1,55.546,2271,2079,192,,ok
queue depth 1 - repeat 1,queue-depth detector,queue depth,1.0,1,56.011,2295,2103,192,,ok
queue depth 1 - repeat 1,queue-depth detector,queue depth,1.0,1,56.529,2328,2136,192,,ok
queue depth 1 - repeat 1,queue-depth detector,queue depth,1.0,1,57.01,2335,2143,192,,ok
queue depth 1 - repeat 1,queue-depth detector,queue depth,1.0,1,57.534,2373,2181,192,,ok
queue depth 1 - repeat 1,queue-depth detector,queue depth,1.0,1,58.001,2376,2184,192,,ok
queue depth 1 - repeat 1,queue-depth detector,queue depth,1.0,1,58.514,2381,2194,187,,ok
queue depth 1 - repeat 1,queue-depth detector,queue depth,1.0,1,59.023,2403,2218,185,,ok
queue depth 1 - repeat 1,queue-depth detector,queue depth,1.0,1,59.531,2431,2253,178,,ok
queue depth 1 - repeat 1,queue-depth detector,queue depth,1.0,1,60.016,2456,2271,185,,ok
queue depth 1 - repeat 1,queue-depth detector,queue depth,1.0,1,60.551,2504,2314,190,,ok
queue depth 1 - repeat 1,queue-depth detector,queue depth,1.0,1,61.04,2514,2330,184,,ok
queue depth 1 - repeat 1,queue-depth detector,queue depth,1.0,1,61.605,2534,2347,187,,ok
queue depth 1 - repeat 1,queue-depth detector,queue depth,1.0,1,62.018,2564,2372,192,,ok
queue depth 1 - repeat 1,queue-depth detector,queue depth,1.0,1,62.532,2601,2409,192,,ok
queue depth 1 - repeat 1,queue-depth detector,queue depth,1.0,1,63.043,2634,2442,192,,ok
queue depth 1 - repeat 1,queue-depth detector,queue depth,1.0,1,63.514,2642,2456,186,,ok
queue depth 1 - repeat 1,queue-depth detector,queue depth,1.0,1,64.023,2667,2475,192,,ok
queue depth 1 - repeat 1,queue-depth detector,queue depth,1.0,1,64.544,2692,2500,192,,ok
queue depth 1 - repeat 1,queue-depth detector,queue depth,1.0,1,65.004,2713,2522,191,,ok
queue depth 1 - repeat 1,queue-depth detector,queue depth,1.0,1,65.516,2760,2568,192,,ok
queue depth 1 - repeat 1,queue-depth detector,queue depth,1.0,1,66.03,2762,2570,192,,ok
queue depth 1 - repeat 1,queue-depth detector,queue depth,1.0,1,66.541,2776,2584,192,,ok
queue depth 1 - repeat 1,queue-depth detector,queue depth,1.0,1,67.009,2795,2603,192,,ok
queue depth 1 - repeat 1,queue-depth detector,queue depth,1.0,1,67.532,2820,2631,189,,ok
queue depth 1 - repeat 1,queue-depth detector,queue depth,1.0,1,68.044,2844,2665,179,,ok
queue depth 1 - repeat 1,queue-depth detector,queue depth,1.0,1,68.523,2890,2698,192,,ok
queue depth 1 - repeat 1,queue-depth detector,queue depth,1.0,1,69.034,2904,2717,187,,ok
queue depth 1 - repeat 1,queue-depth detector,queue depth,1.0,1,69.501,2921,2731,190,,ok
queue depth 1 - repeat 1,queue-depth detector,queue depth,1.0,1,70.009,2943,2754,189,,ok
queue depth 1 - repeat 1,queue-depth detector,queue depth,1.0,1,70.537,2972,2795,177,,ok
queue depth 1 - repeat 1,queue-depth detector,queue depth,1.0,1,71.026,3018,2826,192,,ok
queue depth 1 - repeat 1,queue-depth detector,queue depth,1.0,1,71.544,3032,2840,192,,ok
queue depth 1 - repeat 1,queue-depth detector,queue depth,1.0,1,72.023,3049,2859,190,,ok
queue depth 1 - repeat 1,queue-depth detector,queue depth,1.0,1,72.537,3076,2884,192,,ok
queue depth 1 - repeat 1,queue-depth detector,queue depth,1.0,1,73.0,3098,2906,192,,ok
queue depth 1 - repeat 1,queue-depth detector,queue depth,1.0,1,73.514,3148,2956,192,,ok
queue depth 1 - repeat 1,queue-depth detector,queue depth,1.0,1,74.042,3148,2956,192,,ok
queue depth 1 - repeat 1,queue-depth detector,queue depth,1.0,1,74.5,3160,2968,192,,ok
queue depth 1 - repeat 1,queue-depth detector,queue depth,1.0,1,75.01,3177,2987,190,,ok
queue depth 1 - repeat 1,queue-depth detector,queue depth,1.0,1,75.535,3199,3015,184,,ok
queue depth 1 - repeat 1,queue-depth detector,queue depth,1.0,1,76.047,3226,3036,190,,ok
queue depth 1 - repeat 1,queue-depth detector,queue depth,1.0,1,76.51,3257,3065,192,,ok
queue depth 1 - repeat 1,queue-depth detector,queue depth,1.0,1,77.027,3282,3090,192,,ok
queue depth 1 - repeat 1,queue-depth detector,queue depth,1.0,1,77.54,3305,3113,192,,ok
queue depth 1 - repeat 1,queue-depth detector,queue depth,1.0,1,78.007,3323,3131,192,,ok
queue depth 1 - repeat 1,queue-depth detector,queue depth,1.0,1,78.521,3354,3162,192,,ok
queue depth 1 - repeat 1,queue-depth detector,queue depth,1.0,1,79.031,3370,3193,177,,ok
queue depth 1 - repeat 1,queue-depth detector,queue depth,1.0,1,79.548,3405,3218,187,,ok
queue depth 1 - repeat 1,queue-depth detector,queue depth,1.0,1,80.064,3423,3241,182,,ok
queue depth 1 - repeat 1,queue-depth detector,queue depth,1.0,1,80.51,3447,3258,189,,ok
queue depth 1 - repeat 1,queue-depth detector,queue depth,1.0,1,81.027,3468,3281,187,,ok
queue depth 1 - repeat 1,queue-depth detector,queue depth,1.0,1,81.543,3491,3306,185,,ok
queue depth 1 - repeat 1,queue-depth detector,queue depth,1.0,1,82.015,3532,3341,191,,ok
queue depth 1 - repeat 1,queue-depth detector,queue depth,1.0,1,82.547,3553,3366,187,,ok
queue depth 1 - repeat 1,queue-depth detector,queue depth,1.0,1,83.009,3575,3383,192,,ok
queue depth 1 - repeat 1,queue-depth detector,queue depth,1.0,1,83.528,3596,3404,192,,ok
queue depth 1 - repeat 1,queue-depth detector,queue depth,1.0,1,84.001,3619,3427,192,,ok
queue depth 1 - repeat 1,queue-depth detector,queue depth,1.0,1,84.519,3660,3468,192,,ok
queue depth 1 - repeat 1,queue-depth detector,queue depth,1.0,1,85.031,3678,3486,192,,ok
queue depth 1 - repeat 1,queue-depth detector,queue depth,1.0,1,85.54,3703,3511,192,,ok
queue depth 1 - repeat 1,queue-depth detector,queue depth,1.0,1,86.05,3724,3532,192,,ok
queue depth 1 - repeat 1,queue-depth detector,queue depth,1.0,1,86.522,3743,3555,188,,ok
queue depth 1 - repeat 1,queue-depth detector,queue depth,1.0,1,87.046,3788,3596,192,,ok
queue depth 1 - repeat 1,queue-depth detector,queue depth,1.0,1,87.502,3801,3609,192,,ok
queue depth 1 - repeat 1,queue-depth detector,queue depth,1.0,1,88.014,3822,3631,191,,ok
queue depth 1 - repeat 1,queue-depth detector,queue depth,1.0,1,88.514,3848,3656,192,,ok
queue depth 1 - repeat 1,queue-depth detector,queue depth,1.0,1,89.026,3869,3679,190,,ok
queue depth 1 - repeat 1,queue-depth detector,queue depth,1.0,1,89.546,3907,3724,183,,ok
queue depth 1 - repeat 1,queue-depth detector,queue depth,1.0,1,90.041,3921,3736,185,,ok
queue depth 1 - repeat 1,queue-depth detector,queue depth,1.0,1,90.523,3946,3755,191,,ok
queue depth 1 - repeat 1,queue-depth detector,queue depth,1.0,1,91.005,3963,3778,185,,ok
queue depth 1 - repeat 1,queue-depth detector,queue depth,1.0,1,91.542,3992,3802,190,,ok
queue depth 1 - repeat 1,queue-depth detector,queue depth,1.0,1,92.01,4019,3842,177,,ok
queue depth 1 - repeat 1,queue-depth detector,queue depth,1.0,1,92.523,4049,3859,190,,ok
queue depth 1 - repeat 1,queue-depth detector,queue depth,1.0,1,93.043,4061,3869,192,,ok
queue depth 1 - repeat 1,queue-depth detector,queue depth,1.0,1,93.505,4061,3869,192,,ok
queue depth 1 - repeat 1,queue-depth detector,queue depth,1.0,1,94.027,4120,3930,190,,ok
queue depth 1 - repeat 1,queue-depth detector,queue depth,1.0,1,94.541,4147,3970,177,,ok
queue depth 1 - repeat 1,queue-depth detector,queue depth,1.0,1,95.028,4177,3987,190,,ok
queue depth 1 - repeat 1,queue-depth detector,queue depth,1.0,1,95.541,4197,4011,186,,ok
queue depth 1 - repeat 1,queue-depth detector,queue depth,1.0,1,96.019,4219,4034,185,,ok
queue depth 1 - repeat 1,queue-depth detector,queue depth,1.0,1,96.534,4248,4058,190,,ok
queue depth 1 - repeat 1,queue-depth detector,queue depth,1.0,1,97.044,4262,4108,154,,ok
queue depth 1 - repeat 1,queue-depth detector,queue depth,1.0,1,97.509,4301,4109,192,,ok
queue depth 1 - repeat 1,queue-depth detector,queue depth,1.0,1,98.026,4305,4113,192,,ok
queue depth 1 - repeat 1,queue-depth detector,queue depth,1.0,1,98.539,4323,4131,192,,ok
queue depth 1 - repeat 1,queue-depth detector,queue depth,1.0,1,99.003,4347,4155,192,,ok
queue depth 1 - repeat 1,queue-depth detector,queue depth,1.0,1,99.515,4376,4184,192,,ok
queue depth 1 - repeat 1,queue-depth detector,queue depth,1.0,1,100.055,4389,4197,192,,ok
queue depth 1 - repeat 1,queue-depth detector,queue depth,1.0,1,100.518,4429,4241,188,,ok
queue depth 1 - repeat 1,queue-depth detector,queue depth,1.0,1,101.05,4451,4259,192,,ok
queue depth 1 - repeat 1,queue-depth detector,queue depth,1.0,1,101.534,4474,4282,192,,ok
queue depth 1 - repeat 1,queue-depth detector,queue depth,1.0,1,102.005,4497,4312,185,,ok
queue depth 1 - repeat 1,queue-depth detector,queue depth,1.0,1,102.519,4511,4323,188,,ok
queue depth 1 - repeat 1,queue-depth detector,queue depth,1.0,1,103.033,4557,4365,192,,ok
queue depth 1 - repeat 1,queue-depth detector,queue depth,1.0,1,103.505,4571,4381,190,,ok
queue depth 1 - repeat 1,queue-depth detector,queue depth,1.0,1,104.028,4599,4407,192,,ok
queue depth 1 - repeat 1,queue-depth detector,queue depth,1.0,1,104.501,4620,4428,192,,ok
queue depth 1 - repeat 1,queue-depth detector,queue depth,1.0,1,105.01,4637,4445,192,,ok
queue depth 1 - repeat 1,queue-depth detector,queue depth,1.0,1,105.519,4670,4484,186,,ok
queue depth 1 - repeat 1,queue-depth detector,queue depth,1.0,1,106.038,4689,4497,192,,ok
queue depth 1 - repeat 1,queue-depth detector,queue depth,1.0,1,106.528,4726,4535,191,,ok
queue depth 1 - repeat 1,queue-depth detector,queue depth,1.0,1,107.039,4744,4556,188,,ok
queue depth 1 - repeat 1,queue-depth detector,queue depth,1.0,1,107.508,4762,4573,189,,ok
queue depth 1 - repeat 1,queue-depth detector,queue depth,1.0,1,108.036,4792,4603,189,,ok
queue depth 1 - repeat 1,queue-depth detector,queue depth,1.0,1,108.511,4819,4627,192,,ok
queue depth 1 - repeat 1,queue-depth detector,queue depth,1.0,1,109.035,4846,4654,192,,ok
queue depth 1 - repeat 1,queue-depth detector,queue depth,1.0,1,109.55,4872,4680,192,,ok
queue depth 1 - repeat 1,queue-depth detector,queue depth,1.0,1,110.045,4890,4698,192,,ok
queue depth 1 - repeat 1,queue-depth detector,queue depth,1.0,1,110.552,4905,4713,192,,ok
queue depth 1 - repeat 1,queue-depth detector,queue depth,1.0,1,111.005,4941,4752,189,,ok
queue depth 1 - repeat 1,queue-depth detector,queue depth,1.0,1,111.502,4963,4771,192,,ok
queue depth 1 - repeat 1,queue-depth detector,queue depth,1.0,1,112.016,4986,4796,190,,ok
queue depth 1 - repeat 1,queue-depth detector,queue depth,1.0,1,112.528,5005,4815,190,,ok
queue depth 1 - repeat 1,queue-depth detector,queue depth,1.0,1,113.045,5029,4837,192,,ok
queue depth 1 - repeat 1,queue-depth detector,queue depth,1.0,1,113.52,5065,4877,188,,ok
queue depth 1 - repeat 1,queue-depth detector,queue depth,1.0,1,114.042,5085,4899,186,,ok
queue depth 1 - repeat 1,queue-depth detector,queue depth,1.0,1,114.502,5111,4922,189,,ok
queue depth 1 - repeat 1,queue-depth detector,queue depth,1.0,1,115.008,5132,4941,191,,ok
queue depth 1 - repeat 1,queue-depth detector,queue depth,1.0,1,115.524,5146,4957,189,,ok
queue depth 1 - repeat 1,queue-depth detector,queue depth,1.0,1,116.043,5182,5000,182,,ok
queue depth 1 - repeat 1,queue-depth detector,queue depth,1.0,1,116.52,5209,5017,192,,ok
queue depth 1 - repeat 1,queue-depth detector,queue depth,1.0,1,117.031,5239,5047,192,,ok
queue depth 1 - repeat 1,queue-depth detector,queue depth,1.0,1,117.543,5260,5068,192,,ok
queue depth 1 - repeat 1,queue-depth detector,queue depth,1.0,1,118.002,5265,5082,183,,ok
queue depth 1 - repeat 1,queue-depth detector,queue depth,1.0,1,118.516,5296,5115,181,,ok
queue depth 1 - repeat 1,queue-depth detector,queue depth,1.0,1,119.029,5331,5145,186,,ok
queue depth 1 - repeat 1,queue-depth detector,queue depth,1.0,1,119.501,5352,5160,192,,ok
queue depth 1 - repeat 1,queue-depth detector,queue depth,1.0,1,120.035,5384,5192,192,,ok
queue depth 1 - repeat 1,queue-depth detector,queue depth,1.0,1,120.508,5393,5201,192,,ok
queue depth 1 - repeat 1,queue-depth detector,queue depth,1.0,1,121.032,5424,5232,192,,ok
queue depth 1 - repeat 1,queue-depth detector,queue depth,1.0,1,121.51,5456,5265,191,,ok
queue depth 1 - repeat 1,queue-depth detector,queue depth,1.0,1,122.022,5478,5288,190,,ok
queue depth 1 - repeat 1,queue-depth detector,queue depth,1.0,1,122.54,5512,5320,192,,ok
queue depth 1 - repeat 1,queue-depth detector,queue depth,1.0,1,123.009,5517,5327,190,,ok
queue depth 1 - repeat 1,queue-depth detector,queue depth,1.0,1,123.537,5535,5343,192,,ok
queue depth 1 - repeat 1,queue-depth detector,queue depth,1.0,1,124.051,5581,5393,188,,ok
queue depth 1 - repeat 1,queue-depth detector,queue depth,1.0,1,124.523,5597,5410,187,,ok
queue depth 1 - repeat 1,queue-depth detector,queue depth,1.0,1,125.04,5623,5431,192,,ok
queue depth 1 - repeat 1,queue-depth detector,queue depth,1.0,1,125.506,5644,5453,191,,ok
queue depth 1 - repeat 1,queue-depth detector,queue depth,1.0,1,126.023,5661,5469,192,,ok
queue depth 1 - repeat 1,queue-depth detector,queue depth,1.0,1,126.537,5700,5508,192,,ok
queue depth 1 - repeat 1,queue-depth detector,queue depth,1.0,1,127.05,5721,5533,188,,ok
queue depth 1 - repeat 1,queue-depth detector,queue depth,1.0,1,127.514,5744,5554,190,,ok
queue depth 1 - repeat 1,queue-depth detector,queue depth,1.0,1,128.03,5772,5580,192,,ok
queue depth 1 - repeat 1,queue-depth detector,queue depth,1.0,1,128.546,5786,5594,192,,ok
queue depth 1 - repeat 1,queue-depth detector,queue depth,1.0,1,129.022,5815,5623,192,,ok
queue depth 1 - repeat 1,queue-depth detector,queue depth,1.0,1,129.5,5841,5657,184,,ok
queue depth 1 - repeat 1,queue-depth detector,queue depth,1.0,1,130.025,5864,5674,190,,ok
queue depth 1 - repeat 1,queue-depth detector,queue depth,1.0,1,130.55,5896,5704,192,,ok
queue depth 1 - repeat 1,queue-depth detector,queue depth,1.0,1,131.05,5905,5713,192,,ok
queue depth 1 - repeat 1,queue-depth detector,queue depth,1.0,1,131.522,5921,5729,192,,ok
queue depth 1 - repeat 1,queue-depth detector,queue depth,1.0,1,132.001,5960,5777,183,,ok
queue depth 1 - repeat 1,queue-depth detector,queue depth,1.0,1,132.511,5987,5800,187,,ok
queue depth 1 - repeat 1,queue-depth detector,queue depth,1.0,1,133.026,6007,5818,189,,ok
queue depth 1 - repeat 1,queue-depth detector,queue depth,1.0,1,133.543,6031,5841,190,,ok
queue depth 1 - repeat 1,queue-depth detector,queue depth,1.0,1,134.015,6047,5855,192,,ok
queue depth 1 - repeat 1,queue-depth detector,queue depth,1.0,1,134.526,6084,5892,192,,ok
queue depth 1 - repeat 1,queue-depth detector,queue depth,1.0,1,135.003,6109,5919,190,,ok
queue depth 1 - repeat 1,queue-depth detector,queue depth,1.0,1,135.515,6135,5943,192,,ok
queue depth 1 - repeat 1,queue-depth detector,queue depth,1.0,1,136.027,6157,5965,192,,ok
queue depth 1 - repeat 1,queue-depth detector,queue depth,1.0,1,136.543,6171,5983,188,,ok
queue depth 1 - repeat 1,queue-depth detector,queue depth,1.0,1,137.009,6211,6019,192,,ok
queue depth 1 - repeat 1,queue-depth detector,queue depth,1.0,1,137.526,6211,6020,191,,ok
queue depth 1 - repeat 1,queue-depth detector,queue depth,1.0,1,138.046,6237,6047,190,,ok
queue depth 1 - repeat 1,queue-depth detector,queue depth,1.0,1,138.511,6258,6071,187,,ok
queue depth 1 - repeat 1,queue-depth detector,queue depth,1.0,1,139.026,6284,6093,191,,ok
queue depth 1 - repeat 1,queue-depth detector,queue depth,1.0,1,139.536,6299,6107,192,,ok
queue depth 1 - repeat 1,queue-depth detector,queue depth,1.0,1,140.046,6312,6148,164,,ok
queue depth 1 - repeat 1,queue-depth detector,queue depth,1.0,1,140.512,6361,6169,192,,ok
queue depth 1 - repeat 1,queue-depth detector,queue depth,1.0,1,141.008,6384,6192,192,,ok
queue depth 1 - repeat 1,queue-depth detector,queue depth,1.0,1,141.555,6412,6220,192,,ok
queue depth 1 - repeat 1,queue-depth detector,queue depth,1.0,1,142.026,6425,6233,192,,ok
queue depth 1 - repeat 1,queue-depth detector,queue depth,1.0,1,142.537,6467,6275,192,,ok
queue depth 1 - repeat 1,queue-depth detector,queue depth,1.0,1,143.047,6482,6303,179,,ok
queue depth 1 - repeat 1,queue-depth detector,queue depth,1.0,1,143.509,6514,6327,187,,ok
queue depth 1 - repeat 1,queue-depth detector,queue depth,1.0,1,144.022,6540,6348,192,,ok
queue depth 1 - repeat 1,queue-depth detector,queue depth,1.0,1,144.537,6553,6361,192,,ok
queue depth 1 - repeat 1,queue-depth detector,queue depth,1.0,1,145.048,6595,6403,192,,ok
queue depth 1 - repeat 1,queue-depth detector,queue depth,1.0,1,145.513,6610,6418,192,,ok
queue depth 1 - repeat 1,queue-depth detector,queue depth,1.0,1,146.029,6640,6450,190,,ok
queue depth 1 - repeat 1,queue-depth detector,queue depth,1.0,1,146.542,6668,6476,192,,ok
queue depth 1 - repeat 1,queue-depth detector,queue depth,1.0,1,147.007,6674,6489,185,,ok
queue depth 1 - repeat 1,queue-depth detector,queue depth,1.0,1,147.52,6708,6531,177,,ok
queue depth 1 - repeat 1,queue-depth detector,queue depth,1.0,1,148.032,6738,6546,192,,ok
queue depth 1 - repeat 1,queue-depth detector,queue depth,1.0,1,148.546,6770,6583,187,,ok
queue depth 1 - repeat 1,queue-depth detector,queue depth,1.0,1,149.013,6796,6604,192,,ok
queue depth 1 - repeat 1,queue-depth detector,queue depth,1.0,1,149.53,6803,6612,191,,ok
queue depth 1 - repeat 1,queue-depth detector,queue depth,1.0,1,150.002,6824,6664,160,,ok
queue depth 1 - repeat 1,queue-depth detector,queue depth,1.0,1,150.52,6865,6674,191,,ok
queue depth 1 - repeat 1,queue-depth detector,queue depth,1.0,1,151.016,6896,6707,189,,ok
queue depth 1 - repeat 1,queue-depth detector,queue depth,1.0,1,151.52,6924,6732,192,,ok
queue depth 1 - repeat 1,queue-depth detector,queue depth,1.0,1,152.018,6930,6738,192,,ok
queue depth 1 - repeat 1,queue-depth detector,queue depth,1.0,1,152.502,6956,6764,192,,ok
queue depth 1 - repeat 1,queue-depth detector,queue depth,1.0,1,153.017,6993,6801,192,,ok
queue depth 1 - repeat 1,queue-depth detector,queue depth,1.0,1,153.552,6994,6803,191,,ok
queue depth 1 - repeat 1,queue-depth detector,queue depth,1.0,1,154.019,7026,6839,187,,ok
queue depth 1 - repeat 1,queue-depth detector,queue depth,1.0,1,154.542,7052,6860,192,,ok
queue depth 1 - repeat 1,queue-depth detector,queue depth,1.0,1,155.05,7058,6867,191,,ok
queue depth 1 - repeat 1,queue-depth detector,queue depth,1.0,1,155.544,7084,6892,192,,ok
queue depth 1 - repeat 1,queue-depth detector,queue depth,1.0,1,156.029,7122,6930,192,,ok
queue depth 1 - repeat 1,queue-depth detector,queue depth,1.0,1,156.507,7152,6962,190,,ok
queue depth 1 - repeat 1,queue-depth detector,queue depth,1.0,1,157.019,7167,6985,182,,ok
queue depth 1 - repeat 1,queue-depth detector,queue depth,1.0,1,157.536,7186,6995,191,,ok
queue depth 1 - repeat 1,queue-depth detector,queue depth,1.0,1,158.047,7212,7020,192,,ok
queue depth 1 - repeat 1,queue-depth detector,queue depth,1.0,1,158.509,7231,7042,189,,ok
queue depth 1 - repeat 1,queue-depth detector,queue depth,1.0,1,159.026,7280,7088,192,,ok
queue depth 1 - repeat 1,queue-depth detector,queue depth,1.0,1,159.55,7295,7108,187,,ok
queue depth 1 - repeat 1,queue-depth detector,queue depth,1.0,1,160.021,7309,7118,191,,ok
queue depth 1 - repeat 1,queue-depth detector,queue depth,1.0,1,160.525,7336,7144,192,,ok
queue depth 1 - repeat 1,queue-depth detector,queue depth,1.0,1,161.012,7359,7167,192,,ok
queue depth 1 - repeat 1,queue-depth detector,queue depth,1.0,1,161.515,7385,7216,169,,ok
queue depth 1 - repeat 1,queue-depth detector,queue depth,1.0,1,162.022,7418,7229,189,,ok
queue depth 1 - repeat 1,queue-depth detector,queue depth,1.0,1,162.551,7438,7250,188,,ok
queue depth 1 - repeat 1,queue-depth detector,queue depth,1.0,1,163.011,7454,7262,192,,ok
queue depth 1 - repeat 1,queue-depth detector,queue depth,1.0,1,163.504,7483,7295,188,,ok
queue depth 1 - repeat 1,queue-depth detector,queue depth,1.0,1,164.014,7513,7327,186,,ok
queue depth 1 - repeat 1,queue-depth detector,queue depth,1.0,1,164.527,7549,7357,192,,ok
queue depth 1 - repeat 1,queue-depth detector,queue depth,1.0,1,165.001,7566,7374,192,,ok
queue depth 1 - repeat 1,queue-depth detector,queue depth,1.0,1,165.515,7581,7400,181,,ok
queue depth 1 - repeat 1,queue-depth detector,queue depth,1.0,1,166.033,7615,7423,192,,ok
queue depth 1 - repeat 1,queue-depth detector,queue depth,1.0,1,166.5,7615,7449,166,,ok
queue depth 1 - repeat 1,queue-depth detector,queue depth,1.0,1,167.013,7674,7485,189,,ok
queue depth 1 - repeat 1,queue-depth detector,queue depth,1.0,1,167.526,7693,7502,191,,ok
queue depth 1 - repeat 1,queue-depth detector,queue depth,1.0,1,168.005,7705,7517,188,,ok
queue depth 1 - repeat 1,queue-depth detector,queue depth,1.0,1,168.516,7728,7540,188,,ok
queue depth 1 - repeat 1,queue-depth detector,queue depth,1.0,1,169.04,7769,7577,192,,ok
queue depth 1 - repeat 1,queue-depth detector,queue depth,1.0,1,169.501,7799,7610,189,,ok
queue depth 1 - repeat 1,queue-depth detector,queue depth,1.0,1,170.034,7820,7630,190,,ok
queue depth 1 - repeat 1,queue-depth detector,queue depth,1.0,1,170.533,7833,7645,188,,ok
queue depth 1 - repeat 1,queue-depth detector,queue depth,1.0,1,171.609,7848,7687,161,,ok
queue depth 1 - repeat 1,queue-depth detector,queue depth,1.0,1,172.04,7933,7741,192,,ok
queue depth 1 - repeat 1,queue-depth detector,queue depth,1.0,1,172.562,7949,7758,191,,ok
queue depth 1 - repeat 1,queue-depth detector,queue depth,1.0,1,173.028,7961,7773,188,,ok
queue depth 1 - repeat 1,queue-depth detector,queue depth,1.0,1,173.513,7984,7792,192,,ok
queue depth 1 - repeat 1,queue-depth detector,queue depth,1.0,1,174.049,8019,7827,192,,ok
queue depth 1 - repeat 1,queue-depth detector,queue depth,1.0,1,174.549,8040,7867,173,,ok
queue depth 1 - repeat 1,queue-depth detector,queue depth,1.0,1,175.007,8077,7886,191,,ok
queue depth 1 - repeat 1,queue-depth detector,queue depth,1.0,1,175.527,8093,7912,181,,ok
queue depth 1 - repeat 1,queue-depth detector,queue depth,1.0,1,176.039,8116,7927,189,,ok
queue depth 1 - repeat 1,queue-depth detector,queue depth,1.0,1,176.52,8147,7955,192,,ok
queue depth 1 - repeat 1,queue-depth detector,queue depth,1.0,1,177.032,8176,7997,179,,ok
queue depth 1 - repeat 1,queue-depth detector,queue depth,1.0,1,177.548,8205,8014,191,,ok
queue depth 1 - repeat 1,queue-depth detector,queue depth,1.0,1,178.009,8217,8027,190,,ok
queue depth 1 - repeat 1,queue-depth detector,queue depth,1.0,1,178.538,8240,8052,188,,ok
queue depth 1 - repeat 1,queue-depth detector,queue depth,1.0,1,179.01,8271,8083,188,,ok
queue depth 1 - repeat 1,queue-depth detector,queue depth,1.0,1,179.525,8304,8125,179,,ok
queue depth 2 - repeat 1,queue-depth detector,queue depth,2.0,1,0.0,0,0,0,,ok
queue depth 2 - repeat 1,queue-depth detector,queue depth,2.0,1,0.516,3,0,3,,ok
queue depth 2 - repeat 1,queue-depth detector,queue depth,2.0,1,1.039,6,0,6,,ok
queue depth 2 - repeat 1,queue-depth detector,queue depth,2.0,1,1.518,10,1,9,,ok
queue depth 2 - repeat 1,queue-depth detector,queue depth,2.0,1,2.033,18,5,13,,ok
queue depth 2 - repeat 1,queue-depth detector,queue depth,2.0,1,2.679,22,9,13,,ok
queue depth 2 - repeat 1,queue-depth detector,queue depth,2.0,1,3.044,35,16,19,,ok
queue depth 2 - repeat 1,queue-depth detector,queue depth,2.0,1,3.504,42,20,22,,ok
queue depth 2 - repeat 1,queue-depth detector,queue depth,2.0,1,4.027,47,22,25,,ok
queue depth 2 - repeat 1,queue-depth detector,queue depth,2.0,1,4.538,65,36,29,,ok
queue depth 2 - repeat 1,queue-depth detector,queue depth,2.0,1,5.002,68,36,32,,ok
queue depth 2 - repeat 1,queue-depth detector,queue depth,2.0,1,5.511,78,43,35,,ok
queue depth 2 - repeat 1,queue-depth detector,queue depth,2.0,1,6.035,85,47,38,,ok
queue depth 2 - repeat 1,queue-depth detector,queue depth,2.0,1,6.545,111,69,42,,ok
queue depth 2 - repeat 1,queue-depth detector,queue depth,2.0,1,7.009,114,69,45,,ok
queue depth 2 - repeat 1,queue-depth detector,queue depth,2.0,1,7.524,118,70,48,,ok
queue depth 2 - repeat 1,queue-depth detector,queue depth,2.0,1,8.032,129,79,50,,ok
queue depth 2 - repeat 1,queue-depth detector,queue depth,2.0,1,8.546,138,85,53,,ok
queue depth 2 - repeat 1,queue-depth detector,queue depth,2.0,1,9.005,143,117,26,,ok
queue depth 2 - repeat 1,queue-depth detector,queue depth,2.0,1,9.517,180,119,61,,ok
queue depth 2 - repeat 1,queue-depth detector,queue depth,2.0,1,10.029,189,125,64,,ok
queue depth 2 - repeat 1,queue-depth detector,queue depth,2.0,1,10.502,199,132,67,,ok
queue depth 2 - repeat 1,queue-depth detector,queue depth,2.0,1,11.053,208,141,67,,ok
queue depth 2 - repeat 1,queue-depth detector,queue depth,2.0,1,11.543,254,180,74,,ok
queue depth 2 - repeat 1,queue-depth detector,queue depth,2.0,1,12.044,265,189,76,,ok
queue depth 2 - repeat 1,queue-depth detector,queue depth,2.0,1,12.505,277,197,80,,ok
queue depth 2 - repeat 1,queue-depth detector,queue depth,2.0,1,13.003,290,207,83,,ok
queue depth 2 - repeat 1,queue-depth detector,queue depth,2.0,1,13.52,338,252,86,,ok
queue depth 2 - repeat 1,queue-depth detector,queue depth,2.0,1,14.033,352,263,89,,ok
queue depth 2 - repeat 1,queue-depth detector,queue depth,2.0,1,14.546,367,274,93,,ok
queue depth 2 - repeat 1,queue-depth detector,queue depth,2.0,1,15.005,384,288,96,,ok
queue depth 2 - repeat 1,queue-depth detector,queue depth,2.0,1,15.515,437,338,99,,ok
queue depth 2 - repeat 1,queue-depth detector,queue depth,2.0,1,16.027,440,338,102,,ok
queue depth 2 - repeat 1,queue-depth detector,queue depth,2.0,1,16.542,445,339,106,,ok
queue depth 2 - repeat 1,queue-depth detector,queue depth,2.0,1,17.006,449,340,109,,ok
queue depth 2 - repeat 1,queue-depth detector,queue depth,2.0,1,17.515,464,352,112,,ok
queue depth 2 - repeat 1,queue-depth detector,queue depth,2.0,1,18.038,480,365,115,,ok
queue depth 2 - repeat 1,queue-depth detector,queue depth,2.0,1,18.509,485,369,116,,ok
queue depth 2 - repeat 1,queue-depth detector,queue depth,2.0,1,19.017,505,384,121,,ok
queue depth 2 - repeat 1,queue-depth detector,queue depth,2.0,1,19.53,574,449,125,,ok
queue depth 2 - repeat 1,queue-depth detector,queue depth,2.0,1,20.043,578,452,126,,ok
queue depth 2 - repeat 1,queue-depth detector,queue depth,2.0,1,20.552,594,465,129,,ok
queue depth 2 - repeat 1,queue-depth detector,queue depth,2.0,1,21.094,613,481,132,,ok
queue depth 2 - repeat 1,queue-depth detector,queue depth,2.0,1,21.5,624,487,137,,ok
queue depth 2 - repeat 1,queue-depth detector,queue depth,2.0,1,22.022,645,512,133,,ok
queue depth 2 - repeat 1,queue-depth detector,queue depth,2.0,1,22.56,719,590,129,,ok
queue depth 2 - repeat 1,queue-depth detector,queue depth,2.0,1,23.007,738,591,147,,ok
queue depth 2 - repeat 1,queue-depth detector,queue depth,2.0,1,23.52,742,593,149,,ok
queue depth 2 - repeat 1,queue-depth detector,queue depth,2.0,1,24.032,763,611,152,,ok
queue depth 2 - repeat 1,queue-depth detector,queue depth,2.0,1,24.54,775,623,152,,ok
queue depth 2 - repeat 1,queue-depth detector,queue depth,2.0,1,25.009,804,644,160,,ok
queue depth 2 - repeat 1,queue-depth detector,queue depth,2.0,1,25.532,878,715,163,,ok
queue depth 2 - repeat 1,queue-depth detector,queue depth,2.0,1,26.007,886,721,165,,ok
queue depth 2 - repeat 1,queue-depth detector,queue depth,2.0,1,26.526,907,739,168,,ok
queue depth 2 - repeat 1,queue-depth detector,queue depth,2.0,1,27.034,920,751,169,,ok
queue depth 2 - repeat 1,queue-depth detector,queue depth,2.0,1,27.543,948,772,176,,ok
queue depth 2 - repeat 1,queue-depth detector,queue depth,2.0,1,28.003,988,809,179,,ok
queue depth 2 - repeat 1,queue-depth detector,queue depth,2.0,1,28.518,1030,849,181,,ok
queue depth 2 - repeat 1,queue-depth detector,queue depth,2.0,1,29.026,1051,868,183,,ok
queue depth 2 - repeat 1,queue-depth detector,queue depth,2.0,1,29.535,1065,876,189,,ok
queue depth 2 - repeat 1,queue-depth detector,queue depth,2.0,1,30.046,1092,900,192,,ok
queue depth 2 - repeat 1,queue-depth detector,queue depth,2.0,1,30.507,1119,934,185,,ok
queue depth 2 - repeat 1,queue-depth detector,queue depth,2.0,1,31.028,1168,977,191,,ok
queue depth 2 - repeat 1,queue-depth detector,queue depth,2.0,1,31.511,1185,993,192,,ok
queue depth 2 - repeat 1,queue-depth detector,queue depth,2.0,1,32.003,1194,1002,192,,ok
queue depth 2 - repeat 1,queue-depth detector,queue depth,2.0,1,32.501,1215,1025,190,,ok
queue depth 2 - repeat 1,queue-depth detector,queue depth,2.0,1,33.048,1247,1062,185,,ok
queue depth 2 - repeat 1,queue-depth detector,queue depth,2.0,1,33.506,1296,1104,192,,ok
queue depth 2 - repeat 1,queue-depth detector,queue depth,2.0,1,34.022,1297,1105,192,,ok
queue depth 2 - repeat 1,queue-depth detector,queue depth,2.0,1,34.549,1313,1122,191,,ok
queue depth 2 - repeat 1,queue-depth detector,queue depth,2.0,1,35.009,1322,1130,192,,ok
queue depth 2 - repeat 1,queue-depth detector,queue depth,2.0,1,35.521,1339,1153,186,,ok
queue depth 2 - repeat 1,queue-depth detector,queue depth,2.0,1,36.033,1375,1183,192,,ok
queue depth 2 - repeat 1,queue-depth detector,queue depth,2.0,1,36.55,1422,1233,189,,ok
queue depth 2 - repeat 1,queue-depth detector,queue depth,2.0,1,37.01,1440,1248,192,,ok
queue depth 2 - repeat 1,queue-depth detector,queue depth,2.0,1,37.515,1448,1258,190,,ok
queue depth 2 - repeat 1,queue-depth detector,queue depth,2.0,1,38.034,1465,1275,190,,ok
queue depth 2 - repeat 1,queue-depth detector,queue depth,2.0,1,38.546,1510,1318,192,,ok
queue depth 2 - repeat 1,queue-depth detector,queue depth,2.0,1,39.007,1524,1343,181,,ok
queue depth 2 - repeat 1,queue-depth detector,queue depth,2.0,1,39.524,1535,1348,187,,ok
queue depth 2 - repeat 1,queue-depth detector,queue depth,2.0,1,40.01,1563,1376,187,,ok
queue depth 2 - repeat 1,queue-depth detector,queue depth,2.0,1,40.529,1575,1386,189,,ok
queue depth 2 - repeat 1,queue-depth detector,queue depth,2.0,1,41.031,1590,1401,189,,ok
queue depth 2 - repeat 1,queue-depth detector,queue depth,2.0,1,41.517,1611,1423,188,,ok
queue depth 2 - repeat 1,queue-depth detector,queue depth,2.0,1,42.029,1651,1459,192,,ok
queue depth 2 - repeat 1,queue-depth detector,queue depth,2.0,1,42.533,1690,1498,192,,ok
queue depth 2 - repeat 1,queue-depth detector,queue depth,2.0,1,43.051,1703,1511,192,,ok
queue depth 2 - repeat 1,queue-depth detector,queue depth,2.0,1,43.512,1712,1526,186,,ok
queue depth 2 - repeat 1,queue-depth detector,queue depth,2.0,1,44.028,1738,1547,191,,ok
queue depth 2 - repeat 1,queue-depth detector,queue depth,2.0,1,44.505,1766,1587,179,,ok
queue depth 2 - repeat 1,queue-depth detector,queue depth,2.0,1,45.016,1814,1627,187,,ok
queue depth 2 - repeat 1,queue-depth detector,queue depth,2.0,1,45.527,1830,1638,192,,ok
queue depth 2 - repeat 1,queue-depth detector,queue depth,2.0,1,46.038,1836,1648,188,,ok
queue depth 2 - repeat 1,queue-depth detector,queue depth,2.0,1,46.515,1860,1668,192,,ok
queue depth 2 - repeat 1,queue-depth detector,queue depth,2.0,1,47.032,1907,1715,192,,ok
queue depth 2 - repeat 1,queue-depth detector,queue depth,2.0,1,47.546,1937,1745,192,,ok
queue depth 2 - repeat 1,queue-depth detector,queue depth,2.0,1,48.005,1954,1763,191,,ok
queue depth 2 - repeat 1,queue-depth detector,queue depth,2.0,1,48.513,1962,1772,190,,ok
queue depth 2 - repeat 1,queue-depth detector,queue depth,2.0,1,49.025,1983,1791,192,,ok
queue depth 2 - repeat 1,queue-depth detector,queue depth,2.0,1,49.545,2009,1817,192,,ok
queue depth 2 - repeat 1,queue-depth detector,queue depth,2.0,1,50.019,2052,1862,190,,ok
queue depth 2 - repeat 1,queue-depth detector,queue depth,2.0,1,50.532,2078,1890,188,,ok
queue depth 2 - repeat 1,queue-depth detector,queue depth,2.0,1,51.084,2087,1899,188,,ok
queue depth 2 - repeat 1,queue-depth detector,queue depth,2.0,1,51.517,2102,1919,183,,ok
queue depth 2 - repeat 1,queue-depth detector,queue depth,2.0,1,52.045,2127,1940,187,,ok
queue depth 2 - repeat 1,queue-depth detector,queue depth,2.0,1,52.528,2193,2001,192,,ok
queue depth 2 - repeat 1,queue-depth detector,queue depth,2.0,1,53.014,2193,2001,192,,ok
queue depth 2 - repeat 1,queue-depth detector,queue depth,2.0,1,53.542,2206,2014,192,,ok
queue depth 2 - repeat 1,queue-depth detector,queue depth,2.0,1,54.001,2218,2026,192,,ok
queue depth 2 - repeat 1,queue-depth detector,queue depth,2.0,1,54.522,2235,2047,188,,ok
queue depth 2 - repeat 1,queue-depth detector,queue depth,2.0,1,55.046,2255,2068,187,,ok
queue depth 2 - repeat 1,queue-depth detector,queue depth,2.0,1,55.524,2289,2113,176,,ok
queue depth 2 - repeat 1,queue-depth detector,queue depth,2.0,1,56.035,2334,2142,192,,ok
queue depth 2 - repeat 1,queue-depth detector,queue depth,2.0,1,56.546,2344,2154,190,,ok
queue depth 2 - repeat 1,queue-depth detector,queue depth,2.0,1,57.003,2358,2169,189,,ok
queue depth 2 - repeat 1,queue-depth detector,queue depth,2.0,1,57.516,2383,2191,192,,ok
queue depth 2 - repeat 1,queue-depth detector,queue depth,2.0,1,58.026,2402,2225,177,,ok
queue depth 2 - repeat 1,queue-depth detector,queue depth,2.0,1,58.537,2459,2267,192,,ok
queue depth 2 - repeat 1,queue-depth detector,queue depth,2.0,1,59.004,2470,2278,192,,ok
queue depth 2 - repeat 1,queue-depth detector,queue depth,2.0,1,59.517,2476,2289,187,,ok
queue depth 2 - repeat 1,queue-depth detector,queue depth,2.0,1,60.028,2506,2315,191,,ok
queue depth 2 - repeat 1,queue-depth detector,queue depth,2.0,1,60.529,2523,2331,192,,ok
queue depth 2 - repeat 1,queue-depth detector,queue depth,2.0,1,61.036,2566,2398,168,,ok
queue depth 2 - repeat 1,queue-depth detector,queue depth,2.0,1,61.51,2597,2406,191,,ok
queue depth 2 - repeat 1,queue-depth detector,queue depth,2.0,1,62.034,2604,2417,187,,ok
queue depth 2 - repeat 1,queue-depth detector,queue depth,2.0,1,62.538,2623,2443,180,,ok
queue depth 2 - repeat 1,queue-depth detector,queue depth,2.0,1,63.008,2649,2459,190,,ok
queue depth 2 - repeat 1,queue-depth detector,queue depth,2.0,1,63.521,2679,2487,192,,ok
queue depth 2 - repeat 1,queue-depth detector,queue depth,2.0,1,64.047,2723,2531,192,,ok
queue depth 2 - repeat 1,queue-depth detector,queue depth,2.0,1,64.505,2732,2540,192,,ok
queue depth 2 - repeat 1,queue-depth detector,queue depth,2.0,1,65.017,2749,2557,192,,ok
queue depth 2 - repeat 1,queue-depth detector,queue depth,2.0,1,65.551,2777,2585,192,,ok
queue depth 2 - repeat 1,queue-depth detector,queue depth,2.0,1,66.013,2804,2612,192,,ok
queue depth 2 - repeat 1,queue-depth detector,queue depth,2.0,1,66.528,2852,2660,192,,ok
queue depth 2 - repeat 1,queue-depth detector,queue depth,2.0,1,67.001,2858,2666,192,,ok
queue depth 2 - repeat 1,queue-depth detector,queue depth,2.0,1,67.527,2875,2685,190,,ok
queue depth 2 - repeat 1,queue-depth detector,queue depth,2.0,1,68.05,2900,2713,187,,ok
queue depth 2 - repeat 1,queue-depth detector,queue depth,2.0,1,68.522,2933,2751,182,,ok
queue depth 2 - repeat 1,queue-depth detector,queue depth,2.0,1,69.047,2959,2771,188,,ok
queue depth 2 - repeat 1,queue-depth detector,queue depth,2.0,1,69.509,2984,2794,190,,ok
queue depth 2 - repeat 1,queue-depth detector,queue depth,2.0,1,70.02,2996,2811,185,,ok
queue depth 2 - repeat 1,queue-depth detector,queue depth,2.0,1,70.532,3023,2832,191,,ok
queue depth 2 - repeat 1,queue-depth detector,queue depth,2.0,1,71.038,3040,2848,192,,ok
queue depth 2 - repeat 1,queue-depth detector,queue depth,2.0,1,71.532,3087,2895,192,,ok
queue depth 2 - repeat 1,queue-depth detector,queue depth,2.0,1,72.016,3111,2919,192,,ok
queue depth 2 - repeat 1,queue-depth detector,queue depth,2.0,1,72.53,3124,2932,192,,ok
queue depth 2 - repeat 1,queue-depth detector,queue depth,2.0,1,73.012,3136,2959,177,,ok
queue depth 2 - repeat 1,queue-depth detector,queue depth,2.0,1,73.525,3163,2976,187,,ok
queue depth 2 - repeat 1,queue-depth detector,queue depth,2.0,1,74.038,3203,3023,180,,ok
queue depth 2 - repeat 1,queue-depth detector,queue depth,2.0,1,74.549,3239,3050,189,,ok
queue depth 2 - repeat 1,queue-depth detector,queue depth,2.0,1,75.017,3252,3060,192,,ok
queue depth 2 - repeat 1,queue-depth detector,queue depth,2.0,1,75.532,3276,3084,192,,ok
queue depth 2 - repeat 1,queue-depth detector,queue depth,2.0,1,76.043,3296,3104,192,,ok
queue depth 2 - repeat 1,queue-depth detector,queue depth,2.0,1,76.509,3343,3151,192,,ok
queue depth 2 - repeat 1,queue-depth detector,queue depth,2.0,1,77.026,3343,3151,192,,ok
queue depth 2 - repeat 1,queue-depth detector,queue depth,2.0,1,77.537,3370,3178,192,,ok
queue depth 2 - repeat 1,queue-depth detector,queue depth,2.0,1,78.038,3387,3197,190,,ok
queue depth 2 - repeat 1,queue-depth detector,queue depth,2.0,1,78.547,3404,3212,192,,ok
queue depth 2 - repeat 1,queue-depth detector,queue depth,2.0,1,79.004,3424,3233,191,,ok
queue depth 2 - repeat 1,queue-depth detector,queue depth,2.0,1,79.52,3471,3283,188,,ok
queue depth 2 - repeat 1,queue-depth detector,queue depth,2.0,1,80.031,3498,3306,192,,ok
queue depth 2 - repeat 1,queue-depth detector,queue depth,2.0,1,80.545,3508,3321,187,,ok
queue depth 2 - repeat 1,queue-depth detector,queue depth,2.0,1,81.125,3519,3341,178,,ok
queue depth 2 - repeat 1,queue-depth detector,queue depth,2.0,1,81.561,3552,3362,190,,ok
queue depth 2 - repeat 1,queue-depth detector,queue depth,2.0,1,82.005,3581,3393,188,,ok
queue depth 2 - repeat 1,queue-depth detector,queue depth,2.0,1,82.708,3623,3434,189,,ok
queue depth 2 - repeat 1,queue-depth detector,queue depth,2.0,1,83.206,3636,3449,187,,ok
queue depth 2 - repeat 1,queue-depth detector,queue depth,2.0,1,83.595,3658,3466,192,,ok
queue depth 2 - repeat 1,queue-depth detector,queue depth,2.0,1,84.021,3675,3488,187,,ok
queue depth 2 - repeat 1,queue-depth detector,queue depth,2.0,1,84.554,3707,3517,190,,ok
queue depth 2 - repeat 1,queue-depth detector,queue depth,2.0,1,85.011,3749,3557,192,,ok
queue depth 2 - repeat 1,queue-depth detector,queue depth,2.0,1,85.518,3756,3564,192,,ok
queue depth 2 - repeat 1,queue-depth detector,queue depth,2.0,1,86.028,3775,3583,192,,ok
queue depth 2 - repeat 1,queue-depth detector,queue depth,2.0,1,86.535,3801,3609,192,,ok
queue depth 2 - repeat 1,queue-depth detector,queue depth,2.0,1,87.042,3837,3645,192,,ok
queue depth 2 - repeat 1,queue-depth detector,queue depth,2.0,1,87.566,3857,3675,182,,ok
queue depth 2 - repeat 1,queue-depth detector,queue depth,2.0,1,88.021,3881,3692,189,,ok
queue depth 2 - repeat 1,queue-depth detector,queue depth,2.0,1,88.542,3901,3711,190,,ok
queue depth 2 - repeat 1,queue-depth detector,queue depth,2.0,1,89.009,3929,3737,192,,ok
queue depth 2 - repeat 1,queue-depth detector,queue depth,2.0,1,89.519,3943,3751,192,,ok
queue depth 2 - repeat 1,queue-depth detector,queue depth,2.0,1,90.027,3986,3801,185,,ok
queue depth 2 - repeat 1,queue-depth detector,queue depth,2.0,1,90.548,4010,3820,190,,ok
queue depth 2 - repeat 1,queue-depth detector,queue depth,2.0,1,91.004,4020,3833,187,,ok
queue depth 2 - repeat 1,queue-depth detector,queue depth,2.0,1,91.584,4044,3865,179,,ok
queue depth 2 - repeat 1,queue-depth detector,queue depth,2.0,1,92.04,4066,3879,187,,ok
queue depth 2 - repeat 1,queue-depth detector,queue depth,2.0,1,92.541,4095,3903,192,,ok
queue depth 2 - repeat 1,queue-depth detector,queue depth,2.0,1,93.036,4138,3946,192,,ok
queue depth 2 - repeat 1,queue-depth detector,queue depth,2.0,1,93.524,4146,3961,185,,ok
queue depth 2 - repeat 1,queue-depth detector,queue depth,2.0,1,94.042,4172,3980,192,,ok
queue depth 2 - repeat 1,queue-depth detector,queue depth,2.0,1,94.503,4192,4000,192,,ok
queue depth 2 - repeat 1,queue-depth detector,queue depth,2.0,1,95.049,4223,4031,192,,ok
queue depth 2 - repeat 1,queue-depth detector,queue depth,2.0,1,95.506,4253,4061,192,,ok
queue depth 2 - repeat 1,queue-depth detector,queue depth,2.0,1,96.004,4273,4081,192,,ok
queue depth 2 - repeat 1,queue-depth detector,queue depth,2.0,1,96.54,4298,4106,192,,ok
queue depth 2 - repeat 1,queue-depth detector,queue depth,2.0,1,97.05,4320,4128,192,,ok
queue depth 2 - repeat 1,queue-depth detector,queue depth,2.0,1,97.507,4337,4148,189,,ok
queue depth 2 - repeat 1,queue-depth detector,queue depth,2.0,1,98.015,4382,4200,182,,ok
queue depth 2 - repeat 1,queue-depth detector,queue depth,2.0,1,98.522,4401,4209,192,,ok
queue depth 2 - repeat 1,queue-depth detector,queue depth,2.0,1,99.029,4423,4232,191,,ok
queue depth 2 - repeat 1,queue-depth detector,queue depth,2.0,1,99.525,4441,4254,187,,ok
queue depth 2 - repeat 1,queue-depth detector,queue depth,2.0,1,100.035,4465,4273,192,,ok
queue depth 2 - repeat 1,queue-depth detector,queue depth,2.0,1,100.527,4500,4308,192,,ok
queue depth 2 - repeat 1,queue-depth detector,queue depth,2.0,1,101.226,4522,4340,182,,ok
queue depth 2 - repeat 1,queue-depth detector,queue depth,2.0,1,101.539,4540,4348,192,,ok
queue depth 2 - repeat 1,queue-depth detector,queue depth,2.0,1,102.024,4569,4377,192,,ok
queue depth 2 - repeat 1,queue-depth detector,queue depth,2.0,1,102.538,4583,4398,185,,ok
queue depth 2 - repeat 1,queue-depth detector,queue depth,2.0,1,103.03,4615,4423,192,,ok
queue depth 2 - repeat 1,queue-depth detector,queue depth,2.0,1,103.523,4650,4460,190,,ok
queue depth 2 - repeat 1,queue-depth detector,queue depth,2.0,1,104.05,4660,4476,184,,ok
queue depth 2 - repeat 1,queue-depth detector,queue depth,2.0,1,104.527,4697,4505,192,,ok
queue depth 2 - repeat 1,queue-depth detector,queue depth,2.0,1,105.004,4710,4519,191,,ok
queue depth 2 - repeat 1,queue-depth detector,queue depth,2.0,1,105.515,4735,4551,184,,ok
queue depth 2 - repeat 1,queue-depth detector,queue depth,2.0,1,106.031,4768,4588,180,,ok
queue depth 2 - repeat 1,queue-depth detector,queue depth,2.0,1,106.552,4788,4603,185,,ok
queue depth 2 - repeat 1,queue-depth detector,queue depth,2.0,1,107.01,4812,4620,192,,ok
queue depth 2 - repeat 1,queue-depth detector,queue depth,2.0,1,107.52,4832,4640,192,,ok
queue depth 2 - repeat 1,queue-depth detector,queue depth,2.0,1,108.029,4863,4674,189,,ok
queue depth 2 - repeat 1,queue-depth detector,queue depth,2.0,1,108.538,4894,4702,192,,ok
queue depth 2 - repeat 1,queue-depth detector,queue depth,2.0,1,109.047,4921,4729,192,,ok
queue depth 2 - repeat 1,queue-depth detector,queue depth,2.0,1,109.511,4938,4748,190,,ok
queue depth 2 - repeat 1,queue-depth detector,queue depth,2.0,1,110.027,4960,4768,192,,ok
queue depth 2 - repeat 1,queue-depth detector,queue depth,2.0,1,110.538,4991,4807,184,,ok
queue depth 2 - repeat 1,queue-depth detector,queue depth,2.0,1,111.335,5012,4844,168,,ok
queue depth 2 - repeat 1,queue-depth detector,queue depth,2.0,1,111.508,5041,4852,189,,ok
queue depth 2 - repeat 1,queue-depth detector,queue depth,2.0,1,112.031,5063,4874,189,,ok
queue depth 2 - repeat 1,queue-depth detector,queue depth,2.0,1,112.504,5086,4896,190,,ok
queue depth 2 - repeat 1,queue-depth detector,queue depth,2.0,1,113.093,5100,4920,180,,ok
queue depth 2 - repeat 1,queue-depth detector,queue depth,2.0,1,113.871,5128,4963,165,,ok
queue depth 2 - repeat 1,queue-depth detector,queue depth,2.0,1,114.038,5155,4980,175,,ok
queue depth 2 - repeat 1,queue-depth detector,queue depth,2.0,1,114.522,5191,4999,192,,ok
queue depth 2 - repeat 1,queue-depth detector,queue depth,2.0,1,115.05,5216,5024,192,,ok
queue depth 2 - repeat 1,queue-depth detector,queue depth,2.0,1,115.507,5233,5041,192,,ok
queue depth 2 - repeat 1,queue-depth detector,queue depth,2.0,1,116.016,5271,5086,185,,ok
queue depth 2 - repeat 1,queue-depth detector,queue depth,2.0,1,116.526,5297,5108,189,,ok
queue depth 2 - repeat 1,queue-depth detector,queue depth,2.0,1,117.047,5319,5145,174,,ok
queue depth 2 - repeat 1,queue-depth detector,queue depth,2.0,1,117.504,5342,5150,192,,ok
queue depth 2 - repeat 1,queue-depth detector,queue depth,2.0,1,118.01,5361,5169,192,,ok
queue depth 2 - repeat 1,queue-depth detector,queue depth,2.0,1,118.516,5406,5214,192,,ok
queue depth 2 - repeat 1,queue-depth detector,queue depth,2.0,1,119.028,5428,5236,192,,ok
queue depth 2 - repeat 1,queue-depth detector,queue depth,2.0,1,119.537,5443,5260,183,,ok
queue depth 2 - repeat 1,queue-depth detector,queue depth,2.0,1,120.042,5472,5280,192,,ok
queue depth 2 - repeat 1,queue-depth detector,queue depth,2.0,1,120.506,5496,5304,192,,ok
queue depth 2 - repeat 1,queue-depth detector,queue depth,2.0,1,121.065,5528,5342,186,,ok
queue depth 2 - repeat 1,queue-depth detector,queue depth,2.0,1,121.54,5556,5364,192,,ok
queue depth 2 - repeat 1,queue-depth detector,queue depth,2.0,1,122.197,5571,5401,170,,ok
queue depth 2 - repeat 1,queue-depth detector,queue depth,2.0,1,122.591,5600,5408,192,,ok
queue depth 2 - repeat 1,queue-depth detector,queue depth,2.0,1,123.027,5617,5432,185,,ok
queue depth 2 - repeat 1,queue-depth detector,queue depth,2.0,1,123.506,5643,5464,179,,ok
queue depth 2 - repeat 1,queue-depth detector,queue depth,2.0,1,124.031,5681,5492,189,,ok
queue depth 2 - repeat 1,queue-depth detector,queue depth,2.0,1,124.543,5699,5507,192,,ok
queue depth 2 - repeat 1,queue-depth detector,queue depth,2.0,1,125.001,5726,5534,192,,ok
queue depth 2 - repeat 1,queue-depth detector,queue depth,2.0,1,125.508,5740,5553,187,,ok
queue depth 2 - repeat 1,queue-depth detector,queue depth,2.0,1,126.015,5785,5598,187,,ok
queue depth 2 - repeat 1,queue-depth detector,queue depth,2.0,1,126.525,5809,5617,192,,ok
queue depth 2 - repeat 1,queue-depth detector,queue depth,2.0,1,127.034,5827,5635,192,,ok
queue depth 2 - repeat 1,queue-depth detector,queue depth,2.0,1,127.542,5854,5662,192,,ok
queue depth 2 - repeat 1,queue-depth detector,queue depth,2.0,1,128.001,5868,5676,192,,ok
queue depth 2 - repeat 1,queue-depth detector,queue depth,2.0,1,128.51,5894,5702,192,,ok
queue depth 2 - repeat 1,queue-depth detector,queue depth,2.0,1,129.018,5933,5743,190,,ok
queue depth 2 - repeat 1,queue-depth detector,queue depth,2.0,1,129.536,5948,5756,192,,ok
queue depth 2 - repeat 1,queue-depth detector,queue depth,2.0,1,130.045,5982,5790,192,,ok
queue depth 2 - repeat 1,queue-depth detector,queue depth,2.0,1,130.503,5996,5804,192,,ok
queue depth 2 - repeat 1,queue-depth detector,queue depth,2.0,1,131.116,6019,5830,189,,ok
queue depth 2 - repeat 1,queue-depth detector,queue depth,2.0,1,131.543,6060,5873,187,,ok
queue depth 2 - repeat 1,queue-depth detector,queue depth,2.0,1,132.048,6068,5884,184,,ok
queue depth 2 - repeat 1,queue-depth detector,queue depth,2.0,1,132.521,6105,5918,187,,ok
queue depth 2 - repeat 1,queue-depth detector,queue depth,2.0,1,133.02,6119,5932,187,,ok
queue depth 2 - repeat 1,queue-depth detector,queue depth,2.0,1,133.515,6147,5958,189,,ok
queue depth 2 - repeat 1,queue-depth detector,queue depth,2.0,1,134.042,6188,5996,192,,ok
queue depth 2 - repeat 1,queue-depth detector,queue depth,2.0,1,134.506,6204,6012,192,,ok
queue depth 2 - repeat 1,queue-depth detector,queue depth,2.0,1,135.012,6214,6022,192,,ok
queue depth 2 - repeat 1,queue-depth detector,queue depth,2.0,1,135.525,6247,6055,192,,ok
queue depth 2 - repeat 1,queue-depth detector,queue depth,2.0,1,136.033,6275,6083,192,,ok
queue depth 2 - repeat 1,queue-depth detector,queue depth,2.0,1,136.539,6302,6110,192,,ok
queue depth 2 - repeat 1,queue-depth detector,queue depth,2.0,1,137.047,6326,6134,192,,ok
queue depth 2 - repeat 1,queue-depth detector,queue depth,2.0,1,137.505,6339,6150,189,,ok
queue depth 2 - repeat 1,queue-depth detector,queue depth,2.0,1,138.03,6368,6177,191,,ok
queue depth 2 - repeat 1,queue-depth detector,queue depth,2.0,1,138.528,6384,6203,181,,ok
queue depth 2 - repeat 1,queue-depth detector,queue depth,2.0,1,139.034,6416,6238,178,,ok
queue depth 2 - repeat 1,queue-depth detector,queue depth,2.0,1,139.542,6452,6260,192,,ok
queue depth 2 - repeat 1,queue-depth detector,queue depth,2.0,1,140.048,6465,6273,192,,ok
queue depth 2 - repeat 1,queue-depth detector,queue depth,2.0,1,140.506,6494,6302,192,,ok
queue depth 2 - repeat 1,queue-depth detector,queue depth,2.0,1,141.061,6508,6320,188,,ok
queue depth 2 - repeat 1,queue-depth detector,queue depth,2.0,1,141.577,6537,6352,185,,ok
queue depth 2 - repeat 1,queue-depth detector,queue depth,2.0,1,142.071,6572,6388,184,,ok
queue depth 2 - repeat 1,queue-depth detector,queue depth,2.0,1,142.596,6591,6401,190,,ok
queue depth 2 - repeat 1,queue-depth detector,queue depth,2.0,1,143.033,6605,6426,179,,ok
queue depth 2 - repeat 1,queue-depth detector,queue depth,2.0,1,143.585,6635,6444,191,,ok
queue depth 2 - repeat 1,queue-depth detector,queue depth,2.0,1,144.016,6659,6467,192,,ok
queue depth 2 - repeat 1,queue-depth detector,queue depth,2.0,1,144.547,6700,6508,192,,ok
queue depth 2 - repeat 1,queue-depth detector,queue depth,2.0,1,145.055,6710,6523,187,,ok
queue depth 2 - repeat 1,queue-depth detector,queue depth,2.0,1,145.517,6725,6533,192,,ok
queue depth 2 - repeat 1,queue-depth detector,queue depth,2.0,1,146.026,6752,6560,192,,ok
queue depth 2 - repeat 1,queue-depth detector,queue depth,2.0,1,146.534,6777,6585,192,,ok
queue depth 2 - repeat 1,queue-depth detector,queue depth,2.0,1,147.042,6814,6622,192,,ok
queue depth 2 - repeat 1,queue-depth detector,queue depth,2.0,1,147.501,6836,6645,191,,ok
queue depth 2 - repeat 1,queue-depth detector,queue depth,2.0,1,148.009,6851,6659,192,,ok
queue depth 2 - repeat 1,queue-depth detector,queue depth,2.0,1,148.518,6866,6688,178,,ok
queue depth 2 - repeat 1,queue-depth detector,queue depth,2.0,1,149.028,6892,6706,186,,ok
queue depth 2 - repeat 1,queue-depth detector,queue depth,2.0,1,149.543,6918,6736,182,,ok
queue depth 2 - repeat 1,queue-depth detector,queue depth,2.0,1,150.0,6957,6765,192,,ok
queue depth 2 - repeat 1,queue-depth detector,queue depth,2.0,1,150.511,6975,6783,192,,ok
queue depth 2 - repeat 1,queue-depth detector,queue depth,2.0,1,151.004,6979,6793,186,,ok
queue depth 2 - repeat 1,queue-depth detector,queue depth,2.0,1,151.502,7015,6828,187,,ok
queue depth 2 - repeat 1,queue-depth detector,queue depth,2.0,1,152.005,7043,6851,192,,ok
queue depth 2 - repeat 1,queue-depth detector,queue depth,2.0,1,152.519,7084,6897,187,,ok
queue depth 2 - repeat 1,queue-depth detector,queue depth,2.0,1,153.027,7095,6907,188,,ok
queue depth 2 - repeat 1,queue-depth detector,queue depth,2.0,1,153.542,7109,6918,191,,ok
queue depth 2 - repeat 1,queue-depth detector,queue depth,2.0,1,154.04,7136,6951,185,,ok
queue depth 2 - repeat 1,queue-depth detector,queue depth,2.0,1,154.517,7160,6972,188,,ok
queue depth 2 - repeat 1,queue-depth detector,queue depth,2.0,1,155.027,7185,6993,192,,ok
queue depth 2 - repeat 1,queue-depth detector,queue depth,2.0,1,155.535,7220,7030,190,,ok
queue depth 2 - repeat 1,queue-depth detector,queue depth,2.0,1,156.043,7233,7043,190,,ok
queue depth 2 - repeat 1,queue-depth detector,queue depth,2.0,1,156.5,7243,7051,192,,ok
queue depth 2 - repeat 1,queue-depth detector,queue depth,2.0,1,157.01,7276,7084,192,,ok
queue depth 2 - repeat 1,queue-depth detector,queue depth,2.0,1,157.528,7302,7110,192,,ok
queue depth 2 - repeat 1,queue-depth detector,queue depth,2.0,1,158.035,7335,7143,192,,ok
queue depth 2 - repeat 1,queue-depth detector,queue depth,2.0,1,158.543,7359,7167,192,,ok
queue depth 2 - repeat 1,queue-depth detector,queue depth,2.0,1,159.002,7365,7177,188,,ok
queue depth 2 - repeat 1,queue-depth detector,queue depth,2.0,1,159.509,7395,7208,187,,ok
queue depth 2 - repeat 1,queue-depth detector,queue depth,2.0,1,160.017,7425,7235,190,,ok
queue depth 2 - repeat 1,queue-depth detector,queue depth,2.0,1,160.529,7441,7259,182,,ok
queue depth 2 - repeat 1,queue-depth detector,queue depth,2.0,1,161.108,7451,7285,166,,ok
queue depth 2 - repeat 1,queue-depth detector,queue depth,2.0,1,161.54,7493,7301,192,,ok
queue depth 2 - repeat 1,queue-depth detector,queue depth,2.0,1,162.023,7505,7313,192,,ok
queue depth 2 - repeat 1,queue-depth detector,queue depth,2.0,1,162.541,7534,7342,192,,ok
queue depth 2 - repeat 1,queue-depth detector,queue depth,2.0,1,163.02,7561,7375,186,,ok
queue depth 2 - repeat 1,queue-depth detector,queue depth,2.0,1,163.526,7591,7403,188,,ok
queue depth 2 - repeat 1,queue-depth detector,queue depth,2.0,1,164.047,7611,7419,192,,ok
queue depth 2 - repeat 1,queue-depth detector,queue depth,2.0,1,164.513,7625,7435,190,,ok
queue depth 2 - repeat 1,queue-depth detector,queue depth,2.0,1,165.019,7660,7468,192,,ok
queue depth 2 - repeat 1,queue-depth detector,queue depth,2.0,1,165.544,7686,7494,192,,ok
queue depth 2 - repeat 1,queue-depth detector,queue depth,2.0,1,166.004,7707,7521,186,,ok
queue depth 2 - repeat 1,queue-depth detector,queue depth,2.0,1,166.512,7737,7545,192,,ok
queue depth 2 - repeat 1,queue-depth detector,queue depth,2.0,1,167.023,7750,7561,189,,ok
queue depth 2 - repeat 1,queue-depth detector,queue depth,2.0,1,167.532,7782,7590,192,,ok
queue depth 2 - repeat 1,queue-depth detector,queue depth,2.0,1,168.043,7799,7607,192,,ok
queue depth 2 - repeat 1,queue-depth detector,queue depth,2.0,1,168.501,7835,7643,192,,ok
queue depth 2 - repeat 1,queue-depth detector,queue depth,2.0,1,169.009,7852,7660,192,,ok
queue depth 2 - repeat 1,queue-depth detector,queue depth,2.0,1,169.517,7877,7685,192,,ok
queue depth 2 - repeat 1,queue-depth detector,queue depth,2.0,1,170.039,7889,7712,177,,ok
queue depth 2 - repeat 1,queue-depth detector,queue depth,2.0,1,170.501,7918,7730,188,,ok
queue depth 2 - repeat 1,queue-depth detector,queue depth,2.0,1,171.143,7951,7771,180,,ok
queue depth 2 - repeat 1,queue-depth detector,queue depth,2.0,1,171.505,7978,7786,192,,ok
queue depth 2 - repeat 1,queue-depth detector,queue depth,2.0,1,172.046,7995,7803,192,,ok
queue depth 2 - repeat 1,queue-depth detector,queue depth,2.0,1,172.541,8013,7821,192,,ok
queue depth 2 - repeat 1,queue-depth detector,queue depth,2.0,1,173.022,8043,7854,189,,ok
queue depth 2 - repeat 1,queue-depth detector,queue depth,2.0,1,173.542,8063,7886,177,,ok
queue depth 2 - repeat 1,queue-depth detector,queue depth,2.0,1,174.002,8103,7911,192,,ok
queue depth 2 - repeat 1,queue-depth detector,queue depth,2.0,1,174.509,8119,7929,190,,ok
queue depth 2 - repeat 1,queue-depth detector,queue depth,2.0,1,175.016,8137,7947,190,,ok
queue depth 2 - repeat 1,queue-depth detector,queue depth,2.0,1,175.526,8171,7979,192,,ok
queue depth 2 - repeat 1,queue-depth detector,queue depth,2.0,1,176.003,8185,7995,190,,ok
queue depth 2 - repeat 1,queue-depth detector,queue depth,2.0,1,176.518,8225,8039,186,,ok
queue depth 2 - repeat 1,queue-depth detector,queue depth,2.0,1,177.046,8247,8055,192,,ok
queue depth 2 - repeat 1,queue-depth detector,queue depth,2.0,1,177.501,8262,8073,189,,ok
queue depth 2 - repeat 1,queue-depth detector,queue depth,2.0,1,178.011,8274,8082,192,,ok
queue depth 2 - repeat 1,queue-depth detector,queue depth,2.0,1,178.52,8311,8119,192,,ok
queue depth 2 - repeat 1,queue-depth detector,queue depth,2.0,1,179.029,8347,8155,192,,ok
queue depth 2 - repeat 1,queue-depth detector,queue depth,2.0,1,179.531,8359,8173,186,,ok
queue depth 4 - repeat 1,queue-depth detector,queue depth,4.0,1,0.0,0,0,0,,ok
queue depth 4 - repeat 1,queue-depth detector,queue depth,4.0,1,0.523,3,0,3,,ok
queue depth 4 - repeat 1,queue-depth detector,queue depth,4.0,1,1.004,6,0,6,,ok
queue depth 4 - repeat 1,queue-depth detector,queue depth,4.0,1,1.544,11,1,10,,ok
queue depth 4 - repeat 1,queue-depth detector,queue depth,4.0,1,2.012,17,4,13,,ok
queue depth 4 - repeat 1,queue-depth detector,queue depth,4.0,1,2.536,24,8,16,,ok
queue depth 4 - repeat 1,queue-depth detector,queue depth,4.0,1,3.002,33,14,19,,ok
queue depth 4 - repeat 1,queue-depth detector,queue depth,4.0,1,3.524,42,20,22,,ok
queue depth 4 - repeat 1,queue-depth detector,queue depth,4.0,1,4.046,50,24,26,,ok
queue depth 4 - repeat 1,queue-depth detector,queue depth,4.0,1,4.512,60,31,29,,ok
queue depth 4 - repeat 1,queue-depth detector,queue depth,4.0,1,5.037,64,32,32,,ok
queue depth 4 - repeat 1,queue-depth detector,queue depth,4.0,1,5.505,78,43,35,,ok
queue depth 4 - repeat 1,queue-depth detector,queue depth,4.0,1,6.029,85,59,26,,ok
queue depth 4 - repeat 1,queue-depth detector,queue depth,4.0,1,6.546,103,61,42,,ok
queue depth 4 - repeat 1,queue-depth detector,queue depth,4.0,1,7.022,106,61,45,,ok
queue depth 4 - repeat 1,queue-depth detector,queue depth,4.0,1,7.534,111,63,48,,ok
queue depth 4 - repeat 1,queue-depth detector,queue depth,4.0,1,8.042,128,77,51,,ok
queue depth 4 - repeat 1,queue-depth detector,queue depth,4.0,1,8.508,131,77,54,,ok
queue depth 4 - repeat 1,queue-depth detector,queue depth,4.0,1,9.026,134,77,57,,ok
queue depth 4 - repeat 1,queue-depth detector,queue depth,4.0,1,9.551,145,88,57,,ok
queue depth 4 - repeat 1,queue-depth detector,queue depth,4.0,1,10.018,169,105,64,,ok
queue depth 4 - repeat 1,queue-depth detector,queue depth,4.0,1,10.505,172,107,65,,ok
queue depth 4 - repeat 1,queue-depth detector,queue depth,4.0,1,11.07,181,132,49,,ok
queue depth 4 - repeat 1,queue-depth detector,queue depth,4.0,1,11.513,207,134,73,,ok
queue depth 4 - repeat 1,queue-depth detector,queue depth,4.0,1,12.051,215,138,77,,ok
queue depth 4 - repeat 1,queue-depth detector,queue depth,4.0,1,12.522,223,169,54,,ok
queue depth 4 - repeat 1,queue-depth detector,queue depth,4.0,1,13.004,253,170,83,,ok
queue depth 4 - repeat 1,queue-depth detector,queue depth,4.0,1,13.531,259,177,82,,ok
queue depth 4 - repeat 1,queue-depth detector,queue depth,4.0,1,14.013,267,178,89,,ok
queue depth 4 - repeat 1,queue-depth detector,queue depth,4.0,1,14.53,271,178,93,,ok
queue depth 4 - repeat 1,queue-depth detector,queue depth,4.0,1,15.046,277,181,96,,ok
queue depth 4 - repeat 1,queue-depth detector,queue depth,4.0,1,15.511,309,210,99,,ok
queue depth 4 - repeat 1,queue-depth detector,queue depth,4.0,1,16.027,315,213,102,,ok
queue depth 4 - repeat 1,queue-depth detector,queue depth,4.0,1,16.542,319,213,106,,ok
queue depth 4 - repeat 1,queue-depth detector,queue depth,4.0,1,17.019,323,214,109,,ok
queue depth 4 - repeat 1,queue-depth detector,queue depth,4.0,1,17.55,334,253,81,,ok
queue depth 4 - repeat 1,queue-depth detector,queue depth,4.0,1,18.016,369,254,115,,ok
queue depth 4 - repeat 1,queue-depth detector,queue depth,4.0,1,18.531,373,258,115,,ok
queue depth 4 - repeat 1,queue-depth detector,queue depth,4.0,1,19.018,391,274,117,,ok
queue depth 4 - repeat 1,queue-depth detector,queue depth,4.0,1,19.53,428,303,125,,ok
queue depth 4 - repeat 1,queue-depth detector,queue depth,4.0,1,20.05,447,319,128,,ok
queue depth 4 - repeat 1,queue-depth detector,queue depth,4.0,1,20.542,457,327,130,,ok
queue depth 4 - repeat 1,queue-depth detector,queue depth,4.0,1,21.061,465,363,102,,ok
queue depth 4 - repeat 1,queue-depth detector,queue depth,4.0,1,21.552,525,387,138,,ok
queue depth 4 - repeat 1,queue-depth detector,queue depth,4.0,1,22.033,529,388,141,,ok
queue depth 4 - repeat 1,queue-depth detector,queue depth,4.0,1,22.529,554,444,110,,ok
queue depth 4 - repeat 1,queue-depth detector,queue depth,4.0,1,23.003,593,446,147,,ok
queue depth 4 - repeat 1,queue-depth detector,queue depth,4.0,1,23.507,596,448,148,,ok
queue depth 4 - repeat 1,queue-depth detector,queue depth,4.0,1,24.003,610,459,151,,ok
queue depth 4 - repeat 1,queue-depth detector,queue depth,4.0,1,24.516,635,478,157,,ok
queue depth 4 - repeat 1,queue-depth detector,queue depth,4.0,1,25.038,677,517,160,,ok
queue depth 4 - repeat 1,queue-depth detector,queue depth,4.0,1,25.504,709,547,162,,ok
queue depth 4 - repeat 1,queue-depth detector,queue depth,4.0,1,26.021,740,574,166,,ok
queue depth 4 - repeat 1,queue-depth detector,queue depth,4.0,1,26.562,742,576,166,,ok
queue depth 4 - repeat 1,queue-depth detector,queue depth,4.0,1,27.021,762,591,171,,ok
queue depth 4 - repeat 1,queue-depth detector,queue depth,4.0,1,27.535,797,624,173,,ok
queue depth 4 - repeat 1,queue-depth detector,queue depth,4.0,1,28.002,823,644,179,,ok
queue depth 4 - repeat 1,queue-depth detector,queue depth,4.0,1,28.52,827,655,172,,ok
queue depth 4 - repeat 1,queue-depth detector,queue depth,4.0,1,29.047,877,702,175,,ok
queue depth 4 - repeat 1,queue-depth detector,queue depth,4.0,1,29.518,894,705,189,,ok
queue depth 4 - repeat 1,queue-depth detector,queue depth,4.0,1,30.031,911,719,192,,ok
queue depth 4 - repeat 1,queue-depth detector,queue depth,4.0,1,30.536,942,757,185,,ok
queue depth 4 - repeat 1,queue-depth detector,queue depth,4.0,1,31.051,965,783,182,,ok
queue depth 4 - repeat 1,queue-depth detector,queue depth,4.0,1,31.539,993,819,174,,ok
queue depth 4 - repeat 1,queue-depth detector,queue depth,4.0,1,32.022,1012,820,192,,ok
queue depth 4 - repeat 1,queue-depth detector,queue depth,4.0,1,32.509,1025,836,189,,ok
queue depth 4 - repeat 1,queue-depth detector,queue depth,4.0,1,33.021,1039,848,191,,ok
queue depth 4 - repeat 1,queue-depth detector,queue depth,4.0,1,33.549,1077,892,185,,ok
queue depth 4 - repeat 1,queue-depth detector,queue depth,4.0,1,34.011,1093,906,187,,ok
queue depth 4 - repeat 1,queue-depth detector,queue depth,4.0,1,34.524,1124,941,183,,ok
queue depth 4 - repeat 1,queue-depth detector,queue depth,4.0,1,35.05,1153,961,192,,ok
queue depth 4 - repeat 1,queue-depth detector,queue depth,4.0,1,35.511,1167,975,192,,ok
queue depth 4 - repeat 1,queue-depth detector,queue depth,4.0,1,36.04,1200,1008,192,,ok
queue depth 4 - repeat 1,queue-depth detector,queue depth,4.0,1,36.546,1221,1029,192,,ok
queue depth 4 - repeat 1,queue-depth detector,queue depth,4.0,1,37.013,1249,1060,189,,ok
queue depth 4 - repeat 1,queue-depth detector,queue depth,4.0,1,37.507,1281,1089,192,,ok
queue depth 4 - repeat 1,queue-depth detector,queue depth,4.0,1,38.021,1292,1103,189,,ok
queue depth 4 - repeat 1,queue-depth detector,queue depth,4.0,1,38.536,1325,1133,192,,ok
queue depth 4 - repeat 1,queue-depth detector,queue depth,4.0,1,39.008,1344,1157,187,,ok
queue depth 4 - repeat 1,queue-depth detector,queue depth,4.0,1,39.522,1377,1185,192,,ok
queue depth 4 - repeat 1,queue-depth detector,queue depth,4.0,1,40.008,1407,1216,191,,ok
queue depth 4 - repeat 1,queue-depth detector,queue depth,4.0,1,40.519,1420,1228,192,,ok
queue depth 4 - repeat 1,queue-depth detector,queue depth,4.0,1,41.037,1443,1261,182,,ok
queue depth 4 - repeat 1,queue-depth detector,queue depth,4.0,1,41.559,1472,1285,187,,ok
queue depth 4 - repeat 1,queue-depth detector,queue depth,4.0,1,42.001,1487,1300,187,,ok
queue depth 4 - repeat 1,queue-depth detector,queue depth,4.0,1,42.542,1532,1343,189,,ok
queue depth 4 - repeat 1,queue-depth detector,queue depth,4.0,1,43.009,1541,1355,186,,ok
queue depth 4 - repeat 1,queue-depth detector,queue depth,4.0,1,43.514,1553,1372,181,,ok
queue depth 4 - repeat 1,queue-depth detector,queue depth,4.0,1,44.049,1596,1408,188,,ok
queue depth 4 - repeat 1,queue-depth detector,queue depth,4.0,1,44.509,1615,1425,190,,ok
queue depth 4 - repeat 1,queue-depth detector,queue depth,4.0,1,45.028,1645,1453,192,,ok
queue depth 4 - repeat 1,queue-depth detector,queue depth,4.0,1,45.503,1665,1477,188,,ok
queue depth 4 - repeat 1,queue-depth detector,queue depth,4.0,1,46.025,1680,1488,192,,ok
queue depth 4 - repeat 1,queue-depth detector,queue depth,4.0,1,46.545,1715,1526,189,,ok
queue depth 4 - repeat 1,queue-depth detector,queue depth,4.0,1,47.015,1738,1546,192,,ok
queue depth 4 - repeat 1,queue-depth detector,queue depth,4.0,1,47.546,1773,1581,192,,ok
queue depth 4 - repeat 1,queue-depth detector,queue depth,4.0,1,48.016,1793,1601,192,,ok
queue depth 4 - repeat 1,queue-depth detector,queue depth,4.0,1,48.536,1807,1616,191,,ok
queue depth 4 - repeat 1,queue-depth detector,queue depth,4.0,1,49.047,1832,1644,188,,ok
queue depth 4 - repeat 1,queue-depth detector,queue depth,4.0,1,49.507,1861,1674,187,,ok
queue depth 4 - repeat 1,queue-depth detector,queue depth,4.0,1,50.023,1892,1709,183,,ok
queue depth 4 - repeat 1,queue-depth detector,queue depth,4.0,1,50.689,1921,1729,192,,ok
queue depth 4 - repeat 1,queue-depth detector,queue depth,4.0,1,51.013,1921,1729,192,,ok
queue depth 4 - repeat 1,queue-depth detector,queue depth,4.0,1,51.555,1935,1744,191,,ok
queue depth 4 - repeat 1,queue-depth detector,queue depth,4.0,1,52.047,1960,1772,188,,ok
queue depth 4 - repeat 1,queue-depth detector,queue depth,4.0,1,52.564,1989,1802,187,,ok
queue depth 4 - repeat 1,queue-depth detector,queue depth,4.0,1,53.037,2017,1837,180,,ok
queue depth 4 - repeat 1,queue-depth detector,queue depth,4.0,1,53.537,2048,1857,191,,ok
queue depth 4 - repeat 1,queue-depth detector,queue depth,4.0,1,54.013,2060,1871,189,,ok
queue depth 4 - repeat 1,queue-depth detector,queue depth,4.0,1,54.531,2088,1896,192,,ok
queue depth 4 - repeat 1,queue-depth detector,queue depth,4.0,1,55.003,2113,1925,188,,ok
queue depth 4 - repeat 1,queue-depth detector,queue depth,4.0,1,55.515,2145,1956,189,,ok
queue depth 4 - repeat 1,queue-depth detector,queue depth,4.0,1,56.027,2165,1984,181,,ok
queue depth 4 - repeat 1,queue-depth detector,queue depth,4.0,1,56.536,2187,1996,191,,ok
queue depth 4 - repeat 1,queue-depth detector,queue depth,4.0,1,57.047,2204,2024,180,,ok
queue depth 4 - repeat 1,queue-depth detector,queue depth,4.0,1,57.546,2240,2048,192,,ok
queue depth 4 - repeat 1,queue-depth detector,queue depth,4.0,1,58.02,2273,2081,192,,ok
queue depth 4 - repeat 1,queue-depth detector,queue depth,4.0,1,58.535,2293,2101,192,,ok
queue depth 4 - repeat 1,queue-depth detector,queue depth,4.0,1,59.046,2315,2124,191,,ok
queue depth 4 - repeat 1,queue-depth detector,queue depth,4.0,1,59.509,2332,2140,192,,ok
queue depth 4 - repeat 1,queue-depth detector,queue depth,4.0,1,60.035,2368,2176,192,,ok
queue depth 4 - repeat 1,queue-depth detector,queue depth,4.0,1,60.538,2388,2209,179,,ok
queue depth 4 - repeat 1,queue-depth detector,queue depth,4.0,1,61.082,2419,2229,190,,ok
queue depth 4 - repeat 1,queue-depth detector,queue depth,4.0,1,61.542,2440,2251,189,,ok
queue depth 4 - repeat 1,queue-depth detector,queue depth,4.0,1,62.017,2459,2267,192,,ok
queue depth 4 - repeat 1,queue-depth detector,queue depth,4.0,1,62.5,2486,2300,186,,ok
queue depth 4 - repeat 1,queue-depth detector,queue depth,4.0,1,63.014,2511,2322,189,,ok
queue depth 4 - repeat 1,queue-depth detector,queue depth,4.0,1,63.534,2547,2355,192,,ok
queue depth 4 - repeat 1,queue-depth detector,queue depth,4.0,1,64.016,2560,2373,187,,ok
queue depth 4 - repeat 1,queue-depth detector,queue depth,4.0,1,64.534,2576,2384,192,,ok
queue depth 4 - repeat 1,queue-depth detector,queue depth,4.0,1,65.052,2611,2422,189,,ok
queue depth 4 - repeat 1,queue-depth detector,queue depth,4.0,1,65.514,2634,2447,187,,ok
queue depth 4 - repeat 1,queue-depth detector,queue depth,4.0,1,66.03,2657,2465,192,,ok
queue depth 4 - repeat 1,queue-depth detector,queue depth,4.0,1,66.545,2673,2481,192,,ok
queue depth 4 - repeat 1,queue-depth detector,queue depth,4.0,1,67.011,2700,2511,189,,ok
queue depth 4 - repeat 1,queue-depth detector,queue depth,4.0,1,67.522,2723,2536,187,,ok
queue depth 4 - repeat 1,queue-depth detector,queue depth,4.0,1,68.046,2752,2565,187,,ok
queue depth 4 - repeat 1,queue-depth detector,queue depth,4.0,1,68.517,2785,2593,192,,ok
queue depth 4 - repeat 1,queue-depth detector,queue depth,4.0,1,69.038,2807,2615,192,,ok
queue depth 4 - repeat 1,queue-depth detector,queue depth,4.0,1,69.547,2827,2635,192,,ok
queue depth 4 - repeat 1,queue-depth detector,queue depth,4.0,1,70.01,2842,2650,192,,ok
queue depth 4 - repeat 1,queue-depth detector,queue depth,4.0,1,70.602,2860,2684,176,,ok
queue depth 4 - repeat 1,queue-depth detector,queue depth,4.0,1,71.043,2898,2706,192,,ok
queue depth 4 - repeat 1,queue-depth detector,queue depth,4.0,1,71.53,2925,2737,188,,ok
queue depth 4 - repeat 1,queue-depth detector,queue depth,4.0,1,72.019,2942,2752,190,,ok
queue depth 4 - repeat 1,queue-depth detector,queue depth,4.0,1,72.547,2956,2764,192,,ok
queue depth 4 - repeat 1,queue-depth detector,queue depth,4.0,1,73.023,2979,2796,183,,ok
queue depth 4 - repeat 1,queue-depth detector,queue depth,4.0,1,73.522,3013,2826,187,,ok
queue depth 4 - repeat 1,queue-depth detector,queue depth,4.0,1,74.037,3044,2856,188,,ok
queue depth 4 - repeat 1,queue-depth detector,queue depth,4.0,1,74.548,3068,2876,192,,ok
queue depth 4 - repeat 1,queue-depth detector,queue depth,4.0,1,75.006,3084,2892,192,,ok
queue depth 4 - repeat 1,queue-depth detector,queue depth,4.0,1,75.519,3100,2912,188,,ok
queue depth 4 - repeat 1,queue-depth detector,queue depth,4.0,1,76.047,3132,2945,187,,ok
queue depth 4 - repeat 1,queue-depth detector,queue depth,4.0,1,76.508,3164,2972,192,,ok
queue depth 4 - repeat 1,queue-depth detector,queue depth,4.0,1,77.026,3187,2997,190,,ok
queue depth 4 - repeat 1,queue-depth detector,queue depth,4.0,1,77.537,3205,3016,189,,ok
queue depth 4 - repeat 1,queue-depth detector,queue depth,4.0,1,78.047,3216,3034,182,,ok
queue depth 4 - repeat 1,queue-depth detector,queue depth,4.0,1,78.511,3249,3057,192,,ok
queue depth 4 - repeat 1,queue-depth detector,queue depth,4.0,1,79.036,3280,3088,192,,ok
queue depth 4 - repeat 1,queue-depth detector,queue depth,4.0,1,79.506,3284,3092,192,,ok
queue depth 4 - repeat 1,queue-depth detector,queue depth,4.0,1,80.017,3313,3123,190,,ok
queue depth 4 - repeat 1,queue-depth detector,queue depth,4.0,1,80.508,3326,3136,190,,ok
queue depth 4 - repeat 1,queue-depth detector,queue depth,4.0,1,81.078,3344,3153,191,,ok
queue depth 4 - repeat 1,queue-depth detector,queue depth,4.0,1,81.524,3372,3185,187,,ok
queue depth 4 - repeat 1,queue-depth detector,queue depth,4.0,1,82.006,3392,3205,187,,ok
queue depth 4 - repeat 1,queue-depth detector,queue depth,4.0,1,82.542,3432,3249,183,,ok
queue depth 4 - repeat 1,queue-depth detector,queue depth,4.0,1,83.011,3454,3264,190,,ok
queue depth 4 - repeat 1,queue-depth detector,queue depth,4.0,1,83.527,3471,3279,192,,ok
queue depth 4 - repeat 1,queue-depth detector,queue depth,4.0,1,84.04,3488,3299,189,,ok
queue depth 4 - repeat 1,queue-depth detector,queue depth,4.0,1,84.505,3520,3332,188,,ok
queue depth 4 - repeat 1,queue-depth detector,queue depth,4.0,1,85.025,3560,3368,192,,ok
queue depth 4 - repeat 1,queue-depth detector,queue depth,4.0,1,85.534,3580,3388,192,,ok
queue depth 4 - repeat 1,queue-depth detector,queue depth,4.0,1,86.047,3596,3407,189,,ok
queue depth 4 - repeat 1,queue-depth detector,queue depth,4.0,1,86.527,3616,3424,192,,ok
queue depth 4 - repeat 1,queue-depth detector,queue depth,4.0,1,87.004,3648,3456,192,,ok
queue depth 4 - repeat 1,queue-depth detector,queue depth,4.0,1,87.515,3664,3479,185,,ok
queue depth 4 - repeat 1,queue-depth detector,queue depth,4.0,1,88.036,3703,3516,187,,ok
queue depth 4 - repeat 1,queue-depth detector,queue depth,4.0,1,88.511,3717,3530,187,,ok
queue depth 4 - repeat 1,queue-depth detector,queue depth,4.0,1,89.003,3732,3540,192,,ok
queue depth 4 - repeat 1,queue-depth detector,queue depth,4.0,1,89.52,3759,3567,192,,ok
queue depth 4 - repeat 1,queue-depth detector,queue depth,4.0,1,90.045,3788,3596,192,,ok
queue depth 4 - repeat 1,queue-depth detector,queue depth,4.0,1,90.707,3827,3643,184,,ok
queue depth 4 - repeat 1,queue-depth detector,queue depth,4.0,1,91.077,3844,3653,191,,ok
queue depth 4 - repeat 1,queue-depth detector,queue depth,4.0,1,91.565,3855,3665,190,,ok
queue depth 4 - repeat 1,queue-depth detector,queue depth,4.0,1,92.052,3880,3688,192,,ok
queue depth 4 - repeat 1,queue-depth detector,queue depth,4.0,1,92.547,3916,3724,192,,ok
queue depth 4 - repeat 1,queue-depth detector,queue depth,4.0,1,93.01,3944,3752,192,,ok
queue depth 4 - repeat 1,queue-depth detector,queue depth,4.0,1,93.53,3966,3776,190,,ok
queue depth 4 - repeat 1,queue-depth detector,queue depth,4.0,1,94.043,3983,3791,192,,ok
queue depth 4 - repeat 1,queue-depth detector,queue depth,4.0,1,94.509,4000,3808,192,,ok
queue depth 4 - repeat 1,queue-depth detector,queue depth,4.0,1,95.033,4028,3836,192,,ok
queue depth 4 - repeat 1,queue-depth detector,queue depth,4.0,1,95.547,4070,3880,190,,ok
queue depth 4 - repeat 1,queue-depth detector,queue depth,4.0,1,96.007,4087,3900,187,,ok
queue depth 4 - repeat 1,queue-depth detector,queue depth,4.0,1,96.52,4106,3916,190,,ok
queue depth 4 - repeat 1,queue-depth detector,queue depth,4.0,1,97.034,4122,3936,186,,ok
queue depth 4 - repeat 1,queue-depth detector,queue depth,4.0,1,97.549,4145,3956,189,,ok
queue depth 4 - repeat 1,queue-depth detector,queue depth,4.0,1,98.013,4176,3984,192,,ok
queue depth 4 - repeat 1,queue-depth detector,queue depth,4.0,1,98.524,4211,4021,190,,ok
queue depth 4 - repeat 1,queue-depth detector,queue depth,4.0,1,99.038,4232,4040,192,,ok
queue depth 4 - repeat 1,queue-depth detector,queue depth,4.0,1,99.509,4240,4052,188,,ok
queue depth 4 - repeat 1,queue-depth detector,queue depth,4.0,1,100.021,4264,4072,192,,ok
queue depth 4 - repeat 1,queue-depth detector,queue depth,4.0,1,100.529,4291,4102,189,,ok
queue depth 4 - repeat 1,queue-depth detector,queue depth,4.0,1,101.032,4328,4136,192,,ok
queue depth 4 - repeat 1,queue-depth detector,queue depth,4.0,1,101.535,4339,4147,192,,ok
queue depth 4 - repeat 1,queue-depth detector,queue depth,4.0,1,102.02,4352,4162,190,,ok
queue depth 4 - repeat 1,queue-depth detector,queue depth,4.0,1,102.517,4368,4176,192,,ok
queue depth 4 - repeat 1,queue-depth detector,queue depth,4.0,1,103.01,4391,4200,191,,ok
queue depth 4 - repeat 1,queue-depth detector,queue depth,4.0,1,103.525,4419,4231,188,,ok
queue depth 4 - repeat 1,queue-depth detector,queue depth,4.0,1,104.038,4456,4264,192,,ok
queue depth 4 - repeat 1,queue-depth detector,queue depth,4.0,1,104.503,4476,4286,190,,ok
queue depth 4 - repeat 1,queue-depth detector,queue depth,4.0,1,105.023,4492,4303,189,,ok
queue depth 4 - repeat 1,queue-depth detector,queue depth,4.0,1,105.544,4512,4320,192,,ok
queue depth 4 - repeat 1,queue-depth detector,queue depth,4.0,1,106.018,4540,4348,192,,ok
queue depth 4 - repeat 1,queue-depth detector,queue depth,4.0,1,106.533,4559,4372,187,,ok
queue depth 4 - repeat 1,queue-depth detector,queue depth,4.0,1,107.057,4604,4412,192,,ok
queue depth 4 - repeat 1,queue-depth detector,queue depth,4.0,1,107.522,4618,4426,192,,ok
queue depth 4 - repeat 1,queue-depth detector,queue depth,4.0,1,108.034,4634,4444,190,,ok
queue depth 4 - repeat 1,queue-depth detector,queue depth,4.0,1,108.503,4657,4465,192,,ok
queue depth 4 - repeat 1,queue-depth detector,queue depth,4.0,1,109.013,4683,4495,188,,ok
queue depth 4 - repeat 1,queue-depth detector,queue depth,4.0,1,109.534,4723,4533,190,,ok
queue depth 4 - repeat 1,queue-depth detector,queue depth,4.0,1,110.045,4741,4552,189,,ok
queue depth 4 - repeat 1,queue-depth detector,queue depth,4.0,1,110.535,4751,4560,191,,ok
queue depth 4 - repeat 1,queue-depth detector,queue depth,4.0,1,111.024,4771,4584,187,,ok
queue depth 4 - repeat 1,queue-depth detector,queue depth,4.0,1,111.554,4799,4607,192,,ok
queue depth 4 - repeat 1,queue-depth detector,queue depth,4.0,1,112.037,4840,4648,192,,ok
queue depth 4 - repeat 1,queue-depth detector,queue depth,4.0,1,112.527,4860,4670,190,,ok
queue depth 4 - repeat 1,queue-depth detector,queue depth,4.0,1,113.028,4876,4687,189,,ok
queue depth 4 - repeat 1,queue-depth detector,queue depth,4.0,1,113.503,4896,4704,192,,ok
queue depth 4 - repeat 1,queue-depth detector,queue depth,4.0,1,114.012,4924,4732,192,,ok
queue depth 4 - repeat 1,queue-depth detector,queue depth,4.0,1,114.522,4943,4756,187,,ok
queue depth 4 - repeat 1,queue-depth detector,queue depth,4.0,1,115.034,4983,4796,187,,ok
queue depth 4 - repeat 1,queue-depth detector,queue depth,4.0,1,115.5,5001,4810,191,,ok
queue depth 4 - repeat 1,queue-depth detector,queue depth,4.0,1,116.01,5018,4826,192,,ok
queue depth 4 - repeat 1,queue-depth detector,queue depth,4.0,1,116.539,5041,4849,192,,ok
queue depth 4 - repeat 1,queue-depth detector,queue depth,4.0,1,117.014,5063,4875,188,,ok
queue depth 4 - repeat 1,queue-depth detector,queue depth,4.0,1,117.526,5099,4915,184,,ok
queue depth 4 - repeat 1,queue-depth detector,queue depth,4.0,1,118.023,5120,4933,187,,ok
queue depth 4 - repeat 1,queue-depth detector,queue depth,4.0,1,118.537,5136,4944,192,,ok
queue depth 4 - repeat 1,queue-depth detector,queue depth,4.0,1,119.045,5160,4968,192,,ok
queue depth 4 - repeat 1,queue-depth detector,queue depth,4.0,1,119.503,5180,4992,188,,ok
queue depth 4 - repeat 1,queue-depth detector,queue depth,4.0,1,120.031,5224,5032,192,,ok
queue depth 4 - repeat 1,queue-depth detector,queue depth,4.0,1,120.813,5244,5066,178,,ok
queue depth 4 - repeat 1,queue-depth detector,queue depth,4.0,1,121.08,5260,5071,189,,ok
queue depth 4 - repeat 1,queue-depth detector,queue depth,4.0,1,121.528,5280,5088,192,,ok
queue depth 4 - repeat 1,queue-depth detector,queue depth,4.0,1,122.026,5298,5106,192,,ok
queue depth 4 - repeat 1,queue-depth detector,queue depth,4.0,1,122.617,5327,5155,172,,ok
queue depth 4 - repeat 1,queue-depth detector,queue depth,4.0,1,123.049,5364,5172,192,,ok
queue depth 4 - repeat 1,queue-depth detector,queue depth,4.0,1,123.536,5386,5194,192,,ok
queue depth 4 - repeat 1,queue-depth detector,queue depth,4.0,1,124.043,5402,5212,190,,ok
queue depth 4 - repeat 1,queue-depth detector,queue depth,4.0,1,124.507,5425,5233,192,,ok
queue depth 4 - repeat 1,queue-depth detector,queue depth,4.0,1,125.021,5451,5263,188,,ok
queue depth 4 - repeat 1,queue-depth detector,queue depth,4.0,1,125.536,5490,5298,192,,ok
queue depth 4 - repeat 1,queue-depth detector,queue depth,4.0,1,126.046,5509,5319,190,,ok
queue depth 4 - repeat 1,queue-depth detector,queue depth,4.0,1,126.548,5519,5329,190,,ok
queue depth 4 - repeat 1,queue-depth detector,queue depth,4.0,1,127.099,5544,5353,191,,ok
queue depth 4 - repeat 1,queue-depth detector,queue depth,4.0,1,127.532,5564,5376,188,,ok
queue depth 4 - repeat 1,queue-depth detector,queue depth,4.0,1,128.044,5603,5416,187,,ok
queue depth 4 - repeat 1,queue-depth detector,queue depth,4.0,1,128.516,5628,5436,192,,ok
queue depth 4 - repeat 1,queue-depth detector,queue depth,4.0,1,129.027,5642,5452,190,,ok
queue depth 4 - repeat 1,queue-depth detector,queue depth,4.0,1,129.542,5660,5472,188,,ok
queue depth 4 - repeat 1,queue-depth detector,queue depth,4.0,1,130.001,5682,5490,192,,ok
queue depth 4 - repeat 1,queue-depth detector,queue depth,4.0,1,130.501,5692,5515,177,,ok
queue depth 4 - repeat 1,queue-depth detector,queue depth,4.0,1,131.044,5739,5548,191,,ok
queue depth 4 - repeat 1,queue-depth detector,queue depth,4.0,1,131.535,5758,5573,185,,ok
queue depth 4 - repeat 1,queue-depth detector,queue depth,4.0,1,132.063,5775,5584,191,,ok
queue depth 4 - repeat 1,queue-depth detector,queue depth,4.0,1,132.535,5795,5608,187,,ok
queue depth 4 - repeat 1,queue-depth detector,queue depth,4.0,1,133.044,5819,5627,192,,ok
queue depth 4 - repeat 1,queue-depth detector,queue depth,4.0,1,133.517,5839,5652,187,,ok
queue depth 4 - repeat 1,queue-depth detector,queue depth,4.0,1,134.008,5874,5684,190,,ok
queue depth 4 - repeat 1,queue-depth detector,queue depth,4.0,1,134.548,5898,5706,192,,ok
queue depth 4 - repeat 1,queue-depth detector,queue depth,4.0,1,135.009,5914,5722,192,,ok
queue depth 4 - repeat 1,queue-depth detector,queue depth,4.0,1,135.519,5932,5740,192,,ok
queue depth 4 - repeat 1,queue-depth detector,queue depth,4.0,1,136.049,5959,5767,192,,ok
queue depth 4 - repeat 1,queue-depth detector,queue depth,4.0,1,136.513,5992,5800,192,,ok
queue depth 4 - repeat 1,queue-depth detector,queue depth,4.0,1,137.028,6014,5822,192,,ok
queue depth 4 - repeat 1,queue-depth detector,queue depth,4.0,1,137.508,6021,5831,190,,ok
queue depth 4 - repeat 1,queue-depth detector,queue depth,4.0,1,138.017,6032,5844,188,,ok
queue depth 4 - repeat 1,queue-depth detector,queue depth,4.0,1,138.528,6056,5864,192,,ok
queue depth 4 - repeat 1,queue-depth detector,queue depth,4.0,1,139.006,6075,5888,187,,ok
queue depth 4 - repeat 1,queue-depth detector,queue depth,4.0,1,139.521,6115,5928,187,,ok
queue depth 4 - repeat 1,queue-depth detector,queue depth,4.0,1,140.02,6136,5952,184,,ok
queue depth 4 - repeat 1,queue-depth detector,queue depth,4.0,1,140.565,6159,5968,191,,ok
queue depth 4 - repeat 1,queue-depth detector,queue depth,4.0,1,141.018,6174,5987,187,,ok
queue depth 4 - repeat 1,queue-depth detector,queue depth,4.0,1,141.506,6192,6004,188,,ok
queue depth 4 - repeat 1,queue-depth detector,queue depth,4.0,1,142.144,6223,6051,172,,ok
queue depth 4 - repeat 1,queue-depth detector,queue depth,4.0,1,142.575,6252,6068,184,,ok
queue depth 4 - repeat 1,queue-depth detector,queue depth,4.0,1,143.017,6282,6090,192,,ok
queue depth 4 - repeat 1,queue-depth detector,queue depth,4.0,1,143.927,6288,6120,168,,ok
queue depth 4 - repeat 1,queue-depth detector,queue depth,4.0,1,144.242,6312,6125,187,,ok
queue depth 4 - repeat 1,queue-depth detector,queue depth,4.0,1,144.504,6343,6151,192,,ok
queue depth 4 - repeat 1,queue-depth detector,queue depth,4.0,1,145.024,6376,6184,192,,ok
queue depth 4 - repeat 1,queue-depth detector,queue depth,4.0,1,145.538,6400,6210,190,,ok
queue depth 4 - repeat 1,queue-depth detector,queue depth,4.0,1,146.02,6416,6224,192,,ok
queue depth 4 - repeat 1,queue-depth detector,queue depth,4.0,1,146.531,6435,6243,192,,ok
queue depth 4 - repeat 1,queue-depth detector,queue depth,4.0,1,147.05,6459,6268,191,,ok
queue depth 4 - repeat 1,queue-depth detector,queue depth,4.0,1,147.51,6479,6287,192,,ok
queue depth 4 - repeat 1,queue-depth detector,queue depth,4.0,1,148.041,6512,6320,192,,ok
queue depth 4 - repeat 1,queue-depth detector,queue depth,4.0,1,148.505,6538,6348,190,,ok
queue depth 4 - repeat 1,queue-depth detector,queue depth,4.0,1,149.015,6556,6368,188,,ok
queue depth 4 - repeat 1,queue-depth detector,queue depth,4.0,1,149.545,6576,6386,190,,ok
queue depth 4 - repeat 1,queue-depth detector,queue depth,4.0,1,150.021,6599,6407,192,,ok
queue depth 4 - repeat 1,queue-depth detector,queue depth,4.0,1,150.531,6632,6443,189,,ok
queue depth 4 - repeat 1,queue-depth detector,queue depth,4.0,1,151.008,6647,6455,192,,ok
queue depth 4 - repeat 1,queue-depth detector,queue depth,4.0,1,151.524,6656,6466,190,,ok
queue depth 4 - repeat 1,queue-depth detector,queue depth,4.0,1,152.033,6672,6484,188,,ok
queue depth 4 - repeat 1,queue-depth detector,queue depth,4.0,1,152.552,6696,6507,189,,ok
queue depth 4 - repeat 1,queue-depth detector,queue depth,4.0,1,153.012,6715,6523,192,,ok
queue depth 4 - repeat 1,queue-depth detector,queue depth,4.0,1,153.528,6735,6543,192,,ok
queue depth 4 - repeat 1,queue-depth detector,queue depth,4.0,1,154.042,6767,6576,191,,ok
queue depth 4 - repeat 1,queue-depth detector,queue depth,4.0,1,154.505,6793,6601,192,,ok
queue depth 4 - repeat 1,queue-depth detector,queue depth,4.0,1,155.018,6812,6620,192,,ok
queue depth 4 - repeat 1,queue-depth detector,queue depth,4.0,1,155.586,6828,6640,188,,ok
queue depth 4 - repeat 1,queue-depth detector,queue depth,4.0,1,156.124,6839,6661,178,,ok
queue depth 4 - repeat 1,queue-depth detector,queue depth,4.0,1,156.549,6888,6696,192,,ok
queue depth 4 - repeat 1,queue-depth detector,queue depth,4.0,1,157.022,6901,6720,181,,ok
queue depth 4 - repeat 1,queue-depth detector,queue depth,4.0,1,157.55,6927,6736,191,,ok
queue depth 4 - repeat 1,queue-depth detector,queue depth,4.0,1,158.174,6944,6760,184,,ok
queue depth 4 - repeat 1,queue-depth detector,queue depth,4.0,1,158.523,6964,6775,189,,ok
queue depth 4 - repeat 1,queue-depth detector,queue depth,4.0,1,159.045,6987,6799,188,,ok
queue depth 4 - repeat 1,queue-depth detector,queue depth,4.0,1,159.506,7020,6828,192,,ok
queue depth 4 - repeat 1,queue-depth detector,queue depth,4.0,1,160.021,7042,6856,186,,ok
queue depth 4 - repeat 1,queue-depth detector,queue depth,4.0,1,160.528,7060,6874,186,,ok
queue depth 4 - repeat 1,queue-depth detector,queue depth,4.0,1,161.015,7080,6892,188,,ok
queue depth 4 - repeat 1,queue-depth detector,queue depth,4.0,1,161.513,7099,6912,187,,ok
queue depth 4 - repeat 1,queue-depth detector,queue depth,4.0,1,162.004,7119,6932,187,,ok
queue depth 4 - repeat 1,queue-depth detector,queue depth,4.0,1,162.524,7152,6960,192,,ok
queue depth 4 - repeat 1,queue-depth detector,queue depth,4.0,1,163.043,7180,6988,192,,ok
queue depth 4 - repeat 1,queue-depth detector,queue depth,4.0,1,163.573,7188,7007,181,,ok
queue depth 4 - repeat 1,queue-depth detector,queue depth,4.0,1,164.007,7212,7022,190,,ok
queue depth 4 - repeat 1,queue-depth detector,queue depth,4.0,1,164.531,7234,7047,187,,ok
queue depth 4 - repeat 1,queue-depth detector,queue depth,4.0,1,165.044,7272,7080,192,,ok
queue depth 4 - repeat 1,queue-depth detector,queue depth,4.0,1,165.571,7278,7093,185,,ok
queue depth 4 - repeat 1,queue-depth detector,queue depth,4.0,1,166.012,7311,7119,192,,ok
queue depth 4 - repeat 1,queue-depth detector,queue depth,4.0,1,166.546,7328,7136,192,,ok
queue depth 4 - repeat 1,queue-depth detector,queue depth,4.0,1,167.009,7346,7156,190,,ok
queue depth 4 - repeat 1,queue-depth detector,queue depth,4.0,1,167.551,7367,7179,188,,ok
queue depth 4 - repeat 1,queue-depth detector,queue depth,4.0,1,168.051,7400,7211,189,,ok
queue depth 4 - repeat 1,queue-depth detector,queue depth,4.0,1,168.516,7424,7234,190,,ok
queue depth 4 - repeat 1,queue-depth detector,queue depth,4.0,1,169.047,7440,7249,191,,ok
queue depth 4 - repeat 1,queue-depth detector,queue depth,4.0,1,169.508,7459,7272,187,,ok
queue depth 4 - repeat 1,queue-depth detector,queue depth,4.0,1,170.023,7479,7291,188,,ok
queue depth 4 - repeat 1,queue-depth detector,queue depth,4.0,1,170.545,7503,7311,192,,ok
queue depth 4 - repeat 1,queue-depth detector,queue depth,4.0,1,171.01,7532,7342,190,,ok
queue depth 4 - repeat 1,queue-depth detector,queue depth,4.0,1,171.541,7560,7369,191,,ok
queue depth 4 - repeat 1,queue-depth detector,queue depth,4.0,1,172.012,7578,7386,192,,ok
queue depth 4 - repeat 1,queue-depth detector,queue depth,4.0,1,172.527,7595,7404,191,,ok
queue depth 4 - repeat 1,queue-depth detector,queue depth,4.0,1,173.046,7616,7426,190,,ok
queue depth 4 - repeat 1,queue-depth detector,queue depth,4.0,1,173.51,7636,7450,186,,ok
queue depth 4 - repeat 1,queue-depth detector,queue depth,4.0,1,174.021,7669,7488,181,,ok
queue depth 4 - repeat 1,queue-depth detector,queue depth,4.0,1,174.535,7695,7503,192,,ok
queue depth 4 - repeat 1,queue-depth detector,queue depth,4.0,1,175.002,7712,7520,192,,ok
queue depth 4 - repeat 1,queue-depth detector,queue depth,4.0,1,175.585,7727,7537,190,,ok
queue depth 4 - repeat 1,queue-depth detector,queue depth,4.0,1,176.016,7751,7559,192,,ok
queue depth 4 - repeat 1,queue-depth detector,queue depth,4.0,1,176.543,7770,7592,178,,ok
queue depth 4 - repeat 1,queue-depth detector,queue depth,4.0,1,177.037,7816,7624,192,,ok
queue depth 4 - repeat 1,queue-depth detector,queue depth,4.0,1,177.528,7828,7642,186,,ok
queue depth 4 - repeat 1,queue-depth detector,queue depth,4.0,1,178.003,7843,7655,188,,ok
queue depth 4 - repeat 1,queue-depth detector,queue depth,4.0,1,178.51,7867,7680,187,,ok
queue depth 4 - repeat 1,queue-depth detector,queue depth,4.0,1,179.064,7887,7706,181,,ok
queue depth 4 - repeat 1,queue-depth detector,queue depth,4.0,1,179.547,7916,7726,190,,ok
queue depth 5 - repeat 1,queue-depth detector,queue depth,5.0,1,0.001,0,0,0,,ok
queue depth 5 - repeat 1,queue-depth detector,queue depth,5.0,1,0.513,3,0,3,,ok
queue depth 5 - repeat 1,queue-depth detector,queue depth,5.0,1,1.023,6,0,6,,ok
queue depth 5 - repeat 1,queue-depth detector,queue depth,5.0,1,1.541,9,0,9,,ok
queue depth 5 - repeat 1,queue-depth detector,queue depth,5.0,1,2.048,18,5,13,,ok
queue depth 5 - repeat 1,queue-depth detector,queue depth,5.0,1,2.504,23,7,16,,ok
queue depth 5 - repeat 1,queue-depth detector,queue depth,5.0,1,3.01,31,12,19,,ok
queue depth 5 - repeat 1,queue-depth detector,queue depth,5.0,1,3.529,40,19,21,,ok
queue depth 5 - repeat 1,queue-depth detector,queue depth,5.0,1,4.047,49,24,25,,ok
queue depth 5 - repeat 1,queue-depth detector,queue depth,5.0,1,4.85,57,37,20,,ok
queue depth 5 - repeat 1,queue-depth detector,queue depth,5.0,1,5.007,75,43,32,,ok
queue depth 5 - repeat 1,queue-depth detector,queue depth,5.0,1,5.522,82,47,35,,ok
queue depth 5 - repeat 1,queue-depth detector,queue depth,5.0,1,6.032,94,56,38,,ok
queue depth 5 - repeat 1,queue-depth detector,queue depth,5.0,1,6.537,113,71,42,,ok
queue depth 5 - repeat 1,queue-depth detector,queue depth,5.0,1,7.045,124,79,45,,ok
queue depth 5 - repeat 1,queue-depth detector,queue depth,5.0,1,7.501,141,93,48,,ok
queue depth 5 - repeat 1,queue-depth detector,queue depth,5.0,1,8.017,146,95,51,,ok
queue depth 5 - repeat 1,queue-depth detector,queue depth,5.0,1,8.536,176,122,54,,ok
queue depth 5 - repeat 1,queue-depth detector,queue depth,5.0,1,9.036,198,140,58,,ok
queue depth 5 - repeat 1,queue-depth detector,queue depth,5.0,1,9.547,201,140,61,,ok
queue depth 5 - repeat 1,queue-depth detector,queue depth,5.0,1,10.019,206,143,63,,ok
queue depth 5 - repeat 1,queue-depth detector,queue depth,5.0,1,10.533,225,168,57,,ok
queue depth 5 - repeat 1,queue-depth detector,queue depth,5.0,1,11.049,245,175,70,,ok
queue depth 5 - repeat 1,queue-depth detector,queue depth,5.0,1,11.507,273,200,73,,ok
queue depth 5 - repeat 1,queue-depth detector,queue depth,5.0,1,12.015,281,204,77,,ok
queue depth 5 - repeat 1,queue-depth detector,queue depth,5.0,1,12.522,298,218,80,,ok
queue depth 5 - repeat 1,queue-depth detector,queue depth,5.0,1,13.031,325,243,82,,ok
queue depth 5 - repeat 1,queue-depth detector,queue depth,5.0,1,13.539,358,273,85,,ok
queue depth 5 - repeat 1,queue-depth detector,queue depth,5.0,1,14.044,366,276,90,,ok
queue depth 5 - repeat 1,queue-depth detector,queue depth,5.0,1,14.534,379,294,85,,ok
queue depth 5 - repeat 1,queue-depth detector,queue depth,5.0,1,15.001,418,322,96,,ok
queue depth 5 - repeat 1,queue-depth detector,queue depth,5.0,1,15.511,421,322,99,,ok
queue depth 5 - repeat 1,queue-depth detector,queue depth,5.0,1,16.018,432,330,102,,ok
queue depth 5 - repeat 1,queue-depth detector,queue depth,5.0,1,16.526,468,363,105,,ok
queue depth 5 - repeat 1,queue-depth detector,queue depth,5.0,1,17.049,472,363,109,,ok
queue depth 5 - repeat 1,queue-depth detector,queue depth,5.0,1,17.563,482,370,112,,ok
queue depth 5 - repeat 1,queue-depth detector,queue depth,5.0,1,18.003,534,419,115,,ok
queue depth 5 - repeat 1,queue-depth detector,queue depth,5.0,1,18.553,540,422,118,,ok
queue depth 5 - repeat 1,queue-depth detector,queue depth,5.0,1,19.002,590,469,121,,ok
queue depth 5 - repeat 1,queue-depth detector,queue depth,5.0,1,19.556,595,470,125,,ok
queue depth 5 - repeat 1,queue-depth detector,queue depth,5.0,1,20.008,601,473,128,,ok
queue depth 5 - repeat 1,queue-depth detector,queue depth,5.0,1,20.547,661,533,128,,ok
queue depth 5 - repeat 1,queue-depth detector,queue depth,5.0,1,21.014,668,534,134,,ok
queue depth 5 - repeat 1,queue-depth detector,queue depth,5.0,1,21.501,671,534,137,,ok
queue depth 5 - repeat 1,queue-depth detector,queue depth,5.0,1,22.012,675,535,140,,ok
queue depth 5 - repeat 1,queue-depth detector,queue depth,5.0,1,22.538,684,545,139,,ok
queue depth 5 - repeat 1,queue-depth detector,queue depth,5.0,1,23.047,742,595,147,,ok
queue depth 5 - repeat 1,queue-depth detector,queue depth,5.0,1,23.502,746,596,150,,ok
queue depth 5 - repeat 1,queue-depth detector,queue depth,5.0,1,24.011,774,636,138,,ok
queue depth 5 - repeat 1,queue-depth detector,queue depth,5.0,1,24.519,823,667,156,,ok
queue depth 5 - repeat 1,queue-depth detector,queue depth,5.0,1,25.028,833,674,159,,ok
queue depth 5 - repeat 1,queue-depth detector,queue depth,5.0,1,25.535,886,723,163,,ok
queue depth 5 - repeat 1,queue-depth detector,queue depth,5.0,1,26.044,890,732,158,,ok
queue depth 5 - repeat 1,queue-depth detector,queue depth,5.0,1,26.505,926,757,169,,ok
queue depth 5 - repeat 1,queue-depth detector,queue depth,5.0,1,27.016,968,795,173,,ok
queue depth 5 - repeat 1,queue-depth detector,queue depth,5.0,1,27.528,985,809,176,,ok
queue depth 5 - repeat 1,queue-depth detector,queue depth,5.0,1,28.048,1030,851,179,,ok
queue depth 5 - repeat 1,queue-depth detector,queue depth,5.0,1,28.775,1031,852,179,,ok
queue depth 5 - repeat 1,queue-depth detector,queue depth,5.0,1,29.001,1045,864,181,,ok
queue depth 5 - repeat 1,queue-depth detector,queue depth,5.0,1,29.526,1112,923,189,,ok
queue depth 5 - repeat 1,queue-depth detector,queue depth,5.0,1,30.073,1129,939,190,,ok
queue depth 5 - repeat 1,queue-depth detector,queue depth,5.0,1,30.544,1171,979,192,,ok
queue depth 5 - repeat 1,queue-depth detector,queue depth,5.0,1,31.042,1178,988,190,,ok
queue depth 5 - repeat 1,queue-depth detector,queue depth,5.0,1,31.534,1204,1012,192,,ok
queue depth 5 - repeat 1,queue-depth detector,queue depth,5.0,1,32.048,1243,1051,192,,ok
queue depth 5 - repeat 1,queue-depth detector,queue depth,5.0,1,32.515,1249,1065,184,,ok
queue depth 5 - repeat 1,queue-depth detector,queue depth,5.0,1,33.023,1287,1107,180,,ok
queue depth 5 - repeat 1,queue-depth detector,queue depth,5.0,1,33.532,1300,1108,192,,ok
queue depth 5 - repeat 1,queue-depth detector,queue depth,5.0,1,34.045,1332,1140,192,,ok
queue depth 5 - repeat 1,queue-depth detector,queue depth,5.0,1,34.502,1371,1179,192,,ok
queue depth 5 - repeat 1,queue-depth detector,queue depth,5.0,1,35.013,1378,1193,185,,ok
queue depth 5 - repeat 1,queue-depth detector,queue depth,5.0,1,35.526,1414,1235,179,,ok
queue depth 5 - repeat 1,queue-depth detector,queue depth,5.0,1,36.041,1428,1244,184,,ok
queue depth 5 - repeat 1,queue-depth detector,queue depth,5.0,1,36.508,1449,1268,181,,ok
queue depth 5 - repeat 1,queue-depth detector,queue depth,5.0,1,37.018,1499,1307,192,,ok
queue depth 5 - repeat 1,queue-depth detector,queue depth,5.0,1,37.528,1499,1307,192,,ok
queue depth 5 - repeat 1,queue-depth detector,queue depth,5.0,1,38.131,1533,1363,170,,ok
queue depth 5 - repeat 1,queue-depth detector,queue depth,5.0,1,38.58,1556,1364,192,,ok
queue depth 5 - repeat 1,queue-depth detector,queue depth,5.0,1,39.011,1588,1396,192,,ok
queue depth 5 - repeat 1,queue-depth detector,queue depth,5.0,1,39.546,1616,1435,181,,ok
queue depth 5 - repeat 1,queue-depth detector,queue depth,5.0,1,40.02,1633,1442,191,,ok
queue depth 5 - repeat 1,queue-depth detector,queue depth,5.0,1,40.514,1661,1470,191,,ok
queue depth 5 - repeat 1,queue-depth detector,queue depth,5.0,1,41.092,1684,1499,185,,ok
queue depth 5 - repeat 1,queue-depth detector,queue depth,5.0,1,41.502,1705,1524,181,,ok
queue depth 5 - repeat 1,queue-depth detector,queue depth,5.0,1,42.013,1744,1562,182,,ok
queue depth 5 - repeat 1,queue-depth detector,queue depth,5.0,1,42.524,1761,1569,192,,ok
queue depth 5 - repeat 1,queue-depth detector,queue depth,5.0,1,43.008,1783,1597,186,,ok
queue depth 5 - repeat 1,queue-depth detector,queue depth,5.0,1,43.56,1812,1620,192,,ok
queue depth 5 - repeat 1,queue-depth detector,queue depth,5.0,1,44.02,1830,1638,192,,ok
queue depth 5 - repeat 1,queue-depth detector,queue depth,5.0,1,44.501,1859,1667,192,,ok
queue depth 5 - repeat 1,queue-depth detector,queue depth,5.0,1,45.01,1884,1692,192,,ok
queue depth 5 - repeat 1,queue-depth detector,queue depth,5.0,1,45.517,1911,1725,186,,ok
queue depth 5 - repeat 1,queue-depth detector,queue depth,5.0,1,46.026,1939,1748,191,,ok
queue depth 5 - repeat 1,queue-depth detector,queue depth,5.0,1,46.534,1940,1748,192,,ok
queue depth 5 - repeat 1,queue-depth detector,queue depth,5.0,1,47.004,1981,1791,190,,ok
queue depth 5 - repeat 1,queue-depth detector,queue depth,5.0,1,47.513,2011,1820,191,,ok
queue depth 5 - repeat 1,queue-depth detector,queue depth,5.0,1,48.031,2031,1839,192,,ok
queue depth 5 - repeat 1,queue-depth detector,queue depth,5.0,1,48.537,2064,1872,192,,ok
queue depth 5 - repeat 1,queue-depth detector,queue depth,5.0,1,49.015,2075,1883,192,,ok
queue depth 5 - repeat 1,queue-depth detector,queue depth,5.0,1,49.509,2106,1917,189,,ok
queue depth 5 - repeat 1,queue-depth detector,queue depth,5.0,1,50.193,2139,1948,191,,ok
queue depth 5 - repeat 1,queue-depth detector,queue depth,5.0,1,50.533,2153,1967,186,,ok
queue depth 5 - repeat 1,queue-depth detector,queue depth,5.0,1,51.005,2178,2000,178,,ok
queue depth 5 - repeat 1,queue-depth detector,queue depth,5.0,1,51.528,2201,2009,192,,ok
queue depth 5 - repeat 1,queue-depth detector,queue depth,5.0,1,52.043,2228,2042,186,,ok
queue depth 5 - repeat 1,queue-depth detector,queue depth,5.0,1,52.503,2267,2075,192,,ok
queue depth 5 - repeat 1,queue-depth detector,queue depth,5.0,1,53.014,2273,2089,184,,ok
queue depth 5 - repeat 1,queue-depth detector,queue depth,5.0,1,53.522,2301,2114,187,,ok
queue depth 5 - repeat 1,queue-depth detector,queue depth,5.0,1,54.029,2324,2132,192,,ok
queue depth 5 - repeat 1,queue-depth detector,queue depth,5.0,1,54.537,2345,2164,181,,ok
queue depth 5 - repeat 1,queue-depth detector,queue depth,5.0,1,55.048,2374,2191,183,,ok
queue depth 5 - repeat 1,queue-depth detector,queue depth,5.0,1,55.508,2396,2204,192,,ok
queue depth 5 - repeat 1,queue-depth detector,queue depth,5.0,1,56.018,2426,2234,192,,ok
queue depth 5 - repeat 1,queue-depth detector,queue depth,5.0,1,56.525,2451,2260,191,,ok
queue depth 5 - repeat 1,queue-depth detector,queue depth,5.0,1,57.033,2470,2278,192,,ok
queue depth 5 - repeat 1,queue-depth detector,queue depth,5.0,1,57.546,2499,2310,189,,ok
queue depth 5 - repeat 1,queue-depth detector,queue depth,5.0,1,58.012,2521,2329,192,,ok
queue depth 5 - repeat 1,queue-depth detector,queue depth,5.0,1,58.517,2543,2351,192,,ok
queue depth 5 - repeat 1,queue-depth detector,queue depth,5.0,1,59.062,2576,2387,189,,ok
queue depth 5 - repeat 1,queue-depth detector,queue depth,5.0,1,59.501,2585,2393,192,,ok
queue depth 5 - repeat 1,queue-depth detector,queue depth,5.0,1,60.034,2621,2429,192,,ok
queue depth 5 - repeat 1,queue-depth detector,queue depth,5.0,1,60.514,2630,2450,180,,ok
queue depth 5 - repeat 1,queue-depth detector,queue depth,5.0,1,61.03,2665,2475,190,,ok
queue depth 5 - repeat 1,queue-depth detector,queue depth,5.0,1,61.53,2690,2512,178,,ok
queue depth 5 - repeat 1,queue-depth detector,queue depth,5.0,1,62.06,2708,2521,187,,ok
queue depth 5 - repeat 1,queue-depth detector,queue depth,5.0,1,62.525,2713,2534,179,,ok
queue depth 5 - repeat 1,queue-depth detector,queue depth,5.0,1,63.033,2767,2575,192,,ok
queue depth 5 - repeat 1,queue-depth detector,queue depth,5.0,1,63.506,2780,2588,192,,ok
queue depth 5 - repeat 1,queue-depth detector,queue depth,5.0,1,64.017,2810,2621,189,,ok
queue depth 5 - repeat 1,queue-depth detector,queue depth,5.0,1,64.534,2836,2644,192,,ok
queue depth 5 - repeat 1,queue-depth detector,queue depth,5.0,1,65.041,2841,2660,181,,ok
queue depth 5 - repeat 1,queue-depth detector,queue depth,5.0,1,65.515,2877,2685,192,,ok
queue depth 5 - repeat 1,queue-depth detector,queue depth,5.0,1,66.026,2905,2713,192,,ok
queue depth 5 - repeat 1,queue-depth detector,queue depth,5.0,1,66.541,2923,2731,192,,ok
queue depth 5 - repeat 1,queue-depth detector,queue depth,5.0,1,67.048,2950,2758,192,,ok
queue depth 5 - repeat 1,queue-depth detector,queue depth,5.0,1,67.524,2964,2772,192,,ok
queue depth 5 - repeat 1,queue-depth detector,queue depth,5.0,1,68.054,2996,2804,192,,ok
queue depth 5 - repeat 1,queue-depth detector,queue depth,5.0,1,68.502,3014,2831,183,,ok
queue depth 5 - repeat 1,queue-depth detector,queue depth,5.0,1,69.025,3036,2849,187,,ok
queue depth 5 - repeat 1,queue-depth detector,queue depth,5.0,1,69.519,3065,2873,192,,ok
queue depth 5 - repeat 1,queue-depth detector,queue depth,5.0,1,70.041,3087,2895,192,,ok
queue depth 5 - repeat 1,queue-depth detector,queue depth,5.0,1,70.534,3100,2908,192,,ok
queue depth 5 - repeat 1,queue-depth detector,queue depth,5.0,1,71.019,3135,2947,188,,ok
queue depth 5 - repeat 1,queue-depth detector,queue depth,5.0,1,71.533,3162,2972,190,,ok
queue depth 5 - repeat 1,queue-depth detector,queue depth,5.0,1,72.04,3184,2992,192,,ok
queue depth 5 - repeat 1,queue-depth detector,queue depth,5.0,1,72.546,3208,3017,191,,ok
queue depth 5 - repeat 1,queue-depth detector,queue depth,5.0,1,73.01,3220,3033,187,,ok
queue depth 5 - repeat 1,queue-depth detector,queue depth,5.0,1,73.517,3252,3065,187,,ok
queue depth 5 - repeat 1,queue-depth detector,queue depth,5.0,1,74.038,3279,3092,187,,ok
queue depth 5 - repeat 1,queue-depth detector,queue depth,5.0,1,74.549,3298,3113,185,,ok
queue depth 5 - repeat 1,queue-depth detector,queue depth,5.0,1,75.011,3325,3134,191,,ok
queue depth 5 - repeat 1,queue-depth detector,queue depth,5.0,1,75.522,3345,3156,189,,ok
queue depth 5 - repeat 1,queue-depth detector,queue depth,5.0,1,76.04,3364,3177,187,,ok
queue depth 5 - repeat 1,queue-depth detector,queue depth,5.0,1,76.547,3388,3206,182,,ok
queue depth 5 - repeat 1,queue-depth detector,queue depth,5.0,1,77.004,3418,3226,192,,ok
queue depth 5 - repeat 1,queue-depth detector,queue depth,5.0,1,77.513,3440,3248,192,,ok
queue depth 5 - repeat 1,queue-depth detector,queue depth,5.0,1,78.031,3462,3273,189,,ok
queue depth 5 - repeat 1,queue-depth detector,queue depth,5.0,1,78.519,3481,3289,192,,ok
queue depth 5 - repeat 1,queue-depth detector,queue depth,5.0,1,79.012,3503,3318,185,,ok
queue depth 5 - repeat 1,queue-depth detector,queue depth,5.0,1,79.518,3535,3348,187,,ok
queue depth 5 - repeat 1,queue-depth detector,queue depth,5.0,1,80.036,3554,3371,183,,ok
queue depth 5 - repeat 1,queue-depth detector,queue depth,5.0,1,80.54,3582,3398,184,,ok
queue depth 5 - repeat 1,queue-depth detector,queue depth,5.0,1,81.049,3604,3412,192,,ok
queue depth 5 - repeat 1,queue-depth detector,queue depth,5.0,1,81.509,3625,3433,192,,ok
queue depth 5 - repeat 1,queue-depth detector,queue depth,5.0,1,82.032,3663,3471,192,,ok
queue depth 5 - repeat 1,queue-depth detector,queue depth,5.0,1,82.545,3681,3489,192,,ok
queue depth 5 - repeat 1,queue-depth detector,queue depth,5.0,1,83.01,3705,3516,189,,ok
queue depth 5 - repeat 1,queue-depth detector,queue depth,5.0,1,83.517,3727,3540,187,,ok
queue depth 5 - repeat 1,queue-depth detector,queue depth,5.0,1,84.03,3748,3558,190,,ok
queue depth 5 - repeat 1,queue-depth detector,queue depth,5.0,1,84.537,3782,3591,191,,ok
queue depth 5 - repeat 1,queue-depth detector,queue depth,5.0,1,85.044,3803,3612,191,,ok
queue depth 5 - repeat 1,queue-depth detector,queue depth,5.0,1,85.504,3824,3639,185,,ok
queue depth 5 - repeat 1,queue-depth detector,queue depth,5.0,1,86.022,3849,3663,186,,ok
queue depth 5 - repeat 1,queue-depth detector,queue depth,5.0,1,86.531,3865,3676,189,,ok
queue depth 5 - repeat 1,queue-depth detector,queue depth,5.0,1,87.038,3894,3705,189,,ok
queue depth 5 - repeat 1,queue-depth detector,queue depth,5.0,1,87.546,3919,3727,192,,ok
queue depth 5 - repeat 1,queue-depth detector,queue depth,5.0,1,88.037,3942,3755,187,,ok
queue depth 5 - repeat 1,queue-depth detector,queue depth,5.0,1,88.561,3964,3779,185,,ok
queue depth 5 - repeat 1,queue-depth detector,queue depth,5.0,1,89.164,3988,3799,189,,ok
queue depth 5 - repeat 1,queue-depth detector,queue depth,5.0,1,89.513,4006,3824,182,,ok
queue depth 5 - repeat 1,queue-depth detector,queue depth,5.0,1,90.012,4041,3853,188,,ok
queue depth 5 - repeat 1,queue-depth detector,queue depth,5.0,1,90.529,4060,3873,187,,ok
queue depth 5 - repeat 1,queue-depth detector,queue depth,5.0,1,91.046,4087,3901,186,,ok
queue depth 5 - repeat 1,queue-depth detector,queue depth,5.0,1,91.521,4111,3919,192,,ok
queue depth 5 - repeat 1,queue-depth detector,queue depth,5.0,1,92.022,4127,3940,187,,ok
queue depth 5 - repeat 1,queue-depth detector,queue depth,5.0,1,92.54,4156,3964,192,,ok
queue depth 5 - repeat 1,queue-depth detector,queue depth,5.0,1,93.048,4184,3993,191,,ok
queue depth 5 - repeat 1,queue-depth detector,queue depth,5.0,1,93.507,4207,4015,192,,ok
queue depth 5 - repeat 1,queue-depth detector,queue depth,5.0,1,94.022,4230,4038,192,,ok
queue depth 5 - repeat 1,queue-depth detector,queue depth,5.0,1,94.53,4249,4057,192,,ok
queue depth 5 - repeat 1,queue-depth detector,queue depth,5.0,1,95.005,4272,4080,192,,ok
queue depth 5 - repeat 1,queue-depth detector,queue depth,5.0,1,95.514,4301,4111,190,,ok
queue depth 5 - repeat 1,queue-depth detector,queue depth,5.0,1,96.022,4321,4130,191,,ok
queue depth 5 - repeat 1,queue-depth detector,queue depth,5.0,1,96.528,4350,4165,185,,ok
queue depth 5 - repeat 1,queue-depth detector,queue depth,5.0,1,97.04,4372,4180,192,,ok
queue depth 5 - repeat 1,queue-depth detector,queue depth,5.0,1,97.566,4390,4208,182,,ok
queue depth 5 - repeat 1,queue-depth detector,queue depth,5.0,1,98.041,4422,4233,189,,ok
queue depth 5 - repeat 1,queue-depth detector,queue depth,5.0,1,98.609,4436,4257,179,,ok
queue depth 5 - repeat 1,queue-depth detector,queue depth,5.0,1,99.018,4470,4278,192,,ok
queue depth 5 - repeat 1,queue-depth detector,queue depth,5.0,1,99.515,4495,4307,188,,ok
queue depth 5 - repeat 1,queue-depth detector,queue depth,5.0,1,100.011,4516,4326,190,,ok
queue depth 5 - repeat 1,queue-depth detector,queue depth,5.0,1,100.516,4537,4358,179,,ok
queue depth 5 - repeat 1,queue-depth detector,queue depth,5.0,1,101.035,4564,4376,188,,ok
queue depth 5 - repeat 1,queue-depth detector,queue depth,5.0,1,101.55,4585,4400,185,,ok
queue depth 5 - repeat 1,queue-depth detector,queue depth,5.0,1,102.032,4614,4422,192,,ok
queue depth 5 - repeat 1,queue-depth detector,queue depth,5.0,1,102.537,4633,4441,192,,ok
queue depth 5 - repeat 1,queue-depth detector,queue depth,5.0,1,103.046,4662,4470,192,,ok
queue depth 5 - repeat 1,queue-depth detector,queue depth,5.0,1,103.517,4686,4495,191,,ok
queue depth 5 - repeat 1,queue-depth detector,queue depth,5.0,1,104.03,4705,4514,191,,ok
queue depth 5 - repeat 1,queue-depth detector,queue depth,5.0,1,104.505,4726,4546,180,,ok
queue depth 5 - repeat 1,queue-depth detector,queue depth,5.0,1,105.013,4756,4564,192,,ok
queue depth 5 - repeat 1,queue-depth detector,queue depth,5.0,1,105.521,4784,4592,192,,ok
queue depth 5 - repeat 1,queue-depth detector,queue depth,5.0,1,106.028,4806,4616,190,,ok
queue depth 5 - repeat 1,queue-depth detector,queue depth,5.0,1,106.545,4824,4636,188,,ok
queue depth 5 - repeat 1,queue-depth detector,queue depth,5.0,1,107.005,4848,4662,186,,ok
queue depth 5 - repeat 1,queue-depth detector,queue depth,5.0,1,107.522,4879,4689,190,,ok
queue depth 5 - repeat 1,queue-depth detector,queue depth,5.0,1,108.033,4889,4708,181,,ok
queue depth 5 - repeat 1,queue-depth detector,queue depth,5.0,1,108.521,4921,4735,186,,ok
queue depth 5 - repeat 1,queue-depth detector,queue depth,5.0,1,109.001,4948,4756,192,,ok
queue depth 5 - repeat 1,queue-depth detector,queue depth,5.0,1,109.546,4971,4779,192,,ok
queue depth 5 - repeat 1,queue-depth detector,queue depth,5.0,1,110.042,4998,4806,192,,ok
queue depth 5 - repeat 1,queue-depth detector,queue depth,5.0,1,110.545,5017,4825,192,,ok
queue depth 5 - repeat 1,queue-depth detector,queue depth,5.0,1,111.011,5040,4854,186,,ok
queue depth 5 - repeat 1,queue-depth detector,queue depth,5.0,1,111.519,5069,4879,190,,ok
queue depth 5 - repeat 1,queue-depth detector,queue depth,5.0,1,112.026,5085,4905,180,,ok
queue depth 5 - repeat 1,queue-depth detector,queue depth,5.0,1,112.558,5110,4930,180,,ok
queue depth 5 - repeat 1,queue-depth detector,queue depth,5.0,1,113.024,5140,4948,192,,ok
queue depth 5 - repeat 1,queue-depth detector,queue depth,5.0,1,113.547,5168,4976,192,,ok
queue depth 5 - repeat 1,queue-depth detector,queue depth,5.0,1,114.008,5190,5000,190,,ok
queue depth 5 - repeat 1,queue-depth detector,queue depth,5.0,1,114.524,5212,5020,192,,ok
queue depth 5 - repeat 1,queue-depth detector,queue depth,5.0,1,115.069,5238,5046,192,,ok
queue depth 5 - repeat 1,queue-depth detector,queue depth,5.0,1,115.526,5267,5076,191,,ok
queue depth 5 - repeat 1,queue-depth detector,queue depth,5.0,1,116.035,5286,5097,189,,ok
queue depth 5 - repeat 1,queue-depth detector,queue depth,5.0,1,116.505,5308,5119,189,,ok
queue depth 5 - repeat 1,queue-depth detector,queue depth,5.0,1,117.015,5318,5126,192,,ok
queue depth 5 - repeat 1,queue-depth detector,queue depth,5.0,1,117.532,5339,5147,192,,ok
queue depth 5 - repeat 1,queue-depth detector,queue depth,5.0,1,118.01,5382,5199,183,,ok
queue depth 5 - repeat 1,queue-depth detector,queue depth,5.0,1,118.571,5395,5212,183,,ok
queue depth 5 - repeat 1,queue-depth detector,queue depth,5.0,1,119.03,5427,5241,186,,ok
queue depth 5 - repeat 1,queue-depth detector,queue depth,5.0,1,119.506,5453,5261,192,,ok
queue depth 5 - repeat 1,queue-depth detector,queue depth,5.0,1,120.058,5473,5286,187,,ok
queue depth 5 - repeat 1,queue-depth detector,queue depth,5.0,1,120.501,5494,5314,180,,ok
queue depth 5 - repeat 1,queue-depth detector,queue depth,5.0,1,121.004,5524,5332,192,,ok
queue depth 5 - repeat 1,queue-depth detector,queue depth,5.0,1,121.517,5551,5360,191,,ok
queue depth 5 - repeat 1,queue-depth detector,queue depth,5.0,1,122.024,5576,5389,187,,ok
queue depth 5 - repeat 1,queue-depth detector,queue depth,5.0,1,122.531,5596,5409,187,,ok
queue depth 5 - repeat 1,queue-depth detector,queue depth,5.0,1,123.042,5622,5430,192,,ok
queue depth 5 - repeat 1,queue-depth detector,queue depth,5.0,1,123.502,5647,5455,192,,ok
queue depth 5 - repeat 1,queue-depth detector,queue depth,5.0,1,124.007,5670,5478,192,,ok
queue depth 5 - repeat 1,queue-depth detector,queue depth,5.0,1,124.522,5697,5507,190,,ok
queue depth 5 - repeat 1,queue-depth detector,queue depth,5.0,1,125.035,5724,5533,191,,ok
queue depth 5 - repeat 1,queue-depth detector,queue depth,5.0,1,125.545,5750,5558,192,,ok
queue depth 5 - repeat 1,queue-depth detector,queue depth,5.0,1,126.003,5775,5583,192,,ok
queue depth 5 - repeat 1,queue-depth detector,queue depth,5.0,1,126.512,5796,5606,190,,ok
queue depth 5 - repeat 1,queue-depth detector,queue depth,5.0,1,127.022,5817,5633,184,,ok
queue depth 5 - repeat 1,queue-depth detector,queue depth,5.0,1,127.531,5849,5658,191,,ok
queue depth 5 - repeat 1,queue-depth detector,queue depth,5.0,1,128.01,5871,5680,191,,ok
queue depth 5 - repeat 1,queue-depth detector,queue depth,5.0,1,128.506,5872,5700,172,,ok
queue depth 5 - repeat 1,queue-depth detector,queue depth,5.0,1,129.046,5913,5724,189,,ok
queue depth 5 - repeat 1,queue-depth detector,queue depth,5.0,1,129.549,5942,5750,192,,ok
queue depth 5 - repeat 1,queue-depth detector,queue depth,5.0,1,130.038,5965,5779,186,,ok
queue depth 5 - repeat 1,queue-depth detector,queue depth,5.0,1,130.504,5985,5801,184,,ok
queue depth 5 - repeat 1,queue-depth detector,queue depth,5.0,1,131.539,6006,5836,170,,ok
queue depth 5 - repeat 1,queue-depth detector,queue depth,5.0,1,132.014,6064,5872,192,,ok
queue depth 5 - repeat 1,queue-depth detector,queue depth,5.0,1,132.532,6091,5899,192,,ok
queue depth 5 - repeat 1,queue-depth detector,queue depth,5.0,1,133.046,6113,5921,192,,ok
queue depth 5 - repeat 1,queue-depth detector,queue depth,5.0,1,133.502,6133,5942,191,,ok
queue depth 5 - repeat 1,queue-depth detector,queue depth,5.0,1,134.011,6159,5967,192,,ok
queue depth 5 - repeat 1,queue-depth detector,queue depth,5.0,1,134.526,6164,5972,192,,ok
queue depth 5 - repeat 1,queue-depth detector,queue depth,5.0,1,135.038,6209,6017,192,,ok
queue depth 5 - repeat 1,queue-depth detector,queue depth,5.0,1,135.547,6235,6043,192,,ok
queue depth 5 - repeat 1,queue-depth detector,queue depth,5.0,1,136.02,6256,6069,187,,ok
queue depth 5 - repeat 1,queue-depth detector,queue depth,5.0,1,136.543,6285,6095,190,,ok
queue depth 5 - repeat 1,queue-depth detector,queue depth,5.0,1,137.049,6298,6108,190,,ok
queue depth 5 - repeat 1,queue-depth detector,queue depth,5.0,1,137.508,6326,6134,192,,ok
queue depth 5 - repeat 1,queue-depth detector,queue depth,5.0,1,138.029,6351,6163,188,,ok
queue depth 5 - repeat 1,queue-depth detector,queue depth,5.0,1,138.502,6373,6187,186,,ok
queue depth 5 - repeat 1,queue-depth detector,queue depth,5.0,1,139.017,6398,6210,188,,ok
queue depth 5 - repeat 1,queue-depth detector,queue depth,5.0,1,139.536,6423,6233,190,,ok
queue depth 5 - repeat 1,queue-depth detector,queue depth,5.0,1,140.001,6448,6256,192,,ok
queue depth 5 - repeat 1,queue-depth detector,queue depth,5.0,1,140.51,6475,6283,192,,ok
queue depth 5 - repeat 1,queue-depth detector,queue depth,5.0,1,141.007,6497,6305,192,,ok
queue depth 5 - repeat 1,queue-depth detector,queue depth,5.0,1,141.522,6518,6326,192,,ok
queue depth 5 - repeat 1,queue-depth detector,queue depth,5.0,1,142.03,6548,6356,192,,ok
queue depth 5 - repeat 1,queue-depth detector,queue depth,5.0,1,142.539,6566,6377,189,,ok
queue depth 5 - repeat 1,queue-depth detector,queue depth,5.0,1,143.017,6593,6407,186,,ok
queue depth 5 - repeat 1,queue-depth detector,queue depth,5.0,1,143.53,6619,6428,191,,ok
queue depth 5 - repeat 1,queue-depth detector,queue depth,5.0,1,144.038,6641,6454,187,,ok
queue depth 5 - repeat 1,queue-depth detector,queue depth,5.0,1,144.547,6667,6475,192,,ok
queue depth 5 - repeat 1,queue-depth detector,queue depth,5.0,1,145.005,6681,6489,192,,ok
queue depth 5 - repeat 1,queue-depth detector,queue depth,5.0,1,145.508,6710,6518,192,,ok
queue depth 5 - repeat 1,queue-depth detector,queue depth,5.0,1,146.026,6739,6547,192,,ok
queue depth 5 - repeat 1,queue-depth detector,queue depth,5.0,1,146.548,6763,6575,188,,ok
queue depth 5 - repeat 1,queue-depth detector,queue depth,5.0,1,147.005,6782,6590,192,,ok
queue depth 5 - repeat 1,queue-depth detector,queue depth,5.0,1,147.515,6804,6612,192,,ok
queue depth 5 - repeat 1,queue-depth detector,queue depth,5.0,1,148.031,6831,6639,192,,ok
queue depth 5 - repeat 1,queue-depth detector,queue depth,5.0,1,148.55,6859,6667,192,,ok
queue depth 5 - repeat 1,queue-depth detector,queue depth,5.0,1,149.001,6873,6689,184,,ok
queue depth 5 - repeat 1,queue-depth detector,queue depth,5.0,1,149.543,6902,6710,192,,ok
queue depth 5 - repeat 1,queue-depth detector,queue depth,5.0,1,150.008,6923,6733,190,,ok
queue depth 5 - repeat 1,queue-depth detector,queue depth,5.0,1,150.527,6948,6767,181,,ok
queue depth 5 - repeat 1,queue-depth detector,queue depth,5.0,1,151.025,6966,6785,181,,ok
queue depth 5 - repeat 1,queue-depth detector,queue depth,5.0,1,151.547,7001,6812,189,,ok
queue depth 5 - repeat 1,queue-depth detector,queue depth,5.0,1,152.005,7024,6832,192,,ok
queue depth 5 - repeat 1,queue-depth detector,queue depth,5.0,1,152.513,7044,6852,192,,ok
queue depth 5 - repeat 1,queue-depth detector,queue depth,5.0,1,153.025,7065,6873,192,,ok
queue depth 5 - repeat 1,queue-depth detector,queue depth,5.0,1,153.542,7094,6902,192,,ok
queue depth 5 - repeat 1,queue-depth detector,queue depth,5.0,1,154.051,7122,6931,191,,ok
queue depth 5 - repeat 1,queue-depth detector,queue depth,5.0,1,154.506,7137,6955,182,,ok
queue depth 5 - repeat 1,queue-depth detector,queue depth,5.0,1,155.014,7164,6974,190,,ok
queue depth 5 - repeat 1,queue-depth detector,queue depth,5.0,1,155.525,7188,6996,192,,ok
queue depth 5 - repeat 1,queue-depth detector,queue depth,5.0,1,156.05,7206,7021,185,,ok
queue depth 5 - repeat 1,queue-depth detector,queue depth,5.0,1,156.509,7243,7051,192,,ok
queue depth 5 - repeat 1,queue-depth detector,queue depth,5.0,1,157.018,7264,7073,191,,ok
queue depth 5 - repeat 1,queue-depth detector,queue depth,5.0,1,157.525,7285,7093,192,,ok
queue depth 5 - repeat 1,queue-depth detector,queue depth,5.0,1,158.03,7307,7121,186,,ok
queue depth 5 - repeat 1,queue-depth detector,queue depth,5.0,1,158.55,7329,7137,192,,ok
queue depth 5 - repeat 1,queue-depth detector,queue depth,5.0,1,159.001,7367,7179,188,,ok
queue depth 5 - repeat 1,queue-depth detector,queue depth,5.0,1,159.546,7388,7196,192,,ok
queue depth 5 - repeat 1,queue-depth detector,queue depth,5.0,1,160.025,7408,7221,187,,ok
queue depth 5 - repeat 1,queue-depth detector,queue depth,5.0,1,160.536,7422,7243,179,,ok
queue depth 5 - repeat 1,queue-depth detector,queue depth,5.0,1,161.014,7449,7260,189,,ok
queue depth 5 - repeat 1,queue-depth detector,queue depth,5.0,1,161.537,7476,7284,192,,ok
queue depth 5 - repeat 1,queue-depth detector,queue depth,5.0,1,162.047,7514,7324,190,,ok
queue depth 5 - repeat 1,queue-depth detector,queue depth,5.0,1,162.521,7533,7344,189,,ok
queue depth 5 - repeat 1,queue-depth detector,queue depth,5.0,1,163.031,7554,7362,192,,ok
queue depth 5 - repeat 1,queue-depth detector,queue depth,5.0,1,163.537,7577,7385,192,,ok
queue depth 5 - repeat 1,queue-depth detector,queue depth,5.0,1,164.046,7604,7412,192,,ok
queue depth 5 - repeat 1,queue-depth detector,queue depth,5.0,1,164.516,7643,7452,191,,ok
queue depth 5 - repeat 1,queue-depth detector,queue depth,5.0,1,165.022,7661,7472,189,,ok
queue depth 5 - repeat 1,queue-depth detector,queue depth,5.0,1,165.531,7682,7491,191,,ok
queue depth 5 - repeat 1,queue-depth detector,queue depth,5.0,1,166.042,7700,7513,187,,ok
queue depth 5 - repeat 1,queue-depth detector,queue depth,5.0,1,166.509,7725,7533,192,,ok
queue depth 5 - repeat 1,queue-depth detector,queue depth,5.0,1,167.021,7757,7565,192,,ok
queue depth 5 - repeat 1,queue-depth detector,queue depth,5.0,1,167.536,7789,7597,192,,ok
queue depth 5 - repeat 1,queue-depth detector,queue depth,5.0,1,168.047,7810,7618,192,,ok
queue depth 5 - repeat 1,queue-depth detector,queue depth,5.0,1,168.528,7832,7641,191,,ok
queue depth 5 - repeat 1,queue-depth detector,queue depth,5.0,1,169.006,7853,7661,192,,ok
queue depth 5 - repeat 1,queue-depth detector,queue depth,5.0,1,169.504,7874,7693,181,,ok
queue depth 5 - repeat 1,queue-depth detector,queue depth,5.0,1,170.096,7915,7728,187,,ok
queue depth 5 - repeat 1,queue-depth detector,queue depth,5.0,1,170.522,7934,7746,188,,ok
queue depth 5 - repeat 1,queue-depth detector,queue depth,5.0,1,171.085,7961,7769,192,,ok
queue depth 5 - repeat 1,queue-depth detector,queue depth,5.0,1,171.544,7981,7794,187,,ok
queue depth 5 - repeat 1,queue-depth detector,queue depth,5.0,1,172.0,8005,7821,184,,ok
queue depth 5 - repeat 1,queue-depth detector,queue depth,5.0,1,172.509,8037,7853,184,,ok
queue depth 5 - repeat 1,queue-depth detector,queue depth,5.0,1,173.019,8062,7874,188,,ok
queue depth 5 - repeat 1,queue-depth detector,queue depth,5.0,1,173.533,8084,7897,187,,ok
queue depth 5 - repeat 1,queue-depth detector,queue depth,5.0,1,174.046,8109,7917,192,,ok
queue depth 5 - repeat 1,queue-depth detector,queue depth,5.0,1,174.512,8141,7949,192,,ok
queue depth 5 - repeat 1,queue-depth detector,queue depth,5.0,1,175.042,8173,7981,192,,ok
queue depth 5 - repeat 1,queue-depth detector,queue depth,5.0,1,175.549,8194,8003,191,,ok
queue depth 5 - repeat 1,queue-depth detector,queue depth,5.0,1,176.01,8213,8025,188,,ok
queue depth 5 - repeat 1,queue-depth detector,queue depth,5.0,1,176.521,8237,8052,185,,ok
queue depth 5 - repeat 1,queue-depth detector,queue depth,5.0,1,177.036,8269,8077,192,,ok
queue depth 5 - repeat 1,queue-depth detector,queue depth,5.0,1,177.544,8299,8112,187,,ok
queue depth 5 - repeat 1,queue-depth detector,queue depth,5.0,1,178.027,8318,8126,192,,ok
queue depth 5 - repeat 1,queue-depth detector,queue depth,5.0,1,178.505,8340,8153,187,,ok
queue depth 5 - repeat 1,queue-depth detector,queue depth,5.0,1,179.034,8365,8173,192,,ok
queue depth 5 - repeat 1,queue-depth detector,queue depth,5.0,1,179.536,8397,8205,192,,ok
queue depth 5 - repeat 2,queue-depth detector,queue depth,5.0,2,0.0,0,0,0,,ok
queue depth 5 - repeat 2,queue-depth detector,queue depth,5.0,2,0.509,3,0,3,,ok
queue depth 5 - repeat 2,queue-depth detector,queue depth,5.0,2,1.019,6,0,6,,ok
queue depth 5 - repeat 2,queue-depth detector,queue depth,5.0,2,1.528,10,1,9,,ok
queue depth 5 - repeat 2,queue-depth detector,queue depth,5.0,2,2.036,17,4,13,,ok
queue depth 5 - repeat 2,queue-depth detector,queue depth,5.0,2,2.546,22,6,16,,ok
queue depth 5 - repeat 2,queue-depth detector,queue depth,5.0,2,3.018,25,6,19,,ok
queue depth 5 - repeat 2,queue-depth detector,queue depth,5.0,2,3.711,31,10,21,,ok
queue depth 5 - repeat 2,queue-depth detector,queue depth,5.0,2,4.039,46,20,26,,ok
queue depth 5 - repeat 2,queue-depth detector,queue depth,5.0,2,4.539,50,21,29,,ok
queue depth 5 - repeat 2,queue-depth detector,queue depth,5.0,2,5.02,53,22,31,,ok
queue depth 5 - repeat 2,queue-depth detector,queue depth,5.0,2,5.54,59,24,35,,ok
queue depth 5 - repeat 2,queue-depth detector,queue depth,5.0,2,6.008,76,44,32,,ok
queue depth 5 - repeat 2,queue-depth detector,queue depth,5.0,2,6.522,86,45,41,,ok
queue depth 5 - repeat 2,queue-depth detector,queue depth,5.0,2,7.036,94,49,45,,ok
queue depth 5 - repeat 2,queue-depth detector,queue depth,5.0,2,7.546,99,51,48,,ok
queue depth 5 - repeat 2,queue-depth detector,queue depth,5.0,2,8.007,103,53,50,,ok
queue depth 5 - repeat 2,queue-depth detector,queue depth,5.0,2,8.515,128,81,47,,ok
queue depth 5 - repeat 2,queue-depth detector,queue depth,5.0,2,9.025,149,93,56,,ok
queue depth 5 - repeat 2,queue-depth detector,queue depth,5.0,2,9.532,154,93,61,,ok
queue depth 5 - repeat 2,queue-depth detector,queue depth,5.0,2,10.041,158,94,64,,ok
queue depth 5 - repeat 2,queue-depth detector,queue depth,5.0,2,10.5,169,102,67,,ok
queue depth 5 - repeat 2,queue-depth detector,queue depth,5.0,2,11.007,175,107,68,,ok
queue depth 5 - repeat 2,queue-depth detector,queue depth,5.0,2,11.517,196,123,73,,ok
queue depth 5 - repeat 2,queue-depth detector,queue depth,5.0,2,12.026,214,137,77,,ok
queue depth 5 - repeat 2,queue-depth detector,queue depth,5.0,2,12.534,231,151,80,,ok
queue depth 5 - repeat 2,queue-depth detector,queue depth,5.0,2,13.002,248,165,83,,ok
queue depth 5 - repeat 2,queue-depth detector,queue depth,5.0,2,13.533,255,169,86,,ok
queue depth 5 - repeat 2,queue-depth detector,queue depth,5.0,2,14.004,264,175,89,,ok
queue depth 5 - repeat 2,queue-depth detector,queue depth,5.0,2,14.52,282,189,93,,ok
queue depth 5 - repeat 2,queue-depth detector,queue depth,5.0,2,15.051,286,190,96,,ok
queue depth 5 - repeat 2,queue-depth detector,queue depth,5.0,2,15.519,307,218,89,,ok
queue depth 5 - repeat 2,queue-depth detector,queue depth,5.0,2,16.049,337,235,102,,ok
queue depth 5 - repeat 2,queue-depth detector,queue depth,5.0,2,16.51,347,242,105,,ok
queue depth 5 - repeat 2,queue-depth detector,queue depth,5.0,2,17.022,354,251,103,,ok
queue depth 5 - repeat 2,queue-depth detector,queue depth,5.0,2,17.534,377,270,107,,ok
queue depth 5 - repeat 2,queue-depth detector,queue depth,5.0,2,18.042,385,270,115,,ok
queue depth 5 - repeat 2,queue-depth detector,queue depth,5.0,2,18.522,389,271,118,,ok
queue depth 5 - repeat 2,queue-depth detector,queue depth,5.0,2,19.032,397,276,121,,ok
queue depth 5 - repeat 2,queue-depth detector,queue depth,5.0,2,19.543,428,303,125,,ok
queue depth 5 - repeat 2,queue-depth detector,queue depth,5.0,2,20.003,446,318,128,,ok
queue depth 5 - repeat 2,queue-depth detector,queue depth,5.0,2,20.514,458,327,131,,ok
queue depth 5 - repeat 2,queue-depth detector,queue depth,5.0,2,21.025,463,330,133,,ok
queue depth 5 - repeat 2,queue-depth detector,queue depth,5.0,2,21.538,470,332,138,,ok
queue depth 5 - repeat 2,queue-depth detector,queue depth,5.0,2,22.049,506,365,141,,ok
queue depth 5 - repeat 2,queue-depth detector,queue depth,5.0,2,22.51,511,367,144,,ok
queue depth 5 - repeat 2,queue-depth detector,queue depth,5.0,2,23.02,514,371,143,,ok
queue depth 5 - repeat 2,queue-depth detector,queue depth,5.0,2,23.542,523,373,150,,ok
queue depth 5 - repeat 2,queue-depth detector,queue depth,5.0,2,24.005,526,373,153,,ok
queue depth 5 - repeat 2,queue-depth detector,queue depth,5.0,2,24.544,530,373,157,,ok
queue depth 5 - repeat 2,queue-depth detector,queue depth,5.0,2,25.018,533,373,160,,ok
queue depth 5 - repeat 2,queue-depth detector,queue depth,5.0,2,25.513,570,407,163,,ok
queue depth 5 - repeat 2,queue-depth detector,queue depth,5.0,2,26.019,588,427,161,,ok
queue depth 5 - repeat 2,queue-depth detector,queue depth,5.0,2,26.547,606,436,170,,ok
queue depth 5 - repeat 2,queue-depth detector,queue depth,5.0,2,27.017,609,436,173,,ok
queue depth 5 - repeat 2,queue-depth detector,queue depth,5.0,2,27.532,615,439,176,,ok
queue depth 5 - repeat 2,queue-depth detector,queue depth,5.0,2,28.003,619,440,179,,ok
queue depth 5 - repeat 2,queue-depth detector,queue depth,5.0,2,28.513,624,442,182,,ok
queue depth 5 - repeat 2,queue-depth detector,queue depth,5.0,2,29.027,675,490,185,,ok
queue depth 5 - repeat 2,queue-depth detector,queue depth,5.0,2,29.536,680,491,189,,ok
queue depth 5 - repeat 2,queue-depth detector,queue depth,5.0,2,30.045,683,491,192,,ok
queue depth 5 - repeat 2,queue-depth detector,queue depth,5.0,2,30.503,683,491,192,,ok
queue depth 5 - repeat 2,queue-depth detector,queue depth,5.0,2,31.014,683,491,192,,ok
queue depth 5 - repeat 2,queue-depth detector,queue depth,5.0,2,31.525,683,491,192,,ok
queue depth 5 - repeat 2,queue-depth detector,queue depth,5.0,2,32.032,718,526,192,,ok
queue depth 5 - repeat 2,queue-depth detector,queue depth,5.0,2,32.54,752,564,188,,ok
queue depth 5 - repeat 2,queue-depth detector,queue depth,5.0,2,33.004,761,569,192,,ok
queue depth 5 - repeat 2,queue-depth detector,queue depth,5.0,2,33.557,761,569,192,,ok
queue depth 5 - repeat 2,queue-depth detector,queue depth,5.0,2,34.03,761,569,192,,ok
queue depth 5 - repeat 2,queue-depth detector,queue depth,5.0,2,34.509,762,571,191,,ok
queue depth 5 - repeat 2,queue-depth detector,queue depth,5.0,2,35.023,763,571,192,,ok
queue depth 5 - repeat 2,queue-depth detector,queue depth,5.0,2,35.539,783,593,190,,ok
queue depth 5 - repeat 2,queue-depth detector,queue depth,5.0,2,36.007,827,636,191,,ok
queue depth 5 - repeat 2,queue-depth detector,queue depth,5.0,2,36.523,828,636,192,,ok
queue depth 5 - repeat 2,queue-depth detector,queue depth,5.0,2,37.046,828,636,192,,ok
queue depth 5 - repeat 2,queue-depth detector,queue depth,5.0,2,37.519,828,636,192,,ok
queue depth 5 - repeat 2,queue-depth detector,queue depth,5.0,2,38.032,828,636,192,,ok
queue depth 5 - repeat 2,queue-depth detector,queue depth,5.0,2,38.541,838,646,192,,ok
queue depth 5 - repeat 2,queue-depth detector,queue depth,5.0,2,39.051,841,649,192,,ok
queue depth 5 - repeat 2,queue-depth detector,queue depth,5.0,2,39.507,847,655,192,,ok
queue depth 5 - repeat 2,queue-depth detector,queue depth,5.0,2,40.017,872,680,192,,ok
queue depth 5 - repeat 2,queue-depth detector,queue depth,5.0,2,40.527,895,722,173,,ok
queue depth 5 - repeat 2,queue-depth detector,queue depth,5.0,2,41.036,932,740,192,,ok
queue depth 5 - repeat 2,queue-depth detector,queue depth,5.0,2,41.547,932,740,192,,ok
queue depth 5 - repeat 2,queue-depth detector,queue depth,5.0,2,42.006,932,740,192,,ok
queue depth 5 - repeat 2,queue-depth detector,queue depth,5.0,2,42.514,932,740,192,,ok
queue depth 5 - repeat 2,queue-depth detector,queue depth,5.0,2,43.106,965,773,192,,ok
queue depth 5 - repeat 2,queue-depth detector,queue depth,5.0,2,43.523,1011,821,190,,ok
queue depth 5 - repeat 2,queue-depth detector,queue depth,5.0,2,44.02,1028,836,192,,ok
queue depth 5 - repeat 2,queue-depth detector,queue depth,5.0,2,44.552,1032,840,192,,ok
queue depth 5 - repeat 2,queue-depth detector,queue depth,5.0,2,45.043,1038,846,192,,ok
queue depth 5 - repeat 2,queue-depth detector,queue depth,5.0,2,45.517,1038,846,192,,ok
queue depth 5 - repeat 2,queue-depth detector,queue depth,5.0,2,46.005,1064,872,192,,ok
queue depth 5 - repeat 2,queue-depth detector,queue depth,5.0,2,46.524,1124,932,192,,ok
queue depth 5 - repeat 2,queue-depth detector,queue depth,5.0,2,47.038,1124,932,192,,ok
queue depth 5 - repeat 2,queue-depth detector,queue depth,5.0,2,47.506,1124,932,192,,ok
queue depth 5 - repeat 2,queue-depth detector,queue depth,5.0,2,48.03,1170,1032,138,,ok
queue depth 5 - repeat 2,queue-depth detector,queue depth,5.0,2,48.573,1230,1038,192,,ok
queue depth 5 - repeat 2,queue-depth detector,queue depth,5.0,2,49.033,1230,1038,192,,ok
queue depth 5 - repeat 2,queue-depth detector,queue depth,5.0,2,49.543,1252,1060,192,,ok
queue depth 5 - repeat 2,queue-depth detector,queue depth,5.0,2,50.004,1265,1073,192,,ok
queue depth 5 - repeat 2,queue-depth detector,queue depth,5.0,2,50.521,1316,1124,192,,ok
queue depth 5 - repeat 2,queue-depth detector,queue depth,5.0,2,51.033,1323,1135,188,,ok
queue depth 5 - repeat 2,queue-depth detector,queue depth,5.0,2,51.545,1358,1166,192,,ok
queue depth 5 - repeat 2,queue-depth detector,queue depth,5.0,2,52.008,1380,1188,192,,ok
queue depth 5 - repeat 2,queue-depth detector,queue depth,5.0,2,52.537,1401,1209,192,,ok
queue depth 5 - repeat 2,queue-depth detector,queue depth,5.0,2,53.082,1444,1252,192,,ok
queue depth 5 - repeat 2,queue-depth detector,queue depth,5.0,2,53.539,1452,1263,189,,ok
queue depth 5 - repeat 2,queue-depth detector,queue depth,5.0,2,54.053,1486,1294,192,,ok
queue depth 5 - repeat 2,queue-depth detector,queue depth,5.0,2,54.564,1508,1318,190,,ok
queue depth 5 - repeat 2,queue-depth detector,queue depth,5.0,2,55.034,1529,1352,177,,ok
queue depth 5 - repeat 2,queue-depth detector,queue depth,5.0,2,55.551,1572,1380,192,,ok
queue depth 5 - repeat 2,queue-depth detector,queue depth,5.0,2,56.057,1579,1406,173,,ok
queue depth 5 - repeat 2,queue-depth detector,queue depth,5.0,2,56.541,1614,1422,192,,ok
queue depth 5 - repeat 2,queue-depth detector,queue depth,5.0,2,57.045,1636,1446,190,,ok
queue depth 5 - repeat 2,queue-depth detector,queue depth,5.0,2,57.503,1649,1457,192,,ok
queue depth 5 - repeat 2,queue-depth detector,queue depth,5.0,2,58.014,1700,1508,192,,ok
queue depth 5 - repeat 2,queue-depth detector,queue depth,5.0,2,58.522,1707,1515,192,,ok
queue depth 5 - repeat 2,queue-depth detector,queue depth,5.0,2,59.035,1742,1550,192,,ok
queue depth 5 - repeat 2,queue-depth detector,queue depth,5.0,2,59.544,1764,1572,192,,ok
queue depth 5 - repeat 2,queue-depth detector,queue depth,5.0,2,60.002,1777,1593,184,,ok
queue depth 5 - repeat 2,queue-depth detector,queue depth,5.0,2,60.51,1828,1636,192,,ok
queue depth 5 - repeat 2,queue-depth detector,queue depth,5.0,2,61.026,1837,1645,192,,ok
queue depth 5 - repeat 2,queue-depth detector,queue depth,5.0,2,61.535,1870,1678,192,,ok
queue depth 5 - repeat 2,queue-depth detector,queue depth,5.0,2,62.009,1892,1700,192,,ok
queue depth 5 - repeat 2,queue-depth detector,queue depth,5.0,2,62.517,1905,1721,184,,ok
queue depth 5 - repeat 2,queue-depth detector,queue depth,5.0,2,63.001,1952,1760,192,,ok
queue depth 5 - repeat 2,queue-depth detector,queue depth,5.0,2,64.537,1963,1805,158,,ok
queue depth 5 - repeat 2,queue-depth detector,queue depth,5.0,2,65.155,2032,1857,175,,ok
queue depth 5 - repeat 2,queue-depth detector,queue depth,5.0,2,65.751,2072,1892,180,,ok
queue depth 5 - repeat 2,queue-depth detector,queue depth,5.0,2,66.048,2084,1899,185,,ok
queue depth 5 - repeat 2,queue-depth detector,queue depth,5.0,2,66.63,2122,1934,188,,ok
queue depth 5 - repeat 2,queue-depth detector,queue depth,5.0,2,67.074,2143,1954,189,,ok
queue depth 5 - repeat 2,queue-depth detector,queue depth,5.0,2,67.553,2154,1968,186,,ok
queue depth 5 - repeat 2,queue-depth detector,queue depth,5.0,2,68.02,2177,1999,178,,ok
queue depth 5 - repeat 2,queue-depth detector,queue depth,5.0,2,68.504,2212,2020,192,,ok
queue depth 5 - repeat 2,queue-depth detector,queue depth,5.0,2,69.139,2248,2062,186,,ok
queue depth 5 - repeat 2,queue-depth detector,queue depth,5.0,2,69.574,2260,2079,181,,ok
queue depth 5 - repeat 2,queue-depth detector,queue depth,5.0,2,70.034,2282,2090,192,,ok
queue depth 5 - repeat 2,queue-depth detector,queue depth,5.0,2,70.513,2305,2113,192,,ok
queue depth 5 - repeat 2,queue-depth detector,queue depth,5.0,2,71.049,2340,2148,192,,ok
queue depth 5 - repeat 2,queue-depth detector,queue depth,5.0,2,71.509,2369,2177,192,,ok
queue depth 5 - repeat 2,queue-depth detector,queue depth,5.0,2,72.023,2382,2190,192,,ok
queue depth 5 - repeat 2,queue-depth detector,queue depth,5.0,2,72.543,2404,2212,192,,ok
queue depth 5 - repeat 2,queue-depth detector,queue depth,5.0,2,73.052,2429,2241,188,,ok
queue depth 5 - repeat 2,queue-depth detector,queue depth,5.0,2,73.534,2447,2276,171,,ok
queue depth 5 - repeat 2,queue-depth detector,queue depth,5.0,2,74.046,2475,2294,181,,ok
queue depth 5 - repeat 2,queue-depth detector,queue depth,5.0,2,74.504,2509,2317,192,,ok
queue depth 5 - repeat 2,queue-depth detector,queue depth,5.0,2,75.021,2510,2321,189,,ok
queue depth 5 - repeat 2,queue-depth detector,queue depth,5.0,2,75.531,2532,2340,192,,ok
queue depth 5 - repeat 2,queue-depth detector,queue depth,5.0,2,76.009,2553,2369,184,,ok
queue depth 5 - repeat 2,queue-depth detector,queue depth,5.0,2,76.52,2596,2404,192,,ok
queue depth 5 - repeat 2,queue-depth detector,queue depth,5.0,2,77.047,2603,2416,187,,ok
queue depth 5 - repeat 2,queue-depth detector,queue depth,5.0,2,77.505,2638,2446,192,,ok
queue depth 5 - repeat 2,queue-depth detector,queue depth,5.0,2,78.046,2655,2468,187,,ok
queue depth 5 - repeat 2,queue-depth detector,queue depth,5.0,2,78.571,2666,2481,185,,ok
queue depth 5 - repeat 2,queue-depth detector,queue depth,5.0,2,79.054,2704,2512,192,,ok
queue depth 5 - repeat 2,queue-depth detector,queue depth,5.0,2,79.543,2730,2539,191,,ok
queue depth 5 - repeat 2,queue-depth detector,queue depth,5.0,2,80.044,2753,2574,179,,ok
queue depth 5 - repeat 2,queue-depth detector,queue depth,5.0,2,80.508,2772,2584,188,,ok
queue depth 5 - repeat 2,queue-depth detector,queue depth,5.0,2,81.034,2795,2603,192,,ok
queue depth 5 - repeat 2,queue-depth detector,queue depth,5.0,2,81.524,2816,2624,192,,ok
queue depth 5 - repeat 2,queue-depth detector,queue depth,5.0,2,82.016,2852,2660,192,,ok
queue depth 5 - repeat 2,queue-depth detector,queue depth,5.0,2,82.548,2867,2675,192,,ok
queue depth 5 - repeat 2,queue-depth detector,queue depth,5.0,2,83.011,2897,2705,192,,ok
queue depth 5 - repeat 2,queue-depth detector,queue depth,5.0,2,83.521,2916,2727,189,,ok
queue depth 5 - repeat 2,queue-depth detector,queue depth,5.0,2,84.033,2944,2752,192,,ok
queue depth 5 - repeat 2,queue-depth detector,queue depth,5.0,2,84.57,2968,2788,180,,ok
queue depth 5 - repeat 2,queue-depth detector,queue depth,5.0,2,85.028,2987,2795,192,,ok
queue depth 5 - repeat 2,queue-depth detector,queue depth,5.0,2,85.541,3022,2830,192,,ok
queue depth 5 - repeat 2,queue-depth detector,queue depth,5.0,2,86.002,3044,2852,192,,ok
queue depth 5 - repeat 2,queue-depth detector,queue depth,5.0,2,86.539,3051,2865,186,,ok
queue depth 5 - repeat 2,queue-depth detector,queue depth,5.0,2,87.139,3072,2902,170,,ok
queue depth 5 - repeat 2,queue-depth detector,queue depth,5.0,2,87.531,3102,2918,184,,ok
queue depth 5 - repeat 2,queue-depth detector,queue depth,5.0,2,88.116,3137,2948,189,,ok
queue depth 5 - repeat 2,queue-depth detector,queue depth,5.0,2,88.579,3155,2968,187,,ok
queue depth 5 - repeat 2,queue-depth detector,queue depth,5.0,2,89.056,3175,2985,190,,ok
queue depth 5 - repeat 2,queue-depth detector,queue depth,5.0,2,89.553,3201,3023,178,,ok
queue depth 5 - repeat 2,queue-depth detector,queue depth,5.0,2,90.041,3217,3039,178,,ok
queue depth 5 - repeat 2,queue-depth detector,queue depth,5.0,2,90.509,3243,3051,192,,ok
queue depth 5 - repeat 2,queue-depth detector,queue depth,5.0,2,91.044,3278,3086,192,,ok
queue depth 5 - repeat 2,queue-depth detector,queue depth,5.0,2,91.515,3294,3102,192,,ok
queue depth 5 - repeat 2,queue-depth detector,queue depth,5.0,2,92.047,3307,3115,192,,ok
queue depth 5 - repeat 2,queue-depth detector,queue depth,5.0,2,92.522,3330,3151,179,,ok
queue depth 5 - repeat 2,queue-depth detector,queue depth,5.0,2,93.039,3364,3172,192,,ok
queue depth 5 - repeat 2,queue-depth detector,queue depth,5.0,2,93.501,3371,3179,192,,ok
queue depth 5 - repeat 2,queue-depth detector,queue depth,5.0,2,94.016,3406,3214,192,,ok
queue depth 5 - repeat 2,queue-depth detector,queue depth,5.0,2,94.543,3416,3224,192,,ok
queue depth 5 - repeat 2,queue-depth detector,queue depth,5.0,2,95.001,3434,3242,192,,ok
queue depth 5 - repeat 2,queue-depth detector,queue depth,5.0,2,95.518,3443,3251,192,,ok
queue depth 5 - repeat 2,queue-depth detector,queue depth,5.0,2,96.035,3480,3288,192,,ok
queue depth 5 - repeat 2,queue-depth detector,queue depth,5.0,2,96.546,3499,3307,192,,ok
queue depth 5 - repeat 2,queue-depth detector,queue depth,5.0,2,97.004,3534,3342,192,,ok
queue depth 5 - repeat 2,queue-depth detector,queue depth,5.0,2,97.523,3540,3352,188,,ok
queue depth 5 - repeat 2,queue-depth detector,queue depth,5.0,2,98.117,3563,3371,192,,ok
queue depth 5 - repeat 2,queue-depth detector,queue depth,5.0,2,98.597,3576,3384,192,,ok
queue depth 5 - repeat 2,queue-depth detector,queue depth,5.0,2,99.035,3608,3425,183,,ok
queue depth 5 - repeat 2,queue-depth detector,queue depth,5.0,2,99.638,3627,3439,188,,ok
queue depth 5 - repeat 2,queue-depth detector,queue depth,5.0,2,100.02,3645,3453,192,,ok
queue depth 5 - repeat 2,queue-depth detector,queue depth,5.0,2,100.55,3665,3475,190,,ok
queue depth 5 - repeat 2,queue-depth detector,queue depth,5.0,2,101.027,3684,3494,190,,ok
queue depth 5 - repeat 2,queue-depth detector,queue depth,5.0,2,101.516,3697,3505,192,,ok
queue depth 5 - repeat 2,queue-depth detector,queue depth,5.0,2,102.04,3727,3544,183,,ok
queue depth 5 - repeat 2,queue-depth detector,queue depth,5.0,2,102.515,3755,3563,192,,ok
queue depth 5 - repeat 2,queue-depth detector,queue depth,5.0,2,103.03,3785,3593,192,,ok
queue depth 5 - repeat 2,queue-depth detector,queue depth,5.0,2,103.54,3806,3614,192,,ok
queue depth 5 - repeat 2,queue-depth detector,queue depth,5.0,2,104.003,3825,3633,192,,ok
queue depth 5 - repeat 2,queue-depth detector,queue depth,5.0,2,104.532,3852,3660,192,,ok
queue depth 5 - repeat 2,queue-depth detector,queue depth,5.0,2,105.048,3880,3688,192,,ok
queue depth 5 - repeat 2,queue-depth detector,queue depth,5.0,2,105.507,3889,3697,192,,ok
queue depth 5 - repeat 2,queue-depth detector,queue depth,5.0,2,106.028,3904,3736,168,,ok
queue depth 5 - repeat 2,queue-depth detector,queue depth,5.0,2,106.501,3946,3754,192,,ok
queue depth 5 - repeat 2,queue-depth detector,queue depth,5.0,2,107.034,3955,3763,192,,ok
queue depth 5 - repeat 2,queue-depth detector,queue depth,5.0,2,107.547,3999,3807,192,,ok
queue depth 5 - repeat 2,queue-depth detector,queue depth,5.0,2,108.037,4017,3825,192,,ok
queue depth 5 - repeat 2,queue-depth detector,queue depth,5.0,2,108.71,4017,3840,177,,ok
queue depth 5 - repeat 2,queue-depth detector,queue depth,5.0,2,109.172,4032,3876,156,,ok
queue depth 5 - repeat 2,queue-depth detector,queue depth,5.0,2,109.525,4075,3888,187,,ok
queue depth 5 - repeat 2,queue-depth detector,queue depth,5.0,2,110.049,4096,3904,192,,ok
queue depth 5 - repeat 2,queue-depth detector,queue depth,5.0,2,110.635,4133,3947,186,,ok
queue depth 5 - repeat 2,queue-depth detector,queue depth,5.0,2,111.02,4139,3947,192,,ok
queue depth 5 - repeat 2,queue-depth detector,queue depth,5.0,2,111.517,4201,4010,191,,ok
queue depth 5 - repeat 2,queue-depth detector,queue depth,5.0,2,112.04,4209,4017,192,,ok
queue depth 5 - repeat 2,queue-depth detector,queue depth,5.0,2,112.548,4224,4032,192,,ok
queue depth 5 - repeat 2,queue-depth detector,queue depth,5.0,2,113.074,4267,4075,192,,ok
queue depth 5 - repeat 2,queue-depth detector,queue depth,5.0,2,113.508,4288,4104,184,,ok
queue depth 5 - repeat 2,queue-depth detector,queue depth,5.0,2,114.024,4331,4145,186,,ok
queue depth 5 - repeat 2,queue-depth detector,queue depth,5.0,2,114.538,4352,4160,192,,ok
queue depth 5 - repeat 2,queue-depth detector,queue depth,5.0,2,115.049,4395,4203,192,,ok
queue depth 5 - repeat 2,queue-depth detector,queue depth,5.0,2,115.508,4401,4221,180,,ok
queue depth 5 - repeat 2,queue-depth detector,queue depth,5.0,2,116.017,4446,4267,179,,ok
queue depth 5 - repeat 2,queue-depth detector,queue depth,5.0,2,116.532,4465,4273,192,,ok
queue depth 5 - repeat 2,queue-depth detector,queue depth,5.0,2,117.042,4480,4288,192,,ok
queue depth 5 - repeat 2,queue-depth detector,queue depth,5.0,2,117.552,4523,4331,192,,ok
queue depth 5 - repeat 2,queue-depth detector,queue depth,5.0,2,118.105,4544,4354,190,,ok
queue depth 5 - repeat 2,queue-depth detector,queue depth,5.0,2,118.511,4587,4395,192,,ok
queue depth 5 - repeat 2,queue-depth detector,queue depth,5.0,2,119.027,4593,4401,192,,ok
queue depth 5 - repeat 2,queue-depth detector,queue depth,5.0,2,119.536,4608,4423,185,,ok
queue depth 5 - repeat 2,queue-depth detector,queue depth,5.0,2,120.047,4651,4459,192,,ok
queue depth 5 - repeat 2,queue-depth detector,queue depth,5.0,2,120.507,4672,4480,192,,ok
queue depth 5 - repeat 2,queue-depth detector,queue depth,5.0,2,121.017,4711,4519,192,,ok
queue depth 5 - repeat 2,queue-depth detector,queue depth,5.0,2,121.538,4721,4529,192,,ok
queue depth 5 - repeat 2,queue-depth detector,queue depth,5.0,2,122.04,4736,4544,192,,ok
queue depth 5 - repeat 2,queue-depth detector,queue depth,5.0,2,122.527,4778,4587,191,,ok
queue depth 5 - repeat 2,queue-depth detector,queue depth,5.0,2,123.237,4800,4637,163,,ok
queue depth 5 - repeat 2,queue-depth detector,queue depth,5.0,2,123.892,4829,4651,178,,ok
queue depth 5 - repeat 2,queue-depth detector,queue depth,5.0,2,124.201,4843,4657,186,,ok
queue depth 5 - repeat 2,queue-depth detector,queue depth,5.0,2,124.548,4864,4672,192,,ok
queue depth 5 - repeat 2,queue-depth detector,queue depth,5.0,2,125.048,4906,4714,192,,ok
queue depth 5 - repeat 2,queue-depth detector,queue depth,5.0,2,125.545,4916,4738,178,,ok
queue depth 5 - repeat 2,queue-depth detector,queue depth,5.0,2,126.039,4967,4775,192,,ok
queue depth 5 - repeat 2,queue-depth detector,queue depth,5.0,2,126.544,4977,4785,192,,ok
queue depth 5 - repeat 2,queue-depth detector,queue depth,5.0,2,127.015,4992,4801,191,,ok
queue depth 5 - repeat 2,queue-depth detector,queue depth,5.0,2,127.529,5035,4843,192,,ok
queue depth 5 - repeat 2,queue-depth detector,queue depth,5.0,2,128.065,5035,4849,186,,ok
queue depth 5 - repeat 2,queue-depth detector,queue depth,5.0,2,128.545,5095,4903,192,,ok
queue depth 5 - repeat 2,queue-depth detector,queue depth,5.0,2,129.006,5100,4913,187,,ok
queue depth 5 - repeat 2,queue-depth detector,queue depth,5.0,2,129.516,5120,4928,192,,ok
queue depth 5 - repeat 2,queue-depth detector,queue depth,5.0,2,130.025,5159,4971,188,,ok
queue depth 5 - repeat 2,queue-depth detector,queue depth,5.0,2,130.506,5184,4994,190,,ok
queue depth 5 - repeat 2,queue-depth detector,queue depth,5.0,2,131.016,5223,5031,192,,ok
queue depth 5 - repeat 2,queue-depth detector,queue depth,5.0,2,131.517,5227,5035,192,,ok
queue depth 5 - repeat 2,queue-depth detector,queue depth,5.0,2,132.028,5228,5041,187,,ok
queue depth 5 - repeat 2,queue-depth detector,queue depth,5.0,2,132.544,5233,5056,177,,ok
queue depth 5 - repeat 2,queue-depth detector,queue depth,5.0,2,133.12,5286,5094,192,,ok
queue depth 5 - repeat 2,queue-depth detector,queue depth,5.0,2,133.601,5322,5135,187,,ok
queue depth 5 - repeat 2,queue-depth detector,queue depth,5.0,2,134.015,5355,5163,192,,ok
queue depth 5 - repeat 2,queue-depth detector,queue depth,5.0,2,134.505,5369,5177,192,,ok
queue depth 5 - repeat 2,queue-depth detector,queue depth,5.0,2,135.034,5405,5213,192,,ok
queue depth 5 - repeat 2,queue-depth detector,queue depth,5.0,2,135.536,5419,5227,192,,ok
queue depth 5 - repeat 2,queue-depth detector,queue depth,5.0,2,136.047,5440,5248,192,,ok
queue depth 5 - repeat 2,queue-depth detector,queue depth,5.0,2,136.543,5483,5291,192,,ok
queue depth 5 - repeat 2,queue-depth detector,queue depth,5.0,2,137.064,5504,5312,192,,ok
queue depth 5 - repeat 2,queue-depth detector,queue depth,5.0,2,137.548,5534,5342,192,,ok
queue depth 5 - repeat 2,queue-depth detector,queue depth,5.0,2,138.041,5550,5361,189,,ok
queue depth 5 - repeat 2,queue-depth detector,queue depth,5.0,2,138.529,5568,5376,192,,ok
queue depth 5 - repeat 2,queue-depth detector,queue depth,5.0,2,139.039,5612,5420,192,,ok
queue depth 5 - repeat 2,queue-depth detector,queue depth,5.0,2,139.514,5617,5425,192,,ok
queue depth 5 - repeat 2,queue-depth detector,queue depth,5.0,2,140.027,5668,5476,192,,ok
queue depth 5 - repeat 2,queue-depth detector,queue depth,5.0,2,140.537,5681,5491,190,,ok
queue depth 5 - repeat 2,queue-depth detector,queue depth,5.0,2,141.004,5704,5515,189,,ok
queue depth 5 - repeat 2,queue-depth detector,queue depth,5.0,2,141.52,5744,5553,191,,ok
queue depth 5 - repeat 2,queue-depth detector,queue depth,5.0,2,142.005,5760,5568,192,,ok
queue depth 5 - repeat 2,queue-depth detector,queue depth,5.0,2,142.516,5790,5606,184,,ok
queue depth 5 - repeat 2,queue-depth detector,queue depth,5.0,2,143.133,5809,5632,177,,ok
queue depth 5 - repeat 2,queue-depth detector,queue depth,5.0,2,143.922,5824,5671,153,,ok
queue depth 5 - repeat 2,queue-depth detector,queue depth,5.0,2,144.256,5863,5681,182,,ok
queue depth 5 - repeat 2,queue-depth detector,queue depth,5.0,2,144.515,5888,5696,192,,ok
queue depth 5 - repeat 2,queue-depth detector,queue depth,5.0,2,145.03,5924,5734,190,,ok
queue depth 5 - repeat 2,queue-depth detector,queue depth,5.0,2,145.541,5937,5745,192,,ok
queue depth 5 - repeat 2,queue-depth detector,queue depth,5.0,2,146.038,5953,5761,192,,ok
queue depth 5 - repeat 2,queue-depth detector,queue depth,5.0,2,146.53,5995,5804,191,,ok
queue depth 5 - repeat 2,queue-depth detector,queue depth,5.0,2,147.047,6016,5824,192,,ok
queue depth 5 - repeat 2,queue-depth detector,queue depth,5.0,2,147.556,6052,5862,190,,ok
queue depth 5 - repeat 2,queue-depth detector,queue depth,5.0,2,148.05,6059,5867,192,,ok
queue depth 5 - repeat 2,queue-depth detector,queue depth,5.0,2,148.525,6081,5911,170,,ok
queue depth 5 - repeat 2,queue-depth detector,queue depth,5.0,2,149.073,6124,5937,187,,ok
queue depth 5 - repeat 2,queue-depth detector,queue depth,5.0,2,149.531,6144,5952,192,,ok
queue depth 5 - repeat 2,queue-depth detector,queue depth,5.0,2,150.042,6182,5990,192,,ok
queue depth 5 - repeat 2,queue-depth detector,queue depth,5.0,2,150.5,6193,6003,190,,ok
queue depth 5 - repeat 2,queue-depth detector,queue depth,5.0,2,151.01,6208,6042,166,,ok
queue depth 5 - repeat 2,queue-depth detector,queue depth,5.0,2,151.523,6256,6064,192,,ok
queue depth 5 - repeat 2,queue-depth detector,queue depth,5.0,2,152.039,6272,6080,192,,ok
queue depth 5 - repeat 2,queue-depth detector,queue depth,5.0,2,152.5,6302,6116,186,,ok
queue depth 5 - repeat 2,queue-depth detector,queue depth,5.0,2,153.158,6315,6123,192,,ok
queue depth 5 - repeat 2,queue-depth detector,queue depth,5.0,2,153.686,6336,6144,192,,ok
queue depth 5 - repeat 2,queue-depth detector,queue depth,5.0,2,154.227,6373,6191,182,,ok
queue depth 5 - repeat 2,queue-depth detector,queue depth,5.0,2,154.949,6385,6207,178,,ok
queue depth 5 - repeat 2,queue-depth detector,queue depth,5.0,2,155.165,6399,6216,183,,ok
queue depth 5 - repeat 2,queue-depth detector,queue depth,5.0,2,155.569,6442,6251,191,,ok
queue depth 5 - repeat 2,queue-depth detector,queue depth,5.0,2,156.125,6443,6251,192,,ok
queue depth 5 - repeat 2,queue-depth detector,queue depth,5.0,2,156.501,6464,6272,192,,ok
queue depth 5 - repeat 2,queue-depth detector,queue depth,5.0,2,157.041,6507,6315,192,,ok
queue depth 5 - repeat 2,queue-depth detector,queue depth,5.0,2,157.501,6513,6321,192,,ok
queue depth 5 - repeat 2,queue-depth detector,queue depth,5.0,2,158.038,6553,6361,192,,ok
queue depth 5 - repeat 2,queue-depth detector,queue depth,5.0,2,158.519,6571,6379,192,,ok
queue depth 5 - repeat 2,queue-depth detector,queue depth,5.0,2,159.018,6592,6401,191,,ok
queue depth 5 - repeat 2,queue-depth detector,queue depth,5.0,2,159.513,6637,6445,192,,ok
queue depth 5 - repeat 2,queue-depth detector,queue depth,5.0,2,160.045,6641,6464,177,,ok
queue depth 5 - repeat 2,queue-depth detector,queue depth,5.0,2,160.502,6685,6493,192,,ok
queue depth 5 - repeat 2,queue-depth detector,queue depth,5.0,2,161.011,6705,6513,192,,ok
queue depth 5 - repeat 2,queue-depth detector,queue depth,5.0,2,161.521,6720,6528,192,,ok
queue depth 5 - repeat 2,queue-depth detector,queue depth,5.0,2,162.031,6762,6574,188,,ok
queue depth 5 - repeat 2,queue-depth detector,queue depth,5.0,2,162.547,6783,6592,191,,ok
queue depth 5 - repeat 2,queue-depth detector,queue depth,5.0,2,163.016,6817,6625,192,,ok
queue depth 5 - repeat 2,queue-depth detector,queue depth,5.0,2,163.529,6833,6641,192,,ok
queue depth 5 - repeat 2,queue-depth detector,queue depth,5.0,2,164.046,6878,6686,192,,ok
queue depth 5 - repeat 2,queue-depth detector,queue depth,5.0,2,164.511,6897,6705,192,,ok
queue depth 5 - repeat 2,queue-depth detector,queue depth,5.0,2,165.041,6912,6720,192,,ok
queue depth 5 - repeat 2,queue-depth detector,queue depth,5.0,2,165.5,6949,6763,186,,ok
queue depth 5 - repeat 2,queue-depth detector,queue depth,5.0,2,166.018,6976,6784,192,,ok
queue depth 5 - repeat 2,queue-depth detector,queue depth,5.0,2,166.538,6982,6822,160,,ok
queue depth 5 - repeat 2,queue-depth detector,queue depth,5.0,2,167.039,7025,6833,192,,ok
queue depth 5 - repeat 2,queue-depth detector,queue depth,5.0,2,167.526,7040,6848,192,,ok
queue depth 5 - repeat 2,queue-depth detector,queue depth,5.0,2,168.007,7083,6891,192,,ok
queue depth 5 - repeat 2,queue-depth detector,queue depth,5.0,2,168.554,7104,6912,192,,ok
queue depth 5 - repeat 2,queue-depth detector,queue depth,5.0,2,169.746,7110,6961,149,,ok
queue depth 5 - repeat 2,queue-depth detector,queue depth,5.0,2,170.927,7153,6997,156,,ok
queue depth 5 - repeat 2,queue-depth detector,queue depth,5.0,2,171.594,7189,7089,100,,ok
queue depth 5 - repeat 2,queue-depth detector,queue depth,5.0,2,172.082,7302,7110,192,,ok
queue depth 5 - repeat 2,queue-depth detector,queue depth,5.0,2,172.534,7345,7153,192,,ok
queue depth 5 - repeat 2,queue-depth detector,queue depth,5.0,2,173.003,7345,7153,192,,ok
queue depth 5 - repeat 2,queue-depth detector,queue depth,5.0,2,173.656,7345,7153,192,,ok
queue depth 5 - repeat 2,queue-depth detector,queue depth,5.0,2,174.021,7345,7153,192,,ok
queue depth 5 - repeat 2,queue-depth detector,queue depth,5.0,2,174.524,7345,7189,156,,ok
queue depth 5 - repeat 2,queue-depth detector,queue depth,5.0,2,175.041,7381,7218,163,,ok
queue depth 5 - repeat 2,queue-depth detector,queue depth,5.0,2,175.506,7473,7281,192,,ok
queue depth 5 - repeat 2,queue-depth detector,queue depth,5.0,2,176.02,7473,7281,192,,ok
queue depth 5 - repeat 2,queue-depth detector,queue depth,5.0,2,176.535,7509,7317,192,,ok
queue depth 5 - repeat 2,queue-depth detector,queue depth,5.0,2,177.005,7534,7345,189,,ok
queue depth 5 - repeat 2,queue-depth detector,queue depth,5.0,2,177.525,7573,7381,192,,ok
queue depth 5 - repeat 2,queue-depth detector,queue depth,5.0,2,178.034,7601,7409,192,,ok
queue depth 5 - repeat 2,queue-depth detector,queue depth,5.0,2,178.549,7601,7409,192,,ok
queue depth 5 - repeat 2,queue-depth detector,queue depth,5.0,2,179.01,7601,7445,156,,ok
queue depth 5 - repeat 2,queue-depth detector,queue depth,5.0,2,179.521,7637,7452,185,,ok
queue depth 5 - repeat 3,queue-depth detector,queue depth,5.0,3,0.001,0,0,0,,ok
queue depth 5 - repeat 3,queue-depth detector,queue depth,5.0,3,0.517,3,0,3,,ok
queue depth 5 - repeat 3,queue-depth detector,queue depth,5.0,3,1.025,6,0,6,,ok
queue depth 5 - repeat 3,queue-depth detector,queue depth,5.0,3,1.533,10,1,9,,ok
queue depth 5 - repeat 3,queue-depth detector,queue depth,5.0,3,2.039,17,4,13,,ok
queue depth 5 - repeat 3,queue-depth detector,queue depth,5.0,3,2.546,25,9,16,,ok
queue depth 5 - repeat 3,queue-depth detector,queue depth,5.0,3,3.001,32,13,19,,ok
queue depth 5 - repeat 3,queue-depth detector,queue depth,5.0,3,3.518,40,19,21,,ok
queue depth 5 - repeat 3,queue-depth detector,queue depth,5.0,3,4.026,51,27,24,,ok
queue depth 5 - repeat 3,queue-depth detector,queue depth,5.0,3,4.531,60,34,26,,ok
queue depth 5 - repeat 3,queue-depth detector,queue depth,5.0,3,5.039,73,41,32,,ok
queue depth 5 - repeat 3,queue-depth detector,queue depth,5.0,3,5.501,82,51,31,,ok
queue depth 5 - repeat 3,queue-depth detector,queue depth,5.0,3,6.003,90,52,38,,ok
queue depth 5 - repeat 3,queue-depth detector,queue depth,5.0,3,6.506,104,71,33,,ok
queue depth 5 - repeat 3,queue-depth detector,queue depth,5.0,3,7.049,122,87,35,,ok
queue depth 5 - repeat 3,queue-depth detector,queue depth,5.0,3,7.518,136,88,48,,ok
queue depth 5 - repeat 3,queue-depth detector,queue depth,5.0,3,8.032,164,113,51,,ok
queue depth 5 - repeat 3,queue-depth detector,queue depth,5.0,3,8.509,173,119,54,,ok
queue depth 5 - repeat 3,queue-depth detector,queue depth,5.0,3,9.002,189,132,57,,ok
queue depth 5 - repeat 3,queue-depth detector,queue depth,5.0,3,9.524,197,136,61,,ok
queue depth 5 - repeat 3,queue-depth detector,queue depth,5.0,3,10.043,229,165,64,,ok
queue depth 5 - repeat 3,queue-depth detector,queue depth,5.0,3,10.55,254,187,67,,ok
queue depth 5 - repeat 3,queue-depth detector,queue depth,5.0,3,11.006,260,193,67,,ok
queue depth 5 - repeat 3,queue-depth detector,queue depth,5.0,3,11.513,269,196,73,,ok
queue depth 5 - repeat 3,queue-depth detector,queue depth,5.0,3,12.021,304,227,77,,ok
queue depth 5 - repeat 3,queue-depth detector,queue depth,5.0,3,12.528,334,254,80,,ok
queue depth 5 - repeat 3,queue-depth detector,queue depth,5.0,3,13.041,341,258,83,,ok
queue depth 5 - repeat 3,queue-depth detector,queue depth,5.0,3,13.5,349,263,86,,ok
queue depth 5 - repeat 3,queue-depth detector,queue depth,5.0,3,14.007,391,302,89,,ok
queue depth 5 - repeat 3,queue-depth detector,queue depth,5.0,3,14.542,399,308,91,,ok
queue depth 5 - repeat 3,queue-depth detector,queue depth,5.0,3,15.049,436,340,96,,ok
queue depth 5 - repeat 3,queue-depth detector,queue depth,5.0,3,15.525,439,340,99,,ok
queue depth 5 - repeat 3,queue-depth detector,queue depth,5.0,3,16.033,449,347,102,,ok
queue depth 5 - repeat 3,queue-depth detector,queue depth,5.0,3,16.549,497,391,106,,ok
queue depth 5 - repeat 3,queue-depth detector,queue depth,5.0,3,17.02,500,391,109,,ok
queue depth 5 - repeat 3,queue-depth detector,queue depth,5.0,3,17.552,503,391,112,,ok
queue depth 5 - repeat 3,queue-depth detector,queue depth,5.0,3,18.016,513,398,115,,ok
queue depth 5 - repeat 3,queue-depth detector,queue depth,5.0,3,18.523,557,439,118,,ok
queue depth 5 - repeat 3,queue-depth detector,queue depth,5.0,3,19.03,570,449,121,,ok
queue depth 5 - repeat 3,queue-depth detector,queue depth,5.0,3,19.54,574,449,125,,ok
queue depth 5 - repeat 3,queue-depth detector,queue depth,5.0,3,20.05,578,450,128,,ok
queue depth 5 - repeat 3,queue-depth detector,queue depth,5.0,3,20.508,633,502,131,,ok
queue depth 5 - repeat 3,queue-depth detector,queue depth,5.0,3,21.043,636,502,134,,ok
queue depth 5 - repeat 3,queue-depth detector,queue depth,5.0,3,21.504,641,506,135,,ok
queue depth 5 - repeat 3,queue-depth detector,queue depth,5.0,3,22.015,656,515,141,,ok
queue depth 5 - repeat 3,queue-depth detector,queue depth,5.0,3,22.526,668,524,144,,ok
queue depth 5 - repeat 3,queue-depth detector,queue depth,5.0,3,23.036,724,577,147,,ok
queue depth 5 - repeat 3,queue-depth detector,queue depth,5.0,3,23.546,775,625,150,,ok
queue depth 5 - repeat 3,queue-depth detector,queue depth,5.0,3,24.002,786,637,149,,ok
queue depth 5 - repeat 3,queue-depth detector,queue depth,5.0,3,24.512,800,644,156,,ok
queue depth 5 - repeat 3,queue-depth detector,queue depth,5.0,3,25.019,812,662,150,,ok
queue depth 5 - repeat 3,queue-depth detector,queue depth,5.0,3,25.536,868,705,163,,ok
queue depth 5 - repeat 3,queue-depth detector,queue depth,5.0,3,26.01,887,724,163,,ok
queue depth 5 - repeat 3,queue-depth detector,queue depth,5.0,3,26.54,930,765,165,,ok
queue depth 5 - repeat 3,queue-depth detector,queue depth,5.0,3,27.019,944,772,172,,ok
queue depth 5 - repeat 3,queue-depth detector,queue depth,5.0,3,27.549,956,790,166,,ok
queue depth 5 - repeat 3,queue-depth detector,queue depth,5.0,3,28.037,1001,826,175,,ok
queue depth 5 - repeat 3,queue-depth detector,queue depth,5.0,3,28.505,1031,856,175,,ok
queue depth 5 - repeat 3,queue-depth detector,queue depth,5.0,3,29.013,1074,889,185,,ok
queue depth 5 - repeat 3,queue-depth detector,queue depth,5.0,3,29.52,1088,899,189,,ok
queue depth 5 - repeat 3,queue-depth detector,queue depth,5.0,3,30.026,1100,909,191,,ok
queue depth 5 - repeat 3,queue-depth detector,queue depth,5.0,3,30.537,1153,961,192,,ok
queue depth 5 - repeat 3,queue-depth detector,queue depth,5.0,3,31.049,1176,984,192,,ok
queue depth 5 - repeat 3,queue-depth detector,queue depth,5.0,3,31.543,1213,1023,190,,ok
queue depth 5 - repeat 3,queue-depth detector,queue depth,5.0,3,32.046,1220,1028,192,,ok
queue depth 5 - repeat 3,queue-depth detector,queue depth,5.0,3,32.504,1220,1028,192,,ok
queue depth 5 - repeat 3,queue-depth detector,queue depth,5.0,3,33.029,1220,1028,192,,ok
queue depth 5 - repeat 3,queue-depth detector,queue depth,5.0,3,33.504,1309,1117,192,,ok
queue depth 5 - repeat 3,queue-depth detector,queue depth,5.0,3,34.02,1337,1146,191,,ok
queue depth 5 - repeat 3,queue-depth detector,queue depth,5.0,3,34.509,1347,1156,191,,ok
queue depth 5 - repeat 3,queue-depth detector,queue depth,5.0,3,35.017,1356,1168,188,,ok
queue depth 5 - repeat 3,queue-depth detector,queue depth,5.0,3,35.5,1390,1217,173,,ok
queue depth 5 - repeat 3,queue-depth detector,queue depth,5.0,3,36.029,1420,1233,187,,ok
queue depth 5 - repeat 3,queue-depth detector,queue depth,5.0,3,36.548,1469,1279,190,,ok
queue depth 5 - repeat 3,queue-depth detector,queue depth,5.0,3,37.033,1476,1284,192,,ok
queue depth 5 - repeat 3,queue-depth detector,queue depth,5.0,3,37.502,1484,1302,182,,ok
queue depth 5 - repeat 3,queue-depth detector,queue depth,5.0,3,38.034,1513,1321,192,,ok
queue depth 5 - repeat 3,queue-depth detector,queue depth,5.0,3,38.544,1548,1361,187,,ok
queue depth 5 - repeat 3,queue-depth detector,queue depth,5.0,3,39.003,1592,1405,187,,ok
queue depth 5 - repeat 3,queue-depth detector,queue depth,5.0,3,39.52,1603,1411,192,,ok
queue depth 5 - repeat 3,queue-depth detector,queue depth,5.0,3,40.037,1610,1430,180,,ok
queue depth 5 - repeat 3,queue-depth detector,queue depth,5.0,3,40.548,1641,1449,192,,ok
queue depth 5 - repeat 3,queue-depth detector,queue depth,5.0,3,41.036,1671,1484,187,,ok
queue depth 5 - repeat 3,queue-depth detector,queue depth,5.0,3,41.548,1727,1535,192,,ok
queue depth 5 - repeat 3,queue-depth detector,queue depth,5.0,3,42.004,1731,1540,191,,ok
queue depth 5 - repeat 3,queue-depth detector,queue depth,5.0,3,42.513,1737,1558,179,,ok
queue depth 5 - repeat 3,queue-depth detector,queue depth,5.0,3,43.025,1767,1582,185,,ok
queue depth 5 - repeat 3,queue-depth detector,queue depth,5.0,3,43.533,1798,1617,181,,ok
queue depth 5 - repeat 3,queue-depth detector,queue depth,5.0,3,44.04,1837,1661,176,,ok
queue depth 5 - repeat 3,queue-depth detector,queue depth,5.0,3,44.503,1859,1667,192,,ok
queue depth 5 - repeat 3,queue-depth detector,queue depth,5.0,3,45.012,1865,1676,189,,ok
queue depth 5 - repeat 3,queue-depth detector,queue depth,5.0,3,45.543,1895,1710,185,,ok
queue depth 5 - repeat 3,queue-depth detector,queue depth,5.0,3,46.019,1902,1732,170,,ok
queue depth 5 - repeat 3,queue-depth detector,queue depth,5.0,3,46.546,1961,1769,192,,ok
queue depth 5 - repeat 3,queue-depth detector,queue depth,5.0,3,47.045,1987,1795,192,,ok
queue depth 5 - repeat 3,queue-depth detector,queue depth,5.0,3,47.516,1991,1801,190,,ok
queue depth 5 - repeat 3,queue-depth detector,queue depth,5.0,3,48.041,2023,1831,192,,ok
queue depth 5 - repeat 3,queue-depth detector,queue depth,5.0,3,48.544,2052,1863,189,,ok
queue depth 5 - repeat 3,queue-depth detector,queue depth,5.0,3,49.029,2086,1897,189,,ok
queue depth 5 - repeat 3,queue-depth detector,queue depth,5.0,3,49.541,2115,1923,192,,ok
queue depth 5 - repeat 3,queue-depth detector,queue depth,5.0,3,50.0,2116,1924,192,,ok
queue depth 5 - repeat 3,queue-depth detector,queue depth,5.0,3,50.508,2140,1948,192,,ok
queue depth 5 - repeat 3,queue-depth detector,queue depth,5.0,3,51.029,2173,1981,192,,ok
queue depth 5 - repeat 3,queue-depth detector,queue depth,5.0,3,51.501,2203,2016,187,,ok
queue depth 5 - repeat 3,queue-depth detector,queue depth,5.0,3,52.014,2236,2048,188,,ok
queue depth 5 - repeat 3,queue-depth detector,queue depth,5.0,3,52.52,2244,2052,192,,ok
queue depth 5 - repeat 3,queue-depth detector,queue depth,5.0,3,53.042,2258,2073,185,,ok
queue depth 5 - repeat 3,queue-depth detector,queue depth,5.0,3,53.502,2286,2109,177,,ok
queue depth 5 - repeat 3,queue-depth detector,queue depth,5.0,3,54.018,2316,2139,177,,ok
queue depth 5 - repeat 3,queue-depth detector,queue depth,5.0,3,54.546,2350,2170,180,,ok
queue depth 5 - repeat 3,queue-depth detector,queue depth,5.0,3,55.002,2371,2179,192,,ok
queue depth 5 - repeat 3,queue-depth detector,queue depth,5.0,3,55.549,2380,2188,192,,ok
queue depth 5 - repeat 3,queue-depth detector,queue depth,5.0,3,56.008,2407,2215,192,,ok
queue depth 5 - repeat 3,queue-depth detector,queue depth,5.0,3,56.595,2436,2247,189,,ok
queue depth 5 - repeat 3,queue-depth detector,queue depth,5.0,3,57.049,2473,2281,192,,ok
queue depth 5 - repeat 3,queue-depth detector,queue depth,5.0,3,57.547,2499,2307,192,,ok
queue depth 5 - repeat 3,queue-depth detector,queue depth,5.0,3,58.014,2500,2313,187,,ok
queue depth 5 - repeat 3,queue-depth detector,queue depth,5.0,3,58.513,2525,2333,192,,ok
queue depth 5 - repeat 3,queue-depth detector,queue depth,5.0,3,59.042,2562,2370,192,,ok
queue depth 5 - repeat 3,queue-depth detector,queue depth,5.0,3,59.507,2599,2409,190,,ok
queue depth 5 - repeat 3,queue-depth detector,queue depth,5.0,3,60.02,2626,2434,192,,ok
queue depth 5 - repeat 3,queue-depth detector,queue depth,5.0,3,60.526,2628,2436,192,,ok
queue depth 5 - repeat 3,queue-depth detector,queue depth,5.0,3,61.034,2645,2459,186,,ok
queue depth 5 - repeat 3,queue-depth detector,queue depth,5.0,3,61.505,2682,2490,192,,ok
queue depth 5 - repeat 3,queue-depth detector,queue depth,5.0,3,62.012,2706,2514,192,,ok
queue depth 5 - repeat 3,queue-depth detector,queue depth,5.0,3,62.545,2746,2554,192,,ok
queue depth 5 - repeat 3,queue-depth detector,queue depth,5.0,3,63.081,2755,2563,192,,ok
queue depth 5 - repeat 3,queue-depth detector,queue depth,5.0,3,63.549,2770,2578,192,,ok
queue depth 5 - repeat 3,queue-depth detector,queue depth,5.0,3,64.007,2770,2589,181,,ok
queue depth 5 - repeat 3,queue-depth detector,queue depth,5.0,3,64.523,2820,2636,184,,ok
queue depth 5 - repeat 3,queue-depth detector,queue depth,5.0,3,65.033,2857,2670,187,,ok
queue depth 5 - repeat 3,queue-depth detector,queue depth,5.0,3,65.502,2883,2691,192,,ok
queue depth 5 - repeat 3,queue-depth detector,queue depth,5.0,3,66.024,2889,2697,192,,ok
queue depth 5 - repeat 3,queue-depth detector,queue depth,5.0,3,66.53,2909,2725,184,,ok
queue depth 5 - repeat 3,queue-depth detector,queue depth,5.0,3,67.123,2943,2759,184,,ok
queue depth 5 - repeat 3,queue-depth detector,queue depth,5.0,3,67.51,2980,2791,189,,ok
queue depth 5 - repeat 3,queue-depth detector,queue depth,5.0,3,68.032,3010,2819,191,,ok
queue depth 5 - repeat 3,queue-depth detector,queue depth,5.0,3,68.552,3012,2823,189,,ok
queue depth 5 - repeat 3,queue-depth detector,queue depth,5.0,3,69.031,3035,2845,190,,ok
queue depth 5 - repeat 3,queue-depth detector,queue depth,5.0,3,69.513,3069,2877,192,,ok
queue depth 5 - repeat 3,queue-depth detector,queue depth,5.0,3,70.046,3090,2903,187,,ok
queue depth 5 - repeat 3,queue-depth detector,queue depth,5.0,3,70.514,3130,2940,190,,ok
queue depth 5 - repeat 3,queue-depth detector,queue depth,5.0,3,71.006,3139,2948,191,,ok
queue depth 5 - repeat 3,queue-depth detector,queue depth,5.0,3,71.516,3149,2962,187,,ok
queue depth 5 - repeat 3,queue-depth detector,queue depth,5.0,3,72.024,3175,3002,173,,ok
queue depth 5 - repeat 3,queue-depth detector,queue depth,5.0,3,72.533,3207,3015,192,,ok
queue depth 5 - repeat 3,queue-depth detector,queue depth,5.0,3,73.043,3246,3054,192,,ok
queue depth 5 - repeat 3,queue-depth detector,queue depth,5.0,3,73.503,3267,3075,192,,ok
queue depth 5 - repeat 3,queue-depth detector,queue depth,5.0,3,74.01,3273,3081,192,,ok
queue depth 5 - repeat 3,queue-depth detector,queue depth,5.0,3,74.52,3293,3109,184,,ok
queue depth 5 - repeat 3,queue-depth detector,queue depth,5.0,3,75.037,3330,3140,190,,ok
queue depth 5 - repeat 3,queue-depth detector,queue depth,5.0,3,75.505,3351,3173,178,,ok
queue depth 5 - repeat 3,queue-depth detector,queue depth,5.0,3,76.045,3391,3202,189,,ok
queue depth 5 - repeat 3,queue-depth detector,queue depth,5.0,3,76.532,3396,3204,192,,ok
queue depth 5 - repeat 3,queue-depth detector,queue depth,5.0,3,77.011,3410,3227,183,,ok
queue depth 5 - repeat 3,queue-depth detector,queue depth,5.0,3,77.533,3453,3266,187,,ok
queue depth 5 - repeat 3,queue-depth detector,queue depth,5.0,3,78.009,3479,3300,179,,ok
queue depth 5 - repeat 3,queue-depth detector,queue depth,5.0,3,78.518,3516,3327,189,,ok
queue depth 5 - repeat 3,queue-depth detector,queue depth,5.0,3,79.026,3524,3332,192,,ok
queue depth 5 - repeat 3,queue-depth detector,queue depth,5.0,3,79.534,3538,3353,185,,ok
queue depth 5 - repeat 3,queue-depth detector,queue depth,5.0,3,80.047,3572,3380,192,,ok
queue depth 5 - repeat 3,queue-depth detector,queue depth,5.0,3,80.52,3596,3410,186,,ok
queue depth 5 - repeat 3,queue-depth detector,queue depth,5.0,3,81.044,3642,3452,190,,ok
queue depth 5 - repeat 3,queue-depth detector,queue depth,5.0,3,81.549,3652,3460,192,,ok
queue depth 5 - repeat 3,queue-depth detector,queue depth,5.0,3,82.004,3657,3473,184,,ok
queue depth 5 - repeat 3,queue-depth detector,queue depth,5.0,3,82.502,3685,3495,190,,ok
queue depth 5 - repeat 3,queue-depth detector,queue depth,5.0,3,83.012,3710,3518,192,,ok
queue depth 5 - repeat 3,queue-depth detector,queue depth,5.0,3,83.53,3753,3561,192,,ok
queue depth 5 - repeat 3,queue-depth detector,queue depth,5.0,3,84.037,3779,3587,192,,ok
queue depth 5 - repeat 3,queue-depth detector,queue depth,5.0,3,84.544,3785,3593,192,,ok
queue depth 5 - repeat 3,queue-depth detector,queue depth,5.0,3,85.009,3805,3613,192,,ok
queue depth 5 - repeat 3,queue-depth detector,queue depth,5.0,3,85.546,3836,3646,190,,ok
queue depth 5 - repeat 3,queue-depth detector,queue depth,5.0,3,86.037,3876,3689,187,,ok
queue depth 5 - repeat 3,queue-depth detector,queue depth,5.0,3,86.534,3903,3715,188,,ok
queue depth 5 - repeat 3,queue-depth detector,queue depth,5.0,3,87.131,3907,3719,188,,ok
queue depth 5 - repeat 3,queue-depth detector,queue depth,5.0,3,87.537,3931,3739,192,,ok
queue depth 5 - repeat 3,queue-depth detector,queue depth,5.0,3,88.022,3956,3764,192,,ok
queue depth 5 - repeat 3,queue-depth detector,queue depth,5.0,3,88.551,4007,3816,191,,ok
queue depth 5 - repeat 3,queue-depth detector,queue depth,5.0,3,89.03,4034,3843,191,,ok
queue depth 5 - repeat 3,queue-depth detector,queue depth,5.0,3,89.539,4036,3847,189,,ok
queue depth 5 - repeat 3,queue-depth detector,queue depth,5.0,3,90.048,4059,3869,190,,ok
queue depth 5 - repeat 3,queue-depth detector,queue depth,5.0,3,90.506,4084,3897,187,,ok
queue depth 5 - repeat 3,queue-depth detector,queue depth,5.0,3,91.014,4119,3927,192,,ok
queue depth 5 - repeat 3,queue-depth detector,queue depth,5.0,3,91.526,4163,3971,192,,ok
queue depth 5 - repeat 3,queue-depth detector,queue depth,5.0,3,92.049,4164,3975,189,,ok
queue depth 5 - repeat 3,queue-depth detector,queue depth,5.0,3,92.508,4181,3997,184,,ok
queue depth 5 - repeat 3,queue-depth detector,queue depth,5.0,3,93.052,4207,4026,181,,ok
queue depth 5 - repeat 3,queue-depth detector,queue depth,5.0,3,93.509,4247,4055,192,,ok
queue depth 5 - repeat 3,queue-depth detector,queue depth,5.0,3,94.018,4291,4099,192,,ok
queue depth 5 - repeat 3,queue-depth detector,queue depth,5.0,3,94.546,4292,4100,192,,ok
queue depth 5 - repeat 3,queue-depth detector,queue depth,5.0,3,95.008,4315,4123,192,,ok
queue depth 5 - repeat 3,queue-depth detector,queue depth,5.0,3,95.534,4346,4154,192,,ok
queue depth 5 - repeat 3,queue-depth detector,queue depth,5.0,3,96.046,4375,4190,185,,ok
queue depth 5 - repeat 3,queue-depth detector,queue depth,5.0,3,96.515,4399,4227,172,,ok
queue depth 5 - repeat 3,queue-depth detector,queue depth,5.0,3,97.018,4420,4231,189,,ok
queue depth 5 - repeat 3,queue-depth detector,queue depth,5.0,3,97.529,4441,4249,192,,ok
queue depth 5 - repeat 3,queue-depth detector,queue depth,5.0,3,98.051,4463,4271,192,,ok
queue depth 5 - repeat 3,queue-depth detector,queue depth,5.0,3,98.584,4503,4311,192,,ok
queue depth 5 - repeat 3,queue-depth detector,queue depth,5.0,3,99.043,4530,4353,177,,ok
queue depth 5 - repeat 3,queue-depth detector,queue depth,5.0,3,99.535,4548,4359,189,,ok
queue depth 5 - repeat 3,queue-depth detector,queue depth,5.0,3,100.041,4571,4381,190,,ok
queue depth 5 - repeat 3,queue-depth detector,queue depth,5.0,3,100.503,4597,4407,190,,ok
queue depth 5 - repeat 3,queue-depth detector,queue depth,5.0,3,101.013,4631,4439,192,,ok
queue depth 5 - repeat 3,queue-depth detector,queue depth,5.0,3,101.522,4673,4483,190,,ok
queue depth 5 - repeat 3,queue-depth detector,queue depth,5.0,3,102.03,4676,4487,189,,ok
queue depth 5 - repeat 3,queue-depth detector,queue depth,5.0,3,102.548,4701,4509,192,,ok
queue depth 5 - repeat 3,queue-depth detector,queue depth,5.0,3,103.018,4724,4535,189,,ok
queue depth 5 - repeat 3,queue-depth detector,queue depth,5.0,3,103.525,4759,4567,192,,ok
queue depth 5 - repeat 3,queue-depth detector,queue depth,5.0,3,104.038,4786,4611,175,,ok
queue depth 5 - repeat 3,queue-depth detector,queue depth,5.0,3,104.72,4804,4621,183,,ok
queue depth 5 - repeat 3,queue-depth detector,queue depth,5.0,3,105.025,4829,4637,192,,ok
queue depth 5 - repeat 3,queue-depth detector,queue depth,5.0,3,105.559,4846,4663,183,,ok
queue depth 5 - repeat 3,queue-depth detector,queue depth,5.0,3,106.06,4887,4695,192,,ok
queue depth 5 - repeat 3,queue-depth detector,queue depth,5.0,3,106.541,4911,4739,172,,ok
queue depth 5 - repeat 3,queue-depth detector,queue depth,5.0,3,107.006,4932,4741,191,,ok
queue depth 5 - repeat 3,queue-depth detector,queue depth,5.0,3,107.706,4951,4772,179,,ok
queue depth 5 - repeat 3,queue-depth detector,queue depth,5.0,3,108.023,4975,4783,192,,ok
queue depth 5 - repeat 3,queue-depth detector,queue depth,5.0,3,108.541,5015,4827,188,,ok
queue depth 5 - repeat 3,queue-depth detector,queue depth,5.0,3,109.015,5045,4865,180,,ok
queue depth 5 - repeat 3,queue-depth detector,queue depth,5.0,3,109.825,5059,4868,191,,ok
queue depth 5 - repeat 3,queue-depth detector,queue depth,5.0,3,110.438,5060,4909,151,,ok
queue depth 5 - repeat 3,queue-depth detector,queue depth,5.0,3,110.803,5101,4935,166,,ok
queue depth 5 - repeat 3,queue-depth detector,queue depth,5.0,3,111.089,5127,4963,164,,ok
queue depth 5 - repeat 3,queue-depth detector,queue depth,5.0,3,111.521,5187,4995,192,,ok
queue depth 5 - repeat 3,queue-depth detector,queue depth,5.0,3,112.055,5191,5001,190,,ok
queue depth 5 - repeat 3,queue-depth detector,queue depth,5.0,3,112.54,5213,5025,188,,ok
queue depth 5 - repeat 3,queue-depth detector,queue depth,5.0,3,113.028,5239,5047,192,,ok
queue depth 5 - repeat 3,queue-depth detector,queue depth,5.0,3,113.536,5278,5089,189,,ok
queue depth 5 - repeat 3,queue-depth detector,queue depth,5.0,3,114.045,5315,5123,192,,ok
queue depth 5 - repeat 3,queue-depth detector,queue depth,5.0,3,114.502,5316,5127,189,,ok
queue depth 5 - repeat 3,queue-depth detector,queue depth,5.0,3,115.015,5335,5149,186,,ok
queue depth 5 - repeat 3,queue-depth detector,queue depth,5.0,3,115.525,5367,5175,192,,ok
queue depth 5 - repeat 3,queue-depth detector,queue depth,5.0,3,116.034,5399,5207,192,,ok
queue depth 5 - repeat 3,queue-depth detector,queue depth,5.0,3,116.543,5433,5241,192,,ok
queue depth 5 - repeat 3,queue-depth detector,queue depth,5.0,3,117.017,5444,5252,192,,ok
queue depth 5 - repeat 3,queue-depth detector,queue depth,5.0,3,117.531,5463,5274,189,,ok
queue depth 5 - repeat 3,queue-depth detector,queue depth,5.0,3,118.038,5487,5303,184,,ok
queue depth 5 - repeat 3,queue-depth detector,queue depth,5.0,3,118.548,5527,5335,192,,ok
queue depth 5 - repeat 3,queue-depth detector,queue depth,5.0,3,119.005,5550,5358,192,,ok
queue depth 5 - repeat 3,queue-depth detector,queue depth,5.0,3,119.517,5572,5380,192,,ok
queue depth 5 - repeat 3,queue-depth detector,queue depth,5.0,3,120.025,5591,5399,192,,ok
queue depth 5 - repeat 3,queue-depth detector,queue depth,5.0,3,120.706,5614,5431,183,,ok
queue depth 5 - repeat 3,queue-depth detector,queue depth,5.0,3,121.168,5623,5461,162,,ok
queue depth 5 - repeat 3,queue-depth detector,queue depth,5.0,3,121.549,5682,5497,185,,ok
queue depth 5 - repeat 3,queue-depth detector,queue depth,5.0,3,122.089,5700,5508,192,,ok
queue depth 5 - repeat 3,queue-depth detector,queue depth,5.0,3,122.543,5714,5527,187,,ok
queue depth 5 - repeat 3,queue-depth detector,queue depth,5.0,3,123.048,5742,5550,192,,ok
queue depth 5 - repeat 3,queue-depth detector,queue depth,5.0,3,123.615,5762,5572,190,,ok
queue depth 5 - repeat 3,queue-depth detector,queue depth,5.0,3,124.004,5805,5614,191,,ok
queue depth 5 - repeat 3,queue-depth detector,queue depth,5.0,3,124.6,5825,5633,192,,ok
queue depth 5 - repeat 3,queue-depth detector,queue depth,5.0,3,125.038,5841,5650,191,,ok
queue depth 5 - repeat 3,queue-depth detector,queue depth,5.0,3,125.547,5863,5678,185,,ok
queue depth 5 - repeat 3,queue-depth detector,queue depth,5.0,3,126.043,5890,5700,190,,ok
queue depth 5 - repeat 3,queue-depth detector,queue depth,5.0,3,126.515,5927,5735,192,,ok
queue depth 5 - repeat 3,queue-depth detector,queue depth,5.0,3,127.034,5953,5761,192,,ok
queue depth 5 - repeat 3,queue-depth detector,queue depth,5.0,3,127.501,5964,5777,187,,ok
queue depth 5 - repeat 3,queue-depth detector,queue depth,5.0,3,128.022,5991,5799,192,,ok
queue depth 5 - repeat 3,queue-depth detector,queue depth,5.0,3,128.588,6007,5826,181,,ok
queue depth 5 - repeat 3,queue-depth detector,queue depth,5.0,3,129.014,6051,5863,188,,ok
queue depth 5 - repeat 3,queue-depth detector,queue depth,5.0,3,129.524,6081,5889,192,,ok
queue depth 5 - repeat 3,queue-depth detector,queue depth,5.0,3,130.031,6089,5900,189,,ok
queue depth 5 - repeat 3,queue-depth detector,queue depth,5.0,3,130.501,6109,5917,192,,ok
queue depth 5 - repeat 3,queue-depth detector,queue depth,5.0,3,131.292,6119,5954,165,,ok
queue depth 5 - repeat 3,queue-depth detector,queue depth,5.0,3,131.541,6179,5987,192,,ok
queue depth 5 - repeat 3,queue-depth detector,queue depth,5.0,3,132.047,6202,6010,192,,ok
queue depth 5 - repeat 3,queue-depth detector,queue depth,5.0,3,132.76,6212,6033,179,,ok
queue depth 5 - repeat 3,queue-depth detector,queue depth,5.0,3,133.037,6233,6045,188,,ok
queue depth 5 - repeat 3,queue-depth detector,queue depth,5.0,3,133.616,6261,6073,188,,ok
queue depth 5 - repeat 3,queue-depth detector,queue depth,5.0,3,134.009,6295,6110,185,,ok
queue depth 5 - repeat 3,queue-depth detector,queue depth,5.0,3,134.5,6324,6135,189,,ok
queue depth 5 - repeat 3,queue-depth detector,queue depth,5.0,3,135.101,6340,6151,189,,ok
queue depth 5 - repeat 3,queue-depth detector,queue depth,5.0,3,135.539,6359,6170,189,,ok
queue depth 5 - repeat 3,queue-depth detector,queue depth,5.0,3,136.185,6382,6197,185,,ok
queue depth 5 - repeat 3,queue-depth detector,queue depth,5.0,3,136.501,6404,6216,188,,ok
queue depth 5 - repeat 3,queue-depth detector,queue depth,5.0,3,137.049,6446,6260,186,,ok
queue depth 5 - repeat 3,queue-depth detector,queue depth,5.0,3,137.528,6468,6276,192,,ok
queue depth 5 - repeat 3,queue-depth detector,queue depth,5.0,3,138.048,6482,6290,192,,ok
queue depth 5 - repeat 3,queue-depth detector,queue depth,5.0,3,138.511,6510,6318,192,,ok
queue depth 5 - repeat 3,queue-depth detector,queue depth,5.0,3,139.032,6532,6346,186,,ok
queue depth 5 - repeat 3,queue-depth detector,queue depth,5.0,3,139.539,6574,6382,192,,ok
queue depth 5 - repeat 3,queue-depth detector,queue depth,5.0,3,140.05,6596,6404,192,,ok
queue depth 5 - repeat 3,queue-depth detector,queue depth,5.0,3,140.508,6604,6417,187,,ok
queue depth 5 - repeat 3,queue-depth detector,queue depth,5.0,3,141.024,6627,6435,192,,ok
queue depth 5 - repeat 3,queue-depth detector,queue depth,5.0,3,141.516,6657,6465,192,,ok
queue depth 5 - repeat 3,queue-depth detector,queue depth,5.0,3,142.043,6691,6499,192,,ok
queue depth 5 - repeat 3,queue-depth detector,queue depth,5.0,3,142.505,6719,6529,190,,ok
queue depth 5 - repeat 3,queue-depth detector,queue depth,5.0,3,143.05,6729,6540,189,,ok
queue depth 5 - repeat 3,queue-depth detector,queue depth,5.0,3,143.507,6751,6563,188,,ok
queue depth 5 - repeat 3,queue-depth detector,queue depth,5.0,3,144.016,6773,6585,188,,ok
queue depth 5 - repeat 3,queue-depth detector,queue depth,5.0,3,144.526,6785,6593,192,,ok
queue depth 5 - repeat 3,queue-depth detector,queue depth,5.0,3,145.036,6819,6627,192,,ok
queue depth 5 - repeat 3,queue-depth detector,queue depth,5.0,3,145.533,6855,6665,190,,ok
queue depth 5 - repeat 3,queue-depth detector,queue depth,5.0,3,146.005,6874,6685,189,,ok
queue depth 5 - repeat 3,queue-depth detector,queue depth,5.0,3,146.536,6901,6709,192,,ok
queue depth 5 - repeat 3,queue-depth detector,queue depth,5.0,3,147.053,6935,6750,185,,ok
queue depth 5 - repeat 3,queue-depth detector,queue depth,5.0,3,147.502,6958,6766,192,,ok
queue depth 5 - repeat 3,queue-depth detector,queue depth,5.0,3,148.021,6980,6788,192,,ok
queue depth 5 - repeat 3,queue-depth detector,queue depth,5.0,3,148.523,6999,6807,192,,ok
queue depth 5 - repeat 3,queue-depth detector,queue depth,5.0,3,149.01,7022,6830,192,,ok
queue depth 5 - repeat 3,queue-depth detector,queue depth,5.0,3,149.52,7051,6871,180,,ok
queue depth 5 - repeat 3,queue-depth detector,queue depth,5.0,3,150.006,7081,6894,187,,ok
queue depth 5 - repeat 3,queue-depth detector,queue depth,5.0,3,150.522,7105,6916,189,,ok
queue depth 5 - repeat 3,queue-depth detector,queue depth,5.0,3,151.036,7117,6925,192,,ok
queue depth 5 - repeat 3,queue-depth detector,queue depth,5.0,3,151.601,7117,6940,177,,ok
queue depth 5 - repeat 3,queue-depth detector,queue depth,5.0,3,152.018,7169,6977,192,,ok
queue depth 5 - repeat 3,queue-depth detector,queue depth,5.0,3,152.544,7204,7012,192,,ok
queue depth 5 - repeat 3,queue-depth detector,queue depth,5.0,3,153.003,7233,7041,192,,ok
queue depth 5 - repeat 3,queue-depth detector,queue depth,5.0,3,153.513,7244,7052,192,,ok
queue depth 5 - repeat 3,queue-depth detector,queue depth,5.0,3,154.022,7267,7076,191,,ok
queue depth 5 - repeat 3,queue-depth detector,queue depth,5.0,3,154.548,7297,7105,192,,ok
queue depth 5 - repeat 3,queue-depth detector,queue depth,5.0,3,155.004,7331,7139,192,,ok
queue depth 5 - repeat 3,queue-depth detector,queue depth,5.0,3,155.543,7354,7167,187,,ok
queue depth 5 - repeat 3,queue-depth detector,queue depth,5.0,3,156.02,7364,7177,187,,ok
queue depth 5 - repeat 3,queue-depth detector,queue depth,5.0,3,156.558,7383,7191,192,,ok
queue depth 5 - repeat 3,queue-depth detector,queue depth,5.0,3,157.079,7413,7225,188,,ok
queue depth 5 - repeat 3,queue-depth detector,queue depth,5.0,3,157.64,7433,7266,167,,ok
queue depth 5 - repeat 3,queue-depth detector,queue depth,5.0,3,158.037,7470,7287,183,,ok
queue depth 5 - repeat 3,queue-depth detector,queue depth,5.0,3,158.529,7492,7300,192,,ok
queue depth 5 - repeat 3,queue-depth detector,queue depth,5.0,3,159.015,7506,7314,192,,ok
queue depth 5 - repeat 3,queue-depth detector,queue depth,5.0,3,159.526,7534,7342,192,,ok
queue depth 5 - repeat 3,queue-depth detector,queue depth,5.0,3,160.023,7563,7371,192,,ok
queue depth 5 - repeat 3,queue-depth detector,queue depth,5.0,3,160.531,7597,7406,191,,ok
queue depth 5 - repeat 3,queue-depth detector,queue depth,5.0,3,161.04,7620,7428,192,,ok
queue depth 5 - repeat 3,queue-depth detector,queue depth,5.0,3,161.502,7625,7437,188,,ok
queue depth 5 - repeat 3,queue-depth detector,queue depth,5.0,3,162.013,7651,7460,191,,ok
queue depth 5 - repeat 3,queue-depth detector,queue depth,5.0,3,162.52,7673,7487,186,,ok
queue depth 5 - repeat 3,queue-depth detector,queue depth,5.0,3,163.027,7714,7522,192,,ok
queue depth 5 - repeat 3,queue-depth detector,queue depth,5.0,3,163.535,7743,7551,192,,ok
queue depth 5 - repeat 3,queue-depth detector,queue depth,5.0,3,164.013,7753,7561,192,,ok
queue depth 5 - repeat 3,queue-depth detector,queue depth,5.0,3,164.523,7773,7587,186,,ok
queue depth 5 - repeat 3,queue-depth detector,queue depth,5.0,3,165.032,7797,7609,188,,ok
queue depth 5 - repeat 3,queue-depth detector,queue depth,5.0,3,165.504,7822,7645,177,,ok
queue depth 5 - repeat 3,queue-depth detector,queue depth,5.0,3,166.028,7860,7671,189,,ok
queue depth 5 - repeat 3,queue-depth detector,queue depth,5.0,3,166.532,7876,7684,192,,ok
queue depth 5 - repeat 3,queue-depth detector,queue depth,5.0,3,167.041,7895,7703,192,,ok
queue depth 5 - repeat 3,queue-depth detector,queue depth,5.0,3,167.511,7918,7727,191,,ok
queue depth 5 - repeat 3,queue-depth detector,queue depth,5.0,3,168.035,7937,7745,192,,ok
queue depth 5 - repeat 3,queue-depth detector,queue depth,5.0,3,168.547,7937,7745,192,,ok
queue depth 5 - repeat 3,queue-depth detector,queue depth,5.0,3,169.012,7945,7753,192,,ok
queue depth 5 - repeat 3,queue-depth detector,queue depth,5.0,3,169.5,8018,7826,192,,ok
queue depth 5 - repeat 3,queue-depth detector,queue depth,5.0,3,170.008,8037,7853,184,,ok
queue depth 5 - repeat 3,queue-depth detector,queue depth,5.0,3,170.515,8067,7876,191,,ok
queue depth 5 - repeat 3,queue-depth detector,queue depth,5.0,3,171.024,8103,7918,185,,ok
queue depth 5 - repeat 3,queue-depth detector,queue depth,5.0,3,171.53,8129,7937,192,,ok
queue depth 5 - repeat 3,queue-depth detector,queue depth,5.0,3,172.035,8142,7950,192,,ok
queue depth 5 - repeat 3,queue-depth detector,queue depth,5.0,3,172.512,8162,7973,189,,ok
queue depth 5 - repeat 3,queue-depth detector,queue depth,5.0,3,173.019,8185,8001,184,,ok
queue depth 5 - repeat 3,queue-depth detector,queue depth,5.0,3,173.53,8238,8046,192,,ok
queue depth 5 - repeat 3,queue-depth detector,queue depth,5.0,3,174.038,8255,8063,192,,ok
queue depth 5 - repeat 3,queue-depth detector,queue depth,5.0,3,174.546,8265,8073,192,,ok
queue depth 5 - repeat 3,queue-depth detector,queue depth,5.0,3,175.005,8290,8098,192,,ok
queue depth 5 - repeat 3,queue-depth detector,queue depth,5.0,3,175.525,8313,8129,184,,ok
queue depth 5 - repeat 3,queue-depth detector,queue depth,5.0,3,176.018,8334,8147,187,,ok
queue depth 5 - repeat 3,queue-depth detector,queue depth,5.0,3,176.656,8377,8193,184,,ok
queue depth 5 - repeat 3,queue-depth detector,queue depth,5.0,3,177.009,8391,8201,190,,ok
queue depth 5 - repeat 3,queue-depth detector,queue depth,5.0,3,177.55,8413,8226,187,,ok
queue depth 5 - repeat 3,queue-depth detector,queue depth,5.0,3,178.019,8437,8245,192,,ok
queue depth 5 - repeat 3,queue-depth detector,queue depth,5.0,3,178.539,8462,8270,192,,ok
queue depth 5 - repeat 3,queue-depth detector,queue depth,5.0,3,179.049,8503,8314,189,,ok
queue depth 5 - repeat 3,queue-depth detector,queue depth,5.0,3,179.508,8516,8324,192,,ok
queue depth 8 - repeat 1,queue-depth detector,queue depth,8.0,1,0.0,0,0,0,,ok
queue depth 8 - repeat 1,queue-depth detector,queue depth,8.0,1,0.519,3,0,3,,ok
queue depth 8 - repeat 1,queue-depth detector,queue depth,8.0,1,1.034,6,0,6,,ok
queue depth 8 - repeat 1,queue-depth detector,queue depth,8.0,1,1.548,10,0,10,,ok
queue depth 8 - repeat 1,queue-depth detector,queue depth,8.0,1,2.007,15,2,13,,ok
queue depth 8 - repeat 1,queue-depth detector,queue depth,8.0,1,2.519,23,7,16,,ok
queue depth 8 - repeat 1,queue-depth detector,queue depth,8.0,1,3.027,29,11,18,,ok
queue depth 8 - repeat 1,queue-depth detector,queue depth,8.0,1,3.546,38,19,19,,ok
queue depth 8 - repeat 1,queue-depth detector,queue depth,8.0,1,4.009,48,25,23,,ok
queue depth 8 - repeat 1,queue-depth detector,queue depth,8.0,1,4.522,57,28,29,,ok
queue depth 8 - repeat 1,queue-depth detector,queue depth,8.0,1,5.026,68,40,28,,ok
queue depth 8 - repeat 1,queue-depth detector,queue depth,8.0,1,5.512,79,44,35,,ok
queue depth 8 - repeat 1,queue-depth detector,queue depth,8.0,1,6.037,89,51,38,,ok
queue depth 8 - repeat 1,queue-depth detector,queue depth,8.0,1,6.511,93,52,41,,ok
queue depth 8 - repeat 1,queue-depth detector,queue depth,8.0,1,7.021,100,55,45,,ok
queue depth 8 - repeat 1,queue-depth detector,queue depth,8.0,1,7.543,113,67,46,,ok
queue depth 8 - repeat 1,queue-depth detector,queue depth,8.0,1,8.016,128,77,51,,ok
queue depth 8 - repeat 1,queue-depth detector,queue depth,8.0,1,8.53,131,78,53,,ok
queue depth 8 - repeat 1,queue-depth detector,queue depth,8.0,1,9.046,156,98,58,,ok
queue depth 8 - repeat 1,queue-depth detector,queue depth,8.0,1,9.506,171,110,61,,ok
queue depth 8 - repeat 1,queue-depth detector,queue depth,8.0,1,10.018,193,129,64,,ok
queue depth 8 - repeat 1,queue-depth detector,queue depth,8.0,1,10.542,196,129,67,,ok
queue depth 8 - repeat 1,queue-depth detector,queue depth,8.0,1,11.006,212,142,70,,ok
queue depth 8 - repeat 1,queue-depth detector,queue depth,8.0,1,11.524,229,157,72,,ok
queue depth 8 - repeat 1,queue-depth detector,queue depth,8.0,1,12.052,237,166,71,,ok
queue depth 8 - repeat 1,queue-depth detector,queue depth,8.0,1,12.528,251,171,80,,ok
queue depth 8 - repeat 1,queue-depth detector,queue depth,8.0,1,13.048,279,196,83,,ok
queue depth 8 - repeat 1,queue-depth detector,queue depth,8.0,1,13.516,282,196,86,,ok
queue depth 8 - repeat 1,queue-depth detector,queue depth,8.0,1,14.038,301,212,89,,ok
queue depth 8 - repeat 1,queue-depth detector,queue depth,8.0,1,14.505,324,244,80,,ok
queue depth 8 - repeat 1,queue-depth detector,queue depth,8.0,1,15.052,341,245,96,,ok
queue depth 8 - repeat 1,queue-depth detector,queue depth,8.0,1,15.522,346,249,97,,ok
queue depth 8 - repeat 1,queue-depth detector,queue depth,8.0,1,16.046,356,282,74,,ok
queue depth 8 - repeat 1,queue-depth detector,queue depth,8.0,1,16.511,389,284,105,,ok
queue depth 8 - repeat 1,queue-depth detector,queue depth,8.0,1,17.027,402,293,109,,ok
queue depth 8 - repeat 1,queue-depth detector,queue depth,8.0,1,17.503,414,302,112,,ok
queue depth 8 - repeat 1,queue-depth detector,queue depth,8.0,1,18.045,458,343,115,,ok
queue depth 8 - repeat 1,queue-depth detector,queue depth,8.0,1,18.505,461,343,118,,ok
queue depth 8 - repeat 1,queue-depth detector,queue depth,8.0,1,19.025,464,343,121,,ok
queue depth 8 - repeat 1,queue-depth detector,queue depth,8.0,1,19.532,479,354,125,,ok
queue depth 8 - repeat 1,queue-depth detector,queue depth,8.0,1,20.041,519,391,128,,ok
queue depth 8 - repeat 1,queue-depth detector,queue depth,8.0,1,20.509,522,391,131,,ok
queue depth 8 - repeat 1,queue-depth detector,queue depth,8.0,1,21.028,546,412,134,,ok
queue depth 8 - repeat 1,queue-depth detector,queue depth,8.0,1,21.551,583,463,120,,ok
queue depth 8 - repeat 1,queue-depth detector,queue depth,8.0,1,22.012,604,463,141,,ok
queue depth 8 - repeat 1,queue-depth detector,queue depth,8.0,1,22.536,607,464,143,,ok
queue depth 8 - repeat 1,queue-depth detector,queue depth,8.0,1,23.015,625,478,147,,ok
queue depth 8 - repeat 1,queue-depth detector,queue depth,8.0,1,23.535,669,519,150,,ok
queue depth 8 - repeat 1,queue-depth detector,queue depth,8.0,1,24.006,693,540,153,,ok
queue depth 8 - repeat 1,queue-depth detector,queue depth,8.0,1,24.567,714,567,147,,ok
queue depth 8 - repeat 1,queue-depth detector,queue depth,8.0,1,25.046,753,597,156,,ok
queue depth 8 - repeat 1,queue-depth detector,queue depth,8.0,1,25.519,769,606,163,,ok
queue depth 8 - repeat 1,queue-depth detector,queue depth,8.0,1,26.025,813,647,166,,ok
queue depth 8 - repeat 1,queue-depth detector,queue depth,8.0,1,26.539,838,669,169,,ok
queue depth 8 - repeat 1,queue-depth detector,queue depth,8.0,1,27.049,865,692,173,,ok
queue depth 8 - repeat 1,queue-depth detector,queue depth,8.0,1,27.517,901,725,176,,ok
queue depth 8 - repeat 1,queue-depth detector,queue depth,8.0,1,28.031,914,735,179,,ok
queue depth 8 - repeat 1,queue-depth detector,queue depth,8.0,1,28.542,957,778,179,,ok
queue depth 8 - repeat 1,queue-depth detector,queue depth,8.0,1,29.002,982,797,185,,ok
queue depth 8 - repeat 1,queue-depth detector,queue depth,8.0,1,29.519,1009,824,185,,ok
queue depth 8 - repeat 1,queue-depth detector,queue depth,8.0,1,30.031,1049,860,189,,ok
queue depth 8 - repeat 1,queue-depth detector,queue depth,8.0,1,30.544,1062,873,189,,ok
queue depth 8 - repeat 1,queue-depth detector,queue depth,8.0,1,31.004,1098,906,192,,ok
queue depth 8 - repeat 1,queue-depth detector,queue depth,8.0,1,31.519,1098,909,189,,ok
queue depth 8 - repeat 1,queue-depth detector,queue depth,8.0,1,32.029,1118,930,188,,ok
queue depth 8 - repeat 1,queue-depth detector,queue depth,8.0,1,32.541,1166,975,191,,ok
queue depth 8 - repeat 1,queue-depth detector,queue depth,8.0,1,33.032,1181,989,192,,ok
queue depth 8 - repeat 1,queue-depth detector,queue depth,8.0,1,33.524,1193,1004,189,,ok
queue depth 8 - repeat 1,queue-depth detector,queue depth,8.0,1,34.035,1226,1037,189,,ok
queue depth 8 - repeat 1,queue-depth detector,queue depth,8.0,1,34.559,1244,1053,191,,ok
queue depth 8 - repeat 1,queue-depth detector,queue depth,8.0,1,35.04,1286,1096,190,,ok
queue depth 8 - repeat 1,queue-depth detector,queue depth,8.0,1,35.519,1309,1117,192,,ok
queue depth 8 - repeat 1,queue-depth detector,queue depth,8.0,1,36.027,1321,1132,189,,ok
queue depth 8 - repeat 1,queue-depth detector,queue depth,8.0,1,36.545,1354,1165,189,,ok
queue depth 8 - repeat 1,queue-depth detector,queue depth,8.0,1,37.006,1373,1186,187,,ok
queue depth 8 - repeat 1,queue-depth detector,queue depth,8.0,1,37.517,1412,1224,188,,ok
queue depth 8 - repeat 1,queue-depth detector,queue depth,8.0,1,38.03,1437,1245,192,,ok
queue depth 8 - repeat 1,queue-depth detector,queue depth,8.0,1,38.539,1450,1258,192,,ok
queue depth 8 - repeat 1,queue-depth detector,queue depth,8.0,1,39.002,1482,1290,192,,ok
queue depth 8 - repeat 1,queue-depth detector,queue depth,8.0,1,39.529,1501,1314,187,,ok
queue depth 8 - repeat 1,queue-depth detector,queue depth,8.0,1,40.046,1542,1352,190,,ok
queue depth 8 - repeat 1,queue-depth detector,queue depth,8.0,1,40.519,1564,1373,191,,ok
queue depth 8 - repeat 1,queue-depth detector,queue depth,8.0,1,41.032,1577,1388,189,,ok
queue depth 8 - repeat 1,queue-depth detector,queue depth,8.0,1,41.501,1610,1418,192,,ok
queue depth 8 - repeat 1,queue-depth detector,queue depth,8.0,1,42.015,1629,1442,187,,ok
queue depth 8 - repeat 1,queue-depth detector,queue depth,8.0,1,42.538,1669,1478,191,,ok
queue depth 8 - repeat 1,queue-depth detector,queue depth,8.0,1,43.003,1692,1501,191,,ok
queue depth 8 - repeat 1,queue-depth detector,queue depth,8.0,1,43.513,1705,1513,192,,ok
queue depth 8 - repeat 1,queue-depth detector,queue depth,8.0,1,44.032,1738,1549,189,,ok
queue depth 8 - repeat 1,queue-depth detector,queue depth,8.0,1,44.542,1757,1570,187,,ok
queue depth 8 - repeat 1,queue-depth detector,queue depth,8.0,1,45.074,1793,1606,187,,ok
queue depth 8 - repeat 1,queue-depth detector,queue depth,8.0,1,45.504,1820,1629,191,,ok
queue depth 8 - repeat 1,queue-depth detector,queue depth,8.0,1,46.03,1833,1641,192,,ok
queue depth 8 - repeat 1,queue-depth detector,queue depth,8.0,1,46.511,1860,1674,186,,ok
queue depth 8 - repeat 1,queue-depth detector,queue depth,8.0,1,47.004,1885,1698,187,,ok
queue depth 8 - repeat 1,queue-depth detector,queue depth,8.0,1,47.515,1908,1734,174,,ok
queue depth 8 - repeat 1,queue-depth detector,queue depth,8.0,1,48.038,1945,1757,188,,ok
queue depth 8 - repeat 1,queue-depth detector,queue depth,8.0,1,48.549,1961,1772,189,,ok
queue depth 8 - repeat 1,queue-depth detector,queue depth,8.0,1,49.02,1994,1802,192,,ok
queue depth 8 - repeat 1,queue-depth detector,queue depth,8.0,1,49.503,2013,1824,189,,ok
queue depth 8 - repeat 1,queue-depth detector,queue depth,8.0,1,50.022,2051,1859,192,,ok
queue depth 8 - repeat 1,queue-depth detector,queue depth,8.0,1,50.537,2077,1885,192,,ok
queue depth 8 - repeat 1,queue-depth detector,queue depth,8.0,1,51.01,2089,1900,189,,ok
queue depth 8 - repeat 1,queue-depth detector,queue depth,8.0,1,51.527,2122,1931,191,,ok
queue depth 8 - repeat 1,queue-depth detector,queue depth,8.0,1,52.05,2145,1954,191,,ok
queue depth 8 - repeat 1,queue-depth detector,queue depth,8.0,1,52.518,2179,1998,181,,ok
queue depth 8 - repeat 1,queue-depth detector,queue depth,8.0,1,53.03,2205,2013,192,,ok
queue depth 8 - repeat 1,queue-depth detector,queue depth,8.0,1,53.504,2217,2026,191,,ok
queue depth 8 - repeat 1,queue-depth detector,queue depth,8.0,1,54.019,2246,2058,188,,ok
queue depth 8 - repeat 1,queue-depth detector,queue depth,8.0,1,54.692,2269,2084,185,,ok
queue depth 8 - repeat 1,queue-depth detector,queue depth,8.0,1,55.01,2301,2109,192,,ok
queue depth 8 - repeat 1,queue-depth detector,queue depth,8.0,1,55.547,2332,2141,191,,ok
queue depth 8 - repeat 1,queue-depth detector,queue depth,8.0,1,56.018,2342,2153,189,,ok
queue depth 8 - repeat 1,queue-depth detector,queue depth,8.0,1,56.542,2359,2181,178,,ok
queue depth 8 - repeat 1,queue-depth detector,queue depth,8.0,1,57.006,2396,2205,191,,ok
queue depth 8 - repeat 1,queue-depth detector,queue depth,8.0,1,57.527,2420,2228,192,,ok
queue depth 8 - repeat 1,queue-depth detector,queue depth,8.0,1,58.042,2453,2265,188,,ok
queue depth 8 - repeat 1,queue-depth detector,queue depth,8.0,1,58.502,2462,2270,192,,ok
queue depth 8 - repeat 1,queue-depth detector,queue depth,8.0,1,59.014,2487,2301,186,,ok
queue depth 8 - repeat 1,queue-depth detector,queue depth,8.0,1,59.527,2523,2331,192,,ok
queue depth 8 - repeat 1,queue-depth detector,queue depth,8.0,1,60.041,2539,2347,192,,ok
queue depth 8 - repeat 1,queue-depth detector,queue depth,8.0,1,60.55,2575,2383,192,,ok
queue depth 8 - repeat 1,queue-depth detector,queue depth,8.0,1,61.022,2590,2398,192,,ok
queue depth 8 - repeat 1,queue-depth detector,queue depth,8.0,1,61.535,2615,2429,186,,ok
queue depth 8 - repeat 1,queue-depth detector,queue depth,8.0,1,62.008,2645,2459,186,,ok
queue depth 8 - repeat 1,queue-depth detector,queue depth,8.0,1,62.515,2660,2468,192,,ok
queue depth 8 - repeat 1,queue-depth detector,queue depth,8.0,1,63.033,2701,2509,192,,ok
queue depth 8 - repeat 1,queue-depth detector,queue depth,8.0,1,63.545,2717,2526,191,,ok
queue depth 8 - repeat 1,queue-depth detector,queue depth,8.0,1,64.018,2740,2548,192,,ok
queue depth 8 - repeat 1,queue-depth detector,queue depth,8.0,1,64.67,2762,2584,178,,ok
queue depth 8 - repeat 1,queue-depth detector,queue depth,8.0,1,65.048,2781,2594,187,,ok
queue depth 8 - repeat 1,queue-depth detector,queue depth,8.0,1,65.525,2813,2621,192,,ok
queue depth 8 - repeat 1,queue-depth detector,queue depth,8.0,1,66.007,2844,2653,191,,ok
queue depth 8 - repeat 1,queue-depth detector,queue depth,8.0,1,66.507,2857,2665,192,,ok
queue depth 8 - repeat 1,queue-depth detector,queue depth,8.0,1,67.096,2877,2698,179,,ok
queue depth 8 - repeat 1,queue-depth detector,queue depth,8.0,1,67.507,2908,2717,191,,ok
queue depth 8 - repeat 1,queue-depth detector,queue depth,8.0,1,68.018,2932,2740,192,,ok
queue depth 8 - repeat 1,queue-depth detector,queue depth,8.0,1,68.548,2965,2777,188,,ok
queue depth 8 - repeat 1,queue-depth detector,queue depth,8.0,1,69.017,2974,2783,191,,ok
queue depth 8 - repeat 1,queue-depth detector,queue depth,8.0,1,69.533,2999,2815,184,,ok
queue depth 8 - repeat 1,queue-depth detector,queue depth,8.0,1,70.049,3033,2844,189,,ok
queue depth 8 - repeat 1,queue-depth detector,queue depth,8.0,1,70.508,3044,2852,192,,ok
queue depth 8 - repeat 1,queue-depth detector,queue depth,8.0,1,71.026,3082,2890,192,,ok
queue depth 8 - repeat 1,queue-depth detector,queue depth,8.0,1,71.539,3102,2910,192,,ok
queue depth 8 - repeat 1,queue-depth detector,queue depth,8.0,1,72.001,3124,2932,192,,ok
queue depth 8 - repeat 1,queue-depth detector,queue depth,8.0,1,72.52,3149,2965,184,,ok
queue depth 8 - repeat 1,queue-depth detector,queue depth,8.0,1,73.032,3170,2980,190,,ok
queue depth 8 - repeat 1,queue-depth detector,queue depth,8.0,1,73.511,3197,3007,190,,ok
queue depth 8 - repeat 1,queue-depth detector,queue depth,8.0,1,74.028,3229,3037,192,,ok
queue depth 8 - repeat 1,queue-depth detector,queue depth,8.0,1,74.508,3241,3052,189,,ok
queue depth 8 - repeat 1,queue-depth detector,queue depth,8.0,1,75.087,3269,3081,188,,ok
queue depth 8 - repeat 1,queue-depth detector,queue depth,8.0,1,75.559,3293,3101,192,,ok
queue depth 8 - repeat 1,queue-depth detector,queue depth,8.0,1,76.044,3316,3133,183,,ok
queue depth 8 - repeat 1,queue-depth detector,queue depth,8.0,1,76.51,3349,3161,188,,ok
queue depth 8 - repeat 1,queue-depth detector,queue depth,8.0,1,77.009,3358,3174,184,,ok
queue depth 8 - repeat 1,queue-depth detector,queue depth,8.0,1,77.52,3391,3205,186,,ok
queue depth 8 - repeat 1,queue-depth detector,queue depth,8.0,1,78.033,3420,3228,192,,ok
queue depth 8 - repeat 1,queue-depth detector,queue depth,8.0,1,78.502,3433,3252,181,,ok
queue depth 8 - repeat 1,queue-depth detector,queue depth,8.0,1,79.01,3466,3283,183,,ok
queue depth 8 - repeat 1,queue-depth detector,queue depth,8.0,1,79.54,3486,3294,192,,ok
queue depth 8 - repeat 1,queue-depth detector,queue depth,8.0,1,80.002,3508,3319,189,,ok
queue depth 8 - repeat 1,queue-depth detector,queue depth,8.0,1,80.538,3541,3355,186,,ok
queue depth 8 - repeat 1,queue-depth detector,queue depth,8.0,1,81.047,3556,3369,187,,ok
queue depth 8 - repeat 1,queue-depth detector,queue depth,8.0,1,81.507,3589,3397,192,,ok
queue depth 8 - repeat 1,queue-depth detector,queue depth,8.0,1,82.029,3613,3421,192,,ok
queue depth 8 - repeat 1,queue-depth detector,queue depth,8.0,1,82.544,3636,3444,192,,ok
queue depth 8 - repeat 1,queue-depth detector,queue depth,8.0,1,83.013,3661,3469,192,,ok
queue depth 8 - repeat 1,queue-depth detector,queue depth,8.0,1,83.529,3681,3490,191,,ok
queue depth 8 - repeat 1,queue-depth detector,queue depth,8.0,1,84.046,3709,3519,190,,ok
queue depth 8 - repeat 1,queue-depth detector,queue depth,8.0,1,84.552,3739,3549,190,,ok
queue depth 8 - repeat 1,queue-depth detector,queue depth,8.0,1,85.016,3750,3561,189,,ok
queue depth 8 - repeat 1,queue-depth detector,queue depth,8.0,1,85.527,3775,3587,188,,ok
queue depth 8 - repeat 1,queue-depth detector,queue depth,8.0,1,86.048,3805,3613,192,,ok
queue depth 8 - repeat 1,queue-depth detector,queue depth,8.0,1,86.523,3828,3636,192,,ok
queue depth 8 - repeat 1,queue-depth detector,queue depth,8.0,1,87.034,3859,3669,190,,ok
queue depth 8 - repeat 1,queue-depth detector,queue depth,8.0,1,87.511,3870,3678,192,,ok
queue depth 8 - repeat 1,queue-depth detector,queue depth,8.0,1,88.021,3896,3709,187,,ok
queue depth 8 - repeat 1,queue-depth detector,queue depth,8.0,1,88.502,3929,3739,190,,ok
queue depth 8 - repeat 1,queue-depth detector,queue depth,8.0,1,89.02,3940,3753,187,,ok
queue depth 8 - repeat 1,queue-depth detector,queue depth,8.0,1,89.545,3977,3786,191,,ok
queue depth 8 - repeat 1,queue-depth detector,queue depth,8.0,1,90.005,3997,3806,191,,ok
queue depth 8 - repeat 1,queue-depth detector,queue depth,8.0,1,90.516,4012,3828,184,,ok
queue depth 8 - repeat 1,queue-depth detector,queue depth,8.0,1,91.028,4042,3861,181,,ok
queue depth 8 - repeat 1,queue-depth detector,queue depth,8.0,1,91.54,4062,3876,186,,ok
queue depth 8 - repeat 1,queue-depth detector,queue depth,8.0,1,92.049,4093,3901,192,,ok
queue depth 8 - repeat 1,queue-depth detector,queue depth,8.0,1,92.518,4124,3932,192,,ok
queue depth 8 - repeat 1,queue-depth detector,queue depth,8.0,1,93.042,4137,3945,192,,ok
queue depth 8 - repeat 1,queue-depth detector,queue depth,8.0,1,93.506,4163,3978,185,,ok
queue depth 8 - repeat 1,queue-depth detector,queue depth,8.0,1,94.019,4189,3997,192,,ok
queue depth 8 - repeat 1,queue-depth detector,queue depth,8.0,1,94.566,4218,4029,189,,ok
queue depth 8 - repeat 1,queue-depth detector,queue depth,8.0,1,95.041,4245,4057,188,,ok
queue depth 8 - repeat 1,queue-depth detector,queue depth,8.0,1,95.538,4256,4070,186,,ok
queue depth 8 - repeat 1,queue-depth detector,queue depth,8.0,1,96.018,4287,4095,192,,ok
queue depth 8 - repeat 1,queue-depth detector,queue depth,8.0,1,96.541,4316,4125,191,,ok
queue depth 8 - repeat 1,queue-depth detector,queue depth,8.0,1,97.012,4329,4148,181,,ok
queue depth 8 - repeat 1,queue-depth detector,queue depth,8.0,1,97.53,4362,4179,183,,ok
queue depth 8 - repeat 1,queue-depth detector,queue depth,8.0,1,98.039,4382,4190,192,,ok
queue depth 8 - repeat 1,queue-depth detector,queue depth,8.0,1,98.502,4404,4215,189,,ok
queue depth 8 - repeat 1,queue-depth detector,queue depth,8.0,1,99.017,4436,4246,190,,ok
queue depth 8 - repeat 1,queue-depth detector,queue depth,8.0,1,99.527,4452,4260,192,,ok
queue depth 8 - repeat 1,queue-depth detector,queue depth,8.0,1,100.043,4485,4297,188,,ok
queue depth 8 - repeat 1,queue-depth detector,queue depth,8.0,1,100.504,4509,4317,192,,ok
queue depth 8 - repeat 1,queue-depth detector,queue depth,8.0,1,101.029,4532,4340,192,,ok
queue depth 8 - repeat 1,queue-depth detector,queue depth,8.0,1,101.545,4557,4372,185,,ok
queue depth 8 - repeat 1,queue-depth detector,queue depth,8.0,1,102.01,4573,4382,191,,ok
queue depth 8 - repeat 1,queue-depth detector,queue depth,8.0,1,102.523,4605,4413,192,,ok
queue depth 8 - repeat 1,queue-depth detector,queue depth,8.0,1,103.039,4637,4445,192,,ok
queue depth 8 - repeat 1,queue-depth detector,queue depth,8.0,1,103.503,4649,4457,192,,ok
queue depth 8 - repeat 1,queue-depth detector,queue depth,8.0,1,104.019,4675,4490,185,,ok
queue depth 8 - repeat 1,queue-depth detector,queue depth,8.0,1,104.545,4701,4509,192,,ok
queue depth 8 - repeat 1,queue-depth detector,queue depth,8.0,1,105.073,4724,4540,184,,ok
queue depth 8 - repeat 1,queue-depth detector,queue depth,8.0,1,105.526,4756,4573,183,,ok
queue depth 8 - repeat 1,queue-depth detector,queue depth,8.0,1,106.047,4774,4585,189,,ok
queue depth 8 - repeat 1,queue-depth detector,queue depth,8.0,1,106.563,4803,4611,192,,ok
queue depth 8 - repeat 1,queue-depth detector,queue depth,8.0,1,107.034,4829,4637,192,,ok
queue depth 8 - repeat 1,queue-depth detector,queue depth,8.0,1,107.545,4860,4669,191,,ok
queue depth 8 - repeat 1,queue-depth detector,queue depth,8.0,1,108.004,4884,4692,192,,ok
queue depth 8 - repeat 1,queue-depth detector,queue depth,8.0,1,108.529,4902,4713,189,,ok
queue depth 8 - repeat 1,queue-depth detector,queue depth,8.0,1,109.001,4927,4735,192,,ok
queue depth 8 - repeat 1,queue-depth detector,queue depth,8.0,1,109.518,4957,4765,192,,ok
queue depth 8 - repeat 1,queue-depth detector,queue depth,8.0,1,110.045,4980,4796,184,,ok
queue depth 8 - repeat 1,queue-depth detector,queue depth,8.0,1,110.524,5005,4816,189,,ok
queue depth 8 - repeat 1,queue-depth detector,queue depth,8.0,1,111.036,5022,4832,190,,ok
queue depth 8 - repeat 1,queue-depth detector,queue depth,8.0,1,111.51,5053,4863,190,,ok
queue depth 8 - repeat 1,queue-depth detector,queue depth,8.0,1,112.019,5084,4892,192,,ok
queue depth 8 - repeat 1,queue-depth detector,queue depth,8.0,1,112.531,5092,4916,176,,ok
queue depth 8 - repeat 1,queue-depth detector,queue depth,8.0,1,113.043,5128,4938,190,,ok
queue depth 8 - repeat 1,queue-depth detector,queue depth,8.0,1,113.505,5150,4958,192,,ok
queue depth 8 - repeat 1,queue-depth detector,queue depth,8.0,1,114.015,5172,4980,192,,ok
queue depth 8 - repeat 1,queue-depth detector,queue depth,8.0,1,114.525,5192,5001,191,,ok
queue depth 8 - repeat 1,queue-depth detector,queue depth,8.0,1,115.046,5220,5033,187,,ok
queue depth 8 - repeat 1,queue-depth detector,queue depth,8.0,1,115.521,5253,5064,189,,ok
queue depth 8 - repeat 1,queue-depth detector,queue depth,8.0,1,116.046,5277,5086,191,,ok
queue depth 8 - repeat 1,queue-depth detector,queue depth,8.0,1,116.525,5300,5108,192,,ok
queue depth 8 - repeat 1,queue-depth detector,queue depth,8.0,1,117.02,5321,5137,184,,ok
queue depth 8 - repeat 1,queue-depth detector,queue depth,8.0,1,117.501,5348,5156,192,,ok
queue depth 8 - repeat 1,queue-depth detector,queue depth,8.0,1,118.018,5375,5189,186,,ok
queue depth 8 - repeat 1,queue-depth detector,queue depth,8.0,1,118.542,5405,5214,191,,ok
queue depth 8 - repeat 1,queue-depth detector,queue depth,8.0,1,119.005,5420,5236,184,,ok
queue depth 8 - repeat 1,queue-depth detector,queue depth,8.0,1,119.528,5448,5256,192,,ok
queue depth 8 - repeat 1,queue-depth detector,queue depth,8.0,1,120.043,5474,5284,190,,ok
queue depth 8 - repeat 1,queue-depth detector,queue depth,8.0,1,120.501,5501,5311,190,,ok
queue depth 8 - repeat 1,queue-depth detector,queue depth,8.0,1,121.014,5526,5341,185,,ok
queue depth 8 - repeat 1,queue-depth detector,queue depth,8.0,1,121.53,5545,5356,189,,ok
queue depth 8 - repeat 1,queue-depth detector,queue depth,8.0,1,122.04,5571,5384,187,,ok
queue depth 8 - repeat 1,queue-depth detector,queue depth,8.0,1,122.505,5597,5405,192,,ok
queue depth 8 - repeat 1,queue-depth detector,queue depth,8.0,1,123.018,5620,5437,183,,ok
queue depth 8 - repeat 1,queue-depth detector,queue depth,8.0,1,123.547,5646,5461,185,,ok
queue depth 8 - repeat 1,queue-depth detector,queue depth,8.0,1,124.019,5662,5470,192,,ok
queue depth 8 - repeat 1,queue-depth detector,queue depth,8.0,1,124.582,5693,5501,192,,ok
queue depth 8 - repeat 1,queue-depth detector,queue depth,8.0,1,125.027,5725,5533,192,,ok
queue depth 8 - repeat 1,queue-depth detector,queue depth,8.0,1,125.51,5748,5556,192,,ok
queue depth 8 - repeat 1,queue-depth detector,queue depth,8.0,1,126.019,5770,5584,186,,ok
queue depth 8 - repeat 1,queue-depth detector,queue depth,8.0,1,126.531,5790,5598,192,,ok
queue depth 8 - repeat 1,queue-depth detector,queue depth,8.0,1,127.046,5812,5627,185,,ok
queue depth 8 - repeat 1,queue-depth detector,queue depth,8.0,1,127.51,5841,5660,181,,ok
queue depth 8 - repeat 1,queue-depth detector,queue depth,8.0,1,128.02,5860,5673,187,,ok
queue depth 8 - repeat 1,queue-depth detector,queue depth,8.0,1,128.533,5893,5704,189,,ok
queue depth 8 - repeat 1,queue-depth detector,queue depth,8.0,1,129.043,5918,5726,192,,ok
queue depth 8 - repeat 1,queue-depth detector,queue depth,8.0,1,129.505,5937,5748,189,,ok
queue depth 8 - repeat 1,queue-depth detector,queue depth,8.0,1,130.021,5960,5769,191,,ok
queue depth 8 - repeat 1,queue-depth detector,queue depth,8.0,1,130.534,5988,5796,192,,ok
queue depth 8 - repeat 1,queue-depth detector,queue depth,8.0,1,131.048,6015,5829,186,,ok
queue depth 8 - repeat 1,queue-depth detector,queue depth,8.0,1,131.516,6036,5853,183,,ok
queue depth 8 - repeat 1,queue-depth detector,queue depth,8.0,1,132.027,6057,5868,189,,ok
queue depth 8 - repeat 1,queue-depth detector,queue depth,8.0,1,132.54,6083,5896,187,,ok
queue depth 8 - repeat 1,queue-depth detector,queue depth,8.0,1,133.044,6109,5917,192,,ok
queue depth 8 - repeat 1,queue-depth detector,queue depth,8.0,1,133.508,6132,5945,187,,ok
queue depth 8 - repeat 1,queue-depth detector,queue depth,8.0,1,134.04,6154,5972,182,,ok
queue depth 8 - repeat 1,queue-depth detector,queue depth,8.0,1,134.511,6174,5982,192,,ok
queue depth 8 - repeat 1,queue-depth detector,queue depth,8.0,1,135.033,6203,6011,192,,ok
queue depth 8 - repeat 1,queue-depth detector,queue depth,8.0,1,135.511,6229,6044,185,,ok
queue depth 8 - repeat 1,queue-depth detector,queue depth,8.0,1,136.011,6249,6068,181,,ok
queue depth 8 - repeat 1,queue-depth detector,queue depth,8.0,1,136.53,6282,6090,192,,ok
queue depth 8 - repeat 1,queue-depth detector,queue depth,8.0,1,137.032,6302,6110,192,,ok
queue depth 8 - repeat 1,queue-depth detector,queue depth,8.0,1,137.541,6324,6132,192,,ok
queue depth 8 - repeat 1,queue-depth detector,queue depth,8.0,1,138.004,6345,6161,184,,ok
queue depth 8 - repeat 1,queue-depth detector,queue depth,8.0,1,138.516,6372,6180,192,,ok
queue depth 8 - repeat 1,queue-depth detector,queue depth,8.0,1,139.029,6399,6213,186,,ok
queue depth 8 - repeat 1,queue-depth detector,queue depth,8.0,1,139.542,6429,6238,191,,ok
queue depth 8 - repeat 1,queue-depth detector,queue depth,8.0,1,140.006,6444,6257,187,,ok
queue depth 8 - repeat 1,queue-depth detector,queue depth,8.0,1,140.52,6472,6280,192,,ok
queue depth 8 - repeat 1,queue-depth detector,queue depth,8.0,1,141.035,6493,6306,187,,ok
queue depth 8 - repeat 1,queue-depth detector,queue depth,8.0,1,141.511,6521,6333,188,,ok
queue depth 8 - repeat 1,queue-depth detector,queue depth,8.0,1,142.027,6548,6358,190,,ok
queue depth 8 - repeat 1,queue-depth detector,queue depth,8.0,1,142.547,6569,6377,192,,ok
queue depth 8 - repeat 1,queue-depth detector,queue depth,8.0,1,143.029,6589,6399,190,,ok
queue depth 8 - repeat 1,queue-depth detector,queue depth,8.0,1,143.5,6620,6429,191,,ok
queue depth 8 - repeat 1,queue-depth detector,queue depth,8.0,1,144.013,6644,6452,192,,ok
queue depth 8 - repeat 1,queue-depth detector,queue depth,8.0,1,144.536,6666,6480,186,,ok
queue depth 8 - repeat 1,queue-depth detector,queue depth,8.0,1,145.068,6686,6494,192,,ok
queue depth 8 - repeat 1,queue-depth detector,queue depth,8.0,1,145.511,6708,6516,192,,ok
queue depth 8 - repeat 1,queue-depth detector,queue depth,8.0,1,146.041,6737,6545,192,,ok
queue depth 8 - repeat 1,queue-depth detector,queue depth,8.0,1,146.51,6756,6569,187,,ok
queue depth 8 - repeat 1,queue-depth detector,queue depth,8.0,1,147.043,6792,6600,192,,ok
queue depth 8 - repeat 1,queue-depth detector,queue depth,8.0,1,147.503,6813,6622,191,,ok
queue depth 8 - repeat 1,queue-depth detector,queue depth,8.0,1,148.032,6833,6644,189,,ok
queue depth 8 - repeat 1,queue-depth detector,queue depth,8.0,1,148.544,6856,6669,187,,ok
queue depth 8 - repeat 1,queue-depth detector,queue depth,8.0,1,149.001,6882,6692,190,,ok
queue depth 8 - repeat 1,queue-depth detector,queue depth,8.0,1,149.526,6909,6719,190,,ok
queue depth 8 - repeat 1,queue-depth detector,queue depth,8.0,1,150.038,6938,6748,190,,ok
queue depth 8 - repeat 1,queue-depth detector,queue depth,8.0,1,150.533,6950,6761,189,,ok
queue depth 8 - repeat 1,queue-depth detector,queue depth,8.0,1,151.045,6975,6787,188,,ok
queue depth 8 - repeat 1,queue-depth detector,queue depth,8.0,1,151.507,7005,6813,192,,ok
queue depth 8 - repeat 1,queue-depth detector,queue depth,8.0,1,152.018,7028,6836,192,,ok
queue depth 8 - repeat 1,queue-depth detector,queue depth,8.0,1,152.532,7056,6864,192,,ok
queue depth 8 - repeat 1,queue-depth detector,queue depth,8.0,1,153.046,7070,6878,192,,ok
queue depth 8 - repeat 1,queue-depth detector,queue depth,8.0,1,153.512,7092,6902,190,,ok
queue depth 8 - repeat 1,queue-depth detector,queue depth,8.0,1,154.028,7123,6932,191,,ok
queue depth 8 - repeat 1,queue-depth detector,queue depth,8.0,1,154.558,7145,6956,189,,ok
queue depth 8 - repeat 1,queue-depth detector,queue depth,8.0,1,155.024,7167,6984,183,,ok
queue depth 8 - repeat 1,queue-depth detector,queue depth,8.0,1,155.512,7193,7005,188,,ok
queue depth 8 - repeat 1,queue-depth detector,queue depth,8.0,1,156.025,7209,7025,184,,ok
queue depth 8 - repeat 1,queue-depth detector,queue depth,8.0,1,156.522,7235,7043,192,,ok
queue depth 8 - repeat 1,queue-depth detector,queue depth,8.0,1,157.002,7261,7069,192,,ok
queue depth 8 - repeat 1,queue-depth detector,queue depth,8.0,1,157.512,7289,7097,192,,ok
queue depth 8 - repeat 1,queue-depth detector,queue depth,8.0,1,158.026,7316,7124,192,,ok
queue depth 8 - repeat 1,queue-depth detector,queue depth,8.0,1,158.551,7327,7142,185,,ok
queue depth 8 - repeat 1,queue-depth detector,queue depth,8.0,1,159.007,7351,7159,192,,ok
queue depth 8 - repeat 1,queue-depth detector,queue depth,8.0,1,159.518,7380,7190,190,,ok
queue depth 8 - repeat 1,queue-depth detector,queue depth,8.0,1,160.031,7408,7216,192,,ok
queue depth 8 - repeat 1,queue-depth detector,queue depth,8.0,1,160.548,7432,7242,190,,ok
queue depth 8 - repeat 1,queue-depth detector,queue depth,8.0,1,161.01,7453,7261,192,,ok
queue depth 8 - repeat 1,queue-depth detector,queue depth,8.0,1,161.537,7473,7284,189,,ok
queue depth 8 - repeat 1,queue-depth detector,queue depth,8.0,1,162.048,7496,7304,192,,ok
queue depth 8 - repeat 1,queue-depth detector,queue depth,8.0,1,162.508,7517,7330,187,,ok
queue depth 8 - repeat 1,queue-depth detector,queue depth,8.0,1,163.026,7548,7357,191,,ok
queue depth 8 - repeat 1,queue-depth detector,queue depth,8.0,1,163.543,7573,7385,188,,ok
queue depth 8 - repeat 1,queue-depth detector,queue depth,8.0,1,164.05,7590,7401,189,,ok
queue depth 8 - repeat 1,queue-depth detector,queue depth,8.0,1,164.52,7613,7423,190,,ok
queue depth 8 - repeat 1,queue-depth detector,queue depth,8.0,1,165.006,7632,7453,179,,ok
queue depth 8 - repeat 1,queue-depth detector,queue depth,8.0,1,165.553,7665,7473,192,,ok
queue depth 8 - repeat 1,queue-depth detector,queue depth,8.0,1,166.049,7690,7504,186,,ok
queue depth 8 - repeat 1,queue-depth detector,queue depth,8.0,1,166.541,7709,7518,191,,ok
queue depth 8 - repeat 1,queue-depth detector,queue depth,8.0,1,167.024,7730,7540,190,,ok
queue depth 8 - repeat 1,queue-depth detector,queue depth,8.0,1,167.537,7753,7561,192,,ok
queue depth 8 - repeat 1,queue-depth detector,queue depth,8.0,1,168.049,7780,7588,192,,ok
queue depth 8 - repeat 1,queue-depth detector,queue depth,8.0,1,168.512,7807,7615,192,,ok
queue depth 8 - repeat 1,queue-depth detector,queue depth,8.0,1,169.027,7833,7645,188,,ok
queue depth 8 - repeat 1,queue-depth detector,queue depth,8.0,1,169.537,7849,7660,189,,ok
queue depth 8 - repeat 1,queue-depth detector,queue depth,8.0,1,170.003,7871,7683,188,,ok
queue depth 8 - repeat 1,queue-depth detector,queue depth,8.0,1,170.528,7901,7709,192,,ok
queue depth 8 - repeat 1,queue-depth detector,queue depth,8.0,1,171.046,7921,7731,190,,ok
queue depth 8 - repeat 1,queue-depth detector,queue depth,8.0,1,171.508,7946,7760,186,,ok
queue depth 8 - repeat 1,queue-depth detector,queue depth,8.0,1,172.019,7966,7774,192,,ok
queue depth 8 - repeat 1,queue-depth detector,queue depth,8.0,1,172.534,7988,7799,189,,ok
queue depth 8 - repeat 1,queue-depth detector,queue depth,8.0,1,173.011,8016,7828,188,,ok
queue depth 8 - repeat 1,queue-depth detector,queue depth,8.0,1,173.52,8036,7844,192,,ok
queue depth 8 - repeat 1,queue-depth detector,queue depth,8.0,1,174.034,8063,7877,186,,ok
queue depth 8 - repeat 1,queue-depth detector,queue depth,8.0,1,174.544,8089,7901,188,,ok
queue depth 8 - repeat 1,queue-depth detector,queue depth,8.0,1,175.057,8105,7916,189,,ok
queue depth 8 - repeat 1,queue-depth detector,queue depth,8.0,1,175.554,8131,7944,187,,ok
queue depth 8 - repeat 1,queue-depth detector,queue depth,8.0,1,176.023,8157,7965,192,,ok
queue depth 8 - repeat 1,queue-depth detector,queue depth,8.0,1,176.55,8179,7996,183,,ok
queue depth 8 - repeat 1,queue-depth detector,queue depth,8.0,1,177.006,8202,8016,186,,ok
queue depth 8 - repeat 1,queue-depth detector,queue depth,8.0,1,177.532,8222,8031,191,,ok
queue depth 8 - repeat 1,queue-depth detector,queue depth,8.0,1,178.047,8244,8052,192,,ok
queue depth 8 - repeat 1,queue-depth detector,queue depth,8.0,1,178.511,8276,8084,192,,ok
queue depth 8 - repeat 1,queue-depth detector,queue depth,8.0,1,179.025,8297,8105,192,,ok
queue depth 8 - repeat 1,queue-depth detector,queue depth,8.0,1,179.539,8328,8136,192,,ok
queue depth 8 - repeat 2,queue-depth detector,queue depth,8.0,2,0.001,0,0,0,,ok
queue depth 8 - repeat 2,queue-depth detector,queue depth,8.0,2,0.511,3,0,3,,ok
queue depth 8 - repeat 2,queue-depth detector,queue depth,8.0,2,1.024,6,0,6,,ok
queue depth 8 - repeat 2,queue-depth detector,queue depth,8.0,2,1.539,11,1,10,,ok
queue depth 8 - repeat 2,queue-depth detector,queue depth,8.0,2,2.045,18,5,13,,ok
queue depth 8 - repeat 2,queue-depth detector,queue depth,8.0,2,2.501,24,8,16,,ok
queue depth 8 - repeat 2,queue-depth detector,queue depth,8.0,2,3.007,31,14,17,,ok
queue depth 8 - repeat 2,queue-depth detector,queue depth,8.0,2,3.516,39,22,17,,ok
queue depth 8 - repeat 2,queue-depth detector,queue depth,8.0,2,4.044,51,26,25,,ok
queue depth 8 - repeat 2,queue-depth detector,queue depth,8.0,2,4.513,62,35,27,,ok
queue depth 8 - repeat 2,queue-depth detector,queue depth,8.0,2,5.02,76,44,32,,ok
queue depth 8 - repeat 2,queue-depth detector,queue depth,8.0,2,5.536,84,50,34,,ok
queue depth 8 - repeat 2,queue-depth detector,queue depth,8.0,2,6.004,97,59,38,,ok
queue depth 8 - repeat 2,queue-depth detector,queue depth,8.0,2,6.512,107,66,41,,ok
queue depth 8 - repeat 2,queue-depth detector,queue depth,8.0,2,7.02,125,82,43,,ok
queue depth 8 - repeat 2,queue-depth detector,queue depth,8.0,2,7.524,134,95,39,,ok
queue depth 8 - repeat 2,queue-depth detector,queue depth,8.0,2,8.039,152,102,50,,ok
queue depth 8 - repeat 2,queue-depth detector,queue depth,8.0,2,8.517,170,116,54,,ok
queue depth 8 - repeat 2,queue-depth detector,queue depth,8.0,2,9.029,173,116,57,,ok
queue depth 8 - repeat 2,queue-depth detector,queue depth,8.0,2,9.535,215,159,56,,ok
queue depth 8 - repeat 2,queue-depth detector,queue depth,8.0,2,10.042,223,159,64,,ok
queue depth 8 - repeat 2,queue-depth detector,queue depth,8.0,2,10.508,226,168,58,,ok
queue depth 8 - repeat 2,queue-depth detector,queue depth,8.0,2,11.21,239,169,70,,ok
queue depth 8 - repeat 2,queue-depth detector,queue depth,8.0,2,11.549,242,172,70,,ok
queue depth 8 - repeat 2,queue-depth detector,queue depth,8.0,2,12.015,301,224,77,,ok
queue depth 8 - repeat 2,queue-depth detector,queue depth,8.0,2,12.544,304,224,80,,ok
queue depth 8 - repeat 2,queue-depth detector,queue depth,8.0,2,13.005,319,236,83,,ok
queue depth 8 - repeat 2,queue-depth detector,queue depth,8.0,2,13.58,323,238,85,,ok
queue depth 8 - repeat 2,queue-depth detector,queue depth,8.0,2,14.009,328,243,85,,ok
queue depth 8 - repeat 2,queue-depth detector,queue depth,8.0,2,14.505,397,317,80,,ok
queue depth 8 - repeat 2,queue-depth detector,queue depth,8.0,2,15.032,414,318,96,,ok
queue depth 8 - repeat 2,queue-depth detector,queue depth,8.0,2,15.532,417,318,99,,ok
queue depth 8 - repeat 2,queue-depth detector,queue depth,8.0,2,16.04,423,322,101,,ok
queue depth 8 - repeat 2,queue-depth detector,queue depth,8.0,2,16.524,431,326,105,,ok
queue depth 8 - repeat 2,queue-depth detector,queue depth,8.0,2,17.039,444,335,109,,ok
queue depth 8 - repeat 2,queue-depth detector,queue depth,8.0,2,17.528,528,416,112,,ok
queue depth 8 - repeat 2,queue-depth detector,queue depth,8.0,2,18.039,531,416,115,,ok
queue depth 8 - repeat 2,queue-depth detector,queue depth,8.0,2,18.515,534,416,118,,ok
queue depth 8 - repeat 2,queue-depth detector,queue depth,8.0,2,19.044,540,418,122,,ok
queue depth 8 - repeat 2,queue-depth detector,queue depth,8.0,2,19.512,553,428,125,,ok
queue depth 8 - repeat 2,queue-depth detector,queue depth,8.0,2,20.019,560,432,128,,ok
queue depth 8 - repeat 2,queue-depth detector,queue depth,8.0,2,20.55,665,534,131,,ok
queue depth 8 - repeat 2,queue-depth detector,queue depth,8.0,2,21.011,668,534,134,,ok
queue depth 8 - repeat 2,queue-depth detector,queue depth,8.0,2,21.549,672,534,138,,ok
queue depth 8 - repeat 2,queue-depth detector,queue depth,8.0,2,22.022,675,534,141,,ok
queue depth 8 - repeat 2,queue-depth detector,queue depth,8.0,2,22.561,690,546,144,,ok
queue depth 8 - repeat 2,queue-depth detector,queue depth,8.0,2,23.018,703,556,147,,ok
queue depth 8 - repeat 2,queue-depth detector,queue depth,8.0,2,23.529,717,567,150,,ok
queue depth 8 - repeat 2,queue-depth detector,queue depth,8.0,2,24.036,816,662,154,,ok
queue depth 8 - repeat 2,queue-depth detector,queue depth,8.0,2,24.545,820,663,157,,ok
queue depth 8 - repeat 2,queue-depth detector,queue depth,8.0,2,25.001,826,666,160,,ok
queue depth 8 - repeat 2,queue-depth detector,queue depth,8.0,2,25.512,842,680,162,,ok
queue depth 8 - repeat 2,queue-depth detector,queue depth,8.0,2,26.034,852,686,166,,ok
queue depth 8 - repeat 2,queue-depth detector,queue depth,8.0,2,26.502,876,707,169,,ok
queue depth 8 - repeat 2,queue-depth detector,queue depth,8.0,2,27.02,964,791,173,,ok
queue depth 8 - repeat 2,queue-depth detector,queue depth,8.0,2,27.502,969,797,172,,ok
queue depth 8 - repeat 2,queue-depth detector,queue depth,8.0,2,28.001,986,811,175,,ok
queue depth 8 - repeat 2,queue-depth detector,queue depth,8.0,2,28.525,996,823,173,,ok
queue depth 8 - repeat 2,queue-depth detector,queue depth,8.0,2,29.009,1020,835,185,,ok
queue depth 8 - repeat 2,queue-depth detector,queue depth,8.0,2,29.504,1106,918,188,,ok
queue depth 8 - repeat 2,queue-depth detector,queue depth,8.0,2,30.002,1120,930,190,,ok
queue depth 8 - repeat 2,queue-depth detector,queue depth,8.0,2,30.523,1131,940,191,,ok
queue depth 8 - repeat 2,queue-depth detector,queue depth,8.0,2,31.001,1143,951,192,,ok
queue depth 8 - repeat 2,queue-depth detector,queue depth,8.0,2,31.514,1170,993,177,,ok
queue depth 8 - repeat 2,queue-depth detector,queue depth,8.0,2,32.051,1240,1048,192,,ok
queue depth 8 - repeat 2,queue-depth detector,queue depth,8.0,2,32.539,1250,1059,191,,ok
queue depth 8 - repeat 2,queue-depth detector,queue depth,8.0,2,33.026,1260,1069,191,,ok
queue depth 8 - repeat 2,queue-depth detector,queue depth,8.0,2,33.507,1271,1079,192,,ok
queue depth 8 - repeat 2,queue-depth detector,queue depth,8.0,2,34.015,1307,1120,187,,ok
queue depth 8 - repeat 2,queue-depth detector,queue depth,8.0,2,34.525,1369,1177,192,,ok
queue depth 8 - repeat 2,queue-depth detector,queue depth,8.0,2,35.035,1370,1178,192,,ok
queue depth 8 - repeat 2,queue-depth detector,queue depth,8.0,2,35.542,1383,1193,190,,ok
queue depth 8 - repeat 2,queue-depth detector,queue depth,8.0,2,36.013,1390,1198,192,,ok
queue depth 8 - repeat 2,queue-depth detector,queue depth,8.0,2,36.52,1410,1219,191,,ok
queue depth 8 - repeat 2,queue-depth detector,queue depth,8.0,2,37.028,1453,1277,176,,ok
queue depth 8 - repeat 2,queue-depth detector,queue depth,8.0,2,37.507,1497,1305,192,,ok
queue depth 8 - repeat 2,queue-depth detector,queue depth,8.0,2,38.015,1504,1313,191,,ok
queue depth 8 - repeat 2,queue-depth detector,queue depth,8.0,2,38.551,1512,1324,188,,ok
queue depth 8 - repeat 2,queue-depth detector,queue depth,8.0,2,39.033,1527,1335,192,,ok
queue depth 8 - repeat 2,queue-depth detector,queue depth,8.0,2,39.508,1540,1362,178,,ok
queue depth 8 - repeat 2,queue-depth detector,queue depth,8.0,2,40.035,1612,1423,189,,ok
queue depth 8 - repeat 2,queue-depth detector,queue depth,8.0,2,40.505,1615,1423,192,,ok
queue depth 8 - repeat 2,queue-depth detector,queue depth,8.0,2,41.042,1634,1442,192,,ok
queue depth 8 - repeat 2,queue-depth detector,queue depth,8.0,2,41.517,1644,1452,192,,ok
queue depth 8 - repeat 2,queue-depth detector,queue depth,8.0,2,42.047,1657,1465,192,,ok
queue depth 8 - repeat 2,queue-depth detector,queue depth,8.0,2,42.504,1687,1500,187,,ok
queue depth 8 - repeat 2,queue-depth detector,queue depth,8.0,2,43.013,1739,1559,180,,ok
queue depth 8 - repeat 2,queue-depth detector,queue depth,8.0,2,43.551,1762,1570,192,,ok
queue depth 8 - repeat 2,queue-depth detector,queue depth,8.0,2,44.006,1772,1580,192,,ok
queue depth 8 - repeat 2,queue-depth detector,queue depth,8.0,2,44.514,1783,1591,192,,ok
queue depth 8 - repeat 2,queue-depth detector,queue depth,8.0,2,45.022,1815,1623,192,,ok
queue depth 8 - repeat 2,queue-depth detector,queue depth,8.0,2,45.533,1871,1679,192,,ok
queue depth 8 - repeat 2,queue-depth detector,queue depth,8.0,2,46.007,1890,1698,192,,ok
queue depth 8 - repeat 2,queue-depth detector,queue depth,8.0,2,46.512,1900,1708,192,,ok
queue depth 8 - repeat 2,queue-depth detector,queue depth,8.0,2,47.02,1911,1721,190,,ok
queue depth 8 - repeat 2,queue-depth detector,queue depth,8.0,2,47.536,1943,1753,190,,ok
queue depth 8 - repeat 2,queue-depth detector,queue depth,8.0,2,48.046,1999,1815,184,,ok
queue depth 8 - repeat 2,queue-depth detector,queue depth,8.0,2,48.53,2018,1826,192,,ok
queue depth 8 - repeat 2,queue-depth detector,queue depth,8.0,2,49.049,2028,1836,192,,ok
queue depth 8 - repeat 2,queue-depth detector,queue depth,8.0,2,49.624,2038,1849,189,,ok
queue depth 8 - repeat 2,queue-depth detector,queue depth,8.0,2,50.01,2063,1881,182,,ok
queue depth 8 - repeat 2,queue-depth detector,queue depth,8.0,2,50.53,2123,1943,180,,ok
queue depth 8 - repeat 2,queue-depth detector,queue depth,8.0,2,51.023,2144,1952,192,,ok
queue depth 8 - repeat 2,queue-depth detector,queue depth,8.0,2,51.526,2155,1963,192,,ok
queue depth 8 - repeat 2,queue-depth detector,queue depth,8.0,2,52.013,2167,1975,192,,ok
queue depth 8 - repeat 2,queue-depth detector,queue depth,8.0,2,52.533,2191,2001,190,,ok
queue depth 8 - repeat 2,queue-depth detector,queue depth,8.0,2,53.043,2244,2054,190,,ok
queue depth 8 - repeat 2,queue-depth detector,queue depth,8.0,2,53.501,2269,2080,189,,ok
queue depth 8 - repeat 2,queue-depth detector,queue depth,8.0,2,54.047,2283,2092,191,,ok
queue depth 8 - repeat 2,queue-depth detector,queue depth,8.0,2,54.505,2294,2102,192,,ok
queue depth 8 - repeat 2,queue-depth detector,queue depth,8.0,2,55.027,2315,2123,192,,ok
queue depth 8 - repeat 2,queue-depth detector,queue depth,8.0,2,55.545,2371,2179,192,,ok
queue depth 8 - repeat 2,queue-depth detector,queue depth,8.0,2,56.011,2397,2208,189,,ok
queue depth 8 - repeat 2,queue-depth detector,queue depth,8.0,2,56.518,2409,2219,190,,ok
queue depth 8 - repeat 2,queue-depth detector,queue depth,8.0,2,57.026,2422,2231,191,,ok
queue depth 8 - repeat 2,queue-depth detector,queue depth,8.0,2,57.548,2440,2255,185,,ok
queue depth 8 - repeat 2,queue-depth detector,queue depth,8.0,2,58.009,2492,2307,185,,ok
queue depth 8 - repeat 2,queue-depth detector,queue depth,8.0,2,58.55,2519,2336,183,,ok
queue depth 8 - repeat 2,queue-depth detector,queue depth,8.0,2,59.021,2536,2345,191,,ok
queue depth 8 - repeat 2,queue-depth detector,queue depth,8.0,2,59.531,2542,2358,184,,ok
queue depth 8 - repeat 2,queue-depth detector,queue depth,8.0,2,60.012,2563,2372,191,,ok
queue depth 8 - repeat 2,queue-depth detector,queue depth,8.0,2,60.544,2620,2435,185,,ok
queue depth 8 - repeat 2,queue-depth detector,queue depth,8.0,2,61.014,2647,2460,187,,ok
queue depth 8 - repeat 2,queue-depth detector,queue depth,8.0,2,61.513,2663,2471,192,,ok
queue depth 8 - repeat 2,queue-depth detector,queue depth,8.0,2,62.024,2670,2478,192,,ok
queue depth 8 - repeat 2,queue-depth detector,queue depth,8.0,2,62.511,2690,2499,191,,ok
queue depth 8 - repeat 2,queue-depth detector,queue depth,8.0,2,63.024,2745,2553,192,,ok
queue depth 8 - repeat 2,queue-depth detector,queue depth,8.0,2,63.533,2781,2592,189,,ok
queue depth 8 - repeat 2,queue-depth detector,queue depth,8.0,2,64.02,2792,2601,191,,ok
queue depth 8 - repeat 2,queue-depth detector,queue depth,8.0,2,64.504,2798,2612,186,,ok
queue depth 8 - repeat 2,queue-depth detector,queue depth,8.0,2,65.013,2818,2627,191,,ok
queue depth 8 - repeat 2,queue-depth detector,queue depth,8.0,2,65.536,2886,2709,177,,ok
queue depth 8 - repeat 2,queue-depth detector,queue depth,8.0,2,66.001,2909,2717,192,,ok
queue depth 8 - repeat 2,queue-depth detector,queue depth,8.0,2,66.523,2921,2730,191,,ok
queue depth 8 - repeat 2,queue-depth detector,queue depth,8.0,2,67.041,2934,2742,192,,ok
queue depth 8 - repeat 2,queue-depth detector,queue depth,8.0,2,67.51,2947,2755,192,,ok
queue depth 8 - repeat 2,queue-depth detector,queue depth,8.0,2,68.019,3014,2838,176,,ok
queue depth 8 - repeat 2,queue-depth detector,queue depth,8.0,2,68.751,3040,2851,189,,ok
queue depth 8 - repeat 2,queue-depth detector,queue depth,8.0,2,69.026,3051,2859,192,,ok
queue depth 8 - repeat 2,queue-depth detector,queue depth,8.0,2,69.533,3063,2871,192,,ok
queue depth 8 - repeat 2,queue-depth detector,queue depth,8.0,2,70.03,3085,2901,184,,ok
queue depth 8 - repeat 2,queue-depth detector,queue depth,8.0,2,70.52,3114,2946,168,,ok
queue depth 8 - repeat 2,queue-depth detector,queue depth,8.0,2,71.054,3162,2977,185,,ok
queue depth 8 - repeat 2,queue-depth detector,queue depth,8.0,2,71.52,3177,2987,190,,ok
queue depth 8 - repeat 2,queue-depth detector,queue depth,8.0,2,72.029,3183,2999,184,,ok
queue depth 8 - repeat 2,queue-depth detector,queue depth,8.0,2,72.544,3203,3023,180,,ok
queue depth 8 - repeat 2,queue-depth detector,queue depth,8.0,2,73.011,3238,3074,164,,ok
queue depth 8 - repeat 2,queue-depth detector,queue depth,8.0,2,73.528,3293,3104,189,,ok
queue depth 8 - repeat 2,queue-depth detector,queue depth,8.0,2,74.044,3307,3115,192,,ok
queue depth 8 - repeat 2,queue-depth detector,queue depth,8.0,2,74.504,3318,3127,191,,ok
queue depth 8 - repeat 2,queue-depth detector,queue depth,8.0,2,75.014,3319,3127,192,,ok
queue depth 8 - repeat 2,queue-depth detector,queue depth,8.0,2,75.522,3381,3202,179,,ok
queue depth 8 - repeat 2,queue-depth detector,queue depth,8.0,2,76.03,3421,3232,189,,ok
queue depth 8 - repeat 2,queue-depth detector,queue depth,8.0,2,76.546,3433,3243,190,,ok
queue depth 8 - repeat 2,queue-depth detector,queue depth,8.0,2,77.001,3446,3254,192,,ok
queue depth 8 - repeat 2,queue-depth detector,queue depth,8.0,2,77.512,3459,3277,182,,ok
queue depth 8 - repeat 2,queue-depth detector,queue depth,8.0,2,78.019,3511,3329,182,,ok
queue depth 8 - repeat 2,queue-depth detector,queue depth,8.0,2,78.508,3546,3360,186,,ok
queue depth 8 - repeat 2,queue-depth detector,queue depth,8.0,2,79.016,3562,3371,191,,ok
queue depth 8 - repeat 2,queue-depth detector,queue depth,8.0,2,79.531,3574,3383,191,,ok
queue depth 8 - repeat 2,queue-depth detector,queue depth,8.0,2,80.04,3587,3405,182,,ok
queue depth 8 - repeat 2,queue-depth detector,queue depth,8.0,2,80.549,3639,3458,181,,ok
queue depth 8 - repeat 2,queue-depth detector,queue depth,8.0,2,81.044,3680,3488,192,,ok
queue depth 8 - repeat 2,queue-depth detector,queue depth,8.0,2,81.545,3690,3499,191,,ok
queue depth 8 - repeat 2,queue-depth detector,queue depth,8.0,2,82.012,3694,3510,184,,ok
queue depth 8 - repeat 2,queue-depth detector,queue depth,8.0,2,82.523,3705,3513,192,,ok
queue depth 8 - repeat 2,queue-depth detector,queue depth,8.0,2,83.04,3765,3575,190,,ok
queue depth 8 - repeat 2,queue-depth detector,queue depth,8.0,2,83.55,3805,3616,189,,ok
queue depth 8 - repeat 2,queue-depth detector,queue depth,8.0,2,84.018,3816,3624,192,,ok
queue depth 8 - repeat 2,queue-depth detector,queue depth,8.0,2,84.533,3830,3638,192,,ok
queue depth 8 - repeat 2,queue-depth detector,queue depth,8.0,2,85.05,3843,3661,182,,ok
queue depth 8 - repeat 2,queue-depth detector,queue depth,8.0,2,85.532,3895,3703,192,,ok
queue depth 8 - repeat 2,queue-depth detector,queue depth,8.0,2,86.042,3936,3744,192,,ok
queue depth 8 - repeat 2,queue-depth detector,queue depth,8.0,2,86.561,3943,3754,189,,ok
queue depth 8 - repeat 2,queue-depth detector,queue depth,8.0,2,87.02,3950,3766,184,,ok
queue depth 8 - repeat 2,queue-depth detector,queue depth,8.0,2,87.529,3971,3779,192,,ok
queue depth 8 - repeat 2,queue-depth detector,queue depth,8.0,2,88.038,4022,3830,192,,ok
queue depth 8 - repeat 2,queue-depth detector,queue depth,8.0,2,88.502,4058,3869,189,,ok
queue depth 8 - repeat 2,queue-depth detector,queue depth,8.0,2,89.019,4066,3874,192,,ok
queue depth 8 - repeat 2,queue-depth detector,queue depth,8.0,2,89.524,4078,3894,184,,ok
queue depth 8 - repeat 2,queue-depth detector,queue depth,8.0,2,90.049,4099,3916,183,,ok
queue depth 8 - repeat 2,queue-depth detector,queue depth,8.0,2,90.507,4163,3991,172,,ok
queue depth 8 - repeat 2,queue-depth detector,queue depth,8.0,2,91.024,4189,4000,189,,ok
queue depth 8 - repeat 2,queue-depth detector,queue depth,8.0,2,91.541,4201,4010,191,,ok
queue depth 8 - repeat 2,queue-depth detector,queue depth,8.0,2,92.014,4206,4015,191,,ok
queue depth 8 - repeat 2,queue-depth detector,queue depth,8.0,2,92.54,4227,4035,192,,ok
queue depth 8 - repeat 2,queue-depth detector,queue depth,8.0,2,93.049,4253,4063,190,,ok
queue depth 8 - repeat 2,queue-depth detector,queue depth,8.0,2,93.507,4314,4128,186,,ok
queue depth 8 - repeat 2,queue-depth detector,queue depth,8.0,2,94.015,4327,4135,192,,ok
queue depth 8 - repeat 2,queue-depth detector,queue depth,8.0,2,94.522,4334,4142,192,,ok
queue depth 8 - repeat 2,queue-depth detector,queue depth,8.0,2,95.029,4355,4163,192,,ok
queue depth 8 - repeat 2,queue-depth detector,queue depth,8.0,2,95.538,4381,4189,192,,ok
queue depth 8 - repeat 2,queue-depth detector,queue depth,8.0,2,96.047,4439,4247,192,,ok
queue depth 8 - repeat 2,queue-depth detector,queue depth,8.0,2,96.504,4455,4264,191,,ok
queue depth 8 - repeat 2,queue-depth detector,queue depth,8.0,2,97.022,4462,4270,192,,ok
queue depth 8 - repeat 2,queue-depth detector,queue depth,8.0,2,97.532,4482,4291,191,,ok
queue depth 8 - repeat 2,queue-depth detector,queue depth,8.0,2,98.041,4509,4319,190,,ok
queue depth 8 - repeat 2,queue-depth detector,queue depth,8.0,2,98.508,4567,4375,192,,ok
queue depth 8 - repeat 2,queue-depth detector,queue depth,8.0,2,99.019,4583,4392,191,,ok
queue depth 8 - repeat 2,queue-depth detector,queue depth,8.0,2,99.56,4590,4398,192,,ok
queue depth 8 - repeat 2,queue-depth detector,queue depth,8.0,2,100.027,4611,4419,192,,ok
queue depth 8 - repeat 2,queue-depth detector,queue depth,8.0,2,100.537,4637,4447,190,,ok
queue depth 8 - repeat 2,queue-depth detector,queue depth,8.0,2,101.047,4695,4508,187,,ok
queue depth 8 - repeat 2,queue-depth detector,queue depth,8.0,2,101.511,4711,4520,191,,ok
queue depth 8 - repeat 2,queue-depth detector,queue depth,8.0,2,102.047,4718,4527,191,,ok
queue depth 8 - repeat 2,queue-depth detector,queue depth,8.0,2,102.505,4738,4547,191,,ok
queue depth 8 - repeat 2,queue-depth detector,queue depth,8.0,2,103.014,4765,4573,192,,ok
queue depth 8 - repeat 2,queue-depth detector,queue depth,8.0,2,103.521,4823,4636,187,,ok
queue depth 8 - repeat 2,queue-depth detector,queue depth,8.0,2,104.033,4839,4649,190,,ok
queue depth 8 - repeat 2,queue-depth detector,queue depth,8.0,2,104.541,4846,4654,192,,ok
queue depth 8 - repeat 2,queue-depth detector,queue depth,8.0,2,105.049,4866,4675,191,,ok
queue depth 8 - repeat 2,queue-depth detector,queue depth,8.0,2,105.507,4893,4701,192,,ok
queue depth 8 - repeat 2,queue-depth detector,queue depth,8.0,2,106.029,4893,4701,192,,ok
queue depth 8 - repeat 2,queue-depth detector,queue depth,8.0,2,106.52,4967,4775,192,,ok
queue depth 8 - repeat 2,queue-depth detector,queue depth,8.0,2,107.042,4974,4782,192,,ok
queue depth 8 - repeat 2,queue-depth detector,queue depth,8.0,2,107.503,4985,4802,183,,ok
queue depth 8 - repeat 2,queue-depth detector,queue depth,8.0,2,108.027,5013,4829,184,,ok
queue depth 8 - repeat 2,queue-depth detector,queue depth,8.0,2,108.536,5064,4879,185,,ok
queue depth 8 - repeat 2,queue-depth detector,queue depth,8.0,2,109.044,5091,4903,188,,ok
queue depth 8 - repeat 2,queue-depth detector,queue depth,8.0,2,109.511,5102,4910,192,,ok
queue depth 8 - repeat 2,queue-depth detector,queue depth,8.0,2,110.022,5115,4923,192,,ok
queue depth 8 - repeat 2,queue-depth detector,queue depth,8.0,2,110.529,5143,4953,190,,ok
queue depth 8 - repeat 2,queue-depth detector,queue depth,8.0,2,111.037,5192,5007,185,,ok
queue depth 8 - repeat 2,queue-depth detector,queue depth,8.0,2,111.547,5219,5031,188,,ok
queue depth 8 - repeat 2,queue-depth detector,queue depth,8.0,2,112.005,5227,5035,192,,ok
queue depth 8 - repeat 2,queue-depth detector,queue depth,8.0,2,112.521,5241,5051,190,,ok
queue depth 8 - repeat 2,queue-depth detector,queue depth,8.0,2,113.028,5269,5077,192,,ok
queue depth 8 - repeat 2,queue-depth detector,queue depth,8.0,2,113.541,5305,5118,187,,ok
queue depth 8 - repeat 2,queue-depth detector,queue depth,8.0,2,114.031,5344,5155,189,,ok
queue depth 8 - repeat 2,queue-depth detector,queue depth,8.0,2,114.514,5356,5165,191,,ok
queue depth 8 - repeat 2,queue-depth detector,queue depth,8.0,2,115.022,5367,5175,192,,ok
queue depth 8 - repeat 2,queue-depth detector,queue depth,8.0,2,115.534,5393,5206,187,,ok
queue depth 8 - repeat 2,queue-depth detector,queue depth,8.0,2,116.035,5418,5226,192,,ok
queue depth 8 - repeat 2,queue-depth detector,queue depth,8.0,2,116.512,5469,5277,192,,ok
queue depth 8 - repeat 2,queue-depth detector,queue depth,8.0,2,117.037,5484,5292,192,,ok
queue depth 8 - repeat 2,queue-depth detector,queue depth,8.0,2,117.542,5495,5305,190,,ok
queue depth 8 - repeat 2,queue-depth detector,queue depth,8.0,2,118.047,5522,5333,189,,ok
queue depth 8 - repeat 2,queue-depth detector,queue depth,8.0,2,118.506,5544,5365,179,,ok
queue depth 8 - repeat 2,queue-depth detector,queue depth,8.0,2,119.031,5597,5408,189,,ok
queue depth 8 - repeat 2,queue-depth detector,queue depth,8.0,2,119.536,5611,5420,191,,ok
queue depth 8 - repeat 2,queue-depth detector,queue depth,8.0,2,120.022,5623,5431,192,,ok
queue depth 8 - repeat 2,queue-depth detector,queue depth,8.0,2,120.528,5647,5455,192,,ok
queue depth 8 - repeat 2,queue-depth detector,queue depth,8.0,2,121.037,5674,5482,192,,ok
queue depth 8 - repeat 2,queue-depth detector,queue depth,8.0,2,121.51,5725,5533,192,,ok
queue depth 8 - repeat 2,queue-depth detector,queue depth,8.0,2,122.018,5739,5548,191,,ok
queue depth 8 - repeat 2,queue-depth detector,queue depth,8.0,2,122.535,5751,5560,191,,ok
queue depth 8 - repeat 2,queue-depth detector,queue depth,8.0,2,123.046,5773,5583,190,,ok
queue depth 8 - repeat 2,queue-depth detector,queue depth,8.0,2,123.509,5800,5610,190,,ok
queue depth 8 - repeat 2,queue-depth detector,queue depth,8.0,2,124.037,5853,5661,192,,ok
queue depth 8 - repeat 2,queue-depth detector,queue depth,8.0,2,124.5,5867,5675,192,,ok
queue depth 8 - repeat 2,queue-depth detector,queue depth,8.0,2,125.009,5879,5687,192,,ok
queue depth 8 - repeat 2,queue-depth detector,queue depth,8.0,2,125.517,5891,5709,182,,ok
queue depth 8 - repeat 2,queue-depth detector,queue depth,8.0,2,126.025,5928,5736,192,,ok
queue depth 8 - repeat 2,queue-depth detector,queue depth,8.0,2,126.547,5975,5789,186,,ok
queue depth 8 - repeat 2,queue-depth detector,queue depth,8.0,2,127.016,5995,5803,192,,ok
queue depth 8 - repeat 2,queue-depth detector,queue depth,8.0,2,127.522,6006,5815,191,,ok
queue depth 8 - repeat 2,queue-depth detector,queue depth,8.0,2,128.033,6029,5837,192,,ok
queue depth 8 - repeat 2,queue-depth detector,queue depth,8.0,2,128.54,6056,5864,192,,ok
queue depth 8 - repeat 2,queue-depth detector,queue depth,8.0,2,129.047,6095,5903,192,,ok
queue depth 8 - repeat 2,queue-depth detector,queue depth,8.0,2,129.509,6103,5917,186,,ok
queue depth 8 - repeat 2,queue-depth detector,queue depth,8.0,2,130.018,6122,5932,190,,ok
queue depth 8 - repeat 2,queue-depth detector,queue depth,8.0,2,130.54,6134,5943,191,,ok
queue depth 8 - repeat 2,queue-depth detector,queue depth,8.0,2,131.009,6147,5955,192,,ok
queue depth 8 - repeat 2,queue-depth detector,queue depth,8.0,2,131.5,6184,5992,192,,ok
queue depth 8 - repeat 2,queue-depth detector,queue depth,8.0,2,132.016,6231,6045,186,,ok
queue depth 8 - repeat 2,queue-depth detector,queue depth,8.0,2,132.521,6249,6059,190,,ok
queue depth 8 - repeat 2,queue-depth detector,queue depth,8.0,2,133.042,6262,6071,191,,ok
queue depth 8 - repeat 2,queue-depth detector,queue depth,8.0,2,133.5,6275,6083,192,,ok
queue depth 8 - repeat 2,queue-depth detector,queue depth,8.0,2,134.011,6303,6120,183,,ok
queue depth 8 - repeat 2,queue-depth detector,queue depth,8.0,2,134.521,6359,6167,192,,ok
queue depth 8 - repeat 2,queue-depth detector,queue depth,8.0,2,135.03,6375,6184,191,,ok
queue depth 8 - repeat 2,queue-depth detector,queue depth,8.0,2,135.538,6382,6190,192,,ok
queue depth 8 - repeat 2,queue-depth detector,queue depth,8.0,2,136.045,6403,6211,192,,ok
queue depth 8 - repeat 2,queue-depth detector,queue depth,8.0,2,136.502,6423,6237,186,,ok
queue depth 8 - repeat 2,queue-depth detector,queue depth,8.0,2,137.01,6457,6266,191,,ok
queue depth 8 - repeat 2,queue-depth detector,queue depth,8.0,2,137.52,6499,6307,192,,ok
queue depth 8 - repeat 2,queue-depth detector,queue depth,8.0,2,138.026,6510,6318,192,,ok
queue depth 8 - repeat 2,queue-depth detector,queue depth,8.0,2,138.513,6523,6338,185,,ok
queue depth 8 - repeat 2,queue-depth detector,queue depth,8.0,2,139.017,6551,6365,186,,ok
queue depth 8 - repeat 2,queue-depth detector,queue depth,8.0,2,139.503,6583,6401,182,,ok
queue depth 8 - repeat 2,queue-depth detector,queue depth,8.0,2,140.025,6627,6439,188,,ok
queue depth 8 - repeat 2,queue-depth detector,queue depth,8.0,2,140.535,6636,6446,190,,ok
queue depth 8 - repeat 2,queue-depth detector,queue depth,8.0,2,141.043,6649,6466,183,,ok
queue depth 8 - repeat 2,queue-depth detector,queue depth,8.0,2,141.5,6677,6485,192,,ok
queue depth 8 - repeat 2,queue-depth detector,queue depth,8.0,2,142.009,6711,6519,192,,ok
queue depth 8 - repeat 2,queue-depth detector,queue depth,8.0,2,142.536,6755,6563,192,,ok
queue depth 8 - repeat 2,queue-depth detector,queue depth,8.0,2,143.007,6764,6574,190,,ok
queue depth 8 - repeat 2,queue-depth detector,queue depth,8.0,2,143.508,6777,6585,192,,ok
queue depth 8 - repeat 2,queue-depth detector,queue depth,8.0,2,144.015,6805,6615,190,,ok
queue depth 8 - repeat 2,queue-depth detector,queue depth,8.0,2,144.538,6839,6649,190,,ok
queue depth 8 - repeat 2,queue-depth detector,queue depth,8.0,2,145.006,6877,6688,189,,ok
queue depth 8 - repeat 2,queue-depth detector,queue depth,8.0,2,145.516,6892,6701,191,,ok
queue depth 8 - repeat 2,queue-depth detector,queue depth,8.0,2,146.058,6903,6711,192,,ok
queue depth 8 - repeat 2,queue-depth detector,queue depth,8.0,2,146.501,6925,6741,184,,ok
queue depth 8 - repeat 2,queue-depth detector,queue depth,8.0,2,147.035,6952,6775,177,,ok
queue depth 8 - repeat 2,queue-depth detector,queue depth,8.0,2,147.545,6999,6813,186,,ok
queue depth 8 - repeat 2,queue-depth detector,queue depth,8.0,2,148.003,7019,6827,192,,ok
queue depth 8 - repeat 2,queue-depth detector,queue depth,8.0,2,148.512,7031,6839,192,,ok
queue depth 8 - repeat 2,queue-depth detector,queue depth,8.0,2,149.019,7053,6861,192,,ok
queue depth 8 - repeat 2,queue-depth detector,queue depth,8.0,2,149.526,7080,6888,192,,ok
queue depth 8 - repeat 2,queue-depth detector,queue depth,8.0,2,150.033,7125,6935,190,,ok
queue depth 8 - repeat 2,queue-depth detector,queue depth,8.0,2,150.547,7143,6955,188,,ok
queue depth 8 - repeat 2,queue-depth detector,queue depth,8.0,2,151.023,7150,6967,183,,ok
queue depth 8 - repeat 2,queue-depth detector,queue depth,8.0,2,151.533,7171,6989,182,,ok
queue depth 8 - repeat 2,queue-depth detector,queue depth,8.0,2,152.045,7199,7016,183,,ok
queue depth 8 - repeat 2,queue-depth detector,queue depth,8.0,2,152.508,7235,7043,192,,ok
queue depth 8 - repeat 2,queue-depth detector,queue depth,8.0,2,153.03,7273,7081,192,,ok
queue depth 8 - repeat 2,queue-depth detector,queue depth,8.0,2,153.661,7278,7095,183,,ok
queue depth 8 - repeat 2,queue-depth detector,queue depth,8.0,2,154.003,7299,7107,192,,ok
queue depth 8 - repeat 2,queue-depth detector,queue depth,8.0,2,154.538,7325,7135,190,,ok
queue depth 8 - repeat 2,queue-depth detector,queue depth,8.0,2,155.015,7363,7172,191,,ok
queue depth 8 - repeat 2,queue-depth detector,queue depth,8.0,2,155.528,7399,7209,190,,ok
queue depth 8 - repeat 2,queue-depth detector,queue depth,8.0,2,156.047,7406,7214,192,,ok
queue depth 8 - repeat 2,queue-depth detector,queue depth,8.0,2,156.504,7426,7235,191,,ok
queue depth 8 - repeat 2,queue-depth detector,queue depth,8.0,2,157.016,7453,7261,192,,ok
queue depth 8 - repeat 2,queue-depth detector,queue depth,8.0,2,157.532,7491,7299,192,,ok
queue depth 8 - repeat 2,queue-depth detector,queue depth,8.0,2,158.045,7527,7335,192,,ok
queue depth 8 - repeat 2,queue-depth detector,queue depth,8.0,2,158.501,7534,7342,192,,ok
queue depth 8 - repeat 2,queue-depth detector,queue depth,8.0,2,159.007,7547,7355,192,,ok
queue depth 8 - repeat 2,queue-depth detector,queue depth,8.0,2,159.513,7575,7388,187,,ok
queue depth 8 - repeat 2,queue-depth detector,queue depth,8.0,2,160.028,7607,7416,191,,ok
queue depth 8 - repeat 2,queue-depth detector,queue depth,8.0,2,160.534,7639,7448,191,,ok
queue depth 8 - repeat 2,queue-depth detector,queue depth,8.0,2,161.002,7660,7468,192,,ok
queue depth 8 - repeat 2,queue-depth detector,queue depth,8.0,2,161.529,7673,7482,191,,ok
queue depth 8 - repeat 2,queue-depth detector,queue depth,8.0,2,162.045,7701,7511,190,,ok
queue depth 8 - repeat 2,queue-depth detector,queue depth,8.0,2,162.505,7720,7528,192,,ok
queue depth 8 - repeat 2,queue-depth detector,queue depth,8.0,2,163.022,7760,7568,192,,ok
queue depth 8 - repeat 2,queue-depth detector,queue depth,8.0,2,163.53,7788,7596,192,,ok
queue depth 8 - repeat 2,queue-depth detector,queue depth,8.0,2,164.039,7799,7607,192,,ok
queue depth 8 - repeat 2,queue-depth detector,queue depth,8.0,2,164.511,7821,7630,191,,ok
queue depth 8 - repeat 2,queue-depth detector,queue depth,8.0,2,165.029,7850,7671,179,,ok
queue depth 8 - repeat 2,queue-depth detector,queue depth,8.0,2,165.538,7893,7701,192,,ok
queue depth 8 - repeat 2,queue-depth detector,queue depth,8.0,2,166.046,7916,7724,192,,ok
queue depth 8 - repeat 2,queue-depth detector,queue depth,8.0,2,166.502,7927,7735,192,,ok
queue depth 8 - repeat 2,queue-depth detector,queue depth,8.0,2,167.046,7949,7757,192,,ok
queue depth 8 - repeat 2,queue-depth detector,queue depth,8.0,2,167.504,7978,7799,179,,ok
queue depth 8 - repeat 2,queue-depth detector,queue depth,8.0,2,168.022,8021,7829,192,,ok
queue depth 8 - repeat 2,queue-depth detector,queue depth,8.0,2,168.535,8043,7851,192,,ok
queue depth 8 - repeat 2,queue-depth detector,queue depth,8.0,2,169.003,8055,7863,192,,ok
queue depth 8 - repeat 2,queue-depth detector,queue depth,8.0,2,169.523,8077,7885,192,,ok
queue depth 8 - repeat 2,queue-depth detector,queue depth,8.0,2,170.031,8106,7914,192,,ok
queue depth 8 - repeat 2,queue-depth detector,queue depth,8.0,2,170.545,8149,7957,192,,ok
queue depth 8 - repeat 2,queue-depth detector,queue depth,8.0,2,171.005,8172,7980,192,,ok
queue depth 8 - repeat 2,queue-depth detector,queue depth,8.0,2,171.512,8183,7993,190,,ok
queue depth 8 - repeat 2,queue-depth detector,queue depth,8.0,2,172.02,8205,8013,192,,ok
queue depth 8 - repeat 2,queue-depth detector,queue depth,8.0,2,172.529,8234,8055,179,,ok
queue depth 8 - repeat 2,queue-depth detector,queue depth,8.0,2,173.038,8269,8085,184,,ok
queue depth 8 - repeat 2,queue-depth detector,queue depth,8.0,2,173.554,8299,8108,191,,ok
queue depth 8 - repeat 2,queue-depth detector,queue depth,8.0,2,174.013,8311,8119,192,,ok
queue depth 8 - repeat 2,queue-depth detector,queue depth,8.0,2,174.524,8333,8141,192,,ok
queue depth 8 - repeat 2,queue-depth detector,queue depth,8.0,2,175.038,8362,8183,179,,ok
queue depth 8 - repeat 2,queue-depth detector,queue depth,8.0,2,175.509,8400,8213,187,,ok
queue depth 8 - repeat 2,queue-depth detector,queue depth,8.0,2,176.046,8428,8236,192,,ok
queue depth 8 - repeat 2,queue-depth detector,queue depth,8.0,2,176.541,8439,8249,190,,ok
queue depth 8 - repeat 2,queue-depth detector,queue depth,8.0,2,177.003,8461,8269,192,,ok
queue depth 8 - repeat 2,queue-depth detector,queue depth,8.0,2,177.534,8503,8311,192,,ok
queue depth 8 - repeat 2,queue-depth detector,queue depth,8.0,2,178.044,8533,8341,192,,ok
queue depth 8 - repeat 2,queue-depth detector,queue depth,8.0,2,178.501,8556,8364,192,,ok
queue depth 8 - repeat 2,queue-depth detector,queue depth,8.0,2,179.006,8566,8377,189,,ok
queue depth 8 - repeat 2,queue-depth detector,queue depth,8.0,2,179.516,8583,8397,186,,ok
queue depth 8 - repeat 3,queue-depth detector,queue depth,8.0,3,0.0,0,0,0,,ok
queue depth 8 - repeat 3,queue-depth detector,queue depth,8.0,3,0.52,3,0,3,,ok
queue depth 8 - repeat 3,queue-depth detector,queue depth,8.0,3,1.047,6,1,5,,ok
queue depth 8 - repeat 3,queue-depth detector,queue depth,8.0,3,1.509,10,1,9,,ok
queue depth 8 - repeat 3,queue-depth detector,queue depth,8.0,3,2.023,17,5,12,,ok
queue depth 8 - repeat 3,queue-depth detector,queue depth,8.0,3,2.538,24,9,15,,ok
queue depth 8 - repeat 3,queue-depth detector,queue depth,8.0,3,3.009,33,14,19,,ok
queue depth 8 - repeat 3,queue-depth detector,queue depth,8.0,3,3.528,42,20,22,,ok
queue depth 8 - repeat 3,queue-depth detector,queue depth,8.0,3,4.034,48,23,25,,ok
queue depth 8 - repeat 3,queue-depth detector,queue depth,8.0,3,4.503,62,34,28,,ok
queue depth 8 - repeat 3,queue-depth detector,queue depth,8.0,3,5.037,73,41,32,,ok
queue depth 8 - repeat 3,queue-depth detector,queue depth,8.0,3,5.55,82,47,35,,ok
queue depth 8 - repeat 3,queue-depth detector,queue depth,8.0,3,6.006,97,59,38,,ok
queue depth 8 - repeat 3,queue-depth detector,queue depth,8.0,3,6.513,113,73,40,,ok
queue depth 8 - repeat 3,queue-depth detector,queue depth,8.0,3,7.021,126,81,45,,ok
queue depth 8 - repeat 3,queue-depth detector,queue depth,8.0,3,7.54,144,96,48,,ok
queue depth 8 - repeat 3,queue-depth detector,queue depth,8.0,3,8.047,149,99,50,,ok
queue depth 8 - repeat 3,queue-depth detector,queue depth,8.0,3,8.503,157,103,54,,ok
queue depth 8 - repeat 3,queue-depth detector,queue depth,8.0,3,9.012,180,144,36,,ok
queue depth 8 - repeat 3,queue-depth detector,queue depth,8.0,3,9.52,209,148,61,,ok
queue depth 8 - repeat 3,queue-depth detector,queue depth,8.0,3,10.028,214,150,64,,ok
queue depth 8 - repeat 3,queue-depth detector,queue depth,8.0,3,10.533,222,155,67,,ok
queue depth 8 - repeat 3,queue-depth detector,queue depth,8.0,3,11.024,248,187,61,,ok
queue depth 8 - repeat 3,queue-depth detector,queue depth,8.0,3,11.54,280,210,70,,ok
queue depth 8 - repeat 3,queue-depth detector,queue depth,8.0,3,12.0,288,213,75,,ok
queue depth 8 - repeat 3,queue-depth detector,queue depth,8.0,3,12.55,300,221,79,,ok
queue depth 8 - repeat 3,queue-depth detector,queue depth,8.0,3,13.017,312,229,83,,ok
queue depth 8 - repeat 3,queue-depth detector,queue depth,8.0,3,13.533,366,283,83,,ok
queue depth 8 - repeat 3,queue-depth detector,queue depth,8.0,3,14.004,376,287,89,,ok
queue depth 8 - repeat 3,queue-depth detector,queue depth,8.0,3,14.512,390,297,93,,ok
queue depth 8 - repeat 3,queue-depth detector,queue depth,8.0,3,15.031,406,310,96,,ok
queue depth 8 - repeat 3,queue-depth detector,queue depth,8.0,3,15.54,469,370,99,,ok
queue depth 8 - repeat 3,queue-depth detector,queue depth,8.0,3,16.049,477,375,102,,ok
queue depth 8 - repeat 3,queue-depth detector,queue depth,8.0,3,16.507,482,377,105,,ok
queue depth 8 - repeat 3,queue-depth detector,queue depth,8.0,3,17.015,490,386,104,,ok
queue depth 8 - repeat 3,queue-depth detector,queue depth,8.0,3,17.523,505,393,112,,ok
queue depth 8 - repeat 3,queue-depth detector,queue depth,8.0,3,18.033,508,393,115,,ok
queue depth 8 - repeat 3,queue-depth detector,queue depth,8.0,3,18.54,515,405,110,,ok
queue depth 8 - repeat 3,queue-depth detector,queue depth,8.0,3,19.046,547,426,121,,ok
queue depth 8 - repeat 3,queue-depth detector,queue depth,8.0,3,19.503,561,437,124,,ok
queue depth 8 - repeat 3,queue-depth detector,queue depth,8.0,3,20.024,585,464,121,,ok
queue depth 8 - repeat 3,queue-depth detector,queue depth,8.0,3,20.554,609,507,102,,ok
queue depth 8 - repeat 3,queue-depth detector,queue depth,8.0,3,21.044,647,513,134,,ok
queue depth 8 - repeat 3,queue-depth detector,queue depth,8.0,3,21.535,669,539,130,,ok
queue depth 8 - repeat 3,queue-depth detector,queue depth,8.0,3,22.032,693,553,140,,ok
queue depth 8 - repeat 3,queue-depth detector,queue depth,8.0,3,22.527,715,575,140,,ok
queue depth 8 - repeat 3,queue-depth detector,queue depth,8.0,3,23.05,746,599,147,,ok
queue depth 8 - repeat 3,queue-depth detector,queue depth,8.0,3,23.51,768,631,137,,ok
queue depth 8 - repeat 3,queue-depth detector,queue depth,8.0,3,24.021,800,651,149,,ok
queue depth 8 - repeat 3,queue-depth detector,queue depth,8.0,3,24.53,824,676,148,,ok
queue depth 8 - repeat 3,queue-depth detector,queue depth,8.0,3,25.01,855,695,160,,ok
queue depth 8 - repeat 3,queue-depth detector,queue depth,8.0,3,25.548,885,722,163,,ok
queue depth 8 - repeat 3,queue-depth detector,queue depth,8.0,3,26.016,910,746,164,,ok
queue depth 8 - repeat 3,queue-depth detector,queue depth,8.0,3,26.508,939,772,167,,ok
queue depth 8 - repeat 3,queue-depth detector,queue depth,8.0,3,27.032,964,791,173,,ok
queue depth 8 - repeat 3,queue-depth detector,queue depth,8.0,3,27.543,993,817,176,,ok
queue depth 8 - repeat 3,queue-depth detector,queue depth,8.0,3,28.004,1010,831,179,,ok
queue depth 8 - repeat 3,queue-depth detector,queue depth,8.0,3,28.514,1013,839,174,,ok
queue depth 8 - repeat 3,queue-depth detector,queue depth,8.0,3,29.026,1075,897,178,,ok
queue depth 8 - repeat 3,queue-depth detector,queue depth,8.0,3,29.533,1100,917,183,,ok
queue depth 8 - repeat 3,queue-depth detector,queue depth,8.0,3,30.05,1129,937,192,,ok
queue depth 8 - repeat 3,queue-depth detector,queue depth,8.0,3,30.582,1147,959,188,,ok
queue depth 8 - repeat 3,queue-depth detector,queue depth,8.0,3,31.019,1175,983,192,,ok
queue depth 8 - repeat 3,queue-depth detector,queue depth,8.0,3,31.516,1201,1009,192,,ok
queue depth 8 - repeat 3,queue-depth detector,queue depth,8.0,3,32.005,1223,1035,188,,ok
queue depth 8 - repeat 3,queue-depth detector,queue depth,8.0,3,32.614,1239,1061,178,,ok
queue depth 8 - repeat 3,queue-depth detector,queue depth,8.0,3,33.047,1265,1079,186,,ok
queue depth 8 - repeat 3,queue-depth detector,queue depth,8.0,3,33.577,1287,1105,182,,ok
queue depth 8 - repeat 3,queue-depth detector,queue depth,8.0,3,34.002,1311,1122,189,,ok
queue depth 8 - repeat 3,queue-depth detector,queue depth,8.0,3,34.536,1345,1154,191,,ok
queue depth 8 - repeat 3,queue-depth detector,queue depth,8.0,3,35.001,1359,1167,192,,ok
queue depth 8 - repeat 3,queue-depth detector,queue depth,8.0,3,35.525,1385,1193,192,,ok
queue depth 8 - repeat 3,queue-depth detector,queue depth,8.0,3,36.035,1412,1220,192,,ok
queue depth 8 - repeat 3,queue-depth detector,queue depth,8.0,3,36.541,1432,1240,192,,ok
queue depth 8 - repeat 3,queue-depth detector,queue depth,8.0,3,37.049,1462,1270,192,,ok
queue depth 8 - repeat 3,queue-depth detector,queue depth,8.0,3,37.507,1481,1291,190,,ok
queue depth 8 - repeat 3,queue-depth detector,queue depth,8.0,3,38.016,1507,1317,190,,ok
queue depth 8 - repeat 3,queue-depth detector,queue depth,8.0,3,38.523,1527,1335,192,,ok
queue depth 8 - repeat 3,queue-depth detector,queue depth,8.0,3,39.035,1551,1361,190,,ok
queue depth 8 - repeat 3,queue-depth detector,queue depth,8.0,3,39.542,1570,1386,184,,ok
queue depth 8 - repeat 3,queue-depth detector,queue depth,8.0,3,40.011,1599,1409,190,,ok
queue depth 8 - repeat 3,queue-depth detector,queue depth,8.0,3,40.533,1611,1428,183,,ok
queue depth 8 - repeat 3,queue-depth detector,queue depth,8.0,3,41.029,1640,1449,191,,ok
queue depth 8 - repeat 3,queue-depth detector,queue depth,8.0,3,41.545,1663,1477,186,,ok
queue depth 8 - repeat 3,queue-depth detector,queue depth,8.0,3,42.031,1687,1495,192,,ok
queue depth 8 - repeat 3,queue-depth detector,queue depth,8.0,3,42.53,1713,1521,192,,ok
queue depth 8 - repeat 3,queue-depth detector,queue depth,8.0,3,43.052,1735,1543,192,,ok
queue depth 8 - repeat 3,queue-depth detector,queue depth,8.0,3,43.519,1751,1563,188,,ok
queue depth 8 - repeat 3,queue-depth detector,queue depth,8.0,3,44.036,1778,1589,189,,ok
queue depth 8 - repeat 3,queue-depth detector,queue depth,8.0,3,44.547,1802,1615,187,,ok
queue depth 8 - repeat 3,queue-depth detector,queue depth,8.0,3,45.025,1817,1631,186,,ok
queue depth 8 - repeat 3,queue-depth detector,queue depth,8.0,3,45.538,1846,1663,183,,ok
queue depth 8 - repeat 3,queue-depth detector,queue depth,8.0,3,46.001,1867,1675,192,,ok
queue depth 8 - repeat 3,queue-depth detector,queue depth,8.0,3,46.511,1896,1704,192,,ok
queue depth 8 - repeat 3,queue-depth detector,queue depth,8.0,3,47.033,1915,1723,192,,ok
queue depth 8 - repeat 3,queue-depth detector,queue depth,8.0,3,47.542,1943,1751,192,,ok
queue depth 8 - repeat 3,queue-depth detector,queue depth,8.0,3,48.05,1964,1777,187,,ok
queue depth 8 - repeat 3,queue-depth detector,queue depth,8.0,3,48.508,1986,1796,190,,ok
queue depth 8 - repeat 3,queue-depth detector,queue depth,8.0,3,49.021,2007,1815,192,,ok
queue depth 8 - repeat 3,queue-depth detector,queue depth,8.0,3,49.528,2032,1841,191,,ok
queue depth 8 - repeat 3,queue-depth detector,queue depth,8.0,3,50.038,2055,1863,192,,ok
queue depth 8 - repeat 3,queue-depth detector,queue depth,8.0,3,50.506,2071,1879,192,,ok
queue depth 8 - repeat 3,queue-depth detector,queue depth,8.0,3,51.041,2079,1888,191,,ok
queue depth 8 - repeat 3,queue-depth detector,queue depth,8.0,3,51.511,2119,1931,188,,ok
queue depth 8 - repeat 3,queue-depth detector,queue depth,8.0,3,52.05,2152,1960,192,,ok
queue depth 8 - repeat 3,queue-depth detector,queue depth,8.0,3,52.555,2167,1979,188,,ok
queue depth 8 - repeat 3,queue-depth detector,queue depth,8.0,3,53.023,2191,1999,192,,ok
queue depth 8 - repeat 3,queue-depth detector,queue depth,8.0,3,53.536,2216,2024,192,,ok
queue depth 8 - repeat 3,queue-depth detector,queue depth,8.0,3,54.044,2242,2050,192,,ok
queue depth 8 - repeat 3,queue-depth detector,queue depth,8.0,3,54.501,2260,2071,189,,ok
queue depth 8 - repeat 3,queue-depth detector,queue depth,8.0,3,55.031,2281,2089,192,,ok
queue depth 8 - repeat 3,queue-depth detector,queue depth,8.0,3,55.511,2295,2119,176,,ok
queue depth 8 - repeat 3,queue-depth detector,queue depth,8.0,3,56.006,2327,2136,191,,ok
queue depth 8 - repeat 3,queue-depth detector,queue depth,8.0,3,56.567,2356,2166,190,,ok
queue depth 8 - repeat 3,queue-depth detector,queue depth,8.0,3,57.032,2375,2183,192,,ok
queue depth 8 - repeat 3,queue-depth detector,queue depth,8.0,3,57.539,2395,2203,192,,ok
queue depth 8 - repeat 3,queue-depth detector,queue depth,8.0,3,58.047,2423,2231,192,,ok
queue depth 8 - repeat 3,queue-depth detector,queue depth,8.0,3,58.52,2447,2255,192,,ok
queue depth 8 - repeat 3,queue-depth detector,queue depth,8.0,3,59.028,2466,2280,186,,ok
queue depth 8 - repeat 3,queue-depth detector,queue depth,8.0,3,59.501,2495,2305,190,,ok
queue depth 8 - repeat 3,queue-depth detector,queue depth,8.0,3,60.021,2511,2324,187,,ok
queue depth 8 - repeat 3,queue-depth detector,queue depth,8.0,3,60.604,2537,2349,188,,ok
queue depth 8 - repeat 3,queue-depth detector,queue depth,8.0,3,61.007,2559,2367,192,,ok
queue depth 8 - repeat 3,queue-depth detector,queue depth,8.0,3,61.654,2583,2399,184,,ok
queue depth 8 - repeat 3,queue-depth detector,queue depth,8.0,3,62.023,2608,2422,186,,ok
queue depth 8 - repeat 3,queue-depth detector,queue depth,8.0,3,62.549,2632,2443,189,,ok
queue depth 8 - repeat 3,queue-depth detector,queue depth,8.0,3,63.024,2647,2461,186,,ok
queue depth 8 - repeat 3,queue-depth detector,queue depth,8.0,3,63.541,2673,2487,186,,ok
queue depth 8 - repeat 3,queue-depth detector,queue depth,8.0,3,64.0,2697,2505,192,,ok
queue depth 8 - repeat 3,queue-depth detector,queue depth,8.0,3,64.508,2719,2528,191,,ok
queue depth 8 - repeat 3,queue-depth detector,queue depth,8.0,3,65.024,2753,2561,192,,ok
queue depth 8 - repeat 3,queue-depth detector,queue depth,8.0,3,65.5,2767,2580,187,,ok
queue depth 8 - repeat 3,queue-depth detector,queue depth,8.0,3,66.036,2793,2608,185,,ok
queue depth 8 - repeat 3,queue-depth detector,queue depth,8.0,3,66.522,2811,2629,182,,ok
queue depth 8 - repeat 3,queue-depth detector,queue depth,8.0,3,67.031,2839,2649,190,,ok
queue depth 8 - repeat 3,queue-depth detector,queue depth,8.0,3,67.539,2864,2675,189,,ok
queue depth 8 - repeat 3,queue-depth detector,queue depth,8.0,3,68.049,2888,2699,189,,ok
queue depth 8 - repeat 3,queue-depth detector,queue depth,8.0,3,68.505,2907,2722,185,,ok
queue depth 8 - repeat 3,queue-depth detector,queue depth,8.0,3,69.015,2935,2743,192,,ok
queue depth 8 - repeat 3,queue-depth detector,queue depth,8.0,3,69.522,2959,2769,190,,ok
queue depth 8 - repeat 3,queue-depth detector,queue depth,8.0,3,70.019,2978,2792,186,,ok
queue depth 8 - repeat 3,queue-depth detector,queue depth,8.0,3,70.555,3010,2820,190,,ok
queue depth 8 - repeat 3,queue-depth detector,queue depth,8.0,3,71.01,3028,2839,189,,ok
queue depth 8 - repeat 3,queue-depth detector,queue depth,8.0,3,71.567,3056,2865,191,,ok
queue depth 8 - repeat 3,queue-depth detector,queue depth,8.0,3,72.267,3057,2889,168,,ok
queue depth 8 - repeat 3,queue-depth detector,queue depth,8.0,3,72.574,3097,2911,186,,ok
queue depth 8 - repeat 3,queue-depth detector,queue depth,8.0,3,73.026,3121,2938,183,,ok
queue depth 8 - repeat 3,queue-depth detector,queue depth,8.0,3,73.601,3146,2959,187,,ok
queue depth 8 - repeat 3,queue-depth detector,queue depth,8.0,3,74.021,3169,2978,191,,ok
queue depth 8 - repeat 3,queue-depth detector,queue depth,8.0,3,74.514,3191,2999,192,,ok
queue depth 8 - repeat 3,queue-depth detector,queue depth,8.0,3,75.037,3217,3025,192,,ok
queue depth 8 - repeat 3,queue-depth detector,queue depth,8.0,3,75.501,3240,3052,188,,ok
queue depth 8 - repeat 3,queue-depth detector,queue depth,8.0,3,76.019,3266,3076,190,,ok
queue depth 8 - repeat 3,queue-depth detector,queue depth,8.0,3,76.505,3287,3095,192,,ok
queue depth 8 - repeat 3,queue-depth detector,queue depth,8.0,3,77.028,3313,3121,192,,ok
queue depth 8 - repeat 3,queue-depth detector,queue depth,8.0,3,77.539,3335,3143,192,,ok
queue depth 8 - repeat 3,queue-depth detector,queue depth,8.0,3,78.009,3353,3161,192,,ok
queue depth 8 - repeat 3,queue-depth detector,queue depth,8.0,3,78.549,3383,3199,184,,ok
queue depth 8 - repeat 3,queue-depth detector,queue depth,8.0,3,79.045,3403,3211,192,,ok
queue depth 8 - repeat 3,queue-depth detector,queue depth,8.0,3,79.536,3426,3234,192,,ok
queue depth 8 - repeat 3,queue-depth detector,queue depth,8.0,3,80.036,3451,3263,188,,ok
queue depth 8 - repeat 3,queue-depth detector,queue depth,8.0,3,80.697,3474,3289,185,,ok
queue depth 8 - repeat 3,queue-depth detector,queue depth,8.0,3,81.041,3500,3312,188,,ok
queue depth 8 - repeat 3,queue-depth detector,queue depth,8.0,3,81.775,3521,3339,182,,ok
queue depth 8 - repeat 3,queue-depth detector,queue depth,8.0,3,82.195,3531,3361,170,,ok
queue depth 8 - repeat 3,queue-depth detector,queue depth,8.0,3,82.526,3561,3381,180,,ok
queue depth 8 - repeat 3,queue-depth detector,queue depth,8.0,3,83.062,3591,3401,190,,ok
queue depth 8 - repeat 3,queue-depth detector,queue depth,8.0,3,83.506,3609,3423,186,,ok
queue depth 8 - repeat 3,queue-depth detector,queue depth,8.0,3,84.051,3643,3457,186,,ok
queue depth 8 - repeat 3,queue-depth detector,queue depth,8.0,3,84.539,3659,3476,183,,ok
queue depth 8 - repeat 3,queue-depth detector,queue depth,8.0,3,85.033,3689,3497,192,,ok
queue depth 8 - repeat 3,queue-depth detector,queue depth,8.0,3,85.516,3711,3519,192,,ok
queue depth 8 - repeat 3,queue-depth detector,queue depth,8.0,3,86.032,3735,3543,192,,ok
queue depth 8 - repeat 3,queue-depth detector,queue depth,8.0,3,86.548,3752,3560,192,,ok
queue depth 8 - repeat 3,queue-depth detector,queue depth,8.0,3,87.009,3752,3560,192,,ok
queue depth 8 - repeat 3,queue-depth detector,queue depth,8.0,3,87.511,3778,3586,192,,ok
queue depth 8 - repeat 3,queue-depth detector,queue depth,8.0,3,88.033,3831,3639,192,,ok
queue depth 8 - repeat 3,queue-depth detector,queue depth,8.0,3,88.54,3849,3665,184,,ok
queue depth 8 - repeat 3,queue-depth detector,queue depth,8.0,3,89.016,3872,3680,192,,ok
queue depth 8 - repeat 3,queue-depth detector,queue depth,8.0,3,89.548,3905,3714,191,,ok
queue depth 8 - repeat 3,queue-depth detector,queue depth,8.0,3,90.023,3927,3735,192,,ok
queue depth 8 - repeat 3,queue-depth detector,queue depth,8.0,3,90.518,3952,3761,191,,ok
queue depth 8 - repeat 3,queue-depth detector,queue depth,8.0,3,91.057,3975,3783,192,,ok
queue depth 8 - repeat 3,queue-depth detector,queue depth,8.0,3,91.528,3993,3807,186,,ok
queue depth 8 - repeat 3,queue-depth detector,queue depth,8.0,3,92.026,4023,3835,188,,ok
queue depth 8 - repeat 3,queue-depth detector,queue depth,8.0,3,92.535,4043,3855,188,,ok
queue depth 8 - repeat 3,queue-depth detector,queue depth,8.0,3,93.034,4073,3881,192,,ok
queue depth 8 - repeat 3,queue-depth detector,queue depth,8.0,3,93.523,4091,3903,188,,ok
queue depth 8 - repeat 3,queue-depth detector,queue depth,8.0,3,94.0,4119,3927,192,,ok
queue depth 8 - repeat 3,queue-depth detector,queue depth,8.0,3,94.508,4140,3952,188,,ok
queue depth 8 - repeat 3,queue-depth detector,queue depth,8.0,3,95.021,4164,3976,188,,ok
queue depth 8 - repeat 3,queue-depth detector,queue depth,8.0,3,95.538,4183,4001,182,,ok
queue depth 8 - repeat 3,queue-depth detector,queue depth,8.0,3,96.048,4209,4023,186,,ok
queue depth 8 - repeat 3,queue-depth detector,queue depth,8.0,3,96.505,4233,4041,192,,ok
queue depth 8 - repeat 3,queue-depth detector,queue depth,8.0,3,97.035,4256,4064,192,,ok
queue depth 8 - repeat 3,queue-depth detector,queue depth,8.0,3,97.546,4289,4097,192,,ok
queue depth 8 - repeat 3,queue-depth detector,queue depth,8.0,3,98.016,4308,4119,189,,ok
queue depth 8 - repeat 3,queue-depth detector,queue depth,8.0,3,98.665,4329,4144,185,,ok
queue depth 8 - repeat 3,queue-depth detector,queue depth,8.0,3,99.01,4351,4165,186,,ok
queue depth 8 - repeat 3,queue-depth detector,queue depth,8.0,3,99.528,4375,4185,190,,ok
queue depth 8 - repeat 3,queue-depth detector,queue depth,8.0,3,100.042,4400,4211,189,,ok
queue depth 8 - repeat 3,queue-depth detector,queue depth,8.0,3,100.548,4420,4235,185,,ok
queue depth 8 - repeat 3,queue-depth detector,queue depth,8.0,3,101.031,4449,4257,192,,ok
queue depth 8 - repeat 3,queue-depth detector,queue depth,8.0,3,101.524,4466,4277,189,,ok
queue depth 8 - repeat 3,queue-depth detector,queue depth,8.0,3,102.03,4495,4305,190,,ok
queue depth 8 - repeat 3,queue-depth detector,queue depth,8.0,3,102.641,4514,4332,182,,ok
queue depth 8 - repeat 3,queue-depth detector,queue depth,8.0,3,103.098,4546,4359,187,,ok
queue depth 8 - repeat 3,queue-depth detector,queue depth,8.0,3,103.534,4567,4375,192,,ok
queue depth 8 - repeat 3,queue-depth detector,queue depth,8.0,3,104.516,4577,4408,169,,ok
queue depth 8 - repeat 3,queue-depth detector,queue depth,8.0,3,105.054,4631,4440,191,,ok
queue depth 8 - repeat 3,queue-depth detector,queue depth,8.0,3,105.542,4666,4475,191,,ok
queue depth 8 - repeat 3,queue-depth detector,queue depth,8.0,3,106.012,4683,4491,192,,ok
queue depth 8 - repeat 3,queue-depth detector,queue depth,8.0,3,106.52,4705,4521,184,,ok
queue depth 8 - repeat 3,queue-depth detector,queue depth,8.0,3,107.027,4731,4539,192,,ok
queue depth 8 - repeat 3,queue-depth detector,queue depth,8.0,3,107.517,4759,4567,192,,ok
queue depth 8 - repeat 3,queue-depth detector,queue depth,8.0,3,108.046,4784,4592,192,,ok
queue depth 8 - repeat 3,queue-depth detector,queue depth,8.0,3,108.515,4807,4619,188,,ok
queue depth 8 - repeat 3,queue-depth detector,queue depth,8.0,3,109.034,4827,4641,186,,ok
queue depth 8 - repeat 3,queue-depth detector,queue depth,8.0,3,109.509,4849,4662,187,,ok
queue depth 8 - repeat 3,queue-depth detector,queue depth,8.0,3,110.02,4871,4687,184,,ok
queue depth 8 - repeat 3,queue-depth detector,queue depth,8.0,3,110.529,4895,4710,185,,ok
queue depth 8 - repeat 3,queue-depth detector,queue depth,8.0,3,111.042,4929,4738,191,,ok
queue depth 8 - repeat 3,queue-depth detector,queue depth,8.0,3,111.723,4943,4763,180,,ok
queue depth 8 - repeat 3,queue-depth detector,queue depth,8.0,3,112.079,4976,4784,192,,ok
queue depth 8 - repeat 3,queue-depth detector,queue depth,8.0,3,112.503,4997,4807,190,,ok
queue depth 8 - repeat 3,queue-depth detector,queue depth,8.0,3,113.046,5017,4831,186,,ok
queue depth 8 - repeat 3,queue-depth detector,queue depth,8.0,3,113.509,5043,4858,185,,ok
queue depth 8 - repeat 3,queue-depth detector,queue depth,8.0,3,114.017,5067,4879,188,,ok
queue depth 8 - repeat 3,queue-depth detector,queue depth,8.0,3,114.537,5090,4905,185,,ok
queue depth 8 - repeat 3,queue-depth detector,queue depth,8.0,3,115.004,5115,4923,192,,ok
queue depth 8 - repeat 3,queue-depth detector,queue depth,8.0,3,115.514,5137,4951,186,,ok
queue depth 8 - repeat 3,queue-depth detector,queue depth,8.0,3,116.023,5164,4976,188,,ok
queue depth 8 - repeat 3,queue-depth detector,queue depth,8.0,3,116.531,5191,5002,189,,ok
queue depth 8 - repeat 3,queue-depth detector,queue depth,8.0,3,117.016,5207,5019,188,,ok
queue depth 8 - repeat 3,queue-depth detector,queue depth,8.0,3,117.526,5233,5041,192,,ok
queue depth 8 - repeat 3,queue-depth detector,queue depth,8.0,3,118.035,5257,5065,192,,ok
queue depth 8 - repeat 3,queue-depth detector,queue depth,8.0,3,118.51,5279,5087,192,,ok
queue depth 8 - repeat 3,queue-depth detector,queue depth,8.0,3,119.047,5313,5121,192,,ok
queue depth 8 - repeat 3,queue-depth detector,queue depth,8.0,3,119.506,5330,5140,190,,ok
queue depth 8 - repeat 3,queue-depth detector,queue depth,8.0,3,120.031,5353,5168,185,,ok
queue depth 8 - repeat 3,queue-depth detector,queue depth,8.0,3,120.549,5381,5191,190,,ok
queue depth 8 - repeat 3,queue-depth detector,queue depth,8.0,3,121.027,5399,5209,190,,ok
queue depth 8 - repeat 3,queue-depth detector,queue depth,8.0,3,121.649,5420,5243,177,,ok
queue depth 8 - repeat 3,queue-depth detector,queue depth,8.0,3,122.07,5451,5259,192,,ok
queue depth 8 - repeat 3,queue-depth detector,queue depth,8.0,3,122.536,5473,5281,192,,ok
queue depth 8 - repeat 3,queue-depth detector,queue depth,8.0,3,123.023,5493,5303,190,,ok
queue depth 8 - repeat 3,queue-depth detector,queue depth,8.0,3,123.529,5513,5327,186,,ok
queue depth 8 - repeat 3,queue-depth detector,queue depth,8.0,3,124.002,5535,5350,185,,ok
queue depth 8 - repeat 3,queue-depth detector,queue depth,8.0,3,124.547,5569,5378,191,,ok
queue depth 8 - repeat 3,queue-depth detector,queue depth,8.0,3,125.01,5588,5399,189,,ok
queue depth 8 - repeat 3,queue-depth detector,queue depth,8.0,3,125.521,5609,5417,192,,ok
queue depth 8 - repeat 3,queue-depth detector,queue depth,8.0,3,126.031,5631,5445,186,,ok
queue depth 8 - repeat 3,queue-depth detector,queue depth,8.0,3,126.549,5655,5465,190,,ok
queue depth 8 - repeat 3,queue-depth detector,queue depth,8.0,3,127.015,5679,5488,191,,ok
queue depth 8 - repeat 3,queue-depth detector,queue depth,8.0,3,127.523,5703,5515,188,,ok
queue depth 8 - repeat 3,queue-depth detector,queue depth,8.0,3,128.041,5723,5537,186,,ok
queue depth 8 - repeat 3,queue-depth detector,queue depth,8.0,3,128.52,5749,5557,192,,ok
queue depth 8 - repeat 3,queue-depth detector,queue depth,8.0,3,129.001,5769,5577,192,,ok
queue depth 8 - repeat 3,queue-depth detector,queue depth,8.0,3,129.547,5791,5601,190,,ok
queue depth 8 - repeat 3,queue-depth detector,queue depth,8.0,3,130.02,5825,5634,191,,ok
queue depth 8 - repeat 3,queue-depth detector,queue depth,8.0,3,130.503,5835,5655,180,,ok
queue depth 8 - repeat 3,queue-depth detector,queue depth,8.0,3,131.043,5865,5680,185,,ok
queue depth 8 - repeat 3,queue-depth detector,queue depth,8.0,3,131.665,5883,5703,180,,ok
queue depth 8 - repeat 3,queue-depth detector,queue depth,8.0,3,132.036,5911,5721,190,,ok
queue depth 8 - repeat 3,queue-depth detector,queue depth,8.0,3,132.506,5929,5744,185,,ok
queue depth 8 - repeat 3,queue-depth detector,queue depth,8.0,3,133.025,5963,5771,192,,ok
queue depth 8 - repeat 3,queue-depth detector,queue depth,8.0,3,133.513,5985,5793,192,,ok
queue depth 8 - repeat 3,queue-depth detector,queue depth,8.0,3,134.04,6007,5815,192,,ok
queue depth 8 - repeat 3,queue-depth detector,queue depth,8.0,3,134.55,6031,5841,190,,ok
queue depth 8 - repeat 3,queue-depth detector,queue depth,8.0,3,135.006,6048,5862,186,,ok
queue depth 8 - repeat 3,queue-depth detector,queue depth,8.0,3,135.519,6075,5890,185,,ok
queue depth 8 - repeat 3,queue-depth detector,queue depth,8.0,3,136.0,6100,5911,189,,ok
queue depth 8 - repeat 3,queue-depth detector,queue depth,8.0,3,136.524,6121,5936,185,,ok
queue depth 8 - repeat 3,queue-depth detector,queue depth,8.0,3,137.019,6143,5957,186,,ok
queue depth 8 - repeat 3,queue-depth detector,queue depth,8.0,3,137.527,6167,5977,190,,ok
queue depth 8 - repeat 3,queue-depth detector,queue depth,8.0,3,138.045,6195,6010,185,,ok
queue depth 8 - repeat 3,queue-depth detector,queue depth,8.0,3,138.517,6219,6027,192,,ok
queue depth 8 - repeat 3,queue-depth detector,queue depth,8.0,3,139.028,6241,6054,187,,ok
queue depth 8 - repeat 3,queue-depth detector,queue depth,8.0,3,139.502,6263,6071,192,,ok
queue depth 8 - repeat 3,queue-depth detector,queue depth,8.0,3,140.025,6287,6097,190,,ok
queue depth 8 - repeat 3,queue-depth detector,queue depth,8.0,3,140.598,6305,6121,184,,ok
queue depth 8 - repeat 3,queue-depth detector,queue depth,8.0,3,141.022,6331,6151,180,,ok
queue depth 8 - repeat 3,queue-depth detector,queue depth,8.0,3,141.6,6356,6171,185,,ok
queue depth 8 - repeat 3,queue-depth detector,queue depth,8.0,3,142.09,6385,6193,192,,ok
queue depth 8 - repeat 3,queue-depth detector,queue depth,8.0,3,142.512,6405,6215,190,,ok
queue depth 8 - repeat 3,queue-depth detector,queue depth,8.0,3,143.018,6423,6233,190,,ok
queue depth 8 - repeat 3,queue-depth detector,queue depth,8.0,3,143.525,6458,6266,192,,ok
queue depth 8 - repeat 3,queue-depth detector,queue depth,8.0,3,144.043,6479,6287,192,,ok
queue depth 8 - repeat 3,queue-depth detector,queue depth,8.0,3,144.513,6502,6313,189,,ok
queue depth 8 - repeat 3,queue-depth detector,queue depth,8.0,3,145.043,6527,6335,192,,ok
queue depth 8 - repeat 3,queue-depth detector,queue depth,8.0,3,145.501,6550,6359,191,,ok
queue depth 8 - repeat 3,queue-depth detector,queue depth,8.0,3,146.009,6569,6379,190,,ok
queue depth 8 - repeat 3,queue-depth detector,queue depth,8.0,3,146.517,6599,6411,188,,ok
queue depth 8 - repeat 3,queue-depth detector,queue depth,8.0,3,147.026,6619,6433,186,,ok
queue depth 8 - repeat 3,queue-depth detector,queue depth,8.0,3,147.534,6643,6453,190,,ok
queue depth 8 - repeat 3,queue-depth detector,queue depth,8.0,3,148.04,6664,6479,185,,ok
queue depth 8 - repeat 3,queue-depth detector,queue depth,8.0,3,148.549,6687,6497,190,,ok
queue depth 8 - repeat 3,queue-depth detector,queue depth,8.0,3,149.009,6714,6523,191,,ok
queue depth 8 - repeat 3,queue-depth detector,queue depth,8.0,3,149.518,6735,6551,184,,ok
queue depth 8 - repeat 3,queue-depth detector,queue depth,8.0,3,150.026,6761,6569,192,,ok
queue depth 8 - repeat 3,queue-depth detector,queue depth,8.0,3,150.503,6783,6591,192,,ok
queue depth 8 - repeat 3,queue-depth detector,queue depth,8.0,3,151.025,6807,6615,192,,ok
queue depth 8 - repeat 3,queue-depth detector,queue depth,8.0,3,151.514,6827,6643,184,,ok
queue depth 8 - repeat 3,queue-depth detector,queue depth,8.0,3,152.201,6859,6667,192,,ok
queue depth 8 - repeat 3,queue-depth detector,queue depth,8.0,3,152.515,6871,6689,182,,ok
queue depth 8 - repeat 3,queue-depth detector,queue depth,8.0,3,153.023,6897,6711,186,,ok
queue depth 8 - repeat 3,queue-depth detector,queue depth,8.0,3,153.641,6919,6737,182,,ok
queue depth 8 - repeat 3,queue-depth detector,queue depth,8.0,3,154.048,6943,6758,185,,ok
queue depth 8 - repeat 3,queue-depth detector,queue depth,8.0,3,154.506,6971,6779,192,,ok
queue depth 8 - repeat 3,queue-depth detector,queue depth,8.0,3,155.022,6991,6804,187,,ok
queue depth 8 - repeat 3,queue-depth detector,queue depth,8.0,3,155.539,7017,6825,192,,ok
queue depth 8 - repeat 3,queue-depth detector,queue depth,8.0,3,156.046,7039,6848,191,,ok
queue depth 8 - repeat 3,queue-depth detector,queue depth,8.0,3,156.526,7063,6871,192,,ok
queue depth 8 - repeat 3,queue-depth detector,queue depth,8.0,3,157.035,7083,6897,186,,ok
queue depth 8 - repeat 3,queue-depth detector,queue depth,8.0,3,157.542,7111,6923,188,,ok
queue depth 8 - repeat 3,queue-depth detector,queue depth,8.0,3,158.05,7131,6945,186,,ok
queue depth 8 - repeat 3,queue-depth detector,queue depth,8.0,3,158.523,7153,6965,188,,ok
queue depth 8 - repeat 3,queue-depth detector,queue depth,8.0,3,159.032,7175,6985,190,,ok
queue depth 8 - repeat 3,queue-depth detector,queue depth,8.0,3,159.537,7199,7007,192,,ok
queue depth 8 - repeat 3,queue-depth detector,queue depth,8.0,3,160.046,7223,7035,188,,ok
queue depth 8 - repeat 3,queue-depth detector,queue depth,8.0,3,160.52,7243,7055,188,,ok
queue depth 8 - repeat 3,queue-depth detector,queue depth,8.0,3,161.042,7270,7078,192,,ok
queue depth 8 - repeat 3,queue-depth detector,queue depth,8.0,3,161.528,7291,7099,192,,ok
queue depth 8 - repeat 3,queue-depth detector,queue depth,8.0,3,162.029,7319,7127,192,,ok
queue depth 8 - repeat 3,queue-depth detector,queue depth,8.0,3,162.56,7337,7146,191,,ok
queue depth 8 - repeat 3,queue-depth detector,queue depth,8.0,3,163.031,7364,7175,189,,ok
queue depth 8 - repeat 3,queue-depth detector,queue depth,8.0,3,163.54,7383,7191,192,,ok
queue depth 8 - repeat 3,queue-depth detector,queue depth,8.0,3,164.049,7401,7209,192,,ok
queue depth 8 - repeat 3,queue-depth detector,queue depth,8.0,3,164.51,7428,7236,192,,ok
queue depth 8 - repeat 3,queue-depth detector,queue depth,8.0,3,165.019,7449,7257,192,,ok
queue depth 8 - repeat 3,queue-depth detector,queue depth,8.0,3,165.527,7476,7284,192,,ok
queue depth 8 - repeat 3,queue-depth detector,queue depth,8.0,3,166.042,7499,7307,192,,ok
queue depth 8 - repeat 3,queue-depth detector,queue depth,8.0,3,166.525,7522,7334,188,,ok
queue depth 8 - repeat 3,queue-depth detector,queue depth,8.0,3,167.048,7547,7357,190,,ok
queue depth 8 - repeat 3,queue-depth detector,queue depth,8.0,3,167.507,7567,7377,190,,ok
queue depth 8 - repeat 3,queue-depth detector,queue depth,8.0,3,168.042,7593,7401,192,,ok
queue depth 8 - repeat 3,queue-depth detector,queue depth,8.0,3,168.503,7618,7426,192,,ok
queue depth 8 - repeat 3,queue-depth detector,queue depth,8.0,3,169.012,7639,7447,192,,ok
queue depth 8 - repeat 3,queue-depth detector,queue depth,8.0,3,169.52,7661,7472,189,,ok
queue depth 8 - repeat 3,queue-depth detector,queue depth,8.0,3,170.029,7684,7495,189,,ok
queue depth 8 - repeat 3,queue-depth detector,queue depth,8.0,3,170.549,7704,7513,191,,ok
queue depth 8 - repeat 3,queue-depth detector,queue depth,8.0,3,171.09,7721,7540,181,,ok
queue depth 8 - repeat 3,queue-depth detector,queue depth,8.0,3,171.543,7752,7560,192,,ok
queue depth 8 - repeat 3,queue-depth detector,queue depth,8.0,3,172.067,7771,7585,186,,ok
queue depth 8 - repeat 3,queue-depth detector,queue depth,8.0,3,172.533,7797,7605,192,,ok
queue depth 8 - repeat 3,queue-depth detector,queue depth,8.0,3,173.012,7817,7631,186,,ok
queue depth 8 - repeat 3,queue-depth detector,queue depth,8.0,3,173.532,7840,7653,187,,ok
queue depth 8 - repeat 3,queue-depth detector,queue depth,8.0,3,174.042,7867,7682,185,,ok
queue depth 8 - repeat 3,queue-depth detector,queue depth,8.0,3,174.55,7892,7703,189,,ok
queue depth 8 - repeat 3,queue-depth detector,queue depth,8.0,3,175.005,7910,7721,189,,ok
queue depth 8 - repeat 3,queue-depth detector,queue depth,8.0,3,175.519,7935,7743,192,,ok
queue depth 8 - repeat 3,queue-depth detector,queue depth,8.0,3,176.028,7959,7767,192,,ok
queue depth 8 - repeat 3,queue-depth detector,queue depth,8.0,3,176.5,7977,7787,190,,ok
queue depth 8 - repeat 3,queue-depth detector,queue depth,8.0,3,177.025,8007,7816,191,,ok
queue depth 8 - repeat 3,queue-depth detector,queue depth,8.0,3,177.533,8027,7841,186,,ok
queue depth 8 - repeat 3,queue-depth detector,queue depth,8.0,3,178.041,8050,7861,189,,ok
queue depth 8 - repeat 3,queue-depth detector,queue depth,8.0,3,178.551,8073,7881,192,,ok
queue depth 8 - repeat 3,queue-depth detector,queue depth,8.0,3,179.01,8095,7903,192,,ok
queue depth 8 - repeat 3,queue-depth detector,queue depth,8.0,3,179.517,8119,7929,190,,ok
flow control off 0 - repeat 1,KV-cache detector,flow control off,0,1,0.001,0,0,0,,ok
flow control off 0 - repeat 1,KV-cache detector,flow control off,0,1,0.514,0,0,0,,ok
flow control off 0 - repeat 1,KV-cache detector,flow control off,0,1,1.026,1,0,1,,ok
flow control off 0 - repeat 1,KV-cache detector,flow control off,0,1,1.536,2,0,2,,ok
flow control off 0 - repeat 1,KV-cache detector,flow control off,0,1,2.044,2,0,2,,ok
flow control off 0 - repeat 1,KV-cache detector,flow control off,0,1,2.501,3,0,3,,ok
flow control off 0 - repeat 1,KV-cache detector,flow control off,0,1,3.007,3,0,3,,ok
flow control off 0 - repeat 1,KV-cache detector,flow control off,0,1,3.516,4,0,4,,ok
flow control off 0 - repeat 1,KV-cache detector,flow control off,0,1,4.024,4,0,4,,ok
flow control off 0 - repeat 1,KV-cache detector,flow control off,0,1,4.533,5,0,5,,ok
flow control off 0 - repeat 1,KV-cache detector,flow control off,0,1,5.039,5,0,5,,ok
flow control off 0 - repeat 1,KV-cache detector,flow control off,0,1,5.546,6,0,6,,ok
flow control off 0 - repeat 1,KV-cache detector,flow control off,0,1,6.005,6,0,6,,ok
flow control off 0 - repeat 1,KV-cache detector,flow control off,0,1,6.512,9,2,7,,ok
flow control off 0 - repeat 1,KV-cache detector,flow control off,0,1,7.023,9,2,7,,ok
flow control off 0 - repeat 1,KV-cache detector,flow control off,0,1,7.543,10,2,8,,ok
flow control off 0 - repeat 1,KV-cache detector,flow control off,0,1,8.01,10,2,8,,ok
flow control off 0 - repeat 1,KV-cache detector,flow control off,0,1,8.521,11,2,9,,ok
flow control off 0 - repeat 1,KV-cache detector,flow control off,0,1,9.04,12,2,10,,ok
flow control off 0 - repeat 1,KV-cache detector,flow control off,0,1,9.533,12,2,10,,ok
flow control off 0 - repeat 1,KV-cache detector,flow control off,0,1,10.05,13,2,11,,ok
flow control off 0 - repeat 1,KV-cache detector,flow control off,0,1,10.525,14,3,11,,ok
flow control off 0 - repeat 1,KV-cache detector,flow control off,0,1,11.046,15,3,12,,ok
flow control off 0 - repeat 1,KV-cache detector,flow control off,0,1,11.503,15,3,12,,ok
flow control off 0 - repeat 1,KV-cache detector,flow control off,0,1,12.012,16,3,13,,ok
flow control off 0 - repeat 1,KV-cache detector,flow control off,0,1,12.528,16,3,13,,ok
flow control off 0 - repeat 1,KV-cache detector,flow control off,0,1,13.037,17,3,14,,ok
flow control off 0 - repeat 1,KV-cache detector,flow control off,0,1,13.546,18,4,14,,ok
flow control off 0 - repeat 1,KV-cache detector,flow control off,0,1,14.004,19,4,15,,ok
flow control off 0 - repeat 1,KV-cache detector,flow control off,0,1,14.514,19,4,15,,ok
flow control off 0 - repeat 1,KV-cache detector,flow control off,0,1,15.029,20,4,16,,ok
flow control off 0 - repeat 1,KV-cache detector,flow control off,0,1,15.539,21,4,17,,ok
flow control off 0 - repeat 1,KV-cache detector,flow control off,0,1,16.049,21,4,17,,ok
flow control off 0 - repeat 1,KV-cache detector,flow control off,0,1,16.511,22,4,18,,ok
flow control off 0 - repeat 1,KV-cache detector,flow control off,0,1,17.019,23,5,18,,ok
flow control off 0 - repeat 1,KV-cache detector,flow control off,0,1,17.529,24,5,19,,ok
flow control off 0 - repeat 1,KV-cache detector,flow control off,0,1,18.039,25,6,19,,ok
flow control off 0 - repeat 1,KV-cache detector,flow control off,0,1,18.509,26,6,20,,ok
flow control off 0 - repeat 1,KV-cache detector,flow control off,0,1,19.031,26,6,20,,ok
flow control off 0 - repeat 1,KV-cache detector,flow control off,0,1,19.509,27,6,21,,ok
flow control off 0 - repeat 1,KV-cache detector,flow control off,0,1,20.026,27,6,21,,ok
flow control off 0 - repeat 1,KV-cache detector,flow control off,0,1,20.505,28,6,22,,ok
flow control off 0 - repeat 1,KV-cache detector,flow control off,0,1,21.02,28,6,22,,ok
flow control off 0 - repeat 1,KV-cache detector,flow control off,0,1,21.528,29,6,23,,ok
flow control off 0 - repeat 1,KV-cache detector,flow control off,0,1,22.037,29,6,23,,ok
flow control off 0 - repeat 1,KV-cache detector,flow control off,0,1,22.549,32,9,23,,ok
flow control off 0 - repeat 1,KV-cache detector,flow control off,0,1,23.016,34,10,24,,ok
flow control off 0 - repeat 1,KV-cache detector,flow control off,0,1,23.522,36,11,25,,ok
flow control off 0 - repeat 1,KV-cache detector,flow control off,0,1,24.031,37,11,26,,ok
flow control off 0 - repeat 1,KV-cache detector,flow control off,0,1,24.538,37,11,26,,ok
flow control off 0 - repeat 1,KV-cache detector,flow control off,0,1,25.049,38,11,27,,ok
flow control off 0 - repeat 1,KV-cache detector,flow control off,0,1,25.518,39,12,27,,ok
flow control off 0 - repeat 1,KV-cache detector,flow control off,0,1,26.027,40,12,28,,ok
flow control off 0 - repeat 1,KV-cache detector,flow control off,0,1,26.536,40,12,28,,ok
flow control off 0 - repeat 1,KV-cache detector,flow control off,0,1,27.046,41,12,29,,ok
flow control off 0 - repeat 1,KV-cache detector,flow control off,0,1,27.505,41,12,29,,ok
flow control off 0 - repeat 1,KV-cache detector,flow control off,0,1,28.016,42,12,30,,ok
flow control off 0 - repeat 1,KV-cache detector,flow control off,0,1,28.525,42,12,30,,ok
flow control off 0 - repeat 1,KV-cache detector,flow control off,0,1,29.051,43,12,31,,ok
flow control off 0 - repeat 1,KV-cache detector,flow control off,0,1,29.536,43,12,31,,ok
flow control off 0 - repeat 1,KV-cache detector,flow control off,0,1,30.043,44,12,32,,ok
flow control off 0 - repeat 1,KV-cache detector,flow control off,0,1,31.004,44,12,32,,ok
flow control off 0 - repeat 1,KV-cache detector,flow control off,0,1,31.508,46,12,34,,ok
flow control off 0 - repeat 1,KV-cache detector,flow control off,0,1,32.019,47,13,34,,ok
flow control off 0 - repeat 1,KV-cache detector,flow control off,0,1,32.527,49,14,35,,ok
flow control off 0 - repeat 1,KV-cache detector,flow control off,0,1,33.037,50,15,35,,ok
flow control off 0 - repeat 1,KV-cache detector,flow control off,0,1,33.547,51,15,36,,ok
flow control off 0 - repeat 1,KV-cache detector,flow control off,0,1,34.005,51,15,36,,ok
flow control off 0 - repeat 1,KV-cache detector,flow control off,0,1,34.525,52,15,37,,ok
flow control off 0 - repeat 1,KV-cache detector,flow control off,0,1,35.041,52,15,37,,ok
flow control off 0 - repeat 1,KV-cache detector,flow control off,0,1,35.514,53,15,38,,ok
flow control off 0 - repeat 1,KV-cache detector,flow control off,0,1,36.024,53,15,38,,ok
flow control off 0 - repeat 1,KV-cache detector,flow control off,0,1,36.533,54,15,39,,ok
flow control off 0 - repeat 1,KV-cache detector,flow control off,0,1,37.041,54,15,39,,ok
flow control off 0 - repeat 1,KV-cache detector,flow control off,0,1,37.549,55,15,40,,ok
flow control off 0 - repeat 1,KV-cache detector,flow control off,0,1,38.007,55,15,40,,ok
flow control off 0 - repeat 1,KV-cache detector,flow control off,0,1,38.543,56,15,41,,ok
flow control off 0 - repeat 1,KV-cache detector,flow control off,0,1,39.03,58,16,42,,ok
flow control off 0 - repeat 1,KV-cache detector,flow control off,0,1,39.501,58,16,42,,ok
flow control off 0 - repeat 1,KV-cache detector,flow control off,0,1,40.023,59,16,43,,ok
flow control off 0 - repeat 1,KV-cache detector,flow control off,0,1,40.55,59,16,43,,ok
flow control off 0 - repeat 1,KV-cache detector,flow control off,0,1,41.019,60,16,44,,ok
flow control off 0 - repeat 1,KV-cache detector,flow control off,0,1,41.531,60,16,44,,ok
flow control off 0 - repeat 1,KV-cache detector,flow control off,0,1,42.046,61,16,45,,ok
flow control off 0 - repeat 1,KV-cache detector,flow control off,0,1,42.515,61,16,45,,ok
flow control off 0 - repeat 1,KV-cache detector,flow control off,0,1,43.026,62,16,46,,ok
flow control off 0 - repeat 1,KV-cache detector,flow control off,0,1,43.534,62,16,46,,ok
flow control off 0 - repeat 1,KV-cache detector,flow control off,0,1,44.044,63,16,47,,ok
flow control off 0 - repeat 1,KV-cache detector,flow control off,0,1,44.514,65,18,47,,ok
flow control off 0 - repeat 1,KV-cache detector,flow control off,0,1,45.023,67,19,48,,ok
flow control off 0 - repeat 1,KV-cache detector,flow control off,0,1,45.533,68,19,49,,ok
flow control off 0 - repeat 1,KV-cache detector,flow control off,0,1,46.049,69,20,49,,ok
flow control off 0 - repeat 1,KV-cache detector,flow control off,0,1,46.51,70,20,50,,ok
flow control off 0 - repeat 1,KV-cache detector,flow control off,0,1,47.019,70,20,50,,ok
flow control off 0 - repeat 1,KV-cache detector,flow control off,0,1,47.531,71,20,51,,ok
flow control off 0 - repeat 1,KV-cache detector,flow control off,0,1,48.04,72,21,51,,ok
flow control off 0 - repeat 1,KV-cache detector,flow control off,0,1,48.506,73,21,52,,ok
flow control off 0 - repeat 1,KV-cache detector,flow control off,0,1,49.027,73,21,52,,ok
flow control off 0 - repeat 1,KV-cache detector,flow control off,0,1,49.51,74,21,53,,ok
flow control off 0 - repeat 1,KV-cache detector,flow control off,0,1,50.038,74,21,53,,ok
flow control off 0 - repeat 1,KV-cache detector,flow control off,0,1,50.52,75,21,54,,ok
flow control off 0 - repeat 1,KV-cache detector,flow control off,0,1,51.029,75,21,54,,ok
flow control off 0 - repeat 1,KV-cache detector,flow control off,0,1,51.514,76,21,55,,ok
flow control off 0 - repeat 1,KV-cache detector,flow control off,0,1,52.024,76,21,55,,ok
flow control off 0 - repeat 1,KV-cache detector,flow control off,0,1,52.534,77,21,56,,ok
flow control off 0 - repeat 1,KV-cache detector,flow control off,0,1,53.001,77,21,56,,ok
flow control off 0 - repeat 1,KV-cache detector,flow control off,0,1,53.509,78,21,57,,ok
flow control off 0 - repeat 1,KV-cache detector,flow control off,0,1,54.019,79,21,58,,ok
flow control off 0 - repeat 1,KV-cache detector,flow control off,0,1,54.527,82,24,58,,ok
flow control off 0 - repeat 1,KV-cache detector,flow control off,0,1,55.048,83,24,59,,ok
flow control off 0 - repeat 1,KV-cache detector,flow control off,0,1,55.505,84,25,59,,ok
flow control off 0 - repeat 1,KV-cache detector,flow control off,0,1,56.016,86,26,60,,ok
flow control off 0 - repeat 1,KV-cache detector,flow control off,0,1,56.524,87,27,60,,ok
flow control off 0 - repeat 1,KV-cache detector,flow control off,0,1,57.033,88,27,61,,ok
flow control off 0 - repeat 1,KV-cache detector,flow control off,0,1,57.545,89,28,61,,ok
flow control off 0 - repeat 1,KV-cache detector,flow control off,0,1,58.002,90,28,62,,ok
flow control off 0 - repeat 1,KV-cache detector,flow control off,0,1,58.513,90,28,62,,ok
flow control off 0 - repeat 1,KV-cache detector,flow control off,0,1,59.042,91,28,63,,ok
flow control off 0 - repeat 1,KV-cache detector,flow control off,0,1,59.531,92,29,63,,ok
flow control off 0 - repeat 1,KV-cache detector,flow control off,0,1,60.003,93,29,64,,ok
flow control off 0 - repeat 1,KV-cache detector,flow control off,0,1,61.018,93,29,64,,ok
flow control off 0 - repeat 1,KV-cache detector,flow control off,0,1,61.539,95,29,66,,ok
flow control off 0 - repeat 1,KV-cache detector,flow control off,0,1,62.047,95,29,66,,ok
flow control off 0 - repeat 1,KV-cache detector,flow control off,0,1,62.504,96,29,67,,ok
flow control off 0 - repeat 1,KV-cache detector,flow control off,0,1,63.013,96,29,67,,ok
flow control off 0 - repeat 1,KV-cache detector,flow control off,0,1,63.524,97,29,68,,ok
flow control off 0 - repeat 1,KV-cache detector,flow control off,0,1,64.034,97,29,68,,ok
flow control off 0 - repeat 1,KV-cache detector,flow control off,0,1,64.542,99,30,69,,ok
flow control off 0 - repeat 1,KV-cache detector,flow control off,0,1,65.012,100,31,69,,ok
flow control off 0 - repeat 1,KV-cache detector,flow control off,0,1,65.53,102,32,70,,ok
flow control off 0 - repeat 1,KV-cache detector,flow control off,0,1,66.043,102,32,70,,ok
flow control off 0 - repeat 1,KV-cache detector,flow control off,0,1,66.501,104,33,71,,ok
flow control off 0 - repeat 1,KV-cache detector,flow control off,0,1,67.007,105,34,71,,ok
flow control off 0 - repeat 1,KV-cache detector,flow control off,0,1,67.518,106,35,71,,ok
flow control off 0 - repeat 1,KV-cache detector,flow control off,0,1,68.044,108,36,72,,ok
flow control off 0 - repeat 1,KV-cache detector,flow control off,0,1,68.504,109,36,73,,ok
flow control off 0 - repeat 1,KV-cache detector,flow control off,0,1,69.004,111,37,74,,ok
flow control off 0 - repeat 1,KV-cache detector,flow control off,0,1,69.517,112,38,74,,ok
flow control off 0 - repeat 1,KV-cache detector,flow control off,0,1,70.047,114,39,75,,ok
flow control off 0 - repeat 1,KV-cache detector,flow control off,0,1,70.523,114,39,75,,ok
flow control off 0 - repeat 1,KV-cache detector,flow control off,0,1,71.038,116,40,76,,ok
flow control off 0 - repeat 1,KV-cache detector,flow control off,0,1,71.507,117,41,76,,ok
flow control off 0 - repeat 1,KV-cache detector,flow control off,0,1,72.024,119,42,77,,ok
flow control off 0 - repeat 1,KV-cache detector,flow control off,0,1,72.535,119,42,77,,ok
flow control off 0 - repeat 1,KV-cache detector,flow control off,0,1,73.046,121,43,78,,ok
flow control off 0 - repeat 1,KV-cache detector,flow control off,0,1,73.505,122,44,78,,ok
flow control off 0 - repeat 1,KV-cache detector,flow control off,0,1,74.023,124,45,79,,ok
flow control off 0 - repeat 1,KV-cache detector,flow control off,0,1,74.532,124,45,79,,ok
flow control off 0 - repeat 1,KV-cache detector,flow control off,0,1,75.042,126,46,80,,ok
flow control off 0 - repeat 1,KV-cache detector,flow control off,0,1,75.5,127,47,80,,ok
flow control off 0 - repeat 1,KV-cache detector,flow control off,0,1,76.015,129,48,81,,ok
flow control off 0 - repeat 1,KV-cache detector,flow control off,0,1,76.541,131,49,82,,ok
flow control off 0 - repeat 1,KV-cache detector,flow control off,0,1,77.05,131,49,82,,ok
flow control off 0 - repeat 1,KV-cache detector,flow control off,0,1,77.509,133,50,83,,ok
flow control off 0 - repeat 1,KV-cache detector,flow control off,0,1,78.018,134,51,83,,ok
flow control off 0 - repeat 1,KV-cache detector,flow control off,0,1,78.532,136,52,84,,ok
flow control off 0 - repeat 1,KV-cache detector,flow control off,0,1,79.002,136,52,84,,ok
flow control off 0 - repeat 1,KV-cache detector,flow control off,0,1,79.53,138,53,85,,ok
flow control off 0 - repeat 1,KV-cache detector,flow control off,0,1,80.051,139,54,85,,ok
flow control off 0 - repeat 1,KV-cache detector,flow control off,0,1,80.526,141,55,86,,ok
flow control off 0 - repeat 1,KV-cache detector,flow control off,0,1,81.015,141,56,85,,ok
flow control off 0 - repeat 1,KV-cache detector,flow control off,0,1,81.525,143,56,87,,ok
flow control off 0 - repeat 1,KV-cache detector,flow control off,0,1,82.045,144,57,87,,ok
flow control off 0 - repeat 1,KV-cache detector,flow control off,0,1,82.503,146,58,88,,ok
flow control off 0 - repeat 1,KV-cache detector,flow control off,0,1,83.011,146,58,88,,ok
flow control off 0 - repeat 1,KV-cache detector,flow control off,0,1,83.522,148,59,89,,ok
flow control off 0 - repeat 1,KV-cache detector,flow control off,0,1,84.032,150,60,90,,ok
flow control off 0 - repeat 1,KV-cache detector,flow control off,0,1,84.544,150,60,90,,ok
flow control off 0 - repeat 1,KV-cache detector,flow control off,0,1,85.002,152,61,91,,ok
flow control off 0 - repeat 1,KV-cache detector,flow control off,0,1,85.538,152,61,91,,ok
flow control off 0 - repeat 1,KV-cache detector,flow control off,0,1,86.049,153,61,92,,ok
flow control off 0 - repeat 1,KV-cache detector,flow control off,0,1,86.507,154,62,92,,ok
flow control off 0 - repeat 1,KV-cache detector,flow control off,0,1,87.015,155,62,93,,ok
flow control off 0 - repeat 1,KV-cache detector,flow control off,0,1,87.525,155,62,93,,ok
flow control off 0 - repeat 1,KV-cache detector,flow control off,0,1,88.035,156,62,94,,ok
flow control off 0 - repeat 1,KV-cache detector,flow control off,0,1,88.55,156,62,94,,ok
flow control off 0 - repeat 1,KV-cache detector,flow control off,0,1,89.01,157,62,95,,ok
flow control off 0 - repeat 1,KV-cache detector,flow control off,0,1,89.537,157,62,95,,ok
flow control off 0 - repeat 1,KV-cache detector,flow control off,0,1,90.011,158,62,96,,ok
flow control off 0 - repeat 1,KV-cache detector,flow control off,0,1,91.242,159,64,95,,ok
flow control off 0 - repeat 1,KV-cache detector,flow control off,0,1,91.547,161,65,96,,ok
flow control off 0 - repeat 1,KV-cache detector,flow control off,0,1,92.006,161,65,96,,ok
flow control off 0 - repeat 1,KV-cache detector,flow control off,0,1,92.516,162,66,96,,ok
flow control off 0 - repeat 1,KV-cache detector,flow control off,0,1,93.032,163,67,96,,ok
flow control off 0 - repeat 1,KV-cache detector,flow control off,0,1,93.542,164,68,96,,ok
flow control off 0 - repeat 1,KV-cache detector,flow control off,0,1,94.001,164,69,95,,ok
flow control off 0 - repeat 1,KV-cache detector,flow control off,0,1,94.512,165,69,96,,ok
flow control off 0 - repeat 1,KV-cache detector,flow control off,0,1,95.021,166,70,96,,ok
flow control off 0 - repeat 1,KV-cache detector,flow control off,0,1,95.532,167,71,96,,ok
flow control off 0 - repeat 1,KV-cache detector,flow control off,0,1,96.041,168,72,96,,ok
flow control off 0 - repeat 1,KV-cache detector,flow control off,0,1,96.512,168,72,96,,ok
flow control off 0 - repeat 1,KV-cache detector,flow control off,0,1,97.02,169,73,96,,ok
flow control off 0 - repeat 1,KV-cache detector,flow control off,0,1,97.531,170,74,96,,ok
flow control off 0 - repeat 1,KV-cache detector,flow control off,0,1,98.051,171,75,96,,ok
flow control off 0 - repeat 1,KV-cache detector,flow control off,0,1,98.52,171,75,96,,ok
flow control off 0 - repeat 1,KV-cache detector,flow control off,0,1,99.013,172,76,96,,ok
flow control off 0 - repeat 1,KV-cache detector,flow control off,0,1,99.615,173,77,96,,ok
flow control off 0 - repeat 1,KV-cache detector,flow control off,0,1,100.011,173,77,96,,ok
flow control off 0 - repeat 1,KV-cache detector,flow control off,0,1,100.531,174,78,96,,ok
flow control off 0 - repeat 1,KV-cache detector,flow control off,0,1,101.048,174,78,96,,ok
flow control off 0 - repeat 1,KV-cache detector,flow control off,0,1,101.508,174,78,96,,ok
flow control off 0 - repeat 1,KV-cache detector,flow control off,0,1,102.016,175,79,96,,ok
flow control off 0 - repeat 1,KV-cache detector,flow control off,0,1,102.526,175,79,96,,ok
flow control off 0 - repeat 1,KV-cache detector,flow control off,0,1,103.035,176,80,96,,ok
flow control off 0 - repeat 1,KV-cache detector,flow control off,0,1,103.545,177,81,96,,ok
flow control off 0 - repeat 1,KV-cache detector,flow control off,0,1,104.005,177,82,95,,ok
flow control off 0 - repeat 1,KV-cache detector,flow control off,0,1,104.515,178,82,96,,ok
flow control off 0 - repeat 1,KV-cache detector,flow control off,0,1,105.025,179,83,96,,ok
flow control off 0 - repeat 1,KV-cache detector,flow control off,0,1,105.517,180,84,96,,ok
flow control off 0 - repeat 1,KV-cache detector,flow control off,0,1,106.025,181,85,96,,ok
flow control off 0 - repeat 1,KV-cache detector,flow control off,0,1,106.538,181,85,96,,ok
flow control off 0 - repeat 1,KV-cache detector,flow control off,0,1,107.049,182,86,96,,ok
flow control off 0 - repeat 1,KV-cache detector,flow control off,0,1,107.508,183,87,96,,ok
flow control off 0 - repeat 1,KV-cache detector,flow control off,0,1,108.018,184,88,96,,ok
flow control off 0 - repeat 1,KV-cache detector,flow control off,0,1,108.544,185,89,96,,ok
flow control off 0 - repeat 1,KV-cache detector,flow control off,0,1,109.013,185,89,96,,ok
flow control off 0 - repeat 1,KV-cache detector,flow control off,0,1,109.507,186,90,96,,ok
flow control off 0 - repeat 1,KV-cache detector,flow control off,0,1,110.046,187,91,96,,ok
flow control off 0 - repeat 1,KV-cache detector,flow control off,0,1,110.527,187,92,95,,ok
flow control off 0 - repeat 1,KV-cache detector,flow control off,0,1,111.049,188,92,96,,ok
flow control off 0 - repeat 1,KV-cache detector,flow control off,0,1,111.506,189,93,96,,ok
flow control off 0 - repeat 1,KV-cache detector,flow control off,0,1,112.016,190,94,96,,ok
flow control off 0 - repeat 1,KV-cache detector,flow control off,0,1,112.524,191,95,96,,ok
flow control off 0 - repeat 1,KV-cache detector,flow control off,0,1,113.034,191,95,96,,ok
flow control off 0 - repeat 1,KV-cache detector,flow control off,0,1,113.547,192,96,96,,ok
flow control off 0 - repeat 1,KV-cache detector,flow control off,0,1,114.007,193,97,96,,ok
flow control off 0 - repeat 1,KV-cache detector,flow control off,0,1,114.516,194,98,96,,ok
flow control off 0 - repeat 1,KV-cache detector,flow control off,0,1,115.025,194,98,96,,ok
flow control off 0 - repeat 1,KV-cache detector,flow control off,0,1,115.535,195,99,96,,ok
flow control off 0 - repeat 1,KV-cache detector,flow control off,0,1,116.044,196,100,96,,ok
flow control off 0 - repeat 1,KV-cache detector,flow control off,0,1,116.503,196,101,95,,ok
flow control off 0 - repeat 1,KV-cache detector,flow control off,0,1,117.011,197,101,96,,ok
flow control off 0 - repeat 1,KV-cache detector,flow control off,0,1,117.519,198,102,96,,ok
flow control off 0 - repeat 1,KV-cache detector,flow control off,0,1,118.029,199,103,96,,ok
flow control off 0 - repeat 1,KV-cache detector,flow control off,0,1,118.501,200,104,96,,ok
flow control off 0 - repeat 1,KV-cache detector,flow control off,0,1,119.032,200,104,96,,ok
flow control off 0 - repeat 1,KV-cache detector,flow control off,0,1,119.501,201,105,96,,ok
flow control off 0 - repeat 1,KV-cache detector,flow control off,0,1,120.027,202,106,96,,ok
flow control off 0 - repeat 1,KV-cache detector,flow control off,0,1,121.296,202,108,94,,ok
flow control off 0 - repeat 1,KV-cache detector,flow control off,0,1,121.501,204,108,96,,ok
flow control off 0 - repeat 1,KV-cache detector,flow control off,0,1,122.01,205,109,96,,ok
flow control off 0 - repeat 1,KV-cache detector,flow control off,0,1,122.518,206,110,96,,ok
flow control off 0 - repeat 1,KV-cache detector,flow control off,0,1,123.027,207,111,96,,ok
flow control off 0 - repeat 1,KV-cache detector,flow control off,0,1,123.541,207,111,96,,ok
flow control off 0 - repeat 1,KV-cache detector,flow control off,0,1,124.05,208,112,96,,ok
flow control off 0 - repeat 1,KV-cache detector,flow control off,0,1,124.507,209,113,96,,ok
flow control off 0 - repeat 1,KV-cache detector,flow control off,0,1,125.017,210,114,96,,ok
flow control off 0 - repeat 1,KV-cache detector,flow control off,0,1,125.531,210,114,96,,ok
flow control off 0 - repeat 1,KV-cache detector,flow control off,0,1,126.04,211,115,96,,ok
flow control off 0 - repeat 1,KV-cache detector,flow control off,0,1,126.551,212,116,96,,ok
flow control off 0 - repeat 1,KV-cache detector,flow control off,0,1,127.009,213,117,96,,ok
flow control off 0 - repeat 1,KV-cache detector,flow control off,0,1,127.52,213,117,96,,ok
flow control off 0 - repeat 1,KV-cache detector,flow control off,0,1,128.009,214,118,96,,ok
flow control off 0 - repeat 1,KV-cache detector,flow control off,0,1,128.523,215,119,96,,ok
flow control off 0 - repeat 1,KV-cache detector,flow control off,0,1,129.036,216,120,96,,ok
flow control off 0 - repeat 1,KV-cache detector,flow control off,0,1,129.502,216,121,95,,ok
flow control off 0 - repeat 1,KV-cache detector,flow control off,0,1,130.041,217,121,96,,ok
flow control off 0 - repeat 1,KV-cache detector,flow control off,0,1,130.505,218,122,96,,ok
flow control off 0 - repeat 1,KV-cache detector,flow control off,0,1,131.017,219,123,96,,ok
flow control off 0 - repeat 1,KV-cache detector,flow control off,0,1,131.524,219,123,96,,ok
flow control off 0 - repeat 1,KV-cache detector,flow control off,0,1,132.034,220,124,96,,ok
flow control off 0 - repeat 1,KV-cache detector,flow control off,0,1,132.504,221,125,96,,ok
flow control off 0 - repeat 1,KV-cache detector,flow control off,0,1,133.012,222,126,96,,ok
flow control off 0 - repeat 1,KV-cache detector,flow control off,0,1,133.522,223,127,96,,ok
flow control off 0 - repeat 1,KV-cache detector,flow control off,0,1,134.031,223,127,96,,ok
flow control off 0 - repeat 1,KV-cache detector,flow control off,0,1,134.549,224,128,96,,ok
flow control off 0 - repeat 1,KV-cache detector,flow control off,0,1,135.008,225,129,96,,ok
flow control off 0 - repeat 1,KV-cache detector,flow control off,0,1,135.515,226,130,96,,ok
flow control off 0 - repeat 1,KV-cache detector,flow control off,0,1,136.025,226,131,95,,ok
flow control off 0 - repeat 1,KV-cache detector,flow control off,0,1,136.535,227,131,96,,ok
flow control off 0 - repeat 1,KV-cache detector,flow control off,0,1,137.046,228,132,96,,ok
flow control off 0 - repeat 1,KV-cache detector,flow control off,0,1,137.508,229,133,96,,ok
flow control off 0 - repeat 1,KV-cache detector,flow control off,0,1,138.019,229,133,96,,ok
flow control off 0 - repeat 1,KV-cache detector,flow control off,0,1,138.53,230,134,96,,ok
flow control off 0 - repeat 1,KV-cache detector,flow control off,0,1,139.045,231,135,96,,ok
flow control off 0 - repeat 1,KV-cache detector,flow control off,0,1,139.522,232,136,96,,ok
flow control off 0 - repeat 1,KV-cache detector,flow control off,0,1,140.003,232,136,96,,ok
flow control off 0 - repeat 1,KV-cache detector,flow control off,0,1,140.527,233,137,96,,ok
flow control off 0 - repeat 1,KV-cache detector,flow control off,0,1,141.038,234,138,96,,ok
flow control off 0 - repeat 1,KV-cache detector,flow control off,0,1,141.549,235,139,96,,ok
flow control off 0 - repeat 1,KV-cache detector,flow control off,0,1,142.007,235,140,95,,ok
flow control off 0 - repeat 1,KV-cache detector,flow control off,0,1,142.516,236,140,96,,ok
flow control off 0 - repeat 1,KV-cache detector,flow control off,0,1,143.025,237,141,96,,ok
flow control off 0 - repeat 1,KV-cache detector,flow control off,0,1,143.533,238,142,96,,ok
flow control off 0 - repeat 1,KV-cache detector,flow control off,0,1,144.042,238,142,96,,ok
flow control off 0 - repeat 1,KV-cache detector,flow control off,0,1,144.55,239,143,96,,ok
flow control off 0 - repeat 1,KV-cache detector,flow control off,0,1,145.01,240,144,96,,ok
flow control off 0 - repeat 1,KV-cache detector,flow control off,0,1,145.518,241,145,96,,ok
flow control off 0 - repeat 1,KV-cache detector,flow control off,0,1,146.029,242,146,96,,ok
flow control off 0 - repeat 1,KV-cache detector,flow control off,0,1,146.539,242,146,96,,ok
flow control off 0 - repeat 1,KV-cache detector,flow control off,0,1,147.049,243,147,96,,ok
flow control off 0 - repeat 1,KV-cache detector,flow control off,0,1,147.506,244,148,96,,ok
flow control off 0 - repeat 1,KV-cache detector,flow control off,0,1,148.015,245,149,96,,ok
flow control off 0 - repeat 1,KV-cache detector,flow control off,0,1,148.548,246,150,96,,ok
flow control off 0 - repeat 1,KV-cache detector,flow control off,0,1,149.023,246,150,96,,ok
flow control off 0 - repeat 1,KV-cache detector,flow control off,0,1,149.539,247,151,96,,ok
flow control off 0 - repeat 1,KV-cache detector,flow control off,0,1,150.025,248,152,96,,ok
flow control off 0 - repeat 1,KV-cache detector,flow control off,0,1,151.697,248,154,94,,ok
flow control off 0 - repeat 1,KV-cache detector,flow control off,0,1,152.001,251,155,96,,ok
flow control off 0 - repeat 1,KV-cache detector,flow control off,0,1,152.525,251,155,96,,ok
flow control off 0 - repeat 1,KV-cache detector,flow control off,0,1,153.035,252,156,96,,ok
flow control off 0 - repeat 1,KV-cache detector,flow control off,0,1,153.544,253,157,96,,ok
flow control off 0 - repeat 1,KV-cache detector,flow control off,0,1,154.01,254,158,96,,ok
flow control off 0 - repeat 1,KV-cache detector,flow control off,0,1,154.52,255,159,96,,ok
flow control off 0 - repeat 1,KV-cache detector,flow control off,0,1,155.037,255,159,96,,ok
flow control off 0 - repeat 1,KV-cache detector,flow control off,0,1,155.55,256,160,96,,ok
flow control off 0 - repeat 1,KV-cache detector,flow control off,0,1,156.008,257,161,96,,ok
flow control off 0 - repeat 1,KV-cache detector,flow control off,0,1,156.518,258,162,96,,ok
flow control off 0 - repeat 1,KV-cache detector,flow control off,0,1,157.026,258,163,95,,ok
flow control off 0 - repeat 1,KV-cache detector,flow control off,0,1,157.543,259,163,96,,ok
flow control off 0 - repeat 1,KV-cache detector,flow control off,0,1,158.051,260,164,96,,ok
flow control off 0 - repeat 1,KV-cache detector,flow control off,0,1,158.509,261,165,96,,ok
flow control off 0 - repeat 1,KV-cache detector,flow control off,0,1,159.042,261,165,96,,ok
flow control off 0 - repeat 1,KV-cache detector,flow control off,0,1,159.511,262,166,96,,ok
flow control off 0 - repeat 1,KV-cache detector,flow control off,0,1,160.03,263,167,96,,ok
flow control off 0 - repeat 1,KV-cache detector,flow control off,0,1,160.504,264,168,96,,ok
flow control off 0 - repeat 1,KV-cache detector,flow control off,0,1,161.024,264,168,96,,ok
flow control off 0 - repeat 1,KV-cache detector,flow control off,0,1,161.535,265,169,96,,ok
flow control off 0 - repeat 1,KV-cache detector,flow control off,0,1,162.005,266,170,96,,ok
flow control off 0 - repeat 1,KV-cache detector,flow control off,0,1,162.526,267,171,96,,ok
flow control off 0 - repeat 1,KV-cache detector,flow control off,0,1,163.045,268,172,96,,ok
flow control off 0 - repeat 1,KV-cache detector,flow control off,0,1,163.503,268,172,96,,ok
flow control off 0 - repeat 1,KV-cache detector,flow control off,0,1,164.011,269,173,96,,ok
flow control off 0 - repeat 1,KV-cache detector,flow control off,0,1,164.533,270,174,96,,ok
flow control off 0 - repeat 1,KV-cache detector,flow control off,0,1,165.043,270,175,95,,ok
flow control off 0 - repeat 1,KV-cache detector,flow control off,0,1,165.503,271,175,96,,ok
flow control off 0 - repeat 1,KV-cache detector,flow control off,0,1,166.013,272,176,96,,ok
flow control off 0 - repeat 1,KV-cache detector,flow control off,0,1,166.523,273,177,96,,ok
flow control off 0 - repeat 1,KV-cache detector,flow control off,0,1,167.032,274,178,96,,ok
flow control off 0 - repeat 1,KV-cache detector,flow control off,0,1,167.54,274,178,96,,ok
flow control off 0 - repeat 1,KV-cache detector,flow control off,0,1,168.048,275,179,96,,ok
flow control off 0 - repeat 1,KV-cache detector,flow control off,0,1,168.513,276,180,96,,ok
flow control off 0 - repeat 1,KV-cache detector,flow control off,0,1,169.037,277,181,96,,ok
flow control off 0 - repeat 1,KV-cache detector,flow control off,0,1,169.514,277,182,95,,ok
flow control off 0 - repeat 1,KV-cache detector,flow control off,0,1,170.049,278,182,96,,ok
flow control off 0 - repeat 1,KV-cache detector,flow control off,0,1,170.514,279,183,96,,ok
flow control off 0 - repeat 1,KV-cache detector,flow control off,0,1,171.026,280,184,96,,ok
flow control off 0 - repeat 1,KV-cache detector,flow control off,0,1,171.505,280,184,96,,ok
flow control off 0 - repeat 1,KV-cache detector,flow control off,0,1,172.015,281,185,96,,ok
flow control off 0 - repeat 1,KV-cache detector,flow control off,0,1,172.523,282,186,96,,ok
flow control off 0 - repeat 1,KV-cache detector,flow control off,0,1,173.034,283,187,96,,ok
flow control off 0 - repeat 1,KV-cache detector,flow control off,0,1,173.545,283,187,96,,ok
flow control off 0 - repeat 1,KV-cache detector,flow control off,0,1,174.009,284,188,96,,ok
flow control off 0 - repeat 1,KV-cache detector,flow control off,0,1,174.517,285,189,96,,ok
flow control off 0 - repeat 1,KV-cache detector,flow control off,0,1,175.025,286,190,96,,ok
flow control off 0 - repeat 1,KV-cache detector,flow control off,0,1,175.532,286,191,95,,ok
flow control off 0 - repeat 1,KV-cache detector,flow control off,0,1,176.043,287,191,96,,ok
flow control off 0 - repeat 1,KV-cache detector,flow control off,0,1,176.502,288,192,96,,ok
flow control off 0 - repeat 1,KV-cache detector,flow control off,0,1,177.01,289,193,96,,ok
flow control off 0 - repeat 1,KV-cache detector,flow control off,0,1,177.519,289,194,95,,ok
flow control off 0 - repeat 1,KV-cache detector,flow control off,0,1,178.028,290,194,96,,ok
flow control off 0 - repeat 1,KV-cache detector,flow control off,0,1,178.544,291,195,96,,ok
flow control off 0 - repeat 1,KV-cache detector,flow control off,0,1,179.016,292,196,96,,ok
flow control off 0 - repeat 1,KV-cache detector,flow control off,0,1,179.54,293,197,96,,ok
flow control off 0 - repeat 2,KV-cache detector,flow control off,0,2,0.0,0,0,0,,ok
flow control off 0 - repeat 2,KV-cache detector,flow control off,0,2,0.514,0,0,0,,ok
flow control off 0 - repeat 2,KV-cache detector,flow control off,0,2,1.031,1,0,1,,ok
flow control off 0 - repeat 2,KV-cache detector,flow control off,0,2,1.548,2,0,2,,ok
flow control off 0 - repeat 2,KV-cache detector,flow control off,0,2,2.018,2,0,2,,ok
flow control off 0 - repeat 2,KV-cache detector,flow control off,0,2,2.547,3,0,3,,ok
flow control off 0 - repeat 2,KV-cache detector,flow control off,0,2,3.025,3,0,3,,ok
flow control off 0 - repeat 2,KV-cache detector,flow control off,0,2,3.545,4,0,4,,ok
flow control off 0 - repeat 2,KV-cache detector,flow control off,0,2,4.011,4,0,4,,ok
flow control off 0 - repeat 2,KV-cache detector,flow control off,0,2,4.532,5,0,5,,ok
flow control off 0 - repeat 2,KV-cache detector,flow control off,0,2,5.045,5,0,5,,ok
flow control off 0 - repeat 2,KV-cache detector,flow control off,0,2,5.51,6,0,6,,ok
flow control off 0 - repeat 2,KV-cache detector,flow control off,0,2,6.021,6,0,6,,ok
flow control off 0 - repeat 2,KV-cache detector,flow control off,0,2,6.545,9,2,7,,ok
flow control off 0 - repeat 2,KV-cache detector,flow control off,0,2,7.009,10,3,7,,ok
flow control off 0 - repeat 2,KV-cache detector,flow control off,0,2,7.526,11,3,8,,ok
flow control off 0 - repeat 2,KV-cache detector,flow control off,0,2,8.04,12,3,9,,ok
flow control off 0 - repeat 2,KV-cache detector,flow control off,0,2,8.503,12,3,9,,ok
flow control off 0 - repeat 2,KV-cache detector,flow control off,0,2,9.022,13,3,10,,ok
flow control off 0 - repeat 2,KV-cache detector,flow control off,0,2,9.539,13,3,10,,ok
flow control off 0 - repeat 2,KV-cache detector,flow control off,0,2,10.002,14,3,11,,ok
flow control off 0 - repeat 2,KV-cache detector,flow control off,0,2,10.517,14,3,11,,ok
flow control off 0 - repeat 2,KV-cache detector,flow control off,0,2,11.031,15,3,12,,ok
flow control off 0 - repeat 2,KV-cache detector,flow control off,0,2,11.546,15,3,12,,ok
flow control off 0 - repeat 2,KV-cache detector,flow control off,0,2,12.011,16,3,13,,ok
flow control off 0 - repeat 2,KV-cache detector,flow control off,0,2,12.529,17,4,13,,ok
flow control off 0 - repeat 2,KV-cache detector,flow control off,0,2,13.022,18,4,14,,ok
flow control off 0 - repeat 2,KV-cache detector,flow control off,0,2,13.502,18,4,14,,ok
flow control off 0 - repeat 2,KV-cache detector,flow control off,0,2,14.026,19,4,15,,ok
flow control off 0 - repeat 2,KV-cache detector,flow control off,0,2,14.551,19,4,15,,ok
flow control off 0 - repeat 2,KV-cache detector,flow control off,0,2,15.015,21,5,16,,ok
flow control off 0 - repeat 2,KV-cache detector,flow control off,0,2,15.53,22,5,17,,ok
flow control off 0 - repeat 2,KV-cache detector,flow control off,0,2,16.048,22,5,17,,ok
flow control off 0 - repeat 2,KV-cache detector,flow control off,0,2,16.516,23,5,18,,ok
flow control off 0 - repeat 2,KV-cache detector,flow control off,0,2,17.035,23,5,18,,ok
flow control off 0 - repeat 2,KV-cache detector,flow control off,0,2,17.503,24,5,19,,ok
flow control off 0 - repeat 2,KV-cache detector,flow control off,0,2,18.014,24,6,18,,ok
flow control off 0 - repeat 2,KV-cache detector,flow control off,0,2,18.53,26,6,20,,ok
flow control off 0 - repeat 2,KV-cache detector,flow control off,0,2,19.046,26,6,20,,ok
flow control off 0 - repeat 2,KV-cache detector,flow control off,0,2,19.511,27,6,21,,ok
flow control off 0 - repeat 2,KV-cache detector,flow control off,0,2,20.021,27,6,21,,ok
flow control off 0 - repeat 2,KV-cache detector,flow control off,0,2,20.552,28,6,22,,ok
flow control off 0 - repeat 2,KV-cache detector,flow control off,0,2,21.019,28,6,22,,ok
flow control off 0 - repeat 2,KV-cache detector,flow control off,0,2,21.532,32,9,23,,ok
flow control off 0 - repeat 2,KV-cache detector,flow control off,0,2,22.049,35,12,23,,ok
flow control off 0 - repeat 2,KV-cache detector,flow control off,0,2,22.523,37,13,24,,ok
flow control off 0 - repeat 2,KV-cache detector,flow control off,0,2,23.011,38,14,24,,ok
flow control off 0 - repeat 2,KV-cache detector,flow control off,0,2,23.532,39,14,25,,ok
flow control off 0 - repeat 2,KV-cache detector,flow control off,0,2,24.009,40,14,26,,ok
flow control off 0 - repeat 2,KV-cache detector,flow control off,0,2,24.534,40,14,26,,ok
flow control off 0 - repeat 2,KV-cache detector,flow control off,0,2,25.014,41,14,27,,ok
flow control off 0 - repeat 2,KV-cache detector,flow control off,0,2,25.529,41,14,27,,ok
flow control off 0 - repeat 2,KV-cache detector,flow control off,0,2,26.046,42,14,28,,ok
flow control off 0 - repeat 2,KV-cache detector,flow control off,0,2,26.509,43,15,28,,ok
flow control off 0 - repeat 2,KV-cache detector,flow control off,0,2,27.025,44,15,29,,ok
flow control off 0 - repeat 2,KV-cache detector,flow control off,0,2,27.537,44,15,29,,ok
flow control off 0 - repeat 2,KV-cache detector,flow control off,0,2,28.001,45,15,30,,ok
flow control off 0 - repeat 2,KV-cache detector,flow control off,0,2,28.514,45,15,30,,ok
flow control off 0 - repeat 2,KV-cache detector,flow control off,0,2,29.03,46,15,31,,ok
flow control off 0 - repeat 2,KV-cache detector,flow control off,0,2,29.507,46,15,31,,ok
flow control off 0 - repeat 2,KV-cache detector,flow control off,0,2,30.032,47,15,32,,ok
flow control off 0 - repeat 2,KV-cache detector,flow control off,0,2,30.516,47,15,32,,ok
flow control off 0 - repeat 2,KV-cache detector,flow control off,0,2,31.031,48,15,33,,ok
flow control off 0 - repeat 2,KV-cache detector,flow control off,0,2,31.547,49,15,34,,ok
flow control off 0 - repeat 2,KV-cache detector,flow control off,0,2,32.014,50,16,34,,ok
flow control off 0 - repeat 2,KV-cache detector,flow control off,0,2,32.532,52,17,35,,ok
flow control off 0 - repeat 2,KV-cache detector,flow control off,0,2,33.014,52,18,34,,ok
flow control off 0 - repeat 2,KV-cache detector,flow control off,0,2,33.539,54,18,36,,ok
flow control off 0 - repeat 2,KV-cache detector,flow control off,0,2,34.022,54,18,36,,ok
flow control off 0 - repeat 2,KV-cache detector,flow control off,0,2,34.543,55,18,37,,ok
flow control off 0 - repeat 2,KV-cache detector,flow control off,0,2,35.005,55,18,37,,ok
flow control off 0 - repeat 2,KV-cache detector,flow control off,0,2,35.521,56,18,38,,ok
flow control off 0 - repeat 2,KV-cache detector,flow control off,0,2,36.037,56,18,38,,ok
flow control off 0 - repeat 2,KV-cache detector,flow control off,0,2,36.503,58,19,39,,ok
flow control off 0 - repeat 2,KV-cache detector,flow control off,0,2,37.036,58,19,39,,ok
flow control off 0 - repeat 2,KV-cache detector,flow control off,0,2,37.503,59,19,40,,ok
flow control off 0 - repeat 2,KV-cache detector,flow control off,0,2,38.018,59,19,40,,ok
flow control off 0 - repeat 2,KV-cache detector,flow control off,0,2,38.535,60,19,41,,ok
flow control off 0 - repeat 2,KV-cache detector,flow control off,0,2,39.0,61,19,42,,ok
flow control off 0 - repeat 2,KV-cache detector,flow control off,0,2,39.527,61,19,42,,ok
flow control off 0 - repeat 2,KV-cache detector,flow control off,0,2,40.045,62,19,43,,ok
flow control off 0 - repeat 2,KV-cache detector,flow control off,0,2,40.509,62,19,43,,ok
flow control off 0 - repeat 2,KV-cache detector,flow control off,0,2,41.025,63,19,44,,ok
flow control off 0 - repeat 2,KV-cache detector,flow control off,0,2,41.539,63,19,44,,ok
flow control off 0 - repeat 2,KV-cache detector,flow control off,0,2,42.005,64,19,45,,ok
flow control off 0 - repeat 2,KV-cache detector,flow control off,0,2,42.538,64,19,45,,ok
flow control off 0 - repeat 2,KV-cache detector,flow control off,0,2,43.019,65,19,46,,ok
flow control off 0 - repeat 2,KV-cache detector,flow control off,0,2,43.511,67,21,46,,ok
flow control off 0 - repeat 2,KV-cache detector,flow control off,0,2,44.004,69,22,47,,ok
flow control off 0 - repeat 2,KV-cache detector,flow control off,0,2,44.528,69,22,47,,ok
flow control off 0 - repeat 2,KV-cache detector,flow control off,0,2,45.044,70,22,48,,ok
flow control off 0 - repeat 2,KV-cache detector,flow control off,0,2,45.512,70,22,48,,ok
flow control off 0 - repeat 2,KV-cache detector,flow control off,0,2,46.032,72,23,49,,ok
flow control off 0 - repeat 2,KV-cache detector,flow control off,0,2,46.547,73,23,50,,ok
flow control off 0 - repeat 2,KV-cache detector,flow control off,0,2,47.01,73,23,50,,ok
flow control off 0 - repeat 2,KV-cache detector,flow control off,0,2,47.527,74,23,51,,ok
flow control off 0 - repeat 2,KV-cache detector,flow control off,0,2,48.044,74,23,51,,ok
flow control off 0 - repeat 2,KV-cache detector,flow control off,0,2,48.509,75,23,52,,ok
flow control off 0 - repeat 2,KV-cache detector,flow control off,0,2,49.026,75,23,52,,ok
flow control off 0 - repeat 2,KV-cache detector,flow control off,0,2,49.547,76,23,53,,ok
flow control off 0 - repeat 2,KV-cache detector,flow control off,0,2,50.014,76,23,53,,ok
flow control off 0 - repeat 2,KV-cache detector,flow control off,0,2,50.531,77,23,54,,ok
flow control off 0 - repeat 2,KV-cache detector,flow control off,0,2,51.002,77,23,54,,ok
flow control off 0 - repeat 2,KV-cache detector,flow control off,0,2,51.531,78,23,55,,ok
flow control off 0 - repeat 2,KV-cache detector,flow control off,0,2,52.044,80,25,55,,ok
flow control off 0 - repeat 2,KV-cache detector,flow control off,0,2,52.519,82,26,56,,ok
flow control off 0 - repeat 2,KV-cache detector,flow control off,0,2,53.041,83,26,57,,ok
flow control off 0 - repeat 2,KV-cache detector,flow control off,0,2,53.506,83,26,57,,ok
flow control off 0 - repeat 2,KV-cache detector,flow control off,0,2,54.037,84,26,58,,ok
flow control off 0 - repeat 2,KV-cache detector,flow control off,0,2,54.507,84,27,57,,ok
flow control off 0 - repeat 2,KV-cache detector,flow control off,0,2,55.049,86,27,59,,ok
flow control off 0 - repeat 2,KV-cache detector,flow control off,0,2,55.518,86,27,59,,ok
flow control off 0 - repeat 2,KV-cache detector,flow control off,0,2,56.038,87,27,60,,ok
flow control off 0 - repeat 2,KV-cache detector,flow control off,0,2,56.505,87,27,60,,ok
flow control off 0 - repeat 2,KV-cache detector,flow control off,0,2,57.021,88,27,61,,ok
flow control off 0 - repeat 2,KV-cache detector,flow control off,0,2,57.538,88,27,61,,ok
flow control off 0 - repeat 2,KV-cache detector,flow control off,0,2,58.006,89,27,62,,ok
flow control off 0 - repeat 2,KV-cache detector,flow control off,0,2,58.524,89,27,62,,ok
flow control off 0 - repeat 2,KV-cache detector,flow control off,0,2,59.041,90,27,63,,ok
flow control off 0 - repeat 2,KV-cache detector,flow control off,0,2,59.502,90,27,63,,ok
flow control off 0 - repeat 2,KV-cache detector,flow control off,0,2,60.02,92,28,64,,ok
flow control off 0 - repeat 2,KV-cache detector,flow control off,0,2,60.7,92,28,64,,ok
flow control off 0 - repeat 2,KV-cache detector,flow control off,0,2,61.013,93,28,65,,ok
flow control off 0 - repeat 2,KV-cache detector,flow control off,0,2,61.529,94,28,66,,ok
flow control off 0 - repeat 2,KV-cache detector,flow control off,0,2,62.046,94,28,66,,ok
flow control off 0 - repeat 2,KV-cache detector,flow control off,0,2,62.522,95,28,67,,ok
flow control off 0 - repeat 2,KV-cache detector,flow control off,0,2,63.045,95,28,67,,ok
flow control off 0 - repeat 2,KV-cache detector,flow control off,0,2,63.519,96,28,68,,ok
flow control off 0 - repeat 2,KV-cache detector,flow control off,0,2,64.048,96,28,68,,ok
flow control off 0 - repeat 2,KV-cache detector,flow control off,0,2,64.527,98,29,69,,ok
flow control off 0 - repeat 2,KV-cache detector,flow control off,0,2,65.042,99,30,69,,ok
flow control off 0 - repeat 2,KV-cache detector,flow control off,0,2,65.515,101,31,70,,ok
flow control off 0 - repeat 2,KV-cache detector,flow control off,0,2,66.03,101,31,70,,ok
flow control off 0 - repeat 2,KV-cache detector,flow control off,0,2,66.55,103,32,71,,ok
flow control off 0 - repeat 2,KV-cache detector,flow control off,0,2,67.015,104,33,71,,ok
flow control off 0 - repeat 2,KV-cache detector,flow control off,0,2,67.531,106,34,72,,ok
flow control off 0 - repeat 2,KV-cache detector,flow control off,0,2,68.007,107,35,72,,ok
flow control off 0 - repeat 2,KV-cache detector,flow control off,0,2,68.521,108,35,73,,ok
flow control off 0 - repeat 2,KV-cache detector,flow control off,0,2,69.036,110,36,74,,ok
flow control off 0 - repeat 2,KV-cache detector,flow control off,0,2,69.509,111,37,74,,ok
flow control off 0 - repeat 2,KV-cache detector,flow control off,0,2,70.024,113,38,75,,ok
flow control off 0 - repeat 2,KV-cache detector,flow control off,0,2,70.543,114,39,75,,ok
flow control off 0 - repeat 2,KV-cache detector,flow control off,0,2,71.01,115,39,76,,ok
flow control off 0 - repeat 2,KV-cache detector,flow control off,0,2,71.528,116,40,76,,ok
flow control off 0 - repeat 2,KV-cache detector,flow control off,0,2,72.002,118,41,77,,ok
flow control off 0 - repeat 2,KV-cache detector,flow control off,0,2,72.513,118,42,76,,ok
flow control off 0 - repeat 2,KV-cache detector,flow control off,0,2,73.052,120,43,77,,ok
flow control off 0 - repeat 2,KV-cache detector,flow control off,0,2,73.522,121,43,78,,ok
flow control off 0 - repeat 2,KV-cache detector,flow control off,0,2,74.011,123,44,79,,ok
flow control off 0 - repeat 2,KV-cache detector,flow control off,0,2,74.538,124,45,79,,ok
flow control off 0 - repeat 2,KV-cache detector,flow control off,0,2,75.001,125,45,80,,ok
flow control off 0 - repeat 2,KV-cache detector,flow control off,0,2,75.513,126,46,80,,ok
flow control off 0 - repeat 2,KV-cache detector,flow control off,0,2,76.03,128,47,81,,ok
flow control off 0 - repeat 2,KV-cache detector,flow control off,0,2,76.505,130,48,82,,ok
flow control off 0 - repeat 2,KV-cache detector,flow control off,0,2,77.031,131,49,82,,ok
flow control off 0 - repeat 2,KV-cache detector,flow control off,0,2,77.515,132,49,83,,ok
flow control off 0 - repeat 2,KV-cache detector,flow control off,0,2,78.032,133,50,83,,ok
flow control off 0 - repeat 2,KV-cache detector,flow control off,0,2,78.5,135,51,84,,ok
flow control off 0 - repeat 2,KV-cache detector,flow control off,0,2,79.019,136,52,84,,ok
flow control off 0 - repeat 2,KV-cache detector,flow control off,0,2,79.536,138,53,85,,ok
flow control off 0 - repeat 2,KV-cache detector,flow control off,0,2,80.004,138,53,85,,ok
flow control off 0 - repeat 2,KV-cache detector,flow control off,0,2,80.52,140,54,86,,ok
flow control off 0 - repeat 2,KV-cache detector,flow control off,0,2,81.042,141,55,86,,ok
flow control off 0 - repeat 2,KV-cache detector,flow control off,0,2,81.504,143,56,87,,ok
flow control off 0 - repeat 2,KV-cache detector,flow control off,0,2,82.018,143,57,86,,ok
flow control off 0 - repeat 2,KV-cache detector,flow control off,0,2,82.539,145,57,88,,ok
flow control off 0 - repeat 2,KV-cache detector,flow control off,0,2,83.029,147,58,89,,ok
flow control off 0 - repeat 2,KV-cache detector,flow control off,0,2,83.53,148,59,89,,ok
flow control off 0 - repeat 2,KV-cache detector,flow control off,0,2,84.008,149,59,90,,ok
flow control off 0 - repeat 2,KV-cache detector,flow control off,0,2,84.535,150,60,90,,ok
flow control off 0 - repeat 2,KV-cache detector,flow control off,0,2,85.002,152,61,91,,ok
flow control off 0 - repeat 2,KV-cache detector,flow control off,0,2,85.527,153,62,91,,ok
flow control off 0 - repeat 2,KV-cache detector,flow control off,0,2,86.045,155,63,92,,ok
flow control off 0 - repeat 2,KV-cache detector,flow control off,0,2,86.512,155,63,92,,ok
flow control off 0 - repeat 2,KV-cache detector,flow control off,0,2,87.028,157,64,93,,ok
flow control off 0 - repeat 2,KV-cache detector,flow control off,0,2,87.548,157,64,93,,ok
flow control off 0 - repeat 2,KV-cache detector,flow control off,0,2,88.023,158,64,94,,ok
flow control off 0 - repeat 2,KV-cache detector,flow control off,0,2,88.538,159,65,94,,ok
flow control off 0 - repeat 2,KV-cache detector,flow control off,0,2,89.002,161,66,95,,ok
flow control off 0 - repeat 2,KV-cache detector,flow control off,0,2,89.52,161,67,94,,ok
flow control off 0 - repeat 2,KV-cache detector,flow control off,0,2,90.036,163,67,96,,ok
flow control off 0 - repeat 2,KV-cache detector,flow control off,0,2,90.55,164,68,96,,ok
flow control off 0 - repeat 2,KV-cache detector,flow control off,0,2,91.353,164,69,95,,ok
flow control off 0 - repeat 2,KV-cache detector,flow control off,0,2,91.509,165,69,96,,ok
flow control off 0 - repeat 2,KV-cache detector,flow control off,0,2,92.028,166,70,96,,ok
flow control off 0 - repeat 2,KV-cache detector,flow control off,0,2,92.546,167,71,96,,ok
flow control off 0 - repeat 2,KV-cache detector,flow control off,0,2,93.022,168,72,96,,ok
flow control off 0 - repeat 2,KV-cache detector,flow control off,0,2,93.548,169,73,96,,ok
flow control off 0 - repeat 2,KV-cache detector,flow control off,0,2,94.036,169,73,96,,ok
flow control off 0 - repeat 2,KV-cache detector,flow control off,0,2,94.519,170,74,96,,ok
flow control off 0 - repeat 2,KV-cache detector,flow control off,0,2,95.048,171,75,96,,ok
flow control off 0 - repeat 2,KV-cache detector,flow control off,0,2,95.509,172,76,96,,ok
flow control off 0 - repeat 2,KV-cache detector,flow control off,0,2,96.024,172,76,96,,ok
flow control off 0 - repeat 2,KV-cache detector,flow control off,0,2,96.542,173,77,96,,ok
flow control off 0 - repeat 2,KV-cache detector,flow control off,0,2,97.003,173,77,96,,ok
flow control off 0 - repeat 2,KV-cache detector,flow control off,0,2,97.535,173,77,96,,ok
flow control off 0 - repeat 2,KV-cache detector,flow control off,0,2,98.005,173,77,96,,ok
flow control off 0 - repeat 2,KV-cache detector,flow control off,0,2,98.524,173,78,95,,ok
flow control off 0 - repeat 2,KV-cache detector,flow control off,0,2,99.044,174,78,96,,ok
flow control off 0 - repeat 2,KV-cache detector,flow control off,0,2,99.508,175,79,96,,ok
flow control off 0 - repeat 2,KV-cache detector,flow control off,0,2,100.036,176,80,96,,ok
flow control off 0 - repeat 2,KV-cache detector,flow control off,0,2,100.51,176,80,96,,ok
flow control off 0 - repeat 2,KV-cache detector,flow control off,0,2,101.028,177,81,96,,ok
flow control off 0 - repeat 2,KV-cache detector,flow control off,0,2,101.548,178,82,96,,ok
flow control off 0 - repeat 2,KV-cache detector,flow control off,0,2,102.016,179,83,96,,ok
flow control off 0 - repeat 2,KV-cache detector,flow control off,0,2,102.553,180,84,96,,ok
flow control off 0 - repeat 2,KV-cache detector,flow control off,0,2,103.032,180,84,96,,ok
flow control off 0 - repeat 2,KV-cache detector,flow control off,0,2,103.525,181,85,96,,ok
flow control off 0 - repeat 2,KV-cache detector,flow control off,0,2,104.006,182,86,96,,ok
flow control off 0 - repeat 2,KV-cache detector,flow control off,0,2,104.544,183,87,96,,ok
flow control off 0 - repeat 2,KV-cache detector,flow control off,0,2,105.012,183,88,95,,ok
flow control off 0 - repeat 2,KV-cache detector,flow control off,0,2,105.529,184,88,96,,ok
flow control off 0 - repeat 2,KV-cache detector,flow control off,0,2,106.059,185,89,96,,ok
flow control off 0 - repeat 2,KV-cache detector,flow control off,0,2,106.519,186,90,96,,ok
flow control off 0 - repeat 2,KV-cache detector,flow control off,0,2,107.038,186,90,96,,ok
flow control off 0 - repeat 2,KV-cache detector,flow control off,0,2,107.501,187,91,96,,ok
flow control off 0 - repeat 2,KV-cache detector,flow control off,0,2,108.032,188,92,96,,ok
flow control off 0 - repeat 2,KV-cache detector,flow control off,0,2,108.549,189,93,96,,ok
flow control off 0 - repeat 2,KV-cache detector,flow control off,0,2,109.014,189,93,96,,ok
flow control off 0 - repeat 2,KV-cache detector,flow control off,0,2,109.502,190,94,96,,ok
flow control off 0 - repeat 2,KV-cache detector,flow control off,0,2,110.014,191,95,96,,ok
flow control off 0 - repeat 2,KV-cache detector,flow control off,0,2,110.528,191,95,96,,ok
flow control off 0 - repeat 2,KV-cache detector,flow control off,0,2,111.049,191,95,96,,ok
flow control off 0 - repeat 2,KV-cache detector,flow control off,0,2,111.516,192,96,96,,ok
flow control off 0 - repeat 2,KV-cache detector,flow control off,0,2,112.036,192,96,96,,ok
flow control off 0 - repeat 2,KV-cache detector,flow control off,0,2,112.522,193,97,96,,ok
flow control off 0 - repeat 2,KV-cache detector,flow control off,0,2,113.012,194,98,96,,ok
flow control off 0 - repeat 2,KV-cache detector,flow control off,0,2,113.545,195,99,96,,ok
flow control off 0 - repeat 2,KV-cache detector,flow control off,0,2,114.044,195,99,96,,ok
flow control off 0 - repeat 2,KV-cache detector,flow control off,0,2,114.525,196,100,96,,ok
flow control off 0 - repeat 2,KV-cache detector,flow control off,0,2,115.041,197,101,96,,ok
flow control off 0 - repeat 2,KV-cache detector,flow control off,0,2,115.506,197,101,96,,ok
flow control off 0 - repeat 2,KV-cache detector,flow control off,0,2,116.022,198,102,96,,ok
flow control off 0 - repeat 2,KV-cache detector,flow control off,0,2,116.538,199,103,96,,ok
flow control off 0 - repeat 2,KV-cache detector,flow control off,0,2,117.002,200,104,96,,ok
flow control off 0 - repeat 2,KV-cache detector,flow control off,0,2,117.516,201,105,96,,ok
flow control off 0 - repeat 2,KV-cache detector,flow control off,0,2,118.035,201,105,96,,ok
flow control off 0 - repeat 2,KV-cache detector,flow control off,0,2,118.502,202,106,96,,ok
flow control off 0 - repeat 2,KV-cache detector,flow control off,0,2,119.019,203,107,96,,ok
flow control off 0 - repeat 2,KV-cache detector,flow control off,0,2,119.532,204,108,96,,ok
flow control off 0 - repeat 2,KV-cache detector,flow control off,0,2,120.051,204,109,95,,ok
flow control off 0 - repeat 2,KV-cache detector,flow control off,0,2,121.236,205,110,95,,ok
flow control off 0 - repeat 2,KV-cache detector,flow control off,0,2,121.546,207,111,96,,ok
flow control off 0 - repeat 2,KV-cache detector,flow control off,0,2,122.011,207,111,96,,ok
flow control off 0 - repeat 2,KV-cache detector,flow control off,0,2,122.529,208,112,96,,ok
flow control off 0 - repeat 2,KV-cache detector,flow control off,0,2,123.005,209,113,96,,ok
flow control off 0 - repeat 2,KV-cache detector,flow control off,0,2,123.531,210,114,96,,ok
flow control off 0 - repeat 2,KV-cache detector,flow control off,0,2,124.03,210,114,96,,ok
flow control off 0 - repeat 2,KV-cache detector,flow control off,0,2,124.502,211,115,96,,ok
flow control off 0 - repeat 2,KV-cache detector,flow control off,0,2,125.018,212,116,96,,ok
flow control off 0 - repeat 2,KV-cache detector,flow control off,0,2,125.503,213,117,96,,ok
flow control off 0 - repeat 2,KV-cache detector,flow control off,0,2,126.025,213,118,95,,ok
flow control off 0 - repeat 2,KV-cache detector,flow control off,0,2,126.544,214,118,96,,ok
flow control off 0 - repeat 2,KV-cache detector,flow control off,0,2,127.016,215,119,96,,ok
flow control off 0 - repeat 2,KV-cache detector,flow control off,0,2,127.528,216,120,96,,ok
flow control off 0 - repeat 2,KV-cache detector,flow control off,0,2,128.047,216,120,96,,ok
flow control off 0 - repeat 2,KV-cache detector,flow control off,0,2,128.516,217,121,96,,ok
flow control off 0 - repeat 2,KV-cache detector,flow control off,0,2,129.035,218,122,96,,ok
flow control off 0 - repeat 2,KV-cache detector,flow control off,0,2,129.502,219,123,96,,ok
flow control off 0 - repeat 2,KV-cache detector,flow control off,0,2,130.033,220,124,96,,ok
flow control off 0 - repeat 2,KV-cache detector,flow control off,0,2,130.502,220,124,96,,ok
flow control off 0 - repeat 2,KV-cache detector,flow control off,0,2,131.021,221,125,96,,ok
flow control off 0 - repeat 2,KV-cache detector,flow control off,0,2,131.503,222,126,96,,ok
flow control off 0 - repeat 2,KV-cache detector,flow control off,0,2,132.022,223,127,96,,ok
flow control off 0 - repeat 2,KV-cache detector,flow control off,0,2,132.552,224,128,96,,ok
flow control off 0 - repeat 2,KV-cache detector,flow control off,0,2,133.023,224,128,96,,ok
flow control off 0 - repeat 2,KV-cache detector,flow control off,0,2,133.548,225,129,96,,ok
flow control off 0 - repeat 2,KV-cache detector,flow control off,0,2,134.018,226,130,96,,ok
flow control off 0 - repeat 2,KV-cache detector,flow control off,0,2,134.541,227,131,96,,ok
flow control off 0 - repeat 2,KV-cache detector,flow control off,0,2,135.012,227,131,96,,ok
flow control off 0 - repeat 2,KV-cache detector,flow control off,0,2,135.523,228,132,96,,ok
flow control off 0 - repeat 2,KV-cache detector,flow control off,0,2,136.047,229,133,96,,ok
flow control off 0 - repeat 2,KV-cache detector,flow control off,0,2,136.513,229,133,96,,ok
flow control off 0 - repeat 2,KV-cache detector,flow control off,0,2,137.031,230,134,96,,ok
flow control off 0 - repeat 2,KV-cache detector,flow control off,0,2,137.509,231,135,96,,ok
flow control off 0 - repeat 2,KV-cache detector,flow control off,0,2,138.027,232,136,96,,ok
flow control off 0 - repeat 2,KV-cache detector,flow control off,0,2,138.543,233,137,96,,ok
flow control off 0 - repeat 2,KV-cache detector,flow control off,0,2,139.005,233,137,96,,ok
flow control off 0 - repeat 2,KV-cache detector,flow control off,0,2,139.533,234,138,96,,ok
flow control off 0 - repeat 2,KV-cache detector,flow control off,0,2,140.005,235,139,96,,ok
flow control off 0 - repeat 2,KV-cache detector,flow control off,0,2,140.519,236,140,96,,ok
flow control off 0 - repeat 2,KV-cache detector,flow control off,0,2,141.045,237,141,96,,ok
flow control off 0 - repeat 2,KV-cache detector,flow control off,0,2,141.519,237,141,96,,ok
flow control off 0 - repeat 2,KV-cache detector,flow control off,0,2,142.045,238,142,96,,ok
flow control off 0 - repeat 2,KV-cache detector,flow control off,0,2,142.529,239,143,96,,ok
flow control off 0 - repeat 2,KV-cache detector,flow control off,0,2,143.057,239,144,95,,ok
flow control off 0 - repeat 2,KV-cache detector,flow control off,0,2,143.531,240,144,96,,ok
flow control off 0 - repeat 2,KV-cache detector,flow control off,0,2,144.011,241,145,96,,ok
flow control off 0 - repeat 2,KV-cache detector,flow control off,0,2,144.531,242,146,96,,ok
flow control off 0 - repeat 2,KV-cache detector,flow control off,0,2,145.048,243,147,96,,ok
flow control off 0 - repeat 2,KV-cache detector,flow control off,0,2,145.511,243,147,96,,ok
flow control off 0 - repeat 2,KV-cache detector,flow control off,0,2,146.029,244,148,96,,ok
flow control off 0 - repeat 2,KV-cache detector,flow control off,0,2,146.547,245,149,96,,ok
flow control off 0 - repeat 2,KV-cache detector,flow control off,0,2,147.009,246,150,96,,ok
flow control off 0 - repeat 2,KV-cache detector,flow control off,0,2,147.542,246,150,96,,ok
flow control off 0 - repeat 2,KV-cache detector,flow control off,0,2,148.004,247,151,96,,ok
flow control off 0 - repeat 2,KV-cache detector,flow control off,0,2,148.521,248,152,96,,ok
flow control off 0 - repeat 2,KV-cache detector,flow control off,0,2,149.041,248,153,95,,ok
flow control off 0 - repeat 2,KV-cache detector,flow control off,0,2,149.509,249,153,96,,ok
flow control off 0 - repeat 2,KV-cache detector,flow control off,0,2,150.035,250,154,96,,ok
flow control off 0 - repeat 2,KV-cache detector,flow control off,0,2,151.26,251,156,95,,ok
flow control off 0 - repeat 2,KV-cache detector,flow control off,0,2,151.519,252,156,96,,ok
flow control off 0 - repeat 2,KV-cache detector,flow control off,0,2,152.032,253,157,96,,ok
flow control off 0 - repeat 2,KV-cache detector,flow control off,0,2,152.538,254,158,96,,ok
flow control off 0 - repeat 2,KV-cache detector,flow control off,0,2,153.043,255,159,96,,ok
flow control off 0 - repeat 2,KV-cache detector,flow control off,0,2,153.51,255,160,95,,ok
flow control off 0 - repeat 2,KV-cache detector,flow control off,0,2,154.047,256,160,96,,ok
flow control off 0 - repeat 2,KV-cache detector,flow control off,0,2,154.52,257,161,96,,ok
flow control off 0 - repeat 2,KV-cache detector,flow control off,0,2,155.051,258,162,96,,ok
flow control off 0 - repeat 2,KV-cache detector,flow control off,0,2,155.517,258,163,95,,ok
flow control off 0 - repeat 2,KV-cache detector,flow control off,0,2,156.035,259,163,96,,ok
flow control off 0 - repeat 2,KV-cache detector,flow control off,0,2,156.5,260,164,96,,ok
flow control off 0 - repeat 2,KV-cache detector,flow control off,0,2,157.022,261,165,96,,ok
flow control off 0 - repeat 2,KV-cache detector,flow control off,0,2,157.527,261,165,96,,ok
flow control off 0 - repeat 2,KV-cache detector,flow control off,0,2,158.044,262,166,96,,ok
flow control off 0 - repeat 2,KV-cache detector,flow control off,0,2,158.509,263,167,96,,ok
flow control off 0 - repeat 2,KV-cache detector,flow control off,0,2,159.027,264,168,96,,ok
flow control off 0 - repeat 2,KV-cache detector,flow control off,0,2,159.542,265,169,96,,ok
flow control off 0 - repeat 2,KV-cache detector,flow control off,0,2,160.004,265,169,96,,ok
flow control off 0 - repeat 2,KV-cache detector,flow control off,0,2,160.521,266,170,96,,ok
flow control off 0 - repeat 2,KV-cache detector,flow control off,0,2,161.034,267,171,96,,ok
flow control off 0 - repeat 2,KV-cache detector,flow control off,0,2,161.548,268,172,96,,ok
flow control off 0 - repeat 2,KV-cache detector,flow control off,0,2,162.015,268,172,96,,ok
flow control off 0 - repeat 2,KV-cache detector,flow control off,0,2,162.533,269,173,96,,ok
flow control off 0 - repeat 2,KV-cache detector,flow control off,0,2,163.004,270,174,96,,ok
flow control off 0 - repeat 2,KV-cache detector,flow control off,0,2,163.529,271,175,96,,ok
flow control off 0 - repeat 2,KV-cache detector,flow control off,0,2,164.005,271,175,96,,ok
flow control off 0 - repeat 2,KV-cache detector,flow control off,0,2,164.544,272,176,96,,ok
flow control off 0 - repeat 2,KV-cache detector,flow control off,0,2,165.007,273,177,96,,ok
flow control off 0 - repeat 2,KV-cache detector,flow control off,0,2,165.521,274,178,96,,ok
flow control off 0 - repeat 2,KV-cache detector,flow control off,0,2,166.042,275,179,96,,ok
flow control off 0 - repeat 2,KV-cache detector,flow control off,0,2,166.52,275,179,96,,ok
flow control off 0 - repeat 2,KV-cache detector,flow control off,0,2,167.036,276,180,96,,ok
flow control off 0 - repeat 2,KV-cache detector,flow control off,0,2,167.501,277,181,96,,ok
flow control off 0 - repeat 2,KV-cache detector,flow control off,0,2,168.014,277,182,95,,ok
flow control off 0 - repeat 2,KV-cache detector,flow control off,0,2,168.531,278,182,96,,ok
flow control off 0 - repeat 2,KV-cache detector,flow control off,0,2,169.051,279,183,96,,ok
flow control off 0 - repeat 2,KV-cache detector,flow control off,0,2,169.521,280,184,96,,ok
flow control off 0 - repeat 2,KV-cache detector,flow control off,0,2,170.037,280,185,95,,ok
flow control off 0 - repeat 2,KV-cache detector,flow control off,0,2,170.501,281,185,96,,ok
flow control off 0 - repeat 2,KV-cache detector,flow control off,0,2,171.017,282,186,96,,ok
flow control off 0 - repeat 2,KV-cache detector,flow control off,0,2,171.536,283,187,96,,ok
flow control off 0 - repeat 2,KV-cache detector,flow control off,0,2,172.001,284,188,96,,ok
flow control off 0 - repeat 2,KV-cache detector,flow control off,0,2,172.528,284,188,96,,ok
flow control off 0 - repeat 2,KV-cache detector,flow control off,0,2,173.002,285,189,96,,ok
flow control off 0 - repeat 2,KV-cache detector,flow control off,0,2,173.529,286,190,96,,ok
flow control off 0 - repeat 2,KV-cache detector,flow control off,0,2,174.011,287,191,96,,ok
flow control off 0 - repeat 2,KV-cache detector,flow control off,0,2,174.533,287,192,95,,ok
flow control off 0 - repeat 2,KV-cache detector,flow control off,0,2,175.013,288,192,96,,ok
flow control off 0 - repeat 2,KV-cache detector,flow control off,0,2,175.533,289,193,96,,ok
flow control off 0 - repeat 2,KV-cache detector,flow control off,0,2,176.002,290,194,96,,ok
flow control off 0 - repeat 2,KV-cache detector,flow control off,0,2,176.527,290,194,96,,ok
flow control off 0 - repeat 2,KV-cache detector,flow control off,0,2,177.002,291,195,96,,ok
flow control off 0 - repeat 2,KV-cache detector,flow control off,0,2,177.512,292,196,96,,ok
flow control off 0 - repeat 2,KV-cache detector,flow control off,0,2,178.04,293,197,96,,ok
flow control off 0 - repeat 2,KV-cache detector,flow control off,0,2,178.515,293,197,96,,ok
flow control off 0 - repeat 2,KV-cache detector,flow control off,0,2,179.043,294,198,96,,ok
flow control off 0 - repeat 2,KV-cache detector,flow control off,0,2,179.509,295,199,96,,ok
flow control off 0 - repeat 3,KV-cache detector,flow control off,0,3,0.001,0,0,0,,ok
flow control off 0 - repeat 3,KV-cache detector,flow control off,0,3,0.516,0,0,0,,ok
flow control off 0 - repeat 3,KV-cache detector,flow control off,0,3,1.034,1,0,1,,ok
flow control off 0 - repeat 3,KV-cache detector,flow control off,0,3,1.502,2,0,2,,ok
flow control off 0 - repeat 3,KV-cache detector,flow control off,0,3,2.021,2,0,2,,ok
flow control off 0 - repeat 3,KV-cache detector,flow control off,0,3,2.538,3,0,3,,ok
flow control off 0 - repeat 3,KV-cache detector,flow control off,0,3,3.001,3,0,3,,ok
flow control off 0 - repeat 3,KV-cache detector,flow control off,0,3,3.517,4,0,4,,ok
flow control off 0 - repeat 3,KV-cache detector,flow control off,0,3,4.045,4,0,4,,ok
flow control off 0 - repeat 3,KV-cache detector,flow control off,0,3,4.504,5,0,5,,ok
flow control off 0 - repeat 3,KV-cache detector,flow control off,0,3,5.019,5,0,5,,ok
flow control off 0 - repeat 3,KV-cache detector,flow control off,0,3,5.539,6,0,6,,ok
flow control off 0 - repeat 3,KV-cache detector,flow control off,0,3,6.007,6,0,6,,ok
flow control off 0 - repeat 3,KV-cache detector,flow control off,0,3,6.533,7,0,7,,ok
flow control off 0 - repeat 3,KV-cache detector,flow control off,0,3,7.002,7,0,7,,ok
flow control off 0 - repeat 3,KV-cache detector,flow control off,0,3,7.52,10,2,8,,ok
flow control off 0 - repeat 3,KV-cache detector,flow control off,0,3,8.033,12,3,9,,ok
flow control off 0 - repeat 3,KV-cache detector,flow control off,0,3,8.501,12,3,9,,ok
flow control off 0 - repeat 3,KV-cache detector,flow control off,0,3,9.019,13,3,10,,ok
flow control off 0 - repeat 3,KV-cache detector,flow control off,0,3,9.542,13,3,10,,ok
flow control off 0 - repeat 3,KV-cache detector,flow control off,0,3,10.006,14,3,11,,ok
flow control off 0 - repeat 3,KV-cache detector,flow control off,0,3,10.522,14,3,11,,ok
flow control off 0 - repeat 3,KV-cache detector,flow control off,0,3,11.043,15,4,11,,ok
flow control off 0 - repeat 3,KV-cache detector,flow control off,0,3,11.504,16,4,12,,ok
flow control off 0 - repeat 3,KV-cache detector,flow control off,0,3,12.022,17,4,13,,ok
flow control off 0 - repeat 3,KV-cache detector,flow control off,0,3,12.536,17,4,13,,ok
flow control off 0 - repeat 3,KV-cache detector,flow control off,0,3,13.0,18,4,14,,ok
flow control off 0 - repeat 3,KV-cache detector,flow control off,0,3,13.515,18,4,14,,ok
flow control off 0 - repeat 3,KV-cache detector,flow control off,0,3,14.028,19,4,15,,ok
flow control off 0 - repeat 3,KV-cache detector,flow control off,0,3,14.544,19,4,15,,ok
flow control off 0 - repeat 3,KV-cache detector,flow control off,0,3,15.016,21,5,16,,ok
flow control off 0 - repeat 3,KV-cache detector,flow control off,0,3,15.519,21,5,16,,ok
flow control off 0 - repeat 3,KV-cache detector,flow control off,0,3,16.002,22,5,17,,ok
flow control off 0 - repeat 3,KV-cache detector,flow control off,0,3,16.536,23,5,18,,ok
flow control off 0 - repeat 3,KV-cache detector,flow control off,0,3,17.048,23,5,18,,ok
flow control off 0 - repeat 3,KV-cache detector,flow control off,0,3,17.527,24,5,19,,ok
flow control off 0 - repeat 3,KV-cache detector,flow control off,0,3,18.041,25,6,19,,ok
flow control off 0 - repeat 3,KV-cache detector,flow control off,0,3,18.515,26,6,20,,ok
flow control off 0 - repeat 3,KV-cache detector,flow control off,0,3,19.035,26,6,20,,ok
flow control off 0 - repeat 3,KV-cache detector,flow control off,0,3,19.506,27,6,21,,ok
flow control off 0 - repeat 3,KV-cache detector,flow control off,0,3,20.036,27,6,21,,ok
flow control off 0 - repeat 3,KV-cache detector,flow control off,0,3,20.551,28,6,22,,ok
flow control off 0 - repeat 3,KV-cache detector,flow control off,0,3,21.018,29,7,22,,ok
flow control off 0 - repeat 3,KV-cache detector,flow control off,0,3,21.534,30,7,23,,ok
flow control off 0 - repeat 3,KV-cache detector,flow control off,0,3,22.0,30,7,23,,ok
flow control off 0 - repeat 3,KV-cache detector,flow control off,0,3,22.513,31,7,24,,ok
flow control off 0 - repeat 3,KV-cache detector,flow control off,0,3,23.028,32,7,25,,ok
flow control off 0 - repeat 3,KV-cache detector,flow control off,0,3,23.545,34,9,25,,ok
flow control off 0 - repeat 3,KV-cache detector,flow control off,0,3,24.012,39,13,26,,ok
flow control off 0 - repeat 3,KV-cache detector,flow control off,0,3,24.527,40,14,26,,ok
flow control off 0 - repeat 3,KV-cache detector,flow control off,0,3,25.047,42,15,27,,ok
flow control off 0 - repeat 3,KV-cache detector,flow control off,0,3,25.529,43,16,27,,ok
flow control off 0 - repeat 3,KV-cache detector,flow control off,0,3,26.017,45,17,28,,ok
flow control off 0 - repeat 3,KV-cache detector,flow control off,0,3,26.539,45,17,28,,ok
flow control off 0 - repeat 3,KV-cache detector,flow control off,0,3,27.009,46,17,29,,ok
flow control off 0 - repeat 3,KV-cache detector,flow control off,0,3,27.526,46,17,29,,ok
flow control off 0 - repeat 3,KV-cache detector,flow control off,0,3,28.046,48,18,30,,ok
flow control off 0 - repeat 3,KV-cache detector,flow control off,0,3,28.511,48,18,30,,ok
flow control off 0 - repeat 3,KV-cache detector,flow control off,0,3,29.028,49,18,31,,ok
flow control off 0 - repeat 3,KV-cache detector,flow control off,0,3,29.544,49,18,31,,ok
flow control off 0 - repeat 3,KV-cache detector,flow control off,0,3,30.011,50,18,32,,ok
flow control off 0 - repeat 3,KV-cache detector,flow control off,0,3,30.533,51,18,33,,ok
flow control off 0 - repeat 3,KV-cache detector,flow control off,0,3,31.047,51,18,33,,ok
flow control off 0 - repeat 3,KV-cache detector,flow control off,0,3,31.513,53,19,34,,ok
flow control off 0 - repeat 3,KV-cache detector,flow control off,0,3,32.033,53,19,34,,ok
flow control off 0 - repeat 3,KV-cache detector,flow control off,0,3,32.546,54,19,35,,ok
flow control off 0 - repeat 3,KV-cache detector,flow control off,0,3,33.012,54,19,35,,ok
flow control off 0 - repeat 3,KV-cache detector,flow control off,0,3,33.525,55,19,36,,ok
flow control off 0 - repeat 3,KV-cache detector,flow control off,0,3,34.042,55,19,36,,ok
flow control off 0 - repeat 3,KV-cache detector,flow control off,0,3,34.508,56,19,37,,ok
flow control off 0 - repeat 3,KV-cache detector,flow control off,0,3,35.023,56,19,37,,ok
flow control off 0 - repeat 3,KV-cache detector,flow control off,0,3,35.503,57,19,38,,ok
flow control off 0 - repeat 3,KV-cache detector,flow control off,0,3,36.024,57,19,38,,ok
flow control off 0 - repeat 3,KV-cache detector,flow control off,0,3,36.543,58,19,39,,ok
flow control off 0 - repeat 3,KV-cache detector,flow control off,0,3,37.039,58,19,39,,ok
flow control off 0 - repeat 3,KV-cache detector,flow control off,0,3,37.502,59,19,40,,ok
flow control off 0 - repeat 3,KV-cache detector,flow control off,0,3,38.019,60,20,40,,ok
flow control off 0 - repeat 3,KV-cache detector,flow control off,0,3,38.534,61,20,41,,ok
flow control off 0 - repeat 3,KV-cache detector,flow control off,0,3,39.048,63,21,42,,ok
flow control off 0 - repeat 3,KV-cache detector,flow control off,0,3,39.512,64,22,42,,ok
flow control off 0 - repeat 3,KV-cache detector,flow control off,0,3,40.028,65,22,43,,ok
flow control off 0 - repeat 3,KV-cache detector,flow control off,0,3,40.545,65,22,43,,ok
flow control off 0 - repeat 3,KV-cache detector,flow control off,0,3,41.014,66,22,44,,ok
flow control off 0 - repeat 3,KV-cache detector,flow control off,0,3,41.531,66,22,44,,ok
flow control off 0 - repeat 3,KV-cache detector,flow control off,0,3,42.048,67,22,45,,ok
flow control off 0 - repeat 3,KV-cache detector,flow control off,0,3,42.514,67,22,45,,ok
flow control off 0 - repeat 3,KV-cache detector,flow control off,0,3,43.027,69,23,46,,ok
flow control off 0 - repeat 3,KV-cache detector,flow control off,0,3,43.542,69,23,46,,ok
flow control off 0 - repeat 3,KV-cache detector,flow control off,0,3,44.004,70,23,47,,ok
flow control off 0 - repeat 3,KV-cache detector,flow control off,0,3,44.521,70,23,47,,ok
flow control off 0 - repeat 3,KV-cache detector,flow control off,0,3,45.037,71,23,48,,ok
flow control off 0 - repeat 3,KV-cache detector,flow control off,0,3,45.535,72,23,49,,ok
flow control off 0 - repeat 3,KV-cache detector,flow control off,0,3,46.003,72,23,49,,ok
flow control off 0 - repeat 3,KV-cache detector,flow control off,0,3,46.523,73,23,50,,ok
flow control off 0 - repeat 3,KV-cache detector,flow control off,0,3,47.051,73,23,50,,ok
flow control off 0 - repeat 3,KV-cache detector,flow control off,0,3,47.511,75,24,51,,ok
flow control off 0 - repeat 3,KV-cache detector,flow control off,0,3,48.032,76,25,51,,ok
flow control off 0 - repeat 3,KV-cache detector,flow control off,0,3,48.548,78,26,52,,ok
flow control off 0 - repeat 3,KV-cache detector,flow control off,0,3,49.013,78,26,52,,ok
flow control off 0 - repeat 3,KV-cache detector,flow control off,0,3,49.528,79,26,53,,ok
flow control off 0 - repeat 3,KV-cache detector,flow control off,0,3,50.003,79,26,53,,ok
flow control off 0 - repeat 3,KV-cache detector,flow control off,0,3,50.519,80,26,54,,ok
flow control off 0 - repeat 3,KV-cache detector,flow control off,0,3,51.036,80,26,54,,ok
flow control off 0 - repeat 3,KV-cache detector,flow control off,0,3,51.503,81,26,55,,ok
flow control off 0 - repeat 3,KV-cache detector,flow control off,0,3,52.019,81,26,55,,ok
flow control off 0 - repeat 3,KV-cache detector,flow control off,0,3,52.538,82,26,56,,ok
flow control off 0 - repeat 3,KV-cache detector,flow control off,0,3,53.003,82,26,56,,ok
flow control off 0 - repeat 3,KV-cache detector,flow control off,0,3,53.518,84,27,57,,ok
flow control off 0 - repeat 3,KV-cache detector,flow control off,0,3,54.034,85,27,58,,ok
flow control off 0 - repeat 3,KV-cache detector,flow control off,0,3,54.552,85,27,58,,ok
flow control off 0 - repeat 3,KV-cache detector,flow control off,0,3,55.019,86,27,59,,ok
flow control off 0 - repeat 3,KV-cache detector,flow control off,0,3,55.54,86,27,59,,ok
flow control off 0 - repeat 3,KV-cache detector,flow control off,0,3,56.017,87,27,60,,ok
flow control off 0 - repeat 3,KV-cache detector,flow control off,0,3,56.545,87,27,60,,ok
flow control off 0 - repeat 3,KV-cache detector,flow control off,0,3,57.024,88,27,61,,ok
flow control off 0 - repeat 3,KV-cache detector,flow control off,0,3,57.547,88,27,61,,ok
flow control off 0 - repeat 3,KV-cache detector,flow control off,0,3,58.013,89,27,62,,ok
flow control off 0 - repeat 3,KV-cache detector,flow control off,0,3,58.528,89,27,62,,ok
flow control off 0 - repeat 3,KV-cache detector,flow control off,0,3,59.044,90,27,63,,ok
flow control off 0 - repeat 3,KV-cache detector,flow control off,0,3,59.507,90,28,62,,ok
flow control off 0 - repeat 3,KV-cache detector,flow control off,0,3,60.023,92,28,64,,ok
flow control off 0 - repeat 3,KV-cache detector,flow control off,0,3,60.634,93,29,64,,ok
flow control off 0 - repeat 3,KV-cache detector,flow control off,0,3,61.044,95,30,65,,ok
flow control off 0 - repeat 3,KV-cache detector,flow control off,0,3,61.513,96,30,66,,ok
flow control off 0 - repeat 3,KV-cache detector,flow control off,0,3,62.031,96,30,66,,ok
flow control off 0 - repeat 3,KV-cache detector,flow control off,0,3,62.501,97,30,67,,ok
flow control off 0 - repeat 3,KV-cache detector,flow control off,0,3,63.019,97,30,67,,ok
flow control off 0 - repeat 3,KV-cache detector,flow control off,0,3,63.513,98,30,68,,ok
flow control off 0 - repeat 3,KV-cache detector,flow control off,0,3,64.029,98,30,68,,ok
flow control off 0 - repeat 3,KV-cache detector,flow control off,0,3,64.546,99,30,69,,ok
flow control off 0 - repeat 3,KV-cache detector,flow control off,0,3,65.009,99,30,69,,ok
flow control off 0 - repeat 3,KV-cache detector,flow control off,0,3,65.546,100,30,70,,ok
flow control off 0 - repeat 3,KV-cache detector,flow control off,0,3,66.015,101,31,70,,ok
flow control off 0 - repeat 3,KV-cache detector,flow control off,0,3,66.514,102,31,71,,ok
flow control off 0 - repeat 3,KV-cache detector,flow control off,0,3,67.049,102,31,71,,ok
flow control off 0 - repeat 3,KV-cache detector,flow control off,0,3,67.512,103,31,72,,ok
flow control off 0 - repeat 3,KV-cache detector,flow control off,0,3,68.027,104,31,73,,ok
flow control off 0 - repeat 3,KV-cache detector,flow control off,0,3,68.543,104,31,73,,ok
flow control off 0 - repeat 3,KV-cache detector,flow control off,0,3,69.011,105,31,74,,ok
flow control off 0 - repeat 3,KV-cache detector,flow control off,0,3,69.531,106,32,74,,ok
flow control off 0 - repeat 3,KV-cache detector,flow control off,0,3,70.05,108,33,75,,ok
flow control off 0 - repeat 3,KV-cache detector,flow control off,0,3,70.519,109,34,75,,ok
flow control off 0 - repeat 3,KV-cache detector,flow control off,0,3,71.037,110,34,76,,ok
flow control off 0 - repeat 3,KV-cache detector,flow control off,0,3,71.5,111,35,76,,ok
flow control off 0 - repeat 3,KV-cache detector,flow control off,0,3,72.015,113,36,77,,ok
flow control off 0 - repeat 3,KV-cache detector,flow control off,0,3,72.531,113,37,76,,ok
flow control off 0 - repeat 3,KV-cache detector,flow control off,0,3,73.045,115,37,78,,ok
flow control off 0 - repeat 3,KV-cache detector,flow control off,0,3,73.512,116,38,78,,ok
flow control off 0 - repeat 3,KV-cache detector,flow control off,0,3,74.031,118,39,79,,ok
flow control off 0 - repeat 3,KV-cache detector,flow control off,0,3,74.548,119,40,79,,ok
flow control off 0 - repeat 3,KV-cache detector,flow control off,0,3,75.021,120,40,80,,ok
flow control off 0 - repeat 3,KV-cache detector,flow control off,0,3,75.528,122,41,81,,ok
flow control off 0 - repeat 3,KV-cache detector,flow control off,0,3,76.052,123,42,81,,ok
flow control off 0 - repeat 3,KV-cache detector,flow control off,0,3,76.544,125,43,82,,ok
flow control off 0 - repeat 3,KV-cache detector,flow control off,0,3,77.021,126,44,82,,ok
flow control off 0 - repeat 3,KV-cache detector,flow control off,0,3,77.548,127,44,83,,ok
flow control off 0 - repeat 3,KV-cache detector,flow control off,0,3,78.01,128,45,83,,ok
flow control off 0 - repeat 3,KV-cache detector,flow control off,0,3,78.528,130,46,84,,ok
flow control off 0 - repeat 3,KV-cache detector,flow control off,0,3,79.052,131,47,84,,ok
flow control off 0 - repeat 3,KV-cache detector,flow control off,0,3,79.523,132,48,84,,ok
flow control off 0 - repeat 3,KV-cache detector,flow control off,0,3,80.046,133,48,85,,ok
flow control off 0 - repeat 3,KV-cache detector,flow control off,0,3,80.511,135,49,86,,ok
flow control off 0 - repeat 3,KV-cache detector,flow control off,0,3,81.037,136,50,86,,ok
flow control off 0 - repeat 3,KV-cache detector,flow control off,0,3,81.502,137,50,87,,ok
flow control off 0 - repeat 3,KV-cache detector,flow control off,0,3,82.033,138,51,87,,ok
flow control off 0 - repeat 3,KV-cache detector,flow control off,0,3,82.505,140,52,88,,ok
flow control off 0 - repeat 3,KV-cache detector,flow control off,0,3,83.025,142,53,89,,ok
flow control off 0 - repeat 3,KV-cache detector,flow control off,0,3,83.551,143,54,89,,ok
flow control off 0 - repeat 3,KV-cache detector,flow control off,0,3,84.018,144,54,90,,ok
flow control off 0 - repeat 3,KV-cache detector,flow control off,0,3,84.534,145,55,90,,ok
flow control off 0 - repeat 3,KV-cache detector,flow control off,0,3,85.003,147,56,91,,ok
flow control off 0 - repeat 3,KV-cache detector,flow control off,0,3,85.543,148,57,91,,ok
flow control off 0 - repeat 3,KV-cache detector,flow control off,0,3,86.014,149,58,91,,ok
flow control off 0 - repeat 3,KV-cache detector,flow control off,0,3,86.537,150,58,92,,ok
flow control off 0 - repeat 3,KV-cache detector,flow control off,0,3,87.015,152,59,93,,ok
flow control off 0 - repeat 3,KV-cache detector,flow control off,0,3,87.534,153,60,93,,ok
flow control off 0 - repeat 3,KV-cache detector,flow control off,0,3,88.05,154,60,94,,ok
flow control off 0 - repeat 3,KV-cache detector,flow control off,0,3,88.515,155,61,94,,ok
flow control off 0 - repeat 3,KV-cache detector,flow control off,0,3,89.034,157,62,95,,ok
flow control off 0 - repeat 3,KV-cache detector,flow control off,0,3,89.55,158,63,95,,ok
flow control off 0 - repeat 3,KV-cache detector,flow control off,0,3,90.013,160,64,96,,ok
flow control off 0 - repeat 3,KV-cache detector,flow control off,0,3,90.53,160,64,96,,ok
flow control off 0 - repeat 3,KV-cache detector,flow control off,0,3,91.218,160,66,94,,ok
flow control off 0 - repeat 3,KV-cache detector,flow control off,0,3,91.528,162,66,96,,ok
flow control off 0 - repeat 3,KV-cache detector,flow control off,0,3,92.047,163,67,96,,ok
flow control off 0 - repeat 3,KV-cache detector,flow control off,0,3,92.513,163,68,95,,ok
flow control off 0 - repeat 3,KV-cache detector,flow control off,0,3,93.028,164,68,96,,ok
flow control off 0 - repeat 3,KV-cache detector,flow control off,0,3,93.549,165,69,96,,ok
flow control off 0 - repeat 3,KV-cache detector,flow control off,0,3,94.015,166,70,96,,ok
flow control off 0 - repeat 3,KV-cache detector,flow control off,0,3,94.532,166,70,96,,ok
flow control off 0 - repeat 3,KV-cache detector,flow control off,0,3,95.051,167,71,96,,ok
flow control off 0 - repeat 3,KV-cache detector,flow control off,0,3,95.509,168,72,96,,ok
flow control off 0 - repeat 3,KV-cache detector,flow control off,0,3,96.03,169,73,96,,ok
flow control off 0 - repeat 3,KV-cache detector,flow control off,0,3,96.501,169,73,96,,ok
flow control off 0 - repeat 3,KV-cache detector,flow control off,0,3,97.034,170,74,96,,ok
flow control off 0 - repeat 3,KV-cache detector,flow control off,0,3,97.552,171,75,96,,ok
flow control off 0 - repeat 3,KV-cache detector,flow control off,0,3,98.013,172,76,96,,ok
flow control off 0 - repeat 3,KV-cache detector,flow control off,0,3,98.53,173,77,96,,ok
flow control off 0 - repeat 3,KV-cache detector,flow control off,0,3,99.045,173,77,96,,ok
flow control off 0 - repeat 3,KV-cache detector,flow control off,0,3,99.514,174,78,96,,ok
flow control off 0 - repeat 3,KV-cache detector,flow control off,0,3,100.029,175,79,96,,ok
flow control off 0 - repeat 3,KV-cache detector,flow control off,0,3,100.546,176,80,96,,ok
flow control off 0 - repeat 3,KV-cache detector,flow control off,0,3,101.015,176,81,95,,ok
flow control off 0 - repeat 3,KV-cache detector,flow control off,0,3,101.529,177,81,96,,ok
flow control off 0 - repeat 3,KV-cache detector,flow control off,0,3,102.044,178,82,96,,ok
flow control off 0 - repeat 3,KV-cache detector,flow control off,0,3,102.509,179,83,96,,ok
flow control off 0 - repeat 3,KV-cache detector,flow control off,0,3,103.034,179,83,96,,ok
flow control off 0 - repeat 3,KV-cache detector,flow control off,0,3,103.547,180,84,96,,ok
flow control off 0 - repeat 3,KV-cache detector,flow control off,0,3,104.013,181,85,96,,ok
flow control off 0 - repeat 3,KV-cache detector,flow control off,0,3,104.531,182,86,96,,ok
flow control off 0 - repeat 3,KV-cache detector,flow control off,0,3,105.055,183,87,96,,ok
flow control off 0 - repeat 3,KV-cache detector,flow control off,0,3,105.525,183,87,96,,ok
flow control off 0 - repeat 3,KV-cache detector,flow control off,0,3,106.002,184,88,96,,ok
flow control off 0 - repeat 3,KV-cache detector,flow control off,0,3,106.53,185,89,96,,ok
flow control off 0 - repeat 3,KV-cache detector,flow control off,0,3,107.025,185,89,96,,ok
flow control off 0 - repeat 3,KV-cache detector,flow control off,0,3,107.551,186,90,96,,ok
flow control off 0 - repeat 3,KV-cache detector,flow control off,0,3,108.018,187,91,96,,ok
flow control off 0 - repeat 3,KV-cache detector,flow control off,0,3,108.533,188,92,96,,ok
flow control off 0 - repeat 3,KV-cache detector,flow control off,0,3,109.045,188,92,96,,ok
flow control off 0 - repeat 3,KV-cache detector,flow control off,0,3,109.511,189,93,96,,ok
flow control off 0 - repeat 3,KV-cache detector,flow control off,0,3,110.027,190,94,96,,ok
flow control off 0 - repeat 3,KV-cache detector,flow control off,0,3,110.546,191,95,96,,ok
flow control off 0 - repeat 3,KV-cache detector,flow control off,0,3,111.013,191,96,95,,ok
flow control off 0 - repeat 3,KV-cache detector,flow control off,0,3,111.531,192,96,96,,ok
flow control off 0 - repeat 3,KV-cache detector,flow control off,0,3,112.05,193,97,96,,ok
flow control off 0 - repeat 3,KV-cache detector,flow control off,0,3,112.509,194,98,96,,ok
flow control off 0 - repeat 3,KV-cache detector,flow control off,0,3,113.029,194,99,95,,ok
flow control off 0 - repeat 3,KV-cache detector,flow control off,0,3,113.616,195,99,96,,ok
flow control off 0 - repeat 3,KV-cache detector,flow control off,0,3,114.03,196,100,96,,ok
flow control off 0 - repeat 3,KV-cache detector,flow control off,0,3,114.548,196,101,95,,ok
flow control off 0 - repeat 3,KV-cache detector,flow control off,0,3,115.011,197,101,96,,ok
flow control off 0 - repeat 3,KV-cache detector,flow control off,0,3,115.512,198,102,96,,ok
flow control off 0 - repeat 3,KV-cache detector,flow control off,0,3,116.043,199,103,96,,ok
flow control off 0 - repeat 3,KV-cache detector,flow control off,0,3,116.511,199,103,96,,ok
flow control off 0 - repeat 3,KV-cache detector,flow control off,0,3,117.039,200,104,96,,ok
flow control off 0 - repeat 3,KV-cache detector,flow control off,0,3,117.51,200,105,95,,ok
flow control off 0 - repeat 3,KV-cache detector,flow control off,0,3,118.031,201,105,96,,ok
flow control off 0 - repeat 3,KV-cache detector,flow control off,0,3,118.548,202,106,96,,ok
flow control off 0 - repeat 3,KV-cache detector,flow control off,0,3,119.016,203,107,96,,ok
flow control off 0 - repeat 3,KV-cache detector,flow control off,0,3,119.531,203,108,95,,ok
flow control off 0 - repeat 3,KV-cache detector,flow control off,0,3,120.047,204,108,96,,ok
flow control off 0 - repeat 3,KV-cache detector,flow control off,0,3,120.896,205,110,95,,ok
flow control off 0 - repeat 3,KV-cache detector,flow control off,0,3,121.051,206,110,96,,ok
flow control off 0 - repeat 3,KV-cache detector,flow control off,0,3,121.517,207,111,96,,ok
flow control off 0 - repeat 3,KV-cache detector,flow control off,0,3,122.042,207,111,96,,ok
flow control off 0 - repeat 3,KV-cache detector,flow control off,0,3,122.508,208,112,96,,ok
flow control off 0 - repeat 3,KV-cache detector,flow control off,0,3,123.024,209,113,96,,ok
flow control off 0 - repeat 3,KV-cache detector,flow control off,0,3,123.539,210,114,96,,ok
flow control off 0 - repeat 3,KV-cache detector,flow control off,0,3,124.003,210,114,96,,ok
flow control off 0 - repeat 3,KV-cache detector,flow control off,0,3,124.52,211,115,96,,ok
flow control off 0 - repeat 3,KV-cache detector,flow control off,0,3,125.036,212,116,96,,ok
flow control off 0 - repeat 3,KV-cache detector,flow control off,0,3,125.509,213,117,96,,ok
flow control off 0 - repeat 3,KV-cache detector,flow control off,0,3,126.039,213,118,95,,ok
flow control off 0 - repeat 3,KV-cache detector,flow control off,0,3,126.517,214,118,96,,ok
flow control off 0 - repeat 3,KV-cache detector,flow control off,0,3,127.011,215,119,96,,ok
flow control off 0 - repeat 3,KV-cache detector,flow control off,0,3,127.531,216,120,96,,ok
flow control off 0 - repeat 3,KV-cache detector,flow control off,0,3,128.044,216,120,96,,ok
flow control off 0 - repeat 3,KV-cache detector,flow control off,0,3,128.508,217,121,96,,ok
flow control off 0 - repeat 3,KV-cache detector,flow control off,0,3,129.023,218,122,96,,ok
flow control off 0 - repeat 3,KV-cache detector,flow control off,0,3,129.548,219,123,96,,ok
flow control off 0 - repeat 3,KV-cache detector,flow control off,0,3,130.011,219,123,96,,ok
flow control off 0 - repeat 3,KV-cache detector,flow control off,0,3,130.529,220,124,96,,ok
flow control off 0 - repeat 3,KV-cache detector,flow control off,0,3,131.051,221,125,96,,ok
flow control off 0 - repeat 3,KV-cache detector,flow control off,0,3,131.517,222,126,96,,ok
flow control off 0 - repeat 3,KV-cache detector,flow control off,0,3,132.033,222,127,95,,ok
flow control off 0 - repeat 3,KV-cache detector,flow control off,0,3,132.551,223,127,96,,ok
flow control off 0 - repeat 3,KV-cache detector,flow control off,0,3,133.019,224,128,96,,ok
flow control off 0 - repeat 3,KV-cache detector,flow control off,0,3,133.538,225,129,96,,ok
flow control off 0 - repeat 3,KV-cache detector,flow control off,0,3,134.001,226,130,96,,ok
flow control off 0 - repeat 3,KV-cache detector,flow control off,0,3,134.516,226,130,96,,ok
flow control off 0 - repeat 3,KV-cache detector,flow control off,0,3,135.031,227,131,96,,ok
flow control off 0 - repeat 3,KV-cache detector,flow control off,0,3,135.51,228,132,96,,ok
flow control off 0 - repeat 3,KV-cache detector,flow control off,0,3,136.049,229,133,96,,ok
flow control off 0 - repeat 3,KV-cache detector,flow control off,0,3,136.527,229,134,95,,ok
flow control off 0 - repeat 3,KV-cache detector,flow control off,0,3,137.008,230,134,96,,ok
flow control off 0 - repeat 3,KV-cache detector,flow control off,0,3,137.548,231,135,96,,ok
flow control off 0 - repeat 3,KV-cache detector,flow control off,0,3,138.012,232,136,96,,ok
flow control off 0 - repeat 3,KV-cache detector,flow control off,0,3,138.532,232,137,95,,ok
flow control off 0 - repeat 3,KV-cache detector,flow control off,0,3,139.045,233,137,96,,ok
flow control off 0 - repeat 3,KV-cache detector,flow control off,0,3,139.512,234,138,96,,ok
flow control off 0 - repeat 3,KV-cache detector,flow control off,0,3,140.025,235,139,96,,ok
flow control off 0 - repeat 3,KV-cache detector,flow control off,0,3,140.539,235,140,95,,ok
flow control off 0 - repeat 3,KV-cache detector,flow control off,0,3,141.001,236,140,96,,ok
flow control off 0 - repeat 3,KV-cache detector,flow control off,0,3,141.517,237,141,96,,ok
flow control off 0 - repeat 3,KV-cache detector,flow control off,0,3,142.036,238,142,96,,ok
flow control off 0 - repeat 3,KV-cache detector,flow control off,0,3,142.502,239,143,96,,ok
flow control off 0 - repeat 3,KV-cache detector,flow control off,0,3,143.018,239,143,96,,ok
flow control off 0 - repeat 3,KV-cache detector,flow control off,0,3,143.533,240,144,96,,ok
flow control off 0 - repeat 3,KV-cache detector,flow control off,0,3,144.012,241,145,96,,ok
flow control off 0 - repeat 3,KV-cache detector,flow control off,0,3,144.537,242,146,96,,ok
flow control off 0 - repeat 3,KV-cache detector,flow control off,0,3,145.026,242,147,95,,ok
flow control off 0 - repeat 3,KV-cache detector,flow control off,0,3,145.504,243,147,96,,ok
flow control off 0 - repeat 3,KV-cache detector,flow control off,0,3,146.036,244,148,96,,ok
flow control off 0 - repeat 3,KV-cache detector,flow control off,0,3,146.502,245,149,96,,ok
flow control off 0 - repeat 3,KV-cache detector,flow control off,0,3,147.027,245,150,95,,ok
flow control off 0 - repeat 3,KV-cache detector,flow control off,0,3,147.548,246,150,96,,ok
flow control off 0 - repeat 3,KV-cache detector,flow control off,0,3,148.012,247,151,96,,ok
flow control off 0 - repeat 3,KV-cache detector,flow control off,0,3,148.531,248,152,96,,ok
flow control off 0 - repeat 3,KV-cache detector,flow control off,0,3,149.006,248,152,96,,ok
flow control off 0 - repeat 3,KV-cache detector,flow control off,0,3,149.529,249,153,96,,ok
flow control off 0 - repeat 3,KV-cache detector,flow control off,0,3,150.043,250,154,96,,ok
flow control off 0 - repeat 3,KV-cache detector,flow control off,0,3,150.52,251,155,96,,ok
flow control off 0 - repeat 3,KV-cache detector,flow control off,0,3,151.764,251,157,94,,ok
flow control off 0 - repeat 3,KV-cache detector,flow control off,0,3,152.023,253,157,96,,ok
flow control off 0 - repeat 3,KV-cache detector,flow control off,0,3,152.548,254,158,96,,ok
flow control off 0 - repeat 3,KV-cache detector,flow control off,0,3,153.01,255,159,96,,ok
flow control off 0 - repeat 3,KV-cache detector,flow control off,0,3,153.524,255,159,96,,ok
flow control off 0 - repeat 3,KV-cache detector,flow control off,0,3,154.046,256,160,96,,ok
flow control off 0 - repeat 3,KV-cache detector,flow control off,0,3,154.51,257,161,96,,ok
flow control off 0 - repeat 3,KV-cache detector,flow control off,0,3,155.026,258,162,96,,ok
flow control off 0 - repeat 3,KV-cache detector,flow control off,0,3,155.513,258,162,96,,ok
flow control off 0 - repeat 3,KV-cache detector,flow control off,0,3,156.047,259,163,96,,ok
flow control off 0 - repeat 3,KV-cache detector,flow control off,0,3,156.518,260,164,96,,ok
flow control off 0 - repeat 3,KV-cache detector,flow control off,0,3,157.003,261,165,96,,ok
flow control off 0 - repeat 3,KV-cache detector,flow control off,0,3,157.533,262,166,96,,ok
flow control off 0 - repeat 3,KV-cache detector,flow control off,0,3,158.046,262,166,96,,ok
flow control off 0 - repeat 3,KV-cache detector,flow control off,0,3,158.507,263,167,96,,ok
flow control off 0 - repeat 3,KV-cache detector,flow control off,0,3,159.023,264,168,96,,ok
flow control off 0 - repeat 3,KV-cache detector,flow control off,0,3,159.542,265,169,96,,ok
flow control off 0 - repeat 3,KV-cache detector,flow control off,0,3,160.003,265,169,96,,ok
flow control off 0 - repeat 3,KV-cache detector,flow control off,0,3,160.521,266,170,96,,ok
flow control off 0 - repeat 3,KV-cache detector,flow control off,0,3,161.036,267,171,96,,ok
flow control off 0 - repeat 3,KV-cache detector,flow control off,0,3,161.55,267,172,95,,ok
flow control off 0 - repeat 3,KV-cache detector,flow control off,0,3,162.015,268,172,96,,ok
flow control off 0 - repeat 3,KV-cache detector,flow control off,0,3,162.545,269,173,96,,ok
flow control off 0 - repeat 3,KV-cache detector,flow control off,0,3,163.012,270,174,96,,ok
flow control off 0 - repeat 3,KV-cache detector,flow control off,0,3,163.529,271,175,96,,ok
flow control off 0 - repeat 3,KV-cache detector,flow control off,0,3,164.041,271,175,96,,ok
flow control off 0 - repeat 3,KV-cache detector,flow control off,0,3,164.529,272,176,96,,ok
flow control off 0 - repeat 3,KV-cache detector,flow control off,0,3,165.044,273,177,96,,ok
flow control off 0 - repeat 3,KV-cache detector,flow control off,0,3,165.541,274,178,96,,ok
flow control off 0 - repeat 3,KV-cache detector,flow control off,0,3,166.021,274,179,95,,ok
flow control off 0 - repeat 3,KV-cache detector,flow control off,0,3,166.542,275,179,96,,ok
flow control off 0 - repeat 3,KV-cache detector,flow control off,0,3,167.03,276,180,96,,ok
flow control off 0 - repeat 3,KV-cache detector,flow control off,0,3,167.552,277,181,96,,ok
flow control off 0 - repeat 3,KV-cache detector,flow control off,0,3,168.021,277,181,96,,ok
flow control off 0 - repeat 3,KV-cache detector,flow control off,0,3,168.544,278,182,96,,ok
flow control off 0 - repeat 3,KV-cache detector,flow control off,0,3,169.01,279,183,96,,ok
flow control off 0 - repeat 3,KV-cache detector,flow control off,0,3,169.526,280,184,96,,ok
flow control off 0 - repeat 3,KV-cache detector,flow control off,0,3,170.045,281,185,96,,ok
flow control off 0 - repeat 3,KV-cache detector,flow control off,0,3,170.509,281,185,96,,ok
flow control off 0 - repeat 3,KV-cache detector,flow control off,0,3,171.029,282,186,96,,ok
flow control off 0 - repeat 3,KV-cache detector,flow control off,0,3,171.544,283,187,96,,ok
flow control off 0 - repeat 3,KV-cache detector,flow control off,0,3,172.022,284,188,96,,ok
flow control off 0 - repeat 3,KV-cache detector,flow control off,0,3,172.546,284,188,96,,ok
flow control off 0 - repeat 3,KV-cache detector,flow control off,0,3,173.012,285,189,96,,ok
flow control off 0 - repeat 3,KV-cache detector,flow control off,0,3,173.54,286,190,96,,ok
flow control off 0 - repeat 3,KV-cache detector,flow control off,0,3,174.002,286,190,96,,ok
flow control off 0 - repeat 3,KV-cache detector,flow control off,0,3,174.527,287,191,96,,ok
flow control off 0 - repeat 3,KV-cache detector,flow control off,0,3,175.049,288,192,96,,ok
flow control off 0 - repeat 3,KV-cache detector,flow control off,0,3,175.547,289,193,96,,ok
flow control off 0 - repeat 3,KV-cache detector,flow control off,0,3,176.033,290,194,96,,ok
flow control off 0 - repeat 3,KV-cache detector,flow control off,0,3,176.506,290,194,96,,ok
flow control off 0 - repeat 3,KV-cache detector,flow control off,0,3,177.049,291,195,96,,ok
flow control off 0 - repeat 3,KV-cache detector,flow control off,0,3,177.524,292,196,96,,ok
flow control off 0 - repeat 3,KV-cache detector,flow control off,0,3,178.045,293,197,96,,ok
flow control off 0 - repeat 3,KV-cache detector,flow control off,0,3,178.51,294,198,96,,ok
flow control off 0 - repeat 3,KV-cache detector,flow control off,0,3,179.026,294,198,96,,ok
flow control off 0 - repeat 3,KV-cache detector,flow control off,0,3,179.544,295,199,96,,ok
KV threshold 0.5 - repeat 1,KV-cache detector,KV threshold,0.5,1,0.0,0,0,0,,ok
KV threshold 0.5 - repeat 1,KV-cache detector,KV threshold,0.5,1,0.516,0,0,0,,ok
KV threshold 0.5 - repeat 1,KV-cache detector,KV threshold,0.5,1,1.035,1,0,1,,ok
KV threshold 0.5 - repeat 1,KV-cache detector,KV threshold,0.5,1,1.503,2,0,2,,ok
KV threshold 0.5 - repeat 1,KV-cache detector,KV threshold,0.5,1,2.019,2,0,2,,ok
KV threshold 0.5 - repeat 1,KV-cache detector,KV threshold,0.5,1,2.536,3,0,3,,ok
KV threshold 0.5 - repeat 1,KV-cache detector,KV threshold,0.5,1,3.048,3,0,3,,ok
KV threshold 0.5 - repeat 1,KV-cache detector,KV threshold,0.5,1,3.514,4,0,4,,ok
KV threshold 0.5 - repeat 1,KV-cache detector,KV threshold,0.5,1,4.03,4,0,4,,ok
KV threshold 0.5 - repeat 1,KV-cache detector,KV threshold,0.5,1,4.547,5,0,5,,ok
KV threshold 0.5 - repeat 1,KV-cache detector,KV threshold,0.5,1,5.011,5,0,5,,ok
KV threshold 0.5 - repeat 1,KV-cache detector,KV threshold,0.5,1,5.53,6,0,6,,ok
KV threshold 0.5 - repeat 1,KV-cache detector,KV threshold,0.5,1,6.014,8,2,6,,ok
KV threshold 0.5 - repeat 1,KV-cache detector,KV threshold,0.5,1,6.547,9,2,7,,ok
KV threshold 0.5 - repeat 1,KV-cache detector,KV threshold,0.5,1,7.02,9,2,7,,ok
KV threshold 0.5 - repeat 1,KV-cache detector,KV threshold,0.5,1,7.51,10,2,8,,ok
KV threshold 0.5 - repeat 1,KV-cache detector,KV threshold,0.5,1,8.03,11,2,9,,ok
KV threshold 0.5 - repeat 1,KV-cache detector,KV threshold,0.5,1,8.544,11,2,9,,ok
KV threshold 0.5 - repeat 1,KV-cache detector,KV threshold,0.5,1,9.005,12,2,10,,ok
KV threshold 0.5 - repeat 1,KV-cache detector,KV threshold,0.5,1,9.52,12,2,10,,ok
KV threshold 0.5 - repeat 1,KV-cache detector,KV threshold,0.5,1,10.04,13,2,11,,ok
KV threshold 0.5 - repeat 1,KV-cache detector,KV threshold,0.5,1,10.518,13,2,11,,ok
KV threshold 0.5 - repeat 1,KV-cache detector,KV threshold,0.5,1,11.033,14,2,12,,ok
KV threshold 0.5 - repeat 1,KV-cache detector,KV threshold,0.5,1,11.549,16,4,12,,ok
KV threshold 0.5 - repeat 1,KV-cache detector,KV threshold,0.5,1,12.015,17,4,13,,ok
KV threshold 0.5 - repeat 1,KV-cache detector,KV threshold,0.5,1,12.538,17,4,13,,ok
KV threshold 0.5 - repeat 1,KV-cache detector,KV threshold,0.5,1,13.005,18,4,14,,ok
KV threshold 0.5 - repeat 1,KV-cache detector,KV threshold,0.5,1,13.518,18,4,14,,ok
KV threshold 0.5 - repeat 1,KV-cache detector,KV threshold,0.5,1,14.032,19,4,15,,ok
KV threshold 0.5 - repeat 1,KV-cache detector,KV threshold,0.5,1,14.547,19,4,15,,ok
KV threshold 0.5 - repeat 1,KV-cache detector,KV threshold,0.5,1,15.007,20,4,16,,ok
KV threshold 0.5 - repeat 1,KV-cache detector,KV threshold,0.5,1,15.522,22,5,17,,ok
KV threshold 0.5 - repeat 1,KV-cache detector,KV threshold,0.5,1,16.0,22,5,17,,ok
KV threshold 0.5 - repeat 1,KV-cache detector,KV threshold,0.5,1,16.532,23,5,18,,ok
KV threshold 0.5 - repeat 1,KV-cache detector,KV threshold,0.5,1,17.004,23,5,18,,ok
KV threshold 0.5 - repeat 1,KV-cache detector,KV threshold,0.5,1,17.533,24,5,19,,ok
KV threshold 0.5 - repeat 1,KV-cache detector,KV threshold,0.5,1,18.023,24,5,19,,ok
KV threshold 0.5 - repeat 1,KV-cache detector,KV threshold,0.5,1,18.538,27,8,19,,ok
KV threshold 0.5 - repeat 1,KV-cache detector,KV threshold,0.5,1,19.003,30,10,20,,ok
KV threshold 0.5 - repeat 1,KV-cache detector,KV threshold,0.5,1,19.524,31,10,21,,ok
KV threshold 0.5 - repeat 1,KV-cache detector,KV threshold,0.5,1,20.038,32,11,21,,ok
KV threshold 0.5 - repeat 1,KV-cache detector,KV threshold,0.5,1,20.51,33,11,22,,ok
KV threshold 0.5 - repeat 1,KV-cache detector,KV threshold,0.5,1,21.03,33,11,22,,ok
KV threshold 0.5 - repeat 1,KV-cache detector,KV threshold,0.5,1,21.548,34,11,23,,ok
KV threshold 0.5 - repeat 1,KV-cache detector,KV threshold,0.5,1,22.02,34,11,23,,ok
KV threshold 0.5 - repeat 1,KV-cache detector,KV threshold,0.5,1,22.536,35,11,24,,ok
KV threshold 0.5 - repeat 1,KV-cache detector,KV threshold,0.5,1,23.002,35,11,24,,ok
KV threshold 0.5 - repeat 1,KV-cache detector,KV threshold,0.5,1,23.519,36,11,25,,ok
KV threshold 0.5 - repeat 1,KV-cache detector,KV threshold,0.5,1,24.037,37,11,26,,ok
KV threshold 0.5 - repeat 1,KV-cache detector,KV threshold,0.5,1,24.552,37,11,26,,ok
KV threshold 0.5 - repeat 1,KV-cache detector,KV threshold,0.5,1,25.019,38,11,27,,ok
KV threshold 0.5 - repeat 1,KV-cache detector,KV threshold,0.5,1,25.535,38,11,27,,ok
KV threshold 0.5 - repeat 1,KV-cache detector,KV threshold,0.5,1,26.027,39,11,28,,ok
KV threshold 0.5 - repeat 1,KV-cache detector,KV threshold,0.5,1,26.525,39,11,28,,ok
KV threshold 0.5 - repeat 1,KV-cache detector,KV threshold,0.5,1,27.058,41,12,29,,ok
KV threshold 0.5 - repeat 1,KV-cache detector,KV threshold,0.5,1,27.552,41,12,29,,ok
KV threshold 0.5 - repeat 1,KV-cache detector,KV threshold,0.5,1,28.031,42,12,30,,ok
KV threshold 0.5 - repeat 1,KV-cache detector,KV threshold,0.5,1,28.546,42,12,30,,ok
KV threshold 0.5 - repeat 1,KV-cache detector,KV threshold,0.5,1,29.01,43,12,31,,ok
KV threshold 0.5 - repeat 1,KV-cache detector,KV threshold,0.5,1,29.524,43,12,31,,ok
KV threshold 0.5 - repeat 1,KV-cache detector,KV threshold,0.5,1,30.042,44,12,32,,ok
KV threshold 0.5 - repeat 1,KV-cache detector,KV threshold,0.5,1,30.533,45,12,33,,ok
KV threshold 0.5 - repeat 1,KV-cache detector,KV threshold,0.5,1,31.005,45,12,33,,ok
KV threshold 0.5 - repeat 1,KV-cache detector,KV threshold,0.5,1,31.53,47,13,34,,ok
KV threshold 0.5 - repeat 1,KV-cache detector,KV threshold,0.5,1,32.004,47,13,34,,ok
KV threshold 0.5 - repeat 1,KV-cache detector,KV threshold,0.5,1,32.529,48,13,35,,ok
KV threshold 0.5 - repeat 1,KV-cache detector,KV threshold,0.5,1,33.051,48,13,35,,ok
KV threshold 0.5 - repeat 1,KV-cache detector,KV threshold,0.5,1,33.516,49,13,36,,ok
KV threshold 0.5 - repeat 1,KV-cache detector,KV threshold,0.5,1,34.027,49,13,36,,ok
KV threshold 0.5 - repeat 1,KV-cache detector,KV threshold,0.5,1,34.54,51,16,35,,ok
KV threshold 0.5 - repeat 1,KV-cache detector,KV threshold,0.5,1,35.004,55,18,37,,ok
KV threshold 0.5 - repeat 1,KV-cache detector,KV threshold,0.5,1,35.521,57,19,38,,ok
KV threshold 0.5 - repeat 1,KV-cache detector,KV threshold,0.5,1,36.006,57,19,38,,ok
KV threshold 0.5 - repeat 1,KV-cache detector,KV threshold,0.5,1,36.536,58,19,39,,ok
KV threshold 0.5 - repeat 1,KV-cache detector,KV threshold,0.5,1,37.012,58,19,39,,ok
KV threshold 0.5 - repeat 1,KV-cache detector,KV threshold,0.5,1,37.533,59,19,40,,ok
KV threshold 0.5 - repeat 1,KV-cache detector,KV threshold,0.5,1,38.049,60,19,41,,ok
KV threshold 0.5 - repeat 1,KV-cache detector,KV threshold,0.5,1,38.515,61,20,41,,ok
KV threshold 0.5 - repeat 1,KV-cache detector,KV threshold,0.5,1,39.032,62,20,42,,ok
KV threshold 0.5 - repeat 1,KV-cache detector,KV threshold,0.5,1,39.546,63,21,42,,ok
KV threshold 0.5 - repeat 1,KV-cache detector,KV threshold,0.5,1,40.016,65,22,43,,ok
KV threshold 0.5 - repeat 1,KV-cache detector,KV threshold,0.5,1,40.546,65,22,43,,ok
KV threshold 0.5 - repeat 1,KV-cache detector,KV threshold,0.5,1,41.014,66,22,44,,ok
KV threshold 0.5 - repeat 1,KV-cache detector,KV threshold,0.5,1,41.53,66,22,44,,ok
KV threshold 0.5 - repeat 1,KV-cache detector,KV threshold,0.5,1,42.043,67,22,45,,ok
KV threshold 0.5 - repeat 1,KV-cache detector,KV threshold,0.5,1,42.506,68,23,45,,ok
KV threshold 0.5 - repeat 1,KV-cache detector,KV threshold,0.5,1,43.025,69,23,46,,ok
KV threshold 0.5 - repeat 1,KV-cache detector,KV threshold,0.5,1,43.539,69,23,46,,ok
KV threshold 0.5 - repeat 1,KV-cache detector,KV threshold,0.5,1,44.004,70,23,47,,ok
KV threshold 0.5 - repeat 1,KV-cache detector,KV threshold,0.5,1,44.516,70,23,47,,ok
KV threshold 0.5 - repeat 1,KV-cache detector,KV threshold,0.5,1,45.042,71,23,48,,ok
KV threshold 0.5 - repeat 1,KV-cache detector,KV threshold,0.5,1,45.508,71,23,48,,ok
KV threshold 0.5 - repeat 1,KV-cache detector,KV threshold,0.5,1,46.018,72,23,49,,ok
KV threshold 0.5 - repeat 1,KV-cache detector,KV threshold,0.5,1,46.546,73,23,50,,ok
KV threshold 0.5 - repeat 1,KV-cache detector,KV threshold,0.5,1,47.021,73,23,50,,ok
KV threshold 0.5 - repeat 1,KV-cache detector,KV threshold,0.5,1,47.537,75,24,51,,ok
KV threshold 0.5 - repeat 1,KV-cache detector,KV threshold,0.5,1,48.047,76,26,50,,ok
KV threshold 0.5 - repeat 1,KV-cache detector,KV threshold,0.5,1,48.509,82,30,52,,ok
KV threshold 0.5 - repeat 1,KV-cache detector,KV threshold,0.5,1,49.027,83,31,52,,ok
KV threshold 0.5 - repeat 1,KV-cache detector,KV threshold,0.5,1,49.54,84,32,52,,ok
KV threshold 0.5 - repeat 1,KV-cache detector,KV threshold,0.5,1,50.01,85,33,52,,ok
KV threshold 0.5 - repeat 1,KV-cache detector,KV threshold,0.5,1,50.523,87,33,54,,ok
KV threshold 0.5 - repeat 1,KV-cache detector,KV threshold,0.5,1,51.041,88,34,54,,ok
KV threshold 0.5 - repeat 1,KV-cache detector,KV threshold,0.5,1,51.511,90,35,55,,ok
KV threshold 0.5 - repeat 1,KV-cache detector,KV threshold,0.5,1,52.027,90,36,54,,ok
KV threshold 0.5 - repeat 1,KV-cache detector,KV threshold,0.5,1,52.506,92,37,55,,ok
KV threshold 0.5 - repeat 1,KV-cache detector,KV threshold,0.5,1,53.029,94,37,57,,ok
KV threshold 0.5 - repeat 1,KV-cache detector,KV threshold,0.5,1,53.505,95,38,57,,ok
KV threshold 0.5 - repeat 1,KV-cache detector,KV threshold,0.5,1,54.027,97,39,58,,ok
KV threshold 0.5 - repeat 1,KV-cache detector,KV threshold,0.5,1,54.513,98,40,58,,ok
KV threshold 0.5 - repeat 1,KV-cache detector,KV threshold,0.5,1,55.031,100,41,59,,ok
KV threshold 0.5 - repeat 1,KV-cache detector,KV threshold,0.5,1,55.502,100,41,59,,ok
KV threshold 0.5 - repeat 1,KV-cache detector,KV threshold,0.5,1,56.029,102,42,60,,ok
KV threshold 0.5 - repeat 1,KV-cache detector,KV threshold,0.5,1,56.509,103,43,60,,ok
KV threshold 0.5 - repeat 1,KV-cache detector,KV threshold,0.5,1,57.013,104,43,61,,ok
KV threshold 0.5 - repeat 1,KV-cache detector,KV threshold,0.5,1,57.547,104,43,61,,ok
KV threshold 0.5 - repeat 1,KV-cache detector,KV threshold,0.5,1,58.012,105,43,62,,ok
KV threshold 0.5 - repeat 1,KV-cache detector,KV threshold,0.5,1,58.529,105,43,62,,ok
KV threshold 0.5 - repeat 1,KV-cache detector,KV threshold,0.5,1,59.043,107,44,63,,ok
KV threshold 0.5 - repeat 1,KV-cache detector,KV threshold,0.5,1,59.508,107,44,63,,ok
KV threshold 0.5 - repeat 1,KV-cache detector,KV threshold,0.5,1,60.023,108,44,64,,ok
KV threshold 0.5 - repeat 1,KV-cache detector,KV threshold,0.5,1,60.785,108,44,64,,ok
KV threshold 0.5 - repeat 1,KV-cache detector,KV threshold,0.5,1,61.041,109,44,65,,ok
KV threshold 0.5 - repeat 1,KV-cache detector,KV threshold,0.5,1,61.503,110,44,66,,ok
KV threshold 0.5 - repeat 1,KV-cache detector,KV threshold,0.5,1,62.02,110,44,66,,ok
KV threshold 0.5 - repeat 1,KV-cache detector,KV threshold,0.5,1,62.539,111,44,67,,ok
KV threshold 0.5 - repeat 1,KV-cache detector,KV threshold,0.5,1,63.002,111,44,67,,ok
KV threshold 0.5 - repeat 1,KV-cache detector,KV threshold,0.5,1,63.518,113,45,68,,ok
KV threshold 0.5 - repeat 1,KV-cache detector,KV threshold,0.5,1,64.018,114,46,68,,ok
KV threshold 0.5 - repeat 1,KV-cache detector,KV threshold,0.5,1,64.528,115,46,69,,ok
KV threshold 0.5 - repeat 1,KV-cache detector,KV threshold,0.5,1,65.043,116,47,69,,ok
KV threshold 0.5 - repeat 1,KV-cache detector,KV threshold,0.5,1,65.506,117,47,70,,ok
KV threshold 0.5 - repeat 1,KV-cache detector,KV threshold,0.5,1,66.03,117,47,70,,ok
KV threshold 0.5 - repeat 1,KV-cache detector,KV threshold,0.5,1,66.519,119,48,71,,ok
KV threshold 0.5 - repeat 1,KV-cache detector,KV threshold,0.5,1,67.026,119,48,71,,ok
KV threshold 0.5 - repeat 1,KV-cache detector,KV threshold,0.5,1,67.529,120,48,72,,ok
KV threshold 0.5 - repeat 1,KV-cache detector,KV threshold,0.5,1,68.002,120,48,72,,ok
KV threshold 0.5 - repeat 1,KV-cache detector,KV threshold,0.5,1,68.519,121,48,73,,ok
KV threshold 0.5 - repeat 1,KV-cache detector,KV threshold,0.5,1,69.037,122,48,74,,ok
KV threshold 0.5 - repeat 1,KV-cache detector,KV threshold,0.5,1,69.503,122,48,74,,ok
KV threshold 0.5 - repeat 1,KV-cache detector,KV threshold,0.5,1,70.022,124,49,75,,ok
KV threshold 0.5 - repeat 1,KV-cache detector,KV threshold,0.5,1,70.533,129,54,75,,ok
KV threshold 0.5 - repeat 1,KV-cache detector,KV threshold,0.5,1,71.045,137,62,75,,ok
KV threshold 0.5 - repeat 1,KV-cache detector,KV threshold,0.5,1,71.508,140,65,75,,ok
KV threshold 0.5 - repeat 1,KV-cache detector,KV threshold,0.5,1,72.024,142,66,76,,ok
KV threshold 0.5 - repeat 1,KV-cache detector,KV threshold,0.5,1,72.541,144,68,76,,ok
KV threshold 0.5 - repeat 1,KV-cache detector,KV threshold,0.5,1,73.012,148,70,78,,ok
KV threshold 0.5 - repeat 1,KV-cache detector,KV threshold,0.5,1,73.529,148,70,78,,ok
KV threshold 0.5 - repeat 1,KV-cache detector,KV threshold,0.5,1,74.051,149,70,79,,ok
KV threshold 0.5 - repeat 1,KV-cache detector,KV threshold,0.5,1,74.523,149,70,79,,ok
KV threshold 0.5 - repeat 1,KV-cache detector,KV threshold,0.5,1,75.046,150,70,80,,ok
KV threshold 0.5 - repeat 1,KV-cache detector,KV threshold,0.5,1,75.528,151,70,81,,ok
KV threshold 0.5 - repeat 1,KV-cache detector,KV threshold,0.5,1,76.01,151,70,81,,ok
KV threshold 0.5 - repeat 1,KV-cache detector,KV threshold,0.5,1,76.546,152,70,82,,ok
KV threshold 0.5 - repeat 1,KV-cache detector,KV threshold,0.5,1,77.017,152,70,82,,ok
KV threshold 0.5 - repeat 1,KV-cache detector,KV threshold,0.5,1,77.503,153,70,83,,ok
KV threshold 0.5 - repeat 1,KV-cache detector,KV threshold,0.5,1,78.03,153,70,83,,ok
KV threshold 0.5 - repeat 1,KV-cache detector,KV threshold,0.5,1,78.545,154,70,84,,ok
KV threshold 0.5 - repeat 1,KV-cache detector,KV threshold,0.5,1,79.007,154,70,84,,ok
KV threshold 0.5 - repeat 1,KV-cache detector,KV threshold,0.5,1,79.524,155,70,85,,ok
KV threshold 0.5 - repeat 1,KV-cache detector,KV threshold,0.5,1,80.039,155,70,85,,ok
KV threshold 0.5 - repeat 1,KV-cache detector,KV threshold,0.5,1,80.503,156,70,86,,ok
KV threshold 0.5 - repeat 1,KV-cache detector,KV threshold,0.5,1,81.019,156,70,86,,ok
KV threshold 0.5 - repeat 1,KV-cache detector,KV threshold,0.5,1,81.547,158,71,87,,ok
KV threshold 0.5 - repeat 1,KV-cache detector,KV threshold,0.5,1,82.013,159,72,87,,ok
KV threshold 0.5 - repeat 1,KV-cache detector,KV threshold,0.5,1,82.538,161,73,88,,ok
KV threshold 0.5 - repeat 1,KV-cache detector,KV threshold,0.5,1,83.002,161,73,88,,ok
KV threshold 0.5 - repeat 1,KV-cache detector,KV threshold,0.5,1,83.52,163,74,89,,ok
KV threshold 0.5 - repeat 1,KV-cache detector,KV threshold,0.5,1,84.036,165,75,90,,ok
KV threshold 0.5 - repeat 1,KV-cache detector,KV threshold,0.5,1,84.55,166,76,90,,ok
KV threshold 0.5 - repeat 1,KV-cache detector,KV threshold,0.5,1,85.023,168,77,91,,ok
KV threshold 0.5 - repeat 1,KV-cache detector,KV threshold,0.5,1,85.688,168,78,90,,ok
KV threshold 0.5 - repeat 1,KV-cache detector,KV threshold,0.5,1,86.011,170,78,92,,ok
KV threshold 0.5 - repeat 1,KV-cache detector,KV threshold,0.5,1,86.55,171,79,92,,ok
KV threshold 0.5 - repeat 1,KV-cache detector,KV threshold,0.5,1,87.039,173,80,93,,ok
KV threshold 0.5 - repeat 1,KV-cache detector,KV threshold,0.5,1,87.513,173,81,92,,ok
KV threshold 0.5 - repeat 1,KV-cache detector,KV threshold,0.5,1,88.004,175,81,94,,ok
KV threshold 0.5 - repeat 1,KV-cache detector,KV threshold,0.5,1,88.532,176,82,94,,ok
KV threshold 0.5 - repeat 1,KV-cache detector,KV threshold,0.5,1,89.048,178,83,95,,ok
KV threshold 0.5 - repeat 1,KV-cache detector,KV threshold,0.5,1,89.518,179,84,95,,ok
KV threshold 0.5 - repeat 1,KV-cache detector,KV threshold,0.5,1,90.036,181,85,96,,ok
KV threshold 0.5 - repeat 1,KV-cache detector,KV threshold,0.5,1,90.551,181,85,96,,ok
KV threshold 0.5 - repeat 1,KV-cache detector,KV threshold,0.5,1,91.643,182,87,95,,ok
KV threshold 0.5 - repeat 1,KV-cache detector,KV threshold,0.5,1,92.006,183,88,95,,ok
KV threshold 0.5 - repeat 1,KV-cache detector,KV threshold,0.5,1,92.524,185,89,96,,ok
KV threshold 0.5 - repeat 1,KV-cache detector,KV threshold,0.5,1,93.054,185,89,96,,ok
KV threshold 0.5 - repeat 1,KV-cache detector,KV threshold,0.5,1,93.52,186,90,96,,ok
KV threshold 0.5 - repeat 1,KV-cache detector,KV threshold,0.5,1,94.039,187,91,96,,ok
KV threshold 0.5 - repeat 1,KV-cache detector,KV threshold,0.5,1,94.503,187,92,95,,ok
KV threshold 0.5 - repeat 1,KV-cache detector,KV threshold,0.5,1,95.027,188,93,95,,ok
KV threshold 0.5 - repeat 1,KV-cache detector,KV threshold,0.5,1,95.503,189,93,96,,ok
KV threshold 0.5 - repeat 1,KV-cache detector,KV threshold,0.5,1,96.034,190,94,96,,ok
KV threshold 0.5 - repeat 1,KV-cache detector,KV threshold,0.5,1,96.507,191,95,96,,ok
KV threshold 0.5 - repeat 1,KV-cache detector,KV threshold,0.5,1,97.013,191,96,95,,ok
KV threshold 0.5 - repeat 1,KV-cache detector,KV threshold,0.5,1,97.545,193,97,96,,ok
KV threshold 0.5 - repeat 1,KV-cache detector,KV threshold,0.5,1,98.018,193,97,96,,ok
KV threshold 0.5 - repeat 1,KV-cache detector,KV threshold,0.5,1,98.535,194,98,96,,ok
KV threshold 0.5 - repeat 1,KV-cache detector,KV threshold,0.5,1,99.051,195,99,96,,ok
KV threshold 0.5 - repeat 1,KV-cache detector,KV threshold,0.5,1,99.518,195,100,95,,ok
KV threshold 0.5 - repeat 1,KV-cache detector,KV threshold,0.5,1,100.033,196,100,96,,ok
KV threshold 0.5 - repeat 1,KV-cache detector,KV threshold,0.5,1,100.548,197,101,96,,ok
KV threshold 0.5 - repeat 1,KV-cache detector,KV threshold,0.5,1,101.012,197,101,96,,ok
KV threshold 0.5 - repeat 1,KV-cache detector,KV threshold,0.5,1,101.516,200,104,96,,ok
KV threshold 0.5 - repeat 1,KV-cache detector,KV threshold,0.5,1,102.025,200,104,96,,ok
KV threshold 0.5 - repeat 1,KV-cache detector,KV threshold,0.5,1,102.54,200,104,96,,ok
KV threshold 0.5 - repeat 1,KV-cache detector,KV threshold,0.5,1,103.001,202,107,95,,ok
KV threshold 0.5 - repeat 1,KV-cache detector,KV threshold,0.5,1,103.521,208,112,96,,ok
KV threshold 0.5 - repeat 1,KV-cache detector,KV threshold,0.5,1,104.04,209,113,96,,ok
KV threshold 0.5 - repeat 1,KV-cache detector,KV threshold,0.5,1,104.505,210,114,96,,ok
KV threshold 0.5 - repeat 1,KV-cache detector,KV threshold,0.5,1,105.039,211,115,96,,ok
KV threshold 0.5 - repeat 1,KV-cache detector,KV threshold,0.5,1,105.507,211,116,95,,ok
KV threshold 0.5 - repeat 1,KV-cache detector,KV threshold,0.5,1,106.034,212,117,95,,ok
KV threshold 0.5 - repeat 1,KV-cache detector,KV threshold,0.5,1,106.512,213,117,96,,ok
KV threshold 0.5 - repeat 1,KV-cache detector,KV threshold,0.5,1,107.046,214,118,96,,ok
KV threshold 0.5 - repeat 1,KV-cache detector,KV threshold,0.5,1,107.511,215,119,96,,ok
KV threshold 0.5 - repeat 1,KV-cache detector,KV threshold,0.5,1,108.031,216,120,96,,ok
KV threshold 0.5 - repeat 1,KV-cache detector,KV threshold,0.5,1,108.501,216,121,95,,ok
KV threshold 0.5 - repeat 1,KV-cache detector,KV threshold,0.5,1,109.019,217,121,96,,ok
KV threshold 0.5 - repeat 1,KV-cache detector,KV threshold,0.5,1,109.535,218,122,96,,ok
KV threshold 0.5 - repeat 1,KV-cache detector,KV threshold,0.5,1,110.0,219,123,96,,ok
KV threshold 0.5 - repeat 1,KV-cache detector,KV threshold,0.5,1,110.523,220,124,96,,ok
KV threshold 0.5 - repeat 1,KV-cache detector,KV threshold,0.5,1,111.042,221,125,96,,ok
KV threshold 0.5 - repeat 1,KV-cache detector,KV threshold,0.5,1,111.509,221,125,96,,ok
KV threshold 0.5 - repeat 1,KV-cache detector,KV threshold,0.5,1,112.027,222,126,96,,ok
KV threshold 0.5 - repeat 1,KV-cache detector,KV threshold,0.5,1,112.545,223,127,96,,ok
KV threshold 0.5 - repeat 1,KV-cache detector,KV threshold,0.5,1,113.011,224,128,96,,ok
KV threshold 0.5 - repeat 1,KV-cache detector,KV threshold,0.5,1,113.529,225,129,96,,ok
KV threshold 0.5 - repeat 1,KV-cache detector,KV threshold,0.5,1,114.044,225,130,95,,ok
KV threshold 0.5 - repeat 1,KV-cache detector,KV threshold,0.5,1,114.511,226,130,96,,ok
KV threshold 0.5 - repeat 1,KV-cache detector,KV threshold,0.5,1,115.028,227,131,96,,ok
KV threshold 0.5 - repeat 1,KV-cache detector,KV threshold,0.5,1,115.548,228,132,96,,ok
KV threshold 0.5 - repeat 1,KV-cache detector,KV threshold,0.5,1,116.045,229,133,96,,ok
KV threshold 0.5 - repeat 1,KV-cache detector,KV threshold,0.5,1,116.536,229,134,95,,ok
KV threshold 0.5 - repeat 1,KV-cache detector,KV threshold,0.5,1,117.011,230,134,96,,ok
KV threshold 0.5 - repeat 1,KV-cache detector,KV threshold,0.5,1,117.551,231,135,96,,ok
KV threshold 0.5 - repeat 1,KV-cache detector,KV threshold,0.5,1,118.028,232,136,96,,ok
KV threshold 0.5 - repeat 1,KV-cache detector,KV threshold,0.5,1,118.546,233,137,96,,ok
KV threshold 0.5 - repeat 1,KV-cache detector,KV threshold,0.5,1,119.006,234,138,96,,ok
KV threshold 0.5 - repeat 1,KV-cache detector,KV threshold,0.5,1,119.523,234,138,96,,ok
KV threshold 0.5 - repeat 1,KV-cache detector,KV threshold,0.5,1,120.04,235,139,96,,ok
KV threshold 0.5 - repeat 1,KV-cache detector,KV threshold,0.5,1,120.503,236,140,96,,ok
KV threshold 0.5 - repeat 1,KV-cache detector,KV threshold,0.5,1,121.739,236,142,94,,ok
KV threshold 0.5 - repeat 1,KV-cache detector,KV threshold,0.5,1,122.05,238,142,96,,ok
KV threshold 0.5 - repeat 1,KV-cache detector,KV threshold,0.5,1,122.513,239,143,96,,ok
KV threshold 0.5 - repeat 1,KV-cache detector,KV threshold,0.5,1,123.025,240,144,96,,ok
KV threshold 0.5 - repeat 1,KV-cache detector,KV threshold,0.5,1,123.542,241,145,96,,ok
KV threshold 0.5 - repeat 1,KV-cache detector,KV threshold,0.5,1,124.009,242,146,96,,ok
KV threshold 0.5 - repeat 1,KV-cache detector,KV threshold,0.5,1,124.543,242,147,95,,ok
KV threshold 0.5 - repeat 1,KV-cache detector,KV threshold,0.5,1,125.011,243,147,96,,ok
KV threshold 0.5 - repeat 1,KV-cache detector,KV threshold,0.5,1,125.547,244,148,96,,ok
KV threshold 0.5 - repeat 1,KV-cache detector,KV threshold,0.5,1,126.027,245,149,96,,ok
KV threshold 0.5 - repeat 1,KV-cache detector,KV threshold,0.5,1,126.507,246,150,96,,ok
KV threshold 0.5 - repeat 1,KV-cache detector,KV threshold,0.5,1,127.037,247,151,96,,ok
KV threshold 0.5 - repeat 1,KV-cache detector,KV threshold,0.5,1,127.527,247,151,96,,ok
KV threshold 0.5 - repeat 1,KV-cache detector,KV threshold,0.5,1,128.049,247,151,96,,ok
KV threshold 0.5 - repeat 1,KV-cache detector,KV threshold,0.5,1,128.521,247,151,96,,ok
KV threshold 0.5 - repeat 1,KV-cache detector,KV threshold,0.5,1,129.049,247,151,96,,ok
KV threshold 0.5 - repeat 1,KV-cache detector,KV threshold,0.5,1,129.518,247,151,96,,ok
KV threshold 0.5 - repeat 1,KV-cache detector,KV threshold,0.5,1,130.031,247,151,96,,ok
KV threshold 0.5 - repeat 1,KV-cache detector,KV threshold,0.5,1,130.548,247,151,96,,ok
KV threshold 0.5 - repeat 1,KV-cache detector,KV threshold,0.5,1,131.01,247,151,96,,ok
KV threshold 0.5 - repeat 1,KV-cache detector,KV threshold,0.5,1,131.528,247,151,96,,ok
KV threshold 0.5 - repeat 1,KV-cache detector,KV threshold,0.5,1,132.046,247,151,96,,ok
KV threshold 0.5 - repeat 1,KV-cache detector,KV threshold,0.5,1,132.511,247,151,96,,ok
KV threshold 0.5 - repeat 1,KV-cache detector,KV threshold,0.5,1,133.04,247,151,96,,ok
KV threshold 0.5 - repeat 1,KV-cache detector,KV threshold,0.5,1,133.504,247,151,96,,ok
KV threshold 0.5 - repeat 1,KV-cache detector,KV threshold,0.5,1,134.02,247,151,96,,ok
KV threshold 0.5 - repeat 1,KV-cache detector,KV threshold,0.5,1,134.534,247,151,96,,ok
KV threshold 0.5 - repeat 1,KV-cache detector,KV threshold,0.5,1,135.05,247,151,96,,ok
KV threshold 0.5 - repeat 1,KV-cache detector,KV threshold,0.5,1,135.522,247,151,96,,ok
KV threshold 0.5 - repeat 1,KV-cache detector,KV threshold,0.5,1,136.033,247,151,96,,ok
KV threshold 0.5 - repeat 1,KV-cache detector,KV threshold,0.5,1,136.566,247,151,96,,ok
KV threshold 0.5 - repeat 1,KV-cache detector,KV threshold,0.5,1,137.056,247,151,96,,ok
KV threshold 0.5 - repeat 1,KV-cache detector,KV threshold,0.5,1,137.528,247,151,96,,ok
KV threshold 0.5 - repeat 1,KV-cache detector,KV threshold,0.5,1,138.043,247,151,96,,ok
KV threshold 0.5 - repeat 1,KV-cache detector,KV threshold,0.5,1,138.504,247,151,96,,ok
KV threshold 0.5 - repeat 1,KV-cache detector,KV threshold,0.5,1,139.017,247,151,96,,ok
KV threshold 0.5 - repeat 1,KV-cache detector,KV threshold,0.5,1,139.537,247,151,96,,ok
KV threshold 0.5 - repeat 1,KV-cache detector,KV threshold,0.5,1,140.008,247,151,96,,ok
KV threshold 0.5 - repeat 1,KV-cache detector,KV threshold,0.5,1,140.535,247,151,96,,ok
KV threshold 0.5 - repeat 1,KV-cache detector,KV threshold,0.5,1,141.004,247,151,96,,ok
KV threshold 0.5 - repeat 1,KV-cache detector,KV threshold,0.5,1,141.516,247,151,96,,ok
KV threshold 0.5 - repeat 1,KV-cache detector,KV threshold,0.5,1,142.035,247,151,96,,ok
KV threshold 0.5 - repeat 1,KV-cache detector,KV threshold,0.5,1,142.548,247,151,96,,ok
KV threshold 0.5 - repeat 1,KV-cache detector,KV threshold,0.5,1,143.012,247,151,96,,ok
KV threshold 0.5 - repeat 1,KV-cache detector,KV threshold,0.5,1,143.55,247,151,96,,ok
KV threshold 0.5 - repeat 1,KV-cache detector,KV threshold,0.5,1,144.021,247,151,96,,ok
KV threshold 0.5 - repeat 1,KV-cache detector,KV threshold,0.5,1,144.54,247,151,96,,ok
KV threshold 0.5 - repeat 1,KV-cache detector,KV threshold,0.5,1,145.006,247,151,96,,ok
KV threshold 0.5 - repeat 1,KV-cache detector,KV threshold,0.5,1,145.524,247,151,96,,ok
KV threshold 0.5 - repeat 1,KV-cache detector,KV threshold,0.5,1,146.001,247,151,96,,ok
KV threshold 0.5 - repeat 1,KV-cache detector,KV threshold,0.5,1,146.529,247,151,96,,ok
KV threshold 0.5 - repeat 1,KV-cache detector,KV threshold,0.5,1,147.019,247,151,96,,ok
KV threshold 0.5 - repeat 1,KV-cache detector,KV threshold,0.5,1,147.508,247,151,96,,ok
KV threshold 0.5 - repeat 1,KV-cache detector,KV threshold,0.5,1,148.033,247,151,96,,ok
KV threshold 0.5 - repeat 1,KV-cache detector,KV threshold,0.5,1,148.548,247,151,96,,ok
KV threshold 0.5 - repeat 1,KV-cache detector,KV threshold,0.5,1,149.011,247,151,96,,ok
KV threshold 0.5 - repeat 1,KV-cache detector,KV threshold,0.5,1,149.541,248,152,96,,ok
KV threshold 0.5 - repeat 1,KV-cache detector,KV threshold,0.5,1,150.007,249,153,96,,ok
KV threshold 0.5 - repeat 1,KV-cache detector,KV threshold,0.5,1,150.521,249,154,95,,ok
KV threshold 0.5 - repeat 1,KV-cache detector,KV threshold,0.5,1,152.152,250,156,94,,ok
KV threshold 0.5 - repeat 1,KV-cache detector,KV threshold,0.5,1,152.511,252,157,95,,ok
KV threshold 0.5 - repeat 1,KV-cache detector,KV threshold,0.5,1,153.023,253,157,96,,ok
KV threshold 0.5 - repeat 1,KV-cache detector,KV threshold,0.5,1,153.541,254,158,96,,ok
KV threshold 0.5 - repeat 1,KV-cache detector,KV threshold,0.5,1,154.003,255,159,96,,ok
KV threshold 0.5 - repeat 1,KV-cache detector,KV threshold,0.5,1,154.522,255,159,96,,ok
KV threshold 0.5 - repeat 1,KV-cache detector,KV threshold,0.5,1,155.002,256,160,96,,ok
KV threshold 0.5 - repeat 1,KV-cache detector,KV threshold,0.5,1,155.525,257,161,96,,ok
KV threshold 0.5 - repeat 1,KV-cache detector,KV threshold,0.5,1,156.022,258,162,96,,ok
KV threshold 0.5 - repeat 1,KV-cache detector,KV threshold,0.5,1,156.522,259,163,96,,ok
KV threshold 0.5 - repeat 1,KV-cache detector,KV threshold,0.5,1,157.015,259,163,96,,ok
KV threshold 0.5 - repeat 1,KV-cache detector,KV threshold,0.5,1,157.508,260,164,96,,ok
KV threshold 0.5 - repeat 1,KV-cache detector,KV threshold,0.5,1,158.026,261,165,96,,ok
KV threshold 0.5 - repeat 1,KV-cache detector,KV threshold,0.5,1,158.542,262,166,96,,ok
KV threshold 0.5 - repeat 1,KV-cache detector,KV threshold,0.5,1,159.006,262,166,96,,ok
KV threshold 0.5 - repeat 1,KV-cache detector,KV threshold,0.5,1,159.526,263,167,96,,ok
KV threshold 0.5 - repeat 1,KV-cache detector,KV threshold,0.5,1,160.043,264,168,96,,ok
KV threshold 0.5 - repeat 1,KV-cache detector,KV threshold,0.5,1,160.507,265,169,96,,ok
KV threshold 0.5 - repeat 1,KV-cache detector,KV threshold,0.5,1,161.028,265,169,96,,ok
KV threshold 0.5 - repeat 1,KV-cache detector,KV threshold,0.5,1,161.547,266,170,96,,ok
KV threshold 0.5 - repeat 1,KV-cache detector,KV threshold,0.5,1,162.03,267,171,96,,ok
KV threshold 0.5 - repeat 1,KV-cache detector,KV threshold,0.5,1,162.548,268,172,96,,ok
KV threshold 0.5 - repeat 1,KV-cache detector,KV threshold,0.5,1,163.008,269,173,96,,ok
KV threshold 0.5 - repeat 1,KV-cache detector,KV threshold,0.5,1,163.527,269,173,96,,ok
KV threshold 0.5 - repeat 1,KV-cache detector,KV threshold,0.5,1,164.045,270,174,96,,ok
KV threshold 0.5 - repeat 1,KV-cache detector,KV threshold,0.5,1,164.509,271,175,96,,ok
KV threshold 0.5 - repeat 1,KV-cache detector,KV threshold,0.5,1,165.026,276,180,96,,ok
KV threshold 0.5 - repeat 1,KV-cache detector,KV threshold,0.5,1,165.545,282,186,96,,ok
KV threshold 0.5 - repeat 1,KV-cache detector,KV threshold,0.5,1,166.052,289,193,96,,ok
KV threshold 0.5 - repeat 1,KV-cache detector,KV threshold,0.5,1,166.516,295,200,95,,ok
KV threshold 0.5 - repeat 1,KV-cache detector,KV threshold,0.5,1,167.051,303,208,95,,ok
KV threshold 0.5 - repeat 1,KV-cache detector,KV threshold,0.5,1,167.542,305,209,96,,ok
KV threshold 0.5 - repeat 1,KV-cache detector,KV threshold,0.5,1,168.014,306,210,96,,ok
KV threshold 0.5 - repeat 1,KV-cache detector,KV threshold,0.5,1,168.531,307,211,96,,ok
KV threshold 0.5 - repeat 1,KV-cache detector,KV threshold,0.5,1,169.05,308,212,96,,ok
KV threshold 0.5 - repeat 1,KV-cache detector,KV threshold,0.5,1,169.514,309,213,96,,ok
KV threshold 0.5 - repeat 1,KV-cache detector,KV threshold,0.5,1,170.029,309,213,96,,ok
KV threshold 0.5 - repeat 1,KV-cache detector,KV threshold,0.5,1,170.502,310,214,96,,ok
KV threshold 0.5 - repeat 1,KV-cache detector,KV threshold,0.5,1,171.012,311,215,96,,ok
KV threshold 0.5 - repeat 1,KV-cache detector,KV threshold,0.5,1,171.53,312,216,96,,ok
KV threshold 0.5 - repeat 1,KV-cache detector,KV threshold,0.5,1,172.048,313,217,96,,ok
KV threshold 0.5 - repeat 1,KV-cache detector,KV threshold,0.5,1,172.514,313,217,96,,ok
KV threshold 0.5 - repeat 1,KV-cache detector,KV threshold,0.5,1,173.046,314,218,96,,ok
KV threshold 0.5 - repeat 1,KV-cache detector,KV threshold,0.5,1,173.513,315,219,96,,ok
KV threshold 0.5 - repeat 1,KV-cache detector,KV threshold,0.5,1,174.027,316,220,96,,ok
KV threshold 0.5 - repeat 1,KV-cache detector,KV threshold,0.5,1,174.54,317,221,96,,ok
KV threshold 0.5 - repeat 1,KV-cache detector,KV threshold,0.5,1,175.005,317,221,96,,ok
KV threshold 0.5 - repeat 1,KV-cache detector,KV threshold,0.5,1,175.536,318,222,96,,ok
KV threshold 0.5 - repeat 1,KV-cache detector,KV threshold,0.5,1,176.024,319,223,96,,ok
KV threshold 0.5 - repeat 1,KV-cache detector,KV threshold,0.5,1,176.511,320,224,96,,ok
KV threshold 0.5 - repeat 1,KV-cache detector,KV threshold,0.5,1,177.046,321,225,96,,ok
KV threshold 0.5 - repeat 1,KV-cache detector,KV threshold,0.5,1,177.528,321,226,95,,ok
KV threshold 0.5 - repeat 1,KV-cache detector,KV threshold,0.5,1,178.006,322,226,96,,ok
KV threshold 0.5 - repeat 1,KV-cache detector,KV threshold,0.5,1,178.518,323,227,96,,ok
KV threshold 0.5 - repeat 1,KV-cache detector,KV threshold,0.5,1,179.034,324,228,96,,ok
KV threshold 0.5 - repeat 1,KV-cache detector,KV threshold,0.5,1,179.502,325,229,96,,ok
KV threshold 0.6 - repeat 1,KV-cache detector,KV threshold,0.6,1,0.001,0,0,0,,ok
KV threshold 0.6 - repeat 1,KV-cache detector,KV threshold,0.6,1,0.523,0,0,0,,ok
KV threshold 0.6 - repeat 1,KV-cache detector,KV threshold,0.6,1,1.044,1,0,1,,ok
KV threshold 0.6 - repeat 1,KV-cache detector,KV threshold,0.6,1,1.506,2,0,2,,ok
KV threshold 0.6 - repeat 1,KV-cache detector,KV threshold,0.6,1,2.041,2,0,2,,ok
KV threshold 0.6 - repeat 1,KV-cache detector,KV threshold,0.6,1,2.549,3,0,3,,ok
KV threshold 0.6 - repeat 1,KV-cache detector,KV threshold,0.6,1,3.003,3,0,3,,ok
KV threshold 0.6 - repeat 1,KV-cache detector,KV threshold,0.6,1,3.513,4,0,4,,ok
KV threshold 0.6 - repeat 1,KV-cache detector,KV threshold,0.6,1,4.026,4,0,4,,ok
KV threshold 0.6 - repeat 1,KV-cache detector,KV threshold,0.6,1,4.501,6,1,5,,ok
KV threshold 0.6 - repeat 1,KV-cache detector,KV threshold,0.6,1,5.009,6,1,5,,ok
KV threshold 0.6 - repeat 1,KV-cache detector,KV threshold,0.6,1,5.524,7,1,6,,ok
KV threshold 0.6 - repeat 1,KV-cache detector,KV threshold,0.6,1,6.033,7,1,6,,ok
KV threshold 0.6 - repeat 1,KV-cache detector,KV threshold,0.6,1,6.541,8,1,7,,ok
KV threshold 0.6 - repeat 1,KV-cache detector,KV threshold,0.6,1,7.0,8,1,7,,ok
KV threshold 0.6 - repeat 1,KV-cache detector,KV threshold,0.6,1,7.511,9,2,7,,ok
KV threshold 0.6 - repeat 1,KV-cache detector,KV threshold,0.6,1,8.016,11,3,8,,ok
KV threshold 0.6 - repeat 1,KV-cache detector,KV threshold,0.6,1,8.527,12,3,9,,ok
KV threshold 0.6 - repeat 1,KV-cache detector,KV threshold,0.6,1,9.04,13,3,10,,ok
KV threshold 0.6 - repeat 1,KV-cache detector,KV threshold,0.6,1,9.541,13,3,10,,ok
KV threshold 0.6 - repeat 1,KV-cache detector,KV threshold,0.6,1,10.013,14,3,11,,ok
KV threshold 0.6 - repeat 1,KV-cache detector,KV threshold,0.6,1,10.548,14,3,11,,ok
KV threshold 0.6 - repeat 1,KV-cache detector,KV threshold,0.6,1,11.034,16,4,12,,ok
KV threshold 0.6 - repeat 1,KV-cache detector,KV threshold,0.6,1,11.501,16,4,12,,ok
KV threshold 0.6 - repeat 1,KV-cache detector,KV threshold,0.6,1,12.02,17,4,13,,ok
KV threshold 0.6 - repeat 1,KV-cache detector,KV threshold,0.6,1,12.535,17,4,13,,ok
KV threshold 0.6 - repeat 1,KV-cache detector,KV threshold,0.6,1,13.044,18,4,14,,ok
KV threshold 0.6 - repeat 1,KV-cache detector,KV threshold,0.6,1,13.5,18,4,14,,ok
KV threshold 0.6 - repeat 1,KV-cache detector,KV threshold,0.6,1,14.007,19,4,15,,ok
KV threshold 0.6 - repeat 1,KV-cache detector,KV threshold,0.6,1,14.517,19,4,15,,ok
KV threshold 0.6 - repeat 1,KV-cache detector,KV threshold,0.6,1,15.023,21,5,16,,ok
KV threshold 0.6 - repeat 1,KV-cache detector,KV threshold,0.6,1,15.533,22,5,17,,ok
KV threshold 0.6 - repeat 1,KV-cache detector,KV threshold,0.6,1,16.049,22,5,17,,ok
KV threshold 0.6 - repeat 1,KV-cache detector,KV threshold,0.6,1,16.508,23,5,18,,ok
KV threshold 0.6 - repeat 1,KV-cache detector,KV threshold,0.6,1,17.016,23,5,18,,ok
KV threshold 0.6 - repeat 1,KV-cache detector,KV threshold,0.6,1,17.526,24,5,19,,ok
KV threshold 0.6 - repeat 1,KV-cache detector,KV threshold,0.6,1,18.034,26,7,19,,ok
KV threshold 0.6 - repeat 1,KV-cache detector,KV threshold,0.6,1,18.545,28,8,20,,ok
KV threshold 0.6 - repeat 1,KV-cache detector,KV threshold,0.6,1,19.005,28,8,20,,ok
KV threshold 0.6 - repeat 1,KV-cache detector,KV threshold,0.6,1,19.538,29,8,21,,ok
KV threshold 0.6 - repeat 1,KV-cache detector,KV threshold,0.6,1,20.0,29,8,21,,ok
KV threshold 0.6 - repeat 1,KV-cache detector,KV threshold,0.6,1,20.517,30,8,22,,ok
KV threshold 0.6 - repeat 1,KV-cache detector,KV threshold,0.6,1,21.013,30,8,22,,ok
KV threshold 0.6 - repeat 1,KV-cache detector,KV threshold,0.6,1,21.504,31,8,23,,ok
KV threshold 0.6 - repeat 1,KV-cache detector,KV threshold,0.6,1,22.022,31,8,23,,ok
KV threshold 0.6 - repeat 1,KV-cache detector,KV threshold,0.6,1,22.529,32,8,24,,ok
KV threshold 0.6 - repeat 1,KV-cache detector,KV threshold,0.6,1,23.05,33,8,25,,ok
KV threshold 0.6 - repeat 1,KV-cache detector,KV threshold,0.6,1,23.507,33,8,25,,ok
KV threshold 0.6 - repeat 1,KV-cache detector,KV threshold,0.6,1,24.016,34,8,26,,ok
KV threshold 0.6 - repeat 1,KV-cache detector,KV threshold,0.6,1,24.536,34,8,26,,ok
KV threshold 0.6 - repeat 1,KV-cache detector,KV threshold,0.6,1,25.05,35,8,27,,ok
KV threshold 0.6 - repeat 1,KV-cache detector,KV threshold,0.6,1,25.506,40,14,26,,ok
KV threshold 0.6 - repeat 1,KV-cache detector,KV threshold,0.6,1,26.017,43,15,28,,ok
KV threshold 0.6 - repeat 1,KV-cache detector,KV threshold,0.6,1,26.525,43,15,28,,ok
KV threshold 0.6 - repeat 1,KV-cache detector,KV threshold,0.6,1,27.05,45,16,29,,ok
KV threshold 0.6 - repeat 1,KV-cache detector,KV threshold,0.6,1,27.51,46,17,29,,ok
KV threshold 0.6 - repeat 1,KV-cache detector,KV threshold,0.6,1,28.019,48,18,30,,ok
KV threshold 0.6 - repeat 1,KV-cache detector,KV threshold,0.6,1,28.529,48,18,30,,ok
KV threshold 0.6 - repeat 1,KV-cache detector,KV threshold,0.6,1,29.048,49,18,31,,ok
KV threshold 0.6 - repeat 1,KV-cache detector,KV threshold,0.6,1,29.525,49,18,31,,ok
KV threshold 0.6 - repeat 1,KV-cache detector,KV threshold,0.6,1,30.044,50,18,32,,ok
KV threshold 0.6 - repeat 1,KV-cache detector,KV threshold,0.6,1,30.85,50,18,32,,ok
KV threshold 0.6 - repeat 1,KV-cache detector,KV threshold,0.6,1,31.036,51,18,33,,ok
KV threshold 0.6 - repeat 1,KV-cache detector,KV threshold,0.6,1,31.514,52,18,34,,ok
KV threshold 0.6 - repeat 1,KV-cache detector,KV threshold,0.6,1,32.034,52,18,34,,ok
KV threshold 0.6 - repeat 1,KV-cache detector,KV threshold,0.6,1,32.544,53,18,35,,ok
KV threshold 0.6 - repeat 1,KV-cache detector,KV threshold,0.6,1,33.002,53,18,35,,ok
KV threshold 0.6 - repeat 1,KV-cache detector,KV threshold,0.6,1,33.512,55,19,36,,ok
KV threshold 0.6 - repeat 1,KV-cache detector,KV threshold,0.6,1,34.021,55,19,36,,ok
KV threshold 0.6 - repeat 1,KV-cache detector,KV threshold,0.6,1,34.531,56,19,37,,ok
KV threshold 0.6 - repeat 1,KV-cache detector,KV threshold,0.6,1,35.041,56,19,37,,ok
KV threshold 0.6 - repeat 1,KV-cache detector,KV threshold,0.6,1,35.501,57,19,38,,ok
KV threshold 0.6 - repeat 1,KV-cache detector,KV threshold,0.6,1,36.01,57,19,38,,ok
KV threshold 0.6 - repeat 1,KV-cache detector,KV threshold,0.6,1,36.519,58,19,39,,ok
KV threshold 0.6 - repeat 1,KV-cache detector,KV threshold,0.6,1,37.028,58,19,39,,ok
KV threshold 0.6 - repeat 1,KV-cache detector,KV threshold,0.6,1,37.538,59,19,40,,ok
KV threshold 0.6 - repeat 1,KV-cache detector,KV threshold,0.6,1,38.049,60,19,41,,ok
KV threshold 0.6 - repeat 1,KV-cache detector,KV threshold,0.6,1,38.506,60,19,41,,ok
KV threshold 0.6 - repeat 1,KV-cache detector,KV threshold,0.6,1,39.02,61,19,42,,ok
KV threshold 0.6 - repeat 1,KV-cache detector,KV threshold,0.6,1,39.553,61,19,42,,ok
KV threshold 0.6 - repeat 1,KV-cache detector,KV threshold,0.6,1,40.023,63,20,43,,ok
KV threshold 0.6 - repeat 1,KV-cache detector,KV threshold,0.6,1,40.548,64,21,43,,ok
KV threshold 0.6 - repeat 1,KV-cache detector,KV threshold,0.6,1,41.027,66,22,44,,ok
KV threshold 0.6 - repeat 1,KV-cache detector,KV threshold,0.6,1,41.508,66,22,44,,ok
KV threshold 0.6 - repeat 1,KV-cache detector,KV threshold,0.6,1,42.018,67,22,45,,ok
KV threshold 0.6 - repeat 1,KV-cache detector,KV threshold,0.6,1,42.528,67,22,45,,ok
KV threshold 0.6 - repeat 1,KV-cache detector,KV threshold,0.6,1,43.001,68,22,46,,ok
KV threshold 0.6 - repeat 1,KV-cache detector,KV threshold,0.6,1,43.523,68,22,46,,ok
KV threshold 0.6 - repeat 1,KV-cache detector,KV threshold,0.6,1,44.032,69,22,47,,ok
KV threshold 0.6 - repeat 1,KV-cache detector,KV threshold,0.6,1,44.544,69,22,47,,ok
KV threshold 0.6 - repeat 1,KV-cache detector,KV threshold,0.6,1,45.003,70,22,48,,ok
KV threshold 0.6 - repeat 1,KV-cache detector,KV threshold,0.6,1,45.515,70,22,48,,ok
KV threshold 0.6 - repeat 1,KV-cache detector,KV threshold,0.6,1,46.025,71,22,49,,ok
KV threshold 0.6 - repeat 1,KV-cache detector,KV threshold,0.6,1,46.54,72,22,50,,ok
KV threshold 0.6 - repeat 1,KV-cache detector,KV threshold,0.6,1,47.05,73,23,50,,ok
KV threshold 0.6 - repeat 1,KV-cache detector,KV threshold,0.6,1,47.509,74,23,51,,ok
KV threshold 0.6 - repeat 1,KV-cache detector,KV threshold,0.6,1,48.021,74,23,51,,ok
KV threshold 0.6 - repeat 1,KV-cache detector,KV threshold,0.6,1,48.538,75,23,52,,ok
KV threshold 0.6 - repeat 1,KV-cache detector,KV threshold,0.6,1,49.02,76,24,52,,ok
KV threshold 0.6 - repeat 1,KV-cache detector,KV threshold,0.6,1,49.514,77,25,52,,ok
KV threshold 0.6 - repeat 1,KV-cache detector,KV threshold,0.6,1,50.035,78,26,52,,ok
KV threshold 0.6 - repeat 1,KV-cache detector,KV threshold,0.6,1,50.544,80,26,54,,ok
KV threshold 0.6 - repeat 1,KV-cache detector,KV threshold,0.6,1,51.017,81,27,54,,ok
KV threshold 0.6 - repeat 1,KV-cache detector,KV threshold,0.6,1,51.545,83,28,55,,ok
KV threshold 0.6 - repeat 1,KV-cache detector,KV threshold,0.6,1,52.001,83,29,54,,ok
KV threshold 0.6 - repeat 1,KV-cache detector,KV threshold,0.6,1,52.519,85,30,55,,ok
KV threshold 0.6 - repeat 1,KV-cache detector,KV threshold,0.6,1,53.029,87,30,57,,ok
KV threshold 0.6 - repeat 1,KV-cache detector,KV threshold,0.6,1,53.539,88,31,57,,ok
KV threshold 0.6 - repeat 1,KV-cache detector,KV threshold,0.6,1,54.049,89,31,58,,ok
KV threshold 0.6 - repeat 1,KV-cache detector,KV threshold,0.6,1,54.523,89,32,57,,ok
KV threshold 0.6 - repeat 1,KV-cache detector,KV threshold,0.6,1,55.033,91,32,59,,ok
KV threshold 0.6 - repeat 1,KV-cache detector,KV threshold,0.6,1,55.542,91,32,59,,ok
KV threshold 0.6 - repeat 1,KV-cache detector,KV threshold,0.6,1,56.001,92,32,60,,ok
KV threshold 0.6 - repeat 1,KV-cache detector,KV threshold,0.6,1,56.516,92,32,60,,ok
KV threshold 0.6 - repeat 1,KV-cache detector,KV threshold,0.6,1,57.026,93,32,61,,ok
KV threshold 0.6 - repeat 1,KV-cache detector,KV threshold,0.6,1,57.535,93,32,61,,ok
KV threshold 0.6 - repeat 1,KV-cache detector,KV threshold,0.6,1,58.042,94,32,62,,ok
KV threshold 0.6 - repeat 1,KV-cache detector,KV threshold,0.6,1,58.501,94,32,62,,ok
KV threshold 0.6 - repeat 1,KV-cache detector,KV threshold,0.6,1,59.027,95,32,63,,ok
KV threshold 0.6 - repeat 1,KV-cache detector,KV threshold,0.6,1,59.501,95,32,63,,ok
KV threshold 0.6 - repeat 1,KV-cache detector,KV threshold,0.6,1,60.041,97,33,64,,ok
KV threshold 0.6 - repeat 1,KV-cache detector,KV threshold,0.6,1,60.524,97,33,64,,ok
KV threshold 0.6 - repeat 1,KV-cache detector,KV threshold,0.6,1,62.758,99,34,65,,ok
KV threshold 0.6 - repeat 1,KV-cache detector,KV threshold,0.6,1,63.025,110,44,66,,ok
KV threshold 0.6 - repeat 1,KV-cache detector,KV threshold,0.6,1,63.535,112,45,67,,ok
KV threshold 0.6 - repeat 1,KV-cache detector,KV threshold,0.6,1,64.045,113,45,68,,ok
KV threshold 0.6 - repeat 1,KV-cache detector,KV threshold,0.6,1,64.513,115,46,69,,ok
KV threshold 0.6 - repeat 1,KV-cache detector,KV threshold,0.6,1,65.022,116,47,69,,ok
KV threshold 0.6 - repeat 1,KV-cache detector,KV threshold,0.6,1,65.532,117,48,69,,ok
KV threshold 0.6 - repeat 1,KV-cache detector,KV threshold,0.6,1,66.006,118,48,70,,ok
KV threshold 0.6 - repeat 1,KV-cache detector,KV threshold,0.6,1,66.517,120,49,71,,ok
KV threshold 0.6 - repeat 1,KV-cache detector,KV threshold,0.6,1,67.025,121,50,71,,ok
KV threshold 0.6 - repeat 1,KV-cache detector,KV threshold,0.6,1,67.535,123,51,72,,ok
KV threshold 0.6 - repeat 1,KV-cache detector,KV threshold,0.6,1,68.045,125,52,73,,ok
KV threshold 0.6 - repeat 1,KV-cache detector,KV threshold,0.6,1,68.504,125,53,72,,ok
KV threshold 0.6 - repeat 1,KV-cache detector,KV threshold,0.6,1,69.016,127,53,74,,ok
KV threshold 0.6 - repeat 1,KV-cache detector,KV threshold,0.6,1,69.502,128,54,74,,ok
KV threshold 0.6 - repeat 1,KV-cache detector,KV threshold,0.6,1,70.043,130,55,75,,ok
KV threshold 0.6 - repeat 1,KV-cache detector,KV threshold,0.6,1,70.525,131,56,75,,ok
KV threshold 0.6 - repeat 1,KV-cache detector,KV threshold,0.6,1,71.011,132,57,75,,ok
KV threshold 0.6 - repeat 1,KV-cache detector,KV threshold,0.6,1,71.521,133,57,76,,ok
KV threshold 0.6 - repeat 1,KV-cache detector,KV threshold,0.6,1,72.041,135,58,77,,ok
KV threshold 0.6 - repeat 1,KV-cache detector,KV threshold,0.6,1,72.512,136,59,77,,ok
KV threshold 0.6 - repeat 1,KV-cache detector,KV threshold,0.6,1,73.025,138,60,78,,ok
KV threshold 0.6 - repeat 1,KV-cache detector,KV threshold,0.6,1,73.535,139,61,78,,ok
KV threshold 0.6 - repeat 1,KV-cache detector,KV threshold,0.6,1,74.043,140,61,79,,ok
KV threshold 0.6 - repeat 1,KV-cache detector,KV threshold,0.6,1,74.505,141,62,79,,ok
KV threshold 0.6 - repeat 1,KV-cache detector,KV threshold,0.6,1,75.014,143,63,80,,ok
KV threshold 0.6 - repeat 1,KV-cache detector,KV threshold,0.6,1,75.523,144,64,80,,ok
KV threshold 0.6 - repeat 1,KV-cache detector,KV threshold,0.6,1,76.034,145,65,80,,ok
KV threshold 0.6 - repeat 1,KV-cache detector,KV threshold,0.6,1,76.504,147,65,82,,ok
KV threshold 0.6 - repeat 1,KV-cache detector,KV threshold,0.6,1,77.015,148,66,82,,ok
KV threshold 0.6 - repeat 1,KV-cache detector,KV threshold,0.6,1,77.524,150,67,83,,ok
KV threshold 0.6 - repeat 1,KV-cache detector,KV threshold,0.6,1,78.04,151,68,83,,ok
KV threshold 0.6 - repeat 1,KV-cache detector,KV threshold,0.6,1,78.549,153,69,84,,ok
KV threshold 0.6 - repeat 1,KV-cache detector,KV threshold,0.6,1,79.01,153,69,84,,ok
KV threshold 0.6 - repeat 1,KV-cache detector,KV threshold,0.6,1,79.553,155,70,85,,ok
KV threshold 0.6 - repeat 1,KV-cache detector,KV threshold,0.6,1,80.054,156,71,85,,ok
KV threshold 0.6 - repeat 1,KV-cache detector,KV threshold,0.6,1,80.566,156,72,84,,ok
KV threshold 0.6 - repeat 1,KV-cache detector,KV threshold,0.6,1,81.04,158,72,86,,ok
KV threshold 0.6 - repeat 1,KV-cache detector,KV threshold,0.6,1,81.544,160,73,87,,ok
KV threshold 0.6 - repeat 1,KV-cache detector,KV threshold,0.6,1,82.037,161,74,87,,ok
KV threshold 0.6 - repeat 1,KV-cache detector,KV threshold,0.6,1,82.518,163,75,88,,ok
KV threshold 0.6 - repeat 1,KV-cache detector,KV threshold,0.6,1,83.014,164,76,88,,ok
KV threshold 0.6 - repeat 1,KV-cache detector,KV threshold,0.6,1,83.535,165,76,89,,ok
KV threshold 0.6 - repeat 1,KV-cache detector,KV threshold,0.6,1,84.048,167,77,90,,ok
KV threshold 0.6 - repeat 1,KV-cache detector,KV threshold,0.6,1,84.506,168,78,90,,ok
KV threshold 0.6 - repeat 1,KV-cache detector,KV threshold,0.6,1,85.017,170,79,91,,ok
KV threshold 0.6 - repeat 1,KV-cache detector,KV threshold,0.6,1,85.528,171,80,91,,ok
KV threshold 0.6 - repeat 1,KV-cache detector,KV threshold,0.6,1,86.05,172,80,92,,ok
KV threshold 0.6 - repeat 1,KV-cache detector,KV threshold,0.6,1,86.517,173,81,92,,ok
KV threshold 0.6 - repeat 1,KV-cache detector,KV threshold,0.6,1,87.027,175,82,93,,ok
KV threshold 0.6 - repeat 1,KV-cache detector,KV threshold,0.6,1,87.537,176,83,93,,ok
KV threshold 0.6 - repeat 1,KV-cache detector,KV threshold,0.6,1,88.046,178,84,94,,ok
KV threshold 0.6 - repeat 1,KV-cache detector,KV threshold,0.6,1,88.517,178,84,94,,ok
KV threshold 0.6 - repeat 1,KV-cache detector,KV threshold,0.6,1,89.045,180,85,95,,ok
KV threshold 0.6 - repeat 1,KV-cache detector,KV threshold,0.6,1,89.554,181,86,95,,ok
KV threshold 0.6 - repeat 1,KV-cache detector,KV threshold,0.6,1,90.03,183,87,96,,ok
KV threshold 0.6 - repeat 1,KV-cache detector,KV threshold,0.6,1,90.509,184,88,96,,ok
KV threshold 0.6 - repeat 1,KV-cache detector,KV threshold,0.6,1,93.113,184,90,94,,ok
KV threshold 0.6 - repeat 1,KV-cache detector,KV threshold,0.6,1,93.522,186,90,96,,ok
KV threshold 0.6 - repeat 1,KV-cache detector,KV threshold,0.6,1,94.032,186,90,96,,ok
KV threshold 0.6 - repeat 1,KV-cache detector,KV threshold,0.6,1,94.542,186,90,96,,ok
KV threshold 0.6 - repeat 1,KV-cache detector,KV threshold,0.6,1,95.001,186,90,96,,ok
KV threshold 0.6 - repeat 1,KV-cache detector,KV threshold,0.6,1,95.51,186,90,96,,ok
KV threshold 0.6 - repeat 1,KV-cache detector,KV threshold,0.6,1,96.022,186,90,96,,ok
KV threshold 0.6 - repeat 1,KV-cache detector,KV threshold,0.6,1,96.531,186,90,96,,ok
KV threshold 0.6 - repeat 1,KV-cache detector,KV threshold,0.6,1,97.047,186,90,96,,ok
KV threshold 0.6 - repeat 1,KV-cache detector,KV threshold,0.6,1,97.515,186,90,96,,ok
KV threshold 0.6 - repeat 1,KV-cache detector,KV threshold,0.6,1,98.053,186,90,96,,ok
KV threshold 0.6 - repeat 1,KV-cache detector,KV threshold,0.6,1,98.531,186,90,96,,ok
KV threshold 0.6 - repeat 1,KV-cache detector,KV threshold,0.6,1,99.054,186,90,96,,ok
KV threshold 0.6 - repeat 1,KV-cache detector,KV threshold,0.6,1,99.543,186,90,96,,ok
KV threshold 0.6 - repeat 1,KV-cache detector,KV threshold,0.6,1,100.044,186,90,96,,ok
KV threshold 0.6 - repeat 1,KV-cache detector,KV threshold,0.6,1,100.51,186,90,96,,ok
KV threshold 0.6 - repeat 1,KV-cache detector,KV threshold,0.6,1,101.022,186,90,96,,ok
KV threshold 0.6 - repeat 1,KV-cache detector,KV threshold,0.6,1,101.513,186,90,96,,ok
KV threshold 0.6 - repeat 1,KV-cache detector,KV threshold,0.6,1,102.004,186,90,96,,ok
KV threshold 0.6 - repeat 1,KV-cache detector,KV threshold,0.6,1,102.522,186,90,96,,ok
KV threshold 0.6 - repeat 1,KV-cache detector,KV threshold,0.6,1,103.031,186,90,96,,ok
KV threshold 0.6 - repeat 1,KV-cache detector,KV threshold,0.6,1,103.539,186,90,96,,ok
KV threshold 0.6 - repeat 1,KV-cache detector,KV threshold,0.6,1,104.018,186,90,96,,ok
KV threshold 0.6 - repeat 1,KV-cache detector,KV threshold,0.6,1,104.517,186,90,96,,ok
KV threshold 0.6 - repeat 1,KV-cache detector,KV threshold,0.6,1,105.027,186,90,96,,ok
KV threshold 0.6 - repeat 1,KV-cache detector,KV threshold,0.6,1,105.538,186,90,96,,ok
KV threshold 0.6 - repeat 1,KV-cache detector,KV threshold,0.6,1,106.013,186,90,96,,ok
KV threshold 0.6 - repeat 1,KV-cache detector,KV threshold,0.6,1,106.537,186,90,96,,ok
KV threshold 0.6 - repeat 1,KV-cache detector,KV threshold,0.6,1,107.046,186,90,96,,ok
KV threshold 0.6 - repeat 1,KV-cache detector,KV threshold,0.6,1,107.517,186,90,96,,ok
KV threshold 0.6 - repeat 1,KV-cache detector,KV threshold,0.6,1,108.026,186,90,96,,ok
KV threshold 0.6 - repeat 1,KV-cache detector,KV threshold,0.6,1,108.536,187,91,96,,ok
KV threshold 0.6 - repeat 1,KV-cache detector,KV threshold,0.6,1,109.047,188,92,96,,ok
KV threshold 0.6 - repeat 1,KV-cache detector,KV threshold,0.6,1,109.534,188,92,96,,ok
KV threshold 0.6 - repeat 1,KV-cache detector,KV threshold,0.6,1,110.053,189,93,96,,ok
KV threshold 0.6 - repeat 1,KV-cache detector,KV threshold,0.6,1,110.519,190,94,96,,ok
KV threshold 0.6 - repeat 1,KV-cache detector,KV threshold,0.6,1,111.046,191,95,96,,ok
KV threshold 0.6 - repeat 1,KV-cache detector,KV threshold,0.6,1,111.515,192,96,96,,ok
KV threshold 0.6 - repeat 1,KV-cache detector,KV threshold,0.6,1,112.043,192,96,96,,ok
KV threshold 0.6 - repeat 1,KV-cache detector,KV threshold,0.6,1,112.516,193,97,96,,ok
KV threshold 0.6 - repeat 1,KV-cache detector,KV threshold,0.6,1,113.038,194,98,96,,ok
KV threshold 0.6 - repeat 1,KV-cache detector,KV threshold,0.6,1,113.549,195,99,96,,ok
KV threshold 0.6 - repeat 1,KV-cache detector,KV threshold,0.6,1,114.0,195,99,96,,ok
KV threshold 0.6 - repeat 1,KV-cache detector,KV threshold,0.6,1,114.51,196,100,96,,ok
KV threshold 0.6 - repeat 1,KV-cache detector,KV threshold,0.6,1,115.031,197,101,96,,ok
KV threshold 0.6 - repeat 1,KV-cache detector,KV threshold,0.6,1,115.503,198,102,96,,ok
KV threshold 0.6 - repeat 1,KV-cache detector,KV threshold,0.6,1,116.009,198,102,96,,ok
KV threshold 0.6 - repeat 1,KV-cache detector,KV threshold,0.6,1,116.52,199,103,96,,ok
KV threshold 0.6 - repeat 1,KV-cache detector,KV threshold,0.6,1,117.03,200,104,96,,ok
KV threshold 0.6 - repeat 1,KV-cache detector,KV threshold,0.6,1,117.538,201,105,96,,ok
KV threshold 0.6 - repeat 1,KV-cache detector,KV threshold,0.6,1,118.049,202,106,96,,ok
KV threshold 0.6 - repeat 1,KV-cache detector,KV threshold,0.6,1,118.507,202,106,96,,ok
KV threshold 0.6 - repeat 1,KV-cache detector,KV threshold,0.6,1,119.026,203,107,96,,ok
KV threshold 0.6 - repeat 1,KV-cache detector,KV threshold,0.6,1,119.523,204,108,96,,ok
KV threshold 0.6 - repeat 1,KV-cache detector,KV threshold,0.6,1,120.04,204,108,96,,ok
KV threshold 0.6 - repeat 1,KV-cache detector,KV threshold,0.6,1,122.398,205,112,93,,ok
KV threshold 0.6 - repeat 1,KV-cache detector,KV threshold,0.6,1,122.5,208,112,96,,ok
KV threshold 0.6 - repeat 1,KV-cache detector,KV threshold,0.6,1,123.01,210,115,95,,ok
KV threshold 0.6 - repeat 1,KV-cache detector,KV threshold,0.6,1,123.519,215,120,95,,ok
KV threshold 0.6 - repeat 1,KV-cache detector,KV threshold,0.6,1,124.028,222,126,96,,ok
KV threshold 0.6 - repeat 1,KV-cache detector,KV threshold,0.6,1,124.536,228,133,95,,ok
KV threshold 0.6 - repeat 1,KV-cache detector,KV threshold,0.6,1,125.047,233,137,96,,ok
KV threshold 0.6 - repeat 1,KV-cache detector,KV threshold,0.6,1,125.505,233,138,95,,ok
KV threshold 0.6 - repeat 1,KV-cache detector,KV threshold,0.6,1,126.013,241,146,95,,ok
KV threshold 0.6 - repeat 1,KV-cache detector,KV threshold,0.6,1,126.522,248,153,95,,ok
KV threshold 0.6 - repeat 1,KV-cache detector,KV threshold,0.6,1,127.034,250,154,96,,ok
KV threshold 0.6 - repeat 1,KV-cache detector,KV threshold,0.6,1,127.506,250,154,96,,ok
KV threshold 0.6 - repeat 1,KV-cache detector,KV threshold,0.6,1,128.015,251,155,96,,ok
KV threshold 0.6 - repeat 1,KV-cache detector,KV threshold,0.6,1,128.525,252,156,96,,ok
KV threshold 0.6 - repeat 1,KV-cache detector,KV threshold,0.6,1,129.034,253,157,96,,ok
KV threshold 0.6 - repeat 1,KV-cache detector,KV threshold,0.6,1,129.545,254,158,96,,ok
KV threshold 0.6 - repeat 1,KV-cache detector,KV threshold,0.6,1,130.03,254,158,96,,ok
KV threshold 0.6 - repeat 1,KV-cache detector,KV threshold,0.6,1,130.544,255,159,96,,ok
KV threshold 0.6 - repeat 1,KV-cache detector,KV threshold,0.6,1,131.009,256,160,96,,ok
KV threshold 0.6 - repeat 1,KV-cache detector,KV threshold,0.6,1,131.541,257,161,96,,ok
KV threshold 0.6 - repeat 1,KV-cache detector,KV threshold,0.6,1,132.007,257,162,95,,ok
KV threshold 0.6 - repeat 1,KV-cache detector,KV threshold,0.6,1,132.528,258,163,95,,ok
KV threshold 0.6 - repeat 1,KV-cache detector,KV threshold,0.6,1,133.047,259,163,96,,ok
KV threshold 0.6 - repeat 1,KV-cache detector,KV threshold,0.6,1,133.504,260,164,96,,ok
KV threshold 0.6 - repeat 1,KV-cache detector,KV threshold,0.6,1,134.017,261,165,96,,ok
KV threshold 0.6 - repeat 1,KV-cache detector,KV threshold,0.6,1,134.527,262,166,96,,ok
KV threshold 0.6 - repeat 1,KV-cache detector,KV threshold,0.6,1,135.046,263,167,96,,ok
KV threshold 0.6 - repeat 1,KV-cache detector,KV threshold,0.6,1,135.502,263,167,96,,ok
KV threshold 0.6 - repeat 1,KV-cache detector,KV threshold,0.6,1,136.013,264,168,96,,ok
KV threshold 0.6 - repeat 1,KV-cache detector,KV threshold,0.6,1,136.522,265,169,96,,ok
KV threshold 0.6 - repeat 1,KV-cache detector,KV threshold,0.6,1,137.032,266,170,96,,ok
KV threshold 0.6 - repeat 1,KV-cache detector,KV threshold,0.6,1,137.544,267,171,96,,ok
KV threshold 0.6 - repeat 1,KV-cache detector,KV threshold,0.6,1,138.021,267,171,96,,ok
KV threshold 0.6 - repeat 1,KV-cache detector,KV threshold,0.6,1,138.535,268,172,96,,ok
KV threshold 0.6 - repeat 1,KV-cache detector,KV threshold,0.6,1,139.02,269,173,96,,ok
KV threshold 0.6 - repeat 1,KV-cache detector,KV threshold,0.6,1,139.508,270,174,96,,ok
KV threshold 0.6 - repeat 1,KV-cache detector,KV threshold,0.6,1,140.045,271,175,96,,ok
KV threshold 0.6 - repeat 1,KV-cache detector,KV threshold,0.6,1,140.513,271,176,95,,ok
KV threshold 0.6 - repeat 1,KV-cache detector,KV threshold,0.6,1,141.009,272,176,96,,ok
KV threshold 0.6 - repeat 1,KV-cache detector,KV threshold,0.6,1,141.529,273,177,96,,ok
KV threshold 0.6 - repeat 1,KV-cache detector,KV threshold,0.6,1,142.018,274,178,96,,ok
KV threshold 0.6 - repeat 1,KV-cache detector,KV threshold,0.6,1,142.542,275,179,96,,ok
KV threshold 0.6 - repeat 1,KV-cache detector,KV threshold,0.6,1,143.001,276,180,96,,ok
KV threshold 0.6 - repeat 1,KV-cache detector,KV threshold,0.6,1,143.518,276,180,96,,ok
KV threshold 0.6 - repeat 1,KV-cache detector,KV threshold,0.6,1,144.029,277,181,96,,ok
KV threshold 0.6 - repeat 1,KV-cache detector,KV threshold,0.6,1,144.551,278,182,96,,ok
KV threshold 0.6 - repeat 1,KV-cache detector,KV threshold,0.6,1,145.009,279,183,96,,ok
KV threshold 0.6 - repeat 1,KV-cache detector,KV threshold,0.6,1,145.523,280,184,96,,ok
KV threshold 0.6 - repeat 1,KV-cache detector,KV threshold,0.6,1,146.044,280,184,96,,ok
KV threshold 0.6 - repeat 1,KV-cache detector,KV threshold,0.6,1,146.502,281,185,96,,ok
KV threshold 0.6 - repeat 1,KV-cache detector,KV threshold,0.6,1,147.022,281,185,96,,ok
KV threshold 0.6 - repeat 1,KV-cache detector,KV threshold,0.6,1,147.531,281,185,96,,ok
KV threshold 0.6 - repeat 1,KV-cache detector,KV threshold,0.6,1,148.046,281,185,96,,ok
KV threshold 0.6 - repeat 1,KV-cache detector,KV threshold,0.6,1,148.517,281,185,96,,ok
KV threshold 0.6 - repeat 1,KV-cache detector,KV threshold,0.6,1,149.031,281,185,96,,ok
KV threshold 0.6 - repeat 1,KV-cache detector,KV threshold,0.6,1,149.515,281,185,96,,ok
KV threshold 0.6 - repeat 1,KV-cache detector,KV threshold,0.6,1,150.036,281,185,96,,ok
KV threshold 0.6 - repeat 1,KV-cache detector,KV threshold,0.6,1,152.664,281,185,96,,ok
KV threshold 0.6 - repeat 1,KV-cache detector,KV threshold,0.6,1,153.022,281,185,96,,ok
KV threshold 0.6 - repeat 1,KV-cache detector,KV threshold,0.6,1,153.548,281,185,96,,ok
KV threshold 0.6 - repeat 1,KV-cache detector,KV threshold,0.6,1,154.005,281,185,96,,ok
KV threshold 0.6 - repeat 1,KV-cache detector,KV threshold,0.6,1,154.514,281,185,96,,ok
KV threshold 0.6 - repeat 1,KV-cache detector,KV threshold,0.6,1,155.024,281,185,96,,ok
KV threshold 0.6 - repeat 1,KV-cache detector,KV threshold,0.6,1,155.549,281,185,96,,ok
KV threshold 0.6 - repeat 1,KV-cache detector,KV threshold,0.6,1,156.013,281,185,96,,ok
KV threshold 0.6 - repeat 1,KV-cache detector,KV threshold,0.6,1,156.532,281,185,96,,ok
KV threshold 0.6 - repeat 1,KV-cache detector,KV threshold,0.6,1,157.041,281,185,96,,ok
KV threshold 0.6 - repeat 1,KV-cache detector,KV threshold,0.6,1,157.501,281,185,96,,ok
KV threshold 0.6 - repeat 1,KV-cache detector,KV threshold,0.6,1,158.012,281,185,96,,ok
KV threshold 0.6 - repeat 1,KV-cache detector,KV threshold,0.6,1,158.523,281,185,96,,ok
KV threshold 0.6 - repeat 1,KV-cache detector,KV threshold,0.6,1,159.048,281,185,96,,ok
KV threshold 0.6 - repeat 1,KV-cache detector,KV threshold,0.6,1,159.527,281,185,96,,ok
KV threshold 0.6 - repeat 1,KV-cache detector,KV threshold,0.6,1,160.002,281,185,96,,ok
KV threshold 0.6 - repeat 1,KV-cache detector,KV threshold,0.6,1,160.519,281,185,96,,ok
KV threshold 0.6 - repeat 1,KV-cache detector,KV threshold,0.6,1,161.017,281,185,96,,ok
KV threshold 0.6 - repeat 1,KV-cache detector,KV threshold,0.6,1,161.632,281,185,96,,ok
KV threshold 0.6 - repeat 1,KV-cache detector,KV threshold,0.6,1,162.049,282,186,96,,ok
KV threshold 0.6 - repeat 1,KV-cache detector,KV threshold,0.6,1,162.55,282,186,96,,ok
KV threshold 0.6 - repeat 1,KV-cache detector,KV threshold,0.6,1,163.022,282,186,96,,ok
KV threshold 0.6 - repeat 1,KV-cache detector,KV threshold,0.6,1,163.515,282,186,96,,ok
KV threshold 0.6 - repeat 1,KV-cache detector,KV threshold,0.6,1,164.028,282,186,96,,ok
KV threshold 0.6 - repeat 1,KV-cache detector,KV threshold,0.6,1,164.546,282,186,96,,ok
KV threshold 0.6 - repeat 1,KV-cache detector,KV threshold,0.6,1,165.004,282,186,96,,ok
KV threshold 0.6 - repeat 1,KV-cache detector,KV threshold,0.6,1,165.515,282,186,96,,ok
KV threshold 0.6 - repeat 1,KV-cache detector,KV threshold,0.6,1,166.039,282,186,96,,ok
KV threshold 0.6 - repeat 1,KV-cache detector,KV threshold,0.6,1,166.513,282,186,96,,ok
KV threshold 0.6 - repeat 1,KV-cache detector,KV threshold,0.6,1,167.028,282,186,96,,ok
KV threshold 0.6 - repeat 1,KV-cache detector,KV threshold,0.6,1,167.537,282,186,96,,ok
KV threshold 0.6 - repeat 1,KV-cache detector,KV threshold,0.6,1,168.047,282,186,96,,ok
KV threshold 0.6 - repeat 1,KV-cache detector,KV threshold,0.6,1,168.509,282,186,96,,ok
KV threshold 0.6 - repeat 1,KV-cache detector,KV threshold,0.6,1,169.045,282,186,96,,ok
KV threshold 0.6 - repeat 1,KV-cache detector,KV threshold,0.6,1,169.541,282,186,96,,ok
KV threshold 0.6 - repeat 1,KV-cache detector,KV threshold,0.6,1,170.015,282,186,96,,ok
KV threshold 0.6 - repeat 1,KV-cache detector,KV threshold,0.6,1,170.509,282,186,96,,ok
KV threshold 0.6 - repeat 1,KV-cache detector,KV threshold,0.6,1,171.031,282,186,96,,ok
KV threshold 0.6 - repeat 1,KV-cache detector,KV threshold,0.6,1,171.508,282,186,96,,ok
KV threshold 0.6 - repeat 1,KV-cache detector,KV threshold,0.6,1,172.021,282,186,96,,ok
KV threshold 0.6 - repeat 1,KV-cache detector,KV threshold,0.6,1,172.533,283,187,96,,ok
KV threshold 0.6 - repeat 1,KV-cache detector,KV threshold,0.6,1,173.04,283,188,95,,ok
KV threshold 0.6 - repeat 1,KV-cache detector,KV threshold,0.6,1,173.549,284,189,95,,ok
KV threshold 0.6 - repeat 1,KV-cache detector,KV threshold,0.6,1,174.008,285,189,96,,ok
KV threshold 0.6 - repeat 1,KV-cache detector,KV threshold,0.6,1,174.501,286,190,96,,ok
KV threshold 0.6 - repeat 1,KV-cache detector,KV threshold,0.6,1,175.011,287,191,96,,ok
KV threshold 0.6 - repeat 1,KV-cache detector,KV threshold,0.6,1,175.549,287,191,96,,ok
KV threshold 0.6 - repeat 1,KV-cache detector,KV threshold,0.6,1,176.009,288,192,96,,ok
KV threshold 0.6 - repeat 1,KV-cache detector,KV threshold,0.6,1,176.546,289,193,96,,ok
KV threshold 0.6 - repeat 1,KV-cache detector,KV threshold,0.6,1,177.007,290,194,96,,ok
KV threshold 0.6 - repeat 1,KV-cache detector,KV threshold,0.6,1,177.516,291,195,96,,ok
KV threshold 0.6 - repeat 1,KV-cache detector,KV threshold,0.6,1,178.027,291,195,96,,ok
KV threshold 0.6 - repeat 1,KV-cache detector,KV threshold,0.6,1,178.537,292,196,96,,ok
KV threshold 0.6 - repeat 1,KV-cache detector,KV threshold,0.6,1,179.007,293,197,96,,ok
KV threshold 0.6 - repeat 1,KV-cache detector,KV threshold,0.6,1,179.5,293,198,95,,ok
KV threshold 0.7 - repeat 1,KV-cache detector,KV threshold,0.7,1,0.0,0,0,0,,ok
KV threshold 0.7 - repeat 1,KV-cache detector,KV threshold,0.7,1,0.513,0,0,0,,ok
KV threshold 0.7 - repeat 1,KV-cache detector,KV threshold,0.7,1,1.029,1,0,1,,ok
KV threshold 0.7 - repeat 1,KV-cache detector,KV threshold,0.7,1,1.547,2,0,2,,ok
KV threshold 0.7 - repeat 1,KV-cache detector,KV threshold,0.7,1,2.024,2,0,2,,ok
KV threshold 0.7 - repeat 1,KV-cache detector,KV threshold,0.7,1,2.51,3,0,3,,ok
KV threshold 0.7 - repeat 1,KV-cache detector,KV threshold,0.7,1,3.045,3,0,3,,ok
KV threshold 0.7 - repeat 1,KV-cache detector,KV threshold,0.7,1,3.512,4,0,4,,ok
KV threshold 0.7 - repeat 1,KV-cache detector,KV threshold,0.7,1,4.033,4,0,4,,ok
KV threshold 0.7 - repeat 1,KV-cache detector,KV threshold,0.7,1,4.545,5,0,5,,ok
KV threshold 0.7 - repeat 1,KV-cache detector,KV threshold,0.7,1,5.005,5,0,5,,ok
KV threshold 0.7 - repeat 1,KV-cache detector,KV threshold,0.7,1,5.515,6,0,6,,ok
KV threshold 0.7 - repeat 1,KV-cache detector,KV threshold,0.7,1,6.042,8,2,6,,ok
KV threshold 0.7 - repeat 1,KV-cache detector,KV threshold,0.7,1,6.503,9,2,7,,ok
KV threshold 0.7 - repeat 1,KV-cache detector,KV threshold,0.7,1,7.025,9,2,7,,ok
KV threshold 0.7 - repeat 1,KV-cache detector,KV threshold,0.7,1,7.542,10,2,8,,ok
KV threshold 0.7 - repeat 1,KV-cache detector,KV threshold,0.7,1,8.005,10,2,8,,ok
KV threshold 0.7 - repeat 1,KV-cache detector,KV threshold,0.7,1,8.522,11,2,9,,ok
KV threshold 0.7 - repeat 1,KV-cache detector,KV threshold,0.7,1,9.036,12,2,10,,ok
KV threshold 0.7 - repeat 1,KV-cache detector,KV threshold,0.7,1,9.544,12,2,10,,ok
KV threshold 0.7 - repeat 1,KV-cache detector,KV threshold,0.7,1,10.007,13,2,11,,ok
KV threshold 0.7 - repeat 1,KV-cache detector,KV threshold,0.7,1,10.529,14,3,11,,ok
KV threshold 0.7 - repeat 1,KV-cache detector,KV threshold,0.7,1,11.047,15,3,12,,ok
KV threshold 0.7 - repeat 1,KV-cache detector,KV threshold,0.7,1,11.514,15,3,12,,ok
KV threshold 0.7 - repeat 1,KV-cache detector,KV threshold,0.7,1,12.004,16,3,13,,ok
KV threshold 0.7 - repeat 1,KV-cache detector,KV threshold,0.7,1,12.534,16,3,13,,ok
KV threshold 0.7 - repeat 1,KV-cache detector,KV threshold,0.7,1,13.049,18,4,14,,ok
KV threshold 0.7 - repeat 1,KV-cache detector,KV threshold,0.7,1,13.525,18,4,14,,ok
KV threshold 0.7 - repeat 1,KV-cache detector,KV threshold,0.7,1,14.044,19,4,15,,ok
KV threshold 0.7 - repeat 1,KV-cache detector,KV threshold,0.7,1,14.502,19,4,15,,ok
KV threshold 0.7 - repeat 1,KV-cache detector,KV threshold,0.7,1,15.012,20,4,16,,ok
KV threshold 0.7 - repeat 1,KV-cache detector,KV threshold,0.7,1,15.521,22,5,17,,ok
KV threshold 0.7 - repeat 1,KV-cache detector,KV threshold,0.7,1,16.035,22,5,17,,ok
KV threshold 0.7 - repeat 1,KV-cache detector,KV threshold,0.7,1,16.502,23,5,18,,ok
KV threshold 0.7 - repeat 1,KV-cache detector,KV threshold,0.7,1,17.015,23,5,18,,ok
KV threshold 0.7 - repeat 1,KV-cache detector,KV threshold,0.7,1,17.53,24,5,19,,ok
KV threshold 0.7 - repeat 1,KV-cache detector,KV threshold,0.7,1,18.046,24,5,19,,ok
KV threshold 0.7 - repeat 1,KV-cache detector,KV threshold,0.7,1,18.514,25,5,20,,ok
KV threshold 0.7 - repeat 1,KV-cache detector,KV threshold,0.7,1,19.026,31,11,20,,ok
KV threshold 0.7 - repeat 1,KV-cache detector,KV threshold,0.7,1,19.504,32,11,21,,ok
KV threshold 0.7 - repeat 1,KV-cache detector,KV threshold,0.7,1,20.019,32,11,21,,ok
KV threshold 0.7 - repeat 1,KV-cache detector,KV threshold,0.7,1,20.538,33,11,22,,ok
KV threshold 0.7 - repeat 1,KV-cache detector,KV threshold,0.7,1,21.002,33,11,22,,ok
KV threshold 0.7 - repeat 1,KV-cache detector,KV threshold,0.7,1,21.519,34,11,23,,ok
KV threshold 0.7 - repeat 1,KV-cache detector,KV threshold,0.7,1,22.024,34,11,23,,ok
KV threshold 0.7 - repeat 1,KV-cache detector,KV threshold,0.7,1,22.517,35,11,24,,ok
KV threshold 0.7 - repeat 1,KV-cache detector,KV threshold,0.7,1,23.013,35,11,24,,ok
KV threshold 0.7 - repeat 1,KV-cache detector,KV threshold,0.7,1,23.535,36,11,25,,ok
KV threshold 0.7 - repeat 1,KV-cache detector,KV threshold,0.7,1,24.047,37,11,26,,ok
KV threshold 0.7 - repeat 1,KV-cache detector,KV threshold,0.7,1,24.512,37,11,26,,ok
KV threshold 0.7 - repeat 1,KV-cache detector,KV threshold,0.7,1,25.029,38,11,27,,ok
KV threshold 0.7 - repeat 1,KV-cache detector,KV threshold,0.7,1,25.548,39,12,27,,ok
KV threshold 0.7 - repeat 1,KV-cache detector,KV threshold,0.7,1,26.02,40,12,28,,ok
KV threshold 0.7 - repeat 1,KV-cache detector,KV threshold,0.7,1,26.534,40,12,28,,ok
KV threshold 0.7 - repeat 1,KV-cache detector,KV threshold,0.7,1,27.001,41,12,29,,ok
KV threshold 0.7 - repeat 1,KV-cache detector,KV threshold,0.7,1,27.515,41,12,29,,ok
KV threshold 0.7 - repeat 1,KV-cache detector,KV threshold,0.7,1,28.032,42,12,30,,ok
KV threshold 0.7 - repeat 1,KV-cache detector,KV threshold,0.7,1,28.55,42,12,30,,ok
KV threshold 0.7 - repeat 1,KV-cache detector,KV threshold,0.7,1,29.016,43,12,31,,ok
KV threshold 0.7 - repeat 1,KV-cache detector,KV threshold,0.7,1,29.531,43,12,31,,ok
KV threshold 0.7 - repeat 1,KV-cache detector,KV threshold,0.7,1,30.041,44,12,32,,ok
KV threshold 0.7 - repeat 1,KV-cache detector,KV threshold,0.7,1,30.519,44,12,32,,ok
KV threshold 0.7 - repeat 1,KV-cache detector,KV threshold,0.7,1,31.047,45,12,33,,ok
KV threshold 0.7 - repeat 1,KV-cache detector,KV threshold,0.7,1,31.515,47,13,34,,ok
KV threshold 0.7 - repeat 1,KV-cache detector,KV threshold,0.7,1,32.003,48,14,34,,ok
KV threshold 0.7 - repeat 1,KV-cache detector,KV threshold,0.7,1,32.535,50,15,35,,ok
KV threshold 0.7 - repeat 1,KV-cache detector,KV threshold,0.7,1,33.012,50,15,35,,ok
KV threshold 0.7 - repeat 1,KV-cache detector,KV threshold,0.7,1,33.547,51,15,36,,ok
KV threshold 0.7 - repeat 1,KV-cache detector,KV threshold,0.7,1,34.019,51,15,36,,ok
KV threshold 0.7 - repeat 1,KV-cache detector,KV threshold,0.7,1,34.535,52,15,37,,ok
KV threshold 0.7 - repeat 1,KV-cache detector,KV threshold,0.7,1,35.052,52,15,37,,ok
KV threshold 0.7 - repeat 1,KV-cache detector,KV threshold,0.7,1,35.514,54,16,38,,ok
KV threshold 0.7 - repeat 1,KV-cache detector,KV threshold,0.7,1,36.032,54,16,38,,ok
KV threshold 0.7 - repeat 1,KV-cache detector,KV threshold,0.7,1,36.55,55,16,39,,ok
KV threshold 0.7 - repeat 1,KV-cache detector,KV threshold,0.7,1,37.012,55,16,39,,ok
KV threshold 0.7 - repeat 1,KV-cache detector,KV threshold,0.7,1,37.53,56,16,40,,ok
KV threshold 0.7 - repeat 1,KV-cache detector,KV threshold,0.7,1,38.046,57,16,41,,ok
KV threshold 0.7 - repeat 1,KV-cache detector,KV threshold,0.7,1,38.508,57,16,41,,ok
KV threshold 0.7 - repeat 1,KV-cache detector,KV threshold,0.7,1,39.025,58,16,42,,ok
KV threshold 0.7 - repeat 1,KV-cache detector,KV threshold,0.7,1,39.539,58,16,42,,ok
KV threshold 0.7 - repeat 1,KV-cache detector,KV threshold,0.7,1,40.027,59,16,43,,ok
KV threshold 0.7 - repeat 1,KV-cache detector,KV threshold,0.7,1,40.548,62,19,43,,ok
KV threshold 0.7 - repeat 1,KV-cache detector,KV threshold,0.7,1,41.014,63,19,44,,ok
KV threshold 0.7 - repeat 1,KV-cache detector,KV threshold,0.7,1,41.532,63,19,44,,ok
KV threshold 0.7 - repeat 1,KV-cache detector,KV threshold,0.7,1,42.039,64,19,45,,ok
KV threshold 0.7 - repeat 1,KV-cache detector,KV threshold,0.7,1,42.516,64,19,45,,ok
KV threshold 0.7 - repeat 1,KV-cache detector,KV threshold,0.7,1,43.002,65,19,46,,ok
KV threshold 0.7 - repeat 1,KV-cache detector,KV threshold,0.7,1,43.533,65,19,46,,ok
KV threshold 0.7 - repeat 1,KV-cache detector,KV threshold,0.7,1,44.03,66,19,47,,ok
KV threshold 0.7 - repeat 1,KV-cache detector,KV threshold,0.7,1,44.517,66,19,47,,ok
KV threshold 0.7 - repeat 1,KV-cache detector,KV threshold,0.7,1,45.031,67,19,48,,ok
KV threshold 0.7 - repeat 1,KV-cache detector,KV threshold,0.7,1,45.548,69,20,49,,ok
KV threshold 0.7 - repeat 1,KV-cache detector,KV threshold,0.7,1,46.024,69,20,49,,ok
KV threshold 0.7 - repeat 1,KV-cache detector,KV threshold,0.7,1,46.542,71,21,50,,ok
KV threshold 0.7 - repeat 1,KV-cache detector,KV threshold,0.7,1,47.002,72,22,50,,ok
KV threshold 0.7 - repeat 1,KV-cache detector,KV threshold,0.7,1,47.531,73,22,51,,ok
KV threshold 0.7 - repeat 1,KV-cache detector,KV threshold,0.7,1,48.002,73,22,51,,ok
KV threshold 0.7 - repeat 1,KV-cache detector,KV threshold,0.7,1,48.515,74,22,52,,ok
KV threshold 0.7 - repeat 1,KV-cache detector,KV threshold,0.7,1,49.036,74,22,52,,ok
KV threshold 0.7 - repeat 1,KV-cache detector,KV threshold,0.7,1,49.507,75,22,53,,ok
KV threshold 0.7 - repeat 1,KV-cache detector,KV threshold,0.7,1,50.02,76,23,53,,ok
KV threshold 0.7 - repeat 1,KV-cache detector,KV threshold,0.7,1,50.549,77,23,54,,ok
KV threshold 0.7 - repeat 1,KV-cache detector,KV threshold,0.7,1,51.01,77,23,54,,ok
KV threshold 0.7 - repeat 1,KV-cache detector,KV threshold,0.7,1,51.525,78,23,55,,ok
KV threshold 0.7 - repeat 1,KV-cache detector,KV threshold,0.7,1,52.034,78,23,55,,ok
KV threshold 0.7 - repeat 1,KV-cache detector,KV threshold,0.7,1,52.511,79,23,56,,ok
KV threshold 0.7 - repeat 1,KV-cache detector,KV threshold,0.7,1,53.034,80,23,57,,ok
KV threshold 0.7 - repeat 1,KV-cache detector,KV threshold,0.7,1,53.52,80,23,57,,ok
KV threshold 0.7 - repeat 1,KV-cache detector,KV threshold,0.7,1,54.051,81,23,58,,ok
KV threshold 0.7 - repeat 1,KV-cache detector,KV threshold,0.7,1,54.521,81,23,58,,ok
KV threshold 0.7 - repeat 1,KV-cache detector,KV threshold,0.7,1,55.04,82,23,59,,ok
KV threshold 0.7 - repeat 1,KV-cache detector,KV threshold,0.7,1,55.502,82,23,59,,ok
KV threshold 0.7 - repeat 1,KV-cache detector,KV threshold,0.7,1,56.038,84,24,60,,ok
KV threshold 0.7 - repeat 1,KV-cache detector,KV threshold,0.7,1,56.536,84,24,60,,ok
KV threshold 0.7 - repeat 1,KV-cache detector,KV threshold,0.7,1,57.05,85,24,61,,ok
KV threshold 0.7 - repeat 1,KV-cache detector,KV threshold,0.7,1,57.513,85,24,61,,ok
KV threshold 0.7 - repeat 1,KV-cache detector,KV threshold,0.7,1,58.027,87,26,61,,ok
KV threshold 0.7 - repeat 1,KV-cache detector,KV threshold,0.7,1,58.501,89,27,62,,ok
KV threshold 0.7 - repeat 1,KV-cache detector,KV threshold,0.7,1,59.012,90,27,63,,ok
KV threshold 0.7 - repeat 1,KV-cache detector,KV threshold,0.7,1,59.529,91,28,63,,ok
KV threshold 0.7 - repeat 1,KV-cache detector,KV threshold,0.7,1,60.045,93,29,64,,ok
KV threshold 0.7 - repeat 1,KV-cache detector,KV threshold,0.7,1,60.969,94,31,63,,ok
KV threshold 0.7 - repeat 1,KV-cache detector,KV threshold,0.7,1,61.019,96,31,65,,ok
KV threshold 0.7 - repeat 1,KV-cache detector,KV threshold,0.7,1,61.55,97,31,66,,ok
KV threshold 0.7 - repeat 1,KV-cache detector,KV threshold,0.7,1,62.027,98,32,66,,ok
KV threshold 0.7 - repeat 1,KV-cache detector,KV threshold,0.7,1,62.51,100,33,67,,ok
KV threshold 0.7 - repeat 1,KV-cache detector,KV threshold,0.7,1,63.034,101,34,67,,ok
KV threshold 0.7 - repeat 1,KV-cache detector,KV threshold,0.7,1,63.511,103,35,68,,ok
KV threshold 0.7 - repeat 1,KV-cache detector,KV threshold,0.7,1,64.034,103,35,68,,ok
KV threshold 0.7 - repeat 1,KV-cache detector,KV threshold,0.7,1,64.552,105,36,69,,ok
KV threshold 0.7 - repeat 1,KV-cache detector,KV threshold,0.7,1,65.02,106,37,69,,ok
KV threshold 0.7 - repeat 1,KV-cache detector,KV threshold,0.7,1,65.536,108,38,70,,ok
KV threshold 0.7 - repeat 1,KV-cache detector,KV threshold,0.7,1,66.002,108,38,70,,ok
KV threshold 0.7 - repeat 1,KV-cache detector,KV threshold,0.7,1,66.519,110,39,71,,ok
KV threshold 0.7 - repeat 1,KV-cache detector,KV threshold,0.7,1,67.031,111,40,71,,ok
KV threshold 0.7 - repeat 1,KV-cache detector,KV threshold,0.7,1,67.547,113,41,72,,ok
KV threshold 0.7 - repeat 1,KV-cache detector,KV threshold,0.7,1,68.012,114,42,72,,ok
KV threshold 0.7 - repeat 1,KV-cache detector,KV threshold,0.7,1,68.53,116,43,73,,ok
KV threshold 0.7 - repeat 1,KV-cache detector,KV threshold,0.7,1,69.048,117,43,74,,ok
KV threshold 0.7 - repeat 1,KV-cache detector,KV threshold,0.7,1,69.523,118,44,74,,ok
KV threshold 0.7 - repeat 1,KV-cache detector,KV threshold,0.7,1,70.038,119,44,75,,ok
KV threshold 0.7 - repeat 1,KV-cache detector,KV threshold,0.7,1,70.517,119,44,75,,ok
KV threshold 0.7 - repeat 1,KV-cache detector,KV threshold,0.7,1,71.034,121,45,76,,ok
KV threshold 0.7 - repeat 1,KV-cache detector,KV threshold,0.7,1,71.549,121,45,76,,ok
KV threshold 0.7 - repeat 1,KV-cache detector,KV threshold,0.7,1,72.034,123,46,77,,ok
KV threshold 0.7 - repeat 1,KV-cache detector,KV threshold,0.7,1,72.513,124,47,77,,ok
KV threshold 0.7 - repeat 1,KV-cache detector,KV threshold,0.7,1,73.007,125,47,78,,ok
KV threshold 0.7 - repeat 1,KV-cache detector,KV threshold,0.7,1,73.542,126,48,78,,ok
KV threshold 0.7 - repeat 1,KV-cache detector,KV threshold,0.7,1,74.008,128,49,79,,ok
KV threshold 0.7 - repeat 1,KV-cache detector,KV threshold,0.7,1,74.521,129,50,79,,ok
KV threshold 0.7 - repeat 1,KV-cache detector,KV threshold,0.7,1,75.052,131,51,80,,ok
KV threshold 0.7 - repeat 1,KV-cache detector,KV threshold,0.7,1,75.517,131,51,80,,ok
KV threshold 0.7 - repeat 1,KV-cache detector,KV threshold,0.7,1,76.006,133,52,81,,ok
KV threshold 0.7 - repeat 1,KV-cache detector,KV threshold,0.7,1,76.525,135,53,82,,ok
KV threshold 0.7 - repeat 1,KV-cache detector,KV threshold,0.7,1,77.042,135,53,82,,ok
KV threshold 0.7 - repeat 1,KV-cache detector,KV threshold,0.7,1,77.511,137,54,83,,ok
KV threshold 0.7 - repeat 1,KV-cache detector,KV threshold,0.7,1,78.027,138,55,83,,ok
KV threshold 0.7 - repeat 1,KV-cache detector,KV threshold,0.7,1,78.541,140,56,84,,ok
KV threshold 0.7 - repeat 1,KV-cache detector,KV threshold,0.7,1,79.002,140,56,84,,ok
KV threshold 0.7 - repeat 1,KV-cache detector,KV threshold,0.7,1,79.518,142,57,85,,ok
KV threshold 0.7 - repeat 1,KV-cache detector,KV threshold,0.7,1,80.031,142,57,85,,ok
KV threshold 0.7 - repeat 1,KV-cache detector,KV threshold,0.7,1,80.501,144,59,85,,ok
KV threshold 0.7 - repeat 1,KV-cache detector,KV threshold,0.7,1,81.016,148,62,86,,ok
KV threshold 0.7 - repeat 1,KV-cache detector,KV threshold,0.7,1,81.531,150,63,87,,ok
KV threshold 0.7 - repeat 1,KV-cache detector,KV threshold,0.7,1,82.013,151,64,87,,ok
KV threshold 0.7 - repeat 1,KV-cache detector,KV threshold,0.7,1,82.513,153,65,88,,ok
KV threshold 0.7 - repeat 1,KV-cache detector,KV threshold,0.7,1,83.041,154,65,89,,ok
KV threshold 0.7 - repeat 1,KV-cache detector,KV threshold,0.7,1,83.514,155,66,89,,ok
KV threshold 0.7 - repeat 1,KV-cache detector,KV threshold,0.7,1,84.049,157,67,90,,ok
KV threshold 0.7 - repeat 1,KV-cache detector,KV threshold,0.7,1,84.526,158,68,90,,ok
KV threshold 0.7 - repeat 1,KV-cache detector,KV threshold,0.7,1,85.044,159,68,91,,ok
KV threshold 0.7 - repeat 1,KV-cache detector,KV threshold,0.7,1,85.508,160,69,91,,ok
KV threshold 0.7 - repeat 1,KV-cache detector,KV threshold,0.7,1,86.019,162,70,92,,ok
KV threshold 0.7 - repeat 1,KV-cache detector,KV threshold,0.7,1,86.532,163,71,92,,ok
KV threshold 0.7 - repeat 1,KV-cache detector,KV threshold,0.7,1,87.051,165,72,93,,ok
KV threshold 0.7 - repeat 1,KV-cache detector,KV threshold,0.7,1,87.519,165,72,93,,ok
KV threshold 0.7 - repeat 1,KV-cache detector,KV threshold,0.7,1,88.042,167,73,94,,ok
KV threshold 0.7 - repeat 1,KV-cache detector,KV threshold,0.7,1,88.505,168,74,94,,ok
KV threshold 0.7 - repeat 1,KV-cache detector,KV threshold,0.7,1,89.018,170,75,95,,ok
KV threshold 0.7 - repeat 1,KV-cache detector,KV threshold,0.7,1,89.537,171,76,95,,ok
KV threshold 0.7 - repeat 1,KV-cache detector,KV threshold,0.7,1,90.012,172,76,96,,ok
KV threshold 0.7 - repeat 1,KV-cache detector,KV threshold,0.7,1,90.809,172,78,94,,ok
KV threshold 0.7 - repeat 1,KV-cache detector,KV threshold,0.7,1,91.014,174,78,96,,ok
KV threshold 0.7 - repeat 1,KV-cache detector,KV threshold,0.7,1,91.526,175,79,96,,ok
KV threshold 0.7 - repeat 1,KV-cache detector,KV threshold,0.7,1,92.032,175,79,96,,ok
KV threshold 0.7 - repeat 1,KV-cache detector,KV threshold,0.7,1,92.507,176,80,96,,ok
KV threshold 0.7 - repeat 1,KV-cache detector,KV threshold,0.7,1,93.033,177,81,96,,ok
KV threshold 0.7 - repeat 1,KV-cache detector,KV threshold,0.7,1,93.504,177,81,96,,ok
KV threshold 0.7 - repeat 1,KV-cache detector,KV threshold,0.7,1,94.037,178,82,96,,ok
KV threshold 0.7 - repeat 1,KV-cache detector,KV threshold,0.7,1,94.502,179,83,96,,ok
KV threshold 0.7 - repeat 1,KV-cache detector,KV threshold,0.7,1,95.02,180,84,96,,ok
KV threshold 0.7 - repeat 1,KV-cache detector,KV threshold,0.7,1,95.507,180,84,96,,ok
KV threshold 0.7 - repeat 1,KV-cache detector,KV threshold,0.7,1,96.022,180,84,96,,ok
KV threshold 0.7 - repeat 1,KV-cache detector,KV threshold,0.7,1,96.538,180,84,96,,ok
KV threshold 0.7 - repeat 1,KV-cache detector,KV threshold,0.7,1,97.001,180,84,96,,ok
KV threshold 0.7 - repeat 1,KV-cache detector,KV threshold,0.7,1,97.514,180,84,96,,ok
KV threshold 0.7 - repeat 1,KV-cache detector,KV threshold,0.7,1,98.036,180,84,96,,ok
KV threshold 0.7 - repeat 1,KV-cache detector,KV threshold,0.7,1,98.501,180,84,96,,ok
KV threshold 0.7 - repeat 1,KV-cache detector,KV threshold,0.7,1,99.012,180,84,96,,ok
KV threshold 0.7 - repeat 1,KV-cache detector,KV threshold,0.7,1,99.531,180,84,96,,ok
KV threshold 0.7 - repeat 1,KV-cache detector,KV threshold,0.7,1,100.01,181,85,96,,ok
KV threshold 0.7 - repeat 1,KV-cache detector,KV threshold,0.7,1,100.533,181,85,96,,ok
KV threshold 0.7 - repeat 1,KV-cache detector,KV threshold,0.7,1,101.006,182,86,96,,ok
KV threshold 0.7 - repeat 1,KV-cache detector,KV threshold,0.7,1,101.541,183,87,96,,ok
KV threshold 0.7 - repeat 1,KV-cache detector,KV threshold,0.7,1,102.028,184,88,96,,ok
KV threshold 0.7 - repeat 1,KV-cache detector,KV threshold,0.7,1,102.515,184,89,95,,ok
KV threshold 0.7 - repeat 1,KV-cache detector,KV threshold,0.7,1,103.036,185,89,96,,ok
KV threshold 0.7 - repeat 1,KV-cache detector,KV threshold,0.7,1,103.523,186,90,96,,ok
KV threshold 0.7 - repeat 1,KV-cache detector,KV threshold,0.7,1,104.046,187,91,96,,ok
KV threshold 0.7 - repeat 1,KV-cache detector,KV threshold,0.7,1,104.513,187,92,95,,ok
KV threshold 0.7 - repeat 1,KV-cache detector,KV threshold,0.7,1,105.048,188,92,96,,ok
KV threshold 0.7 - repeat 1,KV-cache detector,KV threshold,0.7,1,105.514,189,93,96,,ok
KV threshold 0.7 - repeat 1,KV-cache detector,KV threshold,0.7,1,106.03,190,94,96,,ok
KV threshold 0.7 - repeat 1,KV-cache detector,KV threshold,0.7,1,106.543,191,95,96,,ok
KV threshold 0.7 - repeat 1,KV-cache detector,KV threshold,0.7,1,107.005,191,95,96,,ok
KV threshold 0.7 - repeat 1,KV-cache detector,KV threshold,0.7,1,107.524,192,96,96,,ok
KV threshold 0.7 - repeat 1,KV-cache detector,KV threshold,0.7,1,108.038,193,97,96,,ok
KV threshold 0.7 - repeat 1,KV-cache detector,KV threshold,0.7,1,108.501,194,98,96,,ok
KV threshold 0.7 - repeat 1,KV-cache detector,KV threshold,0.7,1,109.023,195,99,96,,ok
KV threshold 0.7 - repeat 1,KV-cache detector,KV threshold,0.7,1,109.538,195,99,96,,ok
KV threshold 0.7 - repeat 1,KV-cache detector,KV threshold,0.7,1,110.001,196,100,96,,ok
KV threshold 0.7 - repeat 1,KV-cache detector,KV threshold,0.7,1,110.532,197,101,96,,ok
KV threshold 0.7 - repeat 1,KV-cache detector,KV threshold,0.7,1,111.05,198,102,96,,ok
KV threshold 0.7 - repeat 1,KV-cache detector,KV threshold,0.7,1,111.514,198,103,95,,ok
KV threshold 0.7 - repeat 1,KV-cache detector,KV threshold,0.7,1,112.001,199,103,96,,ok
KV threshold 0.7 - repeat 1,KV-cache detector,KV threshold,0.7,1,112.532,200,104,96,,ok
KV threshold 0.7 - repeat 1,KV-cache detector,KV threshold,0.7,1,113.055,201,105,96,,ok
KV threshold 0.7 - repeat 1,KV-cache detector,KV threshold,0.7,1,113.542,201,106,95,,ok
KV threshold 0.7 - repeat 1,KV-cache detector,KV threshold,0.7,1,114.006,202,106,96,,ok
KV threshold 0.7 - repeat 1,KV-cache detector,KV threshold,0.7,1,114.524,203,107,96,,ok
KV threshold 0.7 - repeat 1,KV-cache detector,KV threshold,0.7,1,115.044,204,108,96,,ok
KV threshold 0.7 - repeat 1,KV-cache detector,KV threshold,0.7,1,115.515,204,109,95,,ok
KV threshold 0.7 - repeat 1,KV-cache detector,KV threshold,0.7,1,116.045,205,109,96,,ok
KV threshold 0.7 - repeat 1,KV-cache detector,KV threshold,0.7,1,116.508,206,110,96,,ok
KV threshold 0.7 - repeat 1,KV-cache detector,KV threshold,0.7,1,117.025,207,111,96,,ok
KV threshold 0.7 - repeat 1,KV-cache detector,KV threshold,0.7,1,117.541,208,112,96,,ok
KV threshold 0.7 - repeat 1,KV-cache detector,KV threshold,0.7,1,118.007,208,112,96,,ok
KV threshold 0.7 - repeat 1,KV-cache detector,KV threshold,0.7,1,118.522,209,113,96,,ok
KV threshold 0.7 - repeat 1,KV-cache detector,KV threshold,0.7,1,119.051,210,114,96,,ok
KV threshold 0.7 - repeat 1,KV-cache detector,KV threshold,0.7,1,119.514,211,115,96,,ok
KV threshold 0.7 - repeat 1,KV-cache detector,KV threshold,0.7,1,120.045,212,116,96,,ok
KV threshold 0.7 - repeat 1,KV-cache detector,KV threshold,0.7,1,120.534,212,116,96,,ok
KV threshold 0.7 - repeat 1,KV-cache detector,KV threshold,0.7,1,122.942,214,124,90,,ok
KV threshold 0.7 - repeat 1,KV-cache detector,KV threshold,0.7,1,123.048,221,125,96,,ok
KV threshold 0.7 - repeat 1,KV-cache detector,KV threshold,0.7,1,123.526,221,126,95,,ok
KV threshold 0.7 - repeat 1,KV-cache detector,KV threshold,0.7,1,124.002,222,126,96,,ok
KV threshold 0.7 - repeat 1,KV-cache detector,KV threshold,0.7,1,124.524,223,127,96,,ok
KV threshold 0.7 - repeat 1,KV-cache detector,KV threshold,0.7,1,125.039,224,128,96,,ok
KV threshold 0.7 - repeat 1,KV-cache detector,KV threshold,0.7,1,125.502,225,129,96,,ok
KV threshold 0.7 - repeat 1,KV-cache detector,KV threshold,0.7,1,126.017,225,129,96,,ok
KV threshold 0.7 - repeat 1,KV-cache detector,KV threshold,0.7,1,126.536,226,130,96,,ok
KV threshold 0.7 - repeat 1,KV-cache detector,KV threshold,0.7,1,127.002,227,131,96,,ok
KV threshold 0.7 - repeat 1,KV-cache detector,KV threshold,0.7,1,127.518,228,132,96,,ok
KV threshold 0.7 - repeat 1,KV-cache detector,KV threshold,0.7,1,128.036,229,133,96,,ok
KV threshold 0.7 - repeat 1,KV-cache detector,KV threshold,0.7,1,128.502,229,133,96,,ok
KV threshold 0.7 - repeat 1,KV-cache detector,KV threshold,0.7,1,129.006,230,134,96,,ok
KV threshold 0.7 - repeat 1,KV-cache detector,KV threshold,0.7,1,129.516,231,135,96,,ok
KV threshold 0.7 - repeat 1,KV-cache detector,KV threshold,0.7,1,130.032,232,136,96,,ok
KV threshold 0.7 - repeat 1,KV-cache detector,KV threshold,0.7,1,130.509,233,137,96,,ok
KV threshold 0.7 - repeat 1,KV-cache detector,KV threshold,0.7,1,131.036,233,137,96,,ok
KV threshold 0.7 - repeat 1,KV-cache detector,KV threshold,0.7,1,131.501,234,138,96,,ok
KV threshold 0.7 - repeat 1,KV-cache detector,KV threshold,0.7,1,132.014,235,139,96,,ok
KV threshold 0.7 - repeat 1,KV-cache detector,KV threshold,0.7,1,132.547,236,140,96,,ok
KV threshold 0.7 - repeat 1,KV-cache detector,KV threshold,0.7,1,133.014,236,140,96,,ok
KV threshold 0.7 - repeat 1,KV-cache detector,KV threshold,0.7,1,133.548,237,141,96,,ok
KV threshold 0.7 - repeat 1,KV-cache detector,KV threshold,0.7,1,134.032,238,142,96,,ok
KV threshold 0.7 - repeat 1,KV-cache detector,KV threshold,0.7,1,134.51,239,143,96,,ok
KV threshold 0.7 - repeat 1,KV-cache detector,KV threshold,0.7,1,135.025,240,144,96,,ok
KV threshold 0.7 - repeat 1,KV-cache detector,KV threshold,0.7,1,135.544,240,144,96,,ok
KV threshold 0.7 - repeat 1,KV-cache detector,KV threshold,0.7,1,136.01,241,145,96,,ok
KV threshold 0.7 - repeat 1,KV-cache detector,KV threshold,0.7,1,136.527,242,146,96,,ok
KV threshold 0.7 - repeat 1,KV-cache detector,KV threshold,0.7,1,137.048,243,147,96,,ok
KV threshold 0.7 - repeat 1,KV-cache detector,KV threshold,0.7,1,137.512,243,148,95,,ok
KV threshold 0.7 - repeat 1,KV-cache detector,KV threshold,0.7,1,138.029,244,148,96,,ok
KV threshold 0.7 - repeat 1,KV-cache detector,KV threshold,0.7,1,138.543,245,149,96,,ok
KV threshold 0.7 - repeat 1,KV-cache detector,KV threshold,0.7,1,139.011,246,150,96,,ok
KV threshold 0.7 - repeat 1,KV-cache detector,KV threshold,0.7,1,139.528,247,151,96,,ok
KV threshold 0.7 - repeat 1,KV-cache detector,KV threshold,0.7,1,140.043,248,152,96,,ok
KV threshold 0.7 - repeat 1,KV-cache detector,KV threshold,0.7,1,140.51,248,152,96,,ok
KV threshold 0.7 - repeat 1,KV-cache detector,KV threshold,0.7,1,141.029,249,153,96,,ok
KV threshold 0.7 - repeat 1,KV-cache detector,KV threshold,0.7,1,141.548,250,154,96,,ok
KV threshold 0.7 - repeat 1,KV-cache detector,KV threshold,0.7,1,142.05,251,155,96,,ok
KV threshold 0.7 - repeat 1,KV-cache detector,KV threshold,0.7,1,142.526,251,155,96,,ok
KV threshold 0.7 - repeat 1,KV-cache detector,KV threshold,0.7,1,143.052,252,156,96,,ok
KV threshold 0.7 - repeat 1,KV-cache detector,KV threshold,0.7,1,143.537,253,157,96,,ok
KV threshold 0.7 - repeat 1,KV-cache detector,KV threshold,0.7,1,144.018,253,158,95,,ok
KV threshold 0.7 - repeat 1,KV-cache detector,KV threshold,0.7,1,144.537,254,159,95,,ok
KV threshold 0.7 - repeat 1,KV-cache detector,KV threshold,0.7,1,145.008,255,159,96,,ok
KV threshold 0.7 - repeat 1,KV-cache detector,KV threshold,0.7,1,145.548,256,160,96,,ok
KV threshold 0.7 - repeat 1,KV-cache detector,KV threshold,0.7,1,146.01,257,161,96,,ok
KV threshold 0.7 - repeat 1,KV-cache detector,KV threshold,0.7,1,146.583,257,162,95,,ok
KV threshold 0.7 - repeat 1,KV-cache detector,KV threshold,0.7,1,147.042,258,162,96,,ok
KV threshold 0.7 - repeat 1,KV-cache detector,KV threshold,0.7,1,147.514,259,163,96,,ok
KV threshold 0.7 - repeat 1,KV-cache detector,KV threshold,0.7,1,148.025,260,164,96,,ok
KV threshold 0.7 - repeat 1,KV-cache detector,KV threshold,0.7,1,148.538,261,165,96,,ok
KV threshold 0.7 - repeat 1,KV-cache detector,KV threshold,0.7,1,149.013,261,165,96,,ok
KV threshold 0.7 - repeat 1,KV-cache detector,KV threshold,0.7,1,149.537,262,166,96,,ok
KV threshold 0.7 - repeat 1,KV-cache detector,KV threshold,0.7,1,150.027,263,167,96,,ok
KV threshold 0.7 - repeat 1,KV-cache detector,KV threshold,0.7,1,150.535,264,168,96,,ok
KV threshold 0.7 - repeat 1,KV-cache detector,KV threshold,0.7,1,153.921,264,173,91,,ok
KV threshold 0.7 - repeat 1,KV-cache detector,KV threshold,0.7,1,154.022,269,173,96,,ok
KV threshold 0.7 - repeat 1,KV-cache detector,KV threshold,0.7,1,154.552,270,174,96,,ok
KV threshold 0.7 - repeat 1,KV-cache detector,KV threshold,0.7,1,155.012,271,175,96,,ok
KV threshold 0.7 - repeat 1,KV-cache detector,KV threshold,0.7,1,155.523,272,176,96,,ok
KV threshold 0.7 - repeat 1,KV-cache detector,KV threshold,0.7,1,156.032,272,176,96,,ok
KV threshold 0.7 - repeat 1,KV-cache detector,KV threshold,0.7,1,156.542,273,177,96,,ok
KV threshold 0.7 - repeat 1,KV-cache detector,KV threshold,0.7,1,157.001,274,178,96,,ok
KV threshold 0.7 - repeat 1,KV-cache detector,KV threshold,0.7,1,157.517,275,179,96,,ok
KV threshold 0.7 - repeat 1,KV-cache detector,KV threshold,0.7,1,158.025,276,180,96,,ok
KV threshold 0.7 - repeat 1,KV-cache detector,KV threshold,0.7,1,158.538,276,180,96,,ok
KV threshold 0.7 - repeat 1,KV-cache detector,KV threshold,0.7,1,159.047,276,180,96,,ok
KV threshold 0.7 - repeat 1,KV-cache detector,KV threshold,0.7,1,159.504,276,180,96,,ok
KV threshold 0.7 - repeat 1,KV-cache detector,KV threshold,0.7,1,160.025,276,180,96,,ok
KV threshold 0.7 - repeat 1,KV-cache detector,KV threshold,0.7,1,160.54,276,180,96,,ok
KV threshold 0.7 - repeat 1,KV-cache detector,KV threshold,0.7,1,161.013,276,180,96,,ok
KV threshold 0.7 - repeat 1,KV-cache detector,KV threshold,0.7,1,161.522,276,180,96,,ok
KV threshold 0.7 - repeat 1,KV-cache detector,KV threshold,0.7,1,162.052,276,180,96,,ok
KV threshold 0.7 - repeat 1,KV-cache detector,KV threshold,0.7,1,162.525,276,180,96,,ok
KV threshold 0.7 - repeat 1,KV-cache detector,KV threshold,0.7,1,163.045,276,180,96,,ok
KV threshold 0.7 - repeat 1,KV-cache detector,KV threshold,0.7,1,163.545,276,180,96,,ok
KV threshold 0.7 - repeat 1,KV-cache detector,KV threshold,0.7,1,164.021,276,180,96,,ok
KV threshold 0.7 - repeat 1,KV-cache detector,KV threshold,0.7,1,164.546,276,180,96,,ok
KV threshold 0.7 - repeat 1,KV-cache detector,KV threshold,0.7,1,165.004,276,180,96,,ok
KV threshold 0.7 - repeat 1,KV-cache detector,KV threshold,0.7,1,165.512,276,180,96,,ok
KV threshold 0.7 - repeat 1,KV-cache detector,KV threshold,0.7,1,166.02,276,180,96,,ok
KV threshold 0.7 - repeat 1,KV-cache detector,KV threshold,0.7,1,166.53,276,180,96,,ok
KV threshold 0.7 - repeat 1,KV-cache detector,KV threshold,0.7,1,167.046,276,180,96,,ok
KV threshold 0.7 - repeat 1,KV-cache detector,KV threshold,0.7,1,167.504,276,180,96,,ok
KV threshold 0.7 - repeat 1,KV-cache detector,KV threshold,0.7,1,168.013,276,180,96,,ok
KV threshold 0.7 - repeat 1,KV-cache detector,KV threshold,0.7,1,168.522,276,180,96,,ok
KV threshold 0.7 - repeat 1,KV-cache detector,KV threshold,0.7,1,169.032,277,181,96,,ok
KV threshold 0.7 - repeat 1,KV-cache detector,KV threshold,0.7,1,169.547,277,181,96,,ok
KV threshold 0.7 - repeat 1,KV-cache detector,KV threshold,0.7,1,170.006,278,182,96,,ok
KV threshold 0.7 - repeat 1,KV-cache detector,KV threshold,0.7,1,170.516,279,183,96,,ok
KV threshold 0.7 - repeat 1,KV-cache detector,KV threshold,0.7,1,171.035,280,184,96,,ok
KV threshold 0.7 - repeat 1,KV-cache detector,KV threshold,0.7,1,171.503,280,185,95,,ok
KV threshold 0.7 - repeat 1,KV-cache detector,KV threshold,0.7,1,172.014,281,185,96,,ok
KV threshold 0.7 - repeat 1,KV-cache detector,KV threshold,0.7,1,172.523,282,186,96,,ok
KV threshold 0.7 - repeat 1,KV-cache detector,KV threshold,0.7,1,173.113,283,187,96,,ok
KV threshold 0.7 - repeat 1,KV-cache detector,KV threshold,0.7,1,173.528,283,187,96,,ok
KV threshold 0.7 - repeat 1,KV-cache detector,KV threshold,0.7,1,174.049,284,188,96,,ok
KV threshold 0.7 - repeat 1,KV-cache detector,KV threshold,0.7,1,174.546,285,189,96,,ok
KV threshold 0.7 - repeat 1,KV-cache detector,KV threshold,0.7,1,175.019,286,190,96,,ok
KV threshold 0.7 - repeat 1,KV-cache detector,KV threshold,0.7,1,175.529,287,191,96,,ok
KV threshold 0.7 - repeat 1,KV-cache detector,KV threshold,0.7,1,176.039,287,191,96,,ok
KV threshold 0.7 - repeat 1,KV-cache detector,KV threshold,0.7,1,176.549,288,192,96,,ok
KV threshold 0.7 - repeat 1,KV-cache detector,KV threshold,0.7,1,177.028,289,193,96,,ok
KV threshold 0.7 - repeat 1,KV-cache detector,KV threshold,0.7,1,177.537,290,194,96,,ok
KV threshold 0.7 - repeat 1,KV-cache detector,KV threshold,0.7,1,178.048,290,195,95,,ok
KV threshold 0.7 - repeat 1,KV-cache detector,KV threshold,0.7,1,178.506,291,195,96,,ok
KV threshold 0.7 - repeat 1,KV-cache detector,KV threshold,0.7,1,179.019,292,196,96,,ok
KV threshold 0.7 - repeat 1,KV-cache detector,KV threshold,0.7,1,179.537,293,197,96,,ok
KV threshold 0.75 - repeat 1,KV-cache detector,KV threshold,0.75,1,0.0,0,0,0,,ok
KV threshold 0.75 - repeat 1,KV-cache detector,KV threshold,0.75,1,0.508,0,0,0,,ok
KV threshold 0.75 - repeat 1,KV-cache detector,KV threshold,0.75,1,1.024,1,0,1,,ok
KV threshold 0.75 - repeat 1,KV-cache detector,KV threshold,0.75,1,1.533,2,0,2,,ok
KV threshold 0.75 - repeat 1,KV-cache detector,KV threshold,0.75,1,2.04,2,0,2,,ok
KV threshold 0.75 - repeat 1,KV-cache detector,KV threshold,0.75,1,2.549,3,0,3,,ok
KV threshold 0.75 - repeat 1,KV-cache detector,KV threshold,0.75,1,3.004,3,0,3,,ok
KV threshold 0.75 - repeat 1,KV-cache detector,KV threshold,0.75,1,3.511,4,0,4,,ok
KV threshold 0.75 - repeat 1,KV-cache detector,KV threshold,0.75,1,4.018,4,0,4,,ok
KV threshold 0.75 - repeat 1,KV-cache detector,KV threshold,0.75,1,4.542,5,0,5,,ok
KV threshold 0.75 - repeat 1,KV-cache detector,KV threshold,0.75,1,5.016,6,1,5,,ok
KV threshold 0.75 - repeat 1,KV-cache detector,KV threshold,0.75,1,5.521,7,1,6,,ok
KV threshold 0.75 - repeat 1,KV-cache detector,KV threshold,0.75,1,6.005,7,1,6,,ok
KV threshold 0.75 - repeat 1,KV-cache detector,KV threshold,0.75,1,6.533,8,1,7,,ok
KV threshold 0.75 - repeat 1,KV-cache detector,KV threshold,0.75,1,7.052,8,1,7,,ok
KV threshold 0.75 - repeat 1,KV-cache detector,KV threshold,0.75,1,7.538,10,2,8,,ok
KV threshold 0.75 - repeat 1,KV-cache detector,KV threshold,0.75,1,8.046,11,2,9,,ok
KV threshold 0.75 - repeat 1,KV-cache detector,KV threshold,0.75,1,8.505,11,2,9,,ok
KV threshold 0.75 - repeat 1,KV-cache detector,KV threshold,0.75,1,9.025,12,2,10,,ok
KV threshold 0.75 - repeat 1,KV-cache detector,KV threshold,0.75,1,9.534,12,2,10,,ok
KV threshold 0.75 - repeat 1,KV-cache detector,KV threshold,0.75,1,10.04,14,3,11,,ok
KV threshold 0.75 - repeat 1,KV-cache detector,KV threshold,0.75,1,10.501,14,3,11,,ok
KV threshold 0.75 - repeat 1,KV-cache detector,KV threshold,0.75,1,11.039,15,3,12,,ok
KV threshold 0.75 - repeat 1,KV-cache detector,KV threshold,0.75,1,11.548,15,3,12,,ok
KV threshold 0.75 - repeat 1,KV-cache detector,KV threshold,0.75,1,12.005,16,3,13,,ok
KV threshold 0.75 - repeat 1,KV-cache detector,KV threshold,0.75,1,12.513,16,3,13,,ok
KV threshold 0.75 - repeat 1,KV-cache detector,KV threshold,0.75,1,13.02,17,3,14,,ok
KV threshold 0.75 - repeat 1,KV-cache detector,KV threshold,0.75,1,13.529,17,3,14,,ok
KV threshold 0.75 - repeat 1,KV-cache detector,KV threshold,0.75,1,14.01,19,4,15,,ok
KV threshold 0.75 - repeat 1,KV-cache detector,KV threshold,0.75,1,14.512,19,4,15,,ok
KV threshold 0.75 - repeat 1,KV-cache detector,KV threshold,0.75,1,15.024,20,4,16,,ok
KV threshold 0.75 - repeat 1,KV-cache detector,KV threshold,0.75,1,15.554,22,5,17,,ok
KV threshold 0.75 - repeat 1,KV-cache detector,KV threshold,0.75,1,16.036,23,6,17,,ok
KV threshold 0.75 - repeat 1,KV-cache detector,KV threshold,0.75,1,16.502,25,7,18,,ok
KV threshold 0.75 - repeat 1,KV-cache detector,KV threshold,0.75,1,17.027,25,7,18,,ok
KV threshold 0.75 - repeat 1,KV-cache detector,KV threshold,0.75,1,17.54,26,7,19,,ok
KV threshold 0.75 - repeat 1,KV-cache detector,KV threshold,0.75,1,18.01,26,7,19,,ok
KV threshold 0.75 - repeat 1,KV-cache detector,KV threshold,0.75,1,18.518,27,7,20,,ok
KV threshold 0.75 - repeat 1,KV-cache detector,KV threshold,0.75,1,19.03,27,7,20,,ok
KV threshold 0.75 - repeat 1,KV-cache detector,KV threshold,0.75,1,19.501,28,7,21,,ok
KV threshold 0.75 - repeat 1,KV-cache detector,KV threshold,0.75,1,20.011,29,8,21,,ok
KV threshold 0.75 - repeat 1,KV-cache detector,KV threshold,0.75,1,20.522,30,8,22,,ok
KV threshold 0.75 - repeat 1,KV-cache detector,KV threshold,0.75,1,21.033,30,8,22,,ok
KV threshold 0.75 - repeat 1,KV-cache detector,KV threshold,0.75,1,21.516,31,8,23,,ok
KV threshold 0.75 - repeat 1,KV-cache detector,KV threshold,0.75,1,22.027,31,8,23,,ok
KV threshold 0.75 - repeat 1,KV-cache detector,KV threshold,0.75,1,22.535,32,8,24,,ok
KV threshold 0.75 - repeat 1,KV-cache detector,KV threshold,0.75,1,23.046,33,8,25,,ok
KV threshold 0.75 - repeat 1,KV-cache detector,KV threshold,0.75,1,23.503,36,11,25,,ok
KV threshold 0.75 - repeat 1,KV-cache detector,KV threshold,0.75,1,24.026,37,11,26,,ok
KV threshold 0.75 - repeat 1,KV-cache detector,KV threshold,0.75,1,24.509,37,11,26,,ok
KV threshold 0.75 - repeat 1,KV-cache detector,KV threshold,0.75,1,25.032,39,12,27,,ok
KV threshold 0.75 - repeat 1,KV-cache detector,KV threshold,0.75,1,25.507,39,12,27,,ok
KV threshold 0.75 - repeat 1,KV-cache detector,KV threshold,0.75,1,26.026,40,12,28,,ok
KV threshold 0.75 - repeat 1,KV-cache detector,KV threshold,0.75,1,26.549,40,12,28,,ok
KV threshold 0.75 - repeat 1,KV-cache detector,KV threshold,0.75,1,27.012,41,12,29,,ok
KV threshold 0.75 - repeat 1,KV-cache detector,KV threshold,0.75,1,27.531,41,12,29,,ok
KV threshold 0.75 - repeat 1,KV-cache detector,KV threshold,0.75,1,28.041,42,12,30,,ok
KV threshold 0.75 - repeat 1,KV-cache detector,KV threshold,0.75,1,28.551,42,12,30,,ok
KV threshold 0.75 - repeat 1,KV-cache detector,KV threshold,0.75,1,29.008,43,12,31,,ok
KV threshold 0.75 - repeat 1,KV-cache detector,KV threshold,0.75,1,29.529,43,12,31,,ok
KV threshold 0.75 - repeat 1,KV-cache detector,KV threshold,0.75,1,30.037,44,13,31,,ok
KV threshold 0.75 - repeat 1,KV-cache detector,KV threshold,0.75,1,30.526,46,13,33,,ok
KV threshold 0.75 - repeat 1,KV-cache detector,KV threshold,0.75,1,31.045,47,14,33,,ok
KV threshold 0.75 - repeat 1,KV-cache detector,KV threshold,0.75,1,31.504,49,15,34,,ok
KV threshold 0.75 - repeat 1,KV-cache detector,KV threshold,0.75,1,32.013,49,15,34,,ok
KV threshold 0.75 - repeat 1,KV-cache detector,KV threshold,0.75,1,32.522,50,15,35,,ok
KV threshold 0.75 - repeat 1,KV-cache detector,KV threshold,0.75,1,33.041,50,15,35,,ok
KV threshold 0.75 - repeat 1,KV-cache detector,KV threshold,0.75,1,33.553,51,15,36,,ok
KV threshold 0.75 - repeat 1,KV-cache detector,KV threshold,0.75,1,34.018,51,15,36,,ok
KV threshold 0.75 - repeat 1,KV-cache detector,KV threshold,0.75,1,34.533,52,15,37,,ok
KV threshold 0.75 - repeat 1,KV-cache detector,KV threshold,0.75,1,35.047,52,15,37,,ok
KV threshold 0.75 - repeat 1,KV-cache detector,KV threshold,0.75,1,35.511,53,15,38,,ok
KV threshold 0.75 - repeat 1,KV-cache detector,KV threshold,0.75,1,36.026,54,16,38,,ok
KV threshold 0.75 - repeat 1,KV-cache detector,KV threshold,0.75,1,36.535,55,16,39,,ok
KV threshold 0.75 - repeat 1,KV-cache detector,KV threshold,0.75,1,37.047,55,16,39,,ok
KV threshold 0.75 - repeat 1,KV-cache detector,KV threshold,0.75,1,37.505,56,16,40,,ok
KV threshold 0.75 - repeat 1,KV-cache detector,KV threshold,0.75,1,38.018,56,16,40,,ok
KV threshold 0.75 - repeat 1,KV-cache detector,KV threshold,0.75,1,38.527,58,17,41,,ok
KV threshold 0.75 - repeat 1,KV-cache detector,KV threshold,0.75,1,39.035,59,17,42,,ok
KV threshold 0.75 - repeat 1,KV-cache detector,KV threshold,0.75,1,39.547,59,17,42,,ok
KV threshold 0.75 - repeat 1,KV-cache detector,KV threshold,0.75,1,40.007,60,17,43,,ok
KV threshold 0.75 - repeat 1,KV-cache detector,KV threshold,0.75,1,40.515,60,17,43,,ok
KV threshold 0.75 - repeat 1,KV-cache detector,KV threshold,0.75,1,41.025,61,17,44,,ok
KV threshold 0.75 - repeat 1,KV-cache detector,KV threshold,0.75,1,41.533,61,17,44,,ok
KV threshold 0.75 - repeat 1,KV-cache detector,KV threshold,0.75,1,42.004,63,18,45,,ok
KV threshold 0.75 - repeat 1,KV-cache detector,KV threshold,0.75,1,42.511,67,22,45,,ok
KV threshold 0.75 - repeat 1,KV-cache detector,KV threshold,0.75,1,43.02,69,23,46,,ok
KV threshold 0.75 - repeat 1,KV-cache detector,KV threshold,0.75,1,43.529,70,24,46,,ok
KV threshold 0.75 - repeat 1,KV-cache detector,KV threshold,0.75,1,44.005,72,25,47,,ok
KV threshold 0.75 - repeat 1,KV-cache detector,KV threshold,0.75,1,44.512,73,26,47,,ok
KV threshold 0.75 - repeat 1,KV-cache detector,KV threshold,0.75,1,45.038,75,27,48,,ok
KV threshold 0.75 - repeat 1,KV-cache detector,KV threshold,0.75,1,45.537,76,27,49,,ok
KV threshold 0.75 - repeat 1,KV-cache detector,KV threshold,0.75,1,46.004,77,28,49,,ok
KV threshold 0.75 - repeat 1,KV-cache detector,KV threshold,0.75,1,46.521,79,29,50,,ok
KV threshold 0.75 - repeat 1,KV-cache detector,KV threshold,0.75,1,47.05,80,30,50,,ok
KV threshold 0.75 - repeat 1,KV-cache detector,KV threshold,0.75,1,47.529,81,30,51,,ok
KV threshold 0.75 - repeat 1,KV-cache detector,KV threshold,0.75,1,48.045,82,31,51,,ok
KV threshold 0.75 - repeat 1,KV-cache detector,KV threshold,0.75,1,48.502,83,31,52,,ok
KV threshold 0.75 - repeat 1,KV-cache detector,KV threshold,0.75,1,49.014,83,31,52,,ok
KV threshold 0.75 - repeat 1,KV-cache detector,KV threshold,0.75,1,49.535,84,31,53,,ok
KV threshold 0.75 - repeat 1,KV-cache detector,KV threshold,0.75,1,50.043,84,31,53,,ok
KV threshold 0.75 - repeat 1,KV-cache detector,KV threshold,0.75,1,50.501,85,31,54,,ok
KV threshold 0.75 - repeat 1,KV-cache detector,KV threshold,0.75,1,51.016,85,31,54,,ok
KV threshold 0.75 - repeat 1,KV-cache detector,KV threshold,0.75,1,51.539,86,31,55,,ok
KV threshold 0.75 - repeat 1,KV-cache detector,KV threshold,0.75,1,52.048,87,32,55,,ok
KV threshold 0.75 - repeat 1,KV-cache detector,KV threshold,0.75,1,52.507,88,32,56,,ok
KV threshold 0.75 - repeat 1,KV-cache detector,KV threshold,0.75,1,53.013,88,32,56,,ok
KV threshold 0.75 - repeat 1,KV-cache detector,KV threshold,0.75,1,53.538,89,32,57,,ok
KV threshold 0.75 - repeat 1,KV-cache detector,KV threshold,0.75,1,54.012,90,32,58,,ok
KV threshold 0.75 - repeat 1,KV-cache detector,KV threshold,0.75,1,54.553,90,32,58,,ok
KV threshold 0.75 - repeat 1,KV-cache detector,KV threshold,0.75,1,55.048,91,32,59,,ok
KV threshold 0.75 - repeat 1,KV-cache detector,KV threshold,0.75,1,55.546,91,32,59,,ok
KV threshold 0.75 - repeat 1,KV-cache detector,KV threshold,0.75,1,56.018,92,32,60,,ok
KV threshold 0.75 - repeat 1,KV-cache detector,KV threshold,0.75,1,56.535,92,32,60,,ok
KV threshold 0.75 - repeat 1,KV-cache detector,KV threshold,0.75,1,57.001,94,33,61,,ok
KV threshold 0.75 - repeat 1,KV-cache detector,KV threshold,0.75,1,57.508,95,34,61,,ok
KV threshold 0.75 - repeat 1,KV-cache detector,KV threshold,0.75,1,58.026,97,35,62,,ok
KV threshold 0.75 - repeat 1,KV-cache detector,KV threshold,0.75,1,58.536,97,35,62,,ok
KV threshold 0.75 - repeat 1,KV-cache detector,KV threshold,0.75,1,59.045,99,36,63,,ok
KV threshold 0.75 - repeat 1,KV-cache detector,KV threshold,0.75,1,59.503,100,37,63,,ok
KV threshold 0.75 - repeat 1,KV-cache detector,KV threshold,0.75,1,60.012,102,38,64,,ok
KV threshold 0.75 - repeat 1,KV-cache detector,KV threshold,0.75,1,60.95,103,39,64,,ok
KV threshold 0.75 - repeat 1,KV-cache detector,KV threshold,0.75,1,61.001,104,39,65,,ok
KV threshold 0.75 - repeat 1,KV-cache detector,KV threshold,0.75,1,61.525,106,40,66,,ok
KV threshold 0.75 - repeat 1,KV-cache detector,KV threshold,0.75,1,62.039,107,41,66,,ok
KV threshold 0.75 - repeat 1,KV-cache detector,KV threshold,0.75,1,62.549,109,42,67,,ok
KV threshold 0.75 - repeat 1,KV-cache detector,KV threshold,0.75,1,63.007,109,43,66,,ok
KV threshold 0.75 - repeat 1,KV-cache detector,KV threshold,0.75,1,63.516,111,43,68,,ok
KV threshold 0.75 - repeat 1,KV-cache detector,KV threshold,0.75,1,64.002,111,43,68,,ok
KV threshold 0.75 - repeat 1,KV-cache detector,KV threshold,0.75,1,64.515,112,43,69,,ok
KV threshold 0.75 - repeat 1,KV-cache detector,KV threshold,0.75,1,65.036,113,44,69,,ok
KV threshold 0.75 - repeat 1,KV-cache detector,KV threshold,0.75,1,65.504,115,45,70,,ok
KV threshold 0.75 - repeat 1,KV-cache detector,KV threshold,0.75,1,66.028,116,46,70,,ok
KV threshold 0.75 - repeat 1,KV-cache detector,KV threshold,0.75,1,66.511,117,46,71,,ok
KV threshold 0.75 - repeat 1,KV-cache detector,KV threshold,0.75,1,67.02,118,47,71,,ok
KV threshold 0.75 - repeat 1,KV-cache detector,KV threshold,0.75,1,67.529,120,48,72,,ok
KV threshold 0.75 - repeat 1,KV-cache detector,KV threshold,0.75,1,68.042,122,49,73,,ok
KV threshold 0.75 - repeat 1,KV-cache detector,KV threshold,0.75,1,68.55,123,50,73,,ok
KV threshold 0.75 - repeat 1,KV-cache detector,KV threshold,0.75,1,69.019,124,50,74,,ok
KV threshold 0.75 - repeat 1,KV-cache detector,KV threshold,0.75,1,69.528,125,51,74,,ok
KV threshold 0.75 - repeat 1,KV-cache detector,KV threshold,0.75,1,70.038,127,52,75,,ok
KV threshold 0.75 - repeat 1,KV-cache detector,KV threshold,0.75,1,70.549,127,52,75,,ok
KV threshold 0.75 - repeat 1,KV-cache detector,KV threshold,0.75,1,71.008,128,52,76,,ok
KV threshold 0.75 - repeat 1,KV-cache detector,KV threshold,0.75,1,71.517,128,52,76,,ok
KV threshold 0.75 - repeat 1,KV-cache detector,KV threshold,0.75,1,72.024,129,52,77,,ok
KV threshold 0.75 - repeat 1,KV-cache detector,KV threshold,0.75,1,72.536,130,53,77,,ok
KV threshold 0.75 - repeat 1,KV-cache detector,KV threshold,0.75,1,73.015,132,54,78,,ok
KV threshold 0.75 - repeat 1,KV-cache detector,KV threshold,0.75,1,73.525,133,55,78,,ok
KV threshold 0.75 - repeat 1,KV-cache detector,KV threshold,0.75,1,74.037,134,55,79,,ok
KV threshold 0.75 - repeat 1,KV-cache detector,KV threshold,0.75,1,74.543,134,55,79,,ok
KV threshold 0.75 - repeat 1,KV-cache detector,KV threshold,0.75,1,75.007,135,55,80,,ok
KV threshold 0.75 - repeat 1,KV-cache detector,KV threshold,0.75,1,75.515,135,56,79,,ok
KV threshold 0.75 - repeat 1,KV-cache detector,KV threshold,0.75,1,76.035,137,56,81,,ok
KV threshold 0.75 - repeat 1,KV-cache detector,KV threshold,0.75,1,76.553,138,56,82,,ok
KV threshold 0.75 - repeat 1,KV-cache detector,KV threshold,0.75,1,77.016,138,56,82,,ok
KV threshold 0.75 - repeat 1,KV-cache detector,KV threshold,0.75,1,77.525,139,56,83,,ok
KV threshold 0.75 - repeat 1,KV-cache detector,KV threshold,0.75,1,78.034,139,56,83,,ok
KV threshold 0.75 - repeat 1,KV-cache detector,KV threshold,0.75,1,78.5,140,56,84,,ok
KV threshold 0.75 - repeat 1,KV-cache detector,KV threshold,0.75,1,79.009,140,56,84,,ok
KV threshold 0.75 - repeat 1,KV-cache detector,KV threshold,0.75,1,79.519,142,57,85,,ok
KV threshold 0.75 - repeat 1,KV-cache detector,KV threshold,0.75,1,80.04,143,58,85,,ok
KV threshold 0.75 - repeat 1,KV-cache detector,KV threshold,0.75,1,80.514,144,58,86,,ok
KV threshold 0.75 - repeat 1,KV-cache detector,KV threshold,0.75,1,81.027,145,59,86,,ok
KV threshold 0.75 - repeat 1,KV-cache detector,KV threshold,0.75,1,81.536,147,60,87,,ok
KV threshold 0.75 - repeat 1,KV-cache detector,KV threshold,0.75,1,82.045,147,60,87,,ok
KV threshold 0.75 - repeat 1,KV-cache detector,KV threshold,0.75,1,82.503,148,60,88,,ok
KV threshold 0.75 - repeat 1,KV-cache detector,KV threshold,0.75,1,83.013,148,60,88,,ok
KV threshold 0.75 - repeat 1,KV-cache detector,KV threshold,0.75,1,83.524,149,60,89,,ok
KV threshold 0.75 - repeat 1,KV-cache detector,KV threshold,0.75,1,84.011,150,60,90,,ok
KV threshold 0.75 - repeat 1,KV-cache detector,KV threshold,0.75,1,84.535,150,60,90,,ok
KV threshold 0.75 - repeat 1,KV-cache detector,KV threshold,0.75,1,85.003,152,61,91,,ok
KV threshold 0.75 - repeat 1,KV-cache detector,KV threshold,0.75,1,85.518,152,61,91,,ok
KV threshold 0.75 - repeat 1,KV-cache detector,KV threshold,0.75,1,86.001,153,61,92,,ok
KV threshold 0.75 - repeat 1,KV-cache detector,KV threshold,0.75,1,86.512,153,61,92,,ok
KV threshold 0.75 - repeat 1,KV-cache detector,KV threshold,0.75,1,87.022,154,61,93,,ok
KV threshold 0.75 - repeat 1,KV-cache detector,KV threshold,0.75,1,87.535,154,61,93,,ok
KV threshold 0.75 - repeat 1,KV-cache detector,KV threshold,0.75,1,88.047,155,61,94,,ok
KV threshold 0.75 - repeat 1,KV-cache detector,KV threshold,0.75,1,88.516,155,61,94,,ok
KV threshold 0.75 - repeat 1,KV-cache detector,KV threshold,0.75,1,89.041,157,62,95,,ok
KV threshold 0.75 - repeat 1,KV-cache detector,KV threshold,0.75,1,89.503,158,63,95,,ok
KV threshold 0.75 - repeat 1,KV-cache detector,KV threshold,0.75,1,90.013,160,64,96,,ok
KV threshold 0.75 - repeat 1,KV-cache detector,KV threshold,0.75,1,90.82,160,65,95,,ok
KV threshold 0.75 - repeat 1,KV-cache detector,KV threshold,0.75,1,91.024,161,65,96,,ok
KV threshold 0.75 - repeat 1,KV-cache detector,KV threshold,0.75,1,91.533,162,66,96,,ok
KV threshold 0.75 - repeat 1,KV-cache detector,KV threshold,0.75,1,92.0,163,67,96,,ok
KV threshold 0.75 - repeat 1,KV-cache detector,KV threshold,0.75,1,92.51,163,68,95,,ok
KV threshold 0.75 - repeat 1,KV-cache detector,KV threshold,0.75,1,93.019,164,68,96,,ok
KV threshold 0.75 - repeat 1,KV-cache detector,KV threshold,0.75,1,93.541,165,69,96,,ok
KV threshold 0.75 - repeat 1,KV-cache detector,KV threshold,0.75,1,94.019,166,70,96,,ok
KV threshold 0.75 - repeat 1,KV-cache detector,KV threshold,0.75,1,94.518,166,70,96,,ok
KV threshold 0.75 - repeat 1,KV-cache detector,KV threshold,0.75,1,95.043,167,71,96,,ok
KV threshold 0.75 - repeat 1,KV-cache detector,KV threshold,0.75,1,95.597,170,75,95,,ok
KV threshold 0.75 - repeat 1,KV-cache detector,KV threshold,0.75,1,96.007,176,80,96,,ok
KV threshold 0.75 - repeat 1,KV-cache detector,KV threshold,0.75,1,96.518,180,85,95,,ok
KV threshold 0.75 - repeat 1,KV-cache detector,KV threshold,0.75,1,97.035,181,85,96,,ok
KV threshold 0.75 - repeat 1,KV-cache detector,KV threshold,0.75,1,97.545,182,86,96,,ok
KV threshold 0.75 - repeat 1,KV-cache detector,KV threshold,0.75,1,98.004,183,87,96,,ok
KV threshold 0.75 - repeat 1,KV-cache detector,KV threshold,0.75,1,98.525,183,88,95,,ok
KV threshold 0.75 - repeat 1,KV-cache detector,KV threshold,0.75,1,99.034,184,88,96,,ok
KV threshold 0.75 - repeat 1,KV-cache detector,KV threshold,0.75,1,99.544,185,89,96,,ok
KV threshold 0.75 - repeat 1,KV-cache detector,KV threshold,0.75,1,100.018,186,90,96,,ok
KV threshold 0.75 - repeat 1,KV-cache detector,KV threshold,0.75,1,100.549,187,91,96,,ok
KV threshold 0.75 - repeat 1,KV-cache detector,KV threshold,0.75,1,101.019,187,91,96,,ok
KV threshold 0.75 - repeat 1,KV-cache detector,KV threshold,0.75,1,101.53,188,92,96,,ok
KV threshold 0.75 - repeat 1,KV-cache detector,KV threshold,0.75,1,102.04,189,93,96,,ok
KV threshold 0.75 - repeat 1,KV-cache detector,KV threshold,0.75,1,102.509,190,94,96,,ok
KV threshold 0.75 - repeat 1,KV-cache detector,KV threshold,0.75,1,103.018,191,95,96,,ok
KV threshold 0.75 - repeat 1,KV-cache detector,KV threshold,0.75,1,103.531,191,95,96,,ok
KV threshold 0.75 - repeat 1,KV-cache detector,KV threshold,0.75,1,104.001,192,96,96,,ok
KV threshold 0.75 - repeat 1,KV-cache detector,KV threshold,0.75,1,104.509,193,97,96,,ok
KV threshold 0.75 - repeat 1,KV-cache detector,KV threshold,0.75,1,105.032,194,98,96,,ok
KV threshold 0.75 - repeat 1,KV-cache detector,KV threshold,0.75,1,105.53,195,99,96,,ok
KV threshold 0.75 - repeat 1,KV-cache detector,KV threshold,0.75,1,106.041,195,99,96,,ok
KV threshold 0.75 - repeat 1,KV-cache detector,KV threshold,0.75,1,106.519,196,100,96,,ok
KV threshold 0.75 - repeat 1,KV-cache detector,KV threshold,0.75,1,107.035,197,101,96,,ok
KV threshold 0.75 - repeat 1,KV-cache detector,KV threshold,0.75,1,107.547,198,102,96,,ok
KV threshold 0.75 - repeat 1,KV-cache detector,KV threshold,0.75,1,108.006,199,103,96,,ok
KV threshold 0.75 - repeat 1,KV-cache detector,KV threshold,0.75,1,108.531,199,103,96,,ok
KV threshold 0.75 - repeat 1,KV-cache detector,KV threshold,0.75,1,109.043,200,104,96,,ok
KV threshold 0.75 - repeat 1,KV-cache detector,KV threshold,0.75,1,109.515,201,105,96,,ok
KV threshold 0.75 - repeat 1,KV-cache detector,KV threshold,0.75,1,110.032,201,106,95,,ok
KV threshold 0.75 - repeat 1,KV-cache detector,KV threshold,0.75,1,110.54,202,107,95,,ok
KV threshold 0.75 - repeat 1,KV-cache detector,KV threshold,0.75,1,111.007,203,107,96,,ok
KV threshold 0.75 - repeat 1,KV-cache detector,KV threshold,0.75,1,111.515,204,108,96,,ok
KV threshold 0.75 - repeat 1,KV-cache detector,KV threshold,0.75,1,112.024,205,109,96,,ok
KV threshold 0.75 - repeat 1,KV-cache detector,KV threshold,0.75,1,112.531,206,110,96,,ok
KV threshold 0.75 - repeat 1,KV-cache detector,KV threshold,0.75,1,113.038,206,110,96,,ok
KV threshold 0.75 - repeat 1,KV-cache detector,KV threshold,0.75,1,113.545,207,111,96,,ok
KV threshold 0.75 - repeat 1,KV-cache detector,KV threshold,0.75,1,114.022,208,112,96,,ok
KV threshold 0.75 - repeat 1,KV-cache detector,KV threshold,0.75,1,114.552,209,113,96,,ok
KV threshold 0.75 - repeat 1,KV-cache detector,KV threshold,0.75,1,115.022,209,113,96,,ok
KV threshold 0.75 - repeat 1,KV-cache detector,KV threshold,0.75,1,115.505,210,114,96,,ok
KV threshold 0.75 - repeat 1,KV-cache detector,KV threshold,0.75,1,116.037,211,115,96,,ok
KV threshold 0.75 - repeat 1,KV-cache detector,KV threshold,0.75,1,116.515,212,116,96,,ok
KV threshold 0.75 - repeat 1,KV-cache detector,KV threshold,0.75,1,117.031,212,117,95,,ok
KV threshold 0.75 - repeat 1,KV-cache detector,KV threshold,0.75,1,117.534,213,117,96,,ok
KV threshold 0.75 - repeat 1,KV-cache detector,KV threshold,0.75,1,118.045,214,118,96,,ok
KV threshold 0.75 - repeat 1,KV-cache detector,KV threshold,0.75,1,118.522,215,119,96,,ok
KV threshold 0.75 - repeat 1,KV-cache detector,KV threshold,0.75,1,119.032,216,120,96,,ok
KV threshold 0.75 - repeat 1,KV-cache detector,KV threshold,0.75,1,119.546,216,121,95,,ok
KV threshold 0.75 - repeat 1,KV-cache detector,KV threshold,0.75,1,120.004,217,121,96,,ok
KV threshold 0.75 - repeat 1,KV-cache detector,KV threshold,0.75,1,120.512,218,122,96,,ok
KV threshold 0.75 - repeat 1,KV-cache detector,KV threshold,0.75,1,122.152,219,125,94,,ok
KV threshold 0.75 - repeat 1,KV-cache detector,KV threshold,0.75,1,122.51,221,125,96,,ok
KV threshold 0.75 - repeat 1,KV-cache detector,KV threshold,0.75,1,123.027,222,126,96,,ok
KV threshold 0.75 - repeat 1,KV-cache detector,KV threshold,0.75,1,123.535,223,127,96,,ok
KV threshold 0.75 - repeat 1,KV-cache detector,KV threshold,0.75,1,124.037,224,128,96,,ok
KV threshold 0.75 - repeat 1,KV-cache detector,KV threshold,0.75,1,124.5,224,128,96,,ok
KV threshold 0.75 - repeat 1,KV-cache detector,KV threshold,0.75,1,125.039,225,129,96,,ok
KV threshold 0.75 - repeat 1,KV-cache detector,KV threshold,0.75,1,125.515,226,130,96,,ok
KV threshold 0.75 - repeat 1,KV-cache detector,KV threshold,0.75,1,126.022,227,131,96,,ok
KV threshold 0.75 - repeat 1,KV-cache detector,KV threshold,0.75,1,126.544,227,131,96,,ok
KV threshold 0.75 - repeat 1,KV-cache detector,KV threshold,0.75,1,127.012,228,132,96,,ok
KV threshold 0.75 - repeat 1,KV-cache detector,KV threshold,0.75,1,127.519,229,133,96,,ok
KV threshold 0.75 - repeat 1,KV-cache detector,KV threshold,0.75,1,128.048,230,134,96,,ok
KV threshold 0.75 - repeat 1,KV-cache detector,KV threshold,0.75,1,128.523,231,135,96,,ok
KV threshold 0.75 - repeat 1,KV-cache detector,KV threshold,0.75,1,129.036,231,135,96,,ok
KV threshold 0.75 - repeat 1,KV-cache detector,KV threshold,0.75,1,129.507,232,136,96,,ok
KV threshold 0.75 - repeat 1,KV-cache detector,KV threshold,0.75,1,130.018,233,137,96,,ok
KV threshold 0.75 - repeat 1,KV-cache detector,KV threshold,0.75,1,130.531,234,138,96,,ok
KV threshold 0.75 - repeat 1,KV-cache detector,KV threshold,0.75,1,131.04,234,139,95,,ok
KV threshold 0.75 - repeat 1,KV-cache detector,KV threshold,0.75,1,131.501,235,139,96,,ok
KV threshold 0.75 - repeat 1,KV-cache detector,KV threshold,0.75,1,132.01,236,140,96,,ok
KV threshold 0.75 - repeat 1,KV-cache detector,KV threshold,0.75,1,132.518,237,141,96,,ok
KV threshold 0.75 - repeat 1,KV-cache detector,KV threshold,0.75,1,133.043,237,141,96,,ok
KV threshold 0.75 - repeat 1,KV-cache detector,KV threshold,0.75,1,133.502,238,142,96,,ok
KV threshold 0.75 - repeat 1,KV-cache detector,KV threshold,0.75,1,134.046,239,143,96,,ok
KV threshold 0.75 - repeat 1,KV-cache detector,KV threshold,0.75,1,134.537,240,144,96,,ok
KV threshold 0.75 - repeat 1,KV-cache detector,KV threshold,0.75,1,135.012,240,144,96,,ok
KV threshold 0.75 - repeat 1,KV-cache detector,KV threshold,0.75,1,135.538,240,144,96,,ok
KV threshold 0.75 - repeat 1,KV-cache detector,KV threshold,0.75,1,136.013,240,144,96,,ok
KV threshold 0.75 - repeat 1,KV-cache detector,KV threshold,0.75,1,136.502,240,144,96,,ok
KV threshold 0.75 - repeat 1,KV-cache detector,KV threshold,0.75,1,137.027,240,144,96,,ok
KV threshold 0.75 - repeat 1,KV-cache detector,KV threshold,0.75,1,137.537,240,144,96,,ok
KV threshold 0.75 - repeat 1,KV-cache detector,KV threshold,0.75,1,138.001,240,144,96,,ok
KV threshold 0.75 - repeat 1,KV-cache detector,KV threshold,0.75,1,138.515,240,144,96,,ok
KV threshold 0.75 - repeat 1,KV-cache detector,KV threshold,0.75,1,139.029,240,144,96,,ok
KV threshold 0.75 - repeat 1,KV-cache detector,KV threshold,0.75,1,139.537,240,144,96,,ok
KV threshold 0.75 - repeat 1,KV-cache detector,KV threshold,0.75,1,140.047,240,144,96,,ok
KV threshold 0.75 - repeat 1,KV-cache detector,KV threshold,0.75,1,140.506,240,144,96,,ok
KV threshold 0.75 - repeat 1,KV-cache detector,KV threshold,0.75,1,141.02,240,144,96,,ok
KV threshold 0.75 - repeat 1,KV-cache detector,KV threshold,0.75,1,141.53,240,144,96,,ok
KV threshold 0.75 - repeat 1,KV-cache detector,KV threshold,0.75,1,142.038,240,144,96,,ok
KV threshold 0.75 - repeat 1,KV-cache detector,KV threshold,0.75,1,142.5,240,144,96,,ok
KV threshold 0.75 - repeat 1,KV-cache detector,KV threshold,0.75,1,143.021,240,144,96,,ok
KV threshold 0.75 - repeat 1,KV-cache detector,KV threshold,0.75,1,143.531,240,144,96,,ok
KV threshold 0.75 - repeat 1,KV-cache detector,KV threshold,0.75,1,144.052,241,145,96,,ok
KV threshold 0.75 - repeat 1,KV-cache detector,KV threshold,0.75,1,144.538,242,146,96,,ok
KV threshold 0.75 - repeat 1,KV-cache detector,KV threshold,0.75,1,145.263,243,147,96,,ok
KV threshold 0.75 - repeat 1,KV-cache detector,KV threshold,0.75,1,145.521,243,147,96,,ok
KV threshold 0.75 - repeat 1,KV-cache detector,KV threshold,0.75,1,146.012,244,148,96,,ok
KV threshold 0.75 - repeat 1,KV-cache detector,KV threshold,0.75,1,146.518,245,149,96,,ok
KV threshold 0.75 - repeat 1,KV-cache detector,KV threshold,0.75,1,147.028,246,150,96,,ok
KV threshold 0.75 - repeat 1,KV-cache detector,KV threshold,0.75,1,147.538,247,151,96,,ok
KV threshold 0.75 - repeat 1,KV-cache detector,KV threshold,0.75,1,148.047,247,151,96,,ok
KV threshold 0.75 - repeat 1,KV-cache detector,KV threshold,0.75,1,148.505,248,152,96,,ok
KV threshold 0.75 - repeat 1,KV-cache detector,KV threshold,0.75,1,149.014,249,153,96,,ok
KV threshold 0.75 - repeat 1,KV-cache detector,KV threshold,0.75,1,149.535,250,154,96,,ok
KV threshold 0.75 - repeat 1,KV-cache detector,KV threshold,0.75,1,150.045,250,155,95,,ok
KV threshold 0.75 - repeat 1,KV-cache detector,KV threshold,0.75,1,151.658,251,157,94,,ok
KV threshold 0.75 - repeat 1,KV-cache detector,KV threshold,0.75,1,152.016,253,157,96,,ok
KV threshold 0.75 - repeat 1,KV-cache detector,KV threshold,0.75,1,152.526,254,158,96,,ok
KV threshold 0.75 - repeat 1,KV-cache detector,KV threshold,0.75,1,153.035,255,159,96,,ok
KV threshold 0.75 - repeat 1,KV-cache detector,KV threshold,0.75,1,153.545,256,160,96,,ok
KV threshold 0.75 - repeat 1,KV-cache detector,KV threshold,0.75,1,154.123,256,161,95,,ok
KV threshold 0.75 - repeat 1,KV-cache detector,KV threshold,0.75,1,154.523,257,161,96,,ok
KV threshold 0.75 - repeat 1,KV-cache detector,KV threshold,0.75,1,155.006,258,162,96,,ok
KV threshold 0.75 - repeat 1,KV-cache detector,KV threshold,0.75,1,155.513,259,163,96,,ok
KV threshold 0.75 - repeat 1,KV-cache detector,KV threshold,0.75,1,156.037,260,164,96,,ok
KV threshold 0.75 - repeat 1,KV-cache detector,KV threshold,0.75,1,156.506,260,164,96,,ok
KV threshold 0.75 - repeat 1,KV-cache detector,KV threshold,0.75,1,157.017,261,165,96,,ok
KV threshold 0.75 - repeat 1,KV-cache detector,KV threshold,0.75,1,157.525,262,166,96,,ok
KV threshold 0.75 - repeat 1,KV-cache detector,KV threshold,0.75,1,158.036,262,167,95,,ok
KV threshold 0.75 - repeat 1,KV-cache detector,KV threshold,0.75,1,158.547,263,167,96,,ok
KV threshold 0.75 - repeat 1,KV-cache detector,KV threshold,0.75,1,159.018,266,170,96,,ok
KV threshold 0.75 - repeat 1,KV-cache detector,KV threshold,0.75,1,159.525,271,176,95,,ok
KV threshold 0.75 - repeat 1,KV-cache detector,KV threshold,0.75,1,160.036,275,179,96,,ok
KV threshold 0.75 - repeat 1,KV-cache detector,KV threshold,0.75,1,160.546,277,182,95,,ok
KV threshold 0.75 - repeat 1,KV-cache detector,KV threshold,0.75,1,161.004,279,183,96,,ok
KV threshold 0.75 - repeat 1,KV-cache detector,KV threshold,0.75,1,161.514,279,184,95,,ok
KV threshold 0.75 - repeat 1,KV-cache detector,KV threshold,0.75,1,162.024,280,184,96,,ok
KV threshold 0.75 - repeat 1,KV-cache detector,KV threshold,0.75,1,162.534,281,185,96,,ok
KV threshold 0.75 - repeat 1,KV-cache detector,KV threshold,0.75,1,163.044,282,186,96,,ok
KV threshold 0.75 - repeat 1,KV-cache detector,KV threshold,0.75,1,163.501,283,187,96,,ok
KV threshold 0.75 - repeat 1,KV-cache detector,KV threshold,0.75,1,164.024,283,187,96,,ok
KV threshold 0.75 - repeat 1,KV-cache detector,KV threshold,0.75,1,164.544,284,188,96,,ok
KV threshold 0.75 - repeat 1,KV-cache detector,KV threshold,0.75,1,165.006,285,189,96,,ok
KV threshold 0.75 - repeat 1,KV-cache detector,KV threshold,0.75,1,165.539,286,190,96,,ok
KV threshold 0.75 - repeat 1,KV-cache detector,KV threshold,0.75,1,166.028,287,191,96,,ok
KV threshold 0.75 - repeat 1,KV-cache detector,KV threshold,0.75,1,166.542,287,191,96,,ok
KV threshold 0.75 - repeat 1,KV-cache detector,KV threshold,0.75,1,167.025,288,192,96,,ok
KV threshold 0.75 - repeat 1,KV-cache detector,KV threshold,0.75,1,167.512,289,193,96,,ok
KV threshold 0.75 - repeat 1,KV-cache detector,KV threshold,0.75,1,168.033,290,194,96,,ok
KV threshold 0.75 - repeat 1,KV-cache detector,KV threshold,0.75,1,168.504,291,195,96,,ok
KV threshold 0.75 - repeat 1,KV-cache detector,KV threshold,0.75,1,169.025,291,195,96,,ok
KV threshold 0.75 - repeat 1,KV-cache detector,KV threshold,0.75,1,169.534,292,196,96,,ok
KV threshold 0.75 - repeat 1,KV-cache detector,KV threshold,0.75,1,170.049,293,197,96,,ok
KV threshold 0.75 - repeat 1,KV-cache detector,KV threshold,0.75,1,170.507,294,198,96,,ok
KV threshold 0.75 - repeat 1,KV-cache detector,KV threshold,0.75,1,171.014,295,199,96,,ok
KV threshold 0.75 - repeat 1,KV-cache detector,KV threshold,0.75,1,171.524,295,199,96,,ok
KV threshold 0.75 - repeat 1,KV-cache detector,KV threshold,0.75,1,172.036,296,200,96,,ok
KV threshold 0.75 - repeat 1,KV-cache detector,KV threshold,0.75,1,172.501,297,201,96,,ok
KV threshold 0.75 - repeat 1,KV-cache detector,KV threshold,0.75,1,173.012,298,202,96,,ok
KV threshold 0.75 - repeat 1,KV-cache detector,KV threshold,0.75,1,173.522,298,202,96,,ok
KV threshold 0.75 - repeat 1,KV-cache detector,KV threshold,0.75,1,174.04,299,203,96,,ok
KV threshold 0.75 - repeat 1,KV-cache detector,KV threshold,0.75,1,174.532,300,204,96,,ok
KV threshold 0.75 - repeat 1,KV-cache detector,KV threshold,0.75,1,175.0,300,204,96,,ok
KV threshold 0.75 - repeat 1,KV-cache detector,KV threshold,0.75,1,175.514,301,205,96,,ok
KV threshold 0.75 - repeat 1,KV-cache detector,KV threshold,0.75,1,176.038,302,206,96,,ok
KV threshold 0.75 - repeat 1,KV-cache detector,KV threshold,0.75,1,176.548,303,207,96,,ok
KV threshold 0.75 - repeat 1,KV-cache detector,KV threshold,0.75,1,177.023,304,208,96,,ok
KV threshold 0.75 - repeat 1,KV-cache detector,KV threshold,0.75,1,177.533,304,209,95,,ok
KV threshold 0.75 - repeat 1,KV-cache detector,KV threshold,0.75,1,178.045,305,209,96,,ok
KV threshold 0.75 - repeat 1,KV-cache detector,KV threshold,0.75,1,178.501,306,210,96,,ok
KV threshold 0.75 - repeat 1,KV-cache detector,KV threshold,0.75,1,179.011,307,211,96,,ok
KV threshold 0.75 - repeat 1,KV-cache detector,KV threshold,0.75,1,179.521,308,212,96,,ok
KV threshold 0.75 - repeat 2,KV-cache detector,KV threshold,0.75,2,0.0,0,0,0,,ok
KV threshold 0.75 - repeat 2,KV-cache detector,KV threshold,0.75,2,0.517,0,0,0,,ok
KV threshold 0.75 - repeat 2,KV-cache detector,KV threshold,0.75,2,1.03,1,0,1,,ok
KV threshold 0.75 - repeat 2,KV-cache detector,KV threshold,0.75,2,1.542,2,0,2,,ok
KV threshold 0.75 - repeat 2,KV-cache detector,KV threshold,0.75,2,2.006,2,0,2,,ok
KV threshold 0.75 - repeat 2,KV-cache detector,KV threshold,0.75,2,2.525,3,0,3,,ok
KV threshold 0.75 - repeat 2,KV-cache detector,KV threshold,0.75,2,3.038,3,0,3,,ok
KV threshold 0.75 - repeat 2,KV-cache detector,KV threshold,0.75,2,3.501,4,0,4,,ok
KV threshold 0.75 - repeat 2,KV-cache detector,KV threshold,0.75,2,4.018,4,0,4,,ok
KV threshold 0.75 - repeat 2,KV-cache detector,KV threshold,0.75,2,4.506,5,0,5,,ok
KV threshold 0.75 - repeat 2,KV-cache detector,KV threshold,0.75,2,5.025,5,0,5,,ok
KV threshold 0.75 - repeat 2,KV-cache detector,KV threshold,0.75,2,5.503,6,0,6,,ok
KV threshold 0.75 - repeat 2,KV-cache detector,KV threshold,0.75,2,6.001,6,0,6,,ok
KV threshold 0.75 - repeat 2,KV-cache detector,KV threshold,0.75,2,6.513,9,2,7,,ok
KV threshold 0.75 - repeat 2,KV-cache detector,KV threshold,0.75,2,7.024,9,2,7,,ok
KV threshold 0.75 - repeat 2,KV-cache detector,KV threshold,0.75,2,7.539,10,2,8,,ok
KV threshold 0.75 - repeat 2,KV-cache detector,KV threshold,0.75,2,8.002,11,3,8,,ok
KV threshold 0.75 - repeat 2,KV-cache detector,KV threshold,0.75,2,8.519,12,3,9,,ok
KV threshold 0.75 - repeat 2,KV-cache detector,KV threshold,0.75,2,9.033,13,3,10,,ok
KV threshold 0.75 - repeat 2,KV-cache detector,KV threshold,0.75,2,9.55,13,3,10,,ok
KV threshold 0.75 - repeat 2,KV-cache detector,KV threshold,0.75,2,10.012,14,3,11,,ok
KV threshold 0.75 - repeat 2,KV-cache detector,KV threshold,0.75,2,10.529,14,3,11,,ok
KV threshold 0.75 - repeat 2,KV-cache detector,KV threshold,0.75,2,11.002,15,3,12,,ok
KV threshold 0.75 - repeat 2,KV-cache detector,KV threshold,0.75,2,11.517,15,3,12,,ok
KV threshold 0.75 - repeat 2,KV-cache detector,KV threshold,0.75,2,12.042,16,3,13,,ok
KV threshold 0.75 - repeat 2,KV-cache detector,KV threshold,0.75,2,12.516,17,4,13,,ok
KV threshold 0.75 - repeat 2,KV-cache detector,KV threshold,0.75,2,13.033,18,4,14,,ok
KV threshold 0.75 - repeat 2,KV-cache detector,KV threshold,0.75,2,13.551,18,4,14,,ok
KV threshold 0.75 - repeat 2,KV-cache detector,KV threshold,0.75,2,14.051,19,4,15,,ok
KV threshold 0.75 - repeat 2,KV-cache detector,KV threshold,0.75,2,14.522,19,4,15,,ok
KV threshold 0.75 - repeat 2,KV-cache detector,KV threshold,0.75,2,15.006,21,5,16,,ok
KV threshold 0.75 - repeat 2,KV-cache detector,KV threshold,0.75,2,15.508,21,5,16,,ok
KV threshold 0.75 - repeat 2,KV-cache detector,KV threshold,0.75,2,16.033,22,5,17,,ok
KV threshold 0.75 - repeat 2,KV-cache detector,KV threshold,0.75,2,16.548,23,5,18,,ok
KV threshold 0.75 - repeat 2,KV-cache detector,KV threshold,0.75,2,17.01,23,5,18,,ok
KV threshold 0.75 - repeat 2,KV-cache detector,KV threshold,0.75,2,17.523,24,5,19,,ok
KV threshold 0.75 - repeat 2,KV-cache detector,KV threshold,0.75,2,18.035,25,6,19,,ok
KV threshold 0.75 - repeat 2,KV-cache detector,KV threshold,0.75,2,18.55,26,6,20,,ok
KV threshold 0.75 - repeat 2,KV-cache detector,KV threshold,0.75,2,19.016,26,6,20,,ok
KV threshold 0.75 - repeat 2,KV-cache detector,KV threshold,0.75,2,19.531,27,6,21,,ok
KV threshold 0.75 - repeat 2,KV-cache detector,KV threshold,0.75,2,20.045,27,6,21,,ok
KV threshold 0.75 - repeat 2,KV-cache detector,KV threshold,0.75,2,20.522,28,6,22,,ok
KV threshold 0.75 - repeat 2,KV-cache detector,KV threshold,0.75,2,21.041,29,7,22,,ok
KV threshold 0.75 - repeat 2,KV-cache detector,KV threshold,0.75,2,21.503,31,8,23,,ok
KV threshold 0.75 - repeat 2,KV-cache detector,KV threshold,0.75,2,22.021,32,9,23,,ok
KV threshold 0.75 - repeat 2,KV-cache detector,KV threshold,0.75,2,22.539,34,10,24,,ok
KV threshold 0.75 - repeat 2,KV-cache detector,KV threshold,0.75,2,23.002,35,11,24,,ok
KV threshold 0.75 - repeat 2,KV-cache detector,KV threshold,0.75,2,23.518,36,11,25,,ok
KV threshold 0.75 - repeat 2,KV-cache detector,KV threshold,0.75,2,24.008,38,12,26,,ok
KV threshold 0.75 - repeat 2,KV-cache detector,KV threshold,0.75,2,24.536,39,13,26,,ok
KV threshold 0.75 - repeat 2,KV-cache detector,KV threshold,0.75,2,25.02,41,14,27,,ok
KV threshold 0.75 - repeat 2,KV-cache detector,KV threshold,0.75,2,25.506,41,14,27,,ok
KV threshold 0.75 - repeat 2,KV-cache detector,KV threshold,0.75,2,26.027,42,14,28,,ok
KV threshold 0.75 - repeat 2,KV-cache detector,KV threshold,0.75,2,26.546,42,14,28,,ok
KV threshold 0.75 - repeat 2,KV-cache detector,KV threshold,0.75,2,27.012,43,14,29,,ok
KV threshold 0.75 - repeat 2,KV-cache detector,KV threshold,0.75,2,27.53,43,14,29,,ok
KV threshold 0.75 - repeat 2,KV-cache detector,KV threshold,0.75,2,28.048,44,14,30,,ok
KV threshold 0.75 - repeat 2,KV-cache detector,KV threshold,0.75,2,28.515,44,14,30,,ok
KV threshold 0.75 - repeat 2,KV-cache detector,KV threshold,0.75,2,29.03,45,14,31,,ok
KV threshold 0.75 - repeat 2,KV-cache detector,KV threshold,0.75,2,29.549,46,15,31,,ok
KV threshold 0.75 - repeat 2,KV-cache detector,KV threshold,0.75,2,30.012,47,15,32,,ok
KV threshold 0.75 - repeat 2,KV-cache detector,KV threshold,0.75,2,30.535,48,15,33,,ok
KV threshold 0.75 - repeat 2,KV-cache detector,KV threshold,0.75,2,31.051,48,15,33,,ok
KV threshold 0.75 - repeat 2,KV-cache detector,KV threshold,0.75,2,31.517,49,15,34,,ok
KV threshold 0.75 - repeat 2,KV-cache detector,KV threshold,0.75,2,32.034,49,15,34,,ok
KV threshold 0.75 - repeat 2,KV-cache detector,KV threshold,0.75,2,32.551,50,15,35,,ok
KV threshold 0.75 - repeat 2,KV-cache detector,KV threshold,0.75,2,33.015,50,15,35,,ok
KV threshold 0.75 - repeat 2,KV-cache detector,KV threshold,0.75,2,33.527,51,15,36,,ok
KV threshold 0.75 - repeat 2,KV-cache detector,KV threshold,0.75,2,34.006,51,15,36,,ok
KV threshold 0.75 - repeat 2,KV-cache detector,KV threshold,0.75,2,34.54,52,15,37,,ok
KV threshold 0.75 - repeat 2,KV-cache detector,KV threshold,0.75,2,35.029,53,16,37,,ok
KV threshold 0.75 - repeat 2,KV-cache detector,KV threshold,0.75,2,35.509,55,17,38,,ok
KV threshold 0.75 - repeat 2,KV-cache detector,KV threshold,0.75,2,36.042,56,18,38,,ok
KV threshold 0.75 - repeat 2,KV-cache detector,KV threshold,0.75,2,36.505,57,18,39,,ok
KV threshold 0.75 - repeat 2,KV-cache detector,KV threshold,0.75,2,37.032,57,18,39,,ok
KV threshold 0.75 - repeat 2,KV-cache detector,KV threshold,0.75,2,37.522,58,18,40,,ok
KV threshold 0.75 - repeat 2,KV-cache detector,KV threshold,0.75,2,38.039,59,18,41,,ok
KV threshold 0.75 - repeat 2,KV-cache detector,KV threshold,0.75,2,38.507,59,18,41,,ok
KV threshold 0.75 - repeat 2,KV-cache detector,KV threshold,0.75,2,39.021,60,18,42,,ok
KV threshold 0.75 - repeat 2,KV-cache detector,KV threshold,0.75,2,39.542,61,19,42,,ok
KV threshold 0.75 - repeat 2,KV-cache detector,KV threshold,0.75,2,40.025,62,19,43,,ok
KV threshold 0.75 - repeat 2,KV-cache detector,KV threshold,0.75,2,40.5,62,19,43,,ok
KV threshold 0.75 - repeat 2,KV-cache detector,KV threshold,0.75,2,41.017,63,19,44,,ok
KV threshold 0.75 - repeat 2,KV-cache detector,KV threshold,0.75,2,41.54,63,19,44,,ok
KV threshold 0.75 - repeat 2,KV-cache detector,KV threshold,0.75,2,42.002,64,19,45,,ok
KV threshold 0.75 - repeat 2,KV-cache detector,KV threshold,0.75,2,42.515,64,19,45,,ok
KV threshold 0.75 - repeat 2,KV-cache detector,KV threshold,0.75,2,43.034,65,19,46,,ok
KV threshold 0.75 - repeat 2,KV-cache detector,KV threshold,0.75,2,43.507,65,19,46,,ok
KV threshold 0.75 - repeat 2,KV-cache detector,KV threshold,0.75,2,44.02,66,19,47,,ok
KV threshold 0.75 - repeat 2,KV-cache detector,KV threshold,0.75,2,44.546,66,19,47,,ok
KV threshold 0.75 - repeat 2,KV-cache detector,KV threshold,0.75,2,45.037,69,22,47,,ok
KV threshold 0.75 - repeat 2,KV-cache detector,KV threshold,0.75,2,45.507,71,23,48,,ok
KV threshold 0.75 - repeat 2,KV-cache detector,KV threshold,0.75,2,46.028,72,23,49,,ok
KV threshold 0.75 - repeat 2,KV-cache detector,KV threshold,0.75,2,46.547,73,23,50,,ok
KV threshold 0.75 - repeat 2,KV-cache detector,KV threshold,0.75,2,47.01,73,23,50,,ok
KV threshold 0.75 - repeat 2,KV-cache detector,KV threshold,0.75,2,47.522,74,23,51,,ok
KV threshold 0.75 - repeat 2,KV-cache detector,KV threshold,0.75,2,48.036,74,23,51,,ok
KV threshold 0.75 - repeat 2,KV-cache detector,KV threshold,0.75,2,48.503,75,23,52,,ok
KV threshold 0.75 - repeat 2,KV-cache detector,KV threshold,0.75,2,49.017,75,23,52,,ok
KV threshold 0.75 - repeat 2,KV-cache detector,KV threshold,0.75,2,49.533,76,23,53,,ok
KV threshold 0.75 - repeat 2,KV-cache detector,KV threshold,0.75,2,50.049,76,23,53,,ok
KV threshold 0.75 - repeat 2,KV-cache detector,KV threshold,0.75,2,50.516,78,24,54,,ok
KV threshold 0.75 - repeat 2,KV-cache detector,KV threshold,0.75,2,51.032,79,25,54,,ok
KV threshold 0.75 - repeat 2,KV-cache detector,KV threshold,0.75,2,51.501,81,26,55,,ok
KV threshold 0.75 - repeat 2,KV-cache detector,KV threshold,0.75,2,52.022,81,26,55,,ok
KV threshold 0.75 - repeat 2,KV-cache detector,KV threshold,0.75,2,52.542,82,26,56,,ok
KV threshold 0.75 - repeat 2,KV-cache detector,KV threshold,0.75,2,53.016,82,26,56,,ok
KV threshold 0.75 - repeat 2,KV-cache detector,KV threshold,0.75,2,53.533,83,26,57,,ok
KV threshold 0.75 - repeat 2,KV-cache detector,KV threshold,0.75,2,54.054,84,26,58,,ok
KV threshold 0.75 - repeat 2,KV-cache detector,KV threshold,0.75,2,54.551,85,27,58,,ok
KV threshold 0.75 - repeat 2,KV-cache detector,KV threshold,0.75,2,55.002,86,27,59,,ok
KV threshold 0.75 - repeat 2,KV-cache detector,KV threshold,0.75,2,55.55,86,27,59,,ok
KV threshold 0.75 - repeat 2,KV-cache detector,KV threshold,0.75,2,56.026,87,27,60,,ok
KV threshold 0.75 - repeat 2,KV-cache detector,KV threshold,0.75,2,56.548,87,27,60,,ok
KV threshold 0.75 - repeat 2,KV-cache detector,KV threshold,0.75,2,57.01,88,27,61,,ok
KV threshold 0.75 - repeat 2,KV-cache detector,KV threshold,0.75,2,57.528,88,27,61,,ok
KV threshold 0.75 - repeat 2,KV-cache detector,KV threshold,0.75,2,58.045,89,27,62,,ok
KV threshold 0.75 - repeat 2,KV-cache detector,KV threshold,0.75,2,58.523,89,27,62,,ok
KV threshold 0.75 - repeat 2,KV-cache detector,KV threshold,0.75,2,59.002,90,27,63,,ok
KV threshold 0.75 - repeat 2,KV-cache detector,KV threshold,0.75,2,59.525,90,27,63,,ok
KV threshold 0.75 - repeat 2,KV-cache detector,KV threshold,0.75,2,60.05,92,28,64,,ok
KV threshold 0.75 - repeat 2,KV-cache detector,KV threshold,0.75,2,60.986,93,30,63,,ok
KV threshold 0.75 - repeat 2,KV-cache detector,KV threshold,0.75,2,61.038,95,30,65,,ok
KV threshold 0.75 - repeat 2,KV-cache detector,KV threshold,0.75,2,61.562,96,30,66,,ok
KV threshold 0.75 - repeat 2,KV-cache detector,KV threshold,0.75,2,62.029,97,31,66,,ok
KV threshold 0.75 - repeat 2,KV-cache detector,KV threshold,0.75,2,62.545,99,32,67,,ok
KV threshold 0.75 - repeat 2,KV-cache detector,KV threshold,0.75,2,63.014,100,33,67,,ok
KV threshold 0.75 - repeat 2,KV-cache detector,KV threshold,0.75,2,63.541,101,34,67,,ok
KV threshold 0.75 - repeat 2,KV-cache detector,KV threshold,0.75,2,64.014,102,34,68,,ok
KV threshold 0.75 - repeat 2,KV-cache detector,KV threshold,0.75,2,64.506,104,35,69,,ok
KV threshold 0.75 - repeat 2,KV-cache detector,KV threshold,0.75,2,65.024,105,36,69,,ok
KV threshold 0.75 - repeat 2,KV-cache detector,KV threshold,0.75,2,65.551,106,37,69,,ok
KV threshold 0.75 - repeat 2,KV-cache detector,KV threshold,0.75,2,66.028,107,37,70,,ok
KV threshold 0.75 - repeat 2,KV-cache detector,KV threshold,0.75,2,66.502,109,38,71,,ok
KV threshold 0.75 - repeat 2,KV-cache detector,KV threshold,0.75,2,67.024,110,39,71,,ok
KV threshold 0.75 - repeat 2,KV-cache detector,KV threshold,0.75,2,67.502,112,40,72,,ok
KV threshold 0.75 - repeat 2,KV-cache detector,KV threshold,0.75,2,68.015,112,40,72,,ok
KV threshold 0.75 - repeat 2,KV-cache detector,KV threshold,0.75,2,68.549,114,41,73,,ok
KV threshold 0.75 - repeat 2,KV-cache detector,KV threshold,0.75,2,69.031,116,42,74,,ok
KV threshold 0.75 - repeat 2,KV-cache detector,KV threshold,0.75,2,69.548,117,43,74,,ok
KV threshold 0.75 - repeat 2,KV-cache detector,KV threshold,0.75,2,70.013,119,44,75,,ok
KV threshold 0.75 - repeat 2,KV-cache detector,KV threshold,0.75,2,70.528,119,44,75,,ok
KV threshold 0.75 - repeat 2,KV-cache detector,KV threshold,0.75,2,71.049,121,45,76,,ok
KV threshold 0.75 - repeat 2,KV-cache detector,KV threshold,0.75,2,71.513,122,46,76,,ok
KV threshold 0.75 - repeat 2,KV-cache detector,KV threshold,0.75,2,72.028,124,47,77,,ok
KV threshold 0.75 - repeat 2,KV-cache detector,KV threshold,0.75,2,72.545,125,48,77,,ok
KV threshold 0.75 - repeat 2,KV-cache detector,KV threshold,0.75,2,73.03,126,48,78,,ok
KV threshold 0.75 - repeat 2,KV-cache detector,KV threshold,0.75,2,73.547,127,49,78,,ok
KV threshold 0.75 - repeat 2,KV-cache detector,KV threshold,0.75,2,74.02,129,50,79,,ok
KV threshold 0.75 - repeat 2,KV-cache detector,KV threshold,0.75,2,74.55,130,51,79,,ok
KV threshold 0.75 - repeat 2,KV-cache detector,KV threshold,0.75,2,75.045,131,51,80,,ok
KV threshold 0.75 - repeat 2,KV-cache detector,KV threshold,0.75,2,75.531,133,52,81,,ok
KV threshold 0.75 - repeat 2,KV-cache detector,KV threshold,0.75,2,76.027,134,53,81,,ok
KV threshold 0.75 - repeat 2,KV-cache detector,KV threshold,0.75,2,76.549,136,54,82,,ok
KV threshold 0.75 - repeat 2,KV-cache detector,KV threshold,0.75,2,77.011,136,54,82,,ok
KV threshold 0.75 - repeat 2,KV-cache detector,KV threshold,0.75,2,77.525,138,55,83,,ok
KV threshold 0.75 - repeat 2,KV-cache detector,KV threshold,0.75,2,78.039,138,55,83,,ok
KV threshold 0.75 - repeat 2,KV-cache detector,KV threshold,0.75,2,78.503,141,57,84,,ok
KV threshold 0.75 - repeat 2,KV-cache detector,KV threshold,0.75,2,79.022,142,58,84,,ok
KV threshold 0.75 - repeat 2,KV-cache detector,KV threshold,0.75,2,79.539,143,58,85,,ok
KV threshold 0.75 - repeat 2,KV-cache detector,KV threshold,0.75,2,80.003,144,59,85,,ok
KV threshold 0.75 - repeat 2,KV-cache detector,KV threshold,0.75,2,80.52,146,60,86,,ok
KV threshold 0.75 - repeat 2,KV-cache detector,KV threshold,0.75,2,81.037,147,61,86,,ok
KV threshold 0.75 - repeat 2,KV-cache detector,KV threshold,0.75,2,81.549,148,62,86,,ok
KV threshold 0.75 - repeat 2,KV-cache detector,KV threshold,0.75,2,82.012,149,62,87,,ok
KV threshold 0.75 - repeat 2,KV-cache detector,KV threshold,0.75,2,82.53,151,63,88,,ok
KV threshold 0.75 - repeat 2,KV-cache detector,KV threshold,0.75,2,83.045,153,64,89,,ok
KV threshold 0.75 - repeat 2,KV-cache detector,KV threshold,0.75,2,83.511,153,64,89,,ok
KV threshold 0.75 - repeat 2,KV-cache detector,KV threshold,0.75,2,84.031,155,65,90,,ok
KV threshold 0.75 - repeat 2,KV-cache detector,KV threshold,0.75,2,84.515,155,65,90,,ok
KV threshold 0.75 - repeat 2,KV-cache detector,KV threshold,0.75,2,85.036,156,65,91,,ok
KV threshold 0.75 - repeat 2,KV-cache detector,KV threshold,0.75,2,85.526,156,65,91,,ok
KV threshold 0.75 - repeat 2,KV-cache detector,KV threshold,0.75,2,86.004,157,65,92,,ok
KV threshold 0.75 - repeat 2,KV-cache detector,KV threshold,0.75,2,86.516,157,65,92,,ok
KV threshold 0.75 - repeat 2,KV-cache detector,KV threshold,0.75,2,87.029,158,65,93,,ok
KV threshold 0.75 - repeat 2,KV-cache detector,KV threshold,0.75,2,87.543,159,66,93,,ok
KV threshold 0.75 - repeat 2,KV-cache detector,KV threshold,0.75,2,88.016,160,66,94,,ok
KV threshold 0.75 - repeat 2,KV-cache detector,KV threshold,0.75,2,88.537,160,66,94,,ok
KV threshold 0.75 - repeat 2,KV-cache detector,KV threshold,0.75,2,89.007,161,66,95,,ok
KV threshold 0.75 - repeat 2,KV-cache detector,KV threshold,0.75,2,89.524,161,66,95,,ok
KV threshold 0.75 - repeat 2,KV-cache detector,KV threshold,0.75,2,90.052,162,66,96,,ok
KV threshold 0.75 - repeat 2,KV-cache detector,KV threshold,0.75,2,90.828,162,66,96,,ok
KV threshold 0.75 - repeat 2,KV-cache detector,KV threshold,0.75,2,91.034,162,66,96,,ok
KV threshold 0.75 - repeat 2,KV-cache detector,KV threshold,0.75,2,91.567,162,66,96,,ok
KV threshold 0.75 - repeat 2,KV-cache detector,KV threshold,0.75,2,92.031,163,67,96,,ok
KV threshold 0.75 - repeat 2,KV-cache detector,KV threshold,0.75,2,92.543,163,67,96,,ok
KV threshold 0.75 - repeat 2,KV-cache detector,KV threshold,0.75,2,93.02,164,68,96,,ok
KV threshold 0.75 - repeat 2,KV-cache detector,KV threshold,0.75,2,93.546,165,69,96,,ok
KV threshold 0.75 - repeat 2,KV-cache detector,KV threshold,0.75,2,94.015,165,70,95,,ok
KV threshold 0.75 - repeat 2,KV-cache detector,KV threshold,0.75,2,94.505,166,70,96,,ok
KV threshold 0.75 - repeat 2,KV-cache detector,KV threshold,0.75,2,95.029,167,71,96,,ok
KV threshold 0.75 - repeat 2,KV-cache detector,KV threshold,0.75,2,95.506,168,72,96,,ok
KV threshold 0.75 - repeat 2,KV-cache detector,KV threshold,0.75,2,96.041,169,73,96,,ok
KV threshold 0.75 - repeat 2,KV-cache detector,KV threshold,0.75,2,96.506,169,73,96,,ok
KV threshold 0.75 - repeat 2,KV-cache detector,KV threshold,0.75,2,97.022,170,74,96,,ok
KV threshold 0.75 - repeat 2,KV-cache detector,KV threshold,0.75,2,97.541,171,75,96,,ok
KV threshold 0.75 - repeat 2,KV-cache detector,KV threshold,0.75,2,98.016,172,76,96,,ok
KV threshold 0.75 - repeat 2,KV-cache detector,KV threshold,0.75,2,98.534,173,77,96,,ok
KV threshold 0.75 - repeat 2,KV-cache detector,KV threshold,0.75,2,99.002,173,77,96,,ok
KV threshold 0.75 - repeat 2,KV-cache detector,KV threshold,0.75,2,99.522,174,78,96,,ok
KV threshold 0.75 - repeat 2,KV-cache detector,KV threshold,0.75,2,100.042,175,79,96,,ok
KV threshold 0.75 - repeat 2,KV-cache detector,KV threshold,0.75,2,100.506,175,80,95,,ok
KV threshold 0.75 - repeat 2,KV-cache detector,KV threshold,0.75,2,101.022,176,80,96,,ok
KV threshold 0.75 - repeat 2,KV-cache detector,KV threshold,0.75,2,101.537,177,81,96,,ok
KV threshold 0.75 - repeat 2,KV-cache detector,KV threshold,0.75,2,102.008,178,82,96,,ok
KV threshold 0.75 - repeat 2,KV-cache detector,KV threshold,0.75,2,102.524,181,85,96,,ok
KV threshold 0.75 - repeat 2,KV-cache detector,KV threshold,0.75,2,103.043,186,91,95,,ok
KV threshold 0.75 - repeat 2,KV-cache detector,KV threshold,0.75,2,103.515,191,95,96,,ok
KV threshold 0.75 - repeat 2,KV-cache detector,KV threshold,0.75,2,104.038,192,96,96,,ok
KV threshold 0.75 - repeat 2,KV-cache detector,KV threshold,0.75,2,104.514,193,97,96,,ok
KV threshold 0.75 - repeat 2,KV-cache detector,KV threshold,0.75,2,105.04,193,97,96,,ok
KV threshold 0.75 - repeat 2,KV-cache detector,KV threshold,0.75,2,105.518,194,98,96,,ok
KV threshold 0.75 - repeat 2,KV-cache detector,KV threshold,0.75,2,106.046,195,99,96,,ok
KV threshold 0.75 - repeat 2,KV-cache detector,KV threshold,0.75,2,106.51,196,100,96,,ok
KV threshold 0.75 - repeat 2,KV-cache detector,KV threshold,0.75,2,107.029,196,101,95,,ok
KV threshold 0.75 - repeat 2,KV-cache detector,KV threshold,0.75,2,107.543,197,101,96,,ok
KV threshold 0.75 - repeat 2,KV-cache detector,KV threshold,0.75,2,108.007,198,102,96,,ok
KV threshold 0.75 - repeat 2,KV-cache detector,KV threshold,0.75,2,108.525,199,103,96,,ok
KV threshold 0.75 - repeat 2,KV-cache detector,KV threshold,0.75,2,109.042,199,103,96,,ok
KV threshold 0.75 - repeat 2,KV-cache detector,KV threshold,0.75,2,109.504,200,104,96,,ok
KV threshold 0.75 - repeat 2,KV-cache detector,KV threshold,0.75,2,110.033,201,105,96,,ok
KV threshold 0.75 - repeat 2,KV-cache detector,KV threshold,0.75,2,110.551,202,106,96,,ok
KV threshold 0.75 - repeat 2,KV-cache detector,KV threshold,0.75,2,111.026,203,107,96,,ok
KV threshold 0.75 - repeat 2,KV-cache detector,KV threshold,0.75,2,111.543,203,108,95,,ok
KV threshold 0.75 - repeat 2,KV-cache detector,KV threshold,0.75,2,112.013,204,108,96,,ok
KV threshold 0.75 - repeat 2,KV-cache detector,KV threshold,0.75,2,112.528,205,109,96,,ok
KV threshold 0.75 - repeat 2,KV-cache detector,KV threshold,0.75,2,113.042,206,110,96,,ok
KV threshold 0.75 - repeat 2,KV-cache detector,KV threshold,0.75,2,113.52,206,110,96,,ok
KV threshold 0.75 - repeat 2,KV-cache detector,KV threshold,0.75,2,114.039,207,111,96,,ok
KV threshold 0.75 - repeat 2,KV-cache detector,KV threshold,0.75,2,114.512,208,112,96,,ok
KV threshold 0.75 - repeat 2,KV-cache detector,KV threshold,0.75,2,115.053,209,113,96,,ok
KV threshold 0.75 - repeat 2,KV-cache detector,KV threshold,0.75,2,115.54,210,114,96,,ok
KV threshold 0.75 - repeat 2,KV-cache detector,KV threshold,0.75,2,116.014,210,114,96,,ok
KV threshold 0.75 - repeat 2,KV-cache detector,KV threshold,0.75,2,116.53,211,115,96,,ok
KV threshold 0.75 - repeat 2,KV-cache detector,KV threshold,0.75,2,117.048,212,116,96,,ok
KV threshold 0.75 - repeat 2,KV-cache detector,KV threshold,0.75,2,117.512,213,117,96,,ok
KV threshold 0.75 - repeat 2,KV-cache detector,KV threshold,0.75,2,118.032,214,118,96,,ok
KV threshold 0.75 - repeat 2,KV-cache detector,KV threshold,0.75,2,118.547,214,118,96,,ok
KV threshold 0.75 - repeat 2,KV-cache detector,KV threshold,0.75,2,119.013,215,119,96,,ok
KV threshold 0.75 - repeat 2,KV-cache detector,KV threshold,0.75,2,119.53,216,120,96,,ok
KV threshold 0.75 - repeat 2,KV-cache detector,KV threshold,0.75,2,120.97,217,122,95,,ok
KV threshold 0.75 - repeat 2,KV-cache detector,KV threshold,0.75,2,121.02,218,122,96,,ok
KV threshold 0.75 - repeat 2,KV-cache detector,KV threshold,0.75,2,121.54,219,123,96,,ok
KV threshold 0.75 - repeat 2,KV-cache detector,KV threshold,0.75,2,122.002,220,124,96,,ok
KV threshold 0.75 - repeat 2,KV-cache detector,KV threshold,0.75,2,122.517,221,125,96,,ok
KV threshold 0.75 - repeat 2,KV-cache detector,KV threshold,0.75,2,123.031,221,126,95,,ok
KV threshold 0.75 - repeat 2,KV-cache detector,KV threshold,0.75,2,123.547,222,126,96,,ok
KV threshold 0.75 - repeat 2,KV-cache detector,KV threshold,0.75,2,124.002,223,127,96,,ok
KV threshold 0.75 - repeat 2,KV-cache detector,KV threshold,0.75,2,124.503,224,128,96,,ok
KV threshold 0.75 - repeat 2,KV-cache detector,KV threshold,0.75,2,125.024,224,129,95,,ok
KV threshold 0.75 - repeat 2,KV-cache detector,KV threshold,0.75,2,125.526,225,129,96,,ok
KV threshold 0.75 - repeat 2,KV-cache detector,KV threshold,0.75,2,126.005,226,130,96,,ok
KV threshold 0.75 - repeat 2,KV-cache detector,KV threshold,0.75,2,126.521,227,131,96,,ok
KV threshold 0.75 - repeat 2,KV-cache detector,KV threshold,0.75,2,127.052,227,131,96,,ok
KV threshold 0.75 - repeat 2,KV-cache detector,KV threshold,0.75,2,127.511,228,132,96,,ok
KV threshold 0.75 - repeat 2,KV-cache detector,KV threshold,0.75,2,128.026,229,133,96,,ok
KV threshold 0.75 - repeat 2,KV-cache detector,KV threshold,0.75,2,128.542,230,134,96,,ok
KV threshold 0.75 - repeat 2,KV-cache detector,KV threshold,0.75,2,129.008,231,135,96,,ok
KV threshold 0.75 - repeat 2,KV-cache detector,KV threshold,0.75,2,129.522,231,135,96,,ok
KV threshold 0.75 - repeat 2,KV-cache detector,KV threshold,0.75,2,130.039,232,136,96,,ok
KV threshold 0.75 - repeat 2,KV-cache detector,KV threshold,0.75,2,130.506,233,137,96,,ok
KV threshold 0.75 - repeat 2,KV-cache detector,KV threshold,0.75,2,131.027,234,138,96,,ok
KV threshold 0.75 - repeat 2,KV-cache detector,KV threshold,0.75,2,131.54,235,139,96,,ok
KV threshold 0.75 - repeat 2,KV-cache detector,KV threshold,0.75,2,132.003,235,139,96,,ok
KV threshold 0.75 - repeat 2,KV-cache detector,KV threshold,0.75,2,132.521,236,140,96,,ok
KV threshold 0.75 - repeat 2,KV-cache detector,KV threshold,0.75,2,133.044,236,140,96,,ok
KV threshold 0.75 - repeat 2,KV-cache detector,KV threshold,0.75,2,133.51,237,141,96,,ok
KV threshold 0.75 - repeat 2,KV-cache detector,KV threshold,0.75,2,134.032,237,141,96,,ok
KV threshold 0.75 - repeat 2,KV-cache detector,KV threshold,0.75,2,134.508,238,142,96,,ok
KV threshold 0.75 - repeat 2,KV-cache detector,KV threshold,0.75,2,135.031,238,142,96,,ok
KV threshold 0.75 - repeat 2,KV-cache detector,KV threshold,0.75,2,135.508,241,145,96,,ok
KV threshold 0.75 - repeat 2,KV-cache detector,KV threshold,0.75,2,136.033,241,146,95,,ok
KV threshold 0.75 - repeat 2,KV-cache detector,KV threshold,0.75,2,136.502,242,146,96,,ok
KV threshold 0.75 - repeat 2,KV-cache detector,KV threshold,0.75,2,137.02,243,147,96,,ok
KV threshold 0.75 - repeat 2,KV-cache detector,KV threshold,0.75,2,137.541,244,148,96,,ok
KV threshold 0.75 - repeat 2,KV-cache detector,KV threshold,0.75,2,138.017,245,149,96,,ok
KV threshold 0.75 - repeat 2,KV-cache detector,KV threshold,0.75,2,138.544,246,150,96,,ok
KV threshold 0.75 - repeat 2,KV-cache detector,KV threshold,0.75,2,139.011,246,150,96,,ok
KV threshold 0.75 - repeat 2,KV-cache detector,KV threshold,0.75,2,139.532,247,151,96,,ok
KV threshold 0.75 - repeat 2,KV-cache detector,KV threshold,0.75,2,140.049,248,152,96,,ok
KV threshold 0.75 - repeat 2,KV-cache detector,KV threshold,0.75,2,140.509,248,153,95,,ok
KV threshold 0.75 - repeat 2,KV-cache detector,KV threshold,0.75,2,141.026,249,153,96,,ok
KV threshold 0.75 - repeat 2,KV-cache detector,KV threshold,0.75,2,141.543,250,154,96,,ok
KV threshold 0.75 - repeat 2,KV-cache detector,KV threshold,0.75,2,142.005,251,155,96,,ok
KV threshold 0.75 - repeat 2,KV-cache detector,KV threshold,0.75,2,142.52,251,155,96,,ok
KV threshold 0.75 - repeat 2,KV-cache detector,KV threshold,0.75,2,143.039,251,155,96,,ok
KV threshold 0.75 - repeat 2,KV-cache detector,KV threshold,0.75,2,143.502,251,155,96,,ok
KV threshold 0.75 - repeat 2,KV-cache detector,KV threshold,0.75,2,144.018,251,155,96,,ok
KV threshold 0.75 - repeat 2,KV-cache detector,KV threshold,0.75,2,144.531,251,155,96,,ok
KV threshold 0.75 - repeat 2,KV-cache detector,KV threshold,0.75,2,145.002,251,155,96,,ok
KV threshold 0.75 - repeat 2,KV-cache detector,KV threshold,0.75,2,145.506,251,155,96,,ok
KV threshold 0.75 - repeat 2,KV-cache detector,KV threshold,0.75,2,146.028,251,155,96,,ok
KV threshold 0.75 - repeat 2,KV-cache detector,KV threshold,0.75,2,146.545,251,155,96,,ok
KV threshold 0.75 - repeat 2,KV-cache detector,KV threshold,0.75,2,147.014,251,155,96,,ok
KV threshold 0.75 - repeat 2,KV-cache detector,KV threshold,0.75,2,147.53,251,155,96,,ok
KV threshold 0.75 - repeat 2,KV-cache detector,KV threshold,0.75,2,148.056,251,155,96,,ok
KV threshold 0.75 - repeat 2,KV-cache detector,KV threshold,0.75,2,148.521,251,155,96,,ok
KV threshold 0.75 - repeat 2,KV-cache detector,KV threshold,0.75,2,149.037,251,155,96,,ok
KV threshold 0.75 - repeat 2,KV-cache detector,KV threshold,0.75,2,149.515,251,155,96,,ok
KV threshold 0.75 - repeat 2,KV-cache detector,KV threshold,0.75,2,150.034,251,155,96,,ok
KV threshold 0.75 - repeat 2,KV-cache detector,KV threshold,0.75,2,151.278,251,156,95,,ok
KV threshold 0.75 - repeat 2,KV-cache detector,KV threshold,0.75,2,151.536,253,157,96,,ok
KV threshold 0.75 - repeat 2,KV-cache detector,KV threshold,0.75,2,152.003,254,158,96,,ok
KV threshold 0.75 - repeat 2,KV-cache detector,KV threshold,0.75,2,152.522,254,158,96,,ok
KV threshold 0.75 - repeat 2,KV-cache detector,KV threshold,0.75,2,153.036,255,159,96,,ok
KV threshold 0.75 - repeat 2,KV-cache detector,KV threshold,0.75,2,153.552,256,160,96,,ok
KV threshold 0.75 - repeat 2,KV-cache detector,KV threshold,0.75,2,154.028,257,161,96,,ok
KV threshold 0.75 - repeat 2,KV-cache detector,KV threshold,0.75,2,154.524,257,162,95,,ok
KV threshold 0.75 - repeat 2,KV-cache detector,KV threshold,0.75,2,155.046,258,162,96,,ok
KV threshold 0.75 - repeat 2,KV-cache detector,KV threshold,0.75,2,155.521,259,163,96,,ok
KV threshold 0.75 - repeat 2,KV-cache detector,KV threshold,0.75,2,156.042,260,164,96,,ok
KV threshold 0.75 - repeat 2,KV-cache detector,KV threshold,0.75,2,156.502,260,164,96,,ok
KV threshold 0.75 - repeat 2,KV-cache detector,KV threshold,0.75,2,157.023,261,165,96,,ok
KV threshold 0.75 - repeat 2,KV-cache detector,KV threshold,0.75,2,157.551,262,166,96,,ok
KV threshold 0.75 - repeat 2,KV-cache detector,KV threshold,0.75,2,158.017,263,167,96,,ok
KV threshold 0.75 - repeat 2,KV-cache detector,KV threshold,0.75,2,158.534,264,168,96,,ok
KV threshold 0.75 - repeat 2,KV-cache detector,KV threshold,0.75,2,159.002,264,168,96,,ok
KV threshold 0.75 - repeat 2,KV-cache detector,KV threshold,0.75,2,159.537,265,169,96,,ok
KV threshold 0.75 - repeat 2,KV-cache detector,KV threshold,0.75,2,160.002,266,170,96,,ok
KV threshold 0.75 - repeat 2,KV-cache detector,KV threshold,0.75,2,160.528,267,171,96,,ok
KV threshold 0.75 - repeat 2,KV-cache detector,KV threshold,0.75,2,161.043,267,172,95,,ok
KV threshold 0.75 - repeat 2,KV-cache detector,KV threshold,0.75,2,161.52,268,172,96,,ok
KV threshold 0.75 - repeat 2,KV-cache detector,KV threshold,0.75,2,162.038,269,173,96,,ok
KV threshold 0.75 - repeat 2,KV-cache detector,KV threshold,0.75,2,162.508,270,174,96,,ok
KV threshold 0.75 - repeat 2,KV-cache detector,KV threshold,0.75,2,163.021,270,174,96,,ok
KV threshold 0.75 - repeat 2,KV-cache detector,KV threshold,0.75,2,163.541,271,175,96,,ok
KV threshold 0.75 - repeat 2,KV-cache detector,KV threshold,0.75,2,164.025,272,176,96,,ok
KV threshold 0.75 - repeat 2,KV-cache detector,KV threshold,0.75,2,164.512,273,177,96,,ok
KV threshold 0.75 - repeat 2,KV-cache detector,KV threshold,0.75,2,165.034,273,177,96,,ok
KV threshold 0.75 - repeat 2,KV-cache detector,KV threshold,0.75,2,165.513,274,179,95,,ok
KV threshold 0.75 - repeat 2,KV-cache detector,KV threshold,0.75,2,166.041,280,184,96,,ok
KV threshold 0.75 - repeat 2,KV-cache detector,KV threshold,0.75,2,166.504,285,189,96,,ok
KV threshold 0.75 - repeat 2,KV-cache detector,KV threshold,0.75,2,167.025,286,190,96,,ok
KV threshold 0.75 - repeat 2,KV-cache detector,KV threshold,0.75,2,167.54,291,196,95,,ok
KV threshold 0.75 - repeat 2,KV-cache detector,KV threshold,0.75,2,168.004,296,200,96,,ok
KV threshold 0.75 - repeat 2,KV-cache detector,KV threshold,0.75,2,168.525,297,202,95,,ok
KV threshold 0.75 - repeat 2,KV-cache detector,KV threshold,0.75,2,169.044,298,202,96,,ok
KV threshold 0.75 - repeat 2,KV-cache detector,KV threshold,0.75,2,169.51,299,203,96,,ok
KV threshold 0.75 - repeat 2,KV-cache detector,KV threshold,0.75,2,170.029,300,204,96,,ok
KV threshold 0.75 - repeat 2,KV-cache detector,KV threshold,0.75,2,170.546,301,205,96,,ok
KV threshold 0.75 - repeat 2,KV-cache detector,KV threshold,0.75,2,171.011,301,206,95,,ok
KV threshold 0.75 - repeat 2,KV-cache detector,KV threshold,0.75,2,171.535,302,206,96,,ok
KV threshold 0.75 - repeat 2,KV-cache detector,KV threshold,0.75,2,172.003,303,207,96,,ok
KV threshold 0.75 - repeat 2,KV-cache detector,KV threshold,0.75,2,172.525,304,208,96,,ok
KV threshold 0.75 - repeat 2,KV-cache detector,KV threshold,0.75,2,173.051,304,209,95,,ok
KV threshold 0.75 - repeat 2,KV-cache detector,KV threshold,0.75,2,173.516,305,209,96,,ok
KV threshold 0.75 - repeat 2,KV-cache detector,KV threshold,0.75,2,174.032,306,210,96,,ok
KV threshold 0.75 - repeat 2,KV-cache detector,KV threshold,0.75,2,174.504,307,211,96,,ok
KV threshold 0.75 - repeat 2,KV-cache detector,KV threshold,0.75,2,175.027,308,212,96,,ok
KV threshold 0.75 - repeat 2,KV-cache detector,KV threshold,0.75,2,175.512,308,213,95,,ok
KV threshold 0.75 - repeat 2,KV-cache detector,KV threshold,0.75,2,176.037,309,213,96,,ok
KV threshold 0.75 - repeat 2,KV-cache detector,KV threshold,0.75,2,176.502,310,214,96,,ok
KV threshold 0.75 - repeat 2,KV-cache detector,KV threshold,0.75,2,177.023,311,215,96,,ok
KV threshold 0.75 - repeat 2,KV-cache detector,KV threshold,0.75,2,177.544,312,216,96,,ok
KV threshold 0.75 - repeat 2,KV-cache detector,KV threshold,0.75,2,178.005,312,217,95,,ok
KV threshold 0.75 - repeat 2,KV-cache detector,KV threshold,0.75,2,178.522,313,217,96,,ok
KV threshold 0.75 - repeat 2,KV-cache detector,KV threshold,0.75,2,179.038,314,218,96,,ok
KV threshold 0.75 - repeat 2,KV-cache detector,KV threshold,0.75,2,179.519,315,219,96,,ok
KV threshold 0.75 - repeat 3,KV-cache detector,KV threshold,0.75,3,0.0,0,0,0,,ok
KV threshold 0.75 - repeat 3,KV-cache detector,KV threshold,0.75,3,0.527,1,0,1,,ok
KV threshold 0.75 - repeat 3,KV-cache detector,KV threshold,0.75,3,1.043,1,0,1,,ok
KV threshold 0.75 - repeat 3,KV-cache detector,KV threshold,0.75,3,1.505,2,0,2,,ok
KV threshold 0.75 - repeat 3,KV-cache detector,KV threshold,0.75,3,2.03,2,0,2,,ok
KV threshold 0.75 - repeat 3,KV-cache detector,KV threshold,0.75,3,2.551,3,0,3,,ok
KV threshold 0.75 - repeat 3,KV-cache detector,KV threshold,0.75,3,3.013,3,0,3,,ok
KV threshold 0.75 - repeat 3,KV-cache detector,KV threshold,0.75,3,3.532,4,0,4,,ok
KV threshold 0.75 - repeat 3,KV-cache detector,KV threshold,0.75,3,4.049,4,0,4,,ok
KV threshold 0.75 - repeat 3,KV-cache detector,KV threshold,0.75,3,4.512,5,0,5,,ok
KV threshold 0.75 - repeat 3,KV-cache detector,KV threshold,0.75,3,5.035,6,1,5,,ok
KV threshold 0.75 - repeat 3,KV-cache detector,KV threshold,0.75,3,5.507,7,1,6,,ok
KV threshold 0.75 - repeat 3,KV-cache detector,KV threshold,0.75,3,6.023,7,1,6,,ok
KV threshold 0.75 - repeat 3,KV-cache detector,KV threshold,0.75,3,6.537,8,1,7,,ok
KV threshold 0.75 - repeat 3,KV-cache detector,KV threshold,0.75,3,7.015,8,1,7,,ok
KV threshold 0.75 - repeat 3,KV-cache detector,KV threshold,0.75,3,7.529,10,2,8,,ok
KV threshold 0.75 - repeat 3,KV-cache detector,KV threshold,0.75,3,8.048,11,2,9,,ok
KV threshold 0.75 - repeat 3,KV-cache detector,KV threshold,0.75,3,8.51,11,2,9,,ok
KV threshold 0.75 - repeat 3,KV-cache detector,KV threshold,0.75,3,9.041,12,2,10,,ok
KV threshold 0.75 - repeat 3,KV-cache detector,KV threshold,0.75,3,9.509,12,2,10,,ok
KV threshold 0.75 - repeat 3,KV-cache detector,KV threshold,0.75,3,10.025,13,3,10,,ok
KV threshold 0.75 - repeat 3,KV-cache detector,KV threshold,0.75,3,10.55,14,3,11,,ok
KV threshold 0.75 - repeat 3,KV-cache detector,KV threshold,0.75,3,11.017,15,3,12,,ok
KV threshold 0.75 - repeat 3,KV-cache detector,KV threshold,0.75,3,11.532,15,3,12,,ok
KV threshold 0.75 - repeat 3,KV-cache detector,KV threshold,0.75,3,12.049,16,3,13,,ok
KV threshold 0.75 - repeat 3,KV-cache detector,KV threshold,0.75,3,12.521,17,4,13,,ok
KV threshold 0.75 - repeat 3,KV-cache detector,KV threshold,0.75,3,13.038,18,4,14,,ok
KV threshold 0.75 - repeat 3,KV-cache detector,KV threshold,0.75,3,13.55,18,4,14,,ok
KV threshold 0.75 - repeat 3,KV-cache detector,KV threshold,0.75,3,14.03,19,4,15,,ok
KV threshold 0.75 - repeat 3,KV-cache detector,KV threshold,0.75,3,14.543,19,4,15,,ok
KV threshold 0.75 - repeat 3,KV-cache detector,KV threshold,0.75,3,15.02,20,4,16,,ok
KV threshold 0.75 - repeat 3,KV-cache detector,KV threshold,0.75,3,15.535,21,4,17,,ok
KV threshold 0.75 - repeat 3,KV-cache detector,KV threshold,0.75,3,16.003,24,7,17,,ok
KV threshold 0.75 - repeat 3,KV-cache detector,KV threshold,0.75,3,16.518,25,7,18,,ok
KV threshold 0.75 - repeat 3,KV-cache detector,KV threshold,0.75,3,17.036,25,7,18,,ok
KV threshold 0.75 - repeat 3,KV-cache detector,KV threshold,0.75,3,17.502,26,7,19,,ok
KV threshold 0.75 - repeat 3,KV-cache detector,KV threshold,0.75,3,18.034,27,8,19,,ok
KV threshold 0.75 - repeat 3,KV-cache detector,KV threshold,0.75,3,18.552,28,8,20,,ok
KV threshold 0.75 - repeat 3,KV-cache detector,KV threshold,0.75,3,19.048,28,8,20,,ok
KV threshold 0.75 - repeat 3,KV-cache detector,KV threshold,0.75,3,19.531,29,8,21,,ok
KV threshold 0.75 - repeat 3,KV-cache detector,KV threshold,0.75,3,20.004,29,8,21,,ok
KV threshold 0.75 - repeat 3,KV-cache detector,KV threshold,0.75,3,20.529,30,8,22,,ok
KV threshold 0.75 - repeat 3,KV-cache detector,KV threshold,0.75,3,21.001,30,8,22,,ok
KV threshold 0.75 - repeat 3,KV-cache detector,KV threshold,0.75,3,21.517,31,8,23,,ok
KV threshold 0.75 - repeat 3,KV-cache detector,KV threshold,0.75,3,22.032,31,8,23,,ok
KV threshold 0.75 - repeat 3,KV-cache detector,KV threshold,0.75,3,22.547,32,8,24,,ok
KV threshold 0.75 - repeat 3,KV-cache detector,KV threshold,0.75,3,23.009,32,8,24,,ok
KV threshold 0.75 - repeat 3,KV-cache detector,KV threshold,0.75,3,23.535,36,11,25,,ok
KV threshold 0.75 - repeat 3,KV-cache detector,KV threshold,0.75,3,24.008,37,11,26,,ok
KV threshold 0.75 - repeat 3,KV-cache detector,KV threshold,0.75,3,24.53,37,11,26,,ok
KV threshold 0.75 - repeat 3,KV-cache detector,KV threshold,0.75,3,25.05,39,12,27,,ok
KV threshold 0.75 - repeat 3,KV-cache detector,KV threshold,0.75,3,25.516,39,12,27,,ok
KV threshold 0.75 - repeat 3,KV-cache detector,KV threshold,0.75,3,26.032,40,12,28,,ok
KV threshold 0.75 - repeat 3,KV-cache detector,KV threshold,0.75,3,26.546,40,12,28,,ok
KV threshold 0.75 - repeat 3,KV-cache detector,KV threshold,0.75,3,27.016,41,12,29,,ok
KV threshold 0.75 - repeat 3,KV-cache detector,KV threshold,0.75,3,27.529,41,12,29,,ok
KV threshold 0.75 - repeat 3,KV-cache detector,KV threshold,0.75,3,28.0,42,12,30,,ok
KV threshold 0.75 - repeat 3,KV-cache detector,KV threshold,0.75,3,28.532,42,12,30,,ok
KV threshold 0.75 - repeat 3,KV-cache detector,KV threshold,0.75,3,29.011,43,12,31,,ok
KV threshold 0.75 - repeat 3,KV-cache detector,KV threshold,0.75,3,29.504,43,12,31,,ok
KV threshold 0.75 - repeat 3,KV-cache detector,KV threshold,0.75,3,30.036,44,12,32,,ok
KV threshold 0.75 - repeat 3,KV-cache detector,KV threshold,0.75,3,30.539,44,15,29,,ok
KV threshold 0.75 - repeat 3,KV-cache detector,KV threshold,0.75,3,31.023,48,15,33,,ok
KV threshold 0.75 - repeat 3,KV-cache detector,KV threshold,0.75,3,31.537,49,15,34,,ok
KV threshold 0.75 - repeat 3,KV-cache detector,KV threshold,0.75,3,32.003,49,15,34,,ok
KV threshold 0.75 - repeat 3,KV-cache detector,KV threshold,0.75,3,32.518,50,15,35,,ok
KV threshold 0.75 - repeat 3,KV-cache detector,KV threshold,0.75,3,33.031,50,15,35,,ok
KV threshold 0.75 - repeat 3,KV-cache detector,KV threshold,0.75,3,33.544,51,15,36,,ok
KV threshold 0.75 - repeat 3,KV-cache detector,KV threshold,0.75,3,34.01,51,15,36,,ok
KV threshold 0.75 - repeat 3,KV-cache detector,KV threshold,0.75,3,34.523,52,15,37,,ok
KV threshold 0.75 - repeat 3,KV-cache detector,KV threshold,0.75,3,35.042,52,15,37,,ok
KV threshold 0.75 - repeat 3,KV-cache detector,KV threshold,0.75,3,35.509,54,16,38,,ok
KV threshold 0.75 - repeat 3,KV-cache detector,KV threshold,0.75,3,36.021,55,17,38,,ok
KV threshold 0.75 - repeat 3,KV-cache detector,KV threshold,0.75,3,36.535,57,18,39,,ok
KV threshold 0.75 - repeat 3,KV-cache detector,KV threshold,0.75,3,37.005,57,18,39,,ok
KV threshold 0.75 - repeat 3,KV-cache detector,KV threshold,0.75,3,37.523,58,18,40,,ok
KV threshold 0.75 - repeat 3,KV-cache detector,KV threshold,0.75,3,38.046,60,19,41,,ok
KV threshold 0.75 - repeat 3,KV-cache detector,KV threshold,0.75,3,38.519,60,19,41,,ok
KV threshold 0.75 - repeat 3,KV-cache detector,KV threshold,0.75,3,39.047,61,19,42,,ok
KV threshold 0.75 - repeat 3,KV-cache detector,KV threshold,0.75,3,39.525,61,19,42,,ok
KV threshold 0.75 - repeat 3,KV-cache detector,KV threshold,0.75,3,40.017,62,19,43,,ok
KV threshold 0.75 - repeat 3,KV-cache detector,KV threshold,0.75,3,40.518,62,19,43,,ok
KV threshold 0.75 - repeat 3,KV-cache detector,KV threshold,0.75,3,41.046,63,19,44,,ok
KV threshold 0.75 - repeat 3,KV-cache detector,KV threshold,0.75,3,41.507,63,19,44,,ok
KV threshold 0.75 - repeat 3,KV-cache detector,KV threshold,0.75,3,42.026,64,19,45,,ok
KV threshold 0.75 - repeat 3,KV-cache detector,KV threshold,0.75,3,42.544,64,19,45,,ok
KV threshold 0.75 - repeat 3,KV-cache detector,KV threshold,0.75,3,43.009,65,19,46,,ok
KV threshold 0.75 - repeat 3,KV-cache detector,KV threshold,0.75,3,43.523,66,20,46,,ok
KV threshold 0.75 - repeat 3,KV-cache detector,KV threshold,0.75,3,44.038,67,20,47,,ok
KV threshold 0.75 - repeat 3,KV-cache detector,KV threshold,0.75,3,44.533,67,20,47,,ok
KV threshold 0.75 - repeat 3,KV-cache detector,KV threshold,0.75,3,45.001,68,20,48,,ok
KV threshold 0.75 - repeat 3,KV-cache detector,KV threshold,0.75,3,45.52,68,20,48,,ok
KV threshold 0.75 - repeat 3,KV-cache detector,KV threshold,0.75,3,46.033,69,20,49,,ok
KV threshold 0.75 - repeat 3,KV-cache detector,KV threshold,0.75,3,46.551,70,20,50,,ok
KV threshold 0.75 - repeat 3,KV-cache detector,KV threshold,0.75,3,47.012,74,24,50,,ok
KV threshold 0.75 - repeat 3,KV-cache detector,KV threshold,0.75,3,47.528,76,25,51,,ok
KV threshold 0.75 - repeat 3,KV-cache detector,KV threshold,0.75,3,48.006,77,26,51,,ok
KV threshold 0.75 - repeat 3,KV-cache detector,KV threshold,0.75,3,48.522,79,27,52,,ok
KV threshold 0.75 - repeat 3,KV-cache detector,KV threshold,0.75,3,49.043,80,28,52,,ok
KV threshold 0.75 - repeat 3,KV-cache detector,KV threshold,0.75,3,49.515,81,29,52,,ok
KV threshold 0.75 - repeat 3,KV-cache detector,KV threshold,0.75,3,50.039,82,29,53,,ok
KV threshold 0.75 - repeat 3,KV-cache detector,KV threshold,0.75,3,50.51,84,30,54,,ok
KV threshold 0.75 - repeat 3,KV-cache detector,KV threshold,0.75,3,51.032,85,31,54,,ok
KV threshold 0.75 - repeat 3,KV-cache detector,KV threshold,0.75,3,51.547,86,31,55,,ok
KV threshold 0.75 - repeat 3,KV-cache detector,KV threshold,0.75,3,52.015,86,31,55,,ok
KV threshold 0.75 - repeat 3,KV-cache detector,KV threshold,0.75,3,52.532,87,31,56,,ok
KV threshold 0.75 - repeat 3,KV-cache detector,KV threshold,0.75,3,53.009,87,31,56,,ok
KV threshold 0.75 - repeat 3,KV-cache detector,KV threshold,0.75,3,53.522,89,32,57,,ok
KV threshold 0.75 - repeat 3,KV-cache detector,KV threshold,0.75,3,54.044,90,32,58,,ok
KV threshold 0.75 - repeat 3,KV-cache detector,KV threshold,0.75,3,54.527,90,32,58,,ok
KV threshold 0.75 - repeat 3,KV-cache detector,KV threshold,0.75,3,55.047,91,32,59,,ok
KV threshold 0.75 - repeat 3,KV-cache detector,KV threshold,0.75,3,55.511,91,32,59,,ok
KV threshold 0.75 - repeat 3,KV-cache detector,KV threshold,0.75,3,56.024,92,32,60,,ok
KV threshold 0.75 - repeat 3,KV-cache detector,KV threshold,0.75,3,56.543,92,32,60,,ok
KV threshold 0.75 - repeat 3,KV-cache detector,KV threshold,0.75,3,57.005,93,32,61,,ok
KV threshold 0.75 - repeat 3,KV-cache detector,KV threshold,0.75,3,57.527,93,32,61,,ok
KV threshold 0.75 - repeat 3,KV-cache detector,KV threshold,0.75,3,58.042,94,32,62,,ok
KV threshold 0.75 - repeat 3,KV-cache detector,KV threshold,0.75,3,58.516,95,33,62,,ok
KV threshold 0.75 - repeat 3,KV-cache detector,KV threshold,0.75,3,59.051,96,33,63,,ok
KV threshold 0.75 - repeat 3,KV-cache detector,KV threshold,0.75,3,59.523,97,34,63,,ok
KV threshold 0.75 - repeat 3,KV-cache detector,KV threshold,0.75,3,60.0,99,35,64,,ok
KV threshold 0.75 - repeat 3,KV-cache detector,KV threshold,0.75,3,60.519,100,36,64,,ok
KV threshold 0.75 - repeat 3,KV-cache detector,KV threshold,0.75,3,61.287,101,37,64,,ok
KV threshold 0.75 - repeat 3,KV-cache detector,KV threshold,0.75,3,61.547,103,37,66,,ok
KV threshold 0.75 - repeat 3,KV-cache detector,KV threshold,0.75,3,62.015,104,38,66,,ok
KV threshold 0.75 - repeat 3,KV-cache detector,KV threshold,0.75,3,62.53,106,39,67,,ok
KV threshold 0.75 - repeat 3,KV-cache detector,KV threshold,0.75,3,63.046,107,40,67,,ok
KV threshold 0.75 - repeat 3,KV-cache detector,KV threshold,0.75,3,63.513,109,41,68,,ok
KV threshold 0.75 - repeat 3,KV-cache detector,KV threshold,0.75,3,64.026,109,41,68,,ok
KV threshold 0.75 - repeat 3,KV-cache detector,KV threshold,0.75,3,64.547,111,42,69,,ok
KV threshold 0.75 - repeat 3,KV-cache detector,KV threshold,0.75,3,65.014,112,43,69,,ok
KV threshold 0.75 - repeat 3,KV-cache detector,KV threshold,0.75,3,65.542,113,43,70,,ok
KV threshold 0.75 - repeat 3,KV-cache detector,KV threshold,0.75,3,66.005,113,43,70,,ok
KV threshold 0.75 - repeat 3,KV-cache detector,KV threshold,0.75,3,66.52,114,43,71,,ok
KV threshold 0.75 - repeat 3,KV-cache detector,KV threshold,0.75,3,67.041,114,43,71,,ok
KV threshold 0.75 - repeat 3,KV-cache detector,KV threshold,0.75,3,67.503,116,44,72,,ok
KV threshold 0.75 - repeat 3,KV-cache detector,KV threshold,0.75,3,68.019,116,44,72,,ok
KV threshold 0.75 - repeat 3,KV-cache detector,KV threshold,0.75,3,68.534,117,44,73,,ok
KV threshold 0.75 - repeat 3,KV-cache detector,KV threshold,0.75,3,69.02,118,44,74,,ok
KV threshold 0.75 - repeat 3,KV-cache detector,KV threshold,0.75,3,69.547,119,45,74,,ok
KV threshold 0.75 - repeat 3,KV-cache detector,KV threshold,0.75,3,70.036,120,46,74,,ok
KV threshold 0.75 - repeat 3,KV-cache detector,KV threshold,0.75,3,70.535,121,46,75,,ok
KV threshold 0.75 - repeat 3,KV-cache detector,KV threshold,0.75,3,71.001,123,47,76,,ok
KV threshold 0.75 - repeat 3,KV-cache detector,KV threshold,0.75,3,71.519,124,48,76,,ok
KV threshold 0.75 - repeat 3,KV-cache detector,KV threshold,0.75,3,72.047,126,49,77,,ok
KV threshold 0.75 - repeat 3,KV-cache detector,KV threshold,0.75,3,72.52,126,49,77,,ok
KV threshold 0.75 - repeat 3,KV-cache detector,KV threshold,0.75,3,73.048,128,50,78,,ok
KV threshold 0.75 - repeat 3,KV-cache detector,KV threshold,0.75,3,73.524,129,51,78,,ok
KV threshold 0.75 - repeat 3,KV-cache detector,KV threshold,0.75,3,74.042,131,52,79,,ok
KV threshold 0.75 - repeat 3,KV-cache detector,KV threshold,0.75,3,74.504,131,52,79,,ok
KV threshold 0.75 - repeat 3,KV-cache detector,KV threshold,0.75,3,75.018,133,53,80,,ok
KV threshold 0.75 - repeat 3,KV-cache detector,KV threshold,0.75,3,75.535,135,54,81,,ok
KV threshold 0.75 - repeat 3,KV-cache detector,KV threshold,0.75,3,76.048,136,55,81,,ok
KV threshold 0.75 - repeat 3,KV-cache detector,KV threshold,0.75,3,76.518,138,56,82,,ok
KV threshold 0.75 - repeat 3,KV-cache detector,KV threshold,0.75,3,77.036,138,56,82,,ok
KV threshold 0.75 - repeat 3,KV-cache detector,KV threshold,0.75,3,77.516,140,57,83,,ok
KV threshold 0.75 - repeat 3,KV-cache detector,KV threshold,0.75,3,78.033,141,58,83,,ok
KV threshold 0.75 - repeat 3,KV-cache detector,KV threshold,0.75,3,78.507,143,59,84,,ok
KV threshold 0.75 - repeat 3,KV-cache detector,KV threshold,0.75,3,79.034,144,60,84,,ok
KV threshold 0.75 - repeat 3,KV-cache detector,KV threshold,0.75,3,79.503,145,60,85,,ok
KV threshold 0.75 - repeat 3,KV-cache detector,KV threshold,0.75,3,80.037,146,61,85,,ok
KV threshold 0.75 - repeat 3,KV-cache detector,KV threshold,0.75,3,80.528,148,62,86,,ok
KV threshold 0.75 - repeat 3,KV-cache detector,KV threshold,0.75,3,81.052,149,63,86,,ok
KV threshold 0.75 - repeat 3,KV-cache detector,KV threshold,0.75,3,81.53,150,63,87,,ok
KV threshold 0.75 - repeat 3,KV-cache detector,KV threshold,0.75,3,82.045,151,64,87,,ok
KV threshold 0.75 - repeat 3,KV-cache detector,KV threshold,0.75,3,82.51,152,64,88,,ok
KV threshold 0.75 - repeat 3,KV-cache detector,KV threshold,0.75,3,83.03,153,64,89,,ok
KV threshold 0.75 - repeat 3,KV-cache detector,KV threshold,0.75,3,83.544,153,64,89,,ok
KV threshold 0.75 - repeat 3,KV-cache detector,KV threshold,0.75,3,84.016,154,64,90,,ok
KV threshold 0.75 - repeat 3,KV-cache detector,KV threshold,0.75,3,84.533,154,64,90,,ok
KV threshold 0.75 - repeat 3,KV-cache detector,KV threshold,0.75,3,85.051,156,65,91,,ok
KV threshold 0.75 - repeat 3,KV-cache detector,KV threshold,0.75,3,85.517,157,66,91,,ok
KV threshold 0.75 - repeat 3,KV-cache detector,KV threshold,0.75,3,86.034,158,67,91,,ok
KV threshold 0.75 - repeat 3,KV-cache detector,KV threshold,0.75,3,86.549,159,67,92,,ok
KV threshold 0.75 - repeat 3,KV-cache detector,KV threshold,0.75,3,87.013,161,68,93,,ok
KV threshold 0.75 - repeat 3,KV-cache detector,KV threshold,0.75,3,87.527,161,68,93,,ok
KV threshold 0.75 - repeat 3,KV-cache detector,KV threshold,0.75,3,88.045,162,68,94,,ok
KV threshold 0.75 - repeat 3,KV-cache detector,KV threshold,0.75,3,88.51,162,68,94,,ok
KV threshold 0.75 - repeat 3,KV-cache detector,KV threshold,0.75,3,89.034,163,68,95,,ok
KV threshold 0.75 - repeat 3,KV-cache detector,KV threshold,0.75,3,89.511,163,68,95,,ok
KV threshold 0.75 - repeat 3,KV-cache detector,KV threshold,0.75,3,90.033,165,69,96,,ok
KV threshold 0.75 - repeat 3,KV-cache detector,KV threshold,0.75,3,91.371,165,69,96,,ok
KV threshold 0.75 - repeat 3,KV-cache detector,KV threshold,0.75,3,91.525,165,69,96,,ok
KV threshold 0.75 - repeat 3,KV-cache detector,KV threshold,0.75,3,92.04,165,69,96,,ok
KV threshold 0.75 - repeat 3,KV-cache detector,KV threshold,0.75,3,92.52,165,69,96,,ok
KV threshold 0.75 - repeat 3,KV-cache detector,KV threshold,0.75,3,93.038,165,69,96,,ok
KV threshold 0.75 - repeat 3,KV-cache detector,KV threshold,0.75,3,93.501,165,69,96,,ok
KV threshold 0.75 - repeat 3,KV-cache detector,KV threshold,0.75,3,94.02,166,70,96,,ok
KV threshold 0.75 - repeat 3,KV-cache detector,KV threshold,0.75,3,94.534,166,71,95,,ok
KV threshold 0.75 - repeat 3,KV-cache detector,KV threshold,0.75,3,95.051,167,71,96,,ok
KV threshold 0.75 - repeat 3,KV-cache detector,KV threshold,0.75,3,95.55,168,72,96,,ok
KV threshold 0.75 - repeat 3,KV-cache detector,KV threshold,0.75,3,96.014,169,73,96,,ok
KV threshold 0.75 - repeat 3,KV-cache detector,KV threshold,0.75,3,96.528,170,74,96,,ok
KV threshold 0.75 - repeat 3,KV-cache detector,KV threshold,0.75,3,97.046,170,74,96,,ok
KV threshold 0.75 - repeat 3,KV-cache detector,KV threshold,0.75,3,97.516,171,75,96,,ok
KV threshold 0.75 - repeat 3,KV-cache detector,KV threshold,0.75,3,98.036,172,76,96,,ok
KV threshold 0.75 - repeat 3,KV-cache detector,KV threshold,0.75,3,98.508,173,77,96,,ok
KV threshold 0.75 - repeat 3,KV-cache detector,KV threshold,0.75,3,99.001,173,78,95,,ok
KV threshold 0.75 - repeat 3,KV-cache detector,KV threshold,0.75,3,99.506,174,78,96,,ok
KV threshold 0.75 - repeat 3,KV-cache detector,KV threshold,0.75,3,100.032,175,79,96,,ok
KV threshold 0.75 - repeat 3,KV-cache detector,KV threshold,0.75,3,100.517,176,80,96,,ok
KV threshold 0.75 - repeat 3,KV-cache detector,KV threshold,0.75,3,101.041,179,83,96,,ok
KV threshold 0.75 - repeat 3,KV-cache detector,KV threshold,0.75,3,101.506,184,88,96,,ok
KV threshold 0.75 - repeat 3,KV-cache detector,KV threshold,0.75,3,102.02,188,92,96,,ok
KV threshold 0.75 - repeat 3,KV-cache detector,KV threshold,0.75,3,102.532,189,94,95,,ok
KV threshold 0.75 - repeat 3,KV-cache detector,KV threshold,0.75,3,103.048,196,101,95,,ok
KV threshold 0.75 - repeat 3,KV-cache detector,KV threshold,0.75,3,103.51,200,104,96,,ok
KV threshold 0.75 - repeat 3,KV-cache detector,KV threshold,0.75,3,104.027,201,105,96,,ok
KV threshold 0.75 - repeat 3,KV-cache detector,KV threshold,0.75,3,104.506,201,105,96,,ok
KV threshold 0.75 - repeat 3,KV-cache detector,KV threshold,0.75,3,105.021,202,106,96,,ok
KV threshold 0.75 - repeat 3,KV-cache detector,KV threshold,0.75,3,105.545,203,107,96,,ok
KV threshold 0.75 - repeat 3,KV-cache detector,KV threshold,0.75,3,106.009,204,108,96,,ok
KV threshold 0.75 - repeat 3,KV-cache detector,KV threshold,0.75,3,106.524,205,109,96,,ok
KV threshold 0.75 - repeat 3,KV-cache detector,KV threshold,0.75,3,107.04,205,109,96,,ok
KV threshold 0.75 - repeat 3,KV-cache detector,KV threshold,0.75,3,107.505,206,110,96,,ok
KV threshold 0.75 - repeat 3,KV-cache detector,KV threshold,0.75,3,108.02,207,111,96,,ok
KV threshold 0.75 - repeat 3,KV-cache detector,KV threshold,0.75,3,108.538,208,112,96,,ok
KV threshold 0.75 - repeat 3,KV-cache detector,KV threshold,0.75,3,109.038,209,113,96,,ok
KV threshold 0.75 - repeat 3,KV-cache detector,KV threshold,0.75,3,109.536,209,113,96,,ok
KV threshold 0.75 - repeat 3,KV-cache detector,KV threshold,0.75,3,110.006,210,114,96,,ok
KV threshold 0.75 - repeat 3,KV-cache detector,KV threshold,0.75,3,110.532,211,115,96,,ok
KV threshold 0.75 - repeat 3,KV-cache detector,KV threshold,0.75,3,111.019,212,116,96,,ok
KV threshold 0.75 - repeat 3,KV-cache detector,KV threshold,0.75,3,111.534,212,116,96,,ok
KV threshold 0.75 - repeat 3,KV-cache detector,KV threshold,0.75,3,112.011,213,117,96,,ok
KV threshold 0.75 - repeat 3,KV-cache detector,KV threshold,0.75,3,112.531,214,118,96,,ok
KV threshold 0.75 - repeat 3,KV-cache detector,KV threshold,0.75,3,113.048,215,119,96,,ok
KV threshold 0.75 - repeat 3,KV-cache detector,KV threshold,0.75,3,113.514,216,120,96,,ok
KV threshold 0.75 - repeat 3,KV-cache detector,KV threshold,0.75,3,114.045,216,120,96,,ok
KV threshold 0.75 - repeat 3,KV-cache detector,KV threshold,0.75,3,114.518,217,121,96,,ok
KV threshold 0.75 - repeat 3,KV-cache detector,KV threshold,0.75,3,115.049,218,122,96,,ok
KV threshold 0.75 - repeat 3,KV-cache detector,KV threshold,0.75,3,115.518,219,123,96,,ok
KV threshold 0.75 - repeat 3,KV-cache detector,KV threshold,0.75,3,116.036,220,124,96,,ok
KV threshold 0.75 - repeat 3,KV-cache detector,KV threshold,0.75,3,116.53,220,124,96,,ok
KV threshold 0.75 - repeat 3,KV-cache detector,KV threshold,0.75,3,117.045,221,125,96,,ok
KV threshold 0.75 - repeat 3,KV-cache detector,KV threshold,0.75,3,117.508,222,126,96,,ok
KV threshold 0.75 - repeat 3,KV-cache detector,KV threshold,0.75,3,118.022,223,127,96,,ok
KV threshold 0.75 - repeat 3,KV-cache detector,KV threshold,0.75,3,118.545,224,128,96,,ok
KV threshold 0.75 - repeat 3,KV-cache detector,KV threshold,0.75,3,119.034,224,128,96,,ok
KV threshold 0.75 - repeat 3,KV-cache detector,KV threshold,0.75,3,119.511,225,129,96,,ok
KV threshold 0.75 - repeat 3,KV-cache detector,KV threshold,0.75,3,120.042,226,130,96,,ok
KV threshold 0.75 - repeat 3,KV-cache detector,KV threshold,0.75,3,121.637,227,133,94,,ok
KV threshold 0.75 - repeat 3,KV-cache detector,KV threshold,0.75,3,122.045,229,133,96,,ok
KV threshold 0.75 - repeat 3,KV-cache detector,KV threshold,0.75,3,122.517,230,134,96,,ok
KV threshold 0.75 - repeat 3,KV-cache detector,KV threshold,0.75,3,123.033,231,135,96,,ok
KV threshold 0.75 - repeat 3,KV-cache detector,KV threshold,0.75,3,123.502,231,135,96,,ok
KV threshold 0.75 - repeat 3,KV-cache detector,KV threshold,0.75,3,124.025,232,136,96,,ok
KV threshold 0.75 - repeat 3,KV-cache detector,KV threshold,0.75,3,124.543,233,137,96,,ok
KV threshold 0.75 - repeat 3,KV-cache detector,KV threshold,0.75,3,125.005,234,138,96,,ok
KV threshold 0.75 - repeat 3,KV-cache detector,KV threshold,0.75,3,125.532,235,139,96,,ok
KV threshold 0.75 - repeat 3,KV-cache detector,KV threshold,0.75,3,126.0,235,139,96,,ok
KV threshold 0.75 - repeat 3,KV-cache detector,KV threshold,0.75,3,126.527,236,140,96,,ok
KV threshold 0.75 - repeat 3,KV-cache detector,KV threshold,0.75,3,127.049,237,141,96,,ok
KV threshold 0.75 - repeat 3,KV-cache detector,KV threshold,0.75,3,127.512,238,142,96,,ok
KV threshold 0.75 - repeat 3,KV-cache detector,KV threshold,0.75,3,128.028,239,143,96,,ok
KV threshold 0.75 - repeat 3,KV-cache detector,KV threshold,0.75,3,128.506,239,143,96,,ok
KV threshold 0.75 - repeat 3,KV-cache detector,KV threshold,0.75,3,129.044,240,144,96,,ok
KV threshold 0.75 - repeat 3,KV-cache detector,KV threshold,0.75,3,129.524,241,145,96,,ok
KV threshold 0.75 - repeat 3,KV-cache detector,KV threshold,0.75,3,130.05,242,146,96,,ok
KV threshold 0.75 - repeat 3,KV-cache detector,KV threshold,0.75,3,130.533,243,147,96,,ok
KV threshold 0.75 - repeat 3,KV-cache detector,KV threshold,0.75,3,131.028,243,147,96,,ok
KV threshold 0.75 - repeat 3,KV-cache detector,KV threshold,0.75,3,131.546,244,148,96,,ok
KV threshold 0.75 - repeat 3,KV-cache detector,KV threshold,0.75,3,132.016,245,149,96,,ok
KV threshold 0.75 - repeat 3,KV-cache detector,KV threshold,0.75,3,132.537,246,150,96,,ok
KV threshold 0.75 - repeat 3,KV-cache detector,KV threshold,0.75,3,133.002,246,150,96,,ok
KV threshold 0.75 - repeat 3,KV-cache detector,KV threshold,0.75,3,133.523,247,151,96,,ok
KV threshold 0.75 - repeat 3,KV-cache detector,KV threshold,0.75,3,134.036,248,152,96,,ok
KV threshold 0.75 - repeat 3,KV-cache detector,KV threshold,0.75,3,134.503,249,153,96,,ok
KV threshold 0.75 - repeat 3,KV-cache detector,KV threshold,0.75,3,135.02,249,153,96,,ok
KV threshold 0.75 - repeat 3,KV-cache detector,KV threshold,0.75,3,135.55,249,153,96,,ok
KV threshold 0.75 - repeat 3,KV-cache detector,KV threshold,0.75,3,136.013,249,153,96,,ok
KV threshold 0.75 - repeat 3,KV-cache detector,KV threshold,0.75,3,136.529,249,153,96,,ok
KV threshold 0.75 - repeat 3,KV-cache detector,KV threshold,0.75,3,137.045,249,153,96,,ok
KV threshold 0.75 - repeat 3,KV-cache detector,KV threshold,0.75,3,137.51,249,153,96,,ok
KV threshold 0.75 - repeat 3,KV-cache detector,KV threshold,0.75,3,138.029,249,153,96,,ok
KV threshold 0.75 - repeat 3,KV-cache detector,KV threshold,0.75,3,138.546,249,153,96,,ok
KV threshold 0.75 - repeat 3,KV-cache detector,KV threshold,0.75,3,139.02,249,153,96,,ok
KV threshold 0.75 - repeat 3,KV-cache detector,KV threshold,0.75,3,139.547,249,153,96,,ok
KV threshold 0.75 - repeat 3,KV-cache detector,KV threshold,0.75,3,140.025,249,153,96,,ok
KV threshold 0.75 - repeat 3,KV-cache detector,KV threshold,0.75,3,140.522,249,153,96,,ok
KV threshold 0.75 - repeat 3,KV-cache detector,KV threshold,0.75,3,141.051,249,153,96,,ok
KV threshold 0.75 - repeat 3,KV-cache detector,KV threshold,0.75,3,141.516,249,153,96,,ok
KV threshold 0.75 - repeat 3,KV-cache detector,KV threshold,0.75,3,142.004,249,153,96,,ok
KV threshold 0.75 - repeat 3,KV-cache detector,KV threshold,0.75,3,142.515,250,154,96,,ok
KV threshold 0.75 - repeat 3,KV-cache detector,KV threshold,0.75,3,143.031,250,154,96,,ok
KV threshold 0.75 - repeat 3,KV-cache detector,KV threshold,0.75,3,143.502,250,154,96,,ok
KV threshold 0.75 - repeat 3,KV-cache detector,KV threshold,0.75,3,144.02,250,154,96,,ok
KV threshold 0.75 - repeat 3,KV-cache detector,KV threshold,0.75,3,144.538,250,154,96,,ok
KV threshold 0.75 - repeat 3,KV-cache detector,KV threshold,0.75,3,145.004,250,154,96,,ok
KV threshold 0.75 - repeat 3,KV-cache detector,KV threshold,0.75,3,145.526,250,154,96,,ok
KV threshold 0.75 - repeat 3,KV-cache detector,KV threshold,0.75,3,146.042,250,154,96,,ok
KV threshold 0.75 - repeat 3,KV-cache detector,KV threshold,0.75,3,146.508,250,154,96,,ok
KV threshold 0.75 - repeat 3,KV-cache detector,KV threshold,0.75,3,147.025,250,154,96,,ok
KV threshold 0.75 - repeat 3,KV-cache detector,KV threshold,0.75,3,147.549,250,154,96,,ok
KV threshold 0.75 - repeat 3,KV-cache detector,KV threshold,0.75,3,148.014,250,154,96,,ok
KV threshold 0.75 - repeat 3,KV-cache detector,KV threshold,0.75,3,148.531,250,154,96,,ok
KV threshold 0.75 - repeat 3,KV-cache detector,KV threshold,0.75,3,149.039,250,154,96,,ok
KV threshold 0.75 - repeat 3,KV-cache detector,KV threshold,0.75,3,149.504,250,154,96,,ok
KV threshold 0.75 - repeat 3,KV-cache detector,KV threshold,0.75,3,150.038,250,155,95,,ok
KV threshold 0.75 - repeat 3,KV-cache detector,KV threshold,0.75,3,150.546,251,155,96,,ok
KV threshold 0.75 - repeat 3,KV-cache detector,KV threshold,0.75,3,152.038,252,157,95,,ok
KV threshold 0.75 - repeat 3,KV-cache detector,KV threshold,0.75,3,152.502,254,158,96,,ok
KV threshold 0.75 - repeat 3,KV-cache detector,KV threshold,0.75,3,153.018,255,159,96,,ok
KV threshold 0.75 - repeat 3,KV-cache detector,KV threshold,0.75,3,153.535,256,160,96,,ok
KV threshold 0.75 - repeat 3,KV-cache detector,KV threshold,0.75,3,154.002,256,160,96,,ok
KV threshold 0.75 - repeat 3,KV-cache detector,KV threshold,0.75,3,154.519,257,161,96,,ok
KV threshold 0.75 - repeat 3,KV-cache detector,KV threshold,0.75,3,155.04,258,162,96,,ok
KV threshold 0.75 - repeat 3,KV-cache detector,KV threshold,0.75,3,155.502,259,163,96,,ok
KV threshold 0.75 - repeat 3,KV-cache detector,KV threshold,0.75,3,156.016,260,164,96,,ok
KV threshold 0.75 - repeat 3,KV-cache detector,KV threshold,0.75,3,156.501,260,164,96,,ok
KV threshold 0.75 - repeat 3,KV-cache detector,KV threshold,0.75,3,157.02,261,165,96,,ok
KV threshold 0.75 - repeat 3,KV-cache detector,KV threshold,0.75,3,157.536,262,166,96,,ok
KV threshold 0.75 - repeat 3,KV-cache detector,KV threshold,0.75,3,158.004,263,167,96,,ok
KV threshold 0.75 - repeat 3,KV-cache detector,KV threshold,0.75,3,158.523,263,167,96,,ok
KV threshold 0.75 - repeat 3,KV-cache detector,KV threshold,0.75,3,159.006,264,168,96,,ok
KV threshold 0.75 - repeat 3,KV-cache detector,KV threshold,0.75,3,159.54,265,169,96,,ok
KV threshold 0.75 - repeat 3,KV-cache detector,KV threshold,0.75,3,160.029,266,170,96,,ok
KV threshold 0.75 - repeat 3,KV-cache detector,KV threshold,0.75,3,160.506,267,171,96,,ok
KV threshold 0.75 - repeat 3,KV-cache detector,KV threshold,0.75,3,161.032,267,171,96,,ok
KV threshold 0.75 - repeat 3,KV-cache detector,KV threshold,0.75,3,161.551,268,172,96,,ok
KV threshold 0.75 - repeat 3,KV-cache detector,KV threshold,0.75,3,162.016,269,173,96,,ok
KV threshold 0.75 - repeat 3,KV-cache detector,KV threshold,0.75,3,162.531,270,174,96,,ok
KV threshold 0.75 - repeat 3,KV-cache detector,KV threshold,0.75,3,163.049,270,175,95,,ok
KV threshold 0.75 - repeat 3,KV-cache detector,KV threshold,0.75,3,163.523,271,175,96,,ok
KV threshold 0.75 - repeat 3,KV-cache detector,KV threshold,0.75,3,164.044,272,176,96,,ok
KV threshold 0.75 - repeat 3,KV-cache detector,KV threshold,0.75,3,164.509,273,177,96,,ok
KV threshold 0.75 - repeat 3,KV-cache detector,KV threshold,0.75,3,165.03,274,179,95,,ok
KV threshold 0.75 - repeat 3,KV-cache detector,KV threshold,0.75,3,165.541,280,184,96,,ok
KV threshold 0.75 - repeat 3,KV-cache detector,KV threshold,0.75,3,166.008,284,188,96,,ok
KV threshold 0.75 - repeat 3,KV-cache detector,KV threshold,0.75,3,166.527,285,190,95,,ok
KV threshold 0.75 - repeat 3,KV-cache detector,KV threshold,0.75,3,167.04,292,196,96,,ok
KV threshold 0.75 - repeat 3,KV-cache detector,KV threshold,0.75,3,167.51,295,199,96,,ok
KV threshold 0.75 - repeat 3,KV-cache detector,KV threshold,0.75,3,168.035,296,200,96,,ok
KV threshold 0.75 - repeat 3,KV-cache detector,KV threshold,0.75,3,168.502,296,201,95,,ok
KV threshold 0.75 - repeat 3,KV-cache detector,KV threshold,0.75,3,169.046,297,201,96,,ok
KV threshold 0.75 - repeat 3,KV-cache detector,KV threshold,0.75,3,169.528,298,202,96,,ok
KV threshold 0.75 - repeat 3,KV-cache detector,KV threshold,0.75,3,170.051,299,203,96,,ok
KV threshold 0.75 - repeat 3,KV-cache detector,KV threshold,0.75,3,170.535,300,204,96,,ok
KV threshold 0.75 - repeat 3,KV-cache detector,KV threshold,0.75,3,171.007,300,205,95,,ok
KV threshold 0.75 - repeat 3,KV-cache detector,KV threshold,0.75,3,171.518,301,205,96,,ok
KV threshold 0.75 - repeat 3,KV-cache detector,KV threshold,0.75,3,172.038,302,206,96,,ok
KV threshold 0.75 - repeat 3,KV-cache detector,KV threshold,0.75,3,172.503,303,207,96,,ok
KV threshold 0.75 - repeat 3,KV-cache detector,KV threshold,0.75,3,173.019,303,208,95,,ok
KV threshold 0.75 - repeat 3,KV-cache detector,KV threshold,0.75,3,173.536,304,209,95,,ok
KV threshold 0.75 - repeat 3,KV-cache detector,KV threshold,0.75,3,174.006,305,209,96,,ok
KV threshold 0.75 - repeat 3,KV-cache detector,KV threshold,0.75,3,174.501,306,210,96,,ok
KV threshold 0.75 - repeat 3,KV-cache detector,KV threshold,0.75,3,175.032,307,211,96,,ok
KV threshold 0.75 - repeat 3,KV-cache detector,KV threshold,0.75,3,175.548,307,212,95,,ok
KV threshold 0.75 - repeat 3,KV-cache detector,KV threshold,0.75,3,176.013,308,212,96,,ok
KV threshold 0.75 - repeat 3,KV-cache detector,KV threshold,0.75,3,176.531,309,213,96,,ok
KV threshold 0.75 - repeat 3,KV-cache detector,KV threshold,0.75,3,177.046,310,214,96,,ok
KV threshold 0.75 - repeat 3,KV-cache detector,KV threshold,0.75,3,177.512,311,215,96,,ok
KV threshold 0.75 - repeat 3,KV-cache detector,KV threshold,0.75,3,178.031,311,215,96,,ok
KV threshold 0.75 - repeat 3,KV-cache detector,KV threshold,0.75,3,178.547,312,216,96,,ok
KV threshold 0.75 - repeat 3,KV-cache detector,KV threshold,0.75,3,179.027,313,217,96,,ok
KV threshold 0.75 - repeat 3,KV-cache detector,KV threshold,0.75,3,179.504,314,218,96,,ok
KV threshold 0.8 - repeat 1,KV-cache detector,KV threshold,0.8,1,0.0,0,0,0,,ok
KV threshold 0.8 - repeat 1,KV-cache detector,KV threshold,0.8,1,0.511,0,0,0,,ok
KV threshold 0.8 - repeat 1,KV-cache detector,KV threshold,0.8,1,1.041,1,0,1,,ok
KV threshold 0.8 - repeat 1,KV-cache detector,KV threshold,0.8,1,1.54,2,0,2,,ok
KV threshold 0.8 - repeat 1,KV-cache detector,KV threshold,0.8,1,2.001,2,0,2,,ok
KV threshold 0.8 - repeat 1,KV-cache detector,KV threshold,0.8,1,2.549,3,0,3,,ok
KV threshold 0.8 - repeat 1,KV-cache detector,KV threshold,0.8,1,3.004,3,0,3,,ok
KV threshold 0.8 - repeat 1,KV-cache detector,KV threshold,0.8,1,3.513,4,0,4,,ok
KV threshold 0.8 - repeat 1,KV-cache detector,KV threshold,0.8,1,4.029,4,0,4,,ok
KV threshold 0.8 - repeat 1,KV-cache detector,KV threshold,0.8,1,4.536,6,1,5,,ok
KV threshold 0.8 - repeat 1,KV-cache detector,KV threshold,0.8,1,5.051,6,1,5,,ok
KV threshold 0.8 - repeat 1,KV-cache detector,KV threshold,0.8,1,5.509,7,1,6,,ok
KV threshold 0.8 - repeat 1,KV-cache detector,KV threshold,0.8,1,6.031,7,1,6,,ok
KV threshold 0.8 - repeat 1,KV-cache detector,KV threshold,0.8,1,6.538,8,1,7,,ok
KV threshold 0.8 - repeat 1,KV-cache detector,KV threshold,0.8,1,7.047,8,1,7,,ok
KV threshold 0.8 - repeat 1,KV-cache detector,KV threshold,0.8,1,7.503,10,2,8,,ok
KV threshold 0.8 - repeat 1,KV-cache detector,KV threshold,0.8,1,8.028,11,2,9,,ok
KV threshold 0.8 - repeat 1,KV-cache detector,KV threshold,0.8,1,8.517,11,2,9,,ok
KV threshold 0.8 - repeat 1,KV-cache detector,KV threshold,0.8,1,9.013,12,2,10,,ok
KV threshold 0.8 - repeat 1,KV-cache detector,KV threshold,0.8,1,9.537,12,2,10,,ok
KV threshold 0.8 - repeat 1,KV-cache detector,KV threshold,0.8,1,10.003,13,2,11,,ok
KV threshold 0.8 - repeat 1,KV-cache detector,KV threshold,0.8,1,10.509,14,3,11,,ok
KV threshold 0.8 - repeat 1,KV-cache detector,KV threshold,0.8,1,11.022,15,3,12,,ok
KV threshold 0.8 - repeat 1,KV-cache detector,KV threshold,0.8,1,11.51,15,3,12,,ok
KV threshold 0.8 - repeat 1,KV-cache detector,KV threshold,0.8,1,12.039,16,3,13,,ok
KV threshold 0.8 - repeat 1,KV-cache detector,KV threshold,0.8,1,12.501,16,3,13,,ok
KV threshold 0.8 - repeat 1,KV-cache detector,KV threshold,0.8,1,13.01,18,4,14,,ok
KV threshold 0.8 - repeat 1,KV-cache detector,KV threshold,0.8,1,13.528,18,4,14,,ok
KV threshold 0.8 - repeat 1,KV-cache detector,KV threshold,0.8,1,14.001,19,4,15,,ok
KV threshold 0.8 - repeat 1,KV-cache detector,KV threshold,0.8,1,14.509,19,4,15,,ok
KV threshold 0.8 - repeat 1,KV-cache detector,KV threshold,0.8,1,15.027,20,4,16,,ok
KV threshold 0.8 - repeat 1,KV-cache detector,KV threshold,0.8,1,15.54,22,5,17,,ok
KV threshold 0.8 - repeat 1,KV-cache detector,KV threshold,0.8,1,16.048,23,6,17,,ok
KV threshold 0.8 - repeat 1,KV-cache detector,KV threshold,0.8,1,16.505,25,7,18,,ok
KV threshold 0.8 - repeat 1,KV-cache detector,KV threshold,0.8,1,17.012,25,7,18,,ok
KV threshold 0.8 - repeat 1,KV-cache detector,KV threshold,0.8,1,17.523,26,7,19,,ok
KV threshold 0.8 - repeat 1,KV-cache detector,KV threshold,0.8,1,18.036,26,7,19,,ok
KV threshold 0.8 - repeat 1,KV-cache detector,KV threshold,0.8,1,18.55,27,7,20,,ok
KV threshold 0.8 - repeat 1,KV-cache detector,KV threshold,0.8,1,19.022,27,7,20,,ok
KV threshold 0.8 - repeat 1,KV-cache detector,KV threshold,0.8,1,19.54,28,7,21,,ok
KV threshold 0.8 - repeat 1,KV-cache detector,KV threshold,0.8,1,20.014,28,7,21,,ok
KV threshold 0.8 - repeat 1,KV-cache detector,KV threshold,0.8,1,20.523,30,8,22,,ok
KV threshold 0.8 - repeat 1,KV-cache detector,KV threshold,0.8,1,21.033,30,8,22,,ok
KV threshold 0.8 - repeat 1,KV-cache detector,KV threshold,0.8,1,21.501,31,8,23,,ok
KV threshold 0.8 - repeat 1,KV-cache detector,KV threshold,0.8,1,22.016,31,8,23,,ok
KV threshold 0.8 - repeat 1,KV-cache detector,KV threshold,0.8,1,22.534,32,8,24,,ok
KV threshold 0.8 - repeat 1,KV-cache detector,KV threshold,0.8,1,23.042,33,8,25,,ok
KV threshold 0.8 - repeat 1,KV-cache detector,KV threshold,0.8,1,23.501,36,11,25,,ok
KV threshold 0.8 - repeat 1,KV-cache detector,KV threshold,0.8,1,24.024,37,11,26,,ok
KV threshold 0.8 - repeat 1,KV-cache detector,KV threshold,0.8,1,24.533,38,12,26,,ok
KV threshold 0.8 - repeat 1,KV-cache detector,KV threshold,0.8,1,25.043,39,12,27,,ok
KV threshold 0.8 - repeat 1,KV-cache detector,KV threshold,0.8,1,25.5,39,12,27,,ok
KV threshold 0.8 - repeat 1,KV-cache detector,KV threshold,0.8,1,26.033,40,12,28,,ok
KV threshold 0.8 - repeat 1,KV-cache detector,KV threshold,0.8,1,26.502,40,12,28,,ok
KV threshold 0.8 - repeat 1,KV-cache detector,KV threshold,0.8,1,27.02,41,12,29,,ok
KV threshold 0.8 - repeat 1,KV-cache detector,KV threshold,0.8,1,27.534,41,12,29,,ok
KV threshold 0.8 - repeat 1,KV-cache detector,KV threshold,0.8,1,28.042,42,12,30,,ok
KV threshold 0.8 - repeat 1,KV-cache detector,KV threshold,0.8,1,28.511,42,12,30,,ok
KV threshold 0.8 - repeat 1,KV-cache detector,KV threshold,0.8,1,29.02,43,12,31,,ok
KV threshold 0.8 - repeat 1,KV-cache detector,KV threshold,0.8,1,29.536,43,12,31,,ok
KV threshold 0.8 - repeat 1,KV-cache detector,KV threshold,0.8,1,30.044,44,12,32,,ok
KV threshold 0.8 - repeat 1,KV-cache detector,KV threshold,0.8,1,30.515,44,12,32,,ok
KV threshold 0.8 - repeat 1,KV-cache detector,KV threshold,0.8,1,31.024,46,13,33,,ok
KV threshold 0.8 - repeat 1,KV-cache detector,KV threshold,0.8,1,31.534,49,15,34,,ok
KV threshold 0.8 - repeat 1,KV-cache detector,KV threshold,0.8,1,32.043,49,15,34,,ok
KV threshold 0.8 - repeat 1,KV-cache detector,KV threshold,0.8,1,32.5,50,15,35,,ok
KV threshold 0.8 - repeat 1,KV-cache detector,KV threshold,0.8,1,33.009,50,15,35,,ok
KV threshold 0.8 - repeat 1,KV-cache detector,KV threshold,0.8,1,33.521,51,15,36,,ok
KV threshold 0.8 - repeat 1,KV-cache detector,KV threshold,0.8,1,34.011,51,15,36,,ok
KV threshold 0.8 - repeat 1,KV-cache detector,KV threshold,0.8,1,34.542,52,15,37,,ok
KV threshold 0.8 - repeat 1,KV-cache detector,KV threshold,0.8,1,35.004,52,15,37,,ok
KV threshold 0.8 - repeat 1,KV-cache detector,KV threshold,0.8,1,35.514,53,15,38,,ok
KV threshold 0.8 - repeat 1,KV-cache detector,KV threshold,0.8,1,36.022,53,15,38,,ok
KV threshold 0.8 - repeat 1,KV-cache detector,KV threshold,0.8,1,36.52,54,15,39,,ok
KV threshold 0.8 - repeat 1,KV-cache detector,KV threshold,0.8,1,37.031,55,16,39,,ok
KV threshold 0.8 - repeat 1,KV-cache detector,KV threshold,0.8,1,37.54,56,16,40,,ok
KV threshold 0.8 - repeat 1,KV-cache detector,KV threshold,0.8,1,38.051,57,16,41,,ok
KV threshold 0.8 - repeat 1,KV-cache detector,KV threshold,0.8,1,38.522,57,16,41,,ok
KV threshold 0.8 - repeat 1,KV-cache detector,KV threshold,0.8,1,39.033,58,16,42,,ok
KV threshold 0.8 - repeat 1,KV-cache detector,KV threshold,0.8,1,39.542,58,16,42,,ok
KV threshold 0.8 - repeat 1,KV-cache detector,KV threshold,0.8,1,40.008,59,17,42,,ok
KV threshold 0.8 - repeat 1,KV-cache detector,KV threshold,0.8,1,40.516,62,19,43,,ok
KV threshold 0.8 - repeat 1,KV-cache detector,KV threshold,0.8,1,41.039,63,19,44,,ok
KV threshold 0.8 - repeat 1,KV-cache detector,KV threshold,0.8,1,41.503,63,19,44,,ok
KV threshold 0.8 - repeat 1,KV-cache detector,KV threshold,0.8,1,42.023,64,19,45,,ok
KV threshold 0.8 - repeat 1,KV-cache detector,KV threshold,0.8,1,42.532,64,19,45,,ok
KV threshold 0.8 - repeat 1,KV-cache detector,KV threshold,0.8,1,43.002,66,20,46,,ok
KV threshold 0.8 - repeat 1,KV-cache detector,KV threshold,0.8,1,43.522,66,20,46,,ok
KV threshold 0.8 - repeat 1,KV-cache detector,KV threshold,0.8,1,44.03,68,21,47,,ok
KV threshold 0.8 - repeat 1,KV-cache detector,KV threshold,0.8,1,44.537,69,22,47,,ok
KV threshold 0.8 - repeat 1,KV-cache detector,KV threshold,0.8,1,45.048,71,23,48,,ok
KV threshold 0.8 - repeat 1,KV-cache detector,KV threshold,0.8,1,45.507,71,23,48,,ok
KV threshold 0.8 - repeat 1,KV-cache detector,KV threshold,0.8,1,46.016,73,24,49,,ok
KV threshold 0.8 - repeat 1,KV-cache detector,KV threshold,0.8,1,46.544,75,25,50,,ok
KV threshold 0.8 - repeat 1,KV-cache detector,KV threshold,0.8,1,47.024,76,26,50,,ok
KV threshold 0.8 - repeat 1,KV-cache detector,KV threshold,0.8,1,47.533,78,27,51,,ok
KV threshold 0.8 - repeat 1,KV-cache detector,KV threshold,0.8,1,48.049,78,27,51,,ok
KV threshold 0.8 - repeat 1,KV-cache detector,KV threshold,0.8,1,48.517,79,27,52,,ok
KV threshold 0.8 - repeat 1,KV-cache detector,KV threshold,0.8,1,49.059,80,28,52,,ok
KV threshold 0.8 - repeat 1,KV-cache detector,KV threshold,0.8,1,49.541,81,28,53,,ok
KV threshold 0.8 - repeat 1,KV-cache detector,KV threshold,0.8,1,50.051,81,28,53,,ok
KV threshold 0.8 - repeat 1,KV-cache detector,KV threshold,0.8,1,50.51,82,28,54,,ok
KV threshold 0.8 - repeat 1,KV-cache detector,KV threshold,0.8,1,51.019,82,28,54,,ok
KV threshold 0.8 - repeat 1,KV-cache detector,KV threshold,0.8,1,51.528,83,28,55,,ok
KV threshold 0.8 - repeat 1,KV-cache detector,KV threshold,0.8,1,52.038,83,28,55,,ok
KV threshold 0.8 - repeat 1,KV-cache detector,KV threshold,0.8,1,52.549,84,28,56,,ok
KV threshold 0.8 - repeat 1,KV-cache detector,KV threshold,0.8,1,53.01,84,28,56,,ok
KV threshold 0.8 - repeat 1,KV-cache detector,KV threshold,0.8,1,53.528,85,28,57,,ok
KV threshold 0.8 - repeat 1,KV-cache detector,KV threshold,0.8,1,54.037,86,29,57,,ok
KV threshold 0.8 - repeat 1,KV-cache detector,KV threshold,0.8,1,54.501,87,29,58,,ok
KV threshold 0.8 - repeat 1,KV-cache detector,KV threshold,0.8,1,55.031,89,30,59,,ok
KV threshold 0.8 - repeat 1,KV-cache detector,KV threshold,0.8,1,55.539,90,31,59,,ok
KV threshold 0.8 - repeat 1,KV-cache detector,KV threshold,0.8,1,56.035,91,31,60,,ok
KV threshold 0.8 - repeat 1,KV-cache detector,KV threshold,0.8,1,56.519,91,31,60,,ok
KV threshold 0.8 - repeat 1,KV-cache detector,KV threshold,0.8,1,57.02,92,31,61,,ok
KV threshold 0.8 - repeat 1,KV-cache detector,KV threshold,0.8,1,57.533,93,32,61,,ok
KV threshold 0.8 - repeat 1,KV-cache detector,KV threshold,0.8,1,58.042,94,32,62,,ok
KV threshold 0.8 - repeat 1,KV-cache detector,KV threshold,0.8,1,58.516,94,32,62,,ok
KV threshold 0.8 - repeat 1,KV-cache detector,KV threshold,0.8,1,59.026,95,32,63,,ok
KV threshold 0.8 - repeat 1,KV-cache detector,KV threshold,0.8,1,59.535,95,32,63,,ok
KV threshold 0.8 - repeat 1,KV-cache detector,KV threshold,0.8,1,60.001,96,32,64,,ok
KV threshold 0.8 - repeat 1,KV-cache detector,KV threshold,0.8,1,61.013,96,32,64,,ok
KV threshold 0.8 - repeat 1,KV-cache detector,KV threshold,0.8,1,61.529,98,32,66,,ok
KV threshold 0.8 - repeat 1,KV-cache detector,KV threshold,0.8,1,62.037,98,32,66,,ok
KV threshold 0.8 - repeat 1,KV-cache detector,KV threshold,0.8,1,62.547,100,33,67,,ok
KV threshold 0.8 - repeat 1,KV-cache detector,KV threshold,0.8,1,63.003,101,34,67,,ok
KV threshold 0.8 - repeat 1,KV-cache detector,KV threshold,0.8,1,63.513,103,35,68,,ok
KV threshold 0.8 - repeat 1,KV-cache detector,KV threshold,0.8,1,64.053,103,35,68,,ok
KV threshold 0.8 - repeat 1,KV-cache detector,KV threshold,0.8,1,64.517,105,36,69,,ok
KV threshold 0.8 - repeat 1,KV-cache detector,KV threshold,0.8,1,65.037,106,37,69,,ok
KV threshold 0.8 - repeat 1,KV-cache detector,KV threshold,0.8,1,65.546,108,38,70,,ok
KV threshold 0.8 - repeat 1,KV-cache detector,KV threshold,0.8,1,66.018,109,39,70,,ok
KV threshold 0.8 - repeat 1,KV-cache detector,KV threshold,0.8,1,66.527,110,39,71,,ok
KV threshold 0.8 - repeat 1,KV-cache detector,KV threshold,0.8,1,67.047,111,40,71,,ok
KV threshold 0.8 - repeat 1,KV-cache detector,KV threshold,0.8,1,67.506,113,41,72,,ok
KV threshold 0.8 - repeat 1,KV-cache detector,KV threshold,0.8,1,68.015,114,42,72,,ok
KV threshold 0.8 - repeat 1,KV-cache detector,KV threshold,0.8,1,68.524,116,43,73,,ok
KV threshold 0.8 - repeat 1,KV-cache detector,KV threshold,0.8,1,69.037,117,43,74,,ok
KV threshold 0.8 - repeat 1,KV-cache detector,KV threshold,0.8,1,69.508,118,44,74,,ok
KV threshold 0.8 - repeat 1,KV-cache detector,KV threshold,0.8,1,70.02,119,44,75,,ok
KV threshold 0.8 - repeat 1,KV-cache detector,KV threshold,0.8,1,70.528,119,44,75,,ok
KV threshold 0.8 - repeat 1,KV-cache detector,KV threshold,0.8,1,71.029,120,44,76,,ok
KV threshold 0.8 - repeat 1,KV-cache detector,KV threshold,0.8,1,71.552,120,44,76,,ok
KV threshold 0.8 - repeat 1,KV-cache detector,KV threshold,0.8,1,72.014,121,44,77,,ok
KV threshold 0.8 - repeat 1,KV-cache detector,KV threshold,0.8,1,72.528,121,44,77,,ok
KV threshold 0.8 - repeat 1,KV-cache detector,KV threshold,0.8,1,73.037,122,45,77,,ok
KV threshold 0.8 - repeat 1,KV-cache detector,KV threshold,0.8,1,73.506,123,45,78,,ok
KV threshold 0.8 - repeat 1,KV-cache detector,KV threshold,0.8,1,74.014,125,46,79,,ok
KV threshold 0.8 - repeat 1,KV-cache detector,KV threshold,0.8,1,74.535,126,47,79,,ok
KV threshold 0.8 - repeat 1,KV-cache detector,KV threshold,0.8,1,75.047,127,47,80,,ok
KV threshold 0.8 - repeat 1,KV-cache detector,KV threshold,0.8,1,75.503,128,48,80,,ok
KV threshold 0.8 - repeat 1,KV-cache detector,KV threshold,0.8,1,76.022,130,49,81,,ok
KV threshold 0.8 - repeat 1,KV-cache detector,KV threshold,0.8,1,76.531,132,50,82,,ok
KV threshold 0.8 - repeat 1,KV-cache detector,KV threshold,0.8,1,77.041,133,51,82,,ok
KV threshold 0.8 - repeat 1,KV-cache detector,KV threshold,0.8,1,77.507,134,51,83,,ok
KV threshold 0.8 - repeat 1,KV-cache detector,KV threshold,0.8,1,78.015,135,52,83,,ok
KV threshold 0.8 - repeat 1,KV-cache detector,KV threshold,0.8,1,78.511,137,53,84,,ok
KV threshold 0.8 - repeat 1,KV-cache detector,KV threshold,0.8,1,79.044,137,53,84,,ok
KV threshold 0.8 - repeat 1,KV-cache detector,KV threshold,0.8,1,79.51,139,54,85,,ok
KV threshold 0.8 - repeat 1,KV-cache detector,KV threshold,0.8,1,80.019,140,55,85,,ok
KV threshold 0.8 - repeat 1,KV-cache detector,KV threshold,0.8,1,80.528,142,56,86,,ok
KV threshold 0.8 - repeat 1,KV-cache detector,KV threshold,0.8,1,81.049,142,56,86,,ok
KV threshold 0.8 - repeat 1,KV-cache detector,KV threshold,0.8,1,81.516,144,57,87,,ok
KV threshold 0.8 - repeat 1,KV-cache detector,KV threshold,0.8,1,82.025,144,57,87,,ok
KV threshold 0.8 - repeat 1,KV-cache detector,KV threshold,0.8,1,82.532,145,57,88,,ok
KV threshold 0.8 - repeat 1,KV-cache detector,KV threshold,0.8,1,83.046,146,57,89,,ok
KV threshold 0.8 - repeat 1,KV-cache detector,KV threshold,0.8,1,83.505,146,57,89,,ok
KV threshold 0.8 - repeat 1,KV-cache detector,KV threshold,0.8,1,84.015,147,57,90,,ok
KV threshold 0.8 - repeat 1,KV-cache detector,KV threshold,0.8,1,84.525,148,58,90,,ok
KV threshold 0.8 - repeat 1,KV-cache detector,KV threshold,0.8,1,85.045,149,58,91,,ok
KV threshold 0.8 - repeat 1,KV-cache detector,KV threshold,0.8,1,85.501,149,58,91,,ok
KV threshold 0.8 - repeat 1,KV-cache detector,KV threshold,0.8,1,86.02,150,58,92,,ok
KV threshold 0.8 - repeat 1,KV-cache detector,KV threshold,0.8,1,86.537,150,58,92,,ok
KV threshold 0.8 - repeat 1,KV-cache detector,KV threshold,0.8,1,87.005,151,59,92,,ok
KV threshold 0.8 - repeat 1,KV-cache detector,KV threshold,0.8,1,87.518,152,59,93,,ok
KV threshold 0.8 - repeat 1,KV-cache detector,KV threshold,0.8,1,88.027,154,60,94,,ok
KV threshold 0.8 - repeat 1,KV-cache detector,KV threshold,0.8,1,88.537,155,61,94,,ok
KV threshold 0.8 - repeat 1,KV-cache detector,KV threshold,0.8,1,89.009,156,61,95,,ok
KV threshold 0.8 - repeat 1,KV-cache detector,KV threshold,0.8,1,89.526,157,62,95,,ok
KV threshold 0.8 - repeat 1,KV-cache detector,KV threshold,0.8,1,90.034,159,63,96,,ok
KV threshold 0.8 - repeat 1,KV-cache detector,KV threshold,0.8,1,91.094,159,65,94,,ok
KV threshold 0.8 - repeat 1,KV-cache detector,KV threshold,0.8,1,91.508,161,65,96,,ok
KV threshold 0.8 - repeat 1,KV-cache detector,KV threshold,0.8,1,92.017,162,66,96,,ok
KV threshold 0.8 - repeat 1,KV-cache detector,KV threshold,0.8,1,92.525,163,67,96,,ok
KV threshold 0.8 - repeat 1,KV-cache detector,KV threshold,0.8,1,93.035,164,68,96,,ok
KV threshold 0.8 - repeat 1,KV-cache detector,KV threshold,0.8,1,93.505,164,69,95,,ok
KV threshold 0.8 - repeat 1,KV-cache detector,KV threshold,0.8,1,94.039,165,69,96,,ok
KV threshold 0.8 - repeat 1,KV-cache detector,KV threshold,0.8,1,94.542,166,70,96,,ok
KV threshold 0.8 - repeat 1,KV-cache detector,KV threshold,0.8,1,95.023,167,71,96,,ok
KV threshold 0.8 - repeat 1,KV-cache detector,KV threshold,0.8,1,95.54,167,71,96,,ok
KV threshold 0.8 - repeat 1,KV-cache detector,KV threshold,0.8,1,96.013,169,74,95,,ok
KV threshold 0.8 - repeat 1,KV-cache detector,KV threshold,0.8,1,96.525,175,79,96,,ok
KV threshold 0.8 - repeat 1,KV-cache detector,KV threshold,0.8,1,97.051,176,80,96,,ok
KV threshold 0.8 - repeat 1,KV-cache detector,KV threshold,0.8,1,97.507,176,80,96,,ok
KV threshold 0.8 - repeat 1,KV-cache detector,KV threshold,0.8,1,98.015,177,82,95,,ok
KV threshold 0.8 - repeat 1,KV-cache detector,KV threshold,0.8,1,98.525,178,82,96,,ok
KV threshold 0.8 - repeat 1,KV-cache detector,KV threshold,0.8,1,99.034,179,83,96,,ok
KV threshold 0.8 - repeat 1,KV-cache detector,KV threshold,0.8,1,99.545,180,84,96,,ok
KV threshold 0.8 - repeat 1,KV-cache detector,KV threshold,0.8,1,100.003,180,84,96,,ok
KV threshold 0.8 - repeat 1,KV-cache detector,KV threshold,0.8,1,100.512,181,85,96,,ok
KV threshold 0.8 - repeat 1,KV-cache detector,KV threshold,0.8,1,101.052,182,86,96,,ok
KV threshold 0.8 - repeat 1,KV-cache detector,KV threshold,0.8,1,101.509,183,87,96,,ok
KV threshold 0.8 - repeat 1,KV-cache detector,KV threshold,0.8,1,102.009,184,88,96,,ok
KV threshold 0.8 - repeat 1,KV-cache detector,KV threshold,0.8,1,102.525,184,88,96,,ok
KV threshold 0.8 - repeat 1,KV-cache detector,KV threshold,0.8,1,103.001,185,89,96,,ok
KV threshold 0.8 - repeat 1,KV-cache detector,KV threshold,0.8,1,103.51,186,90,96,,ok
KV threshold 0.8 - repeat 1,KV-cache detector,KV threshold,0.8,1,104.019,187,91,96,,ok
KV threshold 0.8 - repeat 1,KV-cache detector,KV threshold,0.8,1,104.546,188,92,96,,ok
KV threshold 0.8 - repeat 1,KV-cache detector,KV threshold,0.8,1,105.003,188,92,96,,ok
KV threshold 0.8 - repeat 1,KV-cache detector,KV threshold,0.8,1,105.513,189,93,96,,ok
KV threshold 0.8 - repeat 1,KV-cache detector,KV threshold,0.8,1,106.021,190,94,96,,ok
KV threshold 0.8 - repeat 1,KV-cache detector,KV threshold,0.8,1,106.546,191,95,96,,ok
KV threshold 0.8 - repeat 1,KV-cache detector,KV threshold,0.8,1,107.02,191,96,95,,ok
KV threshold 0.8 - repeat 1,KV-cache detector,KV threshold,0.8,1,107.541,192,96,96,,ok
KV threshold 0.8 - repeat 1,KV-cache detector,KV threshold,0.8,1,108.05,193,97,96,,ok
KV threshold 0.8 - repeat 1,KV-cache detector,KV threshold,0.8,1,108.512,194,98,96,,ok
KV threshold 0.8 - repeat 1,KV-cache detector,KV threshold,0.8,1,109.01,194,99,95,,ok
KV threshold 0.8 - repeat 1,KV-cache detector,KV threshold,0.8,1,109.508,195,99,96,,ok
KV threshold 0.8 - repeat 1,KV-cache detector,KV threshold,0.8,1,110.032,196,100,96,,ok
KV threshold 0.8 - repeat 1,KV-cache detector,KV threshold,0.8,1,110.55,197,101,96,,ok
KV threshold 0.8 - repeat 1,KV-cache detector,KV threshold,0.8,1,111.019,198,102,96,,ok
KV threshold 0.8 - repeat 1,KV-cache detector,KV threshold,0.8,1,111.503,198,102,96,,ok
KV threshold 0.8 - repeat 1,KV-cache detector,KV threshold,0.8,1,112.007,199,103,96,,ok
KV threshold 0.8 - repeat 1,KV-cache detector,KV threshold,0.8,1,112.533,200,104,96,,ok
KV threshold 0.8 - repeat 1,KV-cache detector,KV threshold,0.8,1,113.043,201,105,96,,ok
KV threshold 0.8 - repeat 1,KV-cache detector,KV threshold,0.8,1,113.506,201,105,96,,ok
KV threshold 0.8 - repeat 1,KV-cache detector,KV threshold,0.8,1,114.021,202,106,96,,ok
KV threshold 0.8 - repeat 1,KV-cache detector,KV threshold,0.8,1,114.53,203,107,96,,ok
KV threshold 0.8 - repeat 1,KV-cache detector,KV threshold,0.8,1,115.037,204,108,96,,ok
KV threshold 0.8 - repeat 1,KV-cache detector,KV threshold,0.8,1,115.501,205,109,96,,ok
KV threshold 0.8 - repeat 1,KV-cache detector,KV threshold,0.8,1,116.009,205,109,96,,ok
KV threshold 0.8 - repeat 1,KV-cache detector,KV threshold,0.8,1,116.521,206,110,96,,ok
KV threshold 0.8 - repeat 1,KV-cache detector,KV threshold,0.8,1,117.041,207,111,96,,ok
KV threshold 0.8 - repeat 1,KV-cache detector,KV threshold,0.8,1,117.501,208,112,96,,ok
KV threshold 0.8 - repeat 1,KV-cache detector,KV threshold,0.8,1,118.02,208,113,95,,ok
KV threshold 0.8 - repeat 1,KV-cache detector,KV threshold,0.8,1,118.536,209,113,96,,ok
KV threshold 0.8 - repeat 1,KV-cache detector,KV threshold,0.8,1,119.005,210,114,96,,ok
KV threshold 0.8 - repeat 1,KV-cache detector,KV threshold,0.8,1,119.527,211,115,96,,ok
KV threshold 0.8 - repeat 1,KV-cache detector,KV threshold,0.8,1,120.045,212,116,96,,ok
KV threshold 0.8 - repeat 1,KV-cache detector,KV threshold,0.8,1,121.371,212,118,94,,ok
KV threshold 0.8 - repeat 1,KV-cache detector,KV threshold,0.8,1,121.523,214,118,96,,ok
KV threshold 0.8 - repeat 1,KV-cache detector,KV threshold,0.8,1,122.031,215,119,96,,ok
KV threshold 0.8 - repeat 1,KV-cache detector,KV threshold,0.8,1,122.541,215,119,96,,ok
KV threshold 0.8 - repeat 1,KV-cache detector,KV threshold,0.8,1,123.049,216,120,96,,ok
KV threshold 0.8 - repeat 1,KV-cache detector,KV threshold,0.8,1,123.509,217,121,96,,ok
KV threshold 0.8 - repeat 1,KV-cache detector,KV threshold,0.8,1,124.018,218,122,96,,ok
KV threshold 0.8 - repeat 1,KV-cache detector,KV threshold,0.8,1,124.529,218,122,96,,ok
KV threshold 0.8 - repeat 1,KV-cache detector,KV threshold,0.8,1,125.037,219,123,96,,ok
KV threshold 0.8 - repeat 1,KV-cache detector,KV threshold,0.8,1,125.546,220,124,96,,ok
KV threshold 0.8 - repeat 1,KV-cache detector,KV threshold,0.8,1,126.018,221,125,96,,ok
KV threshold 0.8 - repeat 1,KV-cache detector,KV threshold,0.8,1,126.502,222,126,96,,ok
KV threshold 0.8 - repeat 1,KV-cache detector,KV threshold,0.8,1,127.019,222,126,96,,ok
KV threshold 0.8 - repeat 1,KV-cache detector,KV threshold,0.8,1,127.529,223,127,96,,ok
KV threshold 0.8 - repeat 1,KV-cache detector,KV threshold,0.8,1,128.047,224,128,96,,ok
KV threshold 0.8 - repeat 1,KV-cache detector,KV threshold,0.8,1,128.512,225,129,96,,ok
KV threshold 0.8 - repeat 1,KV-cache detector,KV threshold,0.8,1,129.022,225,130,95,,ok
KV threshold 0.8 - repeat 1,KV-cache detector,KV threshold,0.8,1,129.53,226,130,96,,ok
KV threshold 0.8 - repeat 1,KV-cache detector,KV threshold,0.8,1,130.039,227,131,96,,ok
KV threshold 0.8 - repeat 1,KV-cache detector,KV threshold,0.8,1,130.548,228,132,96,,ok
KV threshold 0.8 - repeat 1,KV-cache detector,KV threshold,0.8,1,131.025,228,133,95,,ok
KV threshold 0.8 - repeat 1,KV-cache detector,KV threshold,0.8,1,131.549,229,133,96,,ok
KV threshold 0.8 - repeat 1,KV-cache detector,KV threshold,0.8,1,132.014,230,134,96,,ok
KV threshold 0.8 - repeat 1,KV-cache detector,KV threshold,0.8,1,132.527,231,135,96,,ok
KV threshold 0.8 - repeat 1,KV-cache detector,KV threshold,0.8,1,133.001,232,136,96,,ok
KV threshold 0.8 - repeat 1,KV-cache detector,KV threshold,0.8,1,133.532,232,136,96,,ok
KV threshold 0.8 - repeat 1,KV-cache detector,KV threshold,0.8,1,134.042,233,137,96,,ok
KV threshold 0.8 - repeat 1,KV-cache detector,KV threshold,0.8,1,134.516,234,138,96,,ok
KV threshold 0.8 - repeat 1,KV-cache detector,KV threshold,0.8,1,135.029,235,139,96,,ok
KV threshold 0.8 - repeat 1,KV-cache detector,KV threshold,0.8,1,135.541,235,139,96,,ok
KV threshold 0.8 - repeat 1,KV-cache detector,KV threshold,0.8,1,136.01,236,140,96,,ok
KV threshold 0.8 - repeat 1,KV-cache detector,KV threshold,0.8,1,136.504,237,141,96,,ok
KV threshold 0.8 - repeat 1,KV-cache detector,KV threshold,0.8,1,137.046,238,142,96,,ok
KV threshold 0.8 - repeat 1,KV-cache detector,KV threshold,0.8,1,137.504,239,143,96,,ok
KV threshold 0.8 - repeat 1,KV-cache detector,KV threshold,0.8,1,138.014,239,143,96,,ok
KV threshold 0.8 - repeat 1,KV-cache detector,KV threshold,0.8,1,138.524,240,144,96,,ok
KV threshold 0.8 - repeat 1,KV-cache detector,KV threshold,0.8,1,139.046,240,144,96,,ok
KV threshold 0.8 - repeat 1,KV-cache detector,KV threshold,0.8,1,139.504,240,144,96,,ok
KV threshold 0.8 - repeat 1,KV-cache detector,KV threshold,0.8,1,140.013,240,144,96,,ok
KV threshold 0.8 - repeat 1,KV-cache detector,KV threshold,0.8,1,140.525,240,144,96,,ok
KV threshold 0.8 - repeat 1,KV-cache detector,KV threshold,0.8,1,141.033,240,144,96,,ok
KV threshold 0.8 - repeat 1,KV-cache detector,KV threshold,0.8,1,141.543,240,144,96,,ok
KV threshold 0.8 - repeat 1,KV-cache detector,KV threshold,0.8,1,142.0,240,144,96,,ok
KV threshold 0.8 - repeat 1,KV-cache detector,KV threshold,0.8,1,142.528,240,144,96,,ok
KV threshold 0.8 - repeat 1,KV-cache detector,KV threshold,0.8,1,143.036,240,144,96,,ok
KV threshold 0.8 - repeat 1,KV-cache detector,KV threshold,0.8,1,143.501,240,144,96,,ok
KV threshold 0.8 - repeat 1,KV-cache detector,KV threshold,0.8,1,144.049,241,145,96,,ok
KV threshold 0.8 - repeat 1,KV-cache detector,KV threshold,0.8,1,144.518,242,146,96,,ok
KV threshold 0.8 - repeat 1,KV-cache detector,KV threshold,0.8,1,145.038,242,146,96,,ok
KV threshold 0.8 - repeat 1,KV-cache detector,KV threshold,0.8,1,145.502,243,147,96,,ok
KV threshold 0.8 - repeat 1,KV-cache detector,KV threshold,0.8,1,146.012,243,147,96,,ok
KV threshold 0.8 - repeat 1,KV-cache detector,KV threshold,0.8,1,146.52,244,148,96,,ok
KV threshold 0.8 - repeat 1,KV-cache detector,KV threshold,0.8,1,147.034,245,149,96,,ok
KV threshold 0.8 - repeat 1,KV-cache detector,KV threshold,0.8,1,147.545,246,150,96,,ok
KV threshold 0.8 - repeat 1,KV-cache detector,KV threshold,0.8,1,148.004,247,151,96,,ok
KV threshold 0.8 - repeat 1,KV-cache detector,KV threshold,0.8,1,148.525,247,151,96,,ok
KV threshold 0.8 - repeat 1,KV-cache detector,KV threshold,0.8,1,149.036,248,152,96,,ok
KV threshold 0.8 - repeat 1,KV-cache detector,KV threshold,0.8,1,149.544,249,153,96,,ok
KV threshold 0.8 - repeat 1,KV-cache detector,KV threshold,0.8,1,150.012,249,154,95,,ok
KV threshold 0.8 - repeat 1,KV-cache detector,KV threshold,0.8,1,152.695,250,158,92,,ok
KV threshold 0.8 - repeat 1,KV-cache detector,KV threshold,0.8,1,153.051,254,158,96,,ok
KV threshold 0.8 - repeat 1,KV-cache detector,KV threshold,0.8,1,153.519,255,159,96,,ok
KV threshold 0.8 - repeat 1,KV-cache detector,KV threshold,0.8,1,154.036,256,160,96,,ok
KV threshold 0.8 - repeat 1,KV-cache detector,KV threshold,0.8,1,154.544,257,161,96,,ok
KV threshold 0.8 - repeat 1,KV-cache detector,KV threshold,0.8,1,155.001,257,161,96,,ok
KV threshold 0.8 - repeat 1,KV-cache detector,KV threshold,0.8,1,155.511,258,162,96,,ok
KV threshold 0.8 - repeat 1,KV-cache detector,KV threshold,0.8,1,156.021,259,163,96,,ok
KV threshold 0.8 - repeat 1,KV-cache detector,KV threshold,0.8,1,156.53,259,164,95,,ok
KV threshold 0.8 - repeat 1,KV-cache detector,KV threshold,0.8,1,157.04,260,164,96,,ok
KV threshold 0.8 - repeat 1,KV-cache detector,KV threshold,0.8,1,157.548,261,165,96,,ok
KV threshold 0.8 - repeat 1,KV-cache detector,KV threshold,0.8,1,158.005,262,166,96,,ok
KV threshold 0.8 - repeat 1,KV-cache detector,KV threshold,0.8,1,158.523,262,166,96,,ok
KV threshold 0.8 - repeat 1,KV-cache detector,KV threshold,0.8,1,159.021,264,168,96,,ok
KV threshold 0.8 - repeat 1,KV-cache detector,KV threshold,0.8,1,159.501,269,174,95,,ok
KV threshold 0.8 - repeat 1,KV-cache detector,KV threshold,0.8,1,160.044,271,175,96,,ok
KV threshold 0.8 - repeat 1,KV-cache detector,KV threshold,0.8,1,160.508,274,179,95,,ok
KV threshold 0.8 - repeat 1,KV-cache detector,KV threshold,0.8,1,161.014,279,183,96,,ok
KV threshold 0.8 - repeat 1,KV-cache detector,KV threshold,0.8,1,161.523,280,184,96,,ok
KV threshold 0.8 - repeat 1,KV-cache detector,KV threshold,0.8,1,162.039,281,185,96,,ok
KV threshold 0.8 - repeat 1,KV-cache detector,KV threshold,0.8,1,162.549,282,186,96,,ok
KV threshold 0.8 - repeat 1,KV-cache detector,KV threshold,0.8,1,163.006,283,187,96,,ok
KV threshold 0.8 - repeat 1,KV-cache detector,KV threshold,0.8,1,163.517,283,187,96,,ok
KV threshold 0.8 - repeat 1,KV-cache detector,KV threshold,0.8,1,164.039,284,188,96,,ok
KV threshold 0.8 - repeat 1,KV-cache detector,KV threshold,0.8,1,164.549,285,189,96,,ok
KV threshold 0.8 - repeat 1,KV-cache detector,KV threshold,0.8,1,165.007,286,190,96,,ok
KV threshold 0.8 - repeat 1,KV-cache detector,KV threshold,0.8,1,165.532,287,191,96,,ok
KV threshold 0.8 - repeat 1,KV-cache detector,KV threshold,0.8,1,166.049,287,191,96,,ok
KV threshold 0.8 - repeat 1,KV-cache detector,KV threshold,0.8,1,166.528,288,192,96,,ok
KV threshold 0.8 - repeat 1,KV-cache detector,KV threshold,0.8,1,167.002,289,193,96,,ok
KV threshold 0.8 - repeat 1,KV-cache detector,KV threshold,0.8,1,167.51,290,194,96,,ok
KV threshold 0.8 - repeat 1,KV-cache detector,KV threshold,0.8,1,168.018,291,195,96,,ok
KV threshold 0.8 - repeat 1,KV-cache detector,KV threshold,0.8,1,168.528,291,195,96,,ok
KV threshold 0.8 - repeat 1,KV-cache detector,KV threshold,0.8,1,169.035,292,196,96,,ok
KV threshold 0.8 - repeat 1,KV-cache detector,KV threshold,0.8,1,169.546,293,197,96,,ok
KV threshold 0.8 - repeat 1,KV-cache detector,KV threshold,0.8,1,170.003,294,198,96,,ok
KV threshold 0.8 - repeat 1,KV-cache detector,KV threshold,0.8,1,170.512,294,199,95,,ok
KV threshold 0.8 - repeat 1,KV-cache detector,KV threshold,0.8,1,171.024,295,199,96,,ok
KV threshold 0.8 - repeat 1,KV-cache detector,KV threshold,0.8,1,171.533,296,200,96,,ok
KV threshold 0.8 - repeat 1,KV-cache detector,KV threshold,0.8,1,172.042,297,201,96,,ok
KV threshold 0.8 - repeat 1,KV-cache detector,KV threshold,0.8,1,172.51,297,202,95,,ok
KV threshold 0.8 - repeat 1,KV-cache detector,KV threshold,0.8,1,173.021,298,202,96,,ok
KV threshold 0.8 - repeat 1,KV-cache detector,KV threshold,0.8,1,173.591,299,203,96,,ok
KV threshold 0.8 - repeat 1,KV-cache detector,KV threshold,0.8,1,174.02,300,204,96,,ok
KV threshold 0.8 - repeat 1,KV-cache detector,KV threshold,0.8,1,174.545,301,205,96,,ok
KV threshold 0.8 - repeat 1,KV-cache detector,KV threshold,0.8,1,175.008,301,206,95,,ok
KV threshold 0.8 - repeat 1,KV-cache detector,KV threshold,0.8,1,175.518,302,206,96,,ok
KV threshold 0.8 - repeat 1,KV-cache detector,KV threshold,0.8,1,176.036,303,207,96,,ok
KV threshold 0.8 - repeat 1,KV-cache detector,KV threshold,0.8,1,176.511,304,208,96,,ok
KV threshold 0.8 - repeat 1,KV-cache detector,KV threshold,0.8,1,177.021,304,209,95,,ok
KV threshold 0.8 - repeat 1,KV-cache detector,KV threshold,0.8,1,177.544,305,209,96,,ok
KV threshold 0.8 - repeat 1,KV-cache detector,KV threshold,0.8,1,178.013,306,210,96,,ok
KV threshold 0.8 - repeat 1,KV-cache detector,KV threshold,0.8,1,178.537,307,211,96,,ok
KV threshold 0.8 - repeat 1,KV-cache detector,KV threshold,0.8,1,179.002,308,212,96,,ok
KV threshold 0.8 - repeat 1,KV-cache detector,KV threshold,0.8,1,179.512,308,212,96,,ok
KV threshold 0.8 - repeat 2,KV-cache detector,KV threshold,0.8,2,0.0,0,0,0,,ok
KV threshold 0.8 - repeat 2,KV-cache detector,KV threshold,0.8,2,0.525,1,0,1,,ok
KV threshold 0.8 - repeat 2,KV-cache detector,KV threshold,0.8,2,1.015,1,0,1,,ok
KV threshold 0.8 - repeat 2,KV-cache detector,KV threshold,0.8,2,1.537,2,0,2,,ok
KV threshold 0.8 - repeat 2,KV-cache detector,KV threshold,0.8,2,2.021,2,0,2,,ok
KV threshold 0.8 - repeat 2,KV-cache detector,KV threshold,0.8,2,2.544,3,0,3,,ok
KV threshold 0.8 - repeat 2,KV-cache detector,KV threshold,0.8,2,3.014,3,0,3,,ok
KV threshold 0.8 - repeat 2,KV-cache detector,KV threshold,0.8,2,3.533,4,0,4,,ok
KV threshold 0.8 - repeat 2,KV-cache detector,KV threshold,0.8,2,4.046,4,0,4,,ok
KV threshold 0.8 - repeat 2,KV-cache detector,KV threshold,0.8,2,4.516,5,0,5,,ok
KV threshold 0.8 - repeat 2,KV-cache detector,KV threshold,0.8,2,5.036,6,1,5,,ok
KV threshold 0.8 - repeat 2,KV-cache detector,KV threshold,0.8,2,5.502,7,1,6,,ok
KV threshold 0.8 - repeat 2,KV-cache detector,KV threshold,0.8,2,6.034,7,1,6,,ok
KV threshold 0.8 - repeat 2,KV-cache detector,KV threshold,0.8,2,6.504,8,1,7,,ok
KV threshold 0.8 - repeat 2,KV-cache detector,KV threshold,0.8,2,7.033,8,1,7,,ok
KV threshold 0.8 - repeat 2,KV-cache detector,KV threshold,0.8,2,7.503,10,2,8,,ok
KV threshold 0.8 - repeat 2,KV-cache detector,KV threshold,0.8,2,8.02,11,2,9,,ok
KV threshold 0.8 - repeat 2,KV-cache detector,KV threshold,0.8,2,8.503,11,2,9,,ok
KV threshold 0.8 - repeat 2,KV-cache detector,KV threshold,0.8,2,9.017,12,2,10,,ok
KV threshold 0.8 - repeat 2,KV-cache detector,KV threshold,0.8,2,9.538,12,2,10,,ok
KV threshold 0.8 - repeat 2,KV-cache detector,KV threshold,0.8,2,10.003,13,2,11,,ok
KV threshold 0.8 - repeat 2,KV-cache detector,KV threshold,0.8,2,10.521,14,3,11,,ok
KV threshold 0.8 - repeat 2,KV-cache detector,KV threshold,0.8,2,11.022,15,3,12,,ok
KV threshold 0.8 - repeat 2,KV-cache detector,KV threshold,0.8,2,11.508,15,3,12,,ok
KV threshold 0.8 - repeat 2,KV-cache detector,KV threshold,0.8,2,12.035,16,3,13,,ok
KV threshold 0.8 - repeat 2,KV-cache detector,KV threshold,0.8,2,12.55,16,3,13,,ok
KV threshold 0.8 - repeat 2,KV-cache detector,KV threshold,0.8,2,13.019,17,4,13,,ok
KV threshold 0.8 - repeat 2,KV-cache detector,KV threshold,0.8,2,13.533,18,4,14,,ok
KV threshold 0.8 - repeat 2,KV-cache detector,KV threshold,0.8,2,14.041,19,4,15,,ok
KV threshold 0.8 - repeat 2,KV-cache detector,KV threshold,0.8,2,14.503,19,4,15,,ok
KV threshold 0.8 - repeat 2,KV-cache detector,KV threshold,0.8,2,15.016,20,4,16,,ok
KV threshold 0.8 - repeat 2,KV-cache detector,KV threshold,0.8,2,15.534,21,4,17,,ok
KV threshold 0.8 - repeat 2,KV-cache detector,KV threshold,0.8,2,16.048,24,7,17,,ok
KV threshold 0.8 - repeat 2,KV-cache detector,KV threshold,0.8,2,16.51,25,7,18,,ok
KV threshold 0.8 - repeat 2,KV-cache detector,KV threshold,0.8,2,17.026,25,7,18,,ok
KV threshold 0.8 - repeat 2,KV-cache detector,KV threshold,0.8,2,17.54,27,8,19,,ok
KV threshold 0.8 - repeat 2,KV-cache detector,KV threshold,0.8,2,18.005,27,8,19,,ok
KV threshold 0.8 - repeat 2,KV-cache detector,KV threshold,0.8,2,18.523,28,8,20,,ok
KV threshold 0.8 - repeat 2,KV-cache detector,KV threshold,0.8,2,19.039,28,8,20,,ok
KV threshold 0.8 - repeat 2,KV-cache detector,KV threshold,0.8,2,19.508,29,8,21,,ok
KV threshold 0.8 - repeat 2,KV-cache detector,KV threshold,0.8,2,20.037,29,8,21,,ok
KV threshold 0.8 - repeat 2,KV-cache detector,KV threshold,0.8,2,20.533,30,8,22,,ok
KV threshold 0.8 - repeat 2,KV-cache detector,KV threshold,0.8,2,21.053,30,8,22,,ok
KV threshold 0.8 - repeat 2,KV-cache detector,KV threshold,0.8,2,21.525,31,8,23,,ok
KV threshold 0.8 - repeat 2,KV-cache detector,KV threshold,0.8,2,22.051,31,8,23,,ok
KV threshold 0.8 - repeat 2,KV-cache detector,KV threshold,0.8,2,22.515,32,8,24,,ok
KV threshold 0.8 - repeat 2,KV-cache detector,KV threshold,0.8,2,23.031,34,9,25,,ok
KV threshold 0.8 - repeat 2,KV-cache detector,KV threshold,0.8,2,23.548,35,10,25,,ok
KV threshold 0.8 - repeat 2,KV-cache detector,KV threshold,0.8,2,24.024,37,11,26,,ok
KV threshold 0.8 - repeat 2,KV-cache detector,KV threshold,0.8,2,24.542,37,11,26,,ok
KV threshold 0.8 - repeat 2,KV-cache detector,KV threshold,0.8,2,25.023,38,11,27,,ok
KV threshold 0.8 - repeat 2,KV-cache detector,KV threshold,0.8,2,25.54,38,11,27,,ok
KV threshold 0.8 - repeat 2,KV-cache detector,KV threshold,0.8,2,26.013,39,11,28,,ok
KV threshold 0.8 - repeat 2,KV-cache detector,KV threshold,0.8,2,26.529,39,11,28,,ok
KV threshold 0.8 - repeat 2,KV-cache detector,KV threshold,0.8,2,27.042,40,11,29,,ok
KV threshold 0.8 - repeat 2,KV-cache detector,KV threshold,0.8,2,27.506,41,12,29,,ok
KV threshold 0.8 - repeat 2,KV-cache detector,KV threshold,0.8,2,28.02,42,12,30,,ok
KV threshold 0.8 - repeat 2,KV-cache detector,KV threshold,0.8,2,28.548,42,12,30,,ok
KV threshold 0.8 - repeat 2,KV-cache detector,KV threshold,0.8,2,29.012,43,12,31,,ok
KV threshold 0.8 - repeat 2,KV-cache detector,KV threshold,0.8,2,29.527,43,12,31,,ok
KV threshold 0.8 - repeat 2,KV-cache detector,KV threshold,0.8,2,30.001,44,12,32,,ok
KV threshold 0.8 - repeat 2,KV-cache detector,KV threshold,0.8,2,30.503,46,14,32,,ok
KV threshold 0.8 - repeat 2,KV-cache detector,KV threshold,0.8,2,31.034,48,15,33,,ok
KV threshold 0.8 - repeat 2,KV-cache detector,KV threshold,0.8,2,31.507,49,15,34,,ok
KV threshold 0.8 - repeat 2,KV-cache detector,KV threshold,0.8,2,32.015,49,15,34,,ok
KV threshold 0.8 - repeat 2,KV-cache detector,KV threshold,0.8,2,32.538,50,15,35,,ok
KV threshold 0.8 - repeat 2,KV-cache detector,KV threshold,0.8,2,33.017,50,15,35,,ok
KV threshold 0.8 - repeat 2,KV-cache detector,KV threshold,0.8,2,33.534,51,15,36,,ok
KV threshold 0.8 - repeat 2,KV-cache detector,KV threshold,0.8,2,34.074,51,15,36,,ok
KV threshold 0.8 - repeat 2,KV-cache detector,KV threshold,0.8,2,34.545,52,15,37,,ok
KV threshold 0.8 - repeat 2,KV-cache detector,KV threshold,0.8,2,35.021,52,15,37,,ok
KV threshold 0.8 - repeat 2,KV-cache detector,KV threshold,0.8,2,35.536,53,15,38,,ok
KV threshold 0.8 - repeat 2,KV-cache detector,KV threshold,0.8,2,36.05,54,16,38,,ok
KV threshold 0.8 - repeat 2,KV-cache detector,KV threshold,0.8,2,36.516,55,16,39,,ok
KV threshold 0.8 - repeat 2,KV-cache detector,KV threshold,0.8,2,37.026,55,16,39,,ok
KV threshold 0.8 - repeat 2,KV-cache detector,KV threshold,0.8,2,37.543,56,16,40,,ok
KV threshold 0.8 - repeat 2,KV-cache detector,KV threshold,0.8,2,38.01,56,16,40,,ok
KV threshold 0.8 - repeat 2,KV-cache detector,KV threshold,0.8,2,38.522,57,16,41,,ok
KV threshold 0.8 - repeat 2,KV-cache detector,KV threshold,0.8,2,39.035,59,17,42,,ok
KV threshold 0.8 - repeat 2,KV-cache detector,KV threshold,0.8,2,39.55,60,18,42,,ok
KV threshold 0.8 - repeat 2,KV-cache detector,KV threshold,0.8,2,40.021,62,19,43,,ok
KV threshold 0.8 - repeat 2,KV-cache detector,KV threshold,0.8,2,40.501,62,19,43,,ok
KV threshold 0.8 - repeat 2,KV-cache detector,KV threshold,0.8,2,41.044,63,19,44,,ok
KV threshold 0.8 - repeat 2,KV-cache detector,KV threshold,0.8,2,41.51,63,19,44,,ok
KV threshold 0.8 - repeat 2,KV-cache detector,KV threshold,0.8,2,42.048,65,20,45,,ok
KV threshold 0.8 - repeat 2,KV-cache detector,KV threshold,0.8,2,42.528,65,20,45,,ok
KV threshold 0.8 - repeat 2,KV-cache detector,KV threshold,0.8,2,43.0,66,20,46,,ok
KV threshold 0.8 - repeat 2,KV-cache detector,KV threshold,0.8,2,43.519,66,20,46,,ok
KV threshold 0.8 - repeat 2,KV-cache detector,KV threshold,0.8,2,44.0,67,20,47,,ok
KV threshold 0.8 - repeat 2,KV-cache detector,KV threshold,0.8,2,44.515,67,20,47,,ok
KV threshold 0.8 - repeat 2,KV-cache detector,KV threshold,0.8,2,45.034,68,20,48,,ok
KV threshold 0.8 - repeat 2,KV-cache detector,KV threshold,0.8,2,45.506,68,20,48,,ok
KV threshold 0.8 - repeat 2,KV-cache detector,KV threshold,0.8,2,46.023,69,20,49,,ok
KV threshold 0.8 - repeat 2,KV-cache detector,KV threshold,0.8,2,46.54,70,20,50,,ok
KV threshold 0.8 - repeat 2,KV-cache detector,KV threshold,0.8,2,47.0,73,23,50,,ok
KV threshold 0.8 - repeat 2,KV-cache detector,KV threshold,0.8,2,47.525,75,24,51,,ok
KV threshold 0.8 - repeat 2,KV-cache detector,KV threshold,0.8,2,48.039,76,25,51,,ok
KV threshold 0.8 - repeat 2,KV-cache detector,KV threshold,0.8,2,48.521,78,26,52,,ok
KV threshold 0.8 - repeat 2,KV-cache detector,KV threshold,0.8,2,49.048,79,27,52,,ok
KV threshold 0.8 - repeat 2,KV-cache detector,KV threshold,0.8,2,49.517,80,27,53,,ok
KV threshold 0.8 - repeat 2,KV-cache detector,KV threshold,0.8,2,50.033,81,28,53,,ok
KV threshold 0.8 - repeat 2,KV-cache detector,KV threshold,0.8,2,50.514,83,29,54,,ok
KV threshold 0.8 - repeat 2,KV-cache detector,KV threshold,0.8,2,51.046,84,30,54,,ok
KV threshold 0.8 - repeat 2,KV-cache detector,KV threshold,0.8,2,51.517,85,31,54,,ok
KV threshold 0.8 - repeat 2,KV-cache detector,KV threshold,0.8,2,52.019,86,31,55,,ok
KV threshold 0.8 - repeat 2,KV-cache detector,KV threshold,0.8,2,52.545,87,31,56,,ok
KV threshold 0.8 - repeat 2,KV-cache detector,KV threshold,0.8,2,53.014,87,31,56,,ok
KV threshold 0.8 - repeat 2,KV-cache detector,KV threshold,0.8,2,53.531,88,31,57,,ok
KV threshold 0.8 - repeat 2,KV-cache detector,KV threshold,0.8,2,54.05,89,31,58,,ok
KV threshold 0.8 - repeat 2,KV-cache detector,KV threshold,0.8,2,54.52,89,32,57,,ok
KV threshold 0.8 - repeat 2,KV-cache detector,KV threshold,0.8,2,55.001,91,32,59,,ok
KV threshold 0.8 - repeat 2,KV-cache detector,KV threshold,0.8,2,55.521,92,33,59,,ok
KV threshold 0.8 - repeat 2,KV-cache detector,KV threshold,0.8,2,56.013,93,34,59,,ok
KV threshold 0.8 - repeat 2,KV-cache detector,KV threshold,0.8,2,56.533,94,34,60,,ok
KV threshold 0.8 - repeat 2,KV-cache detector,KV threshold,0.8,2,57.003,96,35,61,,ok
KV threshold 0.8 - repeat 2,KV-cache detector,KV threshold,0.8,2,57.529,97,36,61,,ok
KV threshold 0.8 - repeat 2,KV-cache detector,KV threshold,0.8,2,58.044,99,37,62,,ok
KV threshold 0.8 - repeat 2,KV-cache detector,KV threshold,0.8,2,58.51,100,38,62,,ok
KV threshold 0.8 - repeat 2,KV-cache detector,KV threshold,0.8,2,59.024,101,38,63,,ok
KV threshold 0.8 - repeat 2,KV-cache detector,KV threshold,0.8,2,59.537,102,39,63,,ok
KV threshold 0.8 - repeat 2,KV-cache detector,KV threshold,0.8,2,60.0,104,40,64,,ok
KV threshold 0.8 - repeat 2,KV-cache detector,KV threshold,0.8,2,61.688,105,42,63,,ok
KV threshold 0.8 - repeat 2,KV-cache detector,KV threshold,0.8,2,62.01,108,43,65,,ok
KV threshold 0.8 - repeat 2,KV-cache detector,KV threshold,0.8,2,62.503,110,43,67,,ok
KV threshold 0.8 - repeat 2,KV-cache detector,KV threshold,0.8,2,63.021,110,43,67,,ok
KV threshold 0.8 - repeat 2,KV-cache detector,KV threshold,0.8,2,63.535,111,43,68,,ok
KV threshold 0.8 - repeat 2,KV-cache detector,KV threshold,0.8,2,64.05,111,43,68,,ok
KV threshold 0.8 - repeat 2,KV-cache detector,KV threshold,0.8,2,64.517,112,43,69,,ok
KV threshold 0.8 - repeat 2,KV-cache detector,KV threshold,0.8,2,65.035,112,43,69,,ok
KV threshold 0.8 - repeat 2,KV-cache detector,KV threshold,0.8,2,65.501,113,43,70,,ok
KV threshold 0.8 - repeat 2,KV-cache detector,KV threshold,0.8,2,66.019,113,43,70,,ok
KV threshold 0.8 - repeat 2,KV-cache detector,KV threshold,0.8,2,66.539,114,43,71,,ok
KV threshold 0.8 - repeat 2,KV-cache detector,KV threshold,0.8,2,67.001,114,43,71,,ok
KV threshold 0.8 - repeat 2,KV-cache detector,KV threshold,0.8,2,67.512,115,43,72,,ok
KV threshold 0.8 - repeat 2,KV-cache detector,KV threshold,0.8,2,68.031,117,44,73,,ok
KV threshold 0.8 - repeat 2,KV-cache detector,KV threshold,0.8,2,68.55,117,44,73,,ok
KV threshold 0.8 - repeat 2,KV-cache detector,KV threshold,0.8,2,69.012,119,45,74,,ok
KV threshold 0.8 - repeat 2,KV-cache detector,KV threshold,0.8,2,69.528,120,46,74,,ok
KV threshold 0.8 - repeat 2,KV-cache detector,KV threshold,0.8,2,70.052,122,47,75,,ok
KV threshold 0.8 - repeat 2,KV-cache detector,KV threshold,0.8,2,70.531,122,47,75,,ok
KV threshold 0.8 - repeat 2,KV-cache detector,KV threshold,0.8,2,71.006,124,48,76,,ok
KV threshold 0.8 - repeat 2,KV-cache detector,KV threshold,0.8,2,71.526,125,49,76,,ok
KV threshold 0.8 - repeat 2,KV-cache detector,KV threshold,0.8,2,72.009,127,50,77,,ok
KV threshold 0.8 - repeat 2,KV-cache detector,KV threshold,0.8,2,72.537,128,51,77,,ok
KV threshold 0.8 - repeat 2,KV-cache detector,KV threshold,0.8,2,73.003,129,51,78,,ok
KV threshold 0.8 - repeat 2,KV-cache detector,KV threshold,0.8,2,73.519,130,52,78,,ok
KV threshold 0.8 - repeat 2,KV-cache detector,KV threshold,0.8,2,74.037,131,52,79,,ok
KV threshold 0.8 - repeat 2,KV-cache detector,KV threshold,0.8,2,74.511,131,52,79,,ok
KV threshold 0.8 - repeat 2,KV-cache detector,KV threshold,0.8,2,75.026,132,52,80,,ok
KV threshold 0.8 - repeat 2,KV-cache detector,KV threshold,0.8,2,75.544,133,52,81,,ok
KV threshold 0.8 - repeat 2,KV-cache detector,KV threshold,0.8,2,76.02,134,53,81,,ok
KV threshold 0.8 - repeat 2,KV-cache detector,KV threshold,0.8,2,76.522,135,53,82,,ok
KV threshold 0.8 - repeat 2,KV-cache detector,KV threshold,0.8,2,77.038,136,54,82,,ok
KV threshold 0.8 - repeat 2,KV-cache detector,KV threshold,0.8,2,77.502,138,55,83,,ok
KV threshold 0.8 - repeat 2,KV-cache detector,KV threshold,0.8,2,78.021,138,55,83,,ok
KV threshold 0.8 - repeat 2,KV-cache detector,KV threshold,0.8,2,78.539,140,56,84,,ok
KV threshold 0.8 - repeat 2,KV-cache detector,KV threshold,0.8,2,79.023,140,56,84,,ok
KV threshold 0.8 - repeat 2,KV-cache detector,KV threshold,0.8,2,79.538,141,56,85,,ok
KV threshold 0.8 - repeat 2,KV-cache detector,KV threshold,0.8,2,80.001,141,56,85,,ok
KV threshold 0.8 - repeat 2,KV-cache detector,KV threshold,0.8,2,80.547,142,56,86,,ok
KV threshold 0.8 - repeat 2,KV-cache detector,KV threshold,0.8,2,81.031,142,56,86,,ok
KV threshold 0.8 - repeat 2,KV-cache detector,KV threshold,0.8,2,81.502,143,56,87,,ok
KV threshold 0.8 - repeat 2,KV-cache detector,KV threshold,0.8,2,82.037,144,57,87,,ok
KV threshold 0.8 - repeat 2,KV-cache detector,KV threshold,0.8,2,82.515,146,58,88,,ok
KV threshold 0.8 - repeat 2,KV-cache detector,KV threshold,0.8,2,83.032,147,58,89,,ok
KV threshold 0.8 - repeat 2,KV-cache detector,KV threshold,0.8,2,83.509,148,59,89,,ok
KV threshold 0.8 - repeat 2,KV-cache detector,KV threshold,0.8,2,84.037,150,60,90,,ok
KV threshold 0.8 - repeat 2,KV-cache detector,KV threshold,0.8,2,84.52,151,61,90,,ok
KV threshold 0.8 - repeat 2,KV-cache detector,KV threshold,0.8,2,85.036,153,62,91,,ok
KV threshold 0.8 - repeat 2,KV-cache detector,KV threshold,0.8,2,85.55,153,62,91,,ok
KV threshold 0.8 - repeat 2,KV-cache detector,KV threshold,0.8,2,86.017,155,63,92,,ok
KV threshold 0.8 - repeat 2,KV-cache detector,KV threshold,0.8,2,86.536,156,64,92,,ok
KV threshold 0.8 - repeat 2,KV-cache detector,KV threshold,0.8,2,87.051,158,65,93,,ok
KV threshold 0.8 - repeat 2,KV-cache detector,KV threshold,0.8,2,87.515,159,66,93,,ok
KV threshold 0.8 - repeat 2,KV-cache detector,KV threshold,0.8,2,88.032,160,66,94,,ok
KV threshold 0.8 - repeat 2,KV-cache detector,KV threshold,0.8,2,88.503,161,67,94,,ok
KV threshold 0.8 - repeat 2,KV-cache detector,KV threshold,0.8,2,89.021,163,68,95,,ok
KV threshold 0.8 - repeat 2,KV-cache detector,KV threshold,0.8,2,89.548,163,68,95,,ok
KV threshold 0.8 - repeat 2,KV-cache detector,KV threshold,0.8,2,90.029,164,68,96,,ok
KV threshold 0.8 - repeat 2,KV-cache detector,KV threshold,0.8,2,90.51,165,69,96,,ok
KV threshold 0.8 - repeat 2,KV-cache detector,KV threshold,0.8,2,92.251,165,69,96,,ok
KV threshold 0.8 - repeat 2,KV-cache detector,KV threshold,0.8,2,92.513,165,69,96,,ok
KV threshold 0.8 - repeat 2,KV-cache detector,KV threshold,0.8,2,93.033,165,69,96,,ok
KV threshold 0.8 - repeat 2,KV-cache detector,KV threshold,0.8,2,93.5,165,69,96,,ok
KV threshold 0.8 - repeat 2,KV-cache detector,KV threshold,0.8,2,94.021,166,70,96,,ok
KV threshold 0.8 - repeat 2,KV-cache detector,KV threshold,0.8,2,94.537,167,71,96,,ok
KV threshold 0.8 - repeat 2,KV-cache detector,KV threshold,0.8,2,95.052,168,72,96,,ok
KV threshold 0.8 - repeat 2,KV-cache detector,KV threshold,0.8,2,95.519,168,72,96,,ok
KV threshold 0.8 - repeat 2,KV-cache detector,KV threshold,0.8,2,96.028,169,73,96,,ok
KV threshold 0.8 - repeat 2,KV-cache detector,KV threshold,0.8,2,96.542,170,74,96,,ok
KV threshold 0.8 - repeat 2,KV-cache detector,KV threshold,0.8,2,97.005,170,74,96,,ok
KV threshold 0.8 - repeat 2,KV-cache detector,KV threshold,0.8,2,97.525,171,75,96,,ok
KV threshold 0.8 - repeat 2,KV-cache detector,KV threshold,0.8,2,98.041,172,76,96,,ok
KV threshold 0.8 - repeat 2,KV-cache detector,KV threshold,0.8,2,98.512,173,77,96,,ok
KV threshold 0.8 - repeat 2,KV-cache detector,KV threshold,0.8,2,99.032,174,78,96,,ok
KV threshold 0.8 - repeat 2,KV-cache detector,KV threshold,0.8,2,99.543,174,78,96,,ok
KV threshold 0.8 - repeat 2,KV-cache detector,KV threshold,0.8,2,100.019,175,79,96,,ok
KV threshold 0.8 - repeat 2,KV-cache detector,KV threshold,0.8,2,100.537,176,80,96,,ok
KV threshold 0.8 - repeat 2,KV-cache detector,KV threshold,0.8,2,101.026,176,80,96,,ok
KV threshold 0.8 - repeat 2,KV-cache detector,KV threshold,0.8,2,101.509,177,82,95,,ok
KV threshold 0.8 - repeat 2,KV-cache detector,KV threshold,0.8,2,102.048,178,82,96,,ok
KV threshold 0.8 - repeat 2,KV-cache detector,KV threshold,0.8,2,102.537,179,83,96,,ok
KV threshold 0.8 - repeat 2,KV-cache detector,KV threshold,0.8,2,103.027,180,84,96,,ok
KV threshold 0.8 - repeat 2,KV-cache detector,KV threshold,0.8,2,103.504,180,84,96,,ok
KV threshold 0.8 - repeat 2,KV-cache detector,KV threshold,0.8,2,104.022,181,85,96,,ok
KV threshold 0.8 - repeat 2,KV-cache detector,KV threshold,0.8,2,104.539,182,86,96,,ok
KV threshold 0.8 - repeat 2,KV-cache detector,KV threshold,0.8,2,105.003,183,87,96,,ok
KV threshold 0.8 - repeat 2,KV-cache detector,KV threshold,0.8,2,105.513,184,88,96,,ok
KV threshold 0.8 - repeat 2,KV-cache detector,KV threshold,0.8,2,106.03,184,88,96,,ok
KV threshold 0.8 - repeat 2,KV-cache detector,KV threshold,0.8,2,106.548,185,89,96,,ok
KV threshold 0.8 - repeat 2,KV-cache detector,KV threshold,0.8,2,107.01,186,90,96,,ok
KV threshold 0.8 - repeat 2,KV-cache detector,KV threshold,0.8,2,107.53,189,94,95,,ok
KV threshold 0.8 - repeat 2,KV-cache detector,KV threshold,0.8,2,108.041,194,98,96,,ok
KV threshold 0.8 - repeat 2,KV-cache detector,KV threshold,0.8,2,108.507,195,99,96,,ok
KV threshold 0.8 - repeat 2,KV-cache detector,KV threshold,0.8,2,109.024,195,100,95,,ok
KV threshold 0.8 - repeat 2,KV-cache detector,KV threshold,0.8,2,109.542,196,100,96,,ok
KV threshold 0.8 - repeat 2,KV-cache detector,KV threshold,0.8,2,110.007,197,101,96,,ok
KV threshold 0.8 - repeat 2,KV-cache detector,KV threshold,0.8,2,110.546,198,102,96,,ok
KV threshold 0.8 - repeat 2,KV-cache detector,KV threshold,0.8,2,111.02,199,103,96,,ok
KV threshold 0.8 - repeat 2,KV-cache detector,KV threshold,0.8,2,111.55,199,103,96,,ok
KV threshold 0.8 - repeat 2,KV-cache detector,KV threshold,0.8,2,112.052,200,104,96,,ok
KV threshold 0.8 - repeat 2,KV-cache detector,KV threshold,0.8,2,112.534,201,105,96,,ok
KV threshold 0.8 - repeat 2,KV-cache detector,KV threshold,0.8,2,113.05,202,106,96,,ok
KV threshold 0.8 - repeat 2,KV-cache detector,KV threshold,0.8,2,113.521,203,107,96,,ok
KV threshold 0.8 - repeat 2,KV-cache detector,KV threshold,0.8,2,114.039,203,107,96,,ok
KV threshold 0.8 - repeat 2,KV-cache detector,KV threshold,0.8,2,114.521,204,108,96,,ok
KV threshold 0.8 - repeat 2,KV-cache detector,KV threshold,0.8,2,115.002,205,109,96,,ok
KV threshold 0.8 - repeat 2,KV-cache detector,KV threshold,0.8,2,115.516,206,110,96,,ok
KV threshold 0.8 - repeat 2,KV-cache detector,KV threshold,0.8,2,116.034,207,111,96,,ok
KV threshold 0.8 - repeat 2,KV-cache detector,KV threshold,0.8,2,116.552,207,111,96,,ok
KV threshold 0.8 - repeat 2,KV-cache detector,KV threshold,0.8,2,117.019,208,112,96,,ok
KV threshold 0.8 - repeat 2,KV-cache detector,KV threshold,0.8,2,117.535,209,113,96,,ok
KV threshold 0.8 - repeat 2,KV-cache detector,KV threshold,0.8,2,118.015,209,114,95,,ok
KV threshold 0.8 - repeat 2,KV-cache detector,KV threshold,0.8,2,118.536,210,114,96,,ok
KV threshold 0.8 - repeat 2,KV-cache detector,KV threshold,0.8,2,119.007,211,115,96,,ok
KV threshold 0.8 - repeat 2,KV-cache detector,KV threshold,0.8,2,119.53,212,116,96,,ok
KV threshold 0.8 - repeat 2,KV-cache detector,KV threshold,0.8,2,120.007,212,117,95,,ok
KV threshold 0.8 - repeat 2,KV-cache detector,KV threshold,0.8,2,123.028,213,121,92,,ok
KV threshold 0.8 - repeat 2,KV-cache detector,KV threshold,0.8,2,123.544,218,122,96,,ok
KV threshold 0.8 - repeat 2,KV-cache detector,KV threshold,0.8,2,124.012,219,123,96,,ok
KV threshold 0.8 - repeat 2,KV-cache detector,KV threshold,0.8,2,124.532,220,124,96,,ok
KV threshold 0.8 - repeat 2,KV-cache detector,KV threshold,0.8,2,125.049,220,124,96,,ok
KV threshold 0.8 - repeat 2,KV-cache detector,KV threshold,0.8,2,125.513,221,125,96,,ok
KV threshold 0.8 - repeat 2,KV-cache detector,KV threshold,0.8,2,126.03,222,126,96,,ok
KV threshold 0.8 - repeat 2,KV-cache detector,KV threshold,0.8,2,126.502,223,127,96,,ok
KV threshold 0.8 - repeat 2,KV-cache detector,KV threshold,0.8,2,127.017,224,128,96,,ok
KV threshold 0.8 - repeat 2,KV-cache detector,KV threshold,0.8,2,127.534,224,128,96,,ok
KV threshold 0.8 - repeat 2,KV-cache detector,KV threshold,0.8,2,128.05,225,129,96,,ok
KV threshold 0.8 - repeat 2,KV-cache detector,KV threshold,0.8,2,128.513,226,130,96,,ok
KV threshold 0.8 - repeat 2,KV-cache detector,KV threshold,0.8,2,129.03,227,131,96,,ok
KV threshold 0.8 - repeat 2,KV-cache detector,KV threshold,0.8,2,129.502,227,131,96,,ok
KV threshold 0.8 - repeat 2,KV-cache detector,KV threshold,0.8,2,130.02,228,132,96,,ok
KV threshold 0.8 - repeat 2,KV-cache detector,KV threshold,0.8,2,130.561,229,133,96,,ok
KV threshold 0.8 - repeat 2,KV-cache detector,KV threshold,0.8,2,131.002,229,134,95,,ok
KV threshold 0.8 - repeat 2,KV-cache detector,KV threshold,0.8,2,131.525,230,134,96,,ok
KV threshold 0.8 - repeat 2,KV-cache detector,KV threshold,0.8,2,132.004,231,135,96,,ok
KV threshold 0.8 - repeat 2,KV-cache detector,KV threshold,0.8,2,132.53,232,136,96,,ok
KV threshold 0.8 - repeat 2,KV-cache detector,KV threshold,0.8,2,133.044,233,137,96,,ok
KV threshold 0.8 - repeat 2,KV-cache detector,KV threshold,0.8,2,133.506,233,137,96,,ok
KV threshold 0.8 - repeat 2,KV-cache detector,KV threshold,0.8,2,134.021,234,138,96,,ok
KV threshold 0.8 - repeat 2,KV-cache detector,KV threshold,0.8,2,134.535,235,139,96,,ok
KV threshold 0.8 - repeat 2,KV-cache detector,KV threshold,0.8,2,135.013,236,140,96,,ok
KV threshold 0.8 - repeat 2,KV-cache detector,KV threshold,0.8,2,135.536,237,141,96,,ok
KV threshold 0.8 - repeat 2,KV-cache detector,KV threshold,0.8,2,136.015,237,141,96,,ok
KV threshold 0.8 - repeat 2,KV-cache detector,KV threshold,0.8,2,136.534,238,142,96,,ok
KV threshold 0.8 - repeat 2,KV-cache detector,KV threshold,0.8,2,137.05,239,143,96,,ok
KV threshold 0.8 - repeat 2,KV-cache detector,KV threshold,0.8,2,137.514,240,144,96,,ok
KV threshold 0.8 - repeat 2,KV-cache detector,KV threshold,0.8,2,138.031,241,145,96,,ok
KV threshold 0.8 - repeat 2,KV-cache detector,KV threshold,0.8,2,138.551,241,145,96,,ok
KV threshold 0.8 - repeat 2,KV-cache detector,KV threshold,0.8,2,139.015,242,146,96,,ok
KV threshold 0.8 - repeat 2,KV-cache detector,KV threshold,0.8,2,139.53,243,147,96,,ok
KV threshold 0.8 - repeat 2,KV-cache detector,KV threshold,0.8,2,140.046,244,148,96,,ok
KV threshold 0.8 - repeat 2,KV-cache detector,KV threshold,0.8,2,140.537,244,148,96,,ok
KV threshold 0.8 - repeat 2,KV-cache detector,KV threshold,0.8,2,141.014,245,149,96,,ok
KV threshold 0.8 - repeat 2,KV-cache detector,KV threshold,0.8,2,141.535,246,150,96,,ok
KV threshold 0.8 - repeat 2,KV-cache detector,KV threshold,0.8,2,142.031,247,151,96,,ok
KV threshold 0.8 - repeat 2,KV-cache detector,KV threshold,0.8,2,142.516,247,152,95,,ok
KV threshold 0.8 - repeat 2,KV-cache detector,KV threshold,0.8,2,143.031,248,152,96,,ok
KV threshold 0.8 - repeat 2,KV-cache detector,KV threshold,0.8,2,143.502,249,153,96,,ok
KV threshold 0.8 - repeat 2,KV-cache detector,KV threshold,0.8,2,144.036,250,154,96,,ok
KV threshold 0.8 - repeat 2,KV-cache detector,KV threshold,0.8,2,144.501,250,154,96,,ok
KV threshold 0.8 - repeat 2,KV-cache detector,KV threshold,0.8,2,145.034,251,155,96,,ok
KV threshold 0.8 - repeat 2,KV-cache detector,KV threshold,0.8,2,145.508,252,156,96,,ok
KV threshold 0.8 - repeat 2,KV-cache detector,KV threshold,0.8,2,146.023,253,157,96,,ok
KV threshold 0.8 - repeat 2,KV-cache detector,KV threshold,0.8,2,146.54,254,158,96,,ok
KV threshold 0.8 - repeat 2,KV-cache detector,KV threshold,0.8,2,147.004,254,158,96,,ok
KV threshold 0.8 - repeat 2,KV-cache detector,KV threshold,0.8,2,147.524,255,159,96,,ok
KV threshold 0.8 - repeat 2,KV-cache detector,KV threshold,0.8,2,148.043,256,160,96,,ok
KV threshold 0.8 - repeat 2,KV-cache detector,KV threshold,0.8,2,148.509,257,161,96,,ok
KV threshold 0.8 - repeat 2,KV-cache detector,KV threshold,0.8,2,149.029,258,162,96,,ok
KV threshold 0.8 - repeat 2,KV-cache detector,KV threshold,0.8,2,149.545,258,162,96,,ok
KV threshold 0.8 - repeat 2,KV-cache detector,KV threshold,0.8,2,150.012,259,163,96,,ok
KV threshold 0.8 - repeat 2,KV-cache detector,KV threshold,0.8,2,152.422,259,163,96,,ok
KV threshold 0.8 - repeat 2,KV-cache detector,KV threshold,0.8,2,152.528,259,163,96,,ok
KV threshold 0.8 - repeat 2,KV-cache detector,KV threshold,0.8,2,153.041,259,163,96,,ok
KV threshold 0.8 - repeat 2,KV-cache detector,KV threshold,0.8,2,153.507,259,163,96,,ok
KV threshold 0.8 - repeat 2,KV-cache detector,KV threshold,0.8,2,154.033,259,163,96,,ok
KV threshold 0.8 - repeat 2,KV-cache detector,KV threshold,0.8,2,154.501,259,163,96,,ok
KV threshold 0.8 - repeat 2,KV-cache detector,KV threshold,0.8,2,155.032,259,163,96,,ok
KV threshold 0.8 - repeat 2,KV-cache detector,KV threshold,0.8,2,155.508,260,164,96,,ok
KV threshold 0.8 - repeat 2,KV-cache detector,KV threshold,0.8,2,156.023,260,164,96,,ok
KV threshold 0.8 - repeat 2,KV-cache detector,KV threshold,0.8,2,156.537,261,165,96,,ok
KV threshold 0.8 - repeat 2,KV-cache detector,KV threshold,0.8,2,157.003,262,166,96,,ok
KV threshold 0.8 - repeat 2,KV-cache detector,KV threshold,0.8,2,157.518,263,167,96,,ok
KV threshold 0.8 - repeat 2,KV-cache detector,KV threshold,0.8,2,158.05,264,168,96,,ok
KV threshold 0.8 - repeat 2,KV-cache detector,KV threshold,0.8,2,158.515,264,168,96,,ok
KV threshold 0.8 - repeat 2,KV-cache detector,KV threshold,0.8,2,159.034,265,169,96,,ok
KV threshold 0.8 - repeat 2,KV-cache detector,KV threshold,0.8,2,159.55,266,170,96,,ok
KV threshold 0.8 - repeat 2,KV-cache detector,KV threshold,0.8,2,160.012,266,170,96,,ok
KV threshold 0.8 - repeat 2,KV-cache detector,KV threshold,0.8,2,160.531,267,171,96,,ok
KV threshold 0.8 - repeat 2,KV-cache detector,KV threshold,0.8,2,161.008,268,172,96,,ok
KV threshold 0.8 - repeat 2,KV-cache detector,KV threshold,0.8,2,161.547,269,173,96,,ok
KV threshold 0.8 - repeat 2,KV-cache detector,KV threshold,0.8,2,162.031,270,174,96,,ok
KV threshold 0.8 - repeat 2,KV-cache detector,KV threshold,0.8,2,162.503,270,174,96,,ok
KV threshold 0.8 - repeat 2,KV-cache detector,KV threshold,0.8,2,163.021,271,175,96,,ok
KV threshold 0.8 - repeat 2,KV-cache detector,KV threshold,0.8,2,163.54,272,176,96,,ok
KV threshold 0.8 - repeat 2,KV-cache detector,KV threshold,0.8,2,164.006,272,177,95,,ok
KV threshold 0.8 - repeat 2,KV-cache detector,KV threshold,0.8,2,164.526,273,178,95,,ok
KV threshold 0.8 - repeat 2,KV-cache detector,KV threshold,0.8,2,165.003,274,178,96,,ok
KV threshold 0.8 - repeat 2,KV-cache detector,KV threshold,0.8,2,165.521,275,179,96,,ok
KV threshold 0.8 - repeat 2,KV-cache detector,KV threshold,0.8,2,166.04,276,180,96,,ok
KV threshold 0.8 - repeat 2,KV-cache detector,KV threshold,0.8,2,166.514,276,181,95,,ok
KV threshold 0.8 - repeat 2,KV-cache detector,KV threshold,0.8,2,167.029,277,181,96,,ok
KV threshold 0.8 - repeat 2,KV-cache detector,KV threshold,0.8,2,167.543,278,182,96,,ok
KV threshold 0.8 - repeat 2,KV-cache detector,KV threshold,0.8,2,168.007,279,183,96,,ok
KV threshold 0.8 - repeat 2,KV-cache detector,KV threshold,0.8,2,168.527,279,183,96,,ok
KV threshold 0.8 - repeat 2,KV-cache detector,KV threshold,0.8,2,169.058,280,184,96,,ok
KV threshold 0.8 - repeat 2,KV-cache detector,KV threshold,0.8,2,169.523,281,185,96,,ok
KV threshold 0.8 - repeat 2,KV-cache detector,KV threshold,0.8,2,170.041,282,186,96,,ok
KV threshold 0.8 - repeat 2,KV-cache detector,KV threshold,0.8,2,170.53,285,189,96,,ok
KV threshold 0.8 - repeat 2,KV-cache detector,KV threshold,0.8,2,171.007,290,194,96,,ok
KV threshold 0.8 - repeat 2,KV-cache detector,KV threshold,0.8,2,171.535,291,195,96,,ok
KV threshold 0.8 - repeat 2,KV-cache detector,KV threshold,0.8,2,172.033,292,196,96,,ok
KV threshold 0.8 - repeat 2,KV-cache detector,KV threshold,0.8,2,172.512,293,197,96,,ok
KV threshold 0.8 - repeat 2,KV-cache detector,KV threshold,0.8,2,173.029,293,198,95,,ok
KV threshold 0.8 - repeat 2,KV-cache detector,KV threshold,0.8,2,173.548,294,198,96,,ok
KV threshold 0.8 - repeat 2,KV-cache detector,KV threshold,0.8,2,174.014,295,199,96,,ok
KV threshold 0.8 - repeat 2,KV-cache detector,KV threshold,0.8,2,174.528,296,200,96,,ok
KV threshold 0.8 - repeat 2,KV-cache detector,KV threshold,0.8,2,175.051,296,201,95,,ok
KV threshold 0.8 - repeat 2,KV-cache detector,KV threshold,0.8,2,175.507,297,201,96,,ok
KV threshold 0.8 - repeat 2,KV-cache detector,KV threshold,0.8,2,176.02,298,202,96,,ok
KV threshold 0.8 - repeat 2,KV-cache detector,KV threshold,0.8,2,176.541,299,203,96,,ok
KV threshold 0.8 - repeat 2,KV-cache detector,KV threshold,0.8,2,177.02,300,204,96,,ok
KV threshold 0.8 - repeat 2,KV-cache detector,KV threshold,0.8,2,177.537,300,204,96,,ok
KV threshold 0.8 - repeat 2,KV-cache detector,KV threshold,0.8,2,178.017,301,205,96,,ok
KV threshold 0.8 - repeat 2,KV-cache detector,KV threshold,0.8,2,178.502,302,206,96,,ok
KV threshold 0.8 - repeat 2,KV-cache detector,KV threshold,0.8,2,179.015,303,207,96,,ok
KV threshold 0.8 - repeat 2,KV-cache detector,KV threshold,0.8,2,179.548,304,208,96,,ok
KV threshold 0.8 - repeat 3,KV-cache detector,KV threshold,0.8,3,0.0,0,0,0,,ok
KV threshold 0.8 - repeat 3,KV-cache detector,KV threshold,0.8,3,0.517,0,0,0,,ok
KV threshold 0.8 - repeat 3,KV-cache detector,KV threshold,0.8,3,1.045,1,0,1,,ok
KV threshold 0.8 - repeat 3,KV-cache detector,KV threshold,0.8,3,1.509,2,0,2,,ok
KV threshold 0.8 - repeat 3,KV-cache detector,KV threshold,0.8,3,2.027,2,0,2,,ok
KV threshold 0.8 - repeat 3,KV-cache detector,KV threshold,0.8,3,2.543,3,0,3,,ok
KV threshold 0.8 - repeat 3,KV-cache detector,KV threshold,0.8,3,3.003,3,0,3,,ok
KV threshold 0.8 - repeat 3,KV-cache detector,KV threshold,0.8,3,3.518,4,0,4,,ok
KV threshold 0.8 - repeat 3,KV-cache detector,KV threshold,0.8,3,4.052,4,0,4,,ok
KV threshold 0.8 - repeat 3,KV-cache detector,KV threshold,0.8,3,4.519,5,0,5,,ok
KV threshold 0.8 - repeat 3,KV-cache detector,KV threshold,0.8,3,5.027,6,1,5,,ok
KV threshold 0.8 - repeat 3,KV-cache detector,KV threshold,0.8,3,5.545,7,1,6,,ok
KV threshold 0.8 - repeat 3,KV-cache detector,KV threshold,0.8,3,6.023,7,1,6,,ok
KV threshold 0.8 - repeat 3,KV-cache detector,KV threshold,0.8,3,6.549,8,1,7,,ok
KV threshold 0.8 - repeat 3,KV-cache detector,KV threshold,0.8,3,7.024,8,1,7,,ok
KV threshold 0.8 - repeat 3,KV-cache detector,KV threshold,0.8,3,7.548,10,2,8,,ok
KV threshold 0.8 - repeat 3,KV-cache detector,KV threshold,0.8,3,8.008,10,2,8,,ok
KV threshold 0.8 - repeat 3,KV-cache detector,KV threshold,0.8,3,8.527,11,2,9,,ok
KV threshold 0.8 - repeat 3,KV-cache detector,KV threshold,0.8,3,9.047,12,2,10,,ok
KV threshold 0.8 - repeat 3,KV-cache detector,KV threshold,0.8,3,9.518,12,2,10,,ok
KV threshold 0.8 - repeat 3,KV-cache detector,KV threshold,0.8,3,10.05,13,2,11,,ok
KV threshold 0.8 - repeat 3,KV-cache detector,KV threshold,0.8,3,10.506,14,3,11,,ok
KV threshold 0.8 - repeat 3,KV-cache detector,KV threshold,0.8,3,11.027,15,3,12,,ok
KV threshold 0.8 - repeat 3,KV-cache detector,KV threshold,0.8,3,11.54,15,3,12,,ok
KV threshold 0.8 - repeat 3,KV-cache detector,KV threshold,0.8,3,12.007,16,3,13,,ok
KV threshold 0.8 - repeat 3,KV-cache detector,KV threshold,0.8,3,12.531,16,3,13,,ok
KV threshold 0.8 - repeat 3,KV-cache detector,KV threshold,0.8,3,13.044,18,4,14,,ok
KV threshold 0.8 - repeat 3,KV-cache detector,KV threshold,0.8,3,13.508,18,4,14,,ok
KV threshold 0.8 - repeat 3,KV-cache detector,KV threshold,0.8,3,14.025,19,4,15,,ok
KV threshold 0.8 - repeat 3,KV-cache detector,KV threshold,0.8,3,14.539,19,4,15,,ok
KV threshold 0.8 - repeat 3,KV-cache detector,KV threshold,0.8,3,15.016,20,4,16,,ok
KV threshold 0.8 - repeat 3,KV-cache detector,KV threshold,0.8,3,15.533,21,4,17,,ok
KV threshold 0.8 - repeat 3,KV-cache detector,KV threshold,0.8,3,16.011,24,7,17,,ok
KV threshold 0.8 - repeat 3,KV-cache detector,KV threshold,0.8,3,16.536,25,7,18,,ok
KV threshold 0.8 - repeat 3,KV-cache detector,KV threshold,0.8,3,17.012,25,7,18,,ok
KV threshold 0.8 - repeat 3,KV-cache detector,KV threshold,0.8,3,17.531,26,7,19,,ok
KV threshold 0.8 - repeat 3,KV-cache detector,KV threshold,0.8,3,18.05,26,7,19,,ok
KV threshold 0.8 - repeat 3,KV-cache detector,KV threshold,0.8,3,18.517,27,7,20,,ok
KV threshold 0.8 - repeat 3,KV-cache detector,KV threshold,0.8,3,19.033,28,8,20,,ok
KV threshold 0.8 - repeat 3,KV-cache detector,KV threshold,0.8,3,19.548,29,8,21,,ok
KV threshold 0.8 - repeat 3,KV-cache detector,KV threshold,0.8,3,20.016,29,8,21,,ok
KV threshold 0.8 - repeat 3,KV-cache detector,KV threshold,0.8,3,20.536,30,8,22,,ok
KV threshold 0.8 - repeat 3,KV-cache detector,KV threshold,0.8,3,21.022,30,8,22,,ok
KV threshold 0.8 - repeat 3,KV-cache detector,KV threshold,0.8,3,21.537,31,8,23,,ok
KV threshold 0.8 - repeat 3,KV-cache detector,KV threshold,0.8,3,22.002,31,8,23,,ok
KV threshold 0.8 - repeat 3,KV-cache detector,KV threshold,0.8,3,22.52,34,10,24,,ok
KV threshold 0.8 - repeat 3,KV-cache detector,KV threshold,0.8,3,23.039,36,11,25,,ok
KV threshold 0.8 - repeat 3,KV-cache detector,KV threshold,0.8,3,23.504,36,11,25,,ok
KV threshold 0.8 - repeat 3,KV-cache detector,KV threshold,0.8,3,24.023,37,11,26,,ok
KV threshold 0.8 - repeat 3,KV-cache detector,KV threshold,0.8,3,24.541,37,11,26,,ok
KV threshold 0.8 - repeat 3,KV-cache detector,KV threshold,0.8,3,25.019,38,11,27,,ok
KV threshold 0.8 - repeat 3,KV-cache detector,KV threshold,0.8,3,25.536,38,11,27,,ok
KV threshold 0.8 - repeat 3,KV-cache detector,KV threshold,0.8,3,26.011,39,11,28,,ok
KV threshold 0.8 - repeat 3,KV-cache detector,KV threshold,0.8,3,26.546,39,11,28,,ok
KV threshold 0.8 - repeat 3,KV-cache detector,KV threshold,0.8,3,27.047,40,11,29,,ok
KV threshold 0.8 - repeat 3,KV-cache detector,KV threshold,0.8,3,27.526,41,12,29,,ok
KV threshold 0.8 - repeat 3,KV-cache detector,KV threshold,0.8,3,28.002,42,12,30,,ok
KV threshold 0.8 - repeat 3,KV-cache detector,KV threshold,0.8,3,28.519,42,12,30,,ok
KV threshold 0.8 - repeat 3,KV-cache detector,KV threshold,0.8,3,29.037,43,12,31,,ok
KV threshold 0.8 - repeat 3,KV-cache detector,KV threshold,0.8,3,29.501,43,12,31,,ok
KV threshold 0.8 - repeat 3,KV-cache detector,KV threshold,0.8,3,30.025,44,12,32,,ok
KV threshold 0.8 - repeat 3,KV-cache detector,KV threshold,0.8,3,30.501,44,12,32,,ok
KV threshold 0.8 - repeat 3,KV-cache detector,KV threshold,0.8,3,31.009,48,15,33,,ok
KV threshold 0.8 - repeat 3,KV-cache detector,KV threshold,0.8,3,31.525,49,15,34,,ok
KV threshold 0.8 - repeat 3,KV-cache detector,KV threshold,0.8,3,32.046,49,15,34,,ok
KV threshold 0.8 - repeat 3,KV-cache detector,KV threshold,0.8,3,32.514,50,15,35,,ok
KV threshold 0.8 - repeat 3,KV-cache detector,KV threshold,0.8,3,33.03,51,16,35,,ok
KV threshold 0.8 - repeat 3,KV-cache detector,KV threshold,0.8,3,33.544,52,16,36,,ok
KV threshold 0.8 - repeat 3,KV-cache detector,KV threshold,0.8,3,34.021,52,16,36,,ok
KV threshold 0.8 - repeat 3,KV-cache detector,KV threshold,0.8,3,34.541,53,16,37,,ok
KV threshold 0.8 - repeat 3,KV-cache detector,KV threshold,0.8,3,35.008,53,16,37,,ok
KV threshold 0.8 - repeat 3,KV-cache detector,KV threshold,0.8,3,35.519,54,16,38,,ok
KV threshold 0.8 - repeat 3,KV-cache detector,KV threshold,0.8,3,36.047,54,16,38,,ok
KV threshold 0.8 - repeat 3,KV-cache detector,KV threshold,0.8,3,36.52,55,16,39,,ok
KV threshold 0.8 - repeat 3,KV-cache detector,KV threshold,0.8,3,37.045,55,16,39,,ok
KV threshold 0.8 - repeat 3,KV-cache detector,KV threshold,0.8,3,37.508,56,16,40,,ok
KV threshold 0.8 - repeat 3,KV-cache detector,KV threshold,0.8,3,38.026,57,16,41,,ok
KV threshold 0.8 - repeat 3,KV-cache detector,KV threshold,0.8,3,38.543,59,19,40,,ok
KV threshold 0.8 - repeat 3,KV-cache detector,KV threshold,0.8,3,39.006,61,19,42,,ok
KV threshold 0.8 - repeat 3,KV-cache detector,KV threshold,0.8,3,39.522,61,19,42,,ok
KV threshold 0.8 - repeat 3,KV-cache detector,KV threshold,0.8,3,40.037,62,19,43,,ok
KV threshold 0.8 - repeat 3,KV-cache detector,KV threshold,0.8,3,40.51,62,19,43,,ok
KV threshold 0.8 - repeat 3,KV-cache detector,KV threshold,0.8,3,41.039,63,19,44,,ok
KV threshold 0.8 - repeat 3,KV-cache detector,KV threshold,0.8,3,41.502,63,19,44,,ok
KV threshold 0.8 - repeat 3,KV-cache detector,KV threshold,0.8,3,42.019,64,19,45,,ok
KV threshold 0.8 - repeat 3,KV-cache detector,KV threshold,0.8,3,42.535,65,20,45,,ok
KV threshold 0.8 - repeat 3,KV-cache detector,KV threshold,0.8,3,43.001,66,20,46,,ok
KV threshold 0.8 - repeat 3,KV-cache detector,KV threshold,0.8,3,43.534,66,20,46,,ok
KV threshold 0.8 - repeat 3,KV-cache detector,KV threshold,0.8,3,44.003,67,20,47,,ok
KV threshold 0.8 - repeat 3,KV-cache detector,KV threshold,0.8,3,44.528,67,20,47,,ok
KV threshold 0.8 - repeat 3,KV-cache detector,KV threshold,0.8,3,45.051,68,20,48,,ok
KV threshold 0.8 - repeat 3,KV-cache detector,KV threshold,0.8,3,45.518,68,20,48,,ok
KV threshold 0.8 - repeat 3,KV-cache detector,KV threshold,0.8,3,46.05,69,20,49,,ok
KV threshold 0.8 - repeat 3,KV-cache detector,KV threshold,0.8,3,46.539,70,20,50,,ok
KV threshold 0.8 - repeat 3,KV-cache detector,KV threshold,0.8,3,47.004,70,20,50,,ok
KV threshold 0.8 - repeat 3,KV-cache detector,KV threshold,0.8,3,47.543,72,21,51,,ok
KV threshold 0.8 - repeat 3,KV-cache detector,KV threshold,0.8,3,48.026,75,24,51,,ok
KV threshold 0.8 - repeat 3,KV-cache detector,KV threshold,0.8,3,48.502,77,25,52,,ok
KV threshold 0.8 - repeat 3,KV-cache detector,KV threshold,0.8,3,49.024,78,26,52,,ok
KV threshold 0.8 - repeat 3,KV-cache detector,KV threshold,0.8,3,49.537,80,27,53,,ok
KV threshold 0.8 - repeat 3,KV-cache detector,KV threshold,0.8,3,50.005,80,27,53,,ok
KV threshold 0.8 - repeat 3,KV-cache detector,KV threshold,0.8,3,50.519,82,28,54,,ok
KV threshold 0.8 - repeat 3,KV-cache detector,KV threshold,0.8,3,51.038,83,29,54,,ok
KV threshold 0.8 - repeat 3,KV-cache detector,KV threshold,0.8,3,51.504,85,30,55,,ok
KV threshold 0.8 - repeat 3,KV-cache detector,KV threshold,0.8,3,52.022,85,30,55,,ok
KV threshold 0.8 - repeat 3,KV-cache detector,KV threshold,0.8,3,52.54,87,31,56,,ok
KV threshold 0.8 - repeat 3,KV-cache detector,KV threshold,0.8,3,53.022,88,31,57,,ok
KV threshold 0.8 - repeat 3,KV-cache detector,KV threshold,0.8,3,53.534,88,31,57,,ok
KV threshold 0.8 - repeat 3,KV-cache detector,KV threshold,0.8,3,54.004,89,31,58,,ok
KV threshold 0.8 - repeat 3,KV-cache detector,KV threshold,0.8,3,54.521,89,31,58,,ok
KV threshold 0.8 - repeat 3,KV-cache detector,KV threshold,0.8,3,55.039,91,32,59,,ok
KV threshold 0.8 - repeat 3,KV-cache detector,KV threshold,0.8,3,55.502,91,32,59,,ok
KV threshold 0.8 - repeat 3,KV-cache detector,KV threshold,0.8,3,56.029,93,33,60,,ok
KV threshold 0.8 - repeat 3,KV-cache detector,KV threshold,0.8,3,56.55,94,34,60,,ok
KV threshold 0.8 - repeat 3,KV-cache detector,KV threshold,0.8,3,57.023,96,35,61,,ok
KV threshold 0.8 - repeat 3,KV-cache detector,KV threshold,0.8,3,57.503,96,36,60,,ok
KV threshold 0.8 - repeat 3,KV-cache detector,KV threshold,0.8,3,58.023,98,36,62,,ok
KV threshold 0.8 - repeat 3,KV-cache detector,KV threshold,0.8,3,58.54,99,37,62,,ok
KV threshold 0.8 - repeat 3,KV-cache detector,KV threshold,0.8,3,59.02,101,38,63,,ok
KV threshold 0.8 - repeat 3,KV-cache detector,KV threshold,0.8,3,59.536,102,39,63,,ok
KV threshold 0.8 - repeat 3,KV-cache detector,KV threshold,0.8,3,60.001,103,39,64,,ok
KV threshold 0.8 - repeat 3,KV-cache detector,KV threshold,0.8,3,60.948,104,40,64,,ok
KV threshold 0.8 - repeat 3,KV-cache detector,KV threshold,0.8,3,61.05,106,41,65,,ok
KV threshold 0.8 - repeat 3,KV-cache detector,KV threshold,0.8,3,61.515,107,41,66,,ok
KV threshold 0.8 - repeat 3,KV-cache detector,KV threshold,0.8,3,62.032,108,42,66,,ok
KV threshold 0.8 - repeat 3,KV-cache detector,KV threshold,0.8,3,62.549,110,43,67,,ok
KV threshold 0.8 - repeat 3,KV-cache detector,KV threshold,0.8,3,63.013,110,43,67,,ok
KV threshold 0.8 - repeat 3,KV-cache detector,KV threshold,0.8,3,63.533,111,43,68,,ok
KV threshold 0.8 - repeat 3,KV-cache detector,KV threshold,0.8,3,64.05,111,43,68,,ok
KV threshold 0.8 - repeat 3,KV-cache detector,KV threshold,0.8,3,64.522,112,43,69,,ok
KV threshold 0.8 - repeat 3,KV-cache detector,KV threshold,0.8,3,65.04,112,43,69,,ok
KV threshold 0.8 - repeat 3,KV-cache detector,KV threshold,0.8,3,65.501,113,43,70,,ok
KV threshold 0.8 - repeat 3,KV-cache detector,KV threshold,0.8,3,66.033,113,43,70,,ok
KV threshold 0.8 - repeat 3,KV-cache detector,KV threshold,0.8,3,66.504,114,43,71,,ok
KV threshold 0.8 - repeat 3,KV-cache detector,KV threshold,0.8,3,67.034,115,44,71,,ok
KV threshold 0.8 - repeat 3,KV-cache detector,KV threshold,0.8,3,67.505,116,44,72,,ok
KV threshold 0.8 - repeat 3,KV-cache detector,KV threshold,0.8,3,68.02,117,44,73,,ok
KV threshold 0.8 - repeat 3,KV-cache detector,KV threshold,0.8,3,68.536,117,44,73,,ok
KV threshold 0.8 - repeat 3,KV-cache detector,KV threshold,0.8,3,69.006,118,44,74,,ok
KV threshold 0.8 - repeat 3,KV-cache detector,KV threshold,0.8,3,69.523,118,44,74,,ok
KV threshold 0.8 - repeat 3,KV-cache detector,KV threshold,0.8,3,70.048,119,44,75,,ok
KV threshold 0.8 - repeat 3,KV-cache detector,KV threshold,0.8,3,70.523,119,44,75,,ok
KV threshold 0.8 - repeat 3,KV-cache detector,KV threshold,0.8,3,71.048,120,44,76,,ok
KV threshold 0.8 - repeat 3,KV-cache detector,KV threshold,0.8,3,71.52,120,44,76,,ok
KV threshold 0.8 - repeat 3,KV-cache detector,KV threshold,0.8,3,72.036,121,44,77,,ok
KV threshold 0.8 - repeat 3,KV-cache detector,KV threshold,0.8,3,72.515,122,45,77,,ok
KV threshold 0.8 - repeat 3,KV-cache detector,KV threshold,0.8,3,73.027,123,46,77,,ok
KV threshold 0.8 - repeat 3,KV-cache detector,KV threshold,0.8,3,73.541,124,46,78,,ok
KV threshold 0.8 - repeat 3,KV-cache detector,KV threshold,0.8,3,74.002,126,47,79,,ok
KV threshold 0.8 - repeat 3,KV-cache detector,KV threshold,0.8,3,74.516,127,48,79,,ok
KV threshold 0.8 - repeat 3,KV-cache detector,KV threshold,0.8,3,75.035,129,49,80,,ok
KV threshold 0.8 - repeat 3,KV-cache detector,KV threshold,0.8,3,75.554,130,50,80,,ok
KV threshold 0.8 - repeat 3,KV-cache detector,KV threshold,0.8,3,76.044,131,50,81,,ok
KV threshold 0.8 - repeat 3,KV-cache detector,KV threshold,0.8,3,76.533,133,51,82,,ok
KV threshold 0.8 - repeat 3,KV-cache detector,KV threshold,0.8,3,77.003,134,52,82,,ok
KV threshold 0.8 - repeat 3,KV-cache detector,KV threshold,0.8,3,77.539,136,53,83,,ok
KV threshold 0.8 - repeat 3,KV-cache detector,KV threshold,0.8,3,78.003,136,53,83,,ok
KV threshold 0.8 - repeat 3,KV-cache detector,KV threshold,0.8,3,78.52,138,54,84,,ok
KV threshold 0.8 - repeat 3,KV-cache detector,KV threshold,0.8,3,79.038,139,55,84,,ok
KV threshold 0.8 - repeat 3,KV-cache detector,KV threshold,0.8,3,79.501,140,55,85,,ok
KV threshold 0.8 - repeat 3,KV-cache detector,KV threshold,0.8,3,80.016,141,56,85,,ok
KV threshold 0.8 - repeat 3,KV-cache detector,KV threshold,0.8,3,80.535,142,56,86,,ok
KV threshold 0.8 - repeat 3,KV-cache detector,KV threshold,0.8,3,81.006,142,56,86,,ok
KV threshold 0.8 - repeat 3,KV-cache detector,KV threshold,0.8,3,81.535,143,56,87,,ok
KV threshold 0.8 - repeat 3,KV-cache detector,KV threshold,0.8,3,82.005,143,56,87,,ok
KV threshold 0.8 - repeat 3,KV-cache detector,KV threshold,0.8,3,82.532,145,57,88,,ok
KV threshold 0.8 - repeat 3,KV-cache detector,KV threshold,0.8,3,83.003,146,58,88,,ok
KV threshold 0.8 - repeat 3,KV-cache detector,KV threshold,0.8,3,83.518,148,59,89,,ok
KV threshold 0.8 - repeat 3,KV-cache detector,KV threshold,0.8,3,84.034,149,59,90,,ok
KV threshold 0.8 - repeat 3,KV-cache detector,KV threshold,0.8,3,84.502,150,60,90,,ok
KV threshold 0.8 - repeat 3,KV-cache detector,KV threshold,0.8,3,85.025,152,61,91,,ok
KV threshold 0.8 - repeat 3,KV-cache detector,KV threshold,0.8,3,85.541,153,62,91,,ok
KV threshold 0.8 - repeat 3,KV-cache detector,KV threshold,0.8,3,86.011,154,63,91,,ok
KV threshold 0.8 - repeat 3,KV-cache detector,KV threshold,0.8,3,86.534,155,63,92,,ok
KV threshold 0.8 - repeat 3,KV-cache detector,KV threshold,0.8,3,87.01,157,64,93,,ok
KV threshold 0.8 - repeat 3,KV-cache detector,KV threshold,0.8,3,87.552,158,65,93,,ok
KV threshold 0.8 - repeat 3,KV-cache detector,KV threshold,0.8,3,88.02,159,66,93,,ok
KV threshold 0.8 - repeat 3,KV-cache detector,KV threshold,0.8,3,88.534,160,66,94,,ok
KV threshold 0.8 - repeat 3,KV-cache detector,KV threshold,0.8,3,89.05,162,67,95,,ok
KV threshold 0.8 - repeat 3,KV-cache detector,KV threshold,0.8,3,89.531,163,68,95,,ok
KV threshold 0.8 - repeat 3,KV-cache detector,KV threshold,0.8,3,90.731,164,69,95,,ok
KV threshold 0.8 - repeat 3,KV-cache detector,KV threshold,0.8,3,91.042,165,69,96,,ok
KV threshold 0.8 - repeat 3,KV-cache detector,KV threshold,0.8,3,91.507,165,69,96,,ok
KV threshold 0.8 - repeat 3,KV-cache detector,KV threshold,0.8,3,92.025,166,70,96,,ok
KV threshold 0.8 - repeat 3,KV-cache detector,KV threshold,0.8,3,92.502,166,70,96,,ok
KV threshold 0.8 - repeat 3,KV-cache detector,KV threshold,0.8,3,93.019,166,70,96,,ok
KV threshold 0.8 - repeat 3,KV-cache detector,KV threshold,0.8,3,93.536,166,70,96,,ok
KV threshold 0.8 - repeat 3,KV-cache detector,KV threshold,0.8,3,94.0,166,70,96,,ok
KV threshold 0.8 - repeat 3,KV-cache detector,KV threshold,0.8,3,94.521,166,70,96,,ok
KV threshold 0.8 - repeat 3,KV-cache detector,KV threshold,0.8,3,95.037,167,71,96,,ok
KV threshold 0.8 - repeat 3,KV-cache detector,KV threshold,0.8,3,95.503,168,72,96,,ok
KV threshold 0.8 - repeat 3,KV-cache detector,KV threshold,0.8,3,96.052,169,73,96,,ok
KV threshold 0.8 - repeat 3,KV-cache detector,KV threshold,0.8,3,96.527,169,73,96,,ok
KV threshold 0.8 - repeat 3,KV-cache detector,KV threshold,0.8,3,97.0,170,74,96,,ok
KV threshold 0.8 - repeat 3,KV-cache detector,KV threshold,0.8,3,97.502,171,75,96,,ok
KV threshold 0.8 - repeat 3,KV-cache detector,KV threshold,0.8,3,98.05,172,76,96,,ok
KV threshold 0.8 - repeat 3,KV-cache detector,KV threshold,0.8,3,98.523,172,76,96,,ok
KV threshold 0.8 - repeat 3,KV-cache detector,KV threshold,0.8,3,99.034,173,77,96,,ok
KV threshold 0.8 - repeat 3,KV-cache detector,KV threshold,0.8,3,99.55,174,78,96,,ok
KV threshold 0.8 - repeat 3,KV-cache detector,KV threshold,0.8,3,100.016,175,79,96,,ok
KV threshold 0.8 - repeat 3,KV-cache detector,KV threshold,0.8,3,100.532,175,79,96,,ok
KV threshold 0.8 - repeat 3,KV-cache detector,KV threshold,0.8,3,101.05,176,80,96,,ok
KV threshold 0.8 - repeat 3,KV-cache detector,KV threshold,0.8,3,101.516,177,81,96,,ok
KV threshold 0.8 - repeat 3,KV-cache detector,KV threshold,0.8,3,102.034,178,82,96,,ok
KV threshold 0.8 - repeat 3,KV-cache detector,KV threshold,0.8,3,102.502,179,83,96,,ok
KV threshold 0.8 - repeat 3,KV-cache detector,KV threshold,0.8,3,103.026,179,83,96,,ok
KV threshold 0.8 - repeat 3,KV-cache detector,KV threshold,0.8,3,103.5,180,84,96,,ok
KV threshold 0.8 - repeat 3,KV-cache detector,KV threshold,0.8,3,104.015,181,85,96,,ok
KV threshold 0.8 - repeat 3,KV-cache detector,KV threshold,0.8,3,104.534,182,86,96,,ok
KV threshold 0.8 - repeat 3,KV-cache detector,KV threshold,0.8,3,105.048,182,87,95,,ok
KV threshold 0.8 - repeat 3,KV-cache detector,KV threshold,0.8,3,105.51,183,87,96,,ok
KV threshold 0.8 - repeat 3,KV-cache detector,KV threshold,0.8,3,106.05,184,88,96,,ok
KV threshold 0.8 - repeat 3,KV-cache detector,KV threshold,0.8,3,106.526,185,89,96,,ok
KV threshold 0.8 - repeat 3,KV-cache detector,KV threshold,0.8,3,107.05,185,89,96,,ok
KV threshold 0.8 - repeat 3,KV-cache detector,KV threshold,0.8,3,107.532,189,93,96,,ok
KV threshold 0.8 - repeat 3,KV-cache detector,KV threshold,0.8,3,108.043,192,96,96,,ok
KV threshold 0.8 - repeat 3,KV-cache detector,KV threshold,0.8,3,108.502,193,98,95,,ok
KV threshold 0.8 - repeat 3,KV-cache detector,KV threshold,0.8,3,109.017,196,100,96,,ok
KV threshold 0.8 - repeat 3,KV-cache detector,KV threshold,0.8,3,109.532,197,101,96,,ok
KV threshold 0.8 - repeat 3,KV-cache detector,KV threshold,0.8,3,110.007,198,102,96,,ok
KV threshold 0.8 - repeat 3,KV-cache detector,KV threshold,0.8,3,110.526,198,102,96,,ok
KV threshold 0.8 - repeat 3,KV-cache detector,KV threshold,0.8,3,111.048,199,103,96,,ok
KV threshold 0.8 - repeat 3,KV-cache detector,KV threshold,0.8,3,111.514,200,104,96,,ok
KV threshold 0.8 - repeat 3,KV-cache detector,KV threshold,0.8,3,112.028,201,105,96,,ok
KV threshold 0.8 - repeat 3,KV-cache detector,KV threshold,0.8,3,112.545,202,106,96,,ok
KV threshold 0.8 - repeat 3,KV-cache detector,KV threshold,0.8,3,113.012,202,106,96,,ok
KV threshold 0.8 - repeat 3,KV-cache detector,KV threshold,0.8,3,113.527,203,107,96,,ok
KV threshold 0.8 - repeat 3,KV-cache detector,KV threshold,0.8,3,114.045,204,108,96,,ok
KV threshold 0.8 - repeat 3,KV-cache detector,KV threshold,0.8,3,114.511,204,109,95,,ok
KV threshold 0.8 - repeat 3,KV-cache detector,KV threshold,0.8,3,115.026,205,109,96,,ok
KV threshold 0.8 - repeat 3,KV-cache detector,KV threshold,0.8,3,115.543,206,110,96,,ok
KV threshold 0.8 - repeat 3,KV-cache detector,KV threshold,0.8,3,116.023,207,111,96,,ok
KV threshold 0.8 - repeat 3,KV-cache detector,KV threshold,0.8,3,116.512,208,112,96,,ok
KV threshold 0.8 - repeat 3,KV-cache detector,KV threshold,0.8,3,117.0,208,112,96,,ok
KV threshold 0.8 - repeat 3,KV-cache detector,KV threshold,0.8,3,117.542,209,113,96,,ok
KV threshold 0.8 - repeat 3,KV-cache detector,KV threshold,0.8,3,118.025,210,114,96,,ok
KV threshold 0.8 - repeat 3,KV-cache detector,KV threshold,0.8,3,118.544,211,115,96,,ok
KV threshold 0.8 - repeat 3,KV-cache detector,KV threshold,0.8,3,119.009,211,115,96,,ok
KV threshold 0.8 - repeat 3,KV-cache detector,KV threshold,0.8,3,119.529,212,116,96,,ok
KV threshold 0.8 - repeat 3,KV-cache detector,KV threshold,0.8,3,120.043,213,117,96,,ok
KV threshold 0.8 - repeat 3,KV-cache detector,KV threshold,0.8,3,120.505,214,118,96,,ok
KV threshold 0.8 - repeat 3,KV-cache detector,KV threshold,0.8,3,121.874,214,120,94,,ok
KV threshold 0.8 - repeat 3,KV-cache detector,KV threshold,0.8,3,122.03,216,120,96,,ok
KV threshold 0.8 - repeat 3,KV-cache detector,KV threshold,0.8,3,122.548,217,121,96,,ok
KV threshold 0.8 - repeat 3,KV-cache detector,KV threshold,0.8,3,123.014,218,122,96,,ok
KV threshold 0.8 - repeat 3,KV-cache detector,KV threshold,0.8,3,123.531,218,123,95,,ok
KV threshold 0.8 - repeat 3,KV-cache detector,KV threshold,0.8,3,124.05,219,123,96,,ok
KV threshold 0.8 - repeat 3,KV-cache detector,KV threshold,0.8,3,124.521,220,124,96,,ok
KV threshold 0.8 - repeat 3,KV-cache detector,KV threshold,0.8,3,125.039,221,125,96,,ok
KV threshold 0.8 - repeat 3,KV-cache detector,KV threshold,0.8,3,125.513,221,126,95,,ok
KV threshold 0.8 - repeat 3,KV-cache detector,KV threshold,0.8,3,126.047,222,126,96,,ok
KV threshold 0.8 - repeat 3,KV-cache detector,KV threshold,0.8,3,126.527,223,127,96,,ok
KV threshold 0.8 - repeat 3,KV-cache detector,KV threshold,0.8,3,127.048,224,128,96,,ok
KV threshold 0.8 - repeat 3,KV-cache detector,KV threshold,0.8,3,127.52,225,129,96,,ok
KV threshold 0.8 - repeat 3,KV-cache detector,KV threshold,0.8,3,128.005,225,129,96,,ok
KV threshold 0.8 - repeat 3,KV-cache detector,KV threshold,0.8,3,128.521,226,130,96,,ok
KV threshold 0.8 - repeat 3,KV-cache detector,KV threshold,0.8,3,129.05,227,131,96,,ok
KV threshold 0.8 - repeat 3,KV-cache detector,KV threshold,0.8,3,129.515,228,132,96,,ok
KV threshold 0.8 - repeat 3,KV-cache detector,KV threshold,0.8,3,130.044,228,132,96,,ok
KV threshold 0.8 - repeat 3,KV-cache detector,KV threshold,0.8,3,130.511,229,133,96,,ok
KV threshold 0.8 - repeat 3,KV-cache detector,KV threshold,0.8,3,131.026,230,134,96,,ok
KV threshold 0.8 - repeat 3,KV-cache detector,KV threshold,0.8,3,131.504,231,135,96,,ok
KV threshold 0.8 - repeat 3,KV-cache detector,KV threshold,0.8,3,132.025,232,136,96,,ok
KV threshold 0.8 - repeat 3,KV-cache detector,KV threshold,0.8,3,132.542,232,136,96,,ok
KV threshold 0.8 - repeat 3,KV-cache detector,KV threshold,0.8,3,133.006,233,137,96,,ok
KV threshold 0.8 - repeat 3,KV-cache detector,KV threshold,0.8,3,133.522,234,138,96,,ok
KV threshold 0.8 - repeat 3,KV-cache detector,KV threshold,0.8,3,134.04,235,139,96,,ok
KV threshold 0.8 - repeat 3,KV-cache detector,KV threshold,0.8,3,134.503,235,139,96,,ok
KV threshold 0.8 - repeat 3,KV-cache detector,KV threshold,0.8,3,135.022,236,140,96,,ok
KV threshold 0.8 - repeat 3,KV-cache detector,KV threshold,0.8,3,135.539,237,141,96,,ok
KV threshold 0.8 - repeat 3,KV-cache detector,KV threshold,0.8,3,136.038,238,142,96,,ok
KV threshold 0.8 - repeat 3,KV-cache detector,KV threshold,0.8,3,136.507,238,142,96,,ok
KV threshold 0.8 - repeat 3,KV-cache detector,KV threshold,0.8,3,137.039,239,143,96,,ok
KV threshold 0.8 - repeat 3,KV-cache detector,KV threshold,0.8,3,137.534,240,144,96,,ok
KV threshold 0.8 - repeat 3,KV-cache detector,KV threshold,0.8,3,138.007,241,145,96,,ok
KV threshold 0.8 - repeat 3,KV-cache detector,KV threshold,0.8,3,138.527,242,146,96,,ok
KV threshold 0.8 - repeat 3,KV-cache detector,KV threshold,0.8,3,139.049,242,146,96,,ok
KV threshold 0.8 - repeat 3,KV-cache detector,KV threshold,0.8,3,139.515,243,147,96,,ok
KV threshold 0.8 - repeat 3,KV-cache detector,KV threshold,0.8,3,140.03,244,148,96,,ok
KV threshold 0.8 - repeat 3,KV-cache detector,KV threshold,0.8,3,140.545,245,149,96,,ok
KV threshold 0.8 - repeat 3,KV-cache detector,KV threshold,0.8,3,141.015,245,149,96,,ok
KV threshold 0.8 - repeat 3,KV-cache detector,KV threshold,0.8,3,141.541,246,150,96,,ok
KV threshold 0.8 - repeat 3,KV-cache detector,KV threshold,0.8,3,142.004,247,151,96,,ok
KV threshold 0.8 - repeat 3,KV-cache detector,KV threshold,0.8,3,142.521,248,152,96,,ok
KV threshold 0.8 - repeat 3,KV-cache detector,KV threshold,0.8,3,143.04,249,153,96,,ok
KV threshold 0.8 - repeat 3,KV-cache detector,KV threshold,0.8,3,143.511,249,153,96,,ok
KV threshold 0.8 - repeat 3,KV-cache detector,KV threshold,0.8,3,144.025,250,154,96,,ok
KV threshold 0.8 - repeat 3,KV-cache detector,KV threshold,0.8,3,144.505,251,155,96,,ok
KV threshold 0.8 - repeat 3,KV-cache detector,KV threshold,0.8,3,145.018,252,156,96,,ok
KV threshold 0.8 - repeat 3,KV-cache detector,KV threshold,0.8,3,145.534,252,156,96,,ok
KV threshold 0.8 - repeat 3,KV-cache detector,KV threshold,0.8,3,146.004,253,157,96,,ok
KV threshold 0.8 - repeat 3,KV-cache detector,KV threshold,0.8,3,146.521,254,158,96,,ok
KV threshold 0.8 - repeat 3,KV-cache detector,KV threshold,0.8,3,147.039,255,159,96,,ok
KV threshold 0.8 - repeat 3,KV-cache detector,KV threshold,0.8,3,147.549,255,160,95,,ok
KV threshold 0.8 - repeat 3,KV-cache detector,KV threshold,0.8,3,148.013,256,160,96,,ok
KV threshold 0.8 - repeat 3,KV-cache detector,KV threshold,0.8,3,148.533,257,161,96,,ok
KV threshold 0.8 - repeat 3,KV-cache detector,KV threshold,0.8,3,149.052,258,162,96,,ok
KV threshold 0.8 - repeat 3,KV-cache detector,KV threshold,0.8,3,149.515,258,162,96,,ok
KV threshold 0.8 - repeat 3,KV-cache detector,KV threshold,0.8,3,150.045,258,162,96,,ok
KV threshold 0.8 - repeat 3,KV-cache detector,KV threshold,0.8,3,150.534,258,162,96,,ok
KV threshold 0.8 - repeat 3,KV-cache detector,KV threshold,0.8,3,152.258,258,162,96,,ok
KV threshold 0.8 - repeat 3,KV-cache detector,KV threshold,0.8,3,152.516,258,162,96,,ok
KV threshold 0.8 - repeat 3,KV-cache detector,KV threshold,0.8,3,153.048,258,162,96,,ok
KV threshold 0.8 - repeat 3,KV-cache detector,KV threshold,0.8,3,153.514,258,162,96,,ok
KV threshold 0.8 - repeat 3,KV-cache detector,KV threshold,0.8,3,154.044,258,163,95,,ok
KV threshold 0.8 - repeat 3,KV-cache detector,KV threshold,0.8,3,154.523,259,163,96,,ok
KV threshold 0.8 - repeat 3,KV-cache detector,KV threshold,0.8,3,155.04,259,163,96,,ok
KV threshold 0.8 - repeat 3,KV-cache detector,KV threshold,0.8,3,155.505,259,163,96,,ok
KV threshold 0.8 - repeat 3,KV-cache detector,KV threshold,0.8,3,156.003,259,163,96,,ok
KV threshold 0.8 - repeat 3,KV-cache detector,KV threshold,0.8,3,156.536,260,164,96,,ok
KV threshold 0.8 - repeat 3,KV-cache detector,KV threshold,0.8,3,157.004,261,165,96,,ok
KV threshold 0.8 - repeat 3,KV-cache detector,KV threshold,0.8,3,157.533,262,166,96,,ok
KV threshold 0.8 - repeat 3,KV-cache detector,KV threshold,0.8,3,158.002,262,166,96,,ok
KV threshold 0.8 - repeat 3,KV-cache detector,KV threshold,0.8,3,158.518,263,167,96,,ok
KV threshold 0.8 - repeat 3,KV-cache detector,KV threshold,0.8,3,159.034,264,168,96,,ok
KV threshold 0.8 - repeat 3,KV-cache detector,KV threshold,0.8,3,159.513,264,168,96,,ok
KV threshold 0.8 - repeat 3,KV-cache detector,KV threshold,0.8,3,160.028,265,169,96,,ok
KV threshold 0.8 - repeat 3,KV-cache detector,KV threshold,0.8,3,160.543,266,170,96,,ok
KV threshold 0.8 - repeat 3,KV-cache detector,KV threshold,0.8,3,161.006,267,171,96,,ok
KV threshold 0.8 - repeat 3,KV-cache detector,KV threshold,0.8,3,161.523,268,172,96,,ok
KV threshold 0.8 - repeat 3,KV-cache detector,KV threshold,0.8,3,162.012,268,172,96,,ok
KV threshold 0.8 - repeat 3,KV-cache detector,KV threshold,0.8,3,162.525,269,173,96,,ok
KV threshold 0.8 - repeat 3,KV-cache detector,KV threshold,0.8,3,163.013,270,174,96,,ok
KV threshold 0.8 - repeat 3,KV-cache detector,KV threshold,0.8,3,163.539,271,175,96,,ok
KV threshold 0.8 - repeat 3,KV-cache detector,KV threshold,0.8,3,164.004,271,176,95,,ok
KV threshold 0.8 - repeat 3,KV-cache detector,KV threshold,0.8,3,164.532,272,176,96,,ok
KV threshold 0.8 - repeat 3,KV-cache detector,KV threshold,0.8,3,165.001,273,177,96,,ok
KV threshold 0.8 - repeat 3,KV-cache detector,KV threshold,0.8,3,165.526,274,178,96,,ok
KV threshold 0.8 - repeat 3,KV-cache detector,KV threshold,0.8,3,166.026,274,179,95,,ok
KV threshold 0.8 - repeat 3,KV-cache detector,KV threshold,0.8,3,166.5,275,179,96,,ok
KV threshold 0.8 - repeat 3,KV-cache detector,KV threshold,0.8,3,167.027,276,180,96,,ok
KV threshold 0.8 - repeat 3,KV-cache detector,KV threshold,0.8,3,167.51,277,181,96,,ok
KV threshold 0.8 - repeat 3,KV-cache detector,KV threshold,0.8,3,168.039,277,181,96,,ok
KV threshold 0.8 - repeat 3,KV-cache detector,KV threshold,0.8,3,168.502,278,182,96,,ok
KV threshold 0.8 - repeat 3,KV-cache detector,KV threshold,0.8,3,169.03,279,183,96,,ok
KV threshold 0.8 - repeat 3,KV-cache detector,KV threshold,0.8,3,169.5,280,184,96,,ok
KV threshold 0.8 - repeat 3,KV-cache detector,KV threshold,0.8,3,170.018,281,185,96,,ok
KV threshold 0.8 - repeat 3,KV-cache detector,KV threshold,0.8,3,170.536,282,186,96,,ok
KV threshold 0.8 - repeat 3,KV-cache detector,KV threshold,0.8,3,171.044,287,191,96,,ok
KV threshold 0.8 - repeat 3,KV-cache detector,KV threshold,0.8,3,171.509,289,193,96,,ok
KV threshold 0.8 - repeat 3,KV-cache detector,KV threshold,0.8,3,172.026,290,194,96,,ok
KV threshold 0.8 - repeat 3,KV-cache detector,KV threshold,0.8,3,172.505,291,195,96,,ok
KV threshold 0.8 - repeat 3,KV-cache detector,KV threshold,0.8,3,173.036,292,196,96,,ok
KV threshold 0.8 - repeat 3,KV-cache detector,KV threshold,0.8,3,173.501,292,197,95,,ok
KV threshold 0.8 - repeat 3,KV-cache detector,KV threshold,0.8,3,174.016,293,197,96,,ok
KV threshold 0.8 - repeat 3,KV-cache detector,KV threshold,0.8,3,174.535,294,198,96,,ok
KV threshold 0.8 - repeat 3,KV-cache detector,KV threshold,0.8,3,175.051,295,199,96,,ok
KV threshold 0.8 - repeat 3,KV-cache detector,KV threshold,0.8,3,175.521,295,200,95,,ok
KV threshold 0.8 - repeat 3,KV-cache detector,KV threshold,0.8,3,176.01,296,200,96,,ok
KV threshold 0.8 - repeat 3,KV-cache detector,KV threshold,0.8,3,176.515,297,201,96,,ok
KV threshold 0.8 - repeat 3,KV-cache detector,KV threshold,0.8,3,177.034,298,202,96,,ok
KV threshold 0.8 - repeat 3,KV-cache detector,KV threshold,0.8,3,177.506,298,202,96,,ok
KV threshold 0.8 - repeat 3,KV-cache detector,KV threshold,0.8,3,178.03,299,203,96,,ok
KV threshold 0.8 - repeat 3,KV-cache detector,KV threshold,0.8,3,178.547,300,204,96,,ok
KV threshold 0.8 - repeat 3,KV-cache detector,KV threshold,0.8,3,179.01,301,205,96,,ok
KV threshold 0.8 - repeat 3,KV-cache detector,KV threshold,0.8,3,179.53,302,206,96,,ok
KV threshold 0.9 - repeat 1,KV-cache detector,KV threshold,0.9,1,0.0,0,0,0,,ok
KV threshold 0.9 - repeat 1,KV-cache detector,KV threshold,0.9,1,0.519,0,0,0,,ok
KV threshold 0.9 - repeat 1,KV-cache detector,KV threshold,0.9,1,1.003,1,0,1,,ok
KV threshold 0.9 - repeat 1,KV-cache detector,KV threshold,0.9,1,1.513,2,0,2,,ok
KV threshold 0.9 - repeat 1,KV-cache detector,KV threshold,0.9,1,2.02,2,0,2,,ok
KV threshold 0.9 - repeat 1,KV-cache detector,KV threshold,0.9,1,2.528,3,0,3,,ok
KV threshold 0.9 - repeat 1,KV-cache detector,KV threshold,0.9,1,3.036,3,0,3,,ok
KV threshold 0.9 - repeat 1,KV-cache detector,KV threshold,0.9,1,3.505,4,0,4,,ok
KV threshold 0.9 - repeat 1,KV-cache detector,KV threshold,0.9,1,4.011,4,0,4,,ok
KV threshold 0.9 - repeat 1,KV-cache detector,KV threshold,0.9,1,4.517,5,1,4,,ok
KV threshold 0.9 - repeat 1,KV-cache detector,KV threshold,0.9,1,5.039,6,1,5,,ok
KV threshold 0.9 - repeat 1,KV-cache detector,KV threshold,0.9,1,5.501,7,1,6,,ok
KV threshold 0.9 - repeat 1,KV-cache detector,KV threshold,0.9,1,6.028,7,1,6,,ok
KV threshold 0.9 - repeat 1,KV-cache detector,KV threshold,0.9,1,6.541,8,1,7,,ok
KV threshold 0.9 - repeat 1,KV-cache detector,KV threshold,0.9,1,7.016,9,2,7,,ok
KV threshold 0.9 - repeat 1,KV-cache detector,KV threshold,0.9,1,7.525,10,2,8,,ok
KV threshold 0.9 - repeat 1,KV-cache detector,KV threshold,0.9,1,8.035,11,2,9,,ok
KV threshold 0.9 - repeat 1,KV-cache detector,KV threshold,0.9,1,8.526,11,2,9,,ok
KV threshold 0.9 - repeat 1,KV-cache detector,KV threshold,0.9,1,9.003,12,2,10,,ok
KV threshold 0.9 - repeat 1,KV-cache detector,KV threshold,0.9,1,9.546,12,2,10,,ok
KV threshold 0.9 - repeat 1,KV-cache detector,KV threshold,0.9,1,10.036,13,2,11,,ok
KV threshold 0.9 - repeat 1,KV-cache detector,KV threshold,0.9,1,10.516,14,3,11,,ok
KV threshold 0.9 - repeat 1,KV-cache detector,KV threshold,0.9,1,11.032,15,3,12,,ok
KV threshold 0.9 - repeat 1,KV-cache detector,KV threshold,0.9,1,11.542,15,3,12,,ok
KV threshold 0.9 - repeat 1,KV-cache detector,KV threshold,0.9,1,12.001,16,3,13,,ok
KV threshold 0.9 - repeat 1,KV-cache detector,KV threshold,0.9,1,12.517,17,4,13,,ok
KV threshold 0.9 - repeat 1,KV-cache detector,KV threshold,0.9,1,13.026,18,4,14,,ok
KV threshold 0.9 - repeat 1,KV-cache detector,KV threshold,0.9,1,13.505,18,4,14,,ok
KV threshold 0.9 - repeat 1,KV-cache detector,KV threshold,0.9,1,14.015,19,4,15,,ok
KV threshold 0.9 - repeat 1,KV-cache detector,KV threshold,0.9,1,14.525,19,4,15,,ok
KV threshold 0.9 - repeat 1,KV-cache detector,KV threshold,0.9,1,15.003,20,4,16,,ok
KV threshold 0.9 - repeat 1,KV-cache detector,KV threshold,0.9,1,15.508,21,5,16,,ok
KV threshold 0.9 - repeat 1,KV-cache detector,KV threshold,0.9,1,16.018,23,6,17,,ok
KV threshold 0.9 - repeat 1,KV-cache detector,KV threshold,0.9,1,16.528,24,7,17,,ok
KV threshold 0.9 - repeat 1,KV-cache detector,KV threshold,0.9,1,17.036,25,7,18,,ok
KV threshold 0.9 - repeat 1,KV-cache detector,KV threshold,0.9,1,17.502,26,7,19,,ok
KV threshold 0.9 - repeat 1,KV-cache detector,KV threshold,0.9,1,18.013,26,7,19,,ok
KV threshold 0.9 - repeat 1,KV-cache detector,KV threshold,0.9,1,18.544,27,7,20,,ok
KV threshold 0.9 - repeat 1,KV-cache detector,KV threshold,0.9,1,19.01,27,7,20,,ok
KV threshold 0.9 - repeat 1,KV-cache detector,KV threshold,0.9,1,19.527,28,7,21,,ok
KV threshold 0.9 - repeat 1,KV-cache detector,KV threshold,0.9,1,20.05,28,7,21,,ok
KV threshold 0.9 - repeat 1,KV-cache detector,KV threshold,0.9,1,20.523,29,8,21,,ok
KV threshold 0.9 - repeat 1,KV-cache detector,KV threshold,0.9,1,21.032,32,10,22,,ok
KV threshold 0.9 - repeat 1,KV-cache detector,KV threshold,0.9,1,21.506,33,10,23,,ok
KV threshold 0.9 - repeat 1,KV-cache detector,KV threshold,0.9,1,22.015,33,10,23,,ok
KV threshold 0.9 - repeat 1,KV-cache detector,KV threshold,0.9,1,22.526,34,10,24,,ok
KV threshold 0.9 - repeat 1,KV-cache detector,KV threshold,0.9,1,23.035,36,11,25,,ok
KV threshold 0.9 - repeat 1,KV-cache detector,KV threshold,0.9,1,23.545,36,11,25,,ok
KV threshold 0.9 - repeat 1,KV-cache detector,KV threshold,0.9,1,24.004,37,11,26,,ok
KV threshold 0.9 - repeat 1,KV-cache detector,KV threshold,0.9,1,24.525,37,11,26,,ok
KV threshold 0.9 - repeat 1,KV-cache detector,KV threshold,0.9,1,25.035,38,11,27,,ok
KV threshold 0.9 - repeat 1,KV-cache detector,KV threshold,0.9,1,25.546,38,11,27,,ok
KV threshold 0.9 - repeat 1,KV-cache detector,KV threshold,0.9,1,26.021,39,11,28,,ok
KV threshold 0.9 - repeat 1,KV-cache detector,KV threshold,0.9,1,26.529,39,11,28,,ok
KV threshold 0.9 - repeat 1,KV-cache detector,KV threshold,0.9,1,27.039,40,11,29,,ok
KV threshold 0.9 - repeat 1,KV-cache detector,KV threshold,0.9,1,27.548,40,11,29,,ok
KV threshold 0.9 - repeat 1,KV-cache detector,KV threshold,0.9,1,28.007,41,11,30,,ok
KV threshold 0.9 - repeat 1,KV-cache detector,KV threshold,0.9,1,28.503,41,11,30,,ok
KV threshold 0.9 - repeat 1,KV-cache detector,KV threshold,0.9,1,29.028,43,12,31,,ok
KV threshold 0.9 - repeat 1,KV-cache detector,KV threshold,0.9,1,29.545,43,12,31,,ok
KV threshold 0.9 - repeat 1,KV-cache detector,KV threshold,0.9,1,30.019,44,12,32,,ok
KV threshold 0.9 - repeat 1,KV-cache detector,KV threshold,0.9,1,30.59,44,12,32,,ok
KV threshold 0.9 - repeat 1,KV-cache detector,KV threshold,0.9,1,31.049,45,12,33,,ok
KV threshold 0.9 - repeat 1,KV-cache detector,KV threshold,0.9,1,31.508,46,12,34,,ok
KV threshold 0.9 - repeat 1,KV-cache detector,KV threshold,0.9,1,32.016,46,12,34,,ok
KV threshold 0.9 - repeat 1,KV-cache detector,KV threshold,0.9,1,32.527,47,13,34,,ok
KV threshold 0.9 - repeat 1,KV-cache detector,KV threshold,0.9,1,33.034,50,15,35,,ok
KV threshold 0.9 - repeat 1,KV-cache detector,KV threshold,0.9,1,33.544,51,15,36,,ok
KV threshold 0.9 - repeat 1,KV-cache detector,KV threshold,0.9,1,34.001,51,15,36,,ok
KV threshold 0.9 - repeat 1,KV-cache detector,KV threshold,0.9,1,34.51,52,15,37,,ok
KV threshold 0.9 - repeat 1,KV-cache detector,KV threshold,0.9,1,35.031,53,16,37,,ok
KV threshold 0.9 - repeat 1,KV-cache detector,KV threshold,0.9,1,35.547,55,17,38,,ok
KV threshold 0.9 - repeat 1,KV-cache detector,KV threshold,0.9,1,36.008,55,18,37,,ok
KV threshold 0.9 - repeat 1,KV-cache detector,KV threshold,0.9,1,36.519,57,18,39,,ok
KV threshold 0.9 - repeat 1,KV-cache detector,KV threshold,0.9,1,37.03,57,18,39,,ok
KV threshold 0.9 - repeat 1,KV-cache detector,KV threshold,0.9,1,37.539,59,19,40,,ok
KV threshold 0.9 - repeat 1,KV-cache detector,KV threshold,0.9,1,38.019,60,19,41,,ok
KV threshold 0.9 - repeat 1,KV-cache detector,KV threshold,0.9,1,38.55,60,19,41,,ok
KV threshold 0.9 - repeat 1,KV-cache detector,KV threshold,0.9,1,39.047,61,19,42,,ok
KV threshold 0.9 - repeat 1,KV-cache detector,KV threshold,0.9,1,39.54,61,19,42,,ok
KV threshold 0.9 - repeat 1,KV-cache detector,KV threshold,0.9,1,40.043,62,19,43,,ok
KV threshold 0.9 - repeat 1,KV-cache detector,KV threshold,0.9,1,40.533,62,19,43,,ok
KV threshold 0.9 - repeat 1,KV-cache detector,KV threshold,0.9,1,41.002,63,19,44,,ok
KV threshold 0.9 - repeat 1,KV-cache detector,KV threshold,0.9,1,41.522,63,19,44,,ok
KV threshold 0.9 - repeat 1,KV-cache detector,KV threshold,0.9,1,42.03,64,19,45,,ok
KV threshold 0.9 - repeat 1,KV-cache detector,KV threshold,0.9,1,42.505,64,19,45,,ok
KV threshold 0.9 - repeat 1,KV-cache detector,KV threshold,0.9,1,43.014,65,19,46,,ok
KV threshold 0.9 - repeat 1,KV-cache detector,KV threshold,0.9,1,43.532,65,19,46,,ok
KV threshold 0.9 - repeat 1,KV-cache detector,KV threshold,0.9,1,44.042,66,19,47,,ok
KV threshold 0.9 - repeat 1,KV-cache detector,KV threshold,0.9,1,44.514,66,19,47,,ok
KV threshold 0.9 - repeat 1,KV-cache detector,KV threshold,0.9,1,45.024,67,19,48,,ok
KV threshold 0.9 - repeat 1,KV-cache detector,KV threshold,0.9,1,45.539,68,19,49,,ok
KV threshold 0.9 - repeat 1,KV-cache detector,KV threshold,0.9,1,46.018,69,20,49,,ok
KV threshold 0.9 - repeat 1,KV-cache detector,KV threshold,0.9,1,46.532,71,21,50,,ok
KV threshold 0.9 - repeat 1,KV-cache detector,KV threshold,0.9,1,47.042,72,22,50,,ok
KV threshold 0.9 - repeat 1,KV-cache detector,KV threshold,0.9,1,47.501,74,23,51,,ok
KV threshold 0.9 - repeat 1,KV-cache detector,KV threshold,0.9,1,48.011,75,24,51,,ok
KV threshold 0.9 - repeat 1,KV-cache detector,KV threshold,0.9,1,48.539,77,25,52,,ok
KV threshold 0.9 - repeat 1,KV-cache detector,KV threshold,0.9,1,49.021,77,25,52,,ok
KV threshold 0.9 - repeat 1,KV-cache detector,KV threshold,0.9,1,49.54,79,26,53,,ok
KV threshold 0.9 - repeat 1,KV-cache detector,KV threshold,0.9,1,50.029,80,27,53,,ok
KV threshold 0.9 - repeat 1,KV-cache detector,KV threshold,0.9,1,50.509,81,27,54,,ok
KV threshold 0.9 - repeat 1,KV-cache detector,KV threshold,0.9,1,51.026,82,28,54,,ok
KV threshold 0.9 - repeat 1,KV-cache detector,KV threshold,0.9,1,51.54,83,28,55,,ok
KV threshold 0.9 - repeat 1,KV-cache detector,KV threshold,0.9,1,52.012,83,28,55,,ok
KV threshold 0.9 - repeat 1,KV-cache detector,KV threshold,0.9,1,52.535,84,28,56,,ok
KV threshold 0.9 - repeat 1,KV-cache detector,KV threshold,0.9,1,53.043,85,28,57,,ok
KV threshold 0.9 - repeat 1,KV-cache detector,KV threshold,0.9,1,53.504,85,28,57,,ok
KV threshold 0.9 - repeat 1,KV-cache detector,KV threshold,0.9,1,54.012,86,28,58,,ok
KV threshold 0.9 - repeat 1,KV-cache detector,KV threshold,0.9,1,54.525,86,28,58,,ok
KV threshold 0.9 - repeat 1,KV-cache detector,KV threshold,0.9,1,55.041,87,28,59,,ok
KV threshold 0.9 - repeat 1,KV-cache detector,KV threshold,0.9,1,55.517,88,29,59,,ok
KV threshold 0.9 - repeat 1,KV-cache detector,KV threshold,0.9,1,56.017,89,29,60,,ok
KV threshold 0.9 - repeat 1,KV-cache detector,KV threshold,0.9,1,56.527,90,30,60,,ok
KV threshold 0.9 - repeat 1,KV-cache detector,KV threshold,0.9,1,57.012,92,31,61,,ok
KV threshold 0.9 - repeat 1,KV-cache detector,KV threshold,0.9,1,57.523,93,32,61,,ok
KV threshold 0.9 - repeat 1,KV-cache detector,KV threshold,0.9,1,58.033,95,33,62,,ok
KV threshold 0.9 - repeat 1,KV-cache detector,KV threshold,0.9,1,58.549,95,33,62,,ok
KV threshold 0.9 - repeat 1,KV-cache detector,KV threshold,0.9,1,59.049,97,34,63,,ok
KV threshold 0.9 - repeat 1,KV-cache detector,KV threshold,0.9,1,59.536,98,35,63,,ok
KV threshold 0.9 - repeat 1,KV-cache detector,KV threshold,0.9,1,60.005,100,36,64,,ok
KV threshold 0.9 - repeat 1,KV-cache detector,KV threshold,0.9,1,60.539,102,37,65,,ok
KV threshold 0.9 - repeat 1,KV-cache detector,KV threshold,0.9,1,61.3,102,38,64,,ok
KV threshold 0.9 - repeat 1,KV-cache detector,KV threshold,0.9,1,61.503,104,38,66,,ok
KV threshold 0.9 - repeat 1,KV-cache detector,KV threshold,0.9,1,62.022,105,39,66,,ok
KV threshold 0.9 - repeat 1,KV-cache detector,KV threshold,0.9,1,62.534,107,40,67,,ok
KV threshold 0.9 - repeat 1,KV-cache detector,KV threshold,0.9,1,63.046,107,40,67,,ok
KV threshold 0.9 - repeat 1,KV-cache detector,KV threshold,0.9,1,63.503,108,40,68,,ok
KV threshold 0.9 - repeat 1,KV-cache detector,KV threshold,0.9,1,64.014,108,40,68,,ok
KV threshold 0.9 - repeat 1,KV-cache detector,KV threshold,0.9,1,64.537,109,40,69,,ok
KV threshold 0.9 - repeat 1,KV-cache detector,KV threshold,0.9,1,65.046,109,40,69,,ok
KV threshold 0.9 - repeat 1,KV-cache detector,KV threshold,0.9,1,65.504,110,40,70,,ok
KV threshold 0.9 - repeat 1,KV-cache detector,KV threshold,0.9,1,66.015,111,41,70,,ok
KV threshold 0.9 - repeat 1,KV-cache detector,KV threshold,0.9,1,66.526,112,41,71,,ok
KV threshold 0.9 - repeat 1,KV-cache detector,KV threshold,0.9,1,67.045,112,41,71,,ok
KV threshold 0.9 - repeat 1,KV-cache detector,KV threshold,0.9,1,67.511,113,41,72,,ok
KV threshold 0.9 - repeat 1,KV-cache detector,KV threshold,0.9,1,68.035,114,41,73,,ok
KV threshold 0.9 - repeat 1,KV-cache detector,KV threshold,0.9,1,68.5,114,41,73,,ok
KV threshold 0.9 - repeat 1,KV-cache detector,KV threshold,0.9,1,69.036,115,41,74,,ok
KV threshold 0.9 - repeat 1,KV-cache detector,KV threshold,0.9,1,69.54,116,42,74,,ok
KV threshold 0.9 - repeat 1,KV-cache detector,KV threshold,0.9,1,70.028,117,43,74,,ok
KV threshold 0.9 - repeat 1,KV-cache detector,KV threshold,0.9,1,70.536,118,44,74,,ok
KV threshold 0.9 - repeat 1,KV-cache detector,KV threshold,0.9,1,71.011,120,44,76,,ok
KV threshold 0.9 - repeat 1,KV-cache detector,KV threshold,0.9,1,71.523,121,45,76,,ok
KV threshold 0.9 - repeat 1,KV-cache detector,KV threshold,0.9,1,72.049,122,45,77,,ok
KV threshold 0.9 - repeat 1,KV-cache detector,KV threshold,0.9,1,72.513,122,45,77,,ok
KV threshold 0.9 - repeat 1,KV-cache detector,KV threshold,0.9,1,73.035,123,45,78,,ok
KV threshold 0.9 - repeat 1,KV-cache detector,KV threshold,0.9,1,73.515,123,45,78,,ok
KV threshold 0.9 - repeat 1,KV-cache detector,KV threshold,0.9,1,74.033,125,46,79,,ok
KV threshold 0.9 - repeat 1,KV-cache detector,KV threshold,0.9,1,74.504,125,46,79,,ok
KV threshold 0.9 - repeat 1,KV-cache detector,KV threshold,0.9,1,75.013,126,46,80,,ok
KV threshold 0.9 - repeat 1,KV-cache detector,KV threshold,0.9,1,75.524,127,46,81,,ok
KV threshold 0.9 - repeat 1,KV-cache detector,KV threshold,0.9,1,76.05,127,46,81,,ok
KV threshold 0.9 - repeat 1,KV-cache detector,KV threshold,0.9,1,76.507,128,46,82,,ok
KV threshold 0.9 - repeat 1,KV-cache detector,KV threshold,0.9,1,77.031,128,46,82,,ok
KV threshold 0.9 - repeat 1,KV-cache detector,KV threshold,0.9,1,77.541,129,46,83,,ok
KV threshold 0.9 - repeat 1,KV-cache detector,KV threshold,0.9,1,78.002,130,47,83,,ok
KV threshold 0.9 - repeat 1,KV-cache detector,KV threshold,0.9,1,78.546,131,47,84,,ok
KV threshold 0.9 - repeat 1,KV-cache detector,KV threshold,0.9,1,79.022,132,48,84,,ok
KV threshold 0.9 - repeat 1,KV-cache detector,KV threshold,0.9,1,79.563,134,49,85,,ok
KV threshold 0.9 - repeat 1,KV-cache detector,KV threshold,0.9,1,80.001,135,50,85,,ok
KV threshold 0.9 - repeat 1,KV-cache detector,KV threshold,0.9,1,80.501,137,51,86,,ok
KV threshold 0.9 - repeat 1,KV-cache detector,KV threshold,0.9,1,81.027,137,51,86,,ok
KV threshold 0.9 - repeat 1,KV-cache detector,KV threshold,0.9,1,81.546,139,52,87,,ok
KV threshold 0.9 - repeat 1,KV-cache detector,KV threshold,0.9,1,82.006,140,53,87,,ok
KV threshold 0.9 - repeat 1,KV-cache detector,KV threshold,0.9,1,82.52,142,54,88,,ok
KV threshold 0.9 - repeat 1,KV-cache detector,KV threshold,0.9,1,83.043,143,55,88,,ok
KV threshold 0.9 - repeat 1,KV-cache detector,KV threshold,0.9,1,83.514,144,55,89,,ok
KV threshold 0.9 - repeat 1,KV-cache detector,KV threshold,0.9,1,84.022,146,56,90,,ok
KV threshold 0.9 - repeat 1,KV-cache detector,KV threshold,0.9,1,84.532,147,57,90,,ok
KV threshold 0.9 - repeat 1,KV-cache detector,KV threshold,0.9,1,85.041,148,57,91,,ok
KV threshold 0.9 - repeat 1,KV-cache detector,KV threshold,0.9,1,85.515,149,58,91,,ok
KV threshold 0.9 - repeat 1,KV-cache detector,KV threshold,0.9,1,86.02,151,59,92,,ok
KV threshold 0.9 - repeat 1,KV-cache detector,KV threshold,0.9,1,86.53,152,60,92,,ok
KV threshold 0.9 - repeat 1,KV-cache detector,KV threshold,0.9,1,87.04,154,61,93,,ok
KV threshold 0.9 - repeat 1,KV-cache detector,KV threshold,0.9,1,87.501,154,61,93,,ok
KV threshold 0.9 - repeat 1,KV-cache detector,KV threshold,0.9,1,88.016,156,62,94,,ok
KV threshold 0.9 - repeat 1,KV-cache detector,KV threshold,0.9,1,88.55,157,63,94,,ok
KV threshold 0.9 - repeat 1,KV-cache detector,KV threshold,0.9,1,89.007,159,64,95,,ok
KV threshold 0.9 - repeat 1,KV-cache detector,KV threshold,0.9,1,89.534,159,65,94,,ok
KV threshold 0.9 - repeat 1,KV-cache detector,KV threshold,0.9,1,90.046,161,65,96,,ok
KV threshold 0.9 - repeat 1,KV-cache detector,KV threshold,0.9,1,91.196,162,67,95,,ok
KV threshold 0.9 - repeat 1,KV-cache detector,KV threshold,0.9,1,91.501,163,67,96,,ok
KV threshold 0.9 - repeat 1,KV-cache detector,KV threshold,0.9,1,92.01,163,67,96,,ok
KV threshold 0.9 - repeat 1,KV-cache detector,KV threshold,0.9,1,92.52,163,67,96,,ok
KV threshold 0.9 - repeat 1,KV-cache detector,KV threshold,0.9,1,93.034,163,68,95,,ok
KV threshold 0.9 - repeat 1,KV-cache detector,KV threshold,0.9,1,93.543,164,68,96,,ok
KV threshold 0.9 - repeat 1,KV-cache detector,KV threshold,0.9,1,94.008,165,69,96,,ok
KV threshold 0.9 - repeat 1,KV-cache detector,KV threshold,0.9,1,94.532,166,70,96,,ok
KV threshold 0.9 - repeat 1,KV-cache detector,KV threshold,0.9,1,95.006,166,70,96,,ok
KV threshold 0.9 - repeat 1,KV-cache detector,KV threshold,0.9,1,95.515,167,71,96,,ok
KV threshold 0.9 - repeat 1,KV-cache detector,KV threshold,0.9,1,96.026,168,72,96,,ok
KV threshold 0.9 - repeat 1,KV-cache detector,KV threshold,0.9,1,96.538,169,73,96,,ok
KV threshold 0.9 - repeat 1,KV-cache detector,KV threshold,0.9,1,97.047,170,74,96,,ok
KV threshold 0.9 - repeat 1,KV-cache detector,KV threshold,0.9,1,97.514,170,74,96,,ok
KV threshold 0.9 - repeat 1,KV-cache detector,KV threshold,0.9,1,98.007,171,75,96,,ok
KV threshold 0.9 - repeat 1,KV-cache detector,KV threshold,0.9,1,98.536,172,76,96,,ok
KV threshold 0.9 - repeat 1,KV-cache detector,KV threshold,0.9,1,99.011,173,77,96,,ok
KV threshold 0.9 - repeat 1,KV-cache detector,KV threshold,0.9,1,99.524,173,78,95,,ok
KV threshold 0.9 - repeat 1,KV-cache detector,KV threshold,0.9,1,100.001,174,78,96,,ok
KV threshold 0.9 - repeat 1,KV-cache detector,KV threshold,0.9,1,100.552,175,79,96,,ok
KV threshold 0.9 - repeat 1,KV-cache detector,KV threshold,0.9,1,101.027,176,80,96,,ok
KV threshold 0.9 - repeat 1,KV-cache detector,KV threshold,0.9,1,101.548,176,81,95,,ok
KV threshold 0.9 - repeat 1,KV-cache detector,KV threshold,0.9,1,102.007,177,81,96,,ok
KV threshold 0.9 - repeat 1,KV-cache detector,KV threshold,0.9,1,102.516,178,82,96,,ok
KV threshold 0.9 - repeat 1,KV-cache detector,KV threshold,0.9,1,103.027,179,83,96,,ok
KV threshold 0.9 - repeat 1,KV-cache detector,KV threshold,0.9,1,103.545,180,84,96,,ok
KV threshold 0.9 - repeat 1,KV-cache detector,KV threshold,0.9,1,104.013,180,84,96,,ok
KV threshold 0.9 - repeat 1,KV-cache detector,KV threshold,0.9,1,104.533,181,85,96,,ok
KV threshold 0.9 - repeat 1,KV-cache detector,KV threshold,0.9,1,105.043,182,86,96,,ok
KV threshold 0.9 - repeat 1,KV-cache detector,KV threshold,0.9,1,105.502,183,87,96,,ok
KV threshold 0.9 - repeat 1,KV-cache detector,KV threshold,0.9,1,106.015,183,87,96,,ok
KV threshold 0.9 - repeat 1,KV-cache detector,KV threshold,0.9,1,106.535,184,88,96,,ok
KV threshold 0.9 - repeat 1,KV-cache detector,KV threshold,0.9,1,107.045,185,89,96,,ok
KV threshold 0.9 - repeat 1,KV-cache detector,KV threshold,0.9,1,107.503,186,90,96,,ok
KV threshold 0.9 - repeat 1,KV-cache detector,KV threshold,0.9,1,108.014,186,90,96,,ok
KV threshold 0.9 - repeat 1,KV-cache detector,KV threshold,0.9,1,108.501,187,91,96,,ok
KV threshold 0.9 - repeat 1,KV-cache detector,KV threshold,0.9,1,109.018,188,92,96,,ok
KV threshold 0.9 - repeat 1,KV-cache detector,KV threshold,0.9,1,109.548,189,93,96,,ok
KV threshold 0.9 - repeat 1,KV-cache detector,KV threshold,0.9,1,110.009,189,93,96,,ok
KV threshold 0.9 - repeat 1,KV-cache detector,KV threshold,0.9,1,110.541,190,94,96,,ok
KV threshold 0.9 - repeat 1,KV-cache detector,KV threshold,0.9,1,111.009,191,95,96,,ok
KV threshold 0.9 - repeat 1,KV-cache detector,KV threshold,0.9,1,111.52,192,96,96,,ok
KV threshold 0.9 - repeat 1,KV-cache detector,KV threshold,0.9,1,112.032,193,97,96,,ok
KV threshold 0.9 - repeat 1,KV-cache detector,KV threshold,0.9,1,112.542,193,97,96,,ok
KV threshold 0.9 - repeat 1,KV-cache detector,KV threshold,0.9,1,113.001,194,98,96,,ok
KV threshold 0.9 - repeat 1,KV-cache detector,KV threshold,0.9,1,113.513,195,99,96,,ok
KV threshold 0.9 - repeat 1,KV-cache detector,KV threshold,0.9,1,114.039,196,100,96,,ok
KV threshold 0.9 - repeat 1,KV-cache detector,KV threshold,0.9,1,114.546,196,101,95,,ok
KV threshold 0.9 - repeat 1,KV-cache detector,KV threshold,0.9,1,115.005,197,101,96,,ok
KV threshold 0.9 - repeat 1,KV-cache detector,KV threshold,0.9,1,115.518,198,102,96,,ok
KV threshold 0.9 - repeat 1,KV-cache detector,KV threshold,0.9,1,116.025,199,103,96,,ok
KV threshold 0.9 - repeat 1,KV-cache detector,KV threshold,0.9,1,116.547,199,103,96,,ok
KV threshold 0.9 - repeat 1,KV-cache detector,KV threshold,0.9,1,117.006,200,104,96,,ok
KV threshold 0.9 - repeat 1,KV-cache detector,KV threshold,0.9,1,117.517,201,105,96,,ok
KV threshold 0.9 - repeat 1,KV-cache detector,KV threshold,0.9,1,118.035,202,106,96,,ok
KV threshold 0.9 - repeat 1,KV-cache detector,KV threshold,0.9,1,118.517,202,107,95,,ok
KV threshold 0.9 - repeat 1,KV-cache detector,KV threshold,0.9,1,119.087,203,107,96,,ok
KV threshold 0.9 - repeat 1,KV-cache detector,KV threshold,0.9,1,119.551,204,108,96,,ok
KV threshold 0.9 - repeat 1,KV-cache detector,KV threshold,0.9,1,120.027,205,109,96,,ok
KV threshold 0.9 - repeat 1,KV-cache detector,KV threshold,0.9,1,121.427,205,111,94,,ok
KV threshold 0.9 - repeat 1,KV-cache detector,KV threshold,0.9,1,121.529,207,111,96,,ok
KV threshold 0.9 - repeat 1,KV-cache detector,KV threshold,0.9,1,122.038,208,112,96,,ok
KV threshold 0.9 - repeat 1,KV-cache detector,KV threshold,0.9,1,122.548,208,113,95,,ok
KV threshold 0.9 - repeat 1,KV-cache detector,KV threshold,0.9,1,123.004,209,113,96,,ok
KV threshold 0.9 - repeat 1,KV-cache detector,KV threshold,0.9,1,123.523,210,114,96,,ok
KV threshold 0.9 - repeat 1,KV-cache detector,KV threshold,0.9,1,124.032,211,115,96,,ok
KV threshold 0.9 - repeat 1,KV-cache detector,KV threshold,0.9,1,124.541,212,116,96,,ok
KV threshold 0.9 - repeat 1,KV-cache detector,KV threshold,0.9,1,125.048,212,116,96,,ok
KV threshold 0.9 - repeat 1,KV-cache detector,KV threshold,0.9,1,125.505,213,117,96,,ok
KV threshold 0.9 - repeat 1,KV-cache detector,KV threshold,0.9,1,126.015,214,118,96,,ok
KV threshold 0.9 - repeat 1,KV-cache detector,KV threshold,0.9,1,126.528,215,119,96,,ok
KV threshold 0.9 - repeat 1,KV-cache detector,KV threshold,0.9,1,127.038,215,120,95,,ok
KV threshold 0.9 - repeat 1,KV-cache detector,KV threshold,0.9,1,127.512,216,120,96,,ok
KV threshold 0.9 - repeat 1,KV-cache detector,KV threshold,0.9,1,128.022,217,121,96,,ok
KV threshold 0.9 - repeat 1,KV-cache detector,KV threshold,0.9,1,128.541,218,122,96,,ok
KV threshold 0.9 - repeat 1,KV-cache detector,KV threshold,0.9,1,129.037,218,122,96,,ok
KV threshold 0.9 - repeat 1,KV-cache detector,KV threshold,0.9,1,129.515,219,123,96,,ok
KV threshold 0.9 - repeat 1,KV-cache detector,KV threshold,0.9,1,130.037,220,124,96,,ok
KV threshold 0.9 - repeat 1,KV-cache detector,KV threshold,0.9,1,130.504,221,125,96,,ok
KV threshold 0.9 - repeat 1,KV-cache detector,KV threshold,0.9,1,131.029,222,126,96,,ok
KV threshold 0.9 - repeat 1,KV-cache detector,KV threshold,0.9,1,131.538,222,126,96,,ok
KV threshold 0.9 - repeat 1,KV-cache detector,KV threshold,0.9,1,132.007,223,127,96,,ok
KV threshold 0.9 - repeat 1,KV-cache detector,KV threshold,0.9,1,132.523,224,128,96,,ok
KV threshold 0.9 - repeat 1,KV-cache detector,KV threshold,0.9,1,133.03,225,129,96,,ok
KV threshold 0.9 - repeat 1,KV-cache detector,KV threshold,0.9,1,133.541,225,129,96,,ok
KV threshold 0.9 - repeat 1,KV-cache detector,KV threshold,0.9,1,134.013,226,130,96,,ok
KV threshold 0.9 - repeat 1,KV-cache detector,KV threshold,0.9,1,134.527,227,131,96,,ok
KV threshold 0.9 - repeat 1,KV-cache detector,KV threshold,0.9,1,135.036,227,132,95,,ok
KV threshold 0.9 - repeat 1,KV-cache detector,KV threshold,0.9,1,135.544,228,132,96,,ok
KV threshold 0.9 - repeat 1,KV-cache detector,KV threshold,0.9,1,136.002,229,133,96,,ok
KV threshold 0.9 - repeat 1,KV-cache detector,KV threshold,0.9,1,136.52,230,134,96,,ok
KV threshold 0.9 - repeat 1,KV-cache detector,KV threshold,0.9,1,137.033,231,135,96,,ok
KV threshold 0.9 - repeat 1,KV-cache detector,KV threshold,0.9,1,137.543,231,135,96,,ok
KV threshold 0.9 - repeat 1,KV-cache detector,KV threshold,0.9,1,138.002,232,136,96,,ok
KV threshold 0.9 - repeat 1,KV-cache detector,KV threshold,0.9,1,138.536,233,137,96,,ok
KV threshold 0.9 - repeat 1,KV-cache detector,KV threshold,0.9,1,139.018,234,138,96,,ok
KV threshold 0.9 - repeat 1,KV-cache detector,KV threshold,0.9,1,139.535,234,139,95,,ok
KV threshold 0.9 - repeat 1,KV-cache detector,KV threshold,0.9,1,140.034,235,139,96,,ok
KV threshold 0.9 - repeat 1,KV-cache detector,KV threshold,0.9,1,140.53,236,140,96,,ok
KV threshold 0.9 - repeat 1,KV-cache detector,KV threshold,0.9,1,141.049,237,141,96,,ok
KV threshold 0.9 - repeat 1,KV-cache detector,KV threshold,0.9,1,141.512,237,141,96,,ok
KV threshold 0.9 - repeat 1,KV-cache detector,KV threshold,0.9,1,142.023,238,142,96,,ok
KV threshold 0.9 - repeat 1,KV-cache detector,KV threshold,0.9,1,142.533,239,143,96,,ok
KV threshold 0.9 - repeat 1,KV-cache detector,KV threshold,0.9,1,143.002,240,144,96,,ok
KV threshold 0.9 - repeat 1,KV-cache detector,KV threshold,0.9,1,143.513,240,144,96,,ok
KV threshold 0.9 - repeat 1,KV-cache detector,KV threshold,0.9,1,144.024,240,144,96,,ok
KV threshold 0.9 - repeat 1,KV-cache detector,KV threshold,0.9,1,144.537,242,146,96,,ok
KV threshold 0.9 - repeat 1,KV-cache detector,KV threshold,0.9,1,145.049,243,147,96,,ok
KV threshold 0.9 - repeat 1,KV-cache detector,KV threshold,0.9,1,145.506,244,148,96,,ok
KV threshold 0.9 - repeat 1,KV-cache detector,KV threshold,0.9,1,146.017,244,148,96,,ok
KV threshold 0.9 - repeat 1,KV-cache detector,KV threshold,0.9,1,146.544,245,149,96,,ok
KV threshold 0.9 - repeat 1,KV-cache detector,KV threshold,0.9,1,147.006,246,150,96,,ok
KV threshold 0.9 - repeat 1,KV-cache detector,KV threshold,0.9,1,147.514,246,151,95,,ok
KV threshold 0.9 - repeat 1,KV-cache detector,KV threshold,0.9,1,148.024,247,151,96,,ok
KV threshold 0.9 - repeat 1,KV-cache detector,KV threshold,0.9,1,148.507,248,152,96,,ok
KV threshold 0.9 - repeat 1,KV-cache detector,KV threshold,0.9,1,149.042,249,153,96,,ok
KV threshold 0.9 - repeat 1,KV-cache detector,KV threshold,0.9,1,149.508,250,154,96,,ok
KV threshold 0.9 - repeat 1,KV-cache detector,KV threshold,0.9,1,150.348,250,155,95,,ok
KV threshold 0.9 - repeat 1,KV-cache detector,KV threshold,0.9,1,150.514,251,155,96,,ok
KV threshold 0.9 - repeat 1,KV-cache detector,KV threshold,0.9,1,152.035,251,158,93,,ok
KV threshold 0.9 - repeat 1,KV-cache detector,KV threshold,0.9,1,152.545,254,158,96,,ok
KV threshold 0.9 - repeat 1,KV-cache detector,KV threshold,0.9,1,153.004,255,159,96,,ok
KV threshold 0.9 - repeat 1,KV-cache detector,KV threshold,0.9,1,153.515,255,160,95,,ok
KV threshold 0.9 - repeat 1,KV-cache detector,KV threshold,0.9,1,154.026,256,160,96,,ok
KV threshold 0.9 - repeat 1,KV-cache detector,KV threshold,0.9,1,154.535,257,161,96,,ok
KV threshold 0.9 - repeat 1,KV-cache detector,KV threshold,0.9,1,155.01,258,162,96,,ok
KV threshold 0.9 - repeat 1,KV-cache detector,KV threshold,0.9,1,155.52,259,163,96,,ok
KV threshold 0.9 - repeat 1,KV-cache detector,KV threshold,0.9,1,156.034,259,163,96,,ok
KV threshold 0.9 - repeat 1,KV-cache detector,KV threshold,0.9,1,156.544,260,164,96,,ok
KV threshold 0.9 - repeat 1,KV-cache detector,KV threshold,0.9,1,157.002,261,165,96,,ok
KV threshold 0.9 - repeat 1,KV-cache detector,KV threshold,0.9,1,157.512,262,166,96,,ok
KV threshold 0.9 - repeat 1,KV-cache detector,KV threshold,0.9,1,158.024,263,167,96,,ok
KV threshold 0.9 - repeat 1,KV-cache detector,KV threshold,0.9,1,158.549,263,167,96,,ok
KV threshold 0.9 - repeat 1,KV-cache detector,KV threshold,0.9,1,159.041,264,168,96,,ok
KV threshold 0.9 - repeat 1,KV-cache detector,KV threshold,0.9,1,159.521,265,169,96,,ok
KV threshold 0.9 - repeat 1,KV-cache detector,KV threshold,0.9,1,160.018,265,170,95,,ok
KV threshold 0.9 - repeat 1,KV-cache detector,KV threshold,0.9,1,160.5,266,170,96,,ok
KV threshold 0.9 - repeat 1,KV-cache detector,KV threshold,0.9,1,161.041,267,171,96,,ok
KV threshold 0.9 - repeat 1,KV-cache detector,KV threshold,0.9,1,161.55,268,172,96,,ok
KV threshold 0.9 - repeat 1,KV-cache detector,KV threshold,0.9,1,162.009,269,173,96,,ok
KV threshold 0.9 - repeat 1,KV-cache detector,KV threshold,0.9,1,162.534,269,173,96,,ok
KV threshold 0.9 - repeat 1,KV-cache detector,KV threshold,0.9,1,163.044,270,174,96,,ok
KV threshold 0.9 - repeat 1,KV-cache detector,KV threshold,0.9,1,163.501,271,175,96,,ok
KV threshold 0.9 - repeat 1,KV-cache detector,KV threshold,0.9,1,164.022,272,176,96,,ok
KV threshold 0.9 - repeat 1,KV-cache detector,KV threshold,0.9,1,164.53,272,176,96,,ok
KV threshold 0.9 - repeat 1,KV-cache detector,KV threshold,0.9,1,165.039,273,177,96,,ok
KV threshold 0.9 - repeat 1,KV-cache detector,KV threshold,0.9,1,165.549,274,178,96,,ok
KV threshold 0.9 - repeat 1,KV-cache detector,KV threshold,0.9,1,166.005,274,179,95,,ok
KV threshold 0.9 - repeat 1,KV-cache detector,KV threshold,0.9,1,166.514,275,180,95,,ok
KV threshold 0.9 - repeat 1,KV-cache detector,KV threshold,0.9,1,167.024,276,180,96,,ok
KV threshold 0.9 - repeat 1,KV-cache detector,KV threshold,0.9,1,167.533,277,181,96,,ok
KV threshold 0.9 - repeat 1,KV-cache detector,KV threshold,0.9,1,168.042,278,182,96,,ok
KV threshold 0.9 - repeat 1,KV-cache detector,KV threshold,0.9,1,168.516,278,182,96,,ok
KV threshold 0.9 - repeat 1,KV-cache detector,KV threshold,0.9,1,169.0,279,183,96,,ok
KV threshold 0.9 - repeat 1,KV-cache detector,KV threshold,0.9,1,169.501,280,184,96,,ok
KV threshold 0.9 - repeat 1,KV-cache detector,KV threshold,0.9,1,170.0,281,185,96,,ok
KV threshold 0.9 - repeat 1,KV-cache detector,KV threshold,0.9,1,170.547,282,186,96,,ok
KV threshold 0.9 - repeat 1,KV-cache detector,KV threshold,0.9,1,171.075,282,186,96,,ok
KV threshold 0.9 - repeat 1,KV-cache detector,KV threshold,0.9,1,171.534,283,187,96,,ok
KV threshold 0.9 - repeat 1,KV-cache detector,KV threshold,0.9,1,172.039,284,188,96,,ok
KV threshold 0.9 - repeat 1,KV-cache detector,KV threshold,0.9,1,172.501,284,189,95,,ok
KV threshold 0.9 - repeat 1,KV-cache detector,KV threshold,0.9,1,173.016,285,189,96,,ok
KV threshold 0.9 - repeat 1,KV-cache detector,KV threshold,0.9,1,173.531,286,190,96,,ok
KV threshold 0.9 - repeat 1,KV-cache detector,KV threshold,0.9,1,174.038,287,191,96,,ok
KV threshold 0.9 - repeat 1,KV-cache detector,KV threshold,0.9,1,174.513,287,191,96,,ok
KV threshold 0.9 - repeat 1,KV-cache detector,KV threshold,0.9,1,175.023,288,192,96,,ok
KV threshold 0.9 - repeat 1,KV-cache detector,KV threshold,0.9,1,175.538,289,193,96,,ok
KV threshold 0.9 - repeat 1,KV-cache detector,KV threshold,0.9,1,176.048,290,194,96,,ok
KV threshold 0.9 - repeat 1,KV-cache detector,KV threshold,0.9,1,176.516,291,195,96,,ok
KV threshold 0.9 - repeat 1,KV-cache detector,KV threshold,0.9,1,177.034,291,195,96,,ok
KV threshold 0.9 - repeat 1,KV-cache detector,KV threshold,0.9,1,177.546,292,196,96,,ok
KV threshold 0.9 - repeat 1,KV-cache detector,KV threshold,0.9,1,178.008,293,197,96,,ok
KV threshold 0.9 - repeat 1,KV-cache detector,KV threshold,0.9,1,178.532,294,198,96,,ok
KV threshold 0.9 - repeat 1,KV-cache detector,KV threshold,0.9,1,179.009,294,198,96,,ok
KV threshold 0.9 - repeat 1,KV-cache detector,KV threshold,0.9,1,179.525,295,199,96,,ok
KV threshold 1 - repeat 1,KV-cache detector,KV threshold,1.0,1,0.0,0,0,0,,ok
KV threshold 1 - repeat 1,KV-cache detector,KV threshold,1.0,1,0.519,0,0,0,,ok
KV threshold 1 - repeat 1,KV-cache detector,KV threshold,1.0,1,1.038,1,0,1,,ok
KV threshold 1 - repeat 1,KV-cache detector,KV threshold,1.0,1,1.5,2,0,2,,ok
KV threshold 1 - repeat 1,KV-cache detector,KV threshold,1.0,1,2.015,2,0,2,,ok
KV threshold 1 - repeat 1,KV-cache detector,KV threshold,1.0,1,2.531,3,0,3,,ok
KV threshold 1 - repeat 1,KV-cache detector,KV threshold,1.0,1,3.041,3,0,3,,ok
KV threshold 1 - repeat 1,KV-cache detector,KV threshold,1.0,1,3.504,4,0,4,,ok
KV threshold 1 - repeat 1,KV-cache detector,KV threshold,1.0,1,4.014,4,0,4,,ok
KV threshold 1 - repeat 1,KV-cache detector,KV threshold,1.0,1,4.531,5,0,5,,ok
KV threshold 1 - repeat 1,KV-cache detector,KV threshold,1.0,1,5.002,6,1,5,,ok
KV threshold 1 - repeat 1,KV-cache detector,KV threshold,1.0,1,5.516,7,1,6,,ok
KV threshold 1 - repeat 1,KV-cache detector,KV threshold,1.0,1,6.031,7,1,6,,ok
KV threshold 1 - repeat 1,KV-cache detector,KV threshold,1.0,1,6.55,8,1,7,,ok
KV threshold 1 - repeat 1,KV-cache detector,KV threshold,1.0,1,7.038,8,1,7,,ok
KV threshold 1 - repeat 1,KV-cache detector,KV threshold,1.0,1,7.551,10,2,8,,ok
KV threshold 1 - repeat 1,KV-cache detector,KV threshold,1.0,1,8.035,11,2,9,,ok
KV threshold 1 - repeat 1,KV-cache detector,KV threshold,1.0,1,8.507,11,2,9,,ok
KV threshold 1 - repeat 1,KV-cache detector,KV threshold,1.0,1,9.03,12,2,10,,ok
KV threshold 1 - repeat 1,KV-cache detector,KV threshold,1.0,1,9.541,12,2,10,,ok
KV threshold 1 - repeat 1,KV-cache detector,KV threshold,1.0,1,10.007,13,2,11,,ok
KV threshold 1 - repeat 1,KV-cache detector,KV threshold,1.0,1,10.523,14,3,11,,ok
KV threshold 1 - repeat 1,KV-cache detector,KV threshold,1.0,1,11.047,15,3,12,,ok
KV threshold 1 - repeat 1,KV-cache detector,KV threshold,1.0,1,11.514,15,3,12,,ok
KV threshold 1 - repeat 1,KV-cache detector,KV threshold,1.0,1,12.032,16,3,13,,ok
KV threshold 1 - repeat 1,KV-cache detector,KV threshold,1.0,1,12.551,16,3,13,,ok
KV threshold 1 - repeat 1,KV-cache detector,KV threshold,1.0,1,13.018,18,4,14,,ok
KV threshold 1 - repeat 1,KV-cache detector,KV threshold,1.0,1,13.531,18,4,14,,ok
KV threshold 1 - repeat 1,KV-cache detector,KV threshold,1.0,1,14.047,19,4,15,,ok
KV threshold 1 - repeat 1,KV-cache detector,KV threshold,1.0,1,14.509,19,4,15,,ok
KV threshold 1 - repeat 1,KV-cache detector,KV threshold,1.0,1,15.028,20,4,16,,ok
KV threshold 1 - repeat 1,KV-cache detector,KV threshold,1.0,1,15.501,20,4,16,,ok
KV threshold 1 - repeat 1,KV-cache detector,KV threshold,1.0,1,16.015,24,7,17,,ok
KV threshold 1 - repeat 1,KV-cache detector,KV threshold,1.0,1,16.533,25,7,18,,ok
KV threshold 1 - repeat 1,KV-cache detector,KV threshold,1.0,1,17.009,25,7,18,,ok
KV threshold 1 - repeat 1,KV-cache detector,KV threshold,1.0,1,17.545,26,7,19,,ok
KV threshold 1 - repeat 1,KV-cache detector,KV threshold,1.0,1,18.032,27,8,19,,ok
KV threshold 1 - repeat 1,KV-cache detector,KV threshold,1.0,1,18.534,28,8,20,,ok
KV threshold 1 - repeat 1,KV-cache detector,KV threshold,1.0,1,19.028,28,8,20,,ok
KV threshold 1 - repeat 1,KV-cache detector,KV threshold,1.0,1,19.504,29,8,21,,ok
KV threshold 1 - repeat 1,KV-cache detector,KV threshold,1.0,1,20.018,29,8,21,,ok
KV threshold 1 - repeat 1,KV-cache detector,KV threshold,1.0,1,20.535,30,8,22,,ok
KV threshold 1 - repeat 1,KV-cache detector,KV threshold,1.0,1,21.001,30,8,22,,ok
KV threshold 1 - repeat 1,KV-cache detector,KV threshold,1.0,1,21.516,31,8,23,,ok
KV threshold 1 - repeat 1,KV-cache detector,KV threshold,1.0,1,22.039,31,8,23,,ok
KV threshold 1 - repeat 1,KV-cache detector,KV threshold,1.0,1,22.501,32,8,24,,ok
KV threshold 1 - repeat 1,KV-cache detector,KV threshold,1.0,1,23.015,32,8,24,,ok
KV threshold 1 - repeat 1,KV-cache detector,KV threshold,1.0,1,23.528,36,11,25,,ok
KV threshold 1 - repeat 1,KV-cache detector,KV threshold,1.0,1,24.043,37,11,26,,ok
KV threshold 1 - repeat 1,KV-cache detector,KV threshold,1.0,1,24.512,37,11,26,,ok
KV threshold 1 - repeat 1,KV-cache detector,KV threshold,1.0,1,25.029,38,11,27,,ok
KV threshold 1 - repeat 1,KV-cache detector,KV threshold,1.0,1,25.539,39,12,27,,ok
KV threshold 1 - repeat 1,KV-cache detector,KV threshold,1.0,1,26.004,40,12,28,,ok
KV threshold 1 - repeat 1,KV-cache detector,KV threshold,1.0,1,26.523,40,12,28,,ok
KV threshold 1 - repeat 1,KV-cache detector,KV threshold,1.0,1,27.005,41,12,29,,ok
KV threshold 1 - repeat 1,KV-cache detector,KV threshold,1.0,1,27.53,41,12,29,,ok
KV threshold 1 - repeat 1,KV-cache detector,KV threshold,1.0,1,28.038,42,12,30,,ok
KV threshold 1 - repeat 1,KV-cache detector,KV threshold,1.0,1,28.514,42,12,30,,ok
KV threshold 1 - repeat 1,KV-cache detector,KV threshold,1.0,1,29.002,43,12,31,,ok
KV threshold 1 - repeat 1,KV-cache detector,KV threshold,1.0,1,29.517,43,12,31,,ok
KV threshold 1 - repeat 1,KV-cache detector,KV threshold,1.0,1,30.035,44,12,32,,ok
KV threshold 1 - repeat 1,KV-cache detector,KV threshold,1.0,1,30.533,45,12,33,,ok
KV threshold 1 - repeat 1,KV-cache detector,KV threshold,1.0,1,31.011,46,14,32,,ok
KV threshold 1 - repeat 1,KV-cache detector,KV threshold,1.0,1,31.528,49,15,34,,ok
KV threshold 1 - repeat 1,KV-cache detector,KV threshold,1.0,1,32.04,49,15,34,,ok
KV threshold 1 - repeat 1,KV-cache detector,KV threshold,1.0,1,32.507,50,15,35,,ok
KV threshold 1 - repeat 1,KV-cache detector,KV threshold,1.0,1,33.022,50,15,35,,ok
KV threshold 1 - repeat 1,KV-cache detector,KV threshold,1.0,1,33.537,51,15,36,,ok
KV threshold 1 - repeat 1,KV-cache detector,KV threshold,1.0,1,34.001,51,15,36,,ok
KV threshold 1 - repeat 1,KV-cache detector,KV threshold,1.0,1,34.527,52,15,37,,ok
KV threshold 1 - repeat 1,KV-cache detector,KV threshold,1.0,1,35.047,52,15,37,,ok
KV threshold 1 - repeat 1,KV-cache detector,KV threshold,1.0,1,35.515,53,15,38,,ok
KV threshold 1 - repeat 1,KV-cache detector,KV threshold,1.0,1,36.031,54,16,38,,ok
KV threshold 1 - repeat 1,KV-cache detector,KV threshold,1.0,1,36.543,55,16,39,,ok
KV threshold 1 - repeat 1,KV-cache detector,KV threshold,1.0,1,37.045,55,16,39,,ok
KV threshold 1 - repeat 1,KV-cache detector,KV threshold,1.0,1,37.52,56,16,40,,ok
KV threshold 1 - repeat 1,KV-cache detector,KV threshold,1.0,1,38.052,57,16,41,,ok
KV threshold 1 - repeat 1,KV-cache detector,KV threshold,1.0,1,38.532,57,16,41,,ok
KV threshold 1 - repeat 1,KV-cache detector,KV threshold,1.0,1,39.003,58,16,42,,ok
KV threshold 1 - repeat 1,KV-cache detector,KV threshold,1.0,1,39.516,61,19,42,,ok
KV threshold 1 - repeat 1,KV-cache detector,KV threshold,1.0,1,40.032,62,19,43,,ok
KV threshold 1 - repeat 1,KV-cache detector,KV threshold,1.0,1,40.548,62,19,43,,ok
KV threshold 1 - repeat 1,KV-cache detector,KV threshold,1.0,1,41.026,63,19,44,,ok
KV threshold 1 - repeat 1,KV-cache detector,KV threshold,1.0,1,41.541,64,20,44,,ok
KV threshold 1 - repeat 1,KV-cache detector,KV threshold,1.0,1,42.012,65,20,45,,ok
KV threshold 1 - repeat 1,KV-cache detector,KV threshold,1.0,1,42.528,65,20,45,,ok
KV threshold 1 - repeat 1,KV-cache detector,KV threshold,1.0,1,43.044,66,20,46,,ok
KV threshold 1 - repeat 1,KV-cache detector,KV threshold,1.0,1,43.511,66,20,46,,ok
KV threshold 1 - repeat 1,KV-cache detector,KV threshold,1.0,1,44.028,67,20,47,,ok
KV threshold 1 - repeat 1,KV-cache detector,KV threshold,1.0,1,44.546,67,20,47,,ok
KV threshold 1 - repeat 1,KV-cache detector,KV threshold,1.0,1,45.011,68,20,48,,ok
KV threshold 1 - repeat 1,KV-cache detector,KV threshold,1.0,1,45.535,69,20,49,,ok
KV threshold 1 - repeat 1,KV-cache detector,KV threshold,1.0,1,46.05,69,20,49,,ok
KV threshold 1 - repeat 1,KV-cache detector,KV threshold,1.0,1,46.524,70,20,50,,ok
KV threshold 1 - repeat 1,KV-cache detector,KV threshold,1.0,1,47.006,70,20,50,,ok
KV threshold 1 - repeat 1,KV-cache detector,KV threshold,1.0,1,47.502,71,21,50,,ok
KV threshold 1 - repeat 1,KV-cache detector,KV threshold,1.0,1,48.042,75,25,50,,ok
KV threshold 1 - repeat 1,KV-cache detector,KV threshold,1.0,1,48.524,77,25,52,,ok
KV threshold 1 - repeat 1,KV-cache detector,KV threshold,1.0,1,49.048,78,26,52,,ok
KV threshold 1 - repeat 1,KV-cache detector,KV threshold,1.0,1,49.514,80,27,53,,ok
KV threshold 1 - repeat 1,KV-cache detector,KV threshold,1.0,1,50.026,81,28,53,,ok
KV threshold 1 - repeat 1,KV-cache detector,KV threshold,1.0,1,50.54,83,29,54,,ok
KV threshold 1 - repeat 1,KV-cache detector,KV threshold,1.0,1,51.001,83,29,54,,ok
KV threshold 1 - repeat 1,KV-cache detector,KV threshold,1.0,1,51.519,85,30,55,,ok
KV threshold 1 - repeat 1,KV-cache detector,KV threshold,1.0,1,52.034,86,31,55,,ok
KV threshold 1 - repeat 1,KV-cache detector,KV threshold,1.0,1,52.509,87,31,56,,ok
KV threshold 1 - repeat 1,KV-cache detector,KV threshold,1.0,1,53.026,88,31,57,,ok
KV threshold 1 - repeat 1,KV-cache detector,KV threshold,1.0,1,53.545,88,31,57,,ok
KV threshold 1 - repeat 1,KV-cache detector,KV threshold,1.0,1,54.024,89,31,58,,ok
KV threshold 1 - repeat 1,KV-cache detector,KV threshold,1.0,1,54.55,89,31,58,,ok
KV threshold 1 - repeat 1,KV-cache detector,KV threshold,1.0,1,55.023,90,31,59,,ok
KV threshold 1 - repeat 1,KV-cache detector,KV threshold,1.0,1,55.542,91,32,59,,ok
KV threshold 1 - repeat 1,KV-cache detector,KV threshold,1.0,1,56.017,92,32,60,,ok
KV threshold 1 - repeat 1,KV-cache detector,KV threshold,1.0,1,56.538,92,32,60,,ok
KV threshold 1 - repeat 1,KV-cache detector,KV threshold,1.0,1,57.031,93,32,61,,ok
KV threshold 1 - repeat 1,KV-cache detector,KV threshold,1.0,1,57.51,93,32,61,,ok
KV threshold 1 - repeat 1,KV-cache detector,KV threshold,1.0,1,58.026,94,32,62,,ok
KV threshold 1 - repeat 1,KV-cache detector,KV threshold,1.0,1,58.527,94,32,62,,ok
KV threshold 1 - repeat 1,KV-cache detector,KV threshold,1.0,1,59.044,95,32,63,,ok
KV threshold 1 - repeat 1,KV-cache detector,KV threshold,1.0,1,59.506,96,33,63,,ok
KV threshold 1 - repeat 1,KV-cache detector,KV threshold,1.0,1,60.032,98,34,64,,ok
KV threshold 1 - repeat 1,KV-cache detector,KV threshold,1.0,1,60.891,98,35,63,,ok
KV threshold 1 - repeat 1,KV-cache detector,KV threshold,1.0,1,61.047,100,35,65,,ok
KV threshold 1 - repeat 1,KV-cache detector,KV threshold,1.0,1,61.508,102,36,66,,ok
KV threshold 1 - repeat 1,KV-cache detector,KV threshold,1.0,1,62.025,103,37,66,,ok
KV threshold 1 - repeat 1,KV-cache detector,KV threshold,1.0,1,62.541,105,38,67,,ok
KV threshold 1 - repeat 1,KV-cache detector,KV threshold,1.0,1,63.006,106,39,67,,ok
KV threshold 1 - repeat 1,KV-cache detector,KV threshold,1.0,1,63.519,107,39,68,,ok
KV threshold 1 - repeat 1,KV-cache detector,KV threshold,1.0,1,64.036,108,40,68,,ok
KV threshold 1 - repeat 1,KV-cache detector,KV threshold,1.0,1,64.501,110,41,69,,ok
KV threshold 1 - repeat 1,KV-cache detector,KV threshold,1.0,1,65.017,111,42,69,,ok
KV threshold 1 - repeat 1,KV-cache detector,KV threshold,1.0,1,65.53,113,43,70,,ok
KV threshold 1 - repeat 1,KV-cache detector,KV threshold,1.0,1,66.047,113,43,70,,ok
KV threshold 1 - repeat 1,KV-cache detector,KV threshold,1.0,1,66.513,115,44,71,,ok
KV threshold 1 - repeat 1,KV-cache detector,KV threshold,1.0,1,67.017,115,44,71,,ok
KV threshold 1 - repeat 1,KV-cache detector,KV threshold,1.0,1,67.547,116,44,72,,ok
KV threshold 1 - repeat 1,KV-cache detector,KV threshold,1.0,1,68.022,117,44,73,,ok
KV threshold 1 - repeat 1,KV-cache detector,KV threshold,1.0,1,68.529,117,44,73,,ok
KV threshold 1 - repeat 1,KV-cache detector,KV threshold,1.0,1,69.021,118,44,74,,ok
KV threshold 1 - repeat 1,KV-cache detector,KV threshold,1.0,1,69.546,118,44,74,,ok
KV threshold 1 - repeat 1,KV-cache detector,KV threshold,1.0,1,70.013,120,45,75,,ok
KV threshold 1 - repeat 1,KV-cache detector,KV threshold,1.0,1,70.535,121,46,75,,ok
KV threshold 1 - repeat 1,KV-cache detector,KV threshold,1.0,1,71.008,123,47,76,,ok
KV threshold 1 - repeat 1,KV-cache detector,KV threshold,1.0,1,71.522,123,47,76,,ok
KV threshold 1 - repeat 1,KV-cache detector,KV threshold,1.0,1,72.039,125,48,77,,ok
KV threshold 1 - repeat 1,KV-cache detector,KV threshold,1.0,1,72.513,126,49,77,,ok
KV threshold 1 - repeat 1,KV-cache detector,KV threshold,1.0,1,73.027,128,50,78,,ok
KV threshold 1 - repeat 1,KV-cache detector,KV threshold,1.0,1,73.542,129,51,78,,ok
KV threshold 1 - repeat 1,KV-cache detector,KV threshold,1.0,1,74.013,130,51,79,,ok
KV threshold 1 - repeat 1,KV-cache detector,KV threshold,1.0,1,74.534,131,52,79,,ok
KV threshold 1 - repeat 1,KV-cache detector,KV threshold,1.0,1,75.051,133,53,80,,ok
KV threshold 1 - repeat 1,KV-cache detector,KV threshold,1.0,1,75.53,134,53,81,,ok
KV threshold 1 - repeat 1,KV-cache detector,KV threshold,1.0,1,76.043,135,54,81,,ok
KV threshold 1 - repeat 1,KV-cache detector,KV threshold,1.0,1,76.522,137,55,82,,ok
KV threshold 1 - repeat 1,KV-cache detector,KV threshold,1.0,1,77.035,138,56,82,,ok
KV threshold 1 - repeat 1,KV-cache detector,KV threshold,1.0,1,77.515,139,56,83,,ok
KV threshold 1 - repeat 1,KV-cache detector,KV threshold,1.0,1,78.04,139,56,83,,ok
KV threshold 1 - repeat 1,KV-cache detector,KV threshold,1.0,1,78.524,140,56,84,,ok
KV threshold 1 - repeat 1,KV-cache detector,KV threshold,1.0,1,79.016,140,57,83,,ok
KV threshold 1 - repeat 1,KV-cache detector,KV threshold,1.0,1,79.533,142,57,85,,ok
KV threshold 1 - repeat 1,KV-cache detector,KV threshold,1.0,1,80.005,142,57,85,,ok
KV threshold 1 - repeat 1,KV-cache detector,KV threshold,1.0,1,80.525,143,57,86,,ok
KV threshold 1 - repeat 1,KV-cache detector,KV threshold,1.0,1,81.051,143,57,86,,ok
KV threshold 1 - repeat 1,KV-cache detector,KV threshold,1.0,1,81.513,144,57,87,,ok
KV threshold 1 - repeat 1,KV-cache detector,KV threshold,1.0,1,82.037,144,57,87,,ok
KV threshold 1 - repeat 1,KV-cache detector,KV threshold,1.0,1,82.501,145,57,88,,ok
KV threshold 1 - repeat 1,KV-cache detector,KV threshold,1.0,1,83.025,146,57,89,,ok
KV threshold 1 - repeat 1,KV-cache detector,KV threshold,1.0,1,83.54,147,58,89,,ok
KV threshold 1 - repeat 1,KV-cache detector,KV threshold,1.0,1,84.007,148,59,89,,ok
KV threshold 1 - repeat 1,KV-cache detector,KV threshold,1.0,1,84.521,149,59,90,,ok
KV threshold 1 - repeat 1,KV-cache detector,KV threshold,1.0,1,85.047,151,60,91,,ok
KV threshold 1 - repeat 1,KV-cache detector,KV threshold,1.0,1,85.512,152,61,91,,ok
KV threshold 1 - repeat 1,KV-cache detector,KV threshold,1.0,1,86.028,154,62,92,,ok
KV threshold 1 - repeat 1,KV-cache detector,KV threshold,1.0,1,86.54,154,62,92,,ok
KV threshold 1 - repeat 1,KV-cache detector,KV threshold,1.0,1,87.013,156,63,93,,ok
KV threshold 1 - repeat 1,KV-cache detector,KV threshold,1.0,1,87.555,157,64,93,,ok
KV threshold 1 - repeat 1,KV-cache detector,KV threshold,1.0,1,88.029,159,65,94,,ok
KV threshold 1 - repeat 1,KV-cache detector,KV threshold,1.0,1,88.538,160,66,94,,ok
KV threshold 1 - repeat 1,KV-cache detector,KV threshold,1.0,1,89.006,161,66,95,,ok
KV threshold 1 - repeat 1,KV-cache detector,KV threshold,1.0,1,89.523,162,67,95,,ok
KV threshold 1 - repeat 1,KV-cache detector,KV threshold,1.0,1,90.049,164,68,96,,ok
KV threshold 1 - repeat 1,KV-cache detector,KV threshold,1.0,1,90.845,164,68,96,,ok
KV threshold 1 - repeat 1,KV-cache detector,KV threshold,1.0,1,91.0,165,69,96,,ok
KV threshold 1 - repeat 1,KV-cache detector,KV threshold,1.0,1,91.518,165,69,96,,ok
KV threshold 1 - repeat 1,KV-cache detector,KV threshold,1.0,1,92.034,166,70,96,,ok
KV threshold 1 - repeat 1,KV-cache detector,KV threshold,1.0,1,92.551,166,70,96,,ok
KV threshold 1 - repeat 1,KV-cache detector,KV threshold,1.0,1,93.016,166,70,96,,ok
KV threshold 1 - repeat 1,KV-cache detector,KV threshold,1.0,1,93.53,166,70,96,,ok
KV threshold 1 - repeat 1,KV-cache detector,KV threshold,1.0,1,94.048,166,70,96,,ok
KV threshold 1 - repeat 1,KV-cache detector,KV threshold,1.0,1,94.511,166,70,96,,ok
KV threshold 1 - repeat 1,KV-cache detector,KV threshold,1.0,1,95.03,167,71,96,,ok
KV threshold 1 - repeat 1,KV-cache detector,KV threshold,1.0,1,95.502,168,72,96,,ok
KV threshold 1 - repeat 1,KV-cache detector,KV threshold,1.0,1,96.024,169,73,96,,ok
KV threshold 1 - repeat 1,KV-cache detector,KV threshold,1.0,1,96.505,169,73,96,,ok
KV threshold 1 - repeat 1,KV-cache detector,KV threshold,1.0,1,97.049,170,74,96,,ok
KV threshold 1 - repeat 1,KV-cache detector,KV threshold,1.0,1,97.534,171,75,96,,ok
KV threshold 1 - repeat 1,KV-cache detector,KV threshold,1.0,1,98.007,171,76,95,,ok
KV threshold 1 - repeat 1,KV-cache detector,KV threshold,1.0,1,98.54,172,76,96,,ok
KV threshold 1 - repeat 1,KV-cache detector,KV threshold,1.0,1,99.038,173,77,96,,ok
KV threshold 1 - repeat 1,KV-cache detector,KV threshold,1.0,1,99.516,174,78,96,,ok
KV threshold 1 - repeat 1,KV-cache detector,KV threshold,1.0,1,100.035,175,79,96,,ok
KV threshold 1 - repeat 1,KV-cache detector,KV threshold,1.0,1,100.552,175,79,96,,ok
KV threshold 1 - repeat 1,KV-cache detector,KV threshold,1.0,1,101.017,176,80,96,,ok
KV threshold 1 - repeat 1,KV-cache detector,KV threshold,1.0,1,101.538,177,81,96,,ok
KV threshold 1 - repeat 1,KV-cache detector,KV threshold,1.0,1,102.019,177,82,95,,ok
KV threshold 1 - repeat 1,KV-cache detector,KV threshold,1.0,1,102.534,178,83,95,,ok
KV threshold 1 - repeat 1,KV-cache detector,KV threshold,1.0,1,103.05,179,83,96,,ok
KV threshold 1 - repeat 1,KV-cache detector,KV threshold,1.0,1,103.52,180,84,96,,ok
KV threshold 1 - repeat 1,KV-cache detector,KV threshold,1.0,1,104.036,181,85,96,,ok
KV threshold 1 - repeat 1,KV-cache detector,KV threshold,1.0,1,104.5,181,86,95,,ok
KV threshold 1 - repeat 1,KV-cache detector,KV threshold,1.0,1,105.019,182,86,96,,ok
KV threshold 1 - repeat 1,KV-cache detector,KV threshold,1.0,1,105.54,183,87,96,,ok
KV threshold 1 - repeat 1,KV-cache detector,KV threshold,1.0,1,106.004,184,88,96,,ok
KV threshold 1 - repeat 1,KV-cache detector,KV threshold,1.0,1,106.521,185,89,96,,ok
KV threshold 1 - repeat 1,KV-cache detector,KV threshold,1.0,1,107.048,185,89,96,,ok
KV threshold 1 - repeat 1,KV-cache detector,KV threshold,1.0,1,107.522,186,90,96,,ok
KV threshold 1 - repeat 1,KV-cache detector,KV threshold,1.0,1,108.049,187,91,96,,ok
KV threshold 1 - repeat 1,KV-cache detector,KV threshold,1.0,1,108.523,188,92,96,,ok
KV threshold 1 - repeat 1,KV-cache detector,KV threshold,1.0,1,109.043,189,93,96,,ok
KV threshold 1 - repeat 1,KV-cache detector,KV threshold,1.0,1,109.509,189,93,96,,ok
KV threshold 1 - repeat 1,KV-cache detector,KV threshold,1.0,1,110.03,190,94,96,,ok
KV threshold 1 - repeat 1,KV-cache detector,KV threshold,1.0,1,110.544,191,95,96,,ok
KV threshold 1 - repeat 1,KV-cache detector,KV threshold,1.0,1,111.022,191,96,95,,ok
KV threshold 1 - repeat 1,KV-cache detector,KV threshold,1.0,1,111.541,192,96,96,,ok
KV threshold 1 - repeat 1,KV-cache detector,KV threshold,1.0,1,112.018,193,97,96,,ok
KV threshold 1 - repeat 1,KV-cache detector,KV threshold,1.0,1,112.537,194,98,96,,ok
KV threshold 1 - repeat 1,KV-cache detector,KV threshold,1.0,1,113.026,194,98,96,,ok
KV threshold 1 - repeat 1,KV-cache detector,KV threshold,1.0,1,113.543,195,99,96,,ok
KV threshold 1 - repeat 1,KV-cache detector,KV threshold,1.0,1,114.016,196,100,96,,ok
KV threshold 1 - repeat 1,KV-cache detector,KV threshold,1.0,1,114.532,197,101,96,,ok
KV threshold 1 - repeat 1,KV-cache detector,KV threshold,1.0,1,115.018,198,102,96,,ok
KV threshold 1 - repeat 1,KV-cache detector,KV threshold,1.0,1,115.534,198,102,96,,ok
KV threshold 1 - repeat 1,KV-cache detector,KV threshold,1.0,1,116.048,199,103,96,,ok
KV threshold 1 - repeat 1,KV-cache detector,KV threshold,1.0,1,116.524,200,104,96,,ok
KV threshold 1 - repeat 1,KV-cache detector,KV threshold,1.0,1,117.009,201,105,96,,ok
KV threshold 1 - repeat 1,KV-cache detector,KV threshold,1.0,1,117.523,201,106,95,,ok
KV threshold 1 - repeat 1,KV-cache detector,KV threshold,1.0,1,118.035,202,106,96,,ok
KV threshold 1 - repeat 1,KV-cache detector,KV threshold,1.0,1,118.512,203,107,96,,ok
KV threshold 1 - repeat 1,KV-cache detector,KV threshold,1.0,1,119.03,204,108,96,,ok
KV threshold 1 - repeat 1,KV-cache detector,KV threshold,1.0,1,119.545,204,108,96,,ok
KV threshold 1 - repeat 1,KV-cache detector,KV threshold,1.0,1,120.01,205,109,96,,ok
KV threshold 1 - repeat 1,KV-cache detector,KV threshold,1.0,1,121.078,205,111,94,,ok
KV threshold 1 - repeat 1,KV-cache detector,KV threshold,1.0,1,121.541,208,112,96,,ok
KV threshold 1 - repeat 1,KV-cache detector,KV threshold,1.0,1,122.006,208,112,96,,ok
KV threshold 1 - repeat 1,KV-cache detector,KV threshold,1.0,1,122.522,209,113,96,,ok
KV threshold 1 - repeat 1,KV-cache detector,KV threshold,1.0,1,123.04,210,114,96,,ok
KV threshold 1 - repeat 1,KV-cache detector,KV threshold,1.0,1,123.504,210,115,95,,ok
KV threshold 1 - repeat 1,KV-cache detector,KV threshold,1.0,1,124.019,211,115,96,,ok
KV threshold 1 - repeat 1,KV-cache detector,KV threshold,1.0,1,124.5,212,116,96,,ok
KV threshold 1 - repeat 1,KV-cache detector,KV threshold,1.0,1,125.013,213,117,96,,ok
KV threshold 1 - repeat 1,KV-cache detector,KV threshold,1.0,1,125.54,213,117,96,,ok
KV threshold 1 - repeat 1,KV-cache detector,KV threshold,1.0,1,126.007,214,118,96,,ok
KV threshold 1 - repeat 1,KV-cache detector,KV threshold,1.0,1,126.534,215,119,96,,ok
KV threshold 1 - repeat 1,KV-cache detector,KV threshold,1.0,1,127.033,216,120,96,,ok
KV threshold 1 - repeat 1,KV-cache detector,KV threshold,1.0,1,127.505,217,121,96,,ok
KV threshold 1 - repeat 1,KV-cache detector,KV threshold,1.0,1,128.026,217,121,96,,ok
KV threshold 1 - repeat 1,KV-cache detector,KV threshold,1.0,1,128.519,218,122,96,,ok
KV threshold 1 - repeat 1,KV-cache detector,KV threshold,1.0,1,129.008,219,123,96,,ok
KV threshold 1 - repeat 1,KV-cache detector,KV threshold,1.0,1,129.527,220,124,96,,ok
KV threshold 1 - repeat 1,KV-cache detector,KV threshold,1.0,1,130.049,221,125,96,,ok
KV threshold 1 - repeat 1,KV-cache detector,KV threshold,1.0,1,130.524,221,125,96,,ok
KV threshold 1 - repeat 1,KV-cache detector,KV threshold,1.0,1,131.043,222,126,96,,ok
KV threshold 1 - repeat 1,KV-cache detector,KV threshold,1.0,1,131.506,223,127,96,,ok
KV threshold 1 - repeat 1,KV-cache detector,KV threshold,1.0,1,132.042,223,128,95,,ok
KV threshold 1 - repeat 1,KV-cache detector,KV threshold,1.0,1,132.51,224,128,96,,ok
KV threshold 1 - repeat 1,KV-cache detector,KV threshold,1.0,1,133.04,225,129,96,,ok
KV threshold 1 - repeat 1,KV-cache detector,KV threshold,1.0,1,133.502,226,130,96,,ok
KV threshold 1 - repeat 1,KV-cache detector,KV threshold,1.0,1,134.017,227,131,96,,ok
KV threshold 1 - repeat 1,KV-cache detector,KV threshold,1.0,1,134.551,227,131,96,,ok
KV threshold 1 - repeat 1,KV-cache detector,KV threshold,1.0,1,135.011,228,132,96,,ok
KV threshold 1 - repeat 1,KV-cache detector,KV threshold,1.0,1,135.532,229,133,96,,ok
KV threshold 1 - repeat 1,KV-cache detector,KV threshold,1.0,1,136.05,230,134,96,,ok
KV threshold 1 - repeat 1,KV-cache detector,KV threshold,1.0,1,136.514,230,134,96,,ok
KV threshold 1 - repeat 1,KV-cache detector,KV threshold,1.0,1,137.039,231,135,96,,ok
KV threshold 1 - repeat 1,KV-cache detector,KV threshold,1.0,1,137.541,232,136,96,,ok
KV threshold 1 - repeat 1,KV-cache detector,KV threshold,1.0,1,138.009,232,137,95,,ok
KV threshold 1 - repeat 1,KV-cache detector,KV threshold,1.0,1,138.536,233,138,95,,ok
KV threshold 1 - repeat 1,KV-cache detector,KV threshold,1.0,1,139.029,234,138,96,,ok
KV threshold 1 - repeat 1,KV-cache detector,KV threshold,1.0,1,139.548,235,139,96,,ok
KV threshold 1 - repeat 1,KV-cache detector,KV threshold,1.0,1,140.024,236,140,96,,ok
KV threshold 1 - repeat 1,KV-cache detector,KV threshold,1.0,1,140.543,236,140,96,,ok
KV threshold 1 - repeat 1,KV-cache detector,KV threshold,1.0,1,141.007,237,141,96,,ok
KV threshold 1 - repeat 1,KV-cache detector,KV threshold,1.0,1,141.534,238,142,96,,ok
KV threshold 1 - repeat 1,KV-cache detector,KV threshold,1.0,1,142.052,239,143,96,,ok
KV threshold 1 - repeat 1,KV-cache detector,KV threshold,1.0,1,142.52,239,144,95,,ok
KV threshold 1 - repeat 1,KV-cache detector,KV threshold,1.0,1,143.05,240,144,96,,ok
KV threshold 1 - repeat 1,KV-cache detector,KV threshold,1.0,1,143.528,241,145,96,,ok
KV threshold 1 - repeat 1,KV-cache detector,KV threshold,1.0,1,144.002,242,146,96,,ok
KV threshold 1 - repeat 1,KV-cache detector,KV threshold,1.0,1,144.515,242,147,95,,ok
KV threshold 1 - repeat 1,KV-cache detector,KV threshold,1.0,1,145.032,243,147,96,,ok
KV threshold 1 - repeat 1,KV-cache detector,KV threshold,1.0,1,145.541,244,148,96,,ok
KV threshold 1 - repeat 1,KV-cache detector,KV threshold,1.0,1,146.004,245,149,96,,ok
KV threshold 1 - repeat 1,KV-cache detector,KV threshold,1.0,1,146.525,245,149,96,,ok
KV threshold 1 - repeat 1,KV-cache detector,KV threshold,1.0,1,147.004,246,150,96,,ok
KV threshold 1 - repeat 1,KV-cache detector,KV threshold,1.0,1,147.541,247,151,96,,ok
KV threshold 1 - repeat 1,KV-cache detector,KV threshold,1.0,1,148.013,248,152,96,,ok
KV threshold 1 - repeat 1,KV-cache detector,KV threshold,1.0,1,148.544,249,153,96,,ok
KV threshold 1 - repeat 1,KV-cache detector,KV threshold,1.0,1,149.011,249,153,96,,ok
KV threshold 1 - repeat 1,KV-cache detector,KV threshold,1.0,1,149.535,250,154,96,,ok
KV threshold 1 - repeat 1,KV-cache detector,KV threshold,1.0,1,150.001,251,155,96,,ok
KV threshold 1 - repeat 1,KV-cache detector,KV threshold,1.0,1,151.469,251,157,94,,ok
KV threshold 1 - repeat 1,KV-cache detector,KV threshold,1.0,1,151.521,253,157,96,,ok
KV threshold 1 - repeat 1,KV-cache detector,KV threshold,1.0,1,152.044,254,158,96,,ok
KV threshold 1 - repeat 1,KV-cache detector,KV threshold,1.0,1,152.509,255,159,96,,ok
KV threshold 1 - repeat 1,KV-cache detector,KV threshold,1.0,1,153.021,255,159,96,,ok
KV threshold 1 - repeat 1,KV-cache detector,KV threshold,1.0,1,153.5,256,160,96,,ok
KV threshold 1 - repeat 1,KV-cache detector,KV threshold,1.0,1,154.019,257,161,96,,ok
KV threshold 1 - repeat 1,KV-cache detector,KV threshold,1.0,1,154.535,258,162,96,,ok
KV threshold 1 - repeat 1,KV-cache detector,KV threshold,1.0,1,155.009,258,162,96,,ok
KV threshold 1 - repeat 1,KV-cache detector,KV threshold,1.0,1,155.539,259,163,96,,ok
KV threshold 1 - repeat 1,KV-cache detector,KV threshold,1.0,1,156.002,260,164,96,,ok
KV threshold 1 - repeat 1,KV-cache detector,KV threshold,1.0,1,156.521,260,165,95,,ok
KV threshold 1 - repeat 1,KV-cache detector,KV threshold,1.0,1,157.035,261,166,95,,ok
KV threshold 1 - repeat 1,KV-cache detector,KV threshold,1.0,1,157.53,262,166,96,,ok
KV threshold 1 - repeat 1,KV-cache detector,KV threshold,1.0,1,158.027,263,167,96,,ok
KV threshold 1 - repeat 1,KV-cache detector,KV threshold,1.0,1,158.537,264,168,96,,ok
KV threshold 1 - repeat 1,KV-cache detector,KV threshold,1.0,1,159.007,264,168,96,,ok
KV threshold 1 - repeat 1,KV-cache detector,KV threshold,1.0,1,159.539,265,169,96,,ok
KV threshold 1 - repeat 1,KV-cache detector,KV threshold,1.0,1,160.002,266,170,96,,ok
KV threshold 1 - repeat 1,KV-cache detector,KV threshold,1.0,1,160.52,267,171,96,,ok
KV threshold 1 - repeat 1,KV-cache detector,KV threshold,1.0,1,161.046,268,172,96,,ok
KV threshold 1 - repeat 1,KV-cache detector,KV threshold,1.0,1,161.511,268,172,96,,ok
KV threshold 1 - repeat 1,KV-cache detector,KV threshold,1.0,1,162.032,269,173,96,,ok
KV threshold 1 - repeat 1,KV-cache detector,KV threshold,1.0,1,162.512,270,174,96,,ok
KV threshold 1 - repeat 1,KV-cache detector,KV threshold,1.0,1,163.032,271,175,96,,ok
KV threshold 1 - repeat 1,KV-cache detector,KV threshold,1.0,1,163.548,271,176,95,,ok
KV threshold 1 - repeat 1,KV-cache detector,KV threshold,1.0,1,164.009,272,176,96,,ok
KV threshold 1 - repeat 1,KV-cache detector,KV threshold,1.0,1,164.524,273,177,96,,ok
KV threshold 1 - repeat 1,KV-cache detector,KV threshold,1.0,1,165.043,274,178,96,,ok
KV threshold 1 - repeat 1,KV-cache detector,KV threshold,1.0,1,165.505,274,178,96,,ok
KV threshold 1 - repeat 1,KV-cache detector,KV threshold,1.0,1,166.024,275,179,96,,ok
KV threshold 1 - repeat 1,KV-cache detector,KV threshold,1.0,1,166.548,276,180,96,,ok
KV threshold 1 - repeat 1,KV-cache detector,KV threshold,1.0,1,167.021,277,181,96,,ok
KV threshold 1 - repeat 1,KV-cache detector,KV threshold,1.0,1,167.542,277,181,96,,ok
KV threshold 1 - repeat 1,KV-cache detector,KV threshold,1.0,1,168.024,278,182,96,,ok
KV threshold 1 - repeat 1,KV-cache detector,KV threshold,1.0,1,168.548,279,183,96,,ok
KV threshold 1 - repeat 1,KV-cache detector,KV threshold,1.0,1,169.047,280,184,96,,ok
KV threshold 1 - repeat 1,KV-cache detector,KV threshold,1.0,1,169.536,281,185,96,,ok
KV threshold 1 - repeat 1,KV-cache detector,KV threshold,1.0,1,170.001,281,185,96,,ok
KV threshold 1 - repeat 1,KV-cache detector,KV threshold,1.0,1,170.534,282,186,96,,ok
KV threshold 1 - repeat 1,KV-cache detector,KV threshold,1.0,1,171.051,283,187,96,,ok
KV threshold 1 - repeat 1,KV-cache detector,KV threshold,1.0,1,171.517,283,188,95,,ok
KV threshold 1 - repeat 1,KV-cache detector,KV threshold,1.0,1,172.049,284,188,96,,ok
KV threshold 1 - repeat 1,KV-cache detector,KV threshold,1.0,1,172.519,285,189,96,,ok
KV threshold 1 - repeat 1,KV-cache detector,KV threshold,1.0,1,173.003,286,190,96,,ok
KV threshold 1 - repeat 1,KV-cache detector,KV threshold,1.0,1,173.52,287,191,96,,ok
KV threshold 1 - repeat 1,KV-cache detector,KV threshold,1.0,1,174.045,287,191,96,,ok
KV threshold 1 - repeat 1,KV-cache detector,KV threshold,1.0,1,174.514,288,192,96,,ok
KV threshold 1 - repeat 1,KV-cache detector,KV threshold,1.0,1,175.027,289,193,96,,ok
KV threshold 1 - repeat 1,KV-cache detector,KV threshold,1.0,1,175.502,290,194,96,,ok
KV threshold 1 - repeat 1,KV-cache detector,KV threshold,1.0,1,176.023,291,195,96,,ok
KV threshold 1 - repeat 1,KV-cache detector,KV threshold,1.0,1,176.55,291,195,96,,ok
KV threshold 1 - repeat 1,KV-cache detector,KV threshold,1.0,1,177.02,292,196,96,,ok
KV threshold 1 - repeat 1,KV-cache detector,KV threshold,1.0,1,177.501,292,197,95,,ok
KV threshold 1 - repeat 1,KV-cache detector,KV threshold,1.0,1,178.039,293,198,95,,ok
KV threshold 1 - repeat 1,KV-cache detector,KV threshold,1.0,1,178.526,294,198,96,,ok
KV threshold 1 - repeat 1,KV-cache detector,KV threshold,1.0,1,179.037,295,199,96,,ok
KV threshold 1 - repeat 1,KV-cache detector,KV threshold,1.0,1,179.519,296,200,96,,ok
