repeat,batch_job_number,completion_http_status,result_count,duplicate_result,completion_latency_ms
1,1,200,1,false,4075.6709575653076
1,2,200,1,false,4903.727054595947
1,3,200,1,false,4903.730154037476
1,4,200,1,false,4903.731822967529
1,5,200,1,false,4903.731822967529
1,6,200,1,false,4903.733015060425
1,7,200,1,false,4903.733968734741
1,8,200,1,false,4903.733968734741
1,9,200,1,false,4903.733968734741
1,10,200,1,false,4903.734922409058
1,11,200,1,false,4903.734922409058
1,12,200,1,false,4903.736114501953
1,13,200,1,false,4903.736114501953
1,14,200,1,false,4903.7370681762695
1,15,200,1,false,4903.7370681762695
1,16,200,1,false,4903.7370681762695
1,17,200,1,false,4903.738021850586
1,18,200,1,false,4903.738021850586
1,19,200,1,false,4903.738975524902
1,20,200,1,false,4903.738975524902
1,21,200,1,false,4903.740167617798
1,22,200,1,false,4903.740167617798
1,23,200,1,false,4903.740167617798
1,24,200,1,false,4903.740882873535
1,25,200,1,false,7908.216953277588
1,26,200,1,false,8689.164876937866
1,27,200,1,false,8689.167976379395
1,28,200,1,false,8689.16916847229
1,29,200,1,false,8689.169883728027
1,30,200,1,false,8689.170837402344
1,31,200,1,false,8689.170837402344
1,32,200,1,false,8689.17179107666
1,33,200,1,false,8689.17179107666
1,34,200,1,false,8689.172983169556
1,35,200,1,false,8689.173936843872
1,36,200,1,false,8689.174890518188
1,37,200,1,false,8689.176082611084
1,38,200,1,false,8689.176082611084
1,39,200,1,false,8689.1770362854
1,40,200,1,false,8689.1770362854
1,41,200,1,false,8689.1770362854
1,42,200,1,false,8689.177989959717
1,43,200,1,false,8689.179182052612
1,44,200,1,false,8689.179182052612
1,45,200,1,false,8689.179182052612
1,46,200,1,false,8689.180135726929
1,47,200,1,false,8689.180135726929
1,48,200,1,false,8689.180135726929
1,49,200,1,false,11557.532787322998
1,50,200,1,false,12369.510173797607
1,51,200,1,false,12369.511842727661
1,52,200,1,false,12369.512796401978
1,53,200,1,false,12369.512796401978
1,54,200,1,false,12369.513988494873
1,55,200,1,false,12369.51494216919
1,56,200,1,false,12369.515895843506
1,57,200,1,false,12369.515895843506
1,58,200,1,false,12369.517087936401
1,59,200,1,false,12369.517087936401
1,60,200,1,false,12369.518041610718
1,61,200,1,false,12369.518041610718
1,62,200,1,false,12369.518995285034
1,63,200,1,false,7036.390066146851
1,64,200,1,false,12369.51994895935
1,65,200,1,false,7036.3922119140625
1,66,200,1,false,7973.695993423462
1,67,200,1,false,12369.522094726562
1,68,200,1,false,7036.393165588379
1,69,200,1,false,7036.393880844116
1,70,200,1,false,7036.393880844116
1,71,200,1,false,7036.395072937012
1,72,200,1,false,7036.395072937012
1,73,200,1,false,9963.198900222778
1,74,200,1,false,10594.954013824463
1,75,200,1,false,10594.957113265991
1,76,200,1,false,10594.958066940308
1,77,200,1,false,10594.974279403687
1,78,200,1,false,10594.979047775269
1,79,200,1,false,10594.980001449585
1,80,200,1,false,10594.98119354248
1,81,200,1,false,10594.98119354248
1,82,200,1,false,10594.982147216797
1,83,200,1,false,10594.983100891113
1,84,200,1,false,10594.983100891113
1,85,200,1,false,10594.983100891113
1,86,200,1,false,10594.98405456543
1,87,200,1,false,6840.23904800415
1,88,200,1,false,6840.240240097046
1,89,200,1,false,10594.985961914062
1,90,200,1,false,6840.240955352783
1,91,200,1,false,7654.278993606567
1,92,200,1,false,10594.986915588379
1,93,200,1,false,6840.2419090271
1,94,200,1,false,6840.271234512329
1,95,200,1,false,6840.271949768066
1,96,200,1,false,6840.272903442383
1,97,200,1,false,9674.80206489563
1,98,200,1,false,10420.872926712036
1,99,200,1,false,10420.876026153564
1,100,200,1,false,10420.876026153564
1,101,200,1,false,10420.87721824646
1,102,200,1,false,10420.878171920776
1,103,200,1,false,10420.878171920776
1,104,200,1,false,10420.879125595093
1,105,200,1,false,10420.87984085083
1,106,200,1,false,10420.881032943726
1,107,200,1,false,10420.895099639893
1,108,200,1,false,10420.896053314209
1,109,200,1,false,10420.896053314209
1,110,200,1,false,10420.89819908142
1,111,200,1,false,10420.899152755737
1,112,200,1,false,6740.551233291626
1,113,200,1,false,6740.552186965942
1,114,200,1,false,7564.455032348633
1,115,200,1,false,10420.90106010437
1,116,200,1,false,6740.554094314575
1,117,200,1,false,6740.554094314575
1,118,200,1,false,6740.555047988892
1,119,200,1,false,6740.555047988892
1,120,200,1,false,6740.556001663208
1,121,200,1,false,9651.729106903076
1,122,200,1,false,10377.00605392456
1,123,200,1,false,10377.009153366089
1,124,200,1,false,10377.010107040405
1,125,200,1,false,10377.010107040405
1,126,200,1,false,10377.0112991333
1,127,200,1,false,10377.012014389038
1,128,200,1,false,10377.012968063354
1,129,200,1,false,10377.012968063354
1,130,200,1,false,10377.01416015625
1,131,200,1,false,10377.015113830566
1,132,200,1,false,10377.015113830566
1,133,200,1,false,10377.016067504883
1,134,200,1,false,10377.016067504883
1,135,200,1,false,6701.351881027222
1,136,200,1,false,10377.0170211792
1,137,200,1,false,6701.353073120117
1,138,200,1,false,10377.018213272095
1,139,200,1,false,7541.468858718872
1,140,200,1,false,6701.354026794434
1,141,200,1,false,6701.35498046875
1,142,200,1,false,6701.35498046875
1,143,200,1,false,6701.35498046875
1,144,200,1,false,6701.3561725616455
1,145,200,1,false,9151.527881622314
1,146,200,1,false,9151.532173156738
1,147,200,1,false,9151.533126831055
1,148,200,1,false,9151.533842086792
1,149,200,1,false,9151.533842086792
1,150,200,1,false,9151.54480934143
1,151,200,1,false,9151.546001434326
1,152,200,1,false,9151.546955108643
1,153,200,1,false,9151.546955108643
1,154,200,1,false,9151.546955108643
1,155,200,1,false,9151.547908782959
1,156,200,1,false,9151.547908782959
1,157,200,1,false,9151.547908782959
1,158,200,1,false,9151.548862457275
1,159,200,1,false,9151.548862457275
1,160,200,1,false,6421.618938446045
1,161,200,1,false,5622.367143630981
1,162,200,1,false,9151.551008224487
1,163,200,1,false,5622.369050979614
1,164,200,1,false,5622.369050979614
1,165,200,1,false,5622.369050979614
1,166,200,1,false,5622.37024307251
1,167,200,1,false,5622.37024307251
1,168,200,1,false,5622.371196746826
1,169,200,1,false,8888.391971588135
1,170,200,1,false,9683.564186096191
1,171,200,1,false,9683.56704711914
1,172,200,1,false,9683.568000793457
1,173,200,1,false,9683.568954467773
1,174,200,1,false,9683.576107025146
1,175,200,1,false,9683.577299118042
1,176,200,1,false,9683.577299118042
1,177,200,1,false,9683.57801437378
1,178,200,1,false,9683.578968048096
1,179,200,1,false,9683.578968048096
1,180,200,1,false,9683.579921722412
1,181,200,1,false,9683.579921722412
1,182,200,1,false,6815.932035446167
1,183,200,1,false,9683.582067489624
1,184,200,1,false,6109.884977340698
1,185,200,1,false,6109.885931015015
1,186,200,1,false,6109.88712310791
1,187,200,1,false,9683.584213256836
1,188,200,1,false,6109.888076782227
1,189,200,1,false,6109.889030456543
1,190,200,1,false,6109.889030456543
1,191,200,1,false,6109.889984130859
1,192,200,1,false,9683.587074279785
1,193,200,1,false,8952.563047409058
1,194,200,1,false,9799.940824508667
1,195,200,1,false,9799.942970275879
1,196,200,1,false,9799.943923950195
1,197,200,1,false,9799.94511604309
1,198,200,1,false,9799.946069717407
1,199,200,1,false,9799.947023391724
1,200,200,1,false,9799.94797706604
1,201,200,1,false,9799.94797706604
1,202,200,1,false,9799.953937530518
1,203,200,1,false,9799.953937530518
1,204,200,1,false,9799.954891204834
1,205,200,1,false,9799.954891204834
1,206,200,1,false,7338.608980178833
1,207,200,1,false,7338.609933853149
1,208,200,1,false,9799.957036972046
1,209,200,1,false,7338.610887527466
1,210,200,1,false,7338.610887527466
1,211,200,1,false,9799.959182739258
1,212,200,1,false,7338.613033294678
1,213,200,1,false,7338.613033294678
1,214,200,1,false,7338.613748550415
1,215,200,1,false,9799.960851669312
1,216,200,1,false,7338.614702224731
1,217,200,1,false,10139.184951782227
1,218,200,1,false,11121.279954910278
1,219,200,1,false,11121.281862258911
1,220,200,1,false,11121.282815933228
1,221,200,1,false,11121.282815933228
1,222,200,1,false,11121.283769607544
1,223,200,1,false,11121.28496170044
1,224,200,1,false,11121.28496170044
1,225,200,1,false,11121.285915374756
1,226,200,1,false,11121.285915374756
1,227,200,1,false,11121.286869049072
1,228,200,1,false,11121.288061141968
1,229,200,1,false,11121.288061141968
1,230,200,1,false,11121.289014816284
1,231,200,1,false,7084.059238433838
1,232,200,1,false,11121.2899684906
1,233,200,1,false,7084.060907363892
1,234,200,1,false,7084.06400680542
1,235,200,1,false,7886.5251541137695
1,236,200,1,false,11121.295928955078
1,237,200,1,false,7084.066152572632
1,238,200,1,false,7084.067106246948
1,239,200,1,false,7084.067106246948
1,240,200,1,false,7084.068059921265
1,241,200,1,false,9568.413972854614
1,242,200,1,false,10395.970106124878
1,243,200,1,false,10395.974159240723
1,244,200,1,false,10395.976066589355
1,245,200,1,false,10395.977973937988
1,246,200,1,false,10395.9801197052
1,247,200,1,false,10395.982027053833
1,248,200,1,false,10395.983219146729
1,249,200,1,false,10395.985126495361
1,250,200,1,false,10395.987033843994
1,251,200,1,false,10395.98798751831
1,252,200,1,false,10395.990133285522
1,253,200,1,false,10395.991086959839
1,254,200,1,false,6594.872951507568
1,255,200,1,false,7531.112909317017
1,256,200,1,false,10395.99633216858
1,257,200,1,false,6594.8779582977295
1,258,200,1,false,10395.99895477295
1,259,200,1,false,6594.881057739258
1,260,200,1,false,6594.882011413574
1,261,200,1,false,10396.002054214478
1,262,200,1,false,6594.8851108551025
1,263,200,1,false,6594.886064529419
1,264,200,1,false,6594.888210296631
1,265,200,1,false,9638.224124908447
1,266,200,1,false,9638.229846954346
1,267,200,1,false,9638.231039047241
1,268,200,1,false,9638.231992721558
1,269,200,1,false,9638.232946395874
1,270,200,1,false,9638.23413848877
1,271,200,1,false,9638.235092163086
1,272,200,1,false,9638.236045837402
1,273,200,1,false,9638.236045837402
1,274,200,1,false,9638.237237930298
1,275,200,1,false,9638.237953186035
1,276,200,1,false,9638.237953186035
1,277,200,1,false,9638.238906860352
1,278,200,1,false,4741.415977478027
1,279,200,1,false,9638.241052627563
1,280,200,1,false,4741.418123245239
1,281,200,1,false,9638.24200630188
1,282,200,1,false,7015.506982803345
1,283,200,1,false,4741.420030593872
1,284,200,1,false,9638.244152069092
1,285,200,1,false,4741.421222686768
1,286,200,1,false,4741.422176361084
1,287,200,1,false,4741.422176361084
1,288,200,1,false,4741.4231300354
1,289,200,1,false,8208.863973617554
1,290,200,1,false,8832.673072814941
1,291,200,1,false,8832.675218582153
1,292,200,1,false,8832.67617225647
1,293,200,1,false,8832.678318023682
1,294,200,1,false,8832.679033279419
1,295,200,1,false,8832.679033279419
1,296,200,1,false,8832.679986953735
1,297,200,1,false,8832.680940628052
1,298,200,1,false,8832.682132720947
1,299,200,1,false,8832.683086395264
1,300,200,1,false,8832.683086395264
1,301,200,1,false,8832.68404006958
1,302,200,1,false,7549.654245376587
1,303,200,1,false,8832.686185836792
1,304,200,1,false,6284.001111984253
1,305,200,1,false,6284.002065658569
1,306,200,1,false,8832.687139511108
1,307,200,1,false,6284.00993347168
1,308,200,1,false,6284.011125564575
1,309,200,1,false,6284.011125564575
1,310,200,1,false,8832.69715309143
1,311,200,1,false,6284.013032913208
1,312,200,1,false,6284.013032913208
1,313,200,1,false,10063.855171203613
1,314,200,1,false,10687.182903289795
1,315,200,1,false,10687.186002731323
1,316,200,1,false,10687.186002731323
1,317,200,1,false,10687.18695640564
1,318,200,1,false,10687.187910079956
1,319,200,1,false,10687.189102172852
1,320,200,1,false,10687.190055847168
1,321,200,1,false,10687.190055847168
1,322,200,1,false,10687.191009521484
1,323,200,1,false,10687.191009521484
1,324,200,1,false,10687.19220161438
1,325,200,1,false,10687.193155288696
1,326,200,1,false,7765.305042266846
1,327,200,1,false,7765.305757522583
1,328,200,1,false,10687.193870544434
1,329,200,1,false,10687.19482421875
1,330,200,1,false,7765.307903289795
1,331,200,1,false,7765.307903289795
1,332,200,1,false,10687.196016311646
1,333,200,1,false,7765.308856964111
1,334,200,1,false,7765.309810638428
1,335,200,1,false,7765.309810638428
1,336,200,1,false,7765.311002731323
1,337,200,1,false,7765.311002731323
1,338,200,1,false,11209.61308479309
1,339,200,1,false,11871.050834655762
1,340,200,1,false,11871.055841445923
1,341,200,1,false,11871.057748794556
1,342,200,1,false,11871.059894561768
1,343,200,1,false,11871.22392654419
1,344,200,1,false,11871.227741241455
1,345,200,1,false,11871.22893333435
1,346,200,1,false,11871.229887008667
1,347,200,1,false,11871.230840682983
1,348,200,1,false,11871.232032775879
1,349,200,1,false,11871.232986450195
1,350,200,1,false,7720.260143280029
1,351,200,1,false,11871.234893798828
1,352,200,1,false,7720.262289047241
1,353,200,1,false,8838.491916656494
1,354,200,1,false,7720.263957977295
1,355,200,1,false,11871.238946914673
1,356,200,1,false,7720.26515007019
1,357,200,1,false,7720.266103744507
1,358,200,1,false,7720.266103744507
1,359,200,1,false,7720.267057418823
1,360,200,1,false,7720.267057418823
1,361,200,1,false,11871.240854263306
1,362,200,1,false,12948.460102081299
1,363,200,1,false,13559.148073196411
1,364,200,1,false,13559.15117263794
1,365,200,1,false,13559.153079986572
1,366,200,1,false,13559.154033660889
1,367,200,1,false,13559.154987335205
1,368,200,1,false,13559.155941009521
1,369,200,1,false,13559.157133102417
1,370,200,1,false,13559.15904045105
1,371,200,1,false,13559.160232543945
1,372,200,1,false,13559.161186218262
1,373,200,1,false,13559.162139892578
1,374,200,1,false,12762.471914291382
1,375,200,1,false,13430.91607093811
1,376,200,1,false,13430.921077728271
1,377,200,1,false,13430.922031402588
1,378,200,1,false,13430.922031402588
1,379,200,1,false,13430.922985076904
1,380,200,1,false,13430.9241771698
1,381,200,1,false,13430.925130844116
1,382,200,1,false,13430.926084518433
1,383,200,1,false,13430.927276611328
1,384,200,1,false,13430.927276611328
1,385,200,1,false,13430.928230285645
1,386,200,1,false,14725.245952606201
1,387,200,1,false,11322.267293930054
1,388,200,1,false,15395.931959152222
1,389,200,1,false,11322.27110862732
1,390,200,1,false,15395.93505859375
1,391,200,1,false,15395.936012268066
1,392,200,1,false,12054.276943206787
1,393,200,1,false,15395.936965942383
1,394,200,1,false,15395.938158035278
1,395,200,1,false,11322.27611541748
1,396,200,1,false,19431.801080703735
1,397,200,1,false,15395.9481716156
1,398,200,1,false,15395.949125289917
1,399,200,1,false,19945.635080337524
1,400,200,1,false,20565.233945846558
1,401,200,1,false,20565.239191055298
1,402,200,1,false,24601.105213165283
1,403,200,1,false,21290.883779525757
1,404,200,1,false,20565.253257751465
1,405,200,1,false,24601.115226745605
1,406,200,1,false,16491.591215133667
1,407,200,1,false,16491.591930389404
1,408,200,1,false,16491.59288406372
1,409,200,1,false,16491.59288406372
1,410,200,1,false,18267.78817176819
1,411,200,1,false,18888.60011100769
1,412,200,1,false,18888.607025146484
1,413,200,1,false,18888.675212860107
1,414,200,1,false,18888.67712020874
1,415,200,1,false,18888.767957687378
1,416,200,1,false,18888.77010345459
1,417,200,1,false,18888.771057128906
1,418,200,1,false,18888.773202896118
1,419,200,1,false,18888.773202896118
1,420,200,1,false,18888.774156570435
1,421,200,1,false,18888.77511024475
1,422,200,1,false,20659.972190856934
1,423,200,1,false,23281.445264816284
1,424,200,1,false,23895.34902572632
1,425,200,1,false,18087.128162384033
1,426,200,1,false,18087.132930755615
1,427,200,1,false,18735.427618026733
1,428,200,1,false,23895.387172698975
1,429,200,1,false,18087.162017822266
1,430,200,1,false,18087.1639251709
1,431,200,1,false,18087.16607093811
1,432,200,1,false,18846.53902053833
1,433,200,1,false,19478.129863739014
1,434,200,1,false,19478.132963180542
1,435,200,1,false,19478.135108947754
1,436,200,1,false,19478.13606262207
1,437,200,1,false,16272.28331565857
1,438,200,1,false,15608.285903930664
1,439,200,1,false,15608.28685760498
1,440,200,1,false,19478.13892364502
1,441,200,1,false,15608.287811279297
1,442,200,1,false,15608.289003372192
1,443,200,1,false,16270.120859146118
1,444,200,1,false,16270.124912261963
1,445,200,1,false,16270.127058029175
1,446,200,1,false,17364.588022232056
1,447,200,1,false,19703.953981399536
1,448,200,1,false,18301.29909515381
1,449,200,1,false,18301.30910873413
1,450,200,1,false,18976.08709335327
1,451,200,1,false,20320.847988128662
1,452,200,1,false,20320.84894180298
1,453,200,1,false,18301.337242126465
1,454,200,1,false,18301.33819580078
1,455,200,1,false,18959.841012954712
1,456,200,1,false,19691.002130508423
1,457,200,1,false,19691.007137298584
1,458,200,1,false,19691.017150878906
1,459,200,1,false,19691.01905822754
1,460,200,1,false,19691.02120399475
1,461,200,1,false,19691.022157669067
1,462,200,1,false,15184.082984924316
1,463,200,1,false,15184.085845947266
1,464,200,1,false,20308.81690979004
1,465,200,1,false,15822.084903717041
1,466,200,1,false,15184.088945388794
1,467,200,1,false,15184.088945388794
1,468,200,1,false,15796.098947525024
1,469,200,1,false,15796.10300064087
1,470,200,1,false,16512.266159057617
1,471,200,1,false,16360.403060913086
1,472,200,1,false,18856.105089187622
1,473,200,1,false,16360.414028167725
1,474,200,1,false,18856.1110496521
1,475,200,1,false,17122.41792678833
1,476,200,1,false,19566.09797477722
1,477,200,1,false,17070.409059524536
1,478,200,1,false,17070.41096687317
1,479,200,1,false,17713.670253753662
1,480,200,1,false,18351.290225982666
1,481,200,1,false,18351.2921333313
1,482,200,1,false,18351.294994354248
1,483,200,1,false,18351.295948028564
1,484,200,1,false,18351.295948028564
1,485,200,1,false,16683.173179626465
1,486,200,1,false,13418.408870697021
1,487,200,1,false,13418.409824371338
1,488,200,1,false,13418.41197013855
1,489,200,1,false,18351.30214691162
1,490,200,1,false,14155.743837356567
1,491,200,1,false,14155.74598312378
1,492,200,1,false,14155.746936798096
1,493,200,1,false,14768.123865127563
1,494,200,1,false,16031.716108322144
1,495,200,1,false,15207.796096801758
1,496,200,1,false,15818.848133087158
1,497,200,1,false,17192.380905151367
1,498,200,1,false,15818.852186203003
1,499,200,1,false,15085.405826568604
1,500,200,1,false,17193.299055099487
1,501,200,1,false,16522.499084472656
1,502,200,1,false,15789.053916931152
1,503,200,1,false,17285.414218902588
1,504,200,1,false,17285.417079925537
1,505,200,1,false,17285.418033599854
1,506,200,1,false,17285.41922569275
1,507,200,1,false,17285.420179367065
1,508,200,1,false,15547.526836395264
1,509,200,1,false,12544.373989105225
1,510,200,1,false,17285.43210029602
1,511,200,1,false,12544.376134872437
1,512,200,1,false,16551.987886428833
1,513,200,1,false,12544.37804222107
1,514,200,1,false,13267.366886138916
1,515,200,1,false,13267.376184463501
1,516,200,1,false,13267.377853393555
1,517,200,1,false,13734.745979309082
1,518,200,1,false,15029.399156570435
1,519,200,1,false,14269.761085510254
1,520,200,1,false,15506.909132003784
1,521,200,1,false,17517.79294013977
1,522,200,1,false,15506.916999816895
1,523,200,1,false,14892.457962036133
1,524,200,1,false,14892.45891571045
1,525,200,1,false,14892.459869384766
1,526,200,1,false,16120.269060134888
1,527,200,1,false,15505.811929702759
1,528,200,1,false,16120.274066925049
1,529,200,1,false,15505.815744400024
1,530,200,1,false,14866.452932357788
1,531,200,1,false,14153.263807296753
1,532,200,1,false,16120.280981063843
1,533,200,1,false,16120.283126831055
1,534,200,1,false,12357.800245285034
1,535,200,1,false,12357.805013656616
1,536,200,1,false,15501.451969146729
1,537,200,1,false,11713.052988052368
1,538,200,1,false,12955.942153930664
1,539,200,1,false,12955.945253372192
1,540,200,1,false,12327.406883239746
1,541,200,1,false,13301.855087280273
1,542,200,1,false,12972.436904907227
1,543,200,1,false,15521.80814743042
1,544,200,1,false,14893.271207809448
1,545,200,1,false,13622.040033340454
1,546,200,1,false,13622.040748596191
1,547,200,1,false,14233.750104904175
1,548,200,1,false,14233.752012252808
1,549,200,1,false,14233.75391960144
1,550,200,1,false,14969.815015792847
1,551,200,1,false,14969.818830490112
1,552,200,1,false,13620.918989181519
1,553,200,1,false,14250.262975692749
1,554,200,1,false,14250.263929367065
1,555,200,1,false,11207.152128219604
1,556,200,1,false,14969.824075698853
1,557,200,1,false,13006.294012069702
1,558,200,1,false,14969.825983047485
1,559,200,1,false,11093.914031982422
1,560,200,1,false,14886.924982070923
1,561,200,1,false,11843.814134597778
1,562,200,1,false,11843.815326690674
1,563,200,1,false,12482.882022857666
1,564,200,1,false,11734.472036361694
1,565,200,1,false,11727.60009765625
1,566,200,1,false,13827.531099319458
1,567,200,1,false,12345.028162002563
1,568,200,1,false,12345.031023025513
1,569,200,1,false,13302.601099014282
1,570,200,1,false,14653.65195274353
1,571,200,1,false,13921.041011810303
1,572,200,1,false,13921.042919158936
1,573,200,1,false,13921.044111251831
1,574,200,1,false,13921.046018600464
1,575,200,1,false,13921.049118041992
1,576,200,1,false,13196.26498222351
1,577,200,1,false,13196.266174316406
1,578,200,1,false,13921.051979064941
1,579,200,1,false,9639.203786849976
1,580,200,1,false,13921.054124832153
1,581,200,1,false,12057.124137878418
1,582,200,1,false,11433.578968048096
1,583,200,1,false,9639.209032058716
1,584,200,1,false,14734.221935272217
1,585,200,1,false,11850.085973739624
1,586,200,1,false,11850.090980529785
1,587,200,1,false,11850.093126296997
1,588,200,1,false,11218.109130859375
1,589,200,1,false,11848.54507446289
1,590,200,1,false,12448.755025863647
1,591,200,1,false,13080.748081207275
1,592,200,1,false,13103.697061538696
1,593,200,1,false,15013.345003128052
1,594,200,1,false,13739.516973495483
1,595,200,1,false,13739.522218704224
1,596,200,1,false,13739.524126052856
1,597,200,1,false,13119.549036026001
1,598,200,1,false,13835.242986679077
1,599,200,1,false,13215.505123138428
1,600,200,1,false,14455.22427558899
1,601,200,1,false,13215.508222579956
1,602,200,1,false,12258.74400138855
1,603,200,1,false,13835.2530002594
1,604,200,1,false,13215.512990951538
1,605,200,1,false,10046.907901763916
1,606,200,1,false,10676.997900009155
1,607,200,1,false,11307.811975479126
1,608,200,1,false,13962.732076644897
1,609,200,1,false,11424.22080039978
1,610,200,1,false,11424.223899841309
1,611,200,1,false,10794.135808944702
1,612,200,1,false,10071.890830993652
1,613,200,1,false,11120.668888092041
1,614,200,1,false,12786.089897155762
1,615,200,1,false,12705.656051635742
1,616,200,1,false,12705.659866333008
1,617,200,1,false,14057.997703552246
1,618,200,1,false,12705.664873123169
1,619,200,1,false,12705.666065216064
1,620,200,1,false,13417.015075683594
1,621,200,1,false,12781.414985656738
1,622,200,1,false,12781.416893005371
1,623,200,1,false,13417.020797729492
1,624,200,1,false,12781.419038772583
1,625,200,1,false,13417.022943496704
1,626,200,1,false,12781.4199924469
1,627,200,1,false,10807.743072509766
1,628,200,1,false,10807.744026184082
1,629,200,1,false,12781.421899795532
1,630,200,1,false,11423.892974853516
1,631,200,1,false,9756.875038146973
1,632,200,1,false,12700.793027877808
1,633,200,1,false,10380.785942077637
1,634,200,1,false,10380.789995193481
1,635,200,1,false,12075.41799545288
1,636,200,1,false,10380.795001983643
1,637,200,1,false,11541.100025177002
1,638,200,1,false,12688.036918640137
1,639,200,1,false,12688.040018081665
1,640,200,1,false,12688.041925430298
1,641,200,1,false,12688.043117523193
1,642,200,1,false,13445.069074630737
1,643,200,1,false,12688.045024871826
1,644,200,1,false,12688.045740127563
1,645,200,1,false,13399.039030075073
1,646,200,1,false,11971.731185913086
1,647,200,1,false,13399.043798446655
1,648,200,1,false,11288.520812988281
1,649,200,1,false,14681.632041931152
1,650,200,1,false,11962.386131286621
1,651,200,1,false,12571.111917495728
1,652,200,1,false,11344.63381767273
1,653,200,1,false,10708.194971084595
1,654,200,1,false,12571.115016937256
1,655,200,1,false,10055.742979049683
1,656,200,1,false,12571.116924285889
1,657,200,1,false,10055.743932723999
1,658,200,1,false,10055.745124816895
1,659,200,1,false,11344.63906288147
1,660,200,1,false,10028.946876525879
1,661,200,1,false,10690.444946289062
1,662,200,1,false,11605.788230895996
1,663,200,1,false,12350.722074508667
1,664,200,1,false,11605.798959732056
1,665,200,1,false,11605.802059173584
1,666,200,1,false,12350.729942321777
1,667,200,1,false,11605.806112289429
1,668,200,1,false,11605.808019638062
1,669,200,1,false,12229.571104049683
1,670,200,1,false,11510.974168777466
1,671,200,1,false,12861.73415184021
1,672,200,1,false,12143.136978149414
1,673,200,1,false,12143.13793182373
1,674,200,1,false,12143.138885498047
1,675,200,1,false,12861.740112304688
1,676,200,1,false,11100.573778152466
1,677,200,1,false,10171.486139297485
1,678,200,1,false,9528.943061828613
1,679,200,1,false,9528.943061828613
1,680,200,1,false,12784.960985183716
1,681,200,1,false,10170.76301574707
1,682,200,1,false,9435.566186904907
1,683,200,1,false,10798.747062683105
1,684,200,1,false,10063.551187515259
1,685,200,1,false,11011.18516921997
1,686,200,1,false,12453.555822372437
1,687,200,1,false,11718.364238739014
1,688,200,1,false,11718.366146087646
1,689,200,1,false,12397.594213485718
1,690,200,1,false,12397.59635925293
1,691,200,1,false,12397.597312927246
1,692,200,1,false,12397.598028182983
1,693,200,1,false,11836.791038513184
1,694,200,1,false,12464.240074157715
1,695,200,1,false,13728.425979614258
1,696,200,1,false,12449.303150177002
1,697,200,1,false,13076.750993728638
1,698,200,1,false,12449.305295944214
1,699,200,1,false,11332.495212554932
1,700,200,1,false,10153.518199920654
1,701,200,1,false,13728.432178497314
1,702,200,1,false,10153.521299362183
1,703,200,1,false,8908.758163452148
1,704,200,1,false,13191.161155700684
1,705,200,1,false,10895.37525177002
1,706,200,1,false,10895.376205444336
1,707,200,1,false,10483.57892036438
1,708,200,1,false,10483.582019805908
1,709,200,1,false,12456.316947937012
1,710,200,1,false,12456.319093704224
1,711,200,1,false,10442.217111587524
1,712,200,1,false,10442.21806526184
1,713,200,1,false,11512.645959854126
1,714,200,1,false,13003.382921218872
1,715,200,1,false,12234.043836593628
1,716,200,1,false,14248.149156570435
1,717,200,1,false,12234.04598236084
1,718,200,1,false,12234.046936035156
1,719,200,1,false,12861.11307144165
1,720,200,1,false,12861.116886138916
1,721,200,1,false,12861.118078231812
1,722,200,1,false,12861.119985580444
1,723,200,1,false,10586.24291419983
1,724,200,1,false,11275.331020355225
1,725,200,1,false,12155.269145965576
1,726,200,1,false,10586.246967315674
1,727,200,1,false,11314.420938491821
1,728,200,1,false,13589.301109313965
1,729,200,1,false,10683.160066604614
1,730,200,1,false,11314.424991607666
1,731,200,1,false,11314.424991607666
1,732,200,1,false,12231.067180633545
1,733,200,1,false,11615.048170089722
1,734,200,1,false,12890.150785446167
1,735,200,1,false,11615.051984786987
1,736,200,1,false,11615.052938461304
1,737,200,1,false,12548.498153686523
1,738,200,1,false,13826.480150222778
1,739,200,1,false,13182.647943496704
1,740,200,1,false,13182.650089263916
1,741,200,1,false,13182.651996612549
1,742,200,1,false,12558.387279510498
1,743,200,1,false,13823.158979415894
1,744,200,1,false,11614.988088607788
1,745,200,1,false,12588.88578414917
1,746,200,1,false,10897.85122871399
1,747,200,1,false,10897.852182388306
1,748,200,1,false,13198.899984359741
1,749,200,1,false,13823.1680393219
1,750,200,1,false,12588.890790939331
1,751,200,1,false,10908.462047576904
1,752,200,1,false,13932.172060012817
1,753,200,1,false,10287.945032119751
1,754,200,1,false,11663.285970687866
1,755,200,1,false,12385.946035385132
1,756,200,1,false,11663.289070129395
1,757,200,1,false,11722.645998001099
1,758,200,1,false,12378.316164016724
1,759,200,1,false,11722.650051116943
1,760,200,1,false,11722.65100479126
1,761,200,1,false,12998.842000961304
1,762,200,1,false,11722.65601158142
1,763,200,1,false,12470.767974853516
1,764,200,1,false,13079.071998596191
1,765,200,1,false,13079.076051712036
1,766,200,1,false,12236.424207687378
1,767,200,1,false,13817.29793548584
1,768,200,1,false,12974.648237228394
1,769,200,1,false,11521.730899810791
1,770,200,1,false,12974.651336669922
1,771,200,1,false,13817.30604171753
1,772,200,1,false,11521.73399925232
1,773,200,1,false,12247.12085723877
1,774,200,1,false,11521.735906600952
1,775,200,1,false,11243.75581741333
1,776,200,1,false,12287.744998931885
1,777,200,1,false,11220.944166183472
1,778,200,1,false,11220.945835113525
1,779,200,1,false,13732.670068740845
1,780,200,1,false,11840.571165084839
1,781,200,1,false,11116.80817604065
1,782,200,1,false,12486.225843429565
1,783,200,1,false,11756.577014923096
1,784,200,1,false,11756.577968597412
1,785,200,1,false,13088.680982589722
1,786,200,1,false,12359.034061431885
1,787,200,1,false,13359.945058822632
1,788,200,1,false,14042.86503791809
1,789,200,1,false,13403.105020523071
1,790,200,1,false,13403.106927871704
1,791,200,1,false,14684.306144714355
1,792,200,1,false,14684.309959411621
1,793,200,1,false,14684.312105178833
1,794,200,1,false,14044.548988342285
1,795,200,1,false,12483.466148376465
1,796,200,1,false,12483.467102050781
1,797,200,1,false,12483.469009399414
1,798,200,1,false,14044.55590248108
1,799,200,1,false,12250.201225280762
1,800,200,1,false,14472.38302230835
1,801,200,1,false,11591.38798713684
1,802,200,1,false,11591.39108657837
1,803,200,1,false,14460.360050201416
1,804,200,1,false,12882.729053497314
1,805,200,1,false,13521.875858306885
1,806,200,1,false,13477.321147918701
1,807,200,1,false,13477.329969406128
1,808,200,1,false,13477.330923080444
1,809,200,1,false,14099.905014038086
1,810,200,1,false,14771.86894416809
1,811,200,1,false,14746.788024902344
1,812,200,1,false,15418.755054473877
1,813,200,1,false,14887.912034988403
1,814,200,1,false,15502.978801727295
1,815,200,1,false,14159.989833831787
1,816,200,1,false,16967.385053634644
1,817,200,1,false,16295.425176620483
1,818,200,1,false,14159.997940063477
1,819,200,1,false,13402.992963790894
1,820,200,1,false,13402.995109558105
1,821,200,1,false,15502.99596786499
1,822,200,1,false,14158.123016357422
1,823,200,1,false,14158.127069473267
1,824,200,1,false,13541.608810424805
1,825,200,1,false,15540.199041366577
1,826,200,1,false,13541.61262512207
1,827,200,1,false,14783.194065093994
1,828,200,1,false,14163.651943206787
1,829,200,1,false,13633.25810432434
1,830,200,1,false,16473.603010177612
1,831,200,1,false,14374.75609779358
1,832,200,1,false,14374.765157699585
1,833,200,1,false,15232.038736343384
1,834,200,1,false,14374.768257141113
1,835,200,1,false,15416.053056716919
1,836,200,1,false,16009.663105010986
1,837,200,1,false,15289.505958557129
1,838,200,1,false,15289.50810432434
1,839,200,1,false,16009.668111801147
1,840,200,1,false,14651.092052459717
1,841,200,1,false,14651.093006134033
1,842,200,1,false,16773.563146591187
1,843,200,1,false,14156.836032867432
1,844,200,1,false,14803.343772888184
1,845,200,1,false,16061.499834060669
1,846,200,1,false,15505.759000778198
1,847,200,1,false,14870.990991592407
1,848,200,1,false,16162.293910980225
1,849,200,1,false,13836.288928985596
1,850,200,1,false,16139.425992965698
1,851,200,1,false,13822.536945343018
1,852,200,1,false,13822.53909111023
1,853,200,1,false,14139.961004257202
1,854,200,1,false,17059.022188186646
1,855,200,1,false,14747.121095657349
1,856,200,1,false,14747.12324142456
1,857,200,1,false,16348.74701499939
1,858,200,1,false,16339.730262756348
1,859,200,1,false,16339.732885360718
1,860,200,1,false,16339.73503112793
1,861,200,1,false,16252.687931060791
1,862,200,1,false,15623.836994171143
1,863,200,1,false,16974.02310371399
1,864,200,1,false,15623.839855194092
1,865,200,1,false,15000.512838363647
1,866,200,1,false,17895.838975906372
1,867,200,1,false,15951.105117797852
1,868,200,1,false,15312.860012054443
1,869,200,1,false,17198.194980621338
1,870,200,1,false,15312.863111495972
1,871,200,1,false,14045.877933502197
1,872,200,1,false,15395.944118499756
1,873,200,1,false,16042.994022369385
1,874,200,1,false,14776.010036468506
1,875,200,1,false,17305.001974105835
1,876,200,1,false,14635.300874710083
1,877,200,1,false,15280.965805053711
1,878,200,1,false,15280.981063842773
1,879,200,1,false,17488.33203315735
1,880,200,1,false,15280.984878540039
1,881,200,1,false,16548.338890075684
1,882,200,1,false,15904.545068740845
1,883,200,1,false,16524.293899536133
1,884,200,1,false,16524.297952651978
1,885,200,1,false,15838.456869125366
1,886,200,1,false,15838.459014892578
1,887,200,1,false,17791.80908203125
1,888,200,1,false,16454.39100265503
1,889,200,1,false,17069.91195678711
1,890,200,1,false,16454.39386367798
1,891,200,1,false,15485.615730285645
1,892,200,1,false,14665.210008621216
1,893,200,1,false,17069.91696357727
1,894,200,1,false,15308.28881263733
1,895,200,1,false,15938.145875930786
1,896,200,1,false,17727.334022521973
1,897,200,1,false,15619.984865188599
1,898,200,1,false,14274.405002593994
1,899,200,1,false,17502.311944961548
1,900,200,1,false,16504.523038864136
1,901,200,1,false,16504.525184631348
1,902,200,1,false,18128.46803665161
1,903,200,1,false,16504.52709197998
1,904,200,1,false,16504.528999328613
1,905,200,1,false,16504.52995300293
1,906,200,1,false,15731.20093345642
1,907,200,1,false,16353.425741195679
1,908,200,1,false,17104.318141937256
1,909,200,1,false,16342.466831207275
1,910,200,1,false,15715.627908706665
1,911,200,1,false,18391.446113586426
1,912,200,1,false,15715.631008148193
1,913,200,1,false,16342.475175857544
1,914,200,1,false,16342.477083206177
1,915,200,1,false,15400.66909790039
1,916,200,1,false,14778.33890914917
1,917,200,1,false,17589.221954345703
1,918,200,1,false,16158.078908920288
1,919,200,1,false,15204.78105545044
1,920,200,1,false,13951.94697380066
1,921,200,1,false,17721.914052963257
1,922,200,1,false,14678.903102874756
1,923,200,1,false,16885.043144226074
1,924,200,1,false,16046.872854232788
1,925,200,1,false,15415.892124176025
1,926,200,1,false,15415.894031524658
1,927,200,1,false,14466.598272323608
1,928,200,1,false,16046.881914138794
1,929,200,1,false,16046.88286781311
1,930,200,1,false,14747.383117675781
1,931,200,1,false,14669.580698013306
1,932,200,1,false,16995.232105255127
1,933,200,1,false,15393.31603050232
1,934,200,1,false,15393.317222595215
1,935,200,1,false,15288.695812225342
1,936,200,1,false,15288.700819015503
1,937,200,1,false,15288.702964782715
1,938,200,1,false,16012.436866760254
1,939,200,1,false,13207.020044326782
1,940,200,1,false,13831.368923187256
1,941,200,1,false,17266.185998916626
1,942,200,1,false,14460.77013015747
1,943,200,1,false,14587.244987487793
1,944,200,1,false,15890.246152877808
1,945,200,1,false,13340.468168258667
1,946,200,1,false,14687.751054763794
1,947,200,1,false,15311.19418144226
1,948,200,1,false,14687.755107879639
1,949,200,1,false,13420.220136642456
1,950,200,1,false,15935.40906906128
1,951,200,1,false,13420.222282409668
1,952,200,1,false,14064.41593170166
1,953,200,1,false,13420.222997665405
1,954,200,1,false,14366.746187210083
1,955,200,1,false,13835.104942321777
1,956,200,1,false,15091.470003128052
1,957,200,1,false,15091.472148895264
1,958,200,1,false,14473.823308944702
1,959,200,1,false,15730.186939239502
1,960,200,1,false,13826.634168624878
1,961,200,1,false,12900.004863739014
1,962,200,1,false,15729.684829711914
1,963,200,1,false,12902.300119400024
1,964,200,1,false,12902.302026748657
1,965,200,1,false,14457.257986068726
1,966,200,1,false,13823.967933654785
1,967,200,1,false,14578.395128250122
1,968,200,1,false,14578.397274017334
1,969,200,1,false,12683.129787445068
1,970,200,1,false,12683.129787445068
1,971,200,1,false,14578.400135040283
1,972,200,1,false,12683.13193321228
1,973,200,1,false,13966.295957565308
1,974,200,1,false,14591.825246810913
1,975,200,1,false,13966.306924819946
1,976,200,1,false,13316.450119018555
1,977,200,1,false,13316.450834274292
1,978,200,1,false,13725.576877593994
1,979,200,1,false,14972.540855407715
1,980,200,1,false,13694.700956344604
1,981,200,1,false,12970.973253250122
1,982,200,1,false,12970.973253250122
1,983,200,1,false,14358.562707901001
1,984,200,1,false,12980.340003967285
1,985,200,1,false,12980.34381866455
1,986,200,1,false,13722.537994384766
1,987,200,1,false,12902.809858322144
1,988,200,1,false,12902.812957763672
1,989,200,1,false,14353.487253189087
1,990,200,1,false,13644.749879837036
1,991,200,1,false,13644.752979278564
1,992,200,1,false,13644.75393295288
1,993,200,1,false,12074.790954589844
1,994,200,1,false,12690.348863601685
1,995,200,1,false,14260.318994522095
1,996,200,1,false,12690.356969833374
1,997,200,1,false,14033.042907714844
1,998,200,1,false,12794.44694519043
1,999,200,1,false,12794.449806213379
1,1000,200,1,false,12794.450759887695
1,1001,200,1,false,14166.213035583496
1,1002,200,1,false,12899.009227752686
1,1003,200,1,false,13010.440826416016
1,1004,200,1,false,12258.746862411499
1,1005,200,1,false,14272.637844085693
1,1006,200,1,false,12258.751153945923
1,1007,200,1,false,14272.644758224487
1,1008,200,1,false,11536.618947982788
1,1009,200,1,false,12160.077095031738
1,1010,200,1,false,13633.919954299927
1,1011,200,1,false,12160.0821018219
1,1012,200,1,false,12160.083293914795
1,1013,200,1,false,12882.23910331726
1,1014,200,1,false,12900.634050369263
1,1015,200,1,false,12900.637149810791
1,1016,200,1,false,12900.638103485107
1,1017,200,1,false,11208.966970443726
1,1018,200,1,false,12016.760110855103
1,1019,200,1,false,13708.436250686646
1,1020,200,1,false,12007.644891738892
1,1021,200,1,false,12007.647037506104
1,1022,200,1,false,13283.006191253662
1,1023,200,1,false,12007.649183273315
1,1024,200,1,false,12050.040245056152
1,1025,200,1,false,13275.866270065308
1,1026,200,1,false,12660.2041721344
1,1027,200,1,false,13301.966190338135
1,1028,200,1,false,11614.091873168945
1,1029,200,1,false,13896.177053451538
1,1030,200,1,false,11614.099025726318
1,1031,200,1,false,13301.995038986206
1,1032,200,1,false,11614.119052886963
1,1033,200,1,false,12250.93698501587
1,1034,200,1,false,13606.332063674927
1,1035,200,1,false,12210.19697189331
1,1036,200,1,false,12210.200786590576
1,1037,200,1,false,12894.348859786987
1,1038,200,1,false,12929.27885055542
1,1039,200,1,false,12929.283857345581
1,1040,200,1,false,13613.431930541992
1,1041,200,1,false,10585.180759429932
1,1042,200,1,false,11916.02611541748
1,1043,200,1,false,13561.291933059692
1,1044,200,1,false,12552.321195602417
1,1045,200,1,false,11853.480815887451
1,1046,200,1,false,13812.567234039307
1,1047,200,1,false,13167.603254318237
1,1048,200,1,false,13167.606115341187
1,1049,200,1,false,13808.127403259277
1,1050,200,1,false,13074.125051498413
1,1051,200,1,false,13074.129819869995
1,1052,200,1,false,13829.834938049316
1,1053,200,1,false,12452.30507850647
1,1054,200,1,false,12452.307224273682
1,1055,200,1,false,13074.139833450317
1,1056,200,1,false,11799.438953399658
1,1057,200,1,false,13092.958211898804
1,1058,200,1,false,12440.091133117676
1,1059,200,1,false,11616.328954696655
1,1060,200,1,false,12239.710092544556
1,1061,200,1,false,13063.48729133606
1,1062,200,1,false,12859.660863876343
1,1063,200,1,false,12229.941129684448
1,1064,200,1,false,11496.376037597656
1,1065,200,1,false,14336.313009262085
1,1066,200,1,false,11406.677961349487
1,1067,200,1,false,13502.189874649048
1,1068,200,1,false,12761.896133422852
1,1069,200,1,false,12029.679775238037
1,1070,200,1,false,13495.465993881226
1,1071,200,1,false,12029.683828353882
1,1072,200,1,false,13403.561115264893
1,1073,200,1,false,13403.563022613525
1,1074,200,1,false,13284.483671188354
1,1075,200,1,false,14016.710042953491
1,1076,200,1,false,12484.166145324707
1,1077,200,1,false,12484.166860580444
1,1078,200,1,false,13284.493684768677
1,1079,200,1,false,14661.355018615723
1,1080,200,1,false,12516.795873641968
1,1081,200,1,false,12516.831874847412
1,1082,200,1,false,13128.849983215332
1,1083,200,1,false,12603.419065475464
1,1084,200,1,false,12603.43313217163
1,1085,200,1,false,14591.013193130493
1,1086,200,1,false,12689.01014328003
1,1087,200,1,false,13337.423086166382
1,1088,200,1,false,12689.015865325928
1,1089,200,1,false,11438.344955444336
1,1090,200,1,false,12207.897901535034
1,1091,200,1,false,14106.98390007019
1,1092,200,1,false,12905.914783477783
1,1093,200,1,false,12905.917882919312
1,1094,200,1,false,13530.319929122925
1,1095,200,1,false,12270.66683769226
1,1096,200,1,false,13541.167736053467
1,1097,200,1,false,12175.956010818481
1,1098,200,1,false,13113.905906677246
1,1099,200,1,false,15098.20580482483
1,1100,200,1,false,13093.041181564331
1,1101,200,1,false,13732.995986938477
1,1102,200,1,false,13093.044996261597
1,1103,200,1,false,13733.006000518799
1,1104,200,1,false,12476.769208908081
1,1105,200,1,false,13093.055963516235
1,1106,200,1,false,12476.77206993103
1,1107,200,1,false,11229.859113693237
1,1108,200,1,false,11204.447031021118
1,1109,200,1,false,14571.326971054077
1,1110,200,1,false,13318.00389289856
1,1111,200,1,false,13318.006992340088
1,1112,200,1,false,12708.132028579712
1,1113,200,1,false,10704.447031021118
1,1114,200,1,false,11942.163944244385
1,1115,200,1,false,13333.922147750854
1,1116,200,1,false,12575.259923934937
1,1117,200,1,false,11963.332176208496
1,1118,200,1,false,12575.264930725098
1,1119,200,1,false,12575.266122817993
1,1120,200,1,false,13218.246936798096
1,1121,200,1,false,12606.321096420288
1,1122,200,1,false,12712.199211120605
1,1123,200,1,false,12712.205171585083
1,1124,200,1,false,13944.253921508789
1,1125,200,1,false,12060.6210231781
1,1126,200,1,false,12060.621976852417
1,1127,200,1,false,13944.25916671753
1,1128,200,1,false,11437.92176246643
1,1129,200,1,false,12049.63207244873
1,1130,200,1,false,12672.33681678772
1,1131,200,1,false,11435.889959335327
1,1132,200,1,false,12051.877975463867
1,1133,200,1,false,13923.550844192505
1,1134,200,1,false,12060.208082199097
1,1135,200,1,false,12060.210227966309
1,1136,200,1,false,12687.10708618164
1,1137,200,1,false,11426.254749298096
1,1138,200,1,false,12062.231063842773
1,1139,200,1,false,12062.233686447144
1,1140,200,1,false,13323.088884353638
1,1141,200,1,false,11940.86217880249
1,1142,200,1,false,12698.468685150146
1,1143,200,1,false,11940.86503982544
1,1144,200,1,false,12567.227125167847
1,1145,200,1,false,13324.835062026978
1,1146,200,1,false,12091.500043869019
1,1147,200,1,false,13614.502906799316
1,1148,200,1,false,12774.248838424683
1,1149,200,1,false,12774.250984191895
1,1150,200,1,false,14228.89518737793
1,1151,200,1,false,13614.50982093811
1,1152,200,1,false,12040.912866592407
1,1153,200,1,false,12774.253606796265
1,1154,200,1,false,12040.914058685303
1,1155,200,1,false,12079.210996627808
1,1156,200,1,false,12079.219102859497
1,1157,200,1,false,14032.250881195068
1,1158,200,1,false,12039.265871047974
1,1159,200,1,false,12039.26706314087
1,1160,200,1,false,12679.705142974854
1,1161,200,1,false,10454.56600189209
1,1162,200,1,false,11629.917860031128
1,1163,200,1,false,12254.598140716553
1,1164,200,1,false,14479.742050170898
1,1165,200,1,false,12254.602909088135
1,1166,200,1,false,12906.875133514404
1,1167,200,1,false,12137.120962142944
1,1168,200,1,false,12865.797996520996
1,1169,200,1,false,13515.891790390015
1,1170,200,1,false,13515.897989273071
1,1171,200,1,false,12656.929016113281
1,1172,200,1,false,12656.934976577759
1,1173,200,1,false,14105.854988098145
1,1174,200,1,false,12656.93998336792
1,1175,200,1,false,14105.858087539673
1,1176,200,1,false,12704.447984695435
1,1177,200,1,false,12704.452991485596
1,1178,200,1,false,13324.450016021729
1,1179,200,1,false,12676.33318901062
1,1180,200,1,false,12676.338911056519
1,1181,200,1,false,13956.812143325806
1,1182,200,1,false,12677.592992782593
1,1183,200,1,false,12677.595853805542
1,1184,200,1,false,13387.69793510437
1,1185,200,1,false,12658.496141433716
1,1186,200,1,false,12055.074214935303
1,1187,200,1,false,12055.076122283936
1,1188,200,1,false,14015.084981918335
1,1189,200,1,false,13317.559003829956
1,1190,200,1,false,13927.669048309326
1,1191,200,1,false,14560.960054397583
1,1192,200,1,false,14560.962200164795
1,1193,200,1,false,13930.97710609436
1,1194,200,1,false,12663.804769515991
1,1195,200,1,false,14578.314065933228
1,1196,200,1,false,15181.739091873169
1,1197,200,1,false,13298.821926116943
1,1198,200,1,false,13933.621883392334
1,1199,200,1,false,15816.77794456482
1,1200,200,1,false,13933.627843856812
1,1201,200,1,false,14571.50387763977
1,1202,200,1,false,15229.748964309692
1,1203,200,1,false,13994.523763656616
1,1204,200,1,false,13994.526863098145
1,1205,200,1,false,15300.261735916138
1,1206,200,1,false,14058.947086334229
1,1207,200,1,false,14058.948040008545
1,1208,200,1,false,15935.039043426514
1,1209,200,1,false,13049.635887145996
1,1210,200,1,false,13733.293056488037
1,1211,200,1,false,16064.559698104858
1,1212,200,1,false,13733.29782485962
1,1213,200,1,false,13733.299016952515
1,1214,200,1,false,14993.402004241943
1,1215,200,1,false,14981.162071228027
1,1216,200,1,false,15590.296030044556
1,1217,200,1,false,14968.616008758545
1,1218,200,1,false,15590.301036834717
1,1219,200,1,false,14284.440040588379
1,1220,200,1,false,15590.303897857666
1,1221,200,1,false,14284.44218635559
1,1222,200,1,false,15235.490083694458
1,1223,200,1,false,16680.6058883667
1,1224,200,1,false,14894.161224365234
1,1225,200,1,false,14902.79483795166
1,1226,200,1,false,16624.80401992798
1,1227,200,1,false,14902.8000831604
1,1228,200,1,false,14902.800798416138
1,1229,200,1,false,16624.930143356323
1,1230,200,1,false,14871.164321899414
1,1231,200,1,false,14247.314929962158
1,1232,200,1,false,16172.024011611938
1,1233,200,1,false,14286.434173583984
1,1234,200,1,false,15536.164283752441
1,1235,200,1,false,14286.43822669983
1,1236,200,1,false,15004.269123077393
1,1237,200,1,false,15004.284381866455
1,1238,200,1,false,16262.816667556763
1,1239,200,1,false,15620.428085327148
1,1240,200,1,false,15620.431184768677
1,1241,200,1,false,16250.421047210693
1,1242,200,1,false,14971.447229385376
1,1243,200,1,false,15931.159019470215
1,1244,200,1,false,17211.99321746826
1,1245,200,1,false,15842.185974121094
1,1246,200,1,false,15842.20004081726
1,1247,200,1,false,16563.021183013916
1,1248,200,1,false,15220.03698348999
1,1249,200,1,false,15842.119932174683
1,1250,200,1,false,16465.779066085815
1,1251,200,1,false,15842.123031616211
1,1252,200,1,false,14588.174104690552
1,1253,200,1,false,16778.132915496826
1,1254,200,1,false,15512.963771820068
1,1255,200,1,false,14880.559206008911
1,1256,200,1,false,17408.56909751892
1,1257,200,1,false,15493.056058883667
1,1258,200,1,false,15493.059158325195
1,1259,200,1,false,15493.061065673828
1,1260,200,1,false,15523.982763290405
1,1261,200,1,false,16159.165859222412
1,1262,200,1,false,18020.882844924927
1,1263,200,1,false,15397.114038467407
1,1264,200,1,false,15397.114753723145
1,1265,200,1,false,17409.21902656555
1,1266,200,1,false,17402.908325195312
1,1267,200,1,false,16764.785051345825
1,1268,200,1,false,18764.883995056152
1,1269,200,1,false,16764.791011810303
1,1270,200,1,false,16764.7922039032
1,1271,200,1,false,18038.32173347473
1,1272,200,1,false,16045.845985412598
1,1273,200,1,false,16045.850038528442
1,1274,200,1,false,17409.955263137817
1,1275,200,1,false,16045.852899551392
1,1276,200,1,false,15415.750980377197
1,1277,200,1,false,17070.33109664917
1,1278,200,1,false,15925.668954849243
1,1279,200,1,false,15925.673007965088
1,1280,200,1,false,18462.09406852722
1,1281,200,1,false,15925.676107406616
1,1282,200,1,false,15925.679922103882
1,1283,200,1,false,16764.609813690186
1,1284,200,1,false,16592.365026474
1,1285,200,1,false,15872.712850570679
1,1286,200,1,false,18977.53882408142
1,1287,200,1,false,16030.412912368774
1,1288,200,1,false,16030.415058135986
1,1289,200,1,false,16666.424036026
1,1290,200,1,false,18982.314109802246
1,1291,200,1,false,17285.181045532227
1,1292,200,1,false,16659.303903579712
1,1293,200,1,false,17934.06105041504
1,1294,200,1,false,16668.83897781372
1,1295,200,1,false,17303.214073181152
1,1296,200,1,false,16668.843030929565
1,1297,200,1,false,16668.843030929565
1,1298,200,1,false,15943.403959274292
1,1299,200,1,false,17929.0988445282
1,1300,200,1,false,15919.341802597046
1,1301,200,1,false,17919.87705230713
1,1302,200,1,false,15933.929920196533
1,1303,200,1,false,15933.931827545166
1,1304,200,1,false,15620.880126953125
1,1305,200,1,false,17828.873872756958
1,1306,200,1,false,17212.146043777466
1,1307,200,1,false,15632.091999053955
1,1308,200,1,false,15632.092952728271
1,1309,200,1,false,16340.983152389526
1,1310,200,1,false,17921.045064926147
1,1311,200,1,false,15704.126119613647
1,1312,200,1,false,15704.12802696228
1,1313,200,1,false,16971.786975860596
1,1314,200,1,false,17061.926126480103
1,1315,200,1,false,17061.931133270264
1,1316,200,1,false,16132.668733596802
1,1317,200,1,false,15500.631093978882
1,1318,200,1,false,16146.67797088623
1,1319,200,1,false,17707.983255386353
1,1320,200,1,false,16157.827138900757
1,1321,200,1,false,16157.835006713867
1,1322,200,1,false,14898.879051208496
1,1323,200,1,false,16774.083137512207
1,1324,200,1,false,15304.25214767456
1,1325,200,1,false,17940.134286880493
1,1326,200,1,false,16038.794994354248
1,1327,200,1,false,17322.745084762573
1,1328,200,1,false,15407.39107131958
1,1329,200,1,false,14067.919969558716
1,1330,200,1,false,14701.12681388855
1,1331,200,1,false,16672.01828956604
1,1332,200,1,false,14701.138019561768
1,1333,200,1,false,14672.31297492981
1,1334,200,1,false,16016.769647598267
1,1335,200,1,false,15293.83397102356
1,1336,200,1,false,15293.838024139404
1,1337,200,1,false,16576.85875892639
1,1338,200,1,false,14781.221151351929
1,1339,200,1,false,15920.675039291382
1,1340,200,1,false,15920.675992965698
1,1341,200,1,false,13943.113088607788
1,1342,200,1,false,14620.99814414978
1,1343,200,1,false,16598.565816879272
1,1344,200,1,false,14621.001958847046
1,1345,200,1,false,13861.767053604126
1,1346,200,1,false,13073.864936828613
1,1347,200,1,false,14621.00625038147
1,1348,200,1,false,13636.950016021729
1,1349,200,1,false,16480.8292388916
1,1350,200,1,false,14272.788763046265
1,1351,200,1,false,13034.140825271606
1,1352,200,1,false,14933.70509147644
1,1353,200,1,false,13034.146070480347
1,1354,200,1,false,14992.844820022583
1,1355,200,1,false,14372.652769088745
1,1356,200,1,false,13846.851825714111
1,1357,200,1,false,13846.855878829956
1,1358,200,1,false,14492.067098617554
1,1359,200,1,false,14464.217901229858
1,1360,200,1,false,14464.221000671387
1,1361,200,1,false,16489.240884780884
1,1362,200,1,false,13961.160898208618
1,1363,200,1,false,15225.584983825684
1,1364,200,1,false,14632.986068725586
1,1365,200,1,false,13961.170196533203
1,1366,200,1,false,13332.926034927368
1,1367,200,1,false,15943.944931030273
1,1368,200,1,false,13332.931995391846
1,1369,200,1,false,14059.913396835327
1,1370,200,1,false,15409.788131713867
1,1371,200,1,false,13433.483839035034
1,1372,200,1,false,14078.744888305664
1,1373,200,1,false,14708.461999893188
1,1374,200,1,false,15435.444116592407
1,1375,200,1,false,13337.905883789062
1,1376,200,1,false,14078.75680923462
1,1377,200,1,false,13304.172039031982
1,1378,200,1,false,13304.17513847351
1,1379,200,1,false,12692.830085754395
1,1380,200,1,false,12056.242227554321
1,1381,200,1,false,14682.037830352783
1,1382,200,1,false,13944.692373275757
1,1383,200,1,false,13745.076179504395
1,1384,200,1,false,15005.924940109253
1,1385,200,1,false,15617.27523803711
1,1386,200,1,false,12567.6589012146
1,1387,200,1,false,13205.884218215942
1,1388,200,1,false,12567.661046981812
1,1389,200,1,false,14369.343042373657
1,1390,200,1,false,13204.499959945679
1,1391,200,1,false,12591.524124145508
1,1392,200,1,false,15006.184339523315
1,1393,200,1,false,12591.525793075562
1,1394,200,1,false,13811.26594543457
1,1395,200,1,false,11929.950952529907
1,1396,200,1,false,13215.177059173584
1,1397,200,1,false,14444.608926773071
1,1398,200,1,false,13831.632852554321
1,1399,200,1,false,11936.82885169983
1,1400,200,1,false,13215.184926986694
1,1401,200,1,false,12680.4940700531
1,1402,200,1,false,11937.994956970215
1,1403,200,1,false,12680.499076843262
1,1404,200,1,false,13306.966066360474
1,1405,200,1,false,11937.999963760376
1,1406,200,1,false,13629.891157150269
1,1407,200,1,false,13819.983005523682
1,1408,200,1,false,14475.474119186401
1,1409,200,1,false,15217.978954315186
1,1410,200,1,false,12597.968816757202
1,1411,200,1,false,14475.478887557983
1,1412,200,1,false,12597.97191619873
1,1413,200,1,false,13352.272748947144
1,1414,200,1,false,12597.975015640259
1,1415,200,1,false,15188.570022583008
1,1416,200,1,false,12683.410167694092
1,1417,200,1,false,12683.411121368408
1,1418,200,1,false,13311.064958572388
1,1419,200,1,false,11955.962896347046
1,1420,200,1,false,12568.027019500732
1,1421,200,1,false,11762.504816055298
1,1422,200,1,false,14576.175928115845
1,1423,200,1,false,13221.07481956482
1,1424,200,1,false,11762.512922286987
1,1425,200,1,false,13106.852769851685
1,1426,200,1,false,11734.525203704834
1,1427,200,1,false,12389.889001846313
1,1428,200,1,false,12389.88971710205
1,1429,200,1,false,11734.528064727783
1,1430,200,1,false,13113.711833953857
1,1431,200,1,false,13084.13314819336
1,1432,200,1,false,11725.841999053955
1,1433,200,1,false,11725.84319114685
1,1434,200,1,false,12355.967044830322
1,1435,200,1,false,11725.888967514038
1,1436,200,1,false,13084.187269210815
1,1437,200,1,false,14456.519842147827
1,1438,200,1,false,12385.157108306885
1,1439,200,1,false,13096.955060958862
1,1440,200,1,false,12449.75733757019
1,1441,200,1,false,12449.758291244507
1,1442,200,1,false,13727.05888748169
1,1443,200,1,false,12449.75996017456
1,1444,200,1,false,11836.008071899414
1,1445,200,1,false,13174.997091293335
1,1446,200,1,false,10892.495155334473
1,1447,200,1,false,13175.00114440918
1,1448,200,1,false,10892.497062683105
1,1449,200,1,false,11647.007942199707
1,1450,200,1,false,11647.011041641235
1,1451,200,1,false,11647.013187408447
1,1452,200,1,false,11013.32402229309
1,1453,200,1,false,11013.326168060303
1,1454,200,1,false,12791.718244552612
1,1455,200,1,false,12784.77692604065
1,1456,200,1,false,11524.343013763428
1,1457,200,1,false,12161.885976791382
1,1458,200,1,false,14044.637203216553
1,1459,200,1,false,11524.34778213501
1,1460,200,1,false,11524.348974227905
1,1461,200,1,false,12784.786939620972
1,1462,200,1,false,12139.939069747925
1,1463,200,1,false,13431.083679199219
1,1464,200,1,false,12073.615312576294
1,1465,200,1,false,12073.617219924927
1,1466,200,1,false,12793.552875518799
1,1467,200,1,false,12073.621034622192
1,1468,200,1,false,11768.547296524048
1,1469,200,1,false,13422.198057174683
1,1470,200,1,false,10847.908973693848
1,1471,200,1,false,10847.91111946106
1,1472,200,1,false,13422.203302383423
1,1473,200,1,false,10812.82091140747
1,1474,200,1,false,11500.06103515625
1,1475,200,1,false,11500.063180923462
1,1476,200,1,false,11500.064849853516
1,1477,200,1,false,11500.066041946411
1,1478,200,1,false,11500.067949295044
1,1479,200,1,false,12058.861017227173
1,1480,200,1,false,11424.561023712158
1,1481,200,1,false,12679.89206314087
1,1482,200,1,false,14031.324863433838
1,1483,200,1,false,11424.56603050232
1,1484,200,1,false,12051.025867462158
1,1485,200,1,false,12679.896116256714
1,1486,200,1,false,11424.568176269531
1,1487,200,1,false,13311.462879180908
1,1488,200,1,false,11430.572986602783
1,1489,200,1,false,11430.5739402771
1,1490,200,1,false,12056.13923072815
1,1491,200,1,false,11430.576086044312
1,1492,200,1,false,10751.999855041504
1,1493,200,1,false,12146.661043167114
1,1494,200,1,false,10752.008199691772
1,1495,200,1,false,11404.308080673218
1,1496,200,1,false,12146.668910980225
1,1497,200,1,false,11693.228006362915
1,1498,200,1,false,12306.411981582642
1,1499,200,1,false,12306.41508102417
1,1500,200,1,false,12306.416034698486
1,1501,200,1,false,10866.202116012573
1,1502,200,1,false,11621.036052703857
1,1503,200,1,false,11847.792863845825
1,1504,200,1,false,12463.889837265015
1,1505,200,1,false,11711.107015609741
1,1506,200,1,false,12463.907957077026
1,1507,200,1,false,12463.910818099976
1,1508,200,1,false,13904.129028320312
1,1509,200,1,false,11711.127042770386
1,1510,200,1,false,11089.140892028809
1,1511,200,1,false,13114.480972290039
1,1512,200,1,false,12361.699104309082
1,1513,200,1,false,11739.714860916138
1,1514,200,1,false,11739.71676826477
1,1515,200,1,false,11739.717960357666
1,1516,200,1,false,10613.879919052124
1,1517,200,1,false,12974.650859832764
1,1518,200,1,false,10579.397916793823
1,1519,200,1,false,12352.667808532715
1,1520,200,1,false,10579.400062561035
1,1521,200,1,false,11533.487796783447
1,1522,200,1,false,12156.743049621582
1,1523,200,1,false,12156.744956970215
1,1524,200,1,false,11530.311107635498
1,1525,200,1,false,10894.176006317139
1,1526,200,1,false,12156.74901008606
1,1527,200,1,false,12181.26392364502
1,1528,200,1,false,12902.24003791809
1,1529,200,1,false,11544.734954833984
1,1530,200,1,false,14164.815902709961
1,1531,200,1,false,10901.772022247314
1,1532,200,1,false,12902.245998382568
1,1533,200,1,false,10901.774168014526
1,1534,200,1,false,12248.925924301147
1,1535,200,1,false,13513.032913208008
1,1536,200,1,false,12155.529975891113
1,1537,200,1,false,12155.531883239746
1,1538,200,1,false,12144.459009170532
1,1539,200,1,false,12144.46210861206
1,1540,200,1,false,12144.463062286377
1,1541,200,1,false,13396.402835845947
1,1542,200,1,false,10889.518737792969
1,1543,200,1,false,10889.519691467285
1,1544,200,1,false,12753.443241119385
1,1545,200,1,false,11545.15266418457
1,1546,200,1,false,11545.157670974731
1,1547,200,1,false,11545.178651809692
1,1548,200,1,false,11545.180797576904
1,1549,200,1,false,11428.5147190094
1,1550,200,1,false,12809.497117996216
1,1551,200,1,false,12484.153747558594
1,1552,200,1,false,13097.733974456787
1,1553,200,1,false,13097.736835479736
1,1554,200,1,false,12472.76520729065
1,1555,200,1,false,13844.595909118652
1,1556,200,1,false,12472.766160964966
1,1557,200,1,false,12472.766876220703
1,1558,200,1,false,12472.766876220703
1,1559,200,1,false,14047.64986038208
1,1560,200,1,false,12470.842123031616
1,1561,200,1,false,12470.844745635986
1,1562,200,1,false,14043.245077133179
1,1563,200,1,false,12470.846891403198
1,1564,200,1,false,12470.847845077515
1,1565,200,1,false,13722.924947738647
1,1566,200,1,false,10879.961729049683
1,1567,200,1,false,13092.97776222229
1,1568,200,1,false,10879.964828491211
1,1569,200,1,false,12146.186113357544
1,1570,200,1,false,12146.190881729126
1,1571,200,1,false,12785.967826843262
1,1572,200,1,false,12894.253253936768
1,1573,200,1,false,12894.254922866821
1,1574,200,1,false,12262.373685836792
1,1575,200,1,false,13315.237760543823
1,1576,200,1,false,13929.340839385986
1,1577,200,1,false,13929.342985153198
1,1578,200,1,false,14561.22612953186
1,1579,200,1,false,14561.227083206177
1,1580,200,1,false,13323.328018188477
1,1581,200,1,false,13323.328971862793
1,1582,200,1,false,13323.32992553711
1,1583,200,1,false,14561.233043670654
1,1584,200,1,false,12705.853939056396
1,1585,200,1,false,13415.71593284607
1,1586,200,1,false,14990.52119255066
1,1587,200,1,false,13415.72093963623
1,1588,200,1,false,13415.721893310547
1,1589,200,1,false,14690.904140472412
1,1590,200,1,false,12041.999101638794
1,1591,200,1,false,14054.986953735352
1,1592,200,1,false,12042.002201080322
1,1593,200,1,false,12042.003154754639
1,1594,200,1,false,12204.161882400513
1,1595,200,1,false,13439.879179000854
1,1596,200,1,false,12204.165935516357
1,1597,200,1,false,12788.904190063477
1,1598,200,1,false,12928.50399017334
1,1599,200,1,false,12674.790859222412
1,1600,200,1,false,15178.797960281372
1,1601,200,1,false,13298.163890838623
1,1602,200,1,false,15178.804874420166
1,1603,200,1,false,13928.078174591064
1,1604,200,1,false,15178.812026977539
1,1605,200,1,false,13928.085327148438
1,1606,200,1,false,13298.177719116211
1,1607,200,1,false,13928.09009552002
1,1608,200,1,false,13651.018857955933
1,1609,200,1,false,14334.201097488403
1,1610,200,1,false,13712.633848190308
1,1611,200,1,false,14955.557823181152
1,1612,200,1,false,13712.992191314697
1,1613,200,1,false,15016.522884368896
1,1614,200,1,false,15016.526937484741
1,1615,200,1,false,12718.498229980469
1,1616,200,1,false,12718.599081039429
1,1617,200,1,false,12718.600988388062
1,1618,200,1,false,12718.602180480957
1,1619,200,1,false,14063.6568069458
1,1620,200,1,false,13424.605131149292
1,1621,200,1,false,13123.668909072876
1,1622,200,1,false,14675.5211353302
1,1623,200,1,false,13749.820232391357
1,1624,200,1,false,13749.82500076294
1,1625,200,1,false,13749.826192855835
1,1626,200,1,false,13110.884189605713
1,1627,200,1,false,15332.138061523438
1,1628,200,1,false,13749.83024597168
1,1629,200,1,false,13110.888242721558
1,1630,200,1,false,13191.943883895874
1,1631,200,1,false,14466.373205184937
1,1632,200,1,false,14877.25806236267
1,1633,200,1,false,14901.949167251587
1,1634,200,1,false,14901.952981948853
1,1635,200,1,false,14196.272134780884
1,1636,200,1,false,14196.28119468689
1,1637,200,1,false,16350.343227386475
1,1638,200,1,false,13303.345918655396
1,1639,200,1,false,13303.354024887085
1,1640,200,1,false,13303.35783958435
1,1641,200,1,false,15009.201049804688
1,1642,200,1,false,13303.36308479309
1,1643,200,1,false,14259.625911712646
1,1644,200,1,false,14872.128963470459
1,1645,200,1,false,15505.139827728271
1,1646,200,1,false,16826.228141784668
1,1647,200,1,false,16179.664134979248
1,1648,200,1,false,14510.796070098877
1,1649,200,1,false,14510.798215866089
1,1650,200,1,false,14510.799169540405
1,1651,200,1,false,14559.900999069214
1,1652,200,1,false,15207.066297531128
1,1653,200,1,false,14559.912919998169
1,1654,200,1,false,14559.914112091064
1,1655,200,1,false,15942.348003387451
1,1656,200,1,false,14528.266191482544
1,1657,200,1,false,15273.721933364868
1,1658,200,1,false,14528.270959854126
1,1659,200,1,false,14528.272151947021
1,1660,200,1,false,14874.37891960144
1,1661,200,1,false,16946.75087928772
1,1662,200,1,false,13790.992021560669
1,1663,200,1,false,13791.000127792358
1,1664,200,1,false,16201.311111450195
1,1665,200,1,false,14439.651012420654
1,1666,200,1,false,15073.754072189331
1,1667,200,1,false,15721.40097618103
1,1668,200,1,false,15695.332050323486
1,1669,200,1,false,15695.343017578125
1,1670,200,1,false,15695.344924926758
1,1671,200,1,false,14660.765886306763
1,1672,200,1,false,14660.77184677124
1,1673,200,1,false,16316.075086593628
1,1674,200,1,false,14021.111011505127
1,1675,200,1,false,14651.317119598389
1,1676,200,1,false,16027.28295326233
1,1677,200,1,false,14651.324987411499
1,1678,200,1,false,15290.993928909302
1,1679,200,1,false,15284.14011001587
1,1680,200,1,false,15284.142971038818
1,1681,200,1,false,16021.82412147522
1,1682,200,1,false,15297.953128814697
1,1683,200,1,false,14681.735277175903
1,1684,200,1,false,14707.96799659729
1,1685,200,1,false,17986.644983291626
1,1686,200,1,false,14716.318130493164
1,1687,200,1,false,14716.320991516113
1,1688,200,1,false,14716.322183609009
1,1689,200,1,false,16623.110055923462
1,1690,200,1,false,15723.071098327637
1,1691,200,1,false,16550.607204437256
1,1692,200,1,false,15834.739208221436
1,1693,200,1,false,15834.743022918701
1,1694,200,1,false,16550.62508583069
1,1695,200,1,false,14034.42406654358
1,1696,200,1,false,16550.631999969482
1,1697,200,1,false,14034.428834915161
1,1698,200,1,false,14660.739660263062
1,1699,200,1,false,14381.66880607605
1,1700,200,1,false,15084.224939346313
1,1701,200,1,false,14381.672859191895
1,1702,200,1,false,14684.459686279297
1,1703,200,1,false,14684.462785720825
1,1704,200,1,false,13745.115995407104
1,1705,200,1,false,16138.948202133179
1,1706,200,1,false,14684.46683883667
1,1707,200,1,false,12474.654912948608
1,1708,200,1,false,12438.71808052063
1,1709,200,1,false,15677.85668373108
1,1710,200,1,false,12743.494033813477
1,1711,200,1,false,12743.494987487793
1,1712,200,1,false,14136.972904205322
1,1713,200,1,false,12081.806182861328
1,1714,200,1,false,13433.098077774048
1,1715,200,1,false,13074.915170669556
1,1716,200,1,false,13406.255960464478
1,1717,200,1,false,13406.26311302185
1,1718,200,1,false,14481.353998184204
1,1719,200,1,false,13107.218027114868
1,1720,200,1,false,13107.221126556396
1,1721,200,1,false,13819.668054580688
1,1722,200,1,false,11758.985996246338
1,1723,200,1,false,11758.989095687866
1,1724,200,1,false,13875.010251998901
1,1725,200,1,false,13220.211029052734
1,1726,200,1,false,12586.774110794067
1,1727,200,1,false,11342.296838760376
1,1728,200,1,false,12586.778163909912
1,1729,200,1,false,14266.72101020813
1,1730,200,1,false,11342.30089187622
1,1731,200,1,false,10711.909055709839
1,1732,200,1,false,11536.942958831787
1,1733,200,1,false,13108.506917953491
1,1734,200,1,false,10570.549011230469
1,1735,200,1,false,11206.44211769104
1,1736,200,1,false,11843.422889709473
1,1737,200,1,false,10570.560932159424
1,1738,200,1,false,11310.30821800232
1,1739,200,1,false,12257.108211517334
1,1740,200,1,false,12257.115125656128
1,1741,200,1,false,11012.66098022461
1,1742,200,1,false,12588.244199752808
1,1743,200,1,false,11952.368021011353
1,1744,200,1,false,10627.599954605103
1,1745,200,1,false,10627.601861953735
1,1746,200,1,false,10153.479814529419
1,1747,200,1,false,9504.678726196289
1,1748,200,1,false,11961.869239807129
1,1749,200,1,false,10120.043754577637
1,1750,200,1,false,10120.04566192627
1,1751,200,1,false,9055.476903915405
1,1752,200,1,false,11522.41587638855
1,1753,200,1,false,10120.055675506592
1,1754,200,1,false,10120.056867599487
2,1,200,1,false,3496.19722366333
2,2,200,1,false,4480.954170227051
2,3,200,1,false,4480.957984924316
2,4,200,1,false,4480.958938598633
2,5,200,1,false,4480.959892272949
2,6,200,1,false,4480.959892272949
2,7,200,1,false,4480.961084365845
2,8,200,1,false,4480.961084365845
2,9,200,1,false,4480.961084365845
2,10,200,1,false,4480.962038040161
2,11,200,1,false,4480.9629917144775
2,12,200,1,false,4480.9629917144775
2,13,200,1,false,4480.964183807373
2,14,200,1,false,4480.964183807373
2,15,200,1,false,4480.964183807373
2,16,200,1,false,4480.965137481689
2,17,200,1,false,4480.965137481689
2,18,200,1,false,4480.966091156006
2,19,200,1,false,4480.967044830322
2,20,200,1,false,4480.967044830322
2,21,200,1,false,4480.968236923218
2,22,200,1,false,4480.968236923218
2,23,200,1,false,4480.968952178955
2,24,200,1,false,4480.968952178955
2,25,200,1,false,7324.0931034088135
2,26,200,1,false,8154.303073883057
2,27,200,1,false,8154.305934906006
2,28,200,1,false,8154.307126998901
2,29,200,1,false,8154.307126998901
2,30,200,1,false,8154.308080673218
2,31,200,1,false,8154.309034347534
2,32,200,1,false,8154.309034347534
2,33,200,1,false,8154.31022644043
2,34,200,1,false,8154.311180114746
2,35,200,1,false,8154.311180114746
2,36,200,1,false,8154.3121337890625
2,37,200,1,false,8154.3121337890625
2,38,200,1,false,8154.3128490448
2,39,200,1,false,8154.3128490448
2,40,200,1,false,8154.3128490448
2,41,200,1,false,8154.314041137695
2,42,200,1,false,8154.314041137695
2,43,200,1,false,8154.314041137695
2,44,200,1,false,8154.314994812012
2,45,200,1,false,8154.314994812012
2,46,200,1,false,8154.315948486328
2,47,200,1,false,8154.315948486328
2,48,200,1,false,8154.315948486328
2,49,200,1,false,10867.443084716797
2,50,200,1,false,11627.020120620728
2,51,200,1,false,11627.022981643677
2,52,200,1,false,11627.024173736572
2,53,200,1,false,11627.025127410889
2,54,200,1,false,11627.08306312561
2,55,200,1,false,11627.084970474243
2,56,200,1,false,11627.086162567139
2,57,200,1,false,11627.087116241455
2,58,200,1,false,11627.087116241455
2,59,200,1,false,11627.088069915771
2,60,200,1,false,11627.088069915771
2,61,200,1,false,11627.089262008667
2,62,200,1,false,7763.265132904053
2,63,200,1,false,11627.090215682983
2,64,200,1,false,6714.362144470215
2,65,200,1,false,11627.0911693573
2,66,200,1,false,6714.362859725952
2,67,200,1,false,11627.091884613037
2,68,200,1,false,6714.364051818848
2,69,200,1,false,6714.365005493164
2,70,200,1,false,6714.365005493164
2,71,200,1,false,6714.3659591674805
2,72,200,1,false,6714.3659591674805
2,73,200,1,false,9530.632019042969
2,74,200,1,false,9530.63702583313
2,75,200,1,false,9530.639171600342
2,76,200,1,false,9530.640840530396
2,77,200,1,false,9530.648231506348
2,78,200,1,false,9530.650854110718
2,79,200,1,false,9530.65299987793
2,80,200,1,false,9530.653953552246
2,81,200,1,false,9530.655145645142
2,82,200,1,false,9530.656099319458
2,83,200,1,false,9530.657052993774
2,84,200,1,false,9530.659198760986
2,85,200,1,false,9530.660152435303
2,86,200,1,false,5865.090847015381
2,87,200,1,false,5865.092754364014
2,88,200,1,false,9530.664920806885
2,89,200,1,false,9530.667066574097
2,90,200,1,false,6700.394868850708
2,91,200,1,false,9530.670166015625
2,92,200,1,false,5865.09895324707
2,93,200,1,false,5865.100622177124
2,94,200,1,false,5865.1018142700195
2,95,200,1,false,5865.102767944336
2,96,200,1,false,5865.103721618652
2,97,200,1,false,9076.383829116821
2,98,200,1,false,9741.369724273682
2,99,200,1,false,9741.37282371521
2,100,200,1,false,9741.373777389526
2,101,200,1,false,9741.374969482422
2,102,200,1,false,9741.375923156738
2,103,200,1,false,9741.376876831055
2,104,200,1,false,9741.376876831055
2,105,200,1,false,9741.377592086792
2,106,200,1,false,9741.377592086792
2,107,200,1,false,9741.378784179688
2,108,200,1,false,9741.378784179688
2,109,200,1,false,9741.379737854004
2,110,200,1,false,9741.38069152832
2,111,200,1,false,9741.381883621216
2,112,200,1,false,6179.02398109436
2,113,200,1,false,6179.024934768677
2,114,200,1,false,9741.382837295532
2,115,200,1,false,7117.923021316528
2,116,200,1,false,6179.025888442993
2,117,200,1,false,6179.027080535889
2,118,200,1,false,6179.027080535889
2,119,200,1,false,6179.028034210205
2,120,200,1,false,6179.028034210205
2,121,200,1,false,9088.801145553589
2,122,200,1,false,9742.34390258789
2,123,200,1,false,9742.394924163818
2,124,200,1,false,9742.398023605347
2,125,200,1,false,9742.398977279663
2,126,200,1,false,9742.398977279663
2,127,200,1,false,9742.39993095398
2,128,200,1,false,9742.39993095398
2,129,200,1,false,9742.39993095398
2,130,200,1,false,9742.401123046875
2,131,200,1,false,9742.401838302612
2,132,200,1,false,9742.401838302612
2,133,200,1,false,9742.402791976929
2,134,200,1,false,9742.402791976929
2,135,200,1,false,9742.402791976929
2,136,200,1,false,7015.405893325806
2,137,200,1,false,7015.405893325806
2,138,200,1,false,9742.40493774414
2,139,200,1,false,7015.406847000122
2,140,200,1,false,7015.406847000122
2,141,200,1,false,7015.4078006744385
2,142,200,1,false,7015.4078006744385
2,143,200,1,false,7015.408754348755
2,144,200,1,false,7015.408754348755
2,145,200,1,false,10357.939004898071
2,146,200,1,false,11112.120866775513
2,147,200,1,false,11112.123966217041
2,148,200,1,false,11112.125873565674
2,149,200,1,false,11112.125873565674
2,150,200,1,false,11112.128019332886
2,151,200,1,false,11112.128734588623
2,152,200,1,false,11112.128734588623
2,153,200,1,false,11112.12968826294
2,154,200,1,false,11112.12968826294
2,155,200,1,false,11112.12968826294
2,156,200,1,false,11112.130880355835
2,157,200,1,false,11112.131834030151
2,158,200,1,false,11112.132787704468
2,159,200,1,false,7254.573106765747
2,160,200,1,false,11112.133741378784
2,161,200,1,false,7254.5740604400635
2,162,200,1,false,11112.13493347168
2,163,200,1,false,7967.051029205322
2,164,200,1,false,7254.576206207275
2,165,200,1,false,7254.577159881592
2,166,200,1,false,7254.577159881592
2,167,200,1,false,7254.577159881592
2,168,200,1,false,7254.578351974487
2,169,200,1,false,7254.578351974487
2,170,200,1,false,9983.140230178833
2,171,200,1,false,10726.545333862305
2,172,200,1,false,10726.54914855957
2,173,200,1,false,10726.551055908203
2,174,200,1,false,10726.554155349731
2,175,200,1,false,10726.556301116943
2,176,200,1,false,10726.55725479126
2,177,200,1,false,10726.560115814209
2,178,200,1,false,10726.561069488525
2,179,200,1,false,10726.562023162842
2,180,200,1,false,10726.563215255737
2,181,200,1,false,10726.564168930054
2,182,200,1,false,10726.566314697266
2,183,200,1,false,10726.566314697266
2,184,200,1,false,7906.3379764556885
2,185,200,1,false,10726.568937301636
2,186,200,1,false,7178.297996520996
2,187,200,1,false,7178.2989501953125
2,188,200,1,false,7178.299903869629
2,189,200,1,false,7178.302049636841
2,190,200,1,false,7178.303003311157
2,191,200,1,false,7178.303956985474
2,192,200,1,false,7178.305149078369
2,193,200,1,false,7178.306102752686
2,194,200,1,false,9993.808031082153
2,195,200,1,false,10616.066217422485
2,196,200,1,false,10616.070032119751
2,197,200,1,false,10616.070985794067
2,198,200,1,false,10616.07313156128
2,199,200,1,false,10616.074085235596
2,200,200,1,false,10616.074085235596
2,201,200,1,false,10616.075038909912
2,202,200,1,false,10616.077184677124
2,203,200,1,false,10616.077184677124
2,204,200,1,false,10616.07813835144
2,205,200,1,false,10616.07813835144
2,206,200,1,false,10616.078853607178
2,207,200,1,false,10616.078853607178
2,208,200,1,false,6486.903190612793
2,209,200,1,false,6486.904144287109
2,210,200,1,false,10616.081953048706
2,211,200,1,false,7336.11798286438
2,212,200,1,false,6486.906051635742
2,213,200,1,false,6486.906051635742
2,214,200,1,false,6486.907243728638
2,215,200,1,false,6486.908197402954
2,216,200,1,false,6486.908197402954
2,217,200,1,false,6486.9091510772705
2,218,200,1,false,9304.440021514893
2,219,200,1,false,10066.69020652771
2,220,200,1,false,10066.69306755066
2,221,200,1,false,10066.694259643555
2,222,200,1,false,10066.695213317871
2,223,200,1,false,10066.696166992188
2,224,200,1,false,10066.697359085083
2,225,200,1,false,10066.697359085083
2,226,200,1,false,10066.6983127594
2,227,200,1,false,10066.699028015137
2,228,200,1,false,10066.699028015137
2,229,200,1,false,10066.699981689453
2,230,200,1,false,10066.699981689453
2,231,200,1,false,7445.52206993103
2,232,200,1,false,10066.702127456665
2,233,200,1,false,6637.244939804077
2,234,200,1,false,6637.247085571289
2,235,200,1,false,10066.704273223877
2,236,200,1,false,10066.704273223877
2,237,200,1,false,6637.2480392456055
2,238,200,1,false,6637.2480392456055
2,239,200,1,false,6637.248992919922
2,240,200,1,false,6637.248992919922
2,241,200,1,false,6637.248992919922
2,242,200,1,false,9690.192937850952
2,243,200,1,false,10400.691986083984
2,244,200,1,false,10400.695085525513
2,245,200,1,false,10400.69603919983
2,246,200,1,false,10400.696992874146
2,247,200,1,false,10400.697946548462
2,248,200,1,false,10400.697946548462
2,249,200,1,false,10400.698900222778
2,250,200,1,false,10400.699853897095
2,251,200,1,false,10400.70104598999
2,252,200,1,false,10400.70104598999
2,253,200,1,false,10400.701999664307
2,254,200,1,false,10400.702953338623
2,255,200,1,false,6940.316915512085
2,256,200,1,false,7642.42696762085
2,257,200,1,false,6940.319061279297
2,258,200,1,false,10400.706052780151
2,259,200,1,false,10400.706052780151
2,260,200,1,false,10400.707006454468
2,261,200,1,false,6940.32096862793
2,262,200,1,false,6940.321922302246
2,263,200,1,false,6940.3228759765625
2,264,200,1,false,6940.3228759765625
2,265,200,1,false,6940.323829650879
2,266,200,1,false,9963.271856307983
2,267,200,1,false,10670.135736465454
2,268,200,1,false,10670.138835906982
2,269,200,1,false,10670.140981674194
2,270,200,1,false,10670.14193534851
2,271,200,1,false,10670.142889022827
2,272,200,1,false,10670.144081115723
2,273,200,1,false,10670.145034790039
2,274,200,1,false,10670.145988464355
2,275,200,1,false,10670.145988464355
2,276,200,1,false,10670.146942138672
2,277,200,1,false,10670.147895812988
2,278,200,1,false,10670.148849487305
2,279,200,1,false,7070.438861846924
2,280,200,1,false,10670.149803161621
2,281,200,1,false,10670.150995254517
2,282,200,1,false,7910.467147827148
2,283,200,1,false,7070.441961288452
2,284,200,1,false,10670.151948928833
2,285,200,1,false,7070.442914962769
2,286,200,1,false,7070.444107055664
2,287,200,1,false,7070.444107055664
2,288,200,1,false,7070.4450607299805
2,289,200,1,false,7070.446014404297
2,290,200,1,false,7070.446014404297
2,291,200,1,false,9960.953950881958
2,292,200,1,false,10591.039896011353
2,293,200,1,false,10591.044902801514
2,294,200,1,false,10591.046810150146
2,295,200,1,false,10591.048955917358
2,296,200,1,false,10591.05110168457
2,297,200,1,false,10591.053009033203
2,298,200,1,false,10591.05396270752
2,299,200,1,false,10591.058015823364
2,300,200,1,false,10591.059923171997
2,301,200,1,false,10591.060876846313
2,302,200,1,false,10591.062068939209
2,303,200,1,false,10591.063022613525
2,304,200,1,false,6871.884107589722
2,305,200,1,false,6871.885776519775
2,306,200,1,false,7601.0260581970215
2,307,200,1,false,10591.078996658325
2,308,200,1,false,6871.898889541626
2,309,200,1,false,10591.080904006958
2,310,200,1,false,6871.902942657471
2,311,200,1,false,6871.905088424683
2,312,200,1,false,6871.920824050903
2,313,200,1,false,6871.923923492432
2,314,200,1,false,6871.924877166748
2,315,200,1,false,9731.143951416016
2,316,200,1,false,10442.730903625488
2,317,200,1,false,10442.733764648438
2,318,200,1,false,10442.73591041565
2,319,200,1,false,10442.736864089966
2,320,200,1,false,10442.739009857178
2,321,200,1,false,10442.739963531494
2,322,200,1,false,10442.739963531494
2,323,200,1,false,10442.74091720581
2,324,200,1,false,10442.74091720581
2,325,200,1,false,10442.742109298706
2,326,200,1,false,10442.742109298706
2,327,200,1,false,10442.742824554443
2,328,200,1,false,6646.766901016235
2,329,200,1,false,10442.74377822876
2,330,200,1,false,10442.74377822876
2,331,200,1,false,7492.826700210571
2,332,200,1,false,6646.770000457764
2,333,200,1,false,6646.770000457764
2,334,200,1,false,6646.77095413208
2,335,200,1,false,6646.7719078063965
2,336,200,1,false,6646.7719078063965
2,337,200,1,false,6646.773099899292
2,338,200,1,false,6646.773099899292
2,339,200,1,false,9559.2520236969
2,340,200,1,false,10184.149980545044
2,341,200,1,false,10184.152126312256
2,342,200,1,false,10184.15379524231
2,343,200,1,false,10184.154987335205
2,344,200,1,false,10184.154987335205
2,345,200,1,false,10184.155941009521
2,346,200,1,false,10184.155941009521
2,347,200,1,false,10184.156894683838
2,348,200,1,false,10184.156894683838
2,349,200,1,false,10184.157848358154
2,350,200,1,false,10184.157848358154
2,351,200,1,false,10184.15904045105
2,352,200,1,false,10184.15904045105
2,353,200,1,false,6690.630912780762
2,354,200,1,false,7436.25283241272
2,355,200,1,false,10184.162139892578
2,356,200,1,false,6690.63401222229
2,357,200,1,false,10184.163093566895
2,358,200,1,false,6690.63401222229
2,359,200,1,false,6690.634965896606
2,360,200,1,false,6690.634965896606
2,361,200,1,false,6690.635681152344
2,362,200,1,false,6690.635681152344
2,363,200,1,false,9719.88582611084
2,364,200,1,false,10487.9150390625
2,365,200,1,false,10487.916707992554
2,366,200,1,false,10487.91790008545
2,367,200,1,false,10487.918853759766
2,368,200,1,false,10487.918853759766
2,369,200,1,false,10487.919807434082
2,370,200,1,false,10487.919807434082
2,371,200,1,false,10487.920999526978
2,372,200,1,false,10487.921953201294
2,373,200,1,false,10487.921953201294
2,374,200,1,false,10487.92290687561
2,375,200,1,false,10487.92290687561
2,376,200,1,false,10487.923860549927
2,377,200,1,false,6960.0989818573
2,378,200,1,false,10487.925052642822
2,379,200,1,false,6960.101127624512
2,380,200,1,false,7670.377969741821
2,381,200,1,false,10487.926721572876
2,382,200,1,false,6960.1030349731445
2,383,200,1,false,6960.1030349731445
2,384,200,1,false,6960.103988647461
2,385,200,1,false,6960.103988647461
2,386,200,1,false,6960.104942321777
2,387,200,1,false,11451.557874679565
2,388,200,1,false,12066.054821014404
2,389,200,1,false,12066.061019897461
2,390,200,1,false,12066.062211990356
2,391,200,1,false,12066.063165664673
2,392,200,1,false,12066.06388092041
2,393,200,1,false,12066.06388092041
2,394,200,1,false,12066.066980361938
2,395,200,1,false,12066.067934036255
2,396,200,1,false,12066.06912612915
2,397,200,1,false,12066.070079803467
2,398,200,1,false,12066.071033477783
2,399,200,1,false,12066.071033477783
2,400,200,1,false,9253.818273544312
2,401,200,1,false,9253.828048706055
2,402,200,1,false,9253.833055496216
2,403,200,1,false,9253.834962844849
2,404,200,1,false,9253.83710861206
2,405,200,1,false,9253.839254379272
2,406,200,1,false,9253.8423538208
2,407,200,1,false,9253.844022750854
2,408,200,1,false,9253.846168518066
2,409,200,1,false,9253.8480758667
2,410,200,1,false,9253.85308265686
2,411,200,1,false,12950.882196426392
2,412,200,1,false,13669.616222381592
2,413,200,1,false,13669.619083404541
2,414,200,1,false,13669.62218284607
2,415,200,1,false,13669.623136520386
2,416,200,1,false,13669.624090194702
2,417,200,1,false,13669.625043869019
2,418,200,1,false,13669.626235961914
2,419,200,1,false,13669.62718963623
2,420,200,1,false,13669.628143310547
2,421,200,1,false,14378.472089767456
2,422,200,1,false,13669.629335403442
2,423,200,1,false,13669.63005065918
2,424,200,1,false,17240.61393737793
2,425,200,1,false,17240.614891052246
2,426,200,1,false,10650.172710418701
2,427,200,1,false,9907.031059265137
2,428,200,1,false,9907.031059265137
2,429,200,1,false,9907.032012939453
2,430,200,1,false,17240.61894416809
2,431,200,1,false,9907.034158706665
2,432,200,1,false,9907.035112380981
2,433,200,1,false,9907.035112380981
2,434,200,1,false,10735.773086547852
2,435,200,1,false,14728.446960449219
2,436,200,1,false,14728.450059890747
2,437,200,1,false,14728.450059890747
2,438,200,1,false,14728.451013565063
2,439,200,1,false,14728.45196723938
2,440,200,1,false,14728.453159332275
2,441,200,1,false,14728.454113006592
2,442,200,1,false,14728.454113006592
2,443,200,1,false,14728.455066680908
2,444,200,1,false,14728.456258773804
2,445,200,1,false,14728.456258773804
2,446,200,1,false,14728.456974029541
2,447,200,1,false,15754.96506690979
2,448,200,1,false,16407.26900100708
2,449,200,1,false,11964.439153671265
2,450,200,1,false,16407.272815704346
2,451,200,1,false,11289.7207736969
2,452,200,1,false,11289.721727371216
2,453,200,1,false,11289.721727371216
2,454,200,1,false,16407.275915145874
2,455,200,1,false,11289.723873138428
2,456,200,1,false,11289.723873138428
2,457,200,1,false,11289.724826812744
2,458,200,1,false,12004.477739334106
2,459,200,1,false,15744.72188949585
2,460,200,1,false,16411.600828170776
2,461,200,1,false,16411.607027053833
2,462,200,1,false,15707.39197731018
2,463,200,1,false,16411.6108417511
2,464,200,1,false,16411.61274909973
2,465,200,1,false,15707.398176193237
2,466,200,1,false,15707.40008354187
2,467,200,1,false,15707.40294456482
2,468,200,1,false,15707.405090332031
2,469,200,1,false,15707.406997680664
2,470,200,1,false,16352.575063705444
2,471,200,1,false,16352.580070495605
2,472,200,1,false,16352.583169937134
2,473,200,1,false,11791.766166687012
2,474,200,1,false,16352.5869846344
2,475,200,1,false,12682.913064956665
2,476,200,1,false,16352.591037750244
2,477,200,1,false,11791.774034500122
2,478,200,1,false,12515.549898147583
2,479,200,1,false,12515.553951263428
2,480,200,1,false,12515.554904937744
2,481,200,1,false,13135.498046875
2,482,200,1,false,13135.50090789795
2,483,200,1,false,16687.798738479614
2,484,200,1,false,17328.754901885986
2,485,200,1,false,17328.758716583252
2,486,200,1,false,17328.759908676147
2,487,200,1,false,17328.760862350464
2,488,200,1,false,17328.760862350464
2,489,200,1,false,17328.76181602478
2,490,200,1,false,17328.763008117676
2,491,200,1,false,17328.763008117676
2,492,200,1,false,17328.763961791992
2,493,200,1,false,17328.76491546631
2,494,200,1,false,12618.555307388306
2,495,200,1,false,17328.76706123352
2,496,200,1,false,17328.76706123352
2,497,200,1,false,17328.768014907837
2,498,200,1,false,17328.768730163574
2,499,200,1,false,16671.324014663696
2,500,200,1,false,12618.560075759888
2,501,200,1,false,13368.30997467041
2,502,200,1,false,13368.31521987915
2,503,200,1,false,13368.317127227783
2,504,200,1,false,13368.319034576416
2,505,200,1,false,14462.4502658844
2,506,200,1,false,15148.21720123291
2,507,200,1,false,17916.813135147095
2,508,200,1,false,18611.523151397705
2,509,200,1,false,16972.4440574646
2,510,200,1,false,16972.445964813232
2,511,200,1,false,18611.54317855835
2,512,200,1,false,18611.546277999878
2,513,200,1,false,16972.463130950928
2,514,200,1,false,16972.464084625244
2,515,200,1,false,16972.46503829956
2,516,200,1,false,16972.46503829956
2,517,200,1,false,17614.380836486816
2,518,200,1,false,16972.46789932251
2,519,200,1,false,16972.46789932251
2,520,200,1,false,16972.469091415405
2,521,200,1,false,16254.844903945923
2,522,200,1,false,16972.470998764038
2,523,200,1,false,13194.034814834595
2,524,200,1,false,11917.497873306274
2,525,200,1,false,13176.74970626831
2,526,200,1,false,13176.753759384155
2,527,200,1,false,13176.754713058472
2,528,200,1,false,13176.756858825684
2,529,200,1,false,13925.69375038147
2,530,200,1,false,13296.662092208862
2,531,200,1,false,16177.185773849487
2,532,200,1,false,17462.814807891846
2,533,200,1,false,16833.80103111267
2,534,200,1,false,17462.83984184265
2,535,200,1,false,16833.804845809937
2,536,200,1,false,16833.804845809937
2,537,200,1,false,17462.8427028656
2,538,200,1,false,16833.80699157715
2,539,200,1,false,16119.017124176025
2,540,200,1,false,17462.844848632812
2,541,200,1,false,16833.80889892578
2,542,200,1,false,17462.846755981445
2,543,200,1,false,16119.019985198975
2,544,200,1,false,15490.97228050232
2,545,200,1,false,16879.250049591064
2,546,200,1,false,16251.203060150146
2,547,200,1,false,12639.253854751587
2,548,200,1,false,13312.854051589966
2,549,200,1,false,13343.894958496094
2,550,200,1,false,13343.897104263306
2,551,200,1,false,13343.898057937622
2,552,200,1,false,13343.899965286255
2,553,200,1,false,13343.90115737915
2,554,200,1,false,13343.90115737915
2,555,200,1,false,16237.658023834229
2,556,200,1,false,16927.767992019653
2,557,200,1,false,16927.772045135498
2,558,200,1,false,16927.77419090271
2,559,200,1,false,16927.775859832764
2,560,200,1,false,16927.77681350708
2,561,200,1,false,16927.778959274292
2,562,200,1,false,17669.22092437744
2,563,200,1,false,17001.395225524902
2,564,200,1,false,17669.22616958618
2,565,200,1,false,17669.22688484192
2,566,200,1,false,17001.399040222168
2,567,200,1,false,17001.400232315063
2,568,200,1,false,15918.824911117554
2,569,200,1,false,17722.371101379395
2,570,200,1,false,16608.898162841797
2,571,200,1,false,12432.514190673828
2,572,200,1,false,13110.163927078247
2,573,200,1,false,13071.02108001709
2,574,200,1,false,13071.02632522583
2,575,200,1,false,13071.027994155884
2,576,200,1,false,13071.030139923096
2,577,200,1,false,13071.032285690308
2,578,200,1,false,13811.153173446655
2,579,200,1,false,15481.941223144531
2,580,200,1,false,16111.865282058716
2,581,200,1,false,16111.868381500244
2,582,200,1,false,16111.869096755981
2,583,200,1,false,16111.870050430298
2,584,200,1,false,15407.739877700806
2,585,200,1,false,16111.873149871826
2,586,200,1,false,16111.874103546143
2,587,200,1,false,16111.875295639038
2,588,200,1,false,16028.45287322998
2,589,200,1,false,15391.125917434692
2,590,200,1,false,15391.126871109009
2,591,200,1,false,15391.128063201904
2,592,200,1,false,14683.742046356201
2,593,200,1,false,15314.66817855835
2,594,200,1,false,16022.065162658691
2,595,200,1,false,11694.363832473755
2,596,200,1,false,11694.365978240967
2,597,200,1,false,12433.686971664429
2,598,200,1,false,12433.692932128906
2,599,200,1,false,12433.695077896118
2,600,200,1,false,12433.696985244751
2,601,200,1,false,12433.699131011963
2,602,200,1,false,13195.471048355103
2,603,200,1,false,14478.487014770508
2,604,200,1,false,15155.290842056274
2,605,200,1,false,13727.328062057495
2,606,200,1,false,15155.29489517212
2,607,200,1,false,14479.979038238525
2,608,200,1,false,15155.297040939331
2,609,200,1,false,15834.119081497192
2,610,200,1,false,15155.299186706543
2,611,200,1,false,14479.98309135437
2,612,200,1,false,13738.254070281982
2,613,200,1,false,13738.255977630615
2,614,200,1,false,14378.024339675903
2,615,200,1,false,13738.257884979248
2,616,200,1,false,14348.658800125122
2,617,200,1,false,14348.66189956665
2,618,200,1,false,14348.662853240967
2,619,200,1,false,10786.442995071411
2,620,200,1,false,11420.317888259888
2,621,200,1,false,11516.069889068604
2,622,200,1,false,11516.072988510132
2,623,200,1,false,11516.073942184448
2,624,200,1,false,11516.073942184448
2,625,200,1,false,11401.59273147583
2,626,200,1,false,12145.372867584229
2,627,200,1,false,13653.69963645935
2,628,200,1,false,13653.701782226562
2,629,200,1,false,13653.701782226562
2,630,200,1,false,13653.702735900879
2,631,200,1,false,13653.703927993774
2,632,200,1,false,12291.17488861084
2,633,200,1,false,13644.165992736816
2,634,200,1,false,13007.222652435303
2,635,200,1,false,13007.224798202515
2,636,200,1,false,13007.224798202515
2,637,200,1,false,13007.225751876831
2,638,200,1,false,13644.175052642822
2,639,200,1,false,13644.175052642822
2,640,200,1,false,12289.051055908203
2,641,200,1,false,14337.67318725586
2,642,200,1,false,14337.676048278809
2,643,200,1,false,10672.019004821777
2,644,200,1,false,11329.722881317139
2,645,200,1,false,11319.484949111938
2,646,200,1,false,11319.490194320679
2,647,200,1,false,11319.491147994995
2,648,200,1,false,11319.492101669312
2,649,200,1,false,11319.492101669312
2,650,200,1,false,12057.842016220093
2,651,200,1,false,12057.845115661621
2,652,200,1,false,12990.971088409424
2,653,200,1,false,12986.844301223755
2,654,200,1,false,13620.468854904175
2,655,200,1,false,13620.471954345703
2,656,200,1,false,13620.474100112915
2,657,200,1,false,13620.476007461548
2,658,200,1,false,12986.889362335205
2,659,200,1,false,12986.891031265259
2,660,200,1,false,12163.196086883545
2,661,200,1,false,12163.198947906494
2,662,200,1,false,12163.20013999939
2,663,200,1,false,12890.734195709229
2,664,200,1,false,12175.833940505981
2,665,200,1,false,12890.73896408081
2,666,200,1,false,13714.43510055542
2,667,200,1,false,11019.413948059082
2,668,200,1,false,11729.673147201538
2,669,200,1,false,11019.417762756348
2,670,200,1,false,11019.41990852356
2,671,200,1,false,11019.41990852356
2,672,200,1,false,11019.420862197876
2,673,200,1,false,11733.436822891235
2,674,200,1,false,11733.44087600708
2,675,200,1,false,11733.442068099976
2,676,200,1,false,11112.435102462769
2,677,200,1,false,12588.084936141968
2,678,200,1,false,12574.151754379272
2,679,200,1,false,12574.153900146484
2,680,200,1,false,13208.719968795776
2,681,200,1,false,13208.721160888672
2,682,200,1,false,12574.156999588013
2,683,200,1,false,12574.158906936646
2,684,200,1,false,13179.994821548462
2,685,200,1,false,12451.531171798706
2,686,200,1,false,12451.533079147339
2,687,200,1,false,12451.534271240234
2,688,200,1,false,13086.895227432251
2,689,200,1,false,12457.489728927612
2,690,200,1,false,12457.49282836914
2,691,200,1,false,10150.342226028442
2,692,200,1,false,10150.344133377075
2,693,200,1,false,10150.346040725708
2,694,200,1,false,10150.346994400024
2,695,200,1,false,10907.19723701477
2,696,200,1,false,10907.201051712036
2,697,200,1,false,10250.13279914856
2,698,200,1,false,10972.12290763855
2,699,200,1,false,10972.125768661499
2,700,200,1,false,10972.128868103027
2,701,200,1,false,11306.731939315796
2,702,200,1,false,12049.980878829956
2,703,200,1,false,12049.982786178589
2,704,200,1,false,12764.80507850647
2,705,200,1,false,12764.806032180786
2,706,200,1,false,12764.806985855103
2,707,200,1,false,12049.986839294434
2,708,200,1,false,12764.808893203735
2,709,200,1,false,11407.932996749878
2,710,200,1,false,12027.163028717041
2,711,200,1,false,12027.16612815857
2,712,200,1,false,11272.822141647339
2,713,200,1,false,12027.169227600098
2,714,200,1,false,9007.564067840576
2,715,200,1,false,11272.825241088867
2,716,200,1,false,12027.17113494873
2,717,200,1,false,10394.899845123291
2,718,200,1,false,9653.249979019165
2,719,200,1,false,9653.33104133606
2,720,200,1,false,9653.331995010376
2,721,200,1,false,9653.332948684692
2,722,200,1,false,9653.333902359009
2,723,200,1,false,10269.070148468018
2,724,200,1,false,10269.073009490967
2,725,200,1,false,12059.520959854126
2,726,200,1,false,12690.637111663818
2,727,200,1,false,11305.124998092651
2,728,200,1,false,12051.841735839844
2,729,200,1,false,12051.84268951416
2,730,200,1,false,11305.1278591156
2,731,200,1,false,12051.96475982666
2,732,200,1,false,12051.968574523926
2,733,200,1,false,12016.350030899048
2,734,200,1,false,12016.354084014893
2,735,200,1,false,12016.356229782104
2,736,200,1,false,11300.13394355774
2,737,200,1,false,12016.358852386475
2,738,200,1,false,11928.60198020935
2,739,200,1,false,11928.608179092407
2,740,200,1,false,9829.59008216858
2,741,200,1,false,11928.611040115356
2,742,200,1,false,9829.592943191528
2,743,200,1,false,10472.546100616455
2,744,200,1,false,10478.607892990112
2,745,200,1,false,10478.61099243164
2,746,200,1,false,10478.612184524536
2,747,200,1,false,11099.344968795776
2,748,200,1,false,10473.50287437439
2,749,200,1,false,11298.352003097534
2,750,200,1,false,12583.02092552185
2,751,200,1,false,11919.85297203064
2,752,200,1,false,11919.853925704956
2,753,200,1,false,12583.025932312012
2,754,200,1,false,11919.856071472168
2,755,200,1,false,12583.027839660645
2,756,200,1,false,11919.8579788208
2,757,200,1,false,11210.468053817749
2,758,200,1,false,12639.957904815674
2,759,200,1,false,11207.782983779907
2,760,200,1,false,12639.963150024414
2,761,200,1,false,11930.572986602783
2,762,200,1,false,12564.499855041504
2,763,200,1,false,10700.938940048218
2,764,200,1,false,11841.717004776001
2,765,200,1,false,11841.717958450317
2,766,200,1,false,9445.53017616272
2,767,200,1,false,9445.531129837036
2,768,200,1,false,10186.0830783844
2,769,200,1,false,10806.662321090698
2,770,200,1,false,10186.086177825928
2,771,200,1,false,10806.663990020752
2,772,200,1,false,10806.664943695068
2,773,200,1,false,10806.664943695068
2,774,200,1,false,11969.624996185303
2,775,200,1,false,13195.955038070679
2,776,200,1,false,12575.38104057312
2,777,200,1,false,13195.96004486084
2,778,200,1,false,12575.384140014648
2,779,200,1,false,13195.962190628052
2,780,200,1,false,12558.746814727783
2,781,200,1,false,13847.691059112549
2,782,200,1,false,12558.750867843628
2,783,200,1,false,13182.636976242065
2,784,200,1,false,13182.646989822388
2,785,200,1,false,13182.6491355896
2,786,200,1,false,13182.650804519653
2,787,200,1,false,10151.747941970825
2,788,200,1,false,12578.314065933228
2,789,200,1,false,12578.317165374756
2,790,200,1,false,11536.577224731445
2,791,200,1,false,10898.647785186768
2,792,200,1,false,10898.648738861084
2,793,200,1,false,10898.650884628296
2,794,200,1,false,10898.651838302612
2,795,200,1,false,10798.172235488892
2,796,200,1,false,10798.177003860474
2,797,200,1,false,11519.162893295288
2,798,200,1,false,13823.97174835205
2,799,200,1,false,13102.992296218872
2,800,200,1,false,13727.74338722229
2,801,200,1,false,13727.745056152344
2,802,200,1,false,13099.13182258606
2,803,200,1,false,13099.133014678955
2,804,200,1,false,13739.704132080078
2,805,200,1,false,13739.706993103027
2,806,200,1,false,13739.707946777344
2,807,200,1,false,14353.657007217407
2,808,200,1,false,13756.278991699219
2,809,200,1,false,13756.279945373535
2,810,200,1,false,13756.280899047852
2,811,200,1,false,13784.282207489014
2,812,200,1,false,12284.600973129272
2,813,200,1,false,13784.289121627808
2,814,200,1,false,11542.081117630005
2,815,200,1,false,10905.829906463623
2,816,200,1,false,11542.10114479065
2,817,200,1,false,11542.10114479065
2,818,200,1,false,11624.881982803345
2,819,200,1,false,12261.150360107422
2,820,200,1,false,12900.291204452515
2,821,200,1,false,12264.02997970581
2,822,200,1,false,14678.22813987732
2,823,200,1,false,14685.21785736084
2,824,200,1,false,15321.485042572021
2,825,200,1,false,15321.486234664917
2,826,200,1,false,14774.91283416748
2,827,200,1,false,14774.914979934692
2,828,200,1,false,14774.91569519043
2,829,200,1,false,15399.082899093628
2,830,200,1,false,15399.085998535156
2,831,200,1,false,15399.087905883789
2,832,200,1,false,15370.90277671814
2,833,200,1,false,15370.9077835083
2,834,200,1,false,15370.909929275513
2,835,200,1,false,15370.91088294983
2,836,200,1,false,15370.911836624146
2,837,200,1,false,16033.318758010864
2,838,200,1,false,13604.165315628052
2,839,200,1,false,14244.2467212677
2,840,200,1,false,13604.173183441162
2,841,200,1,false,13604.175329208374
2,842,200,1,false,13604.177236557007
2,843,200,1,false,14572.754383087158
2,844,200,1,false,13917.258977890015
2,845,200,1,false,14670.671701431274
2,846,200,1,false,15731.14800453186
2,847,200,1,false,15729.058742523193
2,848,200,1,false,15729.090690612793
2,849,200,1,false,15729.093790054321
2,850,200,1,false,15729.094743728638
2,851,200,1,false,15729.095935821533
2,852,200,1,false,16644.61374282837
2,853,200,1,false,16667.038917541504
2,854,200,1,false,18061.620950698853
2,855,200,1,false,16667.04273223877
2,856,200,1,false,16667.043924331665
2,857,200,1,false,16667.04487800598
2,858,200,1,false,16667.046785354614
2,859,200,1,false,16050.981998443604
2,860,200,1,false,13768.60523223877
2,861,200,1,false,13768.649101257324
2,862,200,1,false,16051.10216140747
2,863,200,1,false,16051.106929779053
2,864,200,1,false,13103.132009506226
2,865,200,1,false,13198.733806610107
2,866,200,1,false,13198.740005493164
2,867,200,1,false,14764.752864837646
2,868,200,1,false,15392.3819065094
2,869,200,1,false,15392.384767532349
2,870,200,1,false,16430.226802825928
2,871,200,1,false,16458.12726020813
2,872,200,1,false,16458.137273788452
2,873,200,1,false,16458.13822746277
2,874,200,1,false,15823.370933532715
2,875,200,1,false,17189.229249954224
2,876,200,1,false,17173.50125312805
2,877,200,1,false,17173.503160476685
2,878,200,1,false,16443.767786026
2,879,200,1,false,17173.508167266846
2,880,200,1,false,17173.509120941162
2,881,200,1,false,17087.40472793579
2,882,200,1,false,17817.146062850952
2,883,200,1,false,13938.68899345398
2,884,200,1,false,17817.14916229248
2,885,200,1,false,13938.692092895508
2,886,200,1,false,16443.77088546753
2,887,200,1,false,14690.198183059692
2,888,200,1,false,16443.77589225769
2,889,200,1,false,13940.155029296875
2,890,200,1,false,15401.020765304565
2,891,200,1,false,13437.341928482056
2,892,200,1,false,14758.213996887207
2,893,200,1,false,15393.028974533081
2,894,200,1,false,15177.754878997803
2,895,200,1,false,15865.059852600098
2,896,200,1,false,15865.06199836731
2,897,200,1,false,16559.653997421265
2,898,200,1,false,17177.03676223755
2,899,200,1,false,17177.052974700928
2,900,200,1,false,17113.11388015747
2,901,200,1,false,16457.67903327942
2,902,200,1,false,16457.68117904663
2,903,200,1,false,16457.682132720947
2,904,200,1,false,16457.683324813843
2,905,200,1,false,16457.683324813843
2,906,200,1,false,17074.835300445557
2,907,200,1,false,15393.796920776367
2,908,200,1,false,16118.659019470215
2,909,200,1,false,15393.801927566528
2,910,200,1,false,13629.863739013672
2,911,200,1,false,14973.582983016968
2,912,200,1,false,14267.880916595459
2,913,200,1,false,14267.880916595459
2,914,200,1,false,14912.119626998901
2,915,200,1,false,13292.202949523926
2,916,200,1,false,14912.129640579224
2,917,200,1,false,15095.229864120483
2,918,200,1,false,15388.200998306274
2,919,200,1,false,15998.903036117554
2,920,200,1,false,15998.90685081482
2,921,200,1,false,16626.71399116516
2,922,200,1,false,16626.71685218811
2,923,200,1,false,16626.725912094116
2,924,200,1,false,17242.47097969055
2,925,200,1,false,17242.47407913208
2,926,200,1,false,17242.47717857361
2,927,200,1,false,16537.739753723145
2,928,200,1,false,17242.478847503662
2,929,200,1,false,17910.614013671875
2,930,200,1,false,17205.878734588623
2,931,200,1,false,16287.982702255249
2,932,200,1,false,15634.66215133667
2,933,200,1,false,15634.66215133667
2,934,200,1,false,13332.643032073975
2,935,200,1,false,14686.949968338013
2,936,200,1,false,14062.483787536621
2,937,200,1,false,13366.157054901123
2,938,200,1,false,14669.63505744934
2,939,200,1,false,14669.636964797974
2,940,200,1,false,13943.352937698364
2,941,200,1,false,15349.93290901184
2,942,200,1,false,16037.285089492798
2,943,200,1,false,15400.631189346313
2,944,200,1,false,16037.292003631592
2,945,200,1,false,16771.37780189514
2,946,200,1,false,16134.721040725708
2,947,200,1,false,16134.721994400024
2,948,200,1,false,16856.39715194702
2,949,200,1,false,16856.399059295654
2,950,200,1,false,16856.40025138855
2,951,200,1,false,15403.295278549194
2,952,200,1,false,16856.401920318604
2,953,200,1,false,16117.428064346313
2,954,200,1,false,16856.40597343445
2,955,200,1,false,15428.425788879395
2,956,200,1,false,16053.43222618103
2,957,200,1,false,16053.434133529663
2,958,200,1,false,14268.471002578735
2,959,200,1,false,13635.839939117432
2,960,200,1,false,14365.035057067871
2,961,200,1,false,13760.247945785522
2,962,200,1,false,14365.038871765137
2,963,200,1,false,14482.070922851562
2,964,200,1,false,14452.810049057007
2,965,200,1,false,15075.003147125244
2,966,200,1,false,15075.006008148193
2,967,200,1,false,15724.224090576172
2,968,200,1,false,15724.225997924805
2,969,200,1,false,16349.12109375
2,970,200,1,false,15099.529027938843
2,971,200,1,false,15711.763858795166
2,972,200,1,false,15711.764812469482
2,973,200,1,false,15099.532842636108
2,974,200,1,false,15099.536895751953
2,975,200,1,false,15711.769819259644
2,976,200,1,false,16350.78763961792
2,977,200,1,false,15110.93020439148
2,978,200,1,false,16350.794553756714
2,979,200,1,false,14584.372997283936
2,980,200,1,false,15717.209100723267
2,981,200,1,false,15717.223167419434
2,982,200,1,false,13018.659114837646
2,983,200,1,false,13625.486135482788
2,984,200,1,false,13646.944046020508
2,985,200,1,false,12980.04126548767
2,986,200,1,false,12980.042457580566
2,987,200,1,false,12260.979890823364
2,988,200,1,false,13635.379314422607
2,989,200,1,false,13832.556009292603
2,990,200,1,false,15301.063060760498
2,991,200,1,false,15222.396850585938
2,992,200,1,false,15964.620113372803
2,993,200,1,false,15964.623212814331
2,994,200,1,false,15222.40686416626
2,995,200,1,false,15964.627981185913
2,996,200,1,false,15222.407817840576
2,997,200,1,false,14611.695051193237
2,998,200,1,false,15964.631080627441
2,999,200,1,false,15222.41187095642
2,1000,200,1,false,14783.472299575806
2,1001,200,1,false,15417.537927627563
2,1002,200,1,false,12035.036087036133
2,1003,200,1,false,15417.541980743408
2,1004,200,1,false,14783.497333526611
2,1005,200,1,false,14157.642841339111
2,1006,200,1,false,13412.750959396362
2,1007,200,1,false,12762.778997421265
2,1008,200,1,false,13368.726015090942
2,1009,200,1,false,12642.09008216858
2,1010,200,1,false,11924.329042434692
2,1011,200,1,false,12642.098903656006
2,1012,200,1,false,11924.33214187622
2,1013,200,1,false,11924.33214187622
2,1014,200,1,false,12642.10295677185
2,1015,200,1,false,14551.506280899048
2,1016,200,1,false,15209.323167800903
2,1017,200,1,false,15209.33198928833
2,1018,200,1,false,15209.334135055542
2,1019,200,1,false,14472.146987915039
2,1020,200,1,false,14472.149133682251
2,1021,200,1,false,14472.151756286621
2,1022,200,1,false,14472.152948379517
2,1023,200,1,false,14472.153902053833
2,1024,200,1,false,13853.919982910156
2,1025,200,1,false,14580.057859420776
2,1026,200,1,false,14580.0621509552
2,1027,200,1,false,12599.161148071289
2,1028,200,1,false,12599.162101745605
2,1029,200,1,false,13217.326164245605
2,1030,200,1,false,11970.82805633545
2,1031,200,1,false,14453.796863555908
2,1032,200,1,false,12589.369297027588
2,1033,200,1,false,11308.08973312378
2,1034,200,1,false,12594.486951828003
2,1035,200,1,false,12594.490051269531
2,1036,200,1,false,12594.491004943848
2,1037,200,1,false,11957.759857177734
2,1038,200,1,false,12594.494104385376
2,1039,200,1,false,14891.150951385498
2,1040,200,1,false,14891.165971755981
2,1041,200,1,false,14891.168117523193
2,1042,200,1,false,14254.436731338501
2,1043,200,1,false,13630.493879318237
2,1044,200,1,false,12992.551803588867
2,1045,200,1,false,14360.86916923523
2,1046,200,1,false,14360.872983932495
2,1047,200,1,false,14360.873937606812
2,1048,200,1,false,13110.437870025635
2,1049,200,1,false,13722.938776016235
2,1050,200,1,false,14360.88490486145
2,1051,200,1,false,11497.70712852478
2,1052,200,1,false,14465.893745422363
2,1053,200,1,false,13853.403806686401
2,1054,200,1,false,10770.584106445312
2,1055,200,1,false,11535.258054733276
2,1056,200,1,false,11493.206977844238
2,1057,200,1,false,11493.2119846344
2,1058,200,1,false,11493.213891983032
2,1059,200,1,false,11493.216037750244
2,1060,200,1,false,11493.217945098877
2,1061,200,1,false,11493.220090866089
2,1062,200,1,false,11493.221998214722
2,1063,200,1,false,12374.14813041687
2,1064,200,1,false,13776.188850402832
2,1065,200,1,false,12967.293977737427
2,1066,200,1,false,12967.297077178955
2,1067,200,1,false,12967.298030853271
2,1068,200,1,false,12967.300176620483
2,1069,200,1,false,12967.3011302948
2,1070,200,1,false,11703.38487625122
2,1071,200,1,false,11703.387975692749
2,1072,200,1,false,12468.08409690857
2,1073,200,1,false,12468.086004257202
2,1074,200,1,false,12468.101978302002
2,1075,200,1,false,13111.15288734436
2,1076,200,1,false,12468.10507774353
2,1077,200,1,false,13111.154794692993
2,1078,200,1,false,9194.293975830078
2,1079,200,1,false,13101.303100585938
2,1080,200,1,false,10503.233909606934
2,1081,200,1,false,9827.493906021118
2,1082,200,1,false,10436.329126358032
2,1083,200,1,false,10436.33222579956
2,1084,200,1,false,10436.333179473877
2,1085,200,1,false,10436.333894729614
2,1086,200,1,false,10436.33484840393
2,1087,200,1,false,11320.142030715942
2,1088,200,1,false,12646.443128585815
2,1089,200,1,false,12646.446943283081
2,1090,200,1,false,11930.988073348999
2,1091,200,1,false,11930.989027023315
2,1092,200,1,false,11930.989980697632
2,1093,200,1,false,11930.992126464844
2,1094,200,1,false,11300.686120986938
2,1095,200,1,false,11930.99594116211
2,1096,200,1,false,11325.268030166626
2,1097,200,1,false,11940.837860107422
2,1098,200,1,false,11325.270891189575
2,1099,200,1,false,11325.270891189575
2,1100,200,1,false,11325.272798538208
2,1101,200,1,false,11940.84095954895
2,1102,200,1,false,8254.443883895874
2,1103,200,1,false,12060.991048812866
2,1104,200,1,false,8990.164041519165
2,1105,200,1,false,9746.556043624878
2,1106,200,1,false,8990.165948867798
2,1107,200,1,false,8990.166902542114
2,1108,200,1,false,8990.16809463501
2,1109,200,1,false,9746.559143066406
2,1110,200,1,false,8990.169048309326
2,1111,200,1,false,11614.342212677002
2,1112,200,1,false,13017.18783378601
2,1113,200,1,false,11543.81799697876
2,1114,200,1,false,13017.199039459229
2,1115,200,1,false,13017.199993133545
2,1116,200,1,false,11543.828010559082
2,1117,200,1,false,13017.200946807861
2,1118,200,1,false,11543.83111000061
2,1119,200,1,false,11543.832063674927
2,1120,200,1,false,11617.300033569336
2,1121,200,1,false,11617.303133010864
2,1122,200,1,false,11617.303133010864
2,1123,200,1,false,11617.30408668518
2,1124,200,1,false,11617.305278778076
2,1125,200,1,false,11617.306232452393
2,1126,200,1,false,9296.694993972778
2,1127,200,1,false,11617.307186126709
2,1128,200,1,false,10681.992053985596
2,1129,200,1,false,10019.229888916016
2,1130,200,1,false,10019.230842590332
2,1131,200,1,false,10019.231796264648
2,1132,200,1,false,10019.232988357544
2,1133,200,1,false,10019.234895706177
2,1134,200,1,false,10019.235849380493
2,1135,200,1,false,9305.778980255127
2,1136,200,1,false,12564.274787902832
2,1137,200,1,false,11850.821018218994
2,1138,200,1,false,12493.984937667847
2,1139,200,1,false,12493.988037109375
2,1140,200,1,false,12493.98922920227
2,1141,200,1,false,11238.750219345093
2,1142,200,1,false,12493.991136550903
2,1143,200,1,false,12493.99185180664
2,1144,200,1,false,11238.753080368042
2,1145,200,1,false,11238.754034042358
2,1146,200,1,false,11238.754987716675
2,1147,200,1,false,12679.728031158447
2,1148,200,1,false,12679.730892181396
2,1149,200,1,false,12679.732084274292
2,1150,200,1,false,9829.768180847168
2,1151,200,1,false,12763.10110092163
2,1152,200,1,false,11195.080995559692
2,1153,200,1,false,10543.499946594238
2,1154,200,1,false,10543.501138687134
2,1155,200,1,false,9913.464069366455
2,1156,200,1,false,10543.504238128662
2,1157,200,1,false,10543.505191802979
2,1158,200,1,false,10543.505191802979
2,1159,200,1,false,10543.506145477295
2,1160,200,1,false,13080.173969268799
2,1161,200,1,false,12450.138092041016
2,1162,200,1,false,12450.139045715332
2,1163,200,1,false,12450.143337249756
2,1164,200,1,false,12450.144052505493
2,1165,200,1,false,12373.783111572266
2,1166,200,1,false,13091.132164001465
2,1167,200,1,false,13091.138124465942
2,1168,200,1,false,12373.794078826904
2,1169,200,1,false,12373.79503250122
2,1170,200,1,false,12373.798131942749
2,1171,200,1,false,12985.016107559204
2,1172,200,1,false,12985.03303527832
2,1173,200,1,false,12985.072135925293
2,1174,200,1,false,9590.838193893433
2,1175,200,1,false,13740.24224281311
2,1176,200,1,false,11123.23808670044
2,1177,200,1,false,10346.01092338562
2,1178,200,1,false,10346.011877059937
2,1179,200,1,false,10346.014022827148
2,1180,200,1,false,10346.014976501465
2,1181,200,1,false,10346.01616859436
2,1182,200,1,false,10346.017122268677
2,1183,200,1,false,9547.7876663208
2,1184,200,1,false,12759.148120880127
2,1185,200,1,false,12586.741924285889
2,1186,200,1,false,12586.744785308838
2,1187,200,1,false,12586.745738983154
2,1188,200,1,false,12586.74693107605
2,1189,200,1,false,12586.748838424683
2,1190,200,1,false,12586.748838424683
2,1191,200,1,false,12586.749792098999
2,1192,200,1,false,11929.1410446167
2,1193,200,1,false,11929.1410446167
2,1194,200,1,false,12656.707763671875
2,1195,200,1,false,12656.710863113403
2,1196,200,1,false,12656.713008880615
2,1197,200,1,false,12656.713962554932
2,1198,200,1,false,10169.885158538818
2,1199,200,1,false,13313.987731933594
2,1200,200,1,false,13313.992023468018
2,1201,200,1,false,10059.627056121826
2,1202,200,1,false,10059.628963470459
2,1203,200,1,false,10827.166318893433
2,1204,200,1,false,10059.630870819092
2,1205,200,1,false,10059.631824493408
2,1206,200,1,false,10059.633016586304
2,1207,200,1,false,10059.63397026062
2,1208,200,1,false,12964.977025985718
2,1209,200,1,false,12124.644041061401
2,1210,200,1,false,13592.902898788452
2,1211,200,1,false,13592.905044555664
2,1212,200,1,false,12124.654054641724
2,1213,200,1,false,12879.133224487305
2,1214,200,1,false,12771.660089492798
2,1215,200,1,false,13526.138305664062
2,1216,200,1,false,12771.663188934326
2,1217,200,1,false,12771.665096282959
2,1218,200,1,false,13526.142120361328
2,1219,200,1,false,12771.667003631592
2,1220,200,1,false,13496.644020080566
2,1221,200,1,false,13496.649026870728
2,1222,200,1,false,10999.055862426758
2,1223,200,1,false,14121.316194534302
2,1224,200,1,false,14875.79607963562
2,1225,200,1,false,11623.725891113281
2,1226,200,1,false,11623.726844787598
2,1227,200,1,false,11623.728036880493
2,1228,200,1,false,10367.388010025024
2,1229,200,1,false,10367.407083511353
2,1230,200,1,false,10996.931791305542
2,1231,200,1,false,11623.74997138977
2,1232,200,1,false,13075.037002563477
2,1233,200,1,false,14350.16393661499
2,1234,200,1,false,14350.167751312256
2,1235,200,1,false,14350.168704986572
2,1236,200,1,false,12896.634101867676
2,1237,200,1,false,14350.172758102417
2,1238,200,1,false,14350.172758102417
2,1239,200,1,false,13720.65019607544
2,1240,200,1,false,12896.63815498352
2,1241,200,1,false,12896.639823913574
2,1242,200,1,false,13632.195949554443
2,1243,200,1,false,13632.199048995972
2,1244,200,1,false,13632.201194763184
2,1245,200,1,false,13632.202863693237
2,1246,200,1,false,11341.905117034912
2,1247,200,1,false,14251.171112060547
2,1248,200,1,false,14251.173973083496
2,1249,200,1,false,11285.017013549805
2,1250,200,1,false,11285.017967224121
2,1251,200,1,false,12020.76005935669
2,1252,200,1,false,12020.764827728271
2,1253,200,1,false,12020.798921585083
2,1254,200,1,false,12020.7998752594
2,1255,200,1,false,12626.639127731323
2,1256,200,1,false,14960.407018661499
2,1257,200,1,false,14960.408926010132
2,1258,200,1,false,14251.66392326355
2,1259,200,1,false,14135.047912597656
2,1260,200,1,false,14135.056972503662
2,1261,200,1,false,14135.059118270874
2,1262,200,1,false,14908.77103805542
2,1263,200,1,false,14908.77389907837
2,1264,200,1,false,14839.27297592163
2,1265,200,1,false,14839.277982711792
2,1266,200,1,false,14839.279890060425
2,1267,200,1,false,15481.61792755127
2,1268,200,1,false,15481.621026992798
2,1269,200,1,false,16255.332231521606
2,1270,200,1,false,15481.62317276001
2,1271,200,1,false,12720.02100944519
2,1272,200,1,false,12051.620721817017
2,1273,200,1,false,16255.336046218872
2,1274,200,1,false,11312.673091888428
2,1275,200,1,false,11929.745197296143
2,1276,200,1,false,11929.747104644775
2,1277,200,1,false,13304.49891090393
2,1278,200,1,false,13304.502010345459
2,1279,200,1,false,13186.233043670654
2,1280,200,1,false,15008.455276489258
2,1281,200,1,false,15736.268043518066
2,1282,200,1,false,15127.701997756958
2,1283,200,1,false,16475.221872329712
2,1284,200,1,false,16475.223064422607
2,1285,200,1,false,15085.513353347778
2,1286,200,1,false,15821.576833724976
2,1287,200,1,false,15821.579933166504
2,1288,200,1,false,15085.5233669281
2,1289,200,1,false,15085.525035858154
2,1290,200,1,false,15085.528135299683
2,1291,200,1,false,15829.962253570557
2,1292,200,1,false,15829.96416091919
2,1293,200,1,false,15829.965114593506
2,1294,200,1,false,13199.812650680542
2,1295,200,1,false,16467.559337615967
2,1296,200,1,false,16467.562437057495
2,1297,200,1,false,13174.853801727295
2,1298,200,1,false,13174.85499382019
2,1299,200,1,false,13174.856901168823
2,1300,200,1,false,13174.859046936035
2,1301,200,1,false,13795.723915100098
2,1302,200,1,false,13795.727968215942
2,1303,200,1,false,14441.574811935425
2,1304,200,1,false,14441.577911376953
2,1305,200,1,false,17156.3720703125
2,1306,200,1,false,17092.987298965454
2,1307,200,1,false,17093.006134033203
2,1308,200,1,false,17093.00708770752
2,1309,200,1,false,16436.679124832153
2,1310,200,1,false,17093.010187149048
2,1311,200,1,false,17093.011379241943
2,1312,200,1,false,16436.68293952942
2,1313,200,1,false,16436.68484687805
2,1314,200,1,false,16436.686038970947
2,1315,200,1,false,16342.68307685852
2,1316,200,1,false,16342.68593788147
2,1317,200,1,false,16342.686891555786
2,1318,200,1,false,13410.283088684082
2,1319,200,1,false,16964.476823806763
2,1320,200,1,false,16334.523916244507
2,1321,200,1,false,14032.077074050903
2,1322,200,1,false,13289.243221282959
2,1323,200,1,false,14651.739835739136
2,1324,200,1,false,13908.906936645508
2,1325,200,1,false,13908.908128738403
2,1326,200,1,false,14574.519157409668
2,1327,200,1,false,14572.17788696289
2,1328,200,1,false,15197.232246398926
2,1329,200,1,false,16702.91304588318
2,1330,200,1,false,17373.435974121094
2,1331,200,1,false,18017.282009124756
2,1332,200,1,false,17373.44002723694
2,1333,200,1,false,17373.440980911255
2,1334,200,1,false,17373.44193458557
2,1335,200,1,false,18029.426097869873
2,1336,200,1,false,18029.428958892822
2,1337,200,1,false,19285.127878189087
2,1338,200,1,false,18641.28804206848
2,1339,200,1,false,17396.141052246094
2,1340,200,1,false,17396.142959594727
2,1341,200,1,false,18035.562992095947
2,1342,200,1,false,18035.563945770264
2,1343,200,1,false,14957.554817199707
2,1344,200,1,false,17391.35217666626
2,1345,200,1,false,14779.605150222778
2,1346,200,1,false,14113.268852233887
2,1347,200,1,false,14113.269805908203
2,1348,200,1,false,14113.270998001099
2,1349,200,1,false,14113.271951675415
2,1350,200,1,false,15741.299152374268
2,1351,200,1,false,15695.039987564087
2,1352,200,1,false,17303.423166275024
2,1353,200,1,false,17978.09362411499
2,1354,200,1,false,17941.304206848145
2,1355,200,1,false,17301.62477493286
2,1356,200,1,false,17941.30802154541
2,1357,200,1,false,19305.618047714233
2,1358,200,1,false,17941.309928894043
2,1359,200,1,false,18570.180892944336
2,1360,200,1,false,17930.50479888916
2,1361,200,1,false,17301.5079498291
2,1362,200,1,false,17930.50980567932
2,1363,200,1,false,17301.511764526367
2,1364,200,1,false,17930.513858795166
2,1365,200,1,false,16587.061882019043
2,1366,200,1,false,17930.516958236694
2,1367,200,1,false,17200.55913925171
2,1368,200,1,false,13924.232959747314
2,1369,200,1,false,18544.015884399414
2,1370,200,1,false,14552.2141456604
2,1371,200,1,false,14552.219152450562
2,1372,200,1,false,14552.221298217773
2,1373,200,1,false,15194.858074188232
2,1374,200,1,false,15194.862127304077
2,1375,200,1,false,15194.864273071289
2,1376,200,1,false,18137.638807296753
2,1377,200,1,false,18120.729207992554
2,1378,200,1,false,18120.7332611084
2,1379,200,1,false,17500.686645507812
2,1380,200,1,false,17500.68974494934
2,1381,200,1,false,16877.62212753296
2,1382,200,1,false,17500.69284439087
2,1383,200,1,false,17498.539924621582
2,1384,200,1,false,18121.61087989807
2,1385,200,1,false,17498.54302406311
2,1386,200,1,false,18156.886100769043
2,1387,200,1,false,17534.28316116333
2,1388,200,1,false,17534.284830093384
2,1389,200,1,false,17534.28602218628
2,1390,200,1,false,17100.843906402588
2,1391,200,1,false,17713.78207206726
2,1392,200,1,false,17100.85129737854
2,1393,200,1,false,13618.81971359253
2,1394,200,1,false,14256.545066833496
2,1395,200,1,false,13618.823766708374
2,1396,200,1,false,14250.118732452393
2,1397,200,1,false,14250.12183189392
2,1398,200,1,false,14250.123977661133
2,1399,200,1,false,13011.564016342163
2,1400,200,1,false,15419.686794281006
2,1401,200,1,false,16026.49211883545
2,1402,200,1,false,15419.689893722534
2,1403,200,1,false,14766.172170639038
2,1404,200,1,false,16026.494264602661
2,1405,200,1,false,15419.692993164062
2,1406,200,1,false,15419.697999954224
2,1407,200,1,false,15419.699907302856
2,1408,200,1,false,16473.85811805725
2,1409,200,1,false,16491.95623397827
2,1410,200,1,false,16491.960048675537
2,1411,200,1,false,16491.96195602417
2,1412,200,1,false,16491.964101791382
2,1413,200,1,false,16491.966247558594
2,1414,200,1,false,14022.572755813599
2,1415,200,1,false,14927.527904510498
2,1416,200,1,false,15547.139167785645
2,1417,200,1,false,11993.097066879272
2,1418,200,1,false,11993.098020553589
2,1419,200,1,false,12794.137239456177
2,1420,200,1,false,12794.140100479126
2,1421,200,1,false,14026.167869567871
2,1422,200,1,false,13412.841081619263
2,1423,200,1,false,12776.372909545898
2,1424,200,1,false,13889.490842819214
2,1425,200,1,false,14602.519989013672
2,1426,200,1,false,14602.524995803833
2,1427,200,1,false,14602.527856826782
2,1428,200,1,false,13977.609872817993
2,1429,200,1,false,14602.532148361206
2,1430,200,1,false,14602.53381729126
2,1431,200,1,false,14602.535963058472
2,1432,200,1,false,14145.670890808105
2,1433,200,1,false,14781.532764434814
2,1434,200,1,false,13530.64227104187
2,1435,200,1,false,14781.538009643555
2,1436,200,1,false,14145.688772201538
2,1437,200,1,false,14145.689725875854
2,1438,200,1,false,11245.702981948853
2,1439,200,1,false,14146.631240844727
2,1440,200,1,false,14146.634340286255
2,1441,200,1,false,11204.414367675781
2,1442,200,1,false,11204.416036605835
2,1443,200,1,false,11856.046199798584
2,1444,200,1,false,11856.051206588745
2,1445,200,1,false,11210.026979446411
2,1446,200,1,false,11856.05525970459
2,1447,200,1,false,11813.066959381104
2,1448,200,1,false,12861.72890663147
2,1449,200,1,false,12873.715162277222
2,1450,200,1,false,12873.717069625854
2,1451,200,1,false,12873.71802330017
2,1452,200,1,false,12154.638767242432
2,1453,200,1,false,14256.867170333862
2,1454,200,1,false,12873.722076416016
2,1455,200,1,false,12154.643058776855
2,1456,200,1,false,12154.644966125488
2,1457,200,1,false,12154.646158218384
2,1458,200,1,false,12878.046989440918
2,1459,200,1,false,12244.711875915527
2,1460,200,1,false,12878.050804138184
2,1461,200,1,false,12244.71378326416
2,1462,200,1,false,9854.245901107788
2,1463,200,1,false,12244.715929031372
2,1464,200,1,false,12991.97506904602
2,1465,200,1,false,10601.507902145386
2,1466,200,1,false,10601.508855819702
2,1467,200,1,false,10601.510763168335
2,1468,200,1,false,11327.130794525146
2,1469,200,1,false,11327.134847640991
2,1470,200,1,false,9498.695135116577
2,1471,200,1,false,11327.139854431152
2,1472,200,1,false,12513.14091682434
2,1473,200,1,false,12197.877883911133
2,1474,200,1,false,11395.665168762207
2,1475,200,1,false,11395.66707611084
2,1476,200,1,false,11395.66707611084
2,1477,200,1,false,11395.668029785156
2,1478,200,1,false,10715.885877609253
2,1479,200,1,false,10715.88683128357
2,1480,200,1,false,12126.352071762085
2,1481,200,1,false,12126.354932785034
2,1482,200,1,false,12126.35588645935
2,1483,200,1,false,10828.273057937622
2,1484,200,1,false,12126.358032226562
2,1485,200,1,false,12126.358985900879
2,1486,200,1,false,9643.233060836792
2,1487,200,1,false,10828.278064727783
2,1488,200,1,false,11443.392038345337
2,1489,200,1,false,9496.746063232422
2,1490,200,1,false,9496.747970581055
2,1491,200,1,false,10248.262882232666
2,1492,200,1,false,10248.26693534851
2,1493,200,1,false,10248.267889022827
2,1494,200,1,false,10248.268842697144
2,1495,200,1,false,9542.881727218628
2,1496,200,1,false,11259.200811386108
2,1497,200,1,false,12675.895929336548
2,1498,200,1,false,11970.51191329956
2,1499,200,1,false,11970.512866973877
2,1500,200,1,false,11970.515966415405
2,1501,200,1,false,11340.735912322998
2,1502,200,1,false,11970.518827438354
2,1503,200,1,false,11970.518827438354
2,1504,200,1,false,11340.741872787476
2,1505,200,1,false,12161.04769706726
2,1506,200,1,false,12161.053895950317
2,1507,200,1,false,11534.552097320557
2,1508,200,1,false,9013.638734817505
2,1509,200,1,false,11534.556150436401
2,1510,200,1,false,11534.558057785034
2,1511,200,1,false,12268.607139587402
2,1512,200,1,false,11641.39986038208
2,1513,200,1,false,10555.637121200562
2,1514,200,1,false,9747.697830200195
2,1515,200,1,false,9747.698783874512
2,1516,200,1,false,9747.699975967407
2,1517,200,1,false,10486.746788024902
2,1518,200,1,false,10486.750841140747
2,1519,200,1,false,10486.752033233643
2,1520,200,1,false,12076.783895492554
2,1521,200,1,false,12686.69581413269
2,1522,200,1,false,12047.055959701538
2,1523,200,1,false,12047.05786705017
2,1524,200,1,false,12047.0609664917
2,1525,200,1,false,12047.061920166016
2,1526,200,1,false,12047.064065933228
2,1527,200,1,false,12047.06597328186
2,1528,200,1,false,11224.622011184692
2,1529,200,1,false,12186.286926269531
2,1530,200,1,false,12797.504186630249
2,1531,200,1,false,12144.871711730957
2,1532,200,1,false,12144.872903823853
2,1533,200,1,false,12797.508955001831
2,1534,200,1,false,10248.717069625854
2,1535,200,1,false,12144.87600326538
2,1536,200,1,false,12144.876956939697
2,1537,200,1,false,10907.949924468994
2,1538,200,1,false,10248.721361160278
2,1539,200,1,false,10863.656282424927
2,1540,200,1,false,10152.41289138794
2,1541,200,1,false,11493.50118637085
2,1542,200,1,false,11493.504047393799
2,1543,200,1,false,11493.505239486694
2,1544,200,1,false,11867.641687393188
2,1545,200,1,false,13289.507150650024
2,1546,200,1,false,12578.260898590088
2,1547,200,1,false,12578.261852264404
2,1548,200,1,false,12578.2630443573
2,1549,200,1,false,12578.2630443573
2,1550,200,1,false,12578.263998031616
2,1551,200,1,false,12578.264713287354
2,1552,200,1,false,11952.80385017395
2,1553,200,1,false,11952.80385017395
2,1554,200,1,false,12685.778141021729
2,1555,200,1,false,11951.563835144043
2,1556,200,1,false,10166.805028915405
2,1557,200,1,false,11951.567649841309
2,1558,200,1,false,11951.568841934204
2,1559,200,1,false,12584.709882736206
2,1560,200,1,false,12584.714889526367
2,1561,200,1,false,10052.897214889526
2,1562,200,1,false,10052.89888381958
2,1563,200,1,false,10052.90412902832
2,1564,200,1,false,10683.300971984863
2,1565,200,1,false,10683.303117752075
2,1566,200,1,false,11310.596942901611
2,1567,200,1,false,10489.84694480896
2,1568,200,1,false,12511.42406463623
2,1569,200,1,false,13255.568981170654
2,1570,200,1,false,12434.826850891113
2,1571,200,1,false,12434.829950332642
2,1572,200,1,false,12434.830904006958
2,1573,200,1,false,11771.560907363892
2,1574,200,1,false,12435.602903366089
2,1575,200,1,false,12435.606002807617
2,1576,200,1,false,11061.470985412598
2,1577,200,1,false,11772.35460281372
2,1578,200,1,false,12546.353816986084
2,1579,200,1,false,12546.55385017395
2,1580,200,1,false,11835.673093795776
2,1581,200,1,false,9636.487007141113
2,1582,200,1,false,12546.567916870117
2,1583,200,1,false,12450.815916061401
2,1584,200,1,false,13161.70072555542
2,1585,200,1,false,10876.198768615723
2,1586,200,1,false,10892.193794250488
2,1587,200,1,false,10892.196893692017
2,1588,200,1,false,11520.54500579834
2,1589,200,1,false,11520.555019378662
2,1590,200,1,false,11520.557880401611
2,1591,200,1,false,11303.225994110107
2,1592,200,1,false,12474.313974380493
2,1593,200,1,false,14662.065029144287
2,1594,200,1,false,14662.153005599976
2,1595,200,1,false,13090.72208404541
2,1596,200,1,false,13090.723991394043
2,1597,200,1,false,13090.72470664978
2,1598,200,1,false,13090.726852416992
2,1599,200,1,false,13090.727806091309
2,1600,200,1,false,13090.731859207153
2,1601,200,1,false,13090.733051300049
2,1602,200,1,false,13090.736865997314
2,1603,200,1,false,11829.017877578735
2,1604,200,1,false,11829.018831253052
2,1605,200,1,false,11829.020023345947
2,1606,200,1,false,11518.278121948242
2,1607,200,1,false,13307.675838470459
2,1608,200,1,false,13307.677030563354
2,1609,200,1,false,10880.208969116211
2,1610,200,1,false,10880.208969116211
2,1611,200,1,false,10880.209922790527
2,1612,200,1,false,11514.517068862915
2,1613,200,1,false,12137.2230052948
2,1614,200,1,false,12137.225151062012
2,1615,200,1,false,12872.645854949951
2,1616,200,1,false,13823.347091674805
2,1617,200,1,false,14450.331926345825
2,1618,200,1,false,13718.292951583862
2,1619,200,1,false,13718.30677986145
2,1620,200,1,false,13093.251943588257
2,1621,200,1,false,13718.310832977295
2,1622,200,1,false,13093.25385093689
2,1623,200,1,false,13718.31202507019
2,1624,200,1,false,13093.255996704102
2,1625,200,1,false,14372.162818908691
2,1626,200,1,false,13130.373239517212
2,1627,200,1,false,13747.115850448608
2,1628,200,1,false,13829.208135604858
2,1629,200,1,false,14445.953130722046
2,1630,200,1,false,11926.492929458618
2,1631,200,1,false,13178.731918334961
2,1632,200,1,false,13178.733110427856
2,1633,200,1,false,11844.454765319824
2,1634,200,1,false,11844.457864761353
2,1635,200,1,false,11844.493865966797
2,1636,200,1,false,12556.572914123535
2,1637,200,1,false,12556.57696723938
2,1638,200,1,false,12600.619077682495
2,1639,200,1,false,14026.790857315063
2,1640,200,1,false,13936.065673828125
2,1641,200,1,false,13936.079740524292
2,1642,200,1,false,13936.081886291504
2,1643,200,1,false,14642.2758102417
2,1644,200,1,false,11976.490020751953
2,1645,200,1,false,12674.075841903687
2,1646,200,1,false,14642.301797866821
2,1647,200,1,false,13294.033765792847
2,1648,200,1,false,14642.310857772827
2,1649,200,1,false,13936.125993728638
2,1650,200,1,false,13361.579895019531
2,1651,200,1,false,15310.909986495972
2,1652,200,1,false,13993.401050567627
2,1653,200,1,false,15310.91570854187
2,1654,200,1,false,11432.024002075195
2,1655,200,1,false,15404.631614685059
2,1656,200,1,false,14067.873001098633
2,1657,200,1,false,12176.898956298828
2,1658,200,1,false,13006.937980651855
2,1659,200,1,false,12176.928997039795
2,1660,200,1,false,12796.85091972351
2,1661,200,1,false,12796.852827072144
2,1662,200,1,false,13445.123672485352
2,1663,200,1,false,14092.042922973633
2,1664,200,1,false,14092.052936553955
2,1665,200,1,false,14893.357038497925
2,1666,200,1,false,14893.364906311035
2,1667,200,1,false,14893.36895942688
2,1668,200,1,false,14249.560832977295
2,1669,200,1,false,14249.572038650513
2,1670,200,1,false,14893.381834030151
2,1671,200,1,false,14249.57299232483
2,1672,200,1,false,14893.382787704468
2,1673,200,1,false,14249.57799911499
2,1674,200,1,false,15302.643060684204
2,1675,200,1,false,14641.405820846558
2,1676,200,1,false,15939.585208892822
2,1677,200,1,false,15316.510915756226
2,1678,200,1,false,13020.065784454346
2,1679,200,1,false,14641.42394065857
2,1680,200,1,false,14563.342094421387
2,1681,200,1,false,12988.159894943237
2,1682,200,1,false,12988.16204071045
2,1683,200,1,false,13738.969087600708
2,1684,200,1,false,13738.972187042236
2,1685,200,1,false,14356.335163116455
2,1686,200,1,false,13625.95796585083
2,1687,200,1,false,14356.339931488037
2,1688,200,1,false,15009.051084518433
2,1689,200,1,false,14242.612361907959
2,1690,200,1,false,14242.615222930908
2,1691,200,1,false,15614.861965179443
2,1692,200,1,false,14242.62022972107
2,1693,200,1,false,14242.621183395386
2,1694,200,1,false,14242.630243301392
2,1695,200,1,false,15624.704122543335
2,1696,200,1,false,14337.114334106445
2,1697,200,1,false,15624.714136123657
2,1698,200,1,false,15387.769222259521
2,1699,200,1,false,15211.430072784424
2,1700,200,1,false,16017.328262329102
2,1701,200,1,false,15211.442232131958
2,1702,200,1,false,13210.294008255005
2,1703,200,1,false,14499.072074890137
2,1704,200,1,false,14251.188039779663
2,1705,200,1,false,14975.581407546997
2,1706,200,1,false,14975.584030151367
2,1707,200,1,false,15621.947050094604
2,1708,200,1,false,15610.787153244019
2,1709,200,1,false,15610.794067382812
2,1710,200,1,false,16254.2142868042
2,1711,200,1,false,16254.218101501465
2,1712,200,1,false,16888.02218437195
2,1713,200,1,false,15445.72901725769
2,1714,200,1,false,17539.27707672119
2,1715,200,1,false,14812.877178192139
2,1716,200,1,false,14812.878131866455
2,1717,200,1,false,16177.849054336548
2,1718,200,1,false,16144.233226776123
2,1719,200,1,false,16144.236087799072
2,1720,200,1,false,14810.767889022827
2,1721,200,1,false,15511.384010314941
2,1722,200,1,false,16492.027759552002
2,1723,200,1,false,16924.044132232666
2,1724,200,1,false,18166.795015335083
2,1725,200,1,false,17545.74489593506
2,1726,200,1,false,16875.932931900024
2,1727,200,1,false,16156.514167785645
2,1728,200,1,false,16801.25904083252
2,1729,200,1,false,16062.864780426025
2,1730,200,1,false,16062.865734100342
2,1731,200,1,false,16062.867879867554
2,1732,200,1,false,16062.870025634766
2,1733,200,1,false,16791.152715682983
2,1734,200,1,false,16791.176795959473
2,1735,200,1,false,17522.38368988037
2,1736,200,1,false,17522.3867893219
2,1737,200,1,false,17522.38893508911
2,1738,200,1,false,16492.029190063477
2,1739,200,1,false,15834.973096847534
2,1740,200,1,false,15187.116146087646
2,1741,200,1,false,15803.005933761597
2,1742,200,1,false,16808.796167373657
2,1743,200,1,false,16160.939931869507
2,1744,200,1,false,17549.64804649353
2,1745,200,1,false,17921.70000076294
2,1746,200,1,false,17921.704053878784
2,1747,200,1,false,15939.631938934326
2,1748,200,1,false,16546.682119369507
2,1749,200,1,false,16546.68426513672
2,1750,200,1,false,15602.18095779419
2,1751,200,1,false,16571.215867996216
2,1752,200,1,false,16571.218013763428
2,1753,200,1,false,15294.542074203491
2,1754,200,1,false,15615.459203720093
2,1755,200,1,false,15615.462064743042
2,1756,200,1,false,15615.466117858887
2,1757,200,1,false,15959.535121917725
2,1758,200,1,false,15651.659965515137
2,1759,200,1,false,15964.051008224487
2,1760,200,1,false,14260.637998580933
2,1761,200,1,false,14894.754648208618
2,1762,200,1,false,15964.071989059448
2,1763,200,1,false,16664.37602043152
2,1764,200,1,false,14576.34162902832
2,1765,200,1,false,14885.161876678467
2,1766,200,1,false,14885.165691375732
2,1767,200,1,false,14885.167837142944
2,1768,200,1,false,14047.629833221436
2,1769,200,1,false,15075.505018234253
2,1770,200,1,false,14670.845985412598
2,1771,200,1,false,14021.803855895996
2,1772,200,1,false,14670.852899551392
2,1773,200,1,false,13437.530994415283
2,1774,200,1,false,12807.295799255371
2,1775,200,1,false,14085.492849349976
2,1776,200,1,false,12529.104948043823
2,1777,200,1,false,15109.657764434814
2,1778,200,1,false,13138.654947280884
2,1779,200,1,false,13138.667821884155
2,1780,200,1,false,12529.12425994873
2,1781,200,1,false,13138.672828674316
2,1782,200,1,false,13531.392812728882
2,1783,200,1,false,13531.400918960571
2,1784,200,1,false,12921.864032745361
2,1785,200,1,false,11243.82495880127
2,1786,200,1,false,9573.93193244934
2,1787,200,1,false,12921.870231628418
2,1788,200,1,false,10495.007991790771
2,1789,200,1,false,9113.274097442627
2,1790,200,1,false,9868.120908737183
2,1791,200,1,false,9868.129014968872
2,1792,200,1,false,10629.632949829102
2,1793,200,1,false,10182.713031768799
2,1794,200,1,false,9565.536975860596
2,1795,200,1,false,10182.717323303223
2,1796,200,1,false,10182.71803855896
2,1797,200,1,false,10182.725191116333
2,1798,200,1,false,9985.244989395142
3,1,200,1,false,3227.344751358032
3,2,200,1,false,3962.7368450164795
3,3,200,1,false,3962.740898132324
3,4,200,1,false,3962.7418518066406
3,5,200,1,false,3962.7437591552734
3,6,200,1,false,3962.74471282959
3,7,200,1,false,3962.7456665039062
3,8,200,1,false,3962.7468585968018
3,9,200,1,false,3962.747812271118
3,10,200,1,false,3962.7487659454346
3,11,200,1,false,3962.7487659454346
3,12,200,1,false,3962.74995803833
3,13,200,1,false,3962.74995803833
3,14,200,1,false,3962.7509117126465
3,15,200,1,false,3962.7509117126465
3,16,200,1,false,3962.751865386963
3,17,200,1,false,3962.751865386963
3,18,200,1,false,3962.7530574798584
3,19,200,1,false,3962.754011154175
3,20,200,1,false,3962.754011154175
3,21,200,1,false,3962.754726409912
3,22,200,1,false,3962.754726409912
3,23,200,1,false,3962.7556800842285
3,24,200,1,false,3962.7556800842285
3,25,200,1,false,7251.914024353027
3,26,200,1,false,7984.03787612915
3,27,200,1,false,7984.041929244995
3,28,200,1,false,7984.043836593628
3,29,200,1,false,7984.045743942261
3,30,200,1,false,7984.046697616577
3,31,200,1,false,7984.048843383789
3,32,200,1,false,7984.0497970581055
3,33,200,1,false,7984.051942825317
3,34,200,1,false,7984.05385017395
3,35,200,1,false,7984.055042266846
3,36,200,1,false,7984.055757522583
3,37,200,1,false,7984.057664871216
3,38,200,1,false,7984.058856964111
3,39,200,1,false,7984.059810638428
3,40,200,1,false,7984.060764312744
3,41,200,1,false,7984.06195640564
3,42,200,1,false,7984.062910079956
3,43,200,1,false,7984.0638637542725
3,44,200,1,false,7984.065055847168
3,45,200,1,false,7984.066009521484
3,46,200,1,false,7984.066724777222
3,47,200,1,false,7984.067678451538
3,48,200,1,false,7984.068870544434
3,49,200,1,false,7984.06982421875
3,50,200,1,false,11015.026807785034
3,51,200,1,false,11633.77571105957
3,52,200,1,false,11633.777856826782
3,53,200,1,false,11633.778810501099
3,54,200,1,false,11633.780002593994
3,55,200,1,false,11633.78095626831
3,56,200,1,false,11633.78095626831
3,57,200,1,false,11633.781909942627
3,58,200,1,false,11633.781909942627
3,59,200,1,false,11633.782863616943
3,60,200,1,false,11633.782863616943
3,61,200,1,false,11633.78381729126
3,62,200,1,false,11633.78381729126
3,63,200,1,false,7240.276098251343
3,64,200,1,false,7240.277051925659
3,65,200,1,false,11633.784770965576
3,66,200,1,false,8125.694990158081
3,67,200,1,false,11633.785724639893
3,68,200,1,false,7240.279197692871
3,69,200,1,false,7240.279197692871
3,70,200,1,false,7240.2801513671875
3,71,200,1,false,7240.281105041504
3,72,200,1,false,7240.281105041504
3,73,200,1,false,7240.281105041504
3,74,200,1,false,10134.145021438599
3,75,200,1,false,10813.899993896484
3,76,200,1,false,10813.903093338013
3,77,200,1,false,10813.90905380249
3,78,200,1,false,10813.910007476807
3,79,200,1,false,10813.912153244019
3,80,200,1,false,10813.912153244019
3,81,200,1,false,10813.913106918335
3,82,200,1,false,10813.913106918335
3,83,200,1,false,10813.914060592651
3,84,200,1,false,10813.915252685547
3,85,200,1,false,10813.916206359863
3,86,200,1,false,10813.916206359863
3,87,200,1,false,7562.9448890686035
3,88,200,1,false,10813.918352127075
3,89,200,1,false,6815.754413604736
3,90,200,1,false,6815.755128860474
3,91,200,1,false,10813.919067382812
3,92,200,1,false,6815.75608253479
3,93,200,1,false,6815.757036209106
3,94,200,1,false,6815.758228302002
3,95,200,1,false,6815.759181976318
3,96,200,1,false,6815.760135650635
3,97,200,1,false,6815.76132774353
3,98,200,1,false,9559.608221054077
3,99,200,1,false,10273.177146911621
3,100,200,1,false,10273.200273513794
3,101,200,1,false,10273.202180862427
3,102,200,1,false,10273.203372955322
3,103,200,1,false,10273.203372955322
3,104,200,1,false,10273.204326629639
3,105,200,1,false,10273.204326629639
3,106,200,1,false,10273.205280303955
3,107,200,1,false,10273.205995559692
3,108,200,1,false,10273.205995559692
3,109,200,1,false,10273.207187652588
3,110,200,1,false,10273.208141326904
3,111,200,1,false,7340.076923370361
3,112,200,1,false,10273.20909500122
3,113,200,1,false,10273.210287094116
3,114,200,1,false,6538.463115692139
3,115,200,1,false,10273.211240768433
3,116,200,1,false,6538.464069366455
3,117,200,1,false,6538.464069366455
3,118,200,1,false,6538.4650230407715
3,119,200,1,false,6538.465976715088
3,120,200,1,false,6538.465976715088
3,121,200,1,false,6538.467168807983
3,122,200,1,false,9371.052026748657
3,123,200,1,false,10091.22896194458
3,124,200,1,false,10091.232061386108
3,125,200,1,false,10091.233968734741
3,126,200,1,false,10091.235160827637
3,127,200,1,false,10091.236114501953
3,128,200,1,false,10091.238021850586
3,129,200,1,false,10091.307163238525
3,130,200,1,false,10091.310024261475
3,131,200,1,false,10091.333866119385
3,132,200,1,false,10091.33505821228
3,133,200,1,false,10091.336011886597
3,134,200,1,false,10091.336965560913
3,135,200,1,false,10091.336965560913
3,136,200,1,false,6628.658771514893
3,137,200,1,false,10091.339111328125
3,138,200,1,false,10091.339111328125
3,139,200,1,false,7347.990989685059
3,140,200,1,false,6628.661870956421
3,141,200,1,false,6628.661870956421
3,142,200,1,false,6628.661870956421
3,143,200,1,false,6628.663063049316
3,144,200,1,false,6628.663063049316
3,145,200,1,false,6628.664016723633
3,146,200,1,false,9435.7328414917
3,147,200,1,false,10106.91785812378
3,148,200,1,false,10106.921911239624
3,149,200,1,false,10106.924057006836
3,150,200,1,false,10106.925964355469
3,151,200,1,false,10106.925964355469
3,152,200,1,false,10106.926679611206
3,153,200,1,false,10106.926679611206
3,154,200,1,false,10106.927871704102
3,155,200,1,false,10106.928825378418
3,156,200,1,false,10106.928825378418
3,157,200,1,false,10106.929779052734
3,158,200,1,false,6629.673004150391
3,159,200,1,false,10106.93097114563
3,160,200,1,false,6629.6751499176025
3,161,200,1,false,10106.931924819946
3,162,200,1,false,7342.867851257324
3,163,200,1,false,10106.932878494263
3,164,200,1,false,10106.93383216858
3,165,200,1,false,6629.677057266235
3,166,200,1,false,6629.678249359131
3,167,200,1,false,6629.678249359131
3,168,200,1,false,6629.679203033447
3,169,200,1,false,6629.679203033447
3,170,200,1,false,9461.820125579834
3,171,200,1,false,10295.053243637085
3,172,200,1,false,10295.056104660034
3,173,200,1,false,10295.05705833435
3,174,200,1,false,10295.058012008667
3,175,200,1,false,10295.058012008667
3,176,200,1,false,10295.058965682983
3,177,200,1,false,10295.060157775879
3,178,200,1,false,10295.060157775879
3,179,200,1,false,10295.061111450195
3,180,200,1,false,10295.061111450195
3,181,200,1,false,10295.061111450195
3,182,200,1,false,10295.062065124512
3,183,200,1,false,6761.583089828491
3,184,200,1,false,6761.584281921387
3,185,200,1,false,10295.064210891724
3,186,200,1,false,10295.064210891724
3,187,200,1,false,10295.064210891724
3,188,200,1,false,6761.5861892700195
3,189,200,1,false,6761.5861892700195
3,190,200,1,false,6761.587142944336
3,191,200,1,false,6761.588096618652
3,192,200,1,false,6761.588096618652
3,193,200,1,false,7534.021854400635
3,194,200,1,false,9154.743194580078
3,195,200,1,false,9154.745101928711
3,196,200,1,false,9154.747247695923
3,197,200,1,false,9154.74820137024
3,198,200,1,false,9154.749155044556
3,199,200,1,false,9154.750347137451
3,200,200,1,false,9154.751062393188
3,201,200,1,false,9154.751062393188
3,202,200,1,false,9154.752969741821
3,203,200,1,false,9154.752969741821
3,204,200,1,false,5633.728981018066
3,205,200,1,false,9154.755115509033
3,206,200,1,false,9154.755115509033
3,207,200,1,false,9154.75606918335
3,208,200,1,false,6388.1330490112305
3,209,200,1,false,9154.757261276245
3,210,200,1,false,5633.732080459595
3,211,200,1,false,5633.733034133911
3,212,200,1,false,9154.758214950562
3,213,200,1,false,9154.759168624878
3,214,200,1,false,5633.7339878082275
3,215,200,1,false,5633.735179901123
3,216,200,1,false,5633.735179901123
3,217,200,1,false,5633.735179901123
3,218,200,1,false,9011.11102104187
3,219,200,1,false,9630.563974380493
3,220,200,1,false,9630.567073822021
3,221,200,1,false,9630.567789077759
3,222,200,1,false,9630.568742752075
3,223,200,1,false,9630.568742752075
3,224,200,1,false,9630.56993484497
3,225,200,1,false,9630.570888519287
3,226,200,1,false,9630.570888519287
3,227,200,1,false,6001.272916793823
3,228,200,1,false,9630.573034286499
3,229,200,1,false,9630.573034286499
3,230,200,1,false,9630.573034286499
3,231,200,1,false,9630.573987960815
3,232,200,1,false,9630.573987960815
3,233,200,1,false,6784.2700481414795
3,234,200,1,false,9630.577087402344
3,235,200,1,false,9630.577087402344
3,236,200,1,false,6001.2781620025635
3,237,200,1,false,6001.27911567688
3,238,200,1,false,6001.27911567688
3,239,200,1,false,6001.279830932617
3,240,200,1,false,6001.279830932617
3,241,200,1,false,6001.281023025513
3,242,200,1,false,8831.830978393555
3,243,200,1,false,9468.84298324585
3,244,200,1,false,9468.847036361694
3,245,200,1,false,9468.84799003601
3,246,200,1,false,9468.849182128906
3,247,200,1,false,9468.850135803223
3,248,200,1,false,9468.851089477539
3,249,200,1,false,9468.852043151855
3,250,200,1,false,9468.852996826172
3,251,200,1,false,9468.853950500488
3,252,200,1,false,9468.854904174805
3,253,200,1,false,9468.855857849121
3,254,200,1,false,9468.857049942017
3,255,200,1,false,9468.857049942017
3,256,200,1,false,9468.858003616333
3,257,200,1,false,7025.868892669678
3,258,200,1,false,9468.85895729065
3,259,200,1,false,7025.870084762573
3,260,200,1,false,7025.87103843689
3,261,200,1,false,7025.87103843689
3,262,200,1,false,7025.871992111206
3,263,200,1,false,7025.873184204102
3,264,200,1,false,7025.873899459839
3,265,200,1,false,7025.873899459839
3,266,200,1,false,9850.376844406128
3,267,200,1,false,10497.014045715332
3,268,200,1,false,10497.015953063965
3,269,200,1,false,10497.018098831177
3,270,200,1,false,10497.01976776123
3,271,200,1,false,10497.020959854126
3,272,200,1,false,10497.021913528442
3,273,200,1,false,10497.021913528442
3,274,200,1,false,10497.022867202759
3,275,200,1,false,6512.612819671631
3,276,200,1,false,10497.02501296997
3,277,200,1,false,10497.025966644287
3,278,200,1,false,10497.025966644287
3,279,200,1,false,10497.026920318604
3,280,200,1,false,10497.026920318604
3,281,200,1,false,10497.028112411499
3,282,200,1,false,10497.028112411499
3,283,200,1,false,6512.618064880371
3,284,200,1,false,7240.840196609497
3,285,200,1,false,6512.6190185546875
3,286,200,1,false,6512.619733810425
3,287,200,1,false,6512.619733810425
3,288,200,1,false,6512.62092590332
3,289,200,1,false,6512.62092590332
3,290,200,1,false,9440.469026565552
3,291,200,1,false,10167.102098464966
3,292,200,1,false,10167.105197906494
3,293,200,1,false,10167.105197906494
3,294,200,1,false,10167.105913162231
3,295,200,1,false,10167.124032974243
3,296,200,1,false,10167.126893997192
3,297,200,1,false,10167.127847671509
3,298,200,1,false,10167.127847671509
3,299,200,1,false,10167.128801345825
3,300,200,1,false,10167.128801345825
3,301,200,1,false,10167.12999343872
3,302,200,1,false,10167.12999343872
3,303,200,1,false,10167.12999343872
3,304,200,1,false,10167.130947113037
3,305,200,1,false,6715.86799621582
3,306,200,1,false,6715.868949890137
3,307,200,1,false,7435.767650604248
3,308,200,1,false,10167.15407371521
3,309,200,1,false,6715.906143188477
3,310,200,1,false,6715.909957885742
3,311,200,1,false,6715.912103652954
3,312,200,1,false,6715.912103652954
3,313,200,1,false,6715.9130573272705
3,314,200,1,false,9421.611070632935
3,315,200,1,false,9421.613931655884
3,316,200,1,false,9421.6148853302
3,317,200,1,false,9421.617031097412
3,318,200,1,false,9421.617984771729
3,319,200,1,false,9421.618938446045
3,320,200,1,false,9421.618938446045
3,321,200,1,false,9421.62013053894
3,322,200,1,false,9421.621084213257
3,323,200,1,false,9421.622037887573
3,324,200,1,false,9421.623229980469
3,325,200,1,false,9421.623229980469
3,326,200,1,false,9421.623945236206
3,327,200,1,false,5878.136873245239
3,328,200,1,false,9421.623945236206
3,329,200,1,false,6680.564880371094
3,330,200,1,false,9421.627044677734
3,331,200,1,false,9421.62799835205
3,332,200,1,false,5878.140926361084
3,333,200,1,false,5878.1418800354
3,334,200,1,false,5878.1418800354
3,335,200,1,false,5878.1418800354
3,336,200,1,false,5878.143072128296
3,337,200,1,false,5878.143072128296
3,338,200,1,false,10082.606792449951
3,339,200,1,false,10082.60989189148
3,340,200,1,false,10082.610845565796
3,341,200,1,false,10082.612991333008
3,342,200,1,false,10082.613945007324
3,343,200,1,false,10082.61513710022
3,344,200,1,false,10082.616090774536
3,345,200,1,false,10082.616806030273
3,346,200,1,false,6504.433870315552
3,347,200,1,false,10082.618951797485
3,348,200,1,false,10082.619905471802
3,349,200,1,false,10082.620859146118
3,350,200,1,false,10082.620859146118
3,351,200,1,false,10082.622051239014
3,352,200,1,false,10082.622051239014
3,353,200,1,false,10082.62300491333
3,354,200,1,false,6504.440069198608
3,355,200,1,false,6504.441022872925
3,356,200,1,false,7345.139026641846
3,357,200,1,false,10082.626104354858
3,358,200,1,false,6504.443168640137
3,359,200,1,false,6504.443168640137
3,360,200,1,false,6504.443883895874
3,361,200,1,false,6504.4450759887695
3,362,200,1,false,6504.4450759887695
3,363,200,1,false,9628.297090530396
3,364,200,1,false,10403.494834899902
3,365,200,1,false,10403.49793434143
3,366,200,1,false,10403.499126434326
3,367,200,1,false,10403.500080108643
3,368,200,1,false,10403.501033782959
3,369,200,1,false,10403.502225875854
3,370,200,1,false,10403.50317955017
3,371,200,1,false,10403.504133224487
3,372,200,1,false,10403.504133224487
3,373,200,1,false,10403.504848480225
3,374,200,1,false,10403.504848480225
3,375,200,1,false,7669.926881790161
3,376,200,1,false,10403.506994247437
3,377,200,1,false,7669.928789138794
3,378,200,1,false,7669.928789138794
3,379,200,1,false,7669.929981231689
3,380,200,1,false,10403.509140014648
3,381,200,1,false,10403.510093688965
3,382,200,1,false,7669.930934906006
3,383,200,1,false,7669.931888580322
3,384,200,1,false,7669.931888580322
3,385,200,1,false,7669.932842254639
3,386,200,1,false,7669.932842254639
3,387,200,1,false,12796.093940734863
3,388,200,1,false,13534.998893737793
3,389,200,1,false,13535.001993179321
3,390,200,1,false,13535.002708435059
3,391,200,1,false,13535.00485420227
3,392,200,1,false,13535.005807876587
3,393,200,1,false,13535.006761550903
3,394,200,1,false,13535.007953643799
3,395,200,1,false,13535.008907318115
3,396,200,1,false,10612.645864486694
3,397,200,1,false,11235.647916793823
3,398,200,1,false,11235.649824142456
3,399,200,1,false,11235.650777816772
3,400,200,1,false,11235.651731491089
3,401,200,1,false,11235.652685165405
3,402,200,1,false,11235.6538772583
3,403,200,1,false,11235.654830932617
3,404,200,1,false,11235.654830932617
3,405,200,1,false,11235.655784606934
3,406,200,1,false,11235.65697669983
3,407,200,1,false,11235.65697669983
3,408,200,1,false,11235.657930374146
3,409,200,1,false,11235.657930374146
3,410,200,1,false,11978.31392288208
3,411,200,1,false,13615.003824234009
3,412,200,1,false,14250.452995300293
3,413,200,1,false,10414.811849594116
3,414,200,1,false,10414.813041687012
3,415,200,1,false,10414.813995361328
3,416,200,1,false,14250.456809997559
3,417,200,1,false,11151.419878005981
3,418,200,1,false,14250.458717346191
3,419,200,1,false,14250.460863113403
3,420,200,1,false,16061.990737915039
3,421,200,1,false,20960.60800552368
3,422,200,1,false,20960.609912872314
3,423,200,1,false,16774.686813354492
3,424,200,1,false,16774.688005447388
3,425,200,1,false,16774.688959121704
3,426,200,1,false,16774.688959121704
3,427,200,1,false,20960.61372756958
3,428,200,1,false,20960.615873336792
3,429,200,1,false,12939.04995918274
3,430,200,1,false,20960.617780685425
3,431,200,1,false,12939.052104949951
3,432,200,1,false,20960.619926452637
3,433,200,1,false,12939.053058624268
3,434,200,1,false,12939.054012298584
3,435,200,1,false,15375.069856643677
3,436,200,1,false,15375.072956085205
3,437,200,1,false,15375.075101852417
3,438,200,1,false,15375.082015991211
3,439,200,1,false,15375.082969665527
3,440,200,1,false,16001.312017440796
3,441,200,1,false,16001.318216323853
3,442,200,1,false,16001.31893157959
3,443,200,1,false,16001.320838928223
3,444,200,1,false,17470.84379196167
3,445,200,1,false,18095.13282775879
3,446,200,1,false,18095.13807296753
3,447,200,1,false,18095.139980316162
3,448,200,1,false,12161.659002304077
3,449,200,1,false,18095.142126083374
3,450,200,1,false,18095.142126083374
3,451,200,1,false,13010.183811187744
3,452,200,1,false,12161.663055419922
3,453,200,1,false,18095.250844955444
3,454,200,1,false,12161.772966384888
3,455,200,1,false,12161.7751121521
3,456,200,1,false,12916.574954986572
3,457,200,1,false,11759.689807891846
3,458,200,1,false,12916.584014892578
3,459,200,1,false,14488.051891326904
3,460,200,1,false,15076.028108596802
3,461,200,1,false,13230.862855911255
3,462,200,1,false,13230.865716934204
3,463,200,1,false,13230.867862701416
3,464,200,1,false,13230.870008468628
3,465,200,1,false,14207.452774047852
3,466,200,1,false,14822.66879081726
3,467,200,1,false,14822.673797607422
3,468,200,1,false,14807.332038879395
3,469,200,1,false,15464.178800582886
3,470,200,1,false,15464.179754257202
3,471,200,1,false,12472.98812866211
3,472,200,1,false,13114.246845245361
3,473,200,1,false,15464.182615280151
3,474,200,1,false,15464.183807373047
3,475,200,1,false,15464.184761047363
3,476,200,1,false,15464.18571472168
3,477,200,1,false,13095.326900482178
3,478,200,1,false,13095.330953598022
3,479,200,1,false,13095.331907272339
3,480,200,1,false,13095.333099365234
3,481,200,1,false,11930.08303642273
3,482,200,1,false,13722.458124160767
3,483,200,1,false,16024.25479888916
3,484,200,1,false,13509.077072143555
3,485,200,1,false,16662.63175010681
3,486,200,1,false,14147.455930709839
3,487,200,1,false,14147.459030151367
3,488,200,1,false,14766.763925552368
3,489,200,1,false,14766.766786575317
3,490,200,1,false,14766.767740249634
3,491,200,1,false,14766.76893234253
3,492,200,1,false,16050.143003463745
3,493,200,1,false,16767.73190498352
3,494,200,1,false,16767.738819122314
3,495,200,1,false,16767.740964889526
3,496,200,1,false,16767.745971679688
3,497,200,1,false,14380.43999671936
3,498,200,1,false,16767.749786376953
3,499,200,1,false,14380.44285774231
3,500,200,1,false,16767.75288581848
3,501,200,1,false,13746.848106384277
3,502,200,1,false,13746.85001373291
3,503,200,1,false,15096.182823181152
3,504,200,1,false,15096.185684204102
3,505,200,1,false,12251.446008682251
3,506,200,1,false,15079.035997390747
3,507,200,1,false,16370.759010314941
3,508,200,1,false,15523.629903793335
3,509,200,1,false,17630.12981414795
3,510,200,1,false,14785.388946533203
3,511,200,1,false,14785.390138626099
3,512,200,1,false,15419.40188407898
3,513,200,1,false,15419.404029846191
3,514,200,1,false,15419.404983520508
3,515,200,1,false,15419.405937194824
3,516,200,1,false,16360.915899276733
3,517,200,1,false,16359.957933425903
3,518,200,1,false,17087.620973587036
3,519,200,1,false,17087.62216567993
3,520,200,1,false,17087.623834609985
3,521,200,1,false,14255.440950393677
3,522,200,1,false,16359.967947006226
3,523,200,1,false,14887.716054916382
3,524,200,1,false,14896.950006484985
3,525,200,1,false,17001.47819519043
3,526,200,1,false,13956.939935684204
3,527,200,1,false,14896.955728530884
3,528,200,1,false,14896.95692062378
3,529,200,1,false,15614.038944244385
3,530,200,1,false,13402.54020690918
3,531,200,1,false,15118.181228637695
3,532,200,1,false,15218.724250793457
3,533,200,1,false,15218.729257583618
3,534,200,1,false,15930.77826499939
3,535,200,1,false,15930.781364440918
3,536,200,1,false,15930.782318115234
3,537,200,1,false,15930.78327178955
3,538,200,1,false,15326.745748519897
3,539,200,1,false,17291.354179382324
3,540,200,1,false,17278.290271759033
3,541,200,1,false,13734.814882278442
3,542,200,1,false,16674.256801605225
3,543,200,1,false,17278.29623222351
3,544,200,1,false,16674.258947372437
3,545,200,1,false,17281.863927841187
3,546,200,1,false,16631.9580078125
3,547,200,1,false,16631.961822509766
3,548,200,1,false,13702.29196548462
3,549,200,1,false,14367.416143417358
3,550,200,1,false,13747.868299484253
3,551,200,1,false,15007.560014724731
3,552,200,1,false,11708.352088928223
3,553,200,1,false,13747.875213623047
3,554,200,1,false,14365.638256072998
3,555,200,1,false,15320.747137069702
3,556,200,1,false,13910.434007644653
3,557,200,1,false,17192.508220672607
3,558,200,1,false,14533.444166183472
3,559,200,1,false,14533.449172973633
3,560,200,1,false,14533.452033996582
3,561,200,1,false,15171.190977096558
3,562,200,1,false,15858.160734176636
3,563,200,1,false,15171.195268630981
3,564,200,1,false,15171.196222305298
3,565,200,1,false,15206.273794174194
3,566,200,1,false,15905.84921836853
3,567,200,1,false,15206.281185150146
3,568,200,1,false,13323.90809059143
3,569,200,1,false,15905.854940414429
3,570,200,1,false,12702.75592803955
3,571,200,1,false,14586.419105529785
3,572,200,1,false,15951.730966567993
3,573,200,1,false,12800.920009613037
3,574,200,1,false,12800.92191696167
3,575,200,1,false,13402.559041976929
3,576,200,1,false,12354.146957397461
3,577,200,1,false,13402.564764022827
3,578,200,1,false,14049.84998703003
3,579,200,1,false,15098.35696220398
3,580,200,1,false,13401.800870895386
3,581,200,1,false,16372.780799865723
3,582,200,1,false,13401.695013046265
3,583,200,1,false,13401.697874069214
3,584,200,1,false,14038.302898406982
3,585,200,1,false,14027.357816696167
3,586,200,1,false,14663.963794708252
3,587,200,1,false,14663.964748382568
3,588,200,1,false,14663.965940475464
3,589,200,1,false,14646.179914474487
3,590,200,1,false,15282.785654067993
3,591,200,1,false,15282.786846160889
3,592,200,1,false,12775.346994400024
3,593,200,1,false,11397.796154022217
3,594,200,1,false,14646.18992805481
3,595,200,1,false,13935.405015945435
3,596,200,1,false,14564.953088760376
3,597,200,1,false,12689.913034439087
3,598,200,1,false,12642.669200897217
3,599,200,1,false,12642.672300338745
3,600,200,1,false,13305.235147476196
3,601,200,1,false,11303.893089294434
3,602,200,1,false,12642.674207687378
3,603,200,1,false,12260.6520652771
3,604,200,1,false,13518.074989318848
3,605,200,1,false,13542.845010757446
3,606,200,1,false,14881.630182266235
3,607,200,1,false,12908.107042312622
3,608,200,1,false,12908.109188079834
3,609,200,1,false,13542.856931686401
3,610,200,1,false,12929.170370101929
3,611,200,1,false,13534.760236740112
3,612,200,1,false,14169.507265090942
3,613,200,1,false,13547.889232635498
3,614,200,1,false,14153.480291366577
3,615,200,1,false,13547.89423942566
3,616,200,1,false,12929.804801940918
3,617,200,1,false,11973.851919174194
3,618,200,1,false,13547.897100448608
3,619,200,1,false,10690.95516204834
3,620,200,1,false,14212.642192840576
3,621,200,1,false,11355.700969696045
3,622,200,1,false,11338.510036468506
3,623,200,1,false,12692.258834838867
3,624,200,1,false,12057.0650100708
3,625,200,1,false,12057.067155838013
3,626,200,1,false,11338.518857955933
3,627,200,1,false,12254.991054534912
3,628,200,1,false,11638.997077941895
3,629,200,1,false,13013.447761535645
3,630,200,1,false,11639.00113105774
3,631,200,1,false,12332.984209060669
3,632,200,1,false,13120.760202407837
3,633,200,1,false,13120.789051055908
3,634,200,1,false,13120.792150497437
3,635,200,1,false,13120.794296264648
3,636,200,1,false,13120.796203613281
3,637,200,1,false,12471.137046813965
3,638,200,1,false,13802.862167358398
3,639,200,1,false,12471.139907836914
3,640,200,1,false,13108.882188796997
3,641,200,1,false,11435.50705909729
3,642,200,1,false,12471.144199371338
3,643,200,1,false,10172.744989395142
3,644,200,1,false,12471.145868301392
3,645,200,1,false,10790.472269058228
3,646,200,1,false,10160.71891784668
3,647,200,1,false,10790.479183197021
3,648,200,1,false,10790.480136871338
3,649,200,1,false,10160.726070404053
3,650,200,1,false,10787.132978439331
3,651,200,1,false,12061.566829681396
3,652,200,1,false,11116.3010597229
3,653,200,1,false,11751.131772994995
3,654,200,1,false,11751.134872436523
3,655,200,1,false,12359.882831573486
3,656,200,1,false,12359.885692596436
3,657,200,1,false,12359.886884689331
3,658,200,1,false,12368.754863739014
3,659,200,1,false,12368.76106262207
3,660,200,1,false,12990.947723388672
3,661,200,1,false,11735.457181930542
3,662,200,1,false,13622.089147567749
3,663,200,1,false,10784.486055374146
3,664,200,1,false,11735.464334487915
3,665,200,1,false,11735.466003417969
3,666,200,1,false,11735.46814918518
3,667,200,1,false,10258.980989456177
3,668,200,1,false,10258.984088897705
3,669,200,1,false,12467.609167098999
3,670,200,1,false,11540.544033050537
3,671,200,1,false,10890.875101089478
3,672,200,1,false,9614.814043045044
3,673,200,1,false,10890.877962112427
3,674,200,1,false,10890.879154205322
3,675,200,1,false,9614.817142486572
3,676,200,1,false,11288.388729095459
3,677,200,1,false,11280.177116394043
3,678,200,1,false,11280.179977416992
3,679,200,1,false,11913.422107696533
3,680,200,1,false,12557.443618774414
3,681,200,1,false,11913.42806816101
3,682,200,1,false,11846.824884414673
3,683,200,1,false,13203.040599822998
3,684,200,1,false,10273.867130279541
3,685,200,1,false,11846.833944320679
3,686,200,1,false,11215.451955795288
3,687,200,1,false,11215.452909469604
3,688,200,1,false,12559.026956558228
3,689,200,1,false,11215.456008911133
3,690,200,1,false,11215.456008911133
3,691,200,1,false,10166.465044021606
3,692,200,1,false,10166.468143463135
3,693,200,1,false,11942.32702255249
3,694,200,1,false,9427.78205871582
3,695,200,1,false,10166.47219657898
3,696,200,1,false,10139.652013778687
3,697,200,1,false,10139.656066894531
3,698,200,1,false,10878.347873687744
3,699,200,1,false,9508.037805557251
3,700,200,1,false,10139.666080474854
3,701,200,1,false,11323.508024215698
3,702,200,1,false,11309.02075767517
3,703,200,1,false,11309.025764465332
3,704,200,1,false,11309.027671813965
3,705,200,1,false,11309.029817581177
3,706,200,1,false,10700.80304145813
3,707,200,1,false,11346.062183380127
3,708,200,1,false,11346.066951751709
3,709,200,1,false,11346.081972122192
3,710,200,1,false,11954.31399345398
3,711,200,1,false,10700.959920883179
3,712,200,1,false,11954.317808151245
3,713,200,1,false,11954.320907592773
3,714,200,1,false,10700.966119766235
3,715,200,1,false,9740.852117538452
3,716,200,1,false,9108.389854431152
3,717,200,1,false,11959.95807647705
3,718,200,1,false,11114.202737808228
3,719,200,1,false,9850.955963134766
3,720,200,1,false,10483.423948287964
3,721,200,1,false,9203.951120376587
3,722,200,1,false,10589.625120162964
3,723,200,1,false,9942.619800567627
3,724,200,1,false,9942.621946334839
3,725,200,1,false,10982.779741287231
3,726,200,1,false,11629.9569606781
3,727,200,1,false,11629.961013793945
3,728,200,1,false,11629.963874816895
3,729,200,1,false,11629.966974258423
3,730,200,1,false,10932.440757751465
3,731,200,1,false,11629.970788955688
3,732,200,1,false,11011.939764022827
3,733,200,1,false,11011.942863464355
3,734,200,1,false,11011.944770812988
3,735,200,1,false,11011.945962905884
3,736,200,1,false,11011.947870254517
3,737,200,1,false,11011.949062347412
3,738,200,1,false,12383.18681716919
3,739,200,1,false,12383.189916610718
3,740,200,1,false,10063.230991363525
3,741,200,1,false,9442.7011013031
3,742,200,1,false,9442.70372390747
3,743,200,1,false,10690.258026123047
3,744,200,1,false,10680.95588684082
3,745,200,1,false,9351.755857467651
3,746,200,1,false,10060.429096221924
3,747,200,1,false,9351.757764816284
3,748,200,1,false,9351.7587184906
3,749,200,1,false,10756.324768066406
3,750,200,1,false,11348.670959472656
3,751,200,1,false,11348.676681518555
3,752,200,1,false,11348.67787361145
3,753,200,1,false,11348.679780960083
3,754,200,1,false,11969.20394897461
3,755,200,1,false,11296.149730682373
3,756,200,1,false,11939.816951751709
3,757,200,1,false,11212.11290359497
3,758,200,1,false,11939.827919006348
3,759,200,1,false,11939.82982635498
3,760,200,1,false,11212.12387084961
3,761,200,1,false,11939.83268737793
3,762,200,1,false,11849.426984786987
3,763,200,1,false,10100.113153457642
3,764,200,1,false,11849.431991577148
3,765,200,1,false,10720.656156539917
3,766,200,1,false,10725.41093826294
3,767,200,1,false,12474.733114242554
3,768,200,1,false,10725.417137145996
3,769,200,1,false,10063.668966293335
3,770,200,1,false,10725.422143936157
3,771,200,1,false,10063.67301940918
3,772,200,1,false,10063.675165176392
3,773,200,1,false,12215.3639793396
3,774,200,1,false,12258.54516029358
3,775,200,1,false,12258.548021316528
3,776,200,1,false,12258.548974990845
3,777,200,1,false,12258.549928665161
3,778,200,1,false,12241.981983184814
3,779,200,1,false,12892.44794845581
3,780,200,1,false,11515.37299156189
3,781,200,1,false,11515.38109779358
3,782,200,1,false,11532.098054885864
3,783,200,1,false,12985.749006271362
3,784,200,1,false,12985.750675201416
3,785,200,1,false,12259.13691520691
3,786,200,1,false,11532.103776931763
3,787,200,1,false,9118.797779083252
3,788,200,1,false,12259.139060974121
3,789,200,1,false,9118.799686431885
3,790,200,1,false,10489.646196365356
3,791,200,1,false,12244.16208267212
3,792,200,1,false,9830.859661102295
3,793,200,1,false,10558.39467048645
3,794,200,1,false,11199.139833450317
3,795,200,1,false,11199.143886566162
3,796,200,1,false,11199.14698600769
3,797,200,1,false,12629.75001335144
3,798,200,1,false,12563.352823257446
3,799,200,1,false,11837.791919708252
3,800,200,1,false,12563.355922698975
3,801,200,1,false,13911.53883934021
3,802,200,1,false,12458.445072174072
3,803,200,1,false,13184.008836746216
3,804,200,1,false,12458.446979522705
3,805,200,1,false,11827.988147735596
3,806,200,1,false,13207.852125167847
3,807,200,1,false,13207.855939865112
3,808,200,1,false,13207.858800888062
3,809,200,1,false,12577.401161193848
3,810,200,1,false,10585.556983947754
3,811,200,1,false,12577.405214309692
3,812,200,1,false,12577.407121658325
3,813,200,1,false,11207.891941070557
3,814,200,1,false,11212.639808654785
3,815,200,1,false,13204.490184783936
3,816,200,1,false,11208.658933639526
3,817,200,1,false,10571.429252624512
3,818,200,1,false,11832.72385597229
3,819,200,1,false,11832.724809646606
3,820,200,1,false,11200.60920715332
3,821,200,1,false,12549.946308135986
3,822,200,1,false,13845.775127410889
3,823,200,1,false,12597.811222076416
3,824,200,1,false,13208.5440158844
3,825,200,1,false,13208.546161651611
3,826,200,1,false,12597.815036773682
3,827,200,1,false,13208.548069000244
3,828,200,1,false,12986.748933792114
3,829,200,1,false,14380.4190158844
3,830,200,1,false,13733.148097991943
3,831,200,1,false,14380.428075790405
3,832,200,1,false,13733.153104782104
3,833,200,1,false,13733.155012130737
3,834,200,1,false,10891.939878463745
3,835,200,1,false,13733.158826828003
3,836,200,1,false,13733.168125152588
3,837,200,1,false,12253.342866897583
3,838,200,1,false,12261.144876480103
3,839,200,1,false,14463.479042053223
3,840,200,1,false,12261.148929595947
3,841,200,1,false,12261.150121688843
3,842,200,1,false,12261.152029037476
3,843,200,1,false,11516.640901565552
3,844,200,1,false,12257.90786743164
3,845,200,1,false,14036.252737045288
3,846,200,1,false,13944.799900054932
3,847,200,1,false,13944.801807403564
3,848,200,1,false,14686.067819595337
3,849,200,1,false,13944.804668426514
3,850,200,1,false,14659.956932067871
3,851,200,1,false,14659.95979309082
3,852,200,1,false,13320.616006851196
3,853,200,1,false,14659.962892532349
3,854,200,1,false,14659.963846206665
3,855,200,1,false,13320.620059967041
3,856,200,1,false,14673.05588722229
3,857,200,1,false,15392.836809158325
3,858,200,1,false,14673.062801361084
3,859,200,1,false,14053.497076034546
3,860,200,1,false,11962.114095687866
3,861,200,1,false,11962.11576461792
3,862,200,1,false,11301.213264465332
3,863,200,1,false,15290.781021118164
3,864,200,1,false,13832.258939743042
3,865,200,1,false,12547.72925376892
3,866,200,1,false,13208.664894104004
3,867,200,1,false,12547.734022140503
3,868,200,1,false,11832.173109054565
3,869,200,1,false,11832.175016403198
3,870,200,1,false,13563.040018081665
3,871,200,1,false,14255.916118621826
3,872,200,1,false,15605.014085769653
3,873,200,1,false,15605.019092559814
3,874,200,1,false,14889.458179473877
3,875,200,1,false,13637.208700180054
3,876,200,1,false,14889.458894729614
3,877,200,1,false,13637.20965385437
3,878,200,1,false,14266.355991363525
3,879,200,1,false,14889.461994171143
3,880,200,1,false,14266.357898712158
3,881,200,1,false,15600.272178649902
3,882,200,1,false,14348.023891448975
3,883,200,1,false,11699.160814285278
3,884,200,1,false,13110.602140426636
3,885,200,1,false,15102.662801742554
3,886,200,1,false,12453.798770904541
3,887,200,1,false,14498.359203338623
3,888,200,1,false,13178.676843643188
3,889,200,1,false,12071.983814239502
3,890,200,1,false,13178.680896759033
3,891,200,1,false,11375.107765197754
3,892,200,1,false,13178.682804107666
3,893,200,1,false,13800.075054168701
3,894,200,1,false,13281.988859176636
3,895,200,1,false,13913.064956665039
3,896,200,1,false,14515.180587768555
3,897,200,1,false,14515.184879302979
3,898,200,1,false,13818.554162979126
3,899,200,1,false,14515.187740325928
3,900,200,1,false,14515.18988609314
3,901,200,1,false,14515.190839767456
3,902,200,1,false,14515.191793441772
3,903,200,1,false,14451.183080673218
3,904,200,1,false,13837.759971618652
3,905,200,1,false,15074.840068817139
3,906,200,1,false,15074.843168258667
3,907,200,1,false,12692.432165145874
3,908,200,1,false,15074.846267700195
3,909,200,1,false,11940.611839294434
3,910,200,1,false,11940.61303138733
3,911,200,1,false,15105.934858322144
3,912,200,1,false,12585.125923156738
3,913,200,1,false,11920.545101165771
3,914,200,1,false,12546.609163284302
3,915,200,1,false,13211.19499206543
3,916,200,1,false,12546.612977981567
3,917,200,1,false,14849.334001541138
3,918,200,1,false,14849.338054656982
3,919,200,1,false,15094.522714614868
3,920,200,1,false,16412.287950515747
3,921,200,1,false,15711.068868637085
3,922,200,1,false,15711.069822311401
3,923,200,1,false,15711.071014404297
3,924,200,1,false,15727.314949035645
3,925,200,1,false,16336.549758911133
3,926,200,1,false,15078.266143798828
3,927,200,1,false,16336.552858352661
3,928,200,1,false,15078.268051147461
3,929,200,1,false,15078.269243240356
3,930,200,1,false,15078.270196914673
3,931,200,1,false,16336.556673049927
3,932,200,1,false,15078.272104263306
3,933,200,1,false,13304.188966751099
3,934,200,1,false,12914.561033248901
3,935,200,1,false,16781.171083450317
3,936,200,1,false,13635.830163955688
3,937,200,1,false,13635.833263397217
3,938,200,1,false,14381.602048873901
3,939,200,1,false,14256.20722770691
3,940,200,1,false,14880.314111709595
3,941,200,1,false,15849.148988723755
3,942,200,1,false,16463.79804611206
3,943,200,1,false,15070.850133895874
3,944,200,1,false,17192.758083343506
3,945,200,1,false,16559.328079223633
3,946,200,1,false,15799.81017112732
3,947,200,1,false,16559.332847595215
3,948,200,1,false,17192.765951156616
3,949,200,1,false,15726.02891921997
3,950,200,1,false,17197.646141052246
3,951,200,1,false,13862.053871154785
3,952,200,1,false,15726.035833358765
3,953,200,1,false,16438.130140304565
3,954,200,1,false,16438.131093978882
3,955,200,1,false,15726.038932800293
3,956,200,1,false,15847.563028335571
3,957,200,1,false,16461.724758148193
3,958,200,1,false,13950.37293434143
3,959,200,1,false,17088.02080154419
3,960,200,1,false,13950.376987457275
3,961,200,1,false,13950.378894805908
3,962,200,1,false,13950.380086898804
3,963,200,1,false,13950.38104057312
3,964,200,1,false,14618.227005004883
3,965,200,1,false,15937.529802322388
3,966,200,1,false,15937.532901763916
3,967,200,1,false,17630.82981109619
3,968,200,1,false,16442.983865737915
3,969,200,1,false,15824.416875839233
3,970,200,1,false,15824.419736862183
3,971,200,1,false,17061.49411201477
3,972,200,1,false,16442.997932434082
3,973,200,1,false,16443.000078201294
3,974,200,1,false,17104.77900505066
3,975,200,1,false,15835.639953613281
3,976,200,1,false,17104.785203933716
3,977,200,1,false,15835.643768310547
3,978,200,1,false,17104.78901863098
3,979,200,1,false,13528.17416191101
3,980,200,1,false,16486.215829849243
3,981,200,1,false,14268.707275390625
3,982,200,1,false,12048.902034759521
3,983,200,1,false,13428.8010597229
3,984,200,1,false,17311.70082092285
3,985,200,1,false,14058.671236038208
3,986,200,1,false,13428.805112838745
3,987,200,1,false,12784.42406654358
3,988,200,1,false,13827.700138092041
3,989,200,1,false,14452.024936676025
3,990,200,1,false,15096.410989761353
3,991,200,1,false,14452.03185081482
3,992,200,1,false,15501.845836639404
3,993,200,1,false,16120.75400352478
3,994,200,1,false,16120.756149291992
3,995,200,1,false,16765.138864517212
3,996,200,1,false,16120.759010314941
3,997,200,1,false,14467.15497970581
3,998,200,1,false,13853.82080078125
3,999,200,1,false,14467.158079147339
3,1000,200,1,false,16120.764017105103
3,1001,200,1,false,15113.056182861328
3,1002,200,1,false,14467.161178588867
3,1003,200,1,false,12149.96075630188
3,1004,200,1,false,15725.929021835327
3,1005,200,1,false,12148.39482307434
3,1006,200,1,false,13507.765769958496
3,1007,200,1,false,12791.254043579102
3,1008,200,1,false,15103.117942810059
3,1009,200,1,false,13432.575941085815
3,1010,200,1,false,12791.263818740845
3,1011,200,1,false,12140.733242034912
3,1012,200,1,false,13856.848001480103
3,1013,200,1,false,14533.115148544312
3,1014,200,1,false,15183.650016784668
3,1015,200,1,false,15186.257123947144
3,1016,200,1,false,15915.529012680054
3,1017,200,1,false,15915.532112121582
3,1018,200,1,false,15201.930046081543
3,1019,200,1,false,16566.093683242798
3,1020,200,1,false,15201.96008682251
3,1021,200,1,false,14559.2520236969
3,1022,200,1,false,15915.565967559814
3,1023,200,1,false,14559.256076812744
3,1024,200,1,false,14559.25703048706
3,1025,200,1,false,15282.159090042114
3,1026,200,1,false,15282.161951065063
3,1027,200,1,false,11526.020765304565
3,1028,200,1,false,13829.363346099854
3,1029,200,1,false,15898.813962936401
3,1030,200,1,false,13829.368114471436
3,1031,200,1,false,14620.972156524658
3,1032,200,1,false,12142.674922943115
3,1033,200,1,false,12783.130884170532
3,1034,200,1,false,13508.424043655396
3,1035,200,1,false,13421.74482345581
3,1036,200,1,false,13486.033916473389
3,1037,200,1,false,14145.155906677246
3,1038,200,1,false,13486.041784286499
3,1039,200,1,false,14113.784790039062
3,1040,200,1,false,15412.016868591309
3,1041,200,1,false,14752.90298461914
3,1042,200,1,false,13941.373109817505
3,1043,200,1,false,14752.906084060669
3,1044,200,1,false,15485.877752304077
3,1045,200,1,false,14043.363094329834
3,1046,200,1,false,15485.894918441772
3,1047,200,1,false,14043.368339538574
3,1048,200,1,false,14674.366235733032
3,1049,200,1,false,14043.376207351685
3,1050,200,1,false,14659.586191177368
3,1051,200,1,false,12986.448049545288
3,1052,200,1,false,14659.592151641846
3,1053,200,1,false,12986.451148986816
3,1054,200,1,false,11315.645933151245
3,1055,200,1,false,14280.422925949097
3,1056,200,1,false,12614.074230194092
3,1057,200,1,false,11974.274158477783
3,1058,200,1,false,13645.082950592041
3,1059,200,1,false,12575.151205062866
3,1060,200,1,false,13610.40711402893
3,1061,200,1,false,13624.412775039673
3,1062,200,1,false,14267.338037490845
3,1063,200,1,false,14267.340183258057
3,1064,200,1,false,15002.694129943848
3,1065,200,1,false,13737.266778945923
3,1066,200,1,false,15002.701044082642
3,1067,200,1,false,15002.703189849854
3,1068,200,1,false,13737.273931503296
3,1069,200,1,false,13105.322360992432
3,1070,200,1,false,15002.709150314331
3,1071,200,1,false,13737.278938293457
3,1072,200,1,false,13105.32808303833
3,1073,200,1,false,13105.330228805542
3,1074,200,1,false,13105.332374572754
3,1075,200,1,false,11626.361846923828
3,1076,200,1,false,14671.98634147644
3,1077,200,1,false,12256.61301612854
3,1078,200,1,false,10855.945110321045
3,1079,200,1,false,10855.947017669678
3,1080,200,1,false,12976.063013076782
3,1081,200,1,false,10855.952978134155
3,1082,200,1,false,10855.953931808472
3,1083,200,1,false,11483.371019363403
3,1084,200,1,false,12439.75830078125
3,1085,200,1,false,13858.206033706665
3,1086,200,1,false,12482.746839523315
3,1087,200,1,false,12482.748985290527
3,1088,200,1,false,13172.428131103516
3,1089,200,1,false,13911.917209625244
3,1090,200,1,false,12589.154958724976
3,1091,200,1,false,13911.92102432251
3,1092,200,1,false,12589.156866073608
3,1093,200,1,false,12589.158058166504
3,1094,200,1,false,13222.245931625366
3,1095,200,1,false,10600.699186325073
3,1096,200,1,false,11972.190856933594
3,1097,200,1,false,12589.160919189453
3,1098,200,1,false,12589.162111282349
3,1099,200,1,false,11248.751163482666
3,1100,200,1,false,12687.124967575073
3,1101,200,1,false,11315.637111663818
3,1102,200,1,false,10652.320861816406
3,1103,200,1,false,11927.111148834229
3,1104,200,1,false,11301.518201828003
3,1105,200,1,false,10652.329921722412
3,1106,200,1,false,9953.836917877197
3,1107,200,1,false,11308.433055877686
3,1108,200,1,false,11235.427141189575
3,1109,200,1,false,11933.924913406372
3,1110,200,1,false,11999.369859695435
3,1111,200,1,false,11349.814891815186
3,1112,200,1,false,12161.923885345459
3,1113,200,1,false,12811.484098434448
3,1114,200,1,false,12161.928176879883
3,1115,200,1,false,12161.92889213562
3,1116,200,1,false,12811.487913131714
3,1117,200,1,false,11524.949789047241
3,1118,200,1,false,12161.931991577148
3,1119,200,1,false,11524.950981140137
3,1120,200,1,false,10894.439935684204
3,1121,200,1,false,11524.95288848877
3,1122,200,1,false,12811.493158340454
3,1123,200,1,false,9935.67705154419
3,1124,200,1,false,12274.466037750244
3,1125,200,1,false,9935.6849193573
3,1126,200,1,false,9962.615966796875
3,1127,200,1,false,9962.619066238403
3,1128,200,1,false,9962.620258331299
3,1129,200,1,false,10657.49192237854
3,1130,200,1,false,11337.164163589478
3,1131,200,1,false,10583.914995193481
3,1132,200,1,false,11215.5020236969
3,1133,200,1,false,11215.505123138428
3,1134,200,1,false,11835.166931152344
3,1135,200,1,false,11835.170984268188
3,1136,200,1,false,12446.891069412231
3,1137,200,1,false,12446.89416885376
3,1138,200,1,false,10251.925945281982
3,1139,200,1,false,12446.896076202393
3,1140,200,1,false,10875.211954116821
3,1141,200,1,false,10875.212907791138
3,1142,200,1,false,12170.561075210571
3,1143,200,1,false,11537.42003440857
3,1144,200,1,false,11537.420749664307
3,1145,200,1,false,11537.421941757202
3,1146,200,1,false,11537.423849105835
3,1147,200,1,false,9841.319799423218
3,1148,200,1,false,12164.04414176941
3,1149,200,1,false,9841.326713562012
3,1150,200,1,false,9646.700620651245
3,1151,200,1,false,11092.51594543457
3,1152,200,1,false,10465.973854064941
3,1153,200,1,false,9646.708965301514
3,1154,200,1,false,10465.975999832153
3,1155,200,1,false,10277.91690826416
3,1156,200,1,false,10896.743774414062
3,1157,200,1,false,10896.74687385559
3,1158,200,1,false,10910.139083862305
3,1159,200,1,false,10910.149097442627
3,1160,200,1,false,12179.374694824219
3,1161,200,1,false,12179.378747940063
3,1162,200,1,false,12179.380893707275
3,1163,200,1,false,12179.381847381592
3,1164,200,1,false,12179.38256263733
3,1165,200,1,false,12179.384708404541
3,1166,200,1,false,10933.177709579468
3,1167,200,1,false,10933.17985534668
3,1168,200,1,false,10297.51706123352
3,1169,200,1,false,10933.180809020996
3,1170,200,1,false,8736.805200576782
3,1171,200,1,false,10933.182954788208
3,1172,200,1,false,11965.028762817383
3,1173,200,1,false,11191.954851150513
3,1174,200,1,false,9626.935958862305
3,1175,200,1,false,11191.96105003357
3,1176,200,1,false,9626.94001197815
3,1177,200,1,false,10385.928869247437
3,1178,200,1,false,9626.989126205444
3,1179,200,1,false,10276.020050048828
3,1180,200,1,false,11006.349086761475
3,1181,200,1,false,11006.352186203003
3,1182,200,1,false,11627.050876617432
3,1183,200,1,false,11627.05397605896
3,1184,200,1,false,11627.055168151855
3,1185,200,1,false,12259.274959564209
3,1186,200,1,false,12259.278059005737
3,1187,200,1,false,11600.600957870483
3,1188,200,1,false,11600.603103637695
3,1189,200,1,false,10902.334213256836
3,1190,200,1,false,10902.344226837158
3,1191,200,1,false,10902.345180511475
3,1192,200,1,false,10902.346134185791
3,1193,200,1,false,10297.98674583435
3,1194,200,1,false,9017.774820327759
3,1195,200,1,false,10902.350187301636
3,1196,200,1,false,12546.031951904297
3,1197,200,1,false,11203.12213897705
3,1198,200,1,false,9948.507070541382
3,1199,200,1,false,11203.125953674316
3,1200,200,1,false,9948.508739471436
3,1201,200,1,false,9948.509931564331
3,1202,200,1,false,10584.879875183105
3,1203,200,1,false,10706.00700378418
3,1204,200,1,false,10900.418996810913
3,1205,200,1,false,11525.26307106018
3,1206,200,1,false,11568.219184875488
3,1207,200,1,false,11568.222999572754
3,1208,200,1,false,12993.623971939087
3,1209,200,1,false,12368.788957595825
3,1210,200,1,false,11754.245042800903
3,1211,200,1,false,11754.24599647522
3,1212,200,1,false,12368.792057037354
3,1213,200,1,false,11104.697942733765
3,1214,200,1,false,11104.708909988403
3,1215,200,1,false,11754.25910949707
3,1216,200,1,false,10475.836992263794
3,1217,200,1,false,9204.734325408936
3,1218,200,1,false,11104.713201522827
3,1219,200,1,false,11104.71487045288
3,1220,200,1,false,10893.357038497925
3,1221,200,1,false,10182.755708694458
3,1222,200,1,false,12800.66704750061
3,1223,200,1,false,11545.926094055176
3,1224,200,1,false,10182.760953903198
3,1225,200,1,false,10182.761907577515
3,1226,200,1,false,10859.371662139893
3,1227,200,1,false,10859.373807907104
3,1228,200,1,false,11844.82479095459
3,1229,200,1,false,12463.535785675049
3,1230,200,1,false,13201.976776123047
3,1231,200,1,false,13201.982975006104
3,1232,200,1,false,13201.98392868042
3,1233,200,1,false,11629.010200500488
3,1234,200,1,false,13201.984882354736
3,1235,200,1,false,13919.917106628418
3,1236,200,1,false,12266.300201416016
3,1237,200,1,false,12266.304969787598
3,1238,200,1,false,12266.30711555481
3,1239,200,1,false,13839.28394317627
3,1240,200,1,false,11604.395866394043
3,1241,200,1,false,12266.314029693604
3,1242,200,1,false,12266.31498336792
3,1243,200,1,false,12911.525964736938
3,1244,200,1,false,10284.471035003662
3,1245,200,1,false,10576.32064819336
3,1246,200,1,false,12469.574213027954
3,1247,200,1,false,11856.487035751343
3,1248,200,1,false,11212.25881576538
3,1249,200,1,false,12469.57802772522
3,1250,200,1,false,12604.635000228882
3,1251,200,1,false,11960.409879684448
3,1252,200,1,false,12997.498750686646
3,1253,200,1,false,13633.668899536133
3,1254,200,1,false,14341.709852218628
3,1255,200,1,false,14341.713905334473
3,1256,200,1,false,14341.717720031738
3,1257,200,1,false,14987.538814544678
3,1258,200,1,false,14987.542867660522
3,1259,200,1,false,13303.237915039062
3,1260,200,1,false,13303.238868713379
3,1261,200,1,false,14987.545728683472
3,1262,200,1,false,14050.105094909668
3,1263,200,1,false,13303.242921829224
3,1264,200,1,false,13186.009168624878
3,1265,200,1,false,13929.579019546509
3,1266,200,1,false,13929.582118988037
3,1267,200,1,false,12384.742259979248
3,1268,200,1,false,14564.603805541992
3,1269,200,1,false,12159.897089004517
3,1270,200,1,false,13710.06989479065
3,1271,200,1,false,12159.900903701782
3,1272,200,1,false,13710.072994232178
3,1273,200,1,false,12792.196035385132
3,1274,200,1,false,13434.512853622437
3,1275,200,1,false,14283.828973770142
3,1276,200,1,false,14544.363975524902
3,1277,200,1,false,15573.090076446533
3,1278,200,1,false,16257.336139678955
3,1279,200,1,false,16257.338047027588
3,1280,200,1,false,16257.33995437622
3,1281,200,1,false,16257.33995437622
3,1282,200,1,false,14671.048879623413
3,1283,200,1,false,16257.341861724854
3,1284,200,1,false,15955.470085144043
3,1285,200,1,false,16869.489908218384
3,1286,200,1,false,15283.205032348633
3,1287,200,1,false,15283.207893371582
3,1288,200,1,false,14575.037002563477
3,1289,200,1,false,15283.211946487427
3,1290,200,1,false,14575.041055679321
3,1291,200,1,false,12903.576135635376
3,1292,200,1,false,16542.13809967041
3,1293,200,1,false,14225.426197052002
3,1294,200,1,false,13520.992040634155
3,1295,200,1,false,14884.111881256104
3,1296,200,1,false,13520.992994308472
3,1297,200,1,false,13939.46099281311
3,1298,200,1,false,15316.572189331055
3,1299,200,1,false,15316.575050354004
3,1300,200,1,false,14678.691864013672
3,1301,200,1,false,17144.647121429443
3,1302,200,1,false,17189.889907836914
3,1303,200,1,false,17189.897060394287
3,1304,200,1,false,17189.900875091553
3,1305,200,1,false,17189.903020858765
3,1306,200,1,false,15506.508827209473
3,1307,200,1,false,17824.347019195557
3,1308,200,1,false,17824.34892654419
3,1309,200,1,false,16140.947103500366
3,1310,200,1,false,16878.325939178467
3,1311,200,1,false,17824.35417175293
3,1312,200,1,false,16140.951871871948
3,1313,200,1,false,15415.276050567627
3,1314,200,1,false,15415.277242660522
3,1315,200,1,false,13824.411869049072
3,1316,200,1,false,16869.43793296814
3,1317,200,1,false,14572.018146514893
3,1318,200,1,false,13836.008071899414
3,1319,200,1,false,15845.060110092163
3,1320,200,1,false,15394.568920135498
3,1321,200,1,false,15428.70807647705
3,1322,200,1,false,16053.65800857544
3,1323,200,1,false,15428.714990615845
3,1324,200,1,false,16149.940967559814
3,1325,200,1,false,17073.74596595764
3,1326,200,1,false,17104.551076889038
3,1327,200,1,false,17104.58493232727
3,1328,200,1,false,17719.583988189697
3,1329,200,1,false,17719.58613395691
3,1330,200,1,false,15863.220930099487
3,1331,200,1,false,17206.626176834106
3,1332,200,1,false,17206.634998321533
3,1333,200,1,false,16589.314699172974
3,1334,200,1,false,16589.31589126587
3,1335,200,1,false,17830.700874328613
3,1336,200,1,false,15314.635038375854
3,1337,200,1,false,17227.643966674805
3,1338,200,1,false,15952.956914901733
3,1339,200,1,false,13084.425926208496
3,1340,200,1,false,17819.767713546753
3,1341,200,1,false,14998.347043991089
3,1342,200,1,false,14369.010210037231
3,1343,200,1,false,16653.970956802368
3,1344,200,1,false,15939.45336341858
3,1345,200,1,false,15940.362930297852
3,1346,200,1,false,15940.366983413696
3,1347,200,1,false,15940.369844436646
3,1348,200,1,false,15940.369844436646
3,1349,200,1,false,16882.164001464844
3,1350,200,1,false,17522.291898727417
3,1351,200,1,false,18151.952266693115
3,1352,200,1,false,18151.955366134644
3,1353,200,1,false,18151.957988739014
3,1354,200,1,false,16263.024806976318
3,1355,200,1,false,16263.02981376648
3,1356,200,1,false,18151.96919441223
3,1357,200,1,false,16978.429794311523
3,1358,200,1,false,17608.49404335022
3,1359,200,1,false,16978.434801101685
3,1360,200,1,false,15166.6738986969
3,1361,200,1,false,17613.92378807068
3,1362,200,1,false,15802.16383934021
3,1363,200,1,false,17088.702917099
3,1364,200,1,false,13942.479133605957
3,1365,200,1,false,14572.133779525757
3,1366,200,1,false,13942.486047744751
3,1367,200,1,false,17378.22198867798
3,1368,200,1,false,15520.850896835327
3,1369,200,1,false,14867.058038711548
3,1370,200,1,false,16136.84606552124
3,1371,200,1,false,14772.035837173462
3,1372,200,1,false,14772.037744522095
3,1373,200,1,false,17196.419954299927
3,1374,200,1,false,17146.538019180298
3,1375,200,1,false,17146.543979644775
3,1376,200,1,false,17146.54493331909
3,1377,200,1,false,17146.54493331909
3,1378,200,1,false,17146.54588699341
3,1379,200,1,false,17146.547079086304
3,1380,200,1,false,17790.727853775024
3,1381,200,1,false,15499.654769897461
3,1382,200,1,false,17079.716682434082
3,1383,200,1,false,16445.03092765808
3,1384,200,1,false,14790.349006652832
3,1385,200,1,false,17088.28592300415
3,1386,200,1,false,15433.604955673218
3,1387,200,1,false,13824.846267700195
3,1388,200,1,false,16056.31399154663
3,1389,200,1,false,14491.076946258545
3,1390,200,1,false,14879.963159561157
3,1391,200,1,false,17176.209211349487
3,1392,200,1,false,15588.28330039978
3,1393,200,1,false,15504.136800765991
3,1394,200,1,false,16220.311164855957
3,1395,200,1,false,15504.142999649048
3,1396,200,1,false,15502.601146697998
3,1397,200,1,false,16850.01516342163
3,1398,200,1,false,15502.605199813843
3,1399,200,1,false,16779.397010803223
3,1400,200,1,false,16779.399156570435
3,1401,200,1,false,14915.799140930176
3,1402,200,1,false,16779.40082550049
3,1403,200,1,false,16779.402017593384
3,1404,200,1,false,15545.48692703247
3,1405,200,1,false,13950.960159301758
3,1406,200,1,false,16157.953023910522
3,1407,200,1,false,14913.937091827393
3,1408,200,1,false,14064.83507156372
3,1409,200,1,false,16279.80923652649
3,1410,200,1,false,14064.838171005249
3,1411,200,1,false,12999.570846557617
3,1412,200,1,false,14690.436124801636
3,1413,200,1,false,13724.94912147522
3,1414,200,1,false,13631.557703018188
3,1415,200,1,false,15322.425127029419
3,1416,200,1,false,13631.563901901245
3,1417,200,1,false,14758.533716201782
3,1418,200,1,false,15404.696702957153
3,1419,200,1,false,15404.699802398682
3,1420,200,1,false,15416.151762008667
3,1421,200,1,false,16056.593894958496
3,1422,200,1,false,15416.155815124512
3,1423,200,1,false,14189.771890640259
3,1424,200,1,false,14811.345338821411
3,1425,200,1,false,15416.163682937622
3,1426,200,1,false,14811.352252960205
3,1427,200,1,false,16029.254913330078
3,1428,200,1,false,14802.871942520142
3,1429,200,1,false,13220.873832702637
3,1430,200,1,false,14802.876949310303
3,1431,200,1,false,13835.824966430664
3,1432,200,1,false,13108.625173568726
3,1433,200,1,false,15433.905839920044
3,1434,200,1,false,13108.628988265991
3,1435,200,1,false,12142.38691329956
3,1436,200,1,false,12142.390966415405
3,1437,200,1,false,14466.886758804321
3,1438,200,1,false,12763.695001602173
3,1439,200,1,false,13421.501874923706
3,1440,200,1,false,14344.917058944702
3,1441,200,1,false,12810.549974441528
3,1442,200,1,false,13437.567949295044
3,1443,200,1,false,14148.983001708984
3,1444,200,1,false,13521.979808807373
3,1445,200,1,false,14148.996114730835
3,1446,200,1,false,14147.526979446411
3,1447,200,1,false,14147.52984046936
3,1448,200,1,false,13539.40725326538
3,1449,200,1,false,13539.408206939697
3,1450,200,1,false,12906.48078918457
3,1451,200,1,false,14784.255027770996
3,1452,200,1,false,13543.202638626099
3,1453,200,1,false,11115.664958953857
3,1454,200,1,false,13543.206930160522
3,1455,200,1,false,11738.28101158142
3,1456,200,1,false,12371.052980422974
3,1457,200,1,false,12371.05417251587
3,1458,200,1,false,13087.721824645996
3,1459,200,1,false,11746.846914291382
3,1460,200,1,false,11746.85001373291
3,1461,200,1,false,12372.127056121826
3,1462,200,1,false,12176.923751831055
3,1463,200,1,false,12919.254064559937
3,1464,200,1,false,13542.449951171875
3,1465,200,1,false,12782.82904624939
3,1466,200,1,false,12782.832860946655
3,1467,200,1,false,14166.08476638794
3,1468,200,1,false,13425.343036651611
3,1469,200,1,false,14166.088819503784
3,1470,200,1,false,12788.91396522522
3,1471,200,1,false,13425.34613609314
3,1472,200,1,false,14166.09787940979
3,1473,200,1,false,12788.922786712646
3,1474,200,1,false,12912.73808479309
3,1475,200,1,false,13519.064903259277
3,1476,200,1,false,12912.742853164673
3,1477,200,1,false,12257.665872573853
3,1478,200,1,false,12912.744998931885
3,1479,200,1,false,12891.166925430298
3,1480,200,1,false,12891.170024871826
3,1481,200,1,false,11115.756034851074
3,1482,200,1,false,11841.243982315063
3,1483,200,1,false,11199.798107147217
3,1484,200,1,false,10582.78203010559
3,1485,200,1,false,12489.701271057129
3,1486,200,1,false,10582.78512954712
3,1487,200,1,false,12325.28305053711
3,1488,200,1,false,12985.77618598938
3,1489,200,1,false,12985.778093338013
3,1490,200,1,false,13621.252059936523
3,1491,200,1,false,13621.255159378052
3,1492,200,1,false,13004.238843917847
3,1493,200,1,false,13617.77114868164
3,1494,200,1,false,13617.774248123169
3,1495,200,1,false,13000.746965408325
3,1496,200,1,false,14234.792947769165
3,1497,200,1,false,13000.748872756958
3,1498,200,1,false,12395.762920379639
3,1499,200,1,false,13000.75101852417
3,1500,200,1,false,12395.764827728271
3,1501,200,1,false,11726.76706314087
3,1502,200,1,false,13039.528846740723
3,1503,200,1,false,12370.537281036377
3,1504,200,1,false,13101.36604309082
3,1505,200,1,false,11128.177881240845
3,1506,200,1,false,12379.071950912476
3,1507,200,1,false,11751.713752746582
3,1508,200,1,false,12379.396200180054
3,1509,200,1,false,12379.39715385437
3,1510,200,1,false,12379.398107528687
3,1511,200,1,false,13002.617120742798
3,1512,200,1,false,12794.795036315918
3,1513,200,1,false,12786.111116409302
3,1514,200,1,false,13434.293985366821
3,1515,200,1,false,13419.995069503784
3,1516,200,1,false,12181.018829345703
3,1517,200,1,false,14068.315982818604
3,1518,200,1,false,13420.159101486206
3,1519,200,1,false,13420.160055160522
3,1520,200,1,false,12785.717010498047
3,1521,200,1,false,12798.819780349731
3,1522,200,1,false,13403.363943099976
3,1523,200,1,false,13403.365135192871
3,1524,200,1,false,13403.366088867188
3,1525,200,1,false,11002.296924591064
3,1526,200,1,false,13527.531623840332
3,1527,200,1,false,11731.009006500244
3,1528,200,1,false,10463.535070419312
3,1529,200,1,false,12457.038164138794
3,1530,200,1,false,10463.538885116577
3,1531,200,1,false,11104.094982147217
3,1532,200,1,false,11104.101181030273
3,1533,200,1,false,11741.116046905518
3,1534,200,1,false,11741.127014160156
3,1535,200,1,false,11104.115962982178
3,1536,200,1,false,12032.557964324951
3,1537,200,1,false,11942.889213562012
3,1538,200,1,false,12664.989948272705
3,1539,200,1,false,12559.091329574585
3,1540,200,1,false,11189.439058303833
3,1541,200,1,false,13181.313037872314
3,1542,200,1,false,13181.317329406738
3,1543,200,1,false,13181.318283081055
3,1544,200,1,false,11811.663150787354
3,1545,200,1,false,12448.921918869019
3,1546,200,1,false,12448.923826217651
3,1547,200,1,false,12448.924779891968
3,1548,200,1,false,11811.668157577515
3,1549,200,1,false,10805.99594116211
3,1550,200,1,false,13213.505029678345
3,1551,200,1,false,12070.677042007446
3,1552,200,1,false,10809.370279312134
3,1553,200,1,false,13213.521242141724
3,1554,200,1,false,10901.902675628662
3,1555,200,1,false,10901.908874511719
3,1556,200,1,false,10901.915788650513
3,1557,200,1,false,12173.895835876465
3,1558,200,1,false,10901.919841766357
3,1559,200,1,false,10901.94582939148
3,1560,200,1,false,12263.554096221924
3,1561,200,1,false,12266.034841537476
3,1562,200,1,false,12900.482654571533
3,1563,200,1,false,12900.495767593384
3,1564,200,1,false,12261.973142623901
3,1565,200,1,false,14159.88302230835
3,1566,200,1,false,11542.59705543518
3,1567,200,1,false,12886.873245239258
3,1568,200,1,false,13525.398969650269
3,1569,200,1,false,12155.527830123901
3,1570,200,1,false,12887.639999389648
3,1571,200,1,false,12274.727821350098
3,1572,200,1,false,12274.72996711731
3,1573,200,1,false,11235.8877658844
3,1574,200,1,false,13504.642009735107
3,1575,200,1,false,9940.907001495361
3,1576,200,1,false,12891.730070114136
3,1577,200,1,false,12891.731023788452
3,1578,200,1,false,11202.627897262573
3,1579,200,1,false,11228.838920593262
3,1580,200,1,false,11862.692832946777
3,1581,200,1,false,10600.977897644043
3,1582,200,1,false,11228.867053985596
3,1583,200,1,false,11228.868961334229
3,1584,200,1,false,11944.216012954712
3,1585,200,1,false,11951.741933822632
3,1586,200,1,false,11951.745748519897
3,1587,200,1,false,12673.425912857056
3,1588,200,1,false,13301.316976547241
3,1589,200,1,false,11958.489894866943
3,1590,200,1,false,11204.493761062622
3,1591,200,1,false,13301.322937011719
3,1592,200,1,false,11958.493947982788
3,1593,200,1,false,11958.495140075684
3,1594,200,1,false,11958.49609375
3,1595,200,1,false,12699.14698600769
3,1596,200,1,false,11945.159912109375
3,1597,200,1,false,11154.417991638184
3,1598,200,1,false,12599.082946777344
3,1599,200,1,false,9852.045059204102
3,1600,200,1,false,12599.087953567505
3,1601,200,1,false,12599.088907241821
3,1602,200,1,false,11738.593816757202
3,1603,200,1,false,10457.934141159058
3,1604,200,1,false,11738.600015640259
3,1605,200,1,false,10457.939147949219
3,1606,200,1,false,11126.169204711914
3,1607,200,1,false,10457.943201065063
3,1608,200,1,false,11564.091205596924
3,1609,200,1,false,12246.19722366333
3,1610,200,1,false,12967.387199401855
3,1611,200,1,false,11512.686967849731
3,1612,200,1,false,12967.395067214966
3,1613,200,1,false,13635.626077651978
3,1614,200,1,false,12172.103881835938
3,1615,200,1,false,12172.108888626099
3,1616,200,1,false,12927.755117416382
3,1617,200,1,false,11538.549184799194
3,1618,200,1,false,10839.495182037354
3,1619,200,1,false,12172.132015228271
3,1620,200,1,false,11538.558006286621
3,1621,200,1,false,11538.562059402466
3,1622,200,1,false,12252.38823890686
3,1623,200,1,false,12252.390146255493
3,1624,200,1,false,10910.120964050293
3,1625,200,1,false,12884.028196334839
3,1626,200,1,false,10910.128116607666
3,1627,200,1,false,10268.568754196167
3,1628,200,1,false,11533.67280960083
3,1629,200,1,false,10268.573760986328
3,1630,200,1,false,10268.57590675354
3,1631,200,1,false,10268.576860427856
3,1632,200,1,false,11491.789817810059
3,1633,200,1,false,11417.646884918213
3,1634,200,1,false,13418.076038360596
3,1635,200,1,false,12694.05484199524
3,1636,200,1,false,12694.058895111084
3,1637,200,1,false,12065.759181976318
3,1638,200,1,false,11347.068309783936
3,1639,200,1,false,11347.069263458252
3,1640,200,1,false,12694.069862365723
3,1641,200,1,false,12065.770149230957
3,1642,200,1,false,11347.072124481201
3,1643,200,1,false,12059.83829498291
3,1644,200,1,false,12778.53798866272
3,1645,200,1,false,11444.822788238525
3,1646,200,1,false,12674.641132354736
3,1647,200,1,false,13393.341302871704
3,1648,200,1,false,11386.615991592407
3,1649,200,1,false,14165.205001831055
3,1650,200,1,false,11386.621952056885
3,1651,200,1,false,12067.823886871338
3,1652,200,1,false,12067.825078964233
3,1653,200,1,false,11386.63101196289
3,1654,200,1,false,11999.024152755737
3,1655,200,1,false,11999.025821685791
3,1656,200,1,false,12950.03890991211
3,1657,200,1,false,13397.000074386597
3,1658,200,1,false,14788.306951522827
3,1659,200,1,false,14788.30885887146
3,1660,200,1,false,12842.79489517212
3,1661,200,1,false,13470.951795578003
3,1662,200,1,false,12842.797040939331
3,1663,200,1,false,14107.715129852295
3,1664,200,1,false,14778.882026672363
3,1665,200,1,false,14142.12679862976
3,1666,200,1,false,14142.128944396973
3,1667,200,1,false,13513.973951339722
3,1668,200,1,false,13513.975858688354
3,1669,200,1,false,12989.548921585083
3,1670,200,1,false,14152.888059616089
3,1671,200,1,false,14800.88186264038
3,1672,200,1,false,11536.022901535034
3,1673,200,1,false,15429.040908813477
3,1674,200,1,false,12944.679975509644
3,1675,200,1,false,11536.026000976562
3,1676,200,1,false,11536.028146743774
3,1677,200,1,false,12301.683187484741
3,1678,200,1,false,13012.11404800415
3,1679,200,1,false,12889.415979385376
3,1680,200,1,false,13894.062042236328
3,1681,200,1,false,14853.322982788086
3,1682,200,1,false,16272.678136825562
3,1683,200,1,false,16272.680044174194
3,1684,200,1,false,14897.955894470215
3,1685,200,1,false,15507.027864456177
3,1686,200,1,false,14897.958040237427
3,1687,200,1,false,14246.606826782227
3,1688,200,1,false,15507.030963897705
3,1689,200,1,false,14246.60873413086
3,1690,200,1,false,14246.60873413086
3,1691,200,1,false,14246.609926223755
3,1692,200,1,false,14246.609926223755
3,1693,200,1,false,13729.558944702148
3,1694,200,1,false,14965.566873550415
3,1695,200,1,false,12438.254833221436
3,1696,200,1,false,15586.450815200806
3,1697,200,1,false,15586.452960968018
3,1698,200,1,false,13102.122783660889
3,1699,200,1,false,12438.305616378784
3,1700,200,1,false,12438.30680847168
3,1701,200,1,false,13719.245195388794
3,1702,200,1,false,13399.029970169067
3,1703,200,1,false,14019.598722457886
3,1704,200,1,false,14640.755891799927
3,1705,200,1,false,14993.634223937988
3,1706,200,1,false,14971.959114074707
3,1707,200,1,false,14971.964120864868
3,1708,200,1,false,16309.92078781128
3,1709,200,1,false,16309.923887252808
3,1710,200,1,false,15600.452184677124
3,1711,200,1,false,14226.621150970459
3,1712,200,1,false,15600.457429885864
3,1713,200,1,false,14226.628065109253
3,1714,200,1,false,14226.62901878357
3,1715,200,1,false,14226.631164550781
3,1716,200,1,false,14226.633071899414
3,1717,200,1,false,13436.577081680298
3,1718,200,1,false,15594.868183135986
3,1719,200,1,false,14981.71877861023
3,1720,200,1,false,12133.15200805664
3,1721,200,1,false,14981.722831726074
3,1722,200,1,false,12911.801099777222
3,1723,200,1,false,12133.156061172485
3,1724,200,1,false,12133.15725326538
3,1725,200,1,false,12792.979001998901
3,1726,200,1,false,13203.473806381226
3,1727,200,1,false,14436.965227127075
3,1728,200,1,false,14472.501993179321
3,1729,200,1,false,15803.189039230347
3,1730,200,1,false,17042.232036590576
3,1731,200,1,false,16425.369024276733
3,1732,200,1,false,15060.09316444397
3,1733,200,1,false,15060.094118118286
3,1734,200,1,false,16425.371885299683
3,1735,200,1,false,15060.096025466919
3,1736,200,1,false,15060.09817123413
3,1737,200,1,false,16481.504917144775
3,1738,200,1,false,15726.637125015259
3,1739,200,1,false,15726.638078689575
3,1740,200,1,false,14156.783103942871
3,1741,200,1,false,16445.446252822876
3,1742,200,1,false,17821.850061416626
3,1743,200,1,false,13170.184135437012
3,1744,200,1,false,13170.186042785645
3,1745,200,1,false,15724.929094314575
3,1746,200,1,false,16440.956830978394
3,1747,200,1,false,13930.583000183105
3,1748,200,1,false,13930.586099624634
3,1749,200,1,false,13930.58729171753
3,1750,200,1,false,14555.607080459595
3,1751,200,1,false,15196.673154830933
3,1752,200,1,false,16606.614112854004
3,1753,200,1,false,17278.08117866516
3,1754,200,1,false,17902.57501602173
3,1755,200,1,false,17278.086185455322
3,1756,200,1,false,15932.88803100586
3,1757,200,1,false,17278.08713912964
3,1758,200,1,false,16563.49515914917
3,1759,200,1,false,17179.1090965271
3,1760,200,1,false,16548.505067825317
3,1761,200,1,false,17303.50399017334
3,1762,200,1,false,17303.508043289185
3,1763,200,1,false,17303.5089969635
3,1764,200,1,false,17303.511142730713
3,1765,200,1,false,15382.886171340942
3,1766,200,1,false,17600.453853607178
3,1767,200,1,false,16027.694940567017
3,1768,200,1,false,13697.283029556274
3,1769,200,1,false,16662.14394569397
3,1770,200,1,false,14020.437955856323
3,1771,200,1,false,14020.441055297852
3,1772,200,1,false,14982.052087783813
3,1773,200,1,false,14322.22604751587
3,1774,200,1,false,14665.65489768982
3,1775,200,1,false,15068.717002868652
3,1776,200,1,false,15922.779083251953
3,1777,200,1,false,16218.098163604736
3,1778,200,1,false,16218.102931976318
3,1779,200,1,false,16544.624090194702
3,1780,200,1,false,15181.747198104858
3,1781,200,1,false,15837.4502658844
3,1782,200,1,false,15462.741374969482
3,1783,200,1,false,15801.039218902588
3,1784,200,1,false,17163.92207145691
3,1785,200,1,false,15801.045417785645
3,1786,200,1,false,15097.486019134521
3,1787,200,1,false,16080.921173095703
3,1788,200,1,false,13184.457063674927
3,1789,200,1,false,16080.928325653076
3,1790,200,1,false,14155.502796173096
3,1791,200,1,false,16429.428339004517
3,1792,200,1,false,11531.610012054443
3,1793,200,1,false,14779.733896255493
3,1794,200,1,false,11531.615018844604
3,1795,200,1,false,11856.953144073486
3,1796,200,1,false,12183.89105796814
3,1797,200,1,false,12812.508344650269
3,1798,200,1,false,11215.15703201294
3,1799,200,1,false,12586.30895614624
3,1800,200,1,false,13742.079973220825
3,1801,200,1,false,13400.856018066406
3,1802,200,1,false,14053.41386795044
3,1803,200,1,false,13400.861978530884
3,1804,200,1,false,13400.8629322052
3,1805,200,1,false,12037.51826286316
3,1806,200,1,false,12463.881015777588
3,1807,200,1,false,12792.447090148926
3,1808,200,1,false,13437.203884124756
3,1809,200,1,false,12792.454242706299
3,1810,200,1,false,12087.071657180786
3,1811,200,1,false,12792.456150054932
3,1812,200,1,false,12087.073802947998
3,1813,200,1,false,9395.447969436646
3,1814,200,1,false,11884.534120559692
3,1815,200,1,false,11243.537902832031
3,1816,200,1,false,9155.62105178833
3,1817,200,1,false,12526.556968688965
3,1818,200,1,false,9155.624151229858
3,1819,200,1,false,9155.626058578491
3,1820,200,1,false,9537.780046463013
3,1821,200,1,false,9537.785053253174
3,1822,200,1,false,9958.850145339966
3,1823,200,1,false,9328.382015228271
3,1824,200,1,false,9956.353902816772
