run_name,model_replicas,repeat,elapsed_seconds,tenant,priority,arrival_process,issued_requests,completed_requests,outstanding_requests,send_delay_seconds,safety_ceiling_state
30-minute mixed-workload stability run,1,1,0,realtime-chat,100,poisson,0,0,0,,not_applicable
30-minute mixed-workload stability run,1,1,1,realtime-chat,100,poisson,3,0,3,,not_applicable
30-minute mixed-workload stability run,1,1,2,realtime-chat,100,poisson,11,3,8,,not_applicable
30-minute mixed-workload stability run,1,1,3,realtime-chat,100,poisson,13,11,2,,not_applicable
30-minute mixed-workload stability run,1,1,4,realtime-chat,100,poisson,19,13,6,,not_applicable
30-minute mixed-workload stability run,1,1,5,realtime-chat,100,poisson,23,20,3,,not_applicable
30-minute mixed-workload stability run,1,1,6,realtime-chat,100,poisson,31,22,9,,not_applicable
30-minute mixed-workload stability run,1,1,7,realtime-chat,100,poisson,33,32,1,,not_applicable
30-minute mixed-workload stability run,1,1,8,realtime-chat,100,poisson,37,33,4,,not_applicable
30-minute mixed-workload stability run,1,1,9,realtime-chat,100,poisson,41,33,8,,not_applicable
30-minute mixed-workload stability run,1,1,10,realtime-chat,100,poisson,43,41,2,,not_applicable
30-minute mixed-workload stability run,1,1,11,realtime-chat,100,poisson,46,43,3,,not_applicable
30-minute mixed-workload stability run,1,1,12,realtime-chat,100,poisson,51,46,5,,not_applicable
30-minute mixed-workload stability run,1,1,13,realtime-chat,100,poisson,55,51,4,,not_applicable
30-minute mixed-workload stability run,1,1,14,realtime-chat,100,poisson,61,53,8,,not_applicable
30-minute mixed-workload stability run,1,1,15,realtime-chat,100,poisson,67,56,11,,not_applicable
30-minute mixed-workload stability run,1,1,16,realtime-chat,100,poisson,73,66,7,,not_applicable
30-minute mixed-workload stability run,1,1,17,realtime-chat,100,poisson,79,73,6,,not_applicable
30-minute mixed-workload stability run,1,1,18,realtime-chat,100,poisson,84,76,8,,not_applicable
30-minute mixed-workload stability run,1,1,19,realtime-chat,100,poisson,87,84,3,,not_applicable
30-minute mixed-workload stability run,1,1,20,realtime-chat,100,poisson,92,89,3,,not_applicable
30-minute mixed-workload stability run,1,1,21,realtime-chat,100,poisson,92,92,0,,not_applicable
30-minute mixed-workload stability run,1,1,22,realtime-chat,100,poisson,94,92,2,,not_applicable
30-minute mixed-workload stability run,1,1,23,realtime-chat,100,poisson,99,94,5,,not_applicable
30-minute mixed-workload stability run,1,1,24,realtime-chat,100,poisson,100,100,0,,not_applicable
30-minute mixed-workload stability run,1,1,25,realtime-chat,100,poisson,101,101,0,,not_applicable
30-minute mixed-workload stability run,1,1,26,realtime-chat,100,poisson,105,103,2,,not_applicable
30-minute mixed-workload stability run,1,1,27,realtime-chat,100,poisson,109,105,4,,not_applicable
30-minute mixed-workload stability run,1,1,28,realtime-chat,100,poisson,115,109,6,,not_applicable
30-minute mixed-workload stability run,1,1,29,realtime-chat,100,poisson,117,117,0,,not_applicable
30-minute mixed-workload stability run,1,1,30,realtime-chat,100,poisson,119,118,1,,not_applicable
30-minute mixed-workload stability run,1,1,31,realtime-chat,100,poisson,122,120,2,,not_applicable
30-minute mixed-workload stability run,1,1,32,realtime-chat,100,poisson,125,122,3,,not_applicable
30-minute mixed-workload stability run,1,1,33,realtime-chat,100,poisson,131,124,7,,not_applicable
30-minute mixed-workload stability run,1,1,34,realtime-chat,100,poisson,134,131,3,,not_applicable
30-minute mixed-workload stability run,1,1,35,realtime-chat,100,poisson,137,135,2,,not_applicable
30-minute mixed-workload stability run,1,1,36,realtime-chat,100,poisson,140,139,1,,not_applicable
30-minute mixed-workload stability run,1,1,37,realtime-chat,100,poisson,142,140,2,,not_applicable
30-minute mixed-workload stability run,1,1,38,realtime-chat,100,poisson,144,142,2,,not_applicable
30-minute mixed-workload stability run,1,1,39,realtime-chat,100,poisson,147,145,2,,not_applicable
30-minute mixed-workload stability run,1,1,40,realtime-chat,100,poisson,155,147,8,,not_applicable
30-minute mixed-workload stability run,1,1,41,realtime-chat,100,poisson,162,147,15,,not_applicable
30-minute mixed-workload stability run,1,1,42,realtime-chat,100,poisson,165,150,15,,not_applicable
30-minute mixed-workload stability run,1,1,43,realtime-chat,100,poisson,170,165,5,,not_applicable
30-minute mixed-workload stability run,1,1,44,realtime-chat,100,poisson,178,166,12,,not_applicable
30-minute mixed-workload stability run,1,1,45,realtime-chat,100,poisson,183,175,8,,not_applicable
30-minute mixed-workload stability run,1,1,46,realtime-chat,100,poisson,187,183,4,,not_applicable
30-minute mixed-workload stability run,1,1,47,realtime-chat,100,poisson,196,187,9,,not_applicable
30-minute mixed-workload stability run,1,1,48,realtime-chat,100,poisson,202,192,10,,not_applicable
30-minute mixed-workload stability run,1,1,49,realtime-chat,100,poisson,211,202,9,,not_applicable
30-minute mixed-workload stability run,1,1,50,realtime-chat,100,poisson,218,211,7,,not_applicable
30-minute mixed-workload stability run,1,1,51,realtime-chat,100,poisson,220,218,2,,not_applicable
30-minute mixed-workload stability run,1,1,52,realtime-chat,100,poisson,224,220,4,,not_applicable
30-minute mixed-workload stability run,1,1,53,realtime-chat,100,poisson,229,223,6,,not_applicable
30-minute mixed-workload stability run,1,1,54,realtime-chat,100,poisson,234,229,5,,not_applicable
30-minute mixed-workload stability run,1,1,55,realtime-chat,100,poisson,238,233,5,,not_applicable
30-minute mixed-workload stability run,1,1,56,realtime-chat,100,poisson,242,237,5,,not_applicable
30-minute mixed-workload stability run,1,1,57,realtime-chat,100,poisson,246,242,4,,not_applicable
30-minute mixed-workload stability run,1,1,58,realtime-chat,100,poisson,255,245,10,,not_applicable
30-minute mixed-workload stability run,1,1,59,realtime-chat,100,poisson,255,251,4,,not_applicable
30-minute mixed-workload stability run,1,1,60,realtime-chat,100,poisson,258,255,3,,not_applicable
30-minute mixed-workload stability run,1,1,61,realtime-chat,100,poisson,260,257,3,,not_applicable
30-minute mixed-workload stability run,1,1,62,realtime-chat,100,poisson,263,259,4,,not_applicable
30-minute mixed-workload stability run,1,1,63,realtime-chat,100,poisson,266,263,3,,not_applicable
30-minute mixed-workload stability run,1,1,64,realtime-chat,100,poisson,268,268,0,,not_applicable
30-minute mixed-workload stability run,1,1,65,realtime-chat,100,poisson,270,269,1,,not_applicable
30-minute mixed-workload stability run,1,1,66,realtime-chat,100,poisson,271,270,1,,not_applicable
30-minute mixed-workload stability run,1,1,67,realtime-chat,100,poisson,271,271,0,,not_applicable
30-minute mixed-workload stability run,1,1,68,realtime-chat,100,poisson,274,271,3,,not_applicable
30-minute mixed-workload stability run,1,1,69,realtime-chat,100,poisson,278,275,3,,not_applicable
30-minute mixed-workload stability run,1,1,70,realtime-chat,100,poisson,279,278,1,,not_applicable
30-minute mixed-workload stability run,1,1,71,realtime-chat,100,poisson,282,278,4,,not_applicable
30-minute mixed-workload stability run,1,1,72,realtime-chat,100,poisson,284,279,5,,not_applicable
30-minute mixed-workload stability run,1,1,73,realtime-chat,100,poisson,286,284,2,,not_applicable
30-minute mixed-workload stability run,1,1,74,realtime-chat,100,poisson,290,285,5,,not_applicable
30-minute mixed-workload stability run,1,1,75,realtime-chat,100,poisson,295,288,7,,not_applicable
30-minute mixed-workload stability run,1,1,76,realtime-chat,100,poisson,298,294,4,,not_applicable
30-minute mixed-workload stability run,1,1,77,realtime-chat,100,poisson,304,297,7,,not_applicable
30-minute mixed-workload stability run,1,1,78,realtime-chat,100,poisson,312,299,13,,not_applicable
30-minute mixed-workload stability run,1,1,79,realtime-chat,100,poisson,316,305,11,,not_applicable
30-minute mixed-workload stability run,1,1,80,realtime-chat,100,poisson,319,315,4,,not_applicable
30-minute mixed-workload stability run,1,1,81,realtime-chat,100,poisson,323,316,7,,not_applicable
30-minute mixed-workload stability run,1,1,82,realtime-chat,100,poisson,326,323,3,,not_applicable
30-minute mixed-workload stability run,1,1,83,realtime-chat,100,poisson,330,326,4,,not_applicable
30-minute mixed-workload stability run,1,1,84,realtime-chat,100,poisson,332,329,3,,not_applicable
30-minute mixed-workload stability run,1,1,85,realtime-chat,100,poisson,341,331,10,,not_applicable
30-minute mixed-workload stability run,1,1,86,realtime-chat,100,poisson,343,341,2,,not_applicable
30-minute mixed-workload stability run,1,1,87,realtime-chat,100,poisson,348,344,4,,not_applicable
30-minute mixed-workload stability run,1,1,88,realtime-chat,100,poisson,351,344,7,,not_applicable
30-minute mixed-workload stability run,1,1,89,realtime-chat,100,poisson,359,345,14,,not_applicable
30-minute mixed-workload stability run,1,1,90,realtime-chat,100,poisson,365,353,12,,not_applicable
30-minute mixed-workload stability run,1,1,91,realtime-chat,100,poisson,368,360,8,,not_applicable
30-minute mixed-workload stability run,1,1,92,realtime-chat,100,poisson,374,368,6,,not_applicable
30-minute mixed-workload stability run,1,1,93,realtime-chat,100,poisson,376,374,2,,not_applicable
30-minute mixed-workload stability run,1,1,94,realtime-chat,100,poisson,378,377,1,,not_applicable
30-minute mixed-workload stability run,1,1,95,realtime-chat,100,poisson,383,378,5,,not_applicable
30-minute mixed-workload stability run,1,1,96,realtime-chat,100,poisson,386,384,2,,not_applicable
30-minute mixed-workload stability run,1,1,97,realtime-chat,100,poisson,386,386,0,,not_applicable
30-minute mixed-workload stability run,1,1,98,realtime-chat,100,poisson,391,386,5,,not_applicable
30-minute mixed-workload stability run,1,1,99,realtime-chat,100,poisson,397,387,10,,not_applicable
30-minute mixed-workload stability run,1,1,100,realtime-chat,100,poisson,403,395,8,,not_applicable
30-minute mixed-workload stability run,1,1,101,realtime-chat,100,poisson,406,403,3,,not_applicable
30-minute mixed-workload stability run,1,1,102,realtime-chat,100,poisson,406,406,0,,not_applicable
30-minute mixed-workload stability run,1,1,103,realtime-chat,100,poisson,409,406,3,,not_applicable
30-minute mixed-workload stability run,1,1,104,realtime-chat,100,poisson,411,410,1,,not_applicable
30-minute mixed-workload stability run,1,1,105,realtime-chat,100,poisson,416,411,5,,not_applicable
30-minute mixed-workload stability run,1,1,106,realtime-chat,100,poisson,421,416,5,,not_applicable
30-minute mixed-workload stability run,1,1,107,realtime-chat,100,poisson,424,421,3,,not_applicable
30-minute mixed-workload stability run,1,1,108,realtime-chat,100,poisson,430,425,5,,not_applicable
30-minute mixed-workload stability run,1,1,109,realtime-chat,100,poisson,432,427,5,,not_applicable
30-minute mixed-workload stability run,1,1,110,realtime-chat,100,poisson,437,431,6,,not_applicable
30-minute mixed-workload stability run,1,1,111,realtime-chat,100,poisson,445,435,10,,not_applicable
30-minute mixed-workload stability run,1,1,112,realtime-chat,100,poisson,446,445,1,,not_applicable
30-minute mixed-workload stability run,1,1,113,realtime-chat,100,poisson,450,446,4,,not_applicable
30-minute mixed-workload stability run,1,1,114,realtime-chat,100,poisson,455,450,5,,not_applicable
30-minute mixed-workload stability run,1,1,115,realtime-chat,100,poisson,457,455,2,,not_applicable
30-minute mixed-workload stability run,1,1,116,realtime-chat,100,poisson,461,458,3,,not_applicable
30-minute mixed-workload stability run,1,1,117,realtime-chat,100,poisson,462,462,0,,not_applicable
30-minute mixed-workload stability run,1,1,118,realtime-chat,100,poisson,466,464,2,,not_applicable
30-minute mixed-workload stability run,1,1,119,realtime-chat,100,poisson,469,467,2,,not_applicable
30-minute mixed-workload stability run,1,1,120,realtime-chat,100,poisson,474,469,5,,not_applicable
30-minute mixed-workload stability run,1,1,121,realtime-chat,100,poisson,478,475,3,,not_applicable
30-minute mixed-workload stability run,1,1,122,realtime-chat,100,poisson,481,478,3,,not_applicable
30-minute mixed-workload stability run,1,1,123,realtime-chat,100,poisson,486,482,4,,not_applicable
30-minute mixed-workload stability run,1,1,124,realtime-chat,100,poisson,489,487,2,,not_applicable
30-minute mixed-workload stability run,1,1,125,realtime-chat,100,poisson,493,489,4,,not_applicable
30-minute mixed-workload stability run,1,1,126,realtime-chat,100,poisson,499,493,6,,not_applicable
30-minute mixed-workload stability run,1,1,127,realtime-chat,100,poisson,507,498,9,,not_applicable
30-minute mixed-workload stability run,1,1,128,realtime-chat,100,poisson,514,507,7,,not_applicable
30-minute mixed-workload stability run,1,1,129,realtime-chat,100,poisson,517,515,2,,not_applicable
30-minute mixed-workload stability run,1,1,130,realtime-chat,100,poisson,523,518,5,,not_applicable
30-minute mixed-workload stability run,1,1,131,realtime-chat,100,poisson,525,523,2,,not_applicable
30-minute mixed-workload stability run,1,1,132,realtime-chat,100,poisson,528,526,2,,not_applicable
30-minute mixed-workload stability run,1,1,133,realtime-chat,100,poisson,534,528,6,,not_applicable
30-minute mixed-workload stability run,1,1,134,realtime-chat,100,poisson,541,532,9,,not_applicable
30-minute mixed-workload stability run,1,1,135,realtime-chat,100,poisson,541,541,0,,not_applicable
30-minute mixed-workload stability run,1,1,136,realtime-chat,100,poisson,545,541,4,,not_applicable
30-minute mixed-workload stability run,1,1,137,realtime-chat,100,poisson,548,541,7,,not_applicable
30-minute mixed-workload stability run,1,1,138,realtime-chat,100,poisson,549,548,1,,not_applicable
30-minute mixed-workload stability run,1,1,139,realtime-chat,100,poisson,551,549,2,,not_applicable
30-minute mixed-workload stability run,1,1,140,realtime-chat,100,poisson,553,551,2,,not_applicable
30-minute mixed-workload stability run,1,1,141,realtime-chat,100,poisson,557,553,4,,not_applicable
30-minute mixed-workload stability run,1,1,142,realtime-chat,100,poisson,565,554,11,,not_applicable
30-minute mixed-workload stability run,1,1,143,realtime-chat,100,poisson,567,567,0,,not_applicable
30-minute mixed-workload stability run,1,1,144,realtime-chat,100,poisson,571,568,3,,not_applicable
30-minute mixed-workload stability run,1,1,145,realtime-chat,100,poisson,575,571,4,,not_applicable
30-minute mixed-workload stability run,1,1,146,realtime-chat,100,poisson,576,576,0,,not_applicable
30-minute mixed-workload stability run,1,1,147,realtime-chat,100,poisson,580,577,3,,not_applicable
30-minute mixed-workload stability run,1,1,148,realtime-chat,100,poisson,583,578,5,,not_applicable
30-minute mixed-workload stability run,1,1,149,realtime-chat,100,poisson,588,582,6,,not_applicable
30-minute mixed-workload stability run,1,1,150,realtime-chat,100,poisson,592,588,4,,not_applicable
30-minute mixed-workload stability run,1,1,151,realtime-chat,100,poisson,596,593,3,,not_applicable
30-minute mixed-workload stability run,1,1,152,realtime-chat,100,poisson,599,598,1,,not_applicable
30-minute mixed-workload stability run,1,1,153,realtime-chat,100,poisson,602,599,3,,not_applicable
30-minute mixed-workload stability run,1,1,154,realtime-chat,100,poisson,606,602,4,,not_applicable
30-minute mixed-workload stability run,1,1,155,realtime-chat,100,poisson,613,606,7,,not_applicable
30-minute mixed-workload stability run,1,1,156,realtime-chat,100,poisson,617,609,8,,not_applicable
30-minute mixed-workload stability run,1,1,157,realtime-chat,100,poisson,623,617,6,,not_applicable
30-minute mixed-workload stability run,1,1,158,realtime-chat,100,poisson,632,623,9,,not_applicable
30-minute mixed-workload stability run,1,1,159,realtime-chat,100,poisson,638,628,10,,not_applicable
30-minute mixed-workload stability run,1,1,160,realtime-chat,100,poisson,642,640,2,,not_applicable
30-minute mixed-workload stability run,1,1,161,realtime-chat,100,poisson,650,642,8,,not_applicable
30-minute mixed-workload stability run,1,1,162,realtime-chat,100,poisson,656,644,12,,not_applicable
30-minute mixed-workload stability run,1,1,163,realtime-chat,100,poisson,661,651,10,,not_applicable
30-minute mixed-workload stability run,1,1,164,realtime-chat,100,poisson,667,662,5,,not_applicable
30-minute mixed-workload stability run,1,1,165,realtime-chat,100,poisson,672,667,5,,not_applicable
30-minute mixed-workload stability run,1,1,166,realtime-chat,100,poisson,677,668,9,,not_applicable
30-minute mixed-workload stability run,1,1,167,realtime-chat,100,poisson,678,675,3,,not_applicable
30-minute mixed-workload stability run,1,1,168,realtime-chat,100,poisson,682,679,3,,not_applicable
30-minute mixed-workload stability run,1,1,169,realtime-chat,100,poisson,685,681,4,,not_applicable
30-minute mixed-workload stability run,1,1,170,realtime-chat,100,poisson,691,683,8,,not_applicable
30-minute mixed-workload stability run,1,1,171,realtime-chat,100,poisson,693,691,2,,not_applicable
30-minute mixed-workload stability run,1,1,172,realtime-chat,100,poisson,697,691,6,,not_applicable
30-minute mixed-workload stability run,1,1,173,realtime-chat,100,poisson,701,693,8,,not_applicable
30-minute mixed-workload stability run,1,1,174,realtime-chat,100,poisson,708,701,7,,not_applicable
30-minute mixed-workload stability run,1,1,175,realtime-chat,100,poisson,710,706,4,,not_applicable
30-minute mixed-workload stability run,1,1,176,realtime-chat,100,poisson,713,710,3,,not_applicable
30-minute mixed-workload stability run,1,1,177,realtime-chat,100,poisson,716,712,4,,not_applicable
30-minute mixed-workload stability run,1,1,178,realtime-chat,100,poisson,719,716,3,,not_applicable
30-minute mixed-workload stability run,1,1,179,realtime-chat,100,poisson,723,717,6,,not_applicable
30-minute mixed-workload stability run,1,1,180,realtime-chat,100,poisson,728,723,5,,not_applicable
30-minute mixed-workload stability run,1,1,181,realtime-chat,100,poisson,730,728,2,,not_applicable
30-minute mixed-workload stability run,1,1,182,realtime-chat,100,poisson,734,729,5,,not_applicable
30-minute mixed-workload stability run,1,1,183,realtime-chat,100,poisson,737,730,7,,not_applicable
30-minute mixed-workload stability run,1,1,184,realtime-chat,100,poisson,742,737,5,,not_applicable
30-minute mixed-workload stability run,1,1,185,realtime-chat,100,poisson,745,743,2,,not_applicable
30-minute mixed-workload stability run,1,1,186,realtime-chat,100,poisson,747,745,2,,not_applicable
30-minute mixed-workload stability run,1,1,187,realtime-chat,100,poisson,749,747,2,,not_applicable
30-minute mixed-workload stability run,1,1,188,realtime-chat,100,poisson,752,749,3,,not_applicable
30-minute mixed-workload stability run,1,1,189,realtime-chat,100,poisson,760,752,8,,not_applicable
30-minute mixed-workload stability run,1,1,190,realtime-chat,100,poisson,763,753,10,,not_applicable
30-minute mixed-workload stability run,1,1,191,realtime-chat,100,poisson,766,764,2,,not_applicable
30-minute mixed-workload stability run,1,1,192,realtime-chat,100,poisson,771,766,5,,not_applicable
30-minute mixed-workload stability run,1,1,193,realtime-chat,100,poisson,778,770,8,,not_applicable
30-minute mixed-workload stability run,1,1,194,realtime-chat,100,poisson,783,775,8,,not_applicable
30-minute mixed-workload stability run,1,1,195,realtime-chat,100,poisson,786,783,3,,not_applicable
30-minute mixed-workload stability run,1,1,196,realtime-chat,100,poisson,796,786,10,,not_applicable
30-minute mixed-workload stability run,1,1,197,realtime-chat,100,poisson,802,796,6,,not_applicable
30-minute mixed-workload stability run,1,1,198,realtime-chat,100,poisson,807,801,6,,not_applicable
30-minute mixed-workload stability run,1,1,199,realtime-chat,100,poisson,814,807,7,,not_applicable
30-minute mixed-workload stability run,1,1,200,realtime-chat,100,poisson,817,809,8,,not_applicable
30-minute mixed-workload stability run,1,1,201,realtime-chat,100,poisson,821,818,3,,not_applicable
30-minute mixed-workload stability run,1,1,202,realtime-chat,100,poisson,828,819,9,,not_applicable
30-minute mixed-workload stability run,1,1,203,realtime-chat,100,poisson,834,826,8,,not_applicable
30-minute mixed-workload stability run,1,1,204,realtime-chat,100,poisson,838,828,10,,not_applicable
30-minute mixed-workload stability run,1,1,205,realtime-chat,100,poisson,842,838,4,,not_applicable
30-minute mixed-workload stability run,1,1,206,realtime-chat,100,poisson,844,841,3,,not_applicable
30-minute mixed-workload stability run,1,1,207,realtime-chat,100,poisson,844,844,0,,not_applicable
30-minute mixed-workload stability run,1,1,208,realtime-chat,100,poisson,848,845,3,,not_applicable
30-minute mixed-workload stability run,1,1,209,realtime-chat,100,poisson,852,848,4,,not_applicable
30-minute mixed-workload stability run,1,1,210,realtime-chat,100,poisson,856,850,6,,not_applicable
30-minute mixed-workload stability run,1,1,211,realtime-chat,100,poisson,860,857,3,,not_applicable
30-minute mixed-workload stability run,1,1,212,realtime-chat,100,poisson,862,861,1,,not_applicable
30-minute mixed-workload stability run,1,1,213,realtime-chat,100,poisson,863,863,0,,not_applicable
30-minute mixed-workload stability run,1,1,214,realtime-chat,100,poisson,867,863,4,,not_applicable
30-minute mixed-workload stability run,1,1,215,realtime-chat,100,poisson,869,866,3,,not_applicable
30-minute mixed-workload stability run,1,1,216,realtime-chat,100,poisson,872,871,1,,not_applicable
30-minute mixed-workload stability run,1,1,217,realtime-chat,100,poisson,873,873,0,,not_applicable
30-minute mixed-workload stability run,1,1,218,realtime-chat,100,poisson,876,875,1,,not_applicable
30-minute mixed-workload stability run,1,1,219,realtime-chat,100,poisson,881,876,5,,not_applicable
30-minute mixed-workload stability run,1,1,220,realtime-chat,100,poisson,884,881,3,,not_applicable
30-minute mixed-workload stability run,1,1,221,realtime-chat,100,poisson,889,884,5,,not_applicable
30-minute mixed-workload stability run,1,1,222,realtime-chat,100,poisson,892,889,3,,not_applicable
30-minute mixed-workload stability run,1,1,223,realtime-chat,100,poisson,894,892,2,,not_applicable
30-minute mixed-workload stability run,1,1,224,realtime-chat,100,poisson,897,894,3,,not_applicable
30-minute mixed-workload stability run,1,1,225,realtime-chat,100,poisson,899,898,1,,not_applicable
30-minute mixed-workload stability run,1,1,226,realtime-chat,100,poisson,900,899,1,,not_applicable
30-minute mixed-workload stability run,1,1,227,realtime-chat,100,poisson,903,901,2,,not_applicable
30-minute mixed-workload stability run,1,1,228,realtime-chat,100,poisson,912,903,9,,not_applicable
30-minute mixed-workload stability run,1,1,229,realtime-chat,100,poisson,916,913,3,,not_applicable
30-minute mixed-workload stability run,1,1,230,realtime-chat,100,poisson,919,917,2,,not_applicable
30-minute mixed-workload stability run,1,1,231,realtime-chat,100,poisson,924,922,2,,not_applicable
30-minute mixed-workload stability run,1,1,232,realtime-chat,100,poisson,932,925,7,,not_applicable
30-minute mixed-workload stability run,1,1,233,realtime-chat,100,poisson,936,931,5,,not_applicable
30-minute mixed-workload stability run,1,1,234,realtime-chat,100,poisson,941,937,4,,not_applicable
30-minute mixed-workload stability run,1,1,235,realtime-chat,100,poisson,942,942,0,,not_applicable
30-minute mixed-workload stability run,1,1,236,realtime-chat,100,poisson,943,942,1,,not_applicable
30-minute mixed-workload stability run,1,1,237,realtime-chat,100,poisson,949,944,5,,not_applicable
30-minute mixed-workload stability run,1,1,238,realtime-chat,100,poisson,951,945,6,,not_applicable
30-minute mixed-workload stability run,1,1,239,realtime-chat,100,poisson,956,951,5,,not_applicable
30-minute mixed-workload stability run,1,1,240,realtime-chat,100,poisson,962,952,10,,not_applicable
30-minute mixed-workload stability run,1,1,241,realtime-chat,100,poisson,965,962,3,,not_applicable
30-minute mixed-workload stability run,1,1,242,realtime-chat,100,poisson,970,966,4,,not_applicable
30-minute mixed-workload stability run,1,1,243,realtime-chat,100,poisson,972,972,0,,not_applicable
30-minute mixed-workload stability run,1,1,244,realtime-chat,100,poisson,974,972,2,,not_applicable
30-minute mixed-workload stability run,1,1,245,realtime-chat,100,poisson,982,974,8,,not_applicable
30-minute mixed-workload stability run,1,1,246,realtime-chat,100,poisson,985,982,3,,not_applicable
30-minute mixed-workload stability run,1,1,247,realtime-chat,100,poisson,990,985,5,,not_applicable
30-minute mixed-workload stability run,1,1,248,realtime-chat,100,poisson,994,990,4,,not_applicable
30-minute mixed-workload stability run,1,1,249,realtime-chat,100,poisson,997,995,2,,not_applicable
30-minute mixed-workload stability run,1,1,250,realtime-chat,100,poisson,998,997,1,,not_applicable
30-minute mixed-workload stability run,1,1,251,realtime-chat,100,poisson,1001,998,3,,not_applicable
30-minute mixed-workload stability run,1,1,252,realtime-chat,100,poisson,1005,998,7,,not_applicable
30-minute mixed-workload stability run,1,1,253,realtime-chat,100,poisson,1006,1005,1,,not_applicable
30-minute mixed-workload stability run,1,1,254,realtime-chat,100,poisson,1009,1005,4,,not_applicable
30-minute mixed-workload stability run,1,1,255,realtime-chat,100,poisson,1014,1005,9,,not_applicable
30-minute mixed-workload stability run,1,1,256,realtime-chat,100,poisson,1019,1014,5,,not_applicable
30-minute mixed-workload stability run,1,1,257,realtime-chat,100,poisson,1023,1019,4,,not_applicable
30-minute mixed-workload stability run,1,1,258,realtime-chat,100,poisson,1026,1021,5,,not_applicable
30-minute mixed-workload stability run,1,1,259,realtime-chat,100,poisson,1027,1026,1,,not_applicable
30-minute mixed-workload stability run,1,1,260,realtime-chat,100,poisson,1032,1027,5,,not_applicable
30-minute mixed-workload stability run,1,1,261,realtime-chat,100,poisson,1034,1033,1,,not_applicable
30-minute mixed-workload stability run,1,1,262,realtime-chat,100,poisson,1040,1035,5,,not_applicable
30-minute mixed-workload stability run,1,1,263,realtime-chat,100,poisson,1044,1040,4,,not_applicable
30-minute mixed-workload stability run,1,1,264,realtime-chat,100,poisson,1048,1044,4,,not_applicable
30-minute mixed-workload stability run,1,1,265,realtime-chat,100,poisson,1050,1048,2,,not_applicable
30-minute mixed-workload stability run,1,1,266,realtime-chat,100,poisson,1051,1050,1,,not_applicable
30-minute mixed-workload stability run,1,1,267,realtime-chat,100,poisson,1053,1051,2,,not_applicable
30-minute mixed-workload stability run,1,1,268,realtime-chat,100,poisson,1061,1052,9,,not_applicable
30-minute mixed-workload stability run,1,1,269,realtime-chat,100,poisson,1067,1053,14,,not_applicable
30-minute mixed-workload stability run,1,1,270,realtime-chat,100,poisson,1073,1063,10,,not_applicable
30-minute mixed-workload stability run,1,1,271,realtime-chat,100,poisson,1078,1073,5,,not_applicable
30-minute mixed-workload stability run,1,1,272,realtime-chat,100,poisson,1087,1077,10,,not_applicable
30-minute mixed-workload stability run,1,1,273,realtime-chat,100,poisson,1090,1081,9,,not_applicable
30-minute mixed-workload stability run,1,1,274,realtime-chat,100,poisson,1093,1083,10,,not_applicable
30-minute mixed-workload stability run,1,1,275,realtime-chat,100,poisson,1098,1087,11,,not_applicable
30-minute mixed-workload stability run,1,1,276,realtime-chat,100,poisson,1102,1095,7,,not_applicable
30-minute mixed-workload stability run,1,1,277,realtime-chat,100,poisson,1105,1101,4,,not_applicable
30-minute mixed-workload stability run,1,1,278,realtime-chat,100,poisson,1108,1105,3,,not_applicable
30-minute mixed-workload stability run,1,1,279,realtime-chat,100,poisson,1113,1108,5,,not_applicable
30-minute mixed-workload stability run,1,1,280,realtime-chat,100,poisson,1117,1114,3,,not_applicable
30-minute mixed-workload stability run,1,1,281,realtime-chat,100,poisson,1124,1117,7,,not_applicable
30-minute mixed-workload stability run,1,1,282,realtime-chat,100,poisson,1128,1124,4,,not_applicable
30-minute mixed-workload stability run,1,1,283,realtime-chat,100,poisson,1130,1128,2,,not_applicable
30-minute mixed-workload stability run,1,1,284,realtime-chat,100,poisson,1136,1130,6,,not_applicable
30-minute mixed-workload stability run,1,1,285,realtime-chat,100,poisson,1140,1133,7,,not_applicable
30-minute mixed-workload stability run,1,1,286,realtime-chat,100,poisson,1143,1135,8,,not_applicable
30-minute mixed-workload stability run,1,1,287,realtime-chat,100,poisson,1144,1143,1,,not_applicable
30-minute mixed-workload stability run,1,1,288,realtime-chat,100,poisson,1147,1144,3,,not_applicable
30-minute mixed-workload stability run,1,1,289,realtime-chat,100,poisson,1147,1147,0,,not_applicable
30-minute mixed-workload stability run,1,1,290,realtime-chat,100,poisson,1148,1147,1,,not_applicable
30-minute mixed-workload stability run,1,1,291,realtime-chat,100,poisson,1149,1148,1,,not_applicable
30-minute mixed-workload stability run,1,1,292,realtime-chat,100,poisson,1149,1149,0,,not_applicable
30-minute mixed-workload stability run,1,1,293,realtime-chat,100,poisson,1150,1150,0,,not_applicable
30-minute mixed-workload stability run,1,1,294,realtime-chat,100,poisson,1155,1150,5,,not_applicable
30-minute mixed-workload stability run,1,1,295,realtime-chat,100,poisson,1160,1155,5,,not_applicable
30-minute mixed-workload stability run,1,1,296,realtime-chat,100,poisson,1162,1161,1,,not_applicable
30-minute mixed-workload stability run,1,1,297,realtime-chat,100,poisson,1167,1165,2,,not_applicable
30-minute mixed-workload stability run,1,1,298,realtime-chat,100,poisson,1173,1166,7,,not_applicable
30-minute mixed-workload stability run,1,1,299,realtime-chat,100,poisson,1183,1169,14,,not_applicable
30-minute mixed-workload stability run,1,1,300,realtime-chat,100,poisson,1187,1181,6,,not_applicable
30-minute mixed-workload stability run,1,1,301,realtime-chat,100,poisson,1187,1187,0,,not_applicable
30-minute mixed-workload stability run,1,1,302,realtime-chat,100,poisson,1188,1187,1,,not_applicable
30-minute mixed-workload stability run,1,1,303,realtime-chat,100,poisson,1190,1189,1,,not_applicable
30-minute mixed-workload stability run,1,1,304,realtime-chat,100,poisson,1192,1189,3,,not_applicable
30-minute mixed-workload stability run,1,1,305,realtime-chat,100,poisson,1192,1192,0,,not_applicable
30-minute mixed-workload stability run,1,1,306,realtime-chat,100,poisson,1193,1192,1,,not_applicable
30-minute mixed-workload stability run,1,1,307,realtime-chat,100,poisson,1196,1194,2,,not_applicable
30-minute mixed-workload stability run,1,1,308,realtime-chat,100,poisson,1201,1196,5,,not_applicable
30-minute mixed-workload stability run,1,1,309,realtime-chat,100,poisson,1210,1201,9,,not_applicable
30-minute mixed-workload stability run,1,1,310,realtime-chat,100,poisson,1214,1201,13,,not_applicable
30-minute mixed-workload stability run,1,1,311,realtime-chat,100,poisson,1220,1206,14,,not_applicable
30-minute mixed-workload stability run,1,1,312,realtime-chat,100,poisson,1224,1214,10,,not_applicable
30-minute mixed-workload stability run,1,1,313,realtime-chat,100,poisson,1231,1214,17,,not_applicable
30-minute mixed-workload stability run,1,1,314,realtime-chat,100,poisson,1239,1215,24,,not_applicable
30-minute mixed-workload stability run,1,1,315,realtime-chat,100,poisson,1252,1215,37,,not_applicable
30-minute mixed-workload stability run,1,1,316,realtime-chat,100,poisson,1258,1215,43,,not_applicable
30-minute mixed-workload stability run,1,1,317,realtime-chat,100,poisson,1269,1215,54,,not_applicable
30-minute mixed-workload stability run,1,1,318,realtime-chat,100,poisson,1285,1223,62,,not_applicable
30-minute mixed-workload stability run,1,1,319,realtime-chat,100,poisson,1292,1223,69,,not_applicable
30-minute mixed-workload stability run,1,1,320,realtime-chat,100,poisson,1297,1224,73,,not_applicable
30-minute mixed-workload stability run,1,1,321,realtime-chat,100,poisson,1304,1224,80,,not_applicable
30-minute mixed-workload stability run,1,1,322,realtime-chat,100,poisson,1309,1228,81,,not_applicable
30-minute mixed-workload stability run,1,1,323,realtime-chat,100,poisson,1316,1234,82,,not_applicable
30-minute mixed-workload stability run,1,1,324,realtime-chat,100,poisson,1324,1234,90,,not_applicable
30-minute mixed-workload stability run,1,1,325,realtime-chat,100,poisson,1330,1234,96,,not_applicable
30-minute mixed-workload stability run,1,1,326,realtime-chat,100,poisson,1343,1248,95,,not_applicable
30-minute mixed-workload stability run,1,1,327,realtime-chat,100,poisson,1354,1258,96,,not_applicable
30-minute mixed-workload stability run,1,1,328,realtime-chat,100,poisson,1363,1262,101,,not_applicable
30-minute mixed-workload stability run,1,1,329,realtime-chat,100,poisson,1371,1281,90,,not_applicable
30-minute mixed-workload stability run,1,1,330,realtime-chat,100,poisson,1381,1295,86,,not_applicable
30-minute mixed-workload stability run,1,1,331,realtime-chat,100,poisson,1392,1309,83,,not_applicable
30-minute mixed-workload stability run,1,1,332,realtime-chat,100,poisson,1407,1309,98,,not_applicable
30-minute mixed-workload stability run,1,1,333,realtime-chat,100,poisson,1420,1338,82,,not_applicable
30-minute mixed-workload stability run,1,1,334,realtime-chat,100,poisson,1432,1350,82,,not_applicable
30-minute mixed-workload stability run,1,1,335,realtime-chat,100,poisson,1449,1351,98,,not_applicable
30-minute mixed-workload stability run,1,1,336,realtime-chat,100,poisson,1461,1369,92,,not_applicable
30-minute mixed-workload stability run,1,1,337,realtime-chat,100,poisson,1477,1392,85,,not_applicable
30-minute mixed-workload stability run,1,1,338,realtime-chat,100,poisson,1485,1411,74,,not_applicable
30-minute mixed-workload stability run,1,1,339,realtime-chat,100,poisson,1496,1411,85,,not_applicable
30-minute mixed-workload stability run,1,1,340,realtime-chat,100,poisson,1509,1428,81,,not_applicable
30-minute mixed-workload stability run,1,1,341,realtime-chat,100,poisson,1522,1445,77,,not_applicable
30-minute mixed-workload stability run,1,1,342,realtime-chat,100,poisson,1530,1445,85,,not_applicable
30-minute mixed-workload stability run,1,1,343,realtime-chat,100,poisson,1550,1472,78,,not_applicable
30-minute mixed-workload stability run,1,1,344,realtime-chat,100,poisson,1562,1477,85,,not_applicable
30-minute mixed-workload stability run,1,1,345,realtime-chat,100,poisson,1573,1487,86,,not_applicable
30-minute mixed-workload stability run,1,1,346,realtime-chat,100,poisson,1588,1510,78,,not_applicable
30-minute mixed-workload stability run,1,1,347,realtime-chat,100,poisson,1599,1517,82,,not_applicable
30-minute mixed-workload stability run,1,1,348,realtime-chat,100,poisson,1609,1527,82,,not_applicable
30-minute mixed-workload stability run,1,1,349,realtime-chat,100,poisson,1618,1558,60,,not_applicable
30-minute mixed-workload stability run,1,1,350,realtime-chat,100,poisson,1629,1582,47,,not_applicable
30-minute mixed-workload stability run,1,1,351,realtime-chat,100,poisson,1633,1582,51,,not_applicable
30-minute mixed-workload stability run,1,1,352,realtime-chat,100,poisson,1645,1598,47,,not_applicable
30-minute mixed-workload stability run,1,1,353,realtime-chat,100,poisson,1651,1600,51,,not_applicable
30-minute mixed-workload stability run,1,1,354,realtime-chat,100,poisson,1663,1603,60,,not_applicable
30-minute mixed-workload stability run,1,1,355,realtime-chat,100,poisson,1674,1610,64,,not_applicable
30-minute mixed-workload stability run,1,1,356,realtime-chat,100,poisson,1679,1611,68,,not_applicable
30-minute mixed-workload stability run,1,1,357,realtime-chat,100,poisson,1685,1613,72,,not_applicable
30-minute mixed-workload stability run,1,1,358,realtime-chat,100,poisson,1691,1616,75,,not_applicable
30-minute mixed-workload stability run,1,1,359,realtime-chat,100,poisson,1700,1618,82,,not_applicable
30-minute mixed-workload stability run,1,1,360,realtime-chat,100,poisson,1706,1665,41,,not_applicable
30-minute mixed-workload stability run,1,1,361,realtime-chat,100,poisson,1710,1672,38,,not_applicable
30-minute mixed-workload stability run,1,1,362,realtime-chat,100,poisson,1720,1677,43,,not_applicable
30-minute mixed-workload stability run,1,1,363,realtime-chat,100,poisson,1724,1690,34,,not_applicable
30-minute mixed-workload stability run,1,1,364,realtime-chat,100,poisson,1738,1702,36,,not_applicable
30-minute mixed-workload stability run,1,1,365,realtime-chat,100,poisson,1749,1703,46,,not_applicable
30-minute mixed-workload stability run,1,1,366,realtime-chat,100,poisson,1757,1703,54,,not_applicable
30-minute mixed-workload stability run,1,1,367,realtime-chat,100,poisson,1770,1709,61,,not_applicable
30-minute mixed-workload stability run,1,1,368,realtime-chat,100,poisson,1783,1724,59,,not_applicable
30-minute mixed-workload stability run,1,1,369,realtime-chat,100,poisson,1795,1724,71,,not_applicable
30-minute mixed-workload stability run,1,1,370,realtime-chat,100,poisson,1807,1725,82,,not_applicable
30-minute mixed-workload stability run,1,1,371,realtime-chat,100,poisson,1816,1744,72,,not_applicable
30-minute mixed-workload stability run,1,1,372,realtime-chat,100,poisson,1826,1772,54,,not_applicable
30-minute mixed-workload stability run,1,1,373,realtime-chat,100,poisson,1841,1774,67,,not_applicable
30-minute mixed-workload stability run,1,1,374,realtime-chat,100,poisson,1851,1774,77,,not_applicable
30-minute mixed-workload stability run,1,1,375,realtime-chat,100,poisson,1868,1792,76,,not_applicable
30-minute mixed-workload stability run,1,1,376,realtime-chat,100,poisson,1883,1802,81,,not_applicable
30-minute mixed-workload stability run,1,1,377,realtime-chat,100,poisson,1899,1816,83,,not_applicable
30-minute mixed-workload stability run,1,1,378,realtime-chat,100,poisson,1904,1822,82,,not_applicable
30-minute mixed-workload stability run,1,1,379,realtime-chat,100,poisson,1910,1848,62,,not_applicable
30-minute mixed-workload stability run,1,1,380,realtime-chat,100,poisson,1924,1860,64,,not_applicable
30-minute mixed-workload stability run,1,1,381,realtime-chat,100,poisson,1937,1873,64,,not_applicable
30-minute mixed-workload stability run,1,1,382,realtime-chat,100,poisson,1947,1882,65,,not_applicable
30-minute mixed-workload stability run,1,1,383,realtime-chat,100,poisson,1950,1899,51,,not_applicable
30-minute mixed-workload stability run,1,1,384,realtime-chat,100,poisson,1956,1919,37,,not_applicable
30-minute mixed-workload stability run,1,1,385,realtime-chat,100,poisson,1963,1922,41,,not_applicable
30-minute mixed-workload stability run,1,1,386,realtime-chat,100,poisson,1971,1927,44,,not_applicable
30-minute mixed-workload stability run,1,1,387,realtime-chat,100,poisson,1987,1927,60,,not_applicable
30-minute mixed-workload stability run,1,1,388,realtime-chat,100,poisson,1995,1931,64,,not_applicable
30-minute mixed-workload stability run,1,1,389,realtime-chat,100,poisson,2003,1938,65,,not_applicable
30-minute mixed-workload stability run,1,1,390,realtime-chat,100,poisson,2014,1944,70,,not_applicable
30-minute mixed-workload stability run,1,1,391,realtime-chat,100,poisson,2023,1950,73,,not_applicable
30-minute mixed-workload stability run,1,1,392,realtime-chat,100,poisson,2033,1951,82,,not_applicable
30-minute mixed-workload stability run,1,1,393,realtime-chat,100,poisson,2050,1971,79,,not_applicable
30-minute mixed-workload stability run,1,1,394,realtime-chat,100,poisson,2056,1975,81,,not_applicable
30-minute mixed-workload stability run,1,1,395,realtime-chat,100,poisson,2064,1996,68,,not_applicable
30-minute mixed-workload stability run,1,1,396,realtime-chat,100,poisson,2072,2019,53,,not_applicable
30-minute mixed-workload stability run,1,1,397,realtime-chat,100,poisson,2081,2019,62,,not_applicable
30-minute mixed-workload stability run,1,1,398,realtime-chat,100,poisson,2092,2020,72,,not_applicable
30-minute mixed-workload stability run,1,1,399,realtime-chat,100,poisson,2102,2027,75,,not_applicable
30-minute mixed-workload stability run,1,1,400,realtime-chat,100,poisson,2116,2044,72,,not_applicable
30-minute mixed-workload stability run,1,1,401,realtime-chat,100,poisson,2127,2055,72,,not_applicable
30-minute mixed-workload stability run,1,1,402,realtime-chat,100,poisson,2147,2064,83,,not_applicable
30-minute mixed-workload stability run,1,1,403,realtime-chat,100,poisson,2167,2092,75,,not_applicable
30-minute mixed-workload stability run,1,1,404,realtime-chat,100,poisson,2175,2095,80,,not_applicable
30-minute mixed-workload stability run,1,1,405,realtime-chat,100,poisson,2181,2107,74,,not_applicable
30-minute mixed-workload stability run,1,1,406,realtime-chat,100,poisson,2186,2115,71,,not_applicable
30-minute mixed-workload stability run,1,1,407,realtime-chat,100,poisson,2194,2125,69,,not_applicable
30-minute mixed-workload stability run,1,1,408,realtime-chat,100,poisson,2204,2134,70,,not_applicable
30-minute mixed-workload stability run,1,1,409,realtime-chat,100,poisson,2223,2134,89,,not_applicable
30-minute mixed-workload stability run,1,1,410,realtime-chat,100,poisson,2229,2154,75,,not_applicable
30-minute mixed-workload stability run,1,1,411,realtime-chat,100,poisson,2240,2163,77,,not_applicable
30-minute mixed-workload stability run,1,1,412,realtime-chat,100,poisson,2248,2176,72,,not_applicable
30-minute mixed-workload stability run,1,1,413,realtime-chat,100,poisson,2256,2183,73,,not_applicable
30-minute mixed-workload stability run,1,1,414,realtime-chat,100,poisson,2269,2191,78,,not_applicable
30-minute mixed-workload stability run,1,1,415,realtime-chat,100,poisson,2275,2203,72,,not_applicable
30-minute mixed-workload stability run,1,1,416,realtime-chat,100,poisson,2280,2203,77,,not_applicable
30-minute mixed-workload stability run,1,1,417,realtime-chat,100,poisson,2284,2203,81,,not_applicable
30-minute mixed-workload stability run,1,1,418,realtime-chat,100,poisson,2293,2216,77,,not_applicable
30-minute mixed-workload stability run,1,1,419,realtime-chat,100,poisson,2305,2237,68,,not_applicable
30-minute mixed-workload stability run,1,1,420,realtime-chat,100,poisson,2312,2241,71,,not_applicable
30-minute mixed-workload stability run,1,1,421,realtime-chat,100,poisson,2324,2252,72,,not_applicable
30-minute mixed-workload stability run,1,1,422,realtime-chat,100,poisson,2334,2270,64,,not_applicable
30-minute mixed-workload stability run,1,1,423,realtime-chat,100,poisson,2345,2286,59,,not_applicable
30-minute mixed-workload stability run,1,1,424,realtime-chat,100,poisson,2359,2289,70,,not_applicable
30-minute mixed-workload stability run,1,1,425,realtime-chat,100,poisson,2366,2295,71,,not_applicable
30-minute mixed-workload stability run,1,1,426,realtime-chat,100,poisson,2383,2305,78,,not_applicable
30-minute mixed-workload stability run,1,1,427,realtime-chat,100,poisson,2393,2315,78,,not_applicable
30-minute mixed-workload stability run,1,1,428,realtime-chat,100,poisson,2404,2327,77,,not_applicable
30-minute mixed-workload stability run,1,1,429,realtime-chat,100,poisson,2416,2341,75,,not_applicable
30-minute mixed-workload stability run,1,1,430,realtime-chat,100,poisson,2430,2375,55,,not_applicable
30-minute mixed-workload stability run,1,1,431,realtime-chat,100,poisson,2443,2383,60,,not_applicable
30-minute mixed-workload stability run,1,1,432,realtime-chat,100,poisson,2459,2385,74,,not_applicable
30-minute mixed-workload stability run,1,1,433,realtime-chat,100,poisson,2474,2386,88,,not_applicable
30-minute mixed-workload stability run,1,1,434,realtime-chat,100,poisson,2489,2400,89,,not_applicable
30-minute mixed-workload stability run,1,1,435,realtime-chat,100,poisson,2498,2417,81,,not_applicable
30-minute mixed-workload stability run,1,1,436,realtime-chat,100,poisson,2516,2425,91,,not_applicable
30-minute mixed-workload stability run,1,1,437,realtime-chat,100,poisson,2527,2435,92,,not_applicable
30-minute mixed-workload stability run,1,1,438,realtime-chat,100,poisson,2537,2458,79,,not_applicable
30-minute mixed-workload stability run,1,1,439,realtime-chat,100,poisson,2544,2465,79,,not_applicable
30-minute mixed-workload stability run,1,1,440,realtime-chat,100,poisson,2560,2471,89,,not_applicable
30-minute mixed-workload stability run,1,1,441,realtime-chat,100,poisson,2567,2488,79,,not_applicable
30-minute mixed-workload stability run,1,1,442,realtime-chat,100,poisson,2579,2496,83,,not_applicable
30-minute mixed-workload stability run,1,1,443,realtime-chat,100,poisson,2593,2504,89,,not_applicable
30-minute mixed-workload stability run,1,1,444,realtime-chat,100,poisson,2604,2517,87,,not_applicable
30-minute mixed-workload stability run,1,1,445,realtime-chat,100,poisson,2609,2533,76,,not_applicable
30-minute mixed-workload stability run,1,1,446,realtime-chat,100,poisson,2616,2566,50,,not_applicable
30-minute mixed-workload stability run,1,1,447,realtime-chat,100,poisson,2626,2590,36,,not_applicable
30-minute mixed-workload stability run,1,1,448,realtime-chat,100,poisson,2630,2607,23,,not_applicable
30-minute mixed-workload stability run,1,1,449,realtime-chat,100,poisson,2639,2622,17,,not_applicable
30-minute mixed-workload stability run,1,1,450,realtime-chat,100,poisson,2652,2625,27,,not_applicable
30-minute mixed-workload stability run,1,1,451,realtime-chat,100,poisson,2661,2629,32,,not_applicable
30-minute mixed-workload stability run,1,1,452,realtime-chat,100,poisson,2668,2636,32,,not_applicable
30-minute mixed-workload stability run,1,1,453,realtime-chat,100,poisson,2680,2650,30,,not_applicable
30-minute mixed-workload stability run,1,1,454,realtime-chat,100,poisson,2685,2654,31,,not_applicable
30-minute mixed-workload stability run,1,1,455,realtime-chat,100,poisson,2694,2655,39,,not_applicable
30-minute mixed-workload stability run,1,1,456,realtime-chat,100,poisson,2707,2657,50,,not_applicable
30-minute mixed-workload stability run,1,1,457,realtime-chat,100,poisson,2718,2657,61,,not_applicable
30-minute mixed-workload stability run,1,1,458,realtime-chat,100,poisson,2731,2659,72,,not_applicable
30-minute mixed-workload stability run,1,1,459,realtime-chat,100,poisson,2745,2661,84,,not_applicable
30-minute mixed-workload stability run,1,1,460,realtime-chat,100,poisson,2755,2668,87,,not_applicable
30-minute mixed-workload stability run,1,1,461,realtime-chat,100,poisson,2778,2682,96,,not_applicable
30-minute mixed-workload stability run,1,1,462,realtime-chat,100,poisson,2787,2696,91,,not_applicable
30-minute mixed-workload stability run,1,1,463,realtime-chat,100,poisson,2795,2718,77,,not_applicable
30-minute mixed-workload stability run,1,1,464,realtime-chat,100,poisson,2810,2732,78,,not_applicable
30-minute mixed-workload stability run,1,1,465,realtime-chat,100,poisson,2820,2732,88,,not_applicable
30-minute mixed-workload stability run,1,1,466,realtime-chat,100,poisson,2841,2734,107,,not_applicable
30-minute mixed-workload stability run,1,1,467,realtime-chat,100,poisson,2849,2743,106,,not_applicable
30-minute mixed-workload stability run,1,1,468,realtime-chat,100,poisson,2863,2752,111,,not_applicable
30-minute mixed-workload stability run,1,1,469,realtime-chat,100,poisson,2877,2785,92,,not_applicable
30-minute mixed-workload stability run,1,1,470,realtime-chat,100,poisson,2889,2814,75,,not_applicable
30-minute mixed-workload stability run,1,1,471,realtime-chat,100,poisson,2904,2818,86,,not_applicable
30-minute mixed-workload stability run,1,1,472,realtime-chat,100,poisson,2913,2824,89,,not_applicable
30-minute mixed-workload stability run,1,1,473,realtime-chat,100,poisson,2918,2828,90,,not_applicable
30-minute mixed-workload stability run,1,1,474,realtime-chat,100,poisson,2930,2838,92,,not_applicable
30-minute mixed-workload stability run,1,1,475,realtime-chat,100,poisson,2942,2867,75,,not_applicable
30-minute mixed-workload stability run,1,1,476,realtime-chat,100,poisson,2950,2878,72,,not_applicable
30-minute mixed-workload stability run,1,1,477,realtime-chat,100,poisson,2959,2901,58,,not_applicable
30-minute mixed-workload stability run,1,1,478,realtime-chat,100,poisson,2970,2901,69,,not_applicable
30-minute mixed-workload stability run,1,1,479,realtime-chat,100,poisson,2980,2903,77,,not_applicable
30-minute mixed-workload stability run,1,1,480,realtime-chat,100,poisson,2991,2908,83,,not_applicable
30-minute mixed-workload stability run,1,1,481,realtime-chat,100,poisson,2995,2919,76,,not_applicable
30-minute mixed-workload stability run,1,1,482,realtime-chat,100,poisson,3004,2936,68,,not_applicable
30-minute mixed-workload stability run,1,1,483,realtime-chat,100,poisson,3013,2950,63,,not_applicable
30-minute mixed-workload stability run,1,1,484,realtime-chat,100,poisson,3024,2957,67,,not_applicable
30-minute mixed-workload stability run,1,1,485,realtime-chat,100,poisson,3030,2969,61,,not_applicable
30-minute mixed-workload stability run,1,1,486,realtime-chat,100,poisson,3042,2980,62,,not_applicable
30-minute mixed-workload stability run,1,1,487,realtime-chat,100,poisson,3052,2994,58,,not_applicable
30-minute mixed-workload stability run,1,1,488,realtime-chat,100,poisson,3063,2998,65,,not_applicable
30-minute mixed-workload stability run,1,1,489,realtime-chat,100,poisson,3077,3007,70,,not_applicable
30-minute mixed-workload stability run,1,1,490,realtime-chat,100,poisson,3091,3020,71,,not_applicable
30-minute mixed-workload stability run,1,1,491,realtime-chat,100,poisson,3105,3031,74,,not_applicable
30-minute mixed-workload stability run,1,1,492,realtime-chat,100,poisson,3115,3043,72,,not_applicable
30-minute mixed-workload stability run,1,1,493,realtime-chat,100,poisson,3118,3060,58,,not_applicable
30-minute mixed-workload stability run,1,1,494,realtime-chat,100,poisson,3130,3063,67,,not_applicable
30-minute mixed-workload stability run,1,1,495,realtime-chat,100,poisson,3143,3077,66,,not_applicable
30-minute mixed-workload stability run,1,1,496,realtime-chat,100,poisson,3155,3079,76,,not_applicable
30-minute mixed-workload stability run,1,1,497,realtime-chat,100,poisson,3168,3089,79,,not_applicable
30-minute mixed-workload stability run,1,1,498,realtime-chat,100,poisson,3179,3110,69,,not_applicable
30-minute mixed-workload stability run,1,1,499,realtime-chat,100,poisson,3185,3117,68,,not_applicable
30-minute mixed-workload stability run,1,1,500,realtime-chat,100,poisson,3198,3122,76,,not_applicable
30-minute mixed-workload stability run,1,1,501,realtime-chat,100,poisson,3207,3133,74,,not_applicable
30-minute mixed-workload stability run,1,1,502,realtime-chat,100,poisson,3215,3146,69,,not_applicable
30-minute mixed-workload stability run,1,1,503,realtime-chat,100,poisson,3225,3147,78,,not_applicable
30-minute mixed-workload stability run,1,1,504,realtime-chat,100,poisson,3234,3157,77,,not_applicable
30-minute mixed-workload stability run,1,1,505,realtime-chat,100,poisson,3244,3172,72,,not_applicable
30-minute mixed-workload stability run,1,1,506,realtime-chat,100,poisson,3252,3181,71,,not_applicable
30-minute mixed-workload stability run,1,1,507,realtime-chat,100,poisson,3262,3203,59,,not_applicable
30-minute mixed-workload stability run,1,1,508,realtime-chat,100,poisson,3271,3205,66,,not_applicable
30-minute mixed-workload stability run,1,1,509,realtime-chat,100,poisson,3278,3228,50,,not_applicable
30-minute mixed-workload stability run,1,1,510,realtime-chat,100,poisson,3289,3228,61,,not_applicable
30-minute mixed-workload stability run,1,1,511,realtime-chat,100,poisson,3296,3231,65,,not_applicable
30-minute mixed-workload stability run,1,1,512,realtime-chat,100,poisson,3302,3235,67,,not_applicable
30-minute mixed-workload stability run,1,1,513,realtime-chat,100,poisson,3309,3257,52,,not_applicable
30-minute mixed-workload stability run,1,1,514,realtime-chat,100,poisson,3318,3271,47,,not_applicable
30-minute mixed-workload stability run,1,1,515,realtime-chat,100,poisson,3325,3273,52,,not_applicable
30-minute mixed-workload stability run,1,1,516,realtime-chat,100,poisson,3328,3277,51,,not_applicable
30-minute mixed-workload stability run,1,1,517,realtime-chat,100,poisson,3339,3277,62,,not_applicable
30-minute mixed-workload stability run,1,1,518,realtime-chat,100,poisson,3347,3297,50,,not_applicable
30-minute mixed-workload stability run,1,1,519,realtime-chat,100,poisson,3352,3302,50,,not_applicable
30-minute mixed-workload stability run,1,1,520,realtime-chat,100,poisson,3362,3303,59,,not_applicable
30-minute mixed-workload stability run,1,1,521,realtime-chat,100,poisson,3380,3309,71,,not_applicable
30-minute mixed-workload stability run,1,1,522,realtime-chat,100,poisson,3389,3326,63,,not_applicable
30-minute mixed-workload stability run,1,1,523,realtime-chat,100,poisson,3403,3344,59,,not_applicable
30-minute mixed-workload stability run,1,1,524,realtime-chat,100,poisson,3410,3347,63,,not_applicable
30-minute mixed-workload stability run,1,1,525,realtime-chat,100,poisson,3415,3357,58,,not_applicable
30-minute mixed-workload stability run,1,1,526,realtime-chat,100,poisson,3431,3374,57,,not_applicable
30-minute mixed-workload stability run,1,1,527,realtime-chat,100,poisson,3440,3382,58,,not_applicable
30-minute mixed-workload stability run,1,1,528,realtime-chat,100,poisson,3450,3383,67,,not_applicable
30-minute mixed-workload stability run,1,1,529,realtime-chat,100,poisson,3454,3393,61,,not_applicable
30-minute mixed-workload stability run,1,1,530,realtime-chat,100,poisson,3469,3394,75,,not_applicable
30-minute mixed-workload stability run,1,1,531,realtime-chat,100,poisson,3477,3411,66,,not_applicable
30-minute mixed-workload stability run,1,1,532,realtime-chat,100,poisson,3489,3415,74,,not_applicable
30-minute mixed-workload stability run,1,1,533,realtime-chat,100,poisson,3499,3433,66,,not_applicable
30-minute mixed-workload stability run,1,1,534,realtime-chat,100,poisson,3507,3453,54,,not_applicable
30-minute mixed-workload stability run,1,1,535,realtime-chat,100,poisson,3522,3456,66,,not_applicable
30-minute mixed-workload stability run,1,1,536,realtime-chat,100,poisson,3526,3478,48,,not_applicable
30-minute mixed-workload stability run,1,1,537,realtime-chat,100,poisson,3534,3483,51,,not_applicable
30-minute mixed-workload stability run,1,1,538,realtime-chat,100,poisson,3543,3507,36,,not_applicable
30-minute mixed-workload stability run,1,1,539,realtime-chat,100,poisson,3551,3525,26,,not_applicable
30-minute mixed-workload stability run,1,1,540,realtime-chat,100,poisson,3564,3528,36,,not_applicable
30-minute mixed-workload stability run,1,1,541,realtime-chat,100,poisson,3572,3529,43,,not_applicable
30-minute mixed-workload stability run,1,1,542,realtime-chat,100,poisson,3577,3532,45,,not_applicable
30-minute mixed-workload stability run,1,1,543,realtime-chat,100,poisson,3584,3534,50,,not_applicable
30-minute mixed-workload stability run,1,1,544,realtime-chat,100,poisson,3593,3534,59,,not_applicable
30-minute mixed-workload stability run,1,1,545,realtime-chat,100,poisson,3606,3538,68,,not_applicable
30-minute mixed-workload stability run,1,1,546,realtime-chat,100,poisson,3616,3548,68,,not_applicable
30-minute mixed-workload stability run,1,1,547,realtime-chat,100,poisson,3629,3551,78,,not_applicable
30-minute mixed-workload stability run,1,1,548,realtime-chat,100,poisson,3638,3565,73,,not_applicable
30-minute mixed-workload stability run,1,1,549,realtime-chat,100,poisson,3650,3570,80,,not_applicable
30-minute mixed-workload stability run,1,1,550,realtime-chat,100,poisson,3667,3599,68,,not_applicable
30-minute mixed-workload stability run,1,1,551,realtime-chat,100,poisson,3678,3610,68,,not_applicable
30-minute mixed-workload stability run,1,1,552,realtime-chat,100,poisson,3687,3619,68,,not_applicable
30-minute mixed-workload stability run,1,1,553,realtime-chat,100,poisson,3700,3631,69,,not_applicable
30-minute mixed-workload stability run,1,1,554,realtime-chat,100,poisson,3717,3636,81,,not_applicable
30-minute mixed-workload stability run,1,1,555,realtime-chat,100,poisson,3722,3667,55,,not_applicable
30-minute mixed-workload stability run,1,1,556,realtime-chat,100,poisson,3737,3678,59,,not_applicable
30-minute mixed-workload stability run,1,1,557,realtime-chat,100,poisson,3750,3681,69,,not_applicable
30-minute mixed-workload stability run,1,1,558,realtime-chat,100,poisson,3760,3708,52,,not_applicable
30-minute mixed-workload stability run,1,1,559,realtime-chat,100,poisson,3773,3723,50,,not_applicable
30-minute mixed-workload stability run,1,1,560,realtime-chat,100,poisson,3784,3735,49,,not_applicable
30-minute mixed-workload stability run,1,1,561,realtime-chat,100,poisson,3796,3750,46,,not_applicable
30-minute mixed-workload stability run,1,1,562,realtime-chat,100,poisson,3806,3769,37,,not_applicable
30-minute mixed-workload stability run,1,1,563,realtime-chat,100,poisson,3816,3789,27,,not_applicable
30-minute mixed-workload stability run,1,1,564,realtime-chat,100,poisson,3829,3792,37,,not_applicable
30-minute mixed-workload stability run,1,1,565,realtime-chat,100,poisson,3839,3792,47,,not_applicable
30-minute mixed-workload stability run,1,1,566,realtime-chat,100,poisson,3847,3796,51,,not_applicable
30-minute mixed-workload stability run,1,1,567,realtime-chat,100,poisson,3858,3796,62,,not_applicable
30-minute mixed-workload stability run,1,1,568,realtime-chat,100,poisson,3867,3798,69,,not_applicable
30-minute mixed-workload stability run,1,1,569,realtime-chat,100,poisson,3878,3800,78,,not_applicable
30-minute mixed-workload stability run,1,1,570,realtime-chat,100,poisson,3888,3816,72,,not_applicable
30-minute mixed-workload stability run,1,1,571,realtime-chat,100,poisson,3894,3840,54,,not_applicable
30-minute mixed-workload stability run,1,1,572,realtime-chat,100,poisson,3902,3856,46,,not_applicable
30-minute mixed-workload stability run,1,1,573,realtime-chat,100,poisson,3911,3867,44,,not_applicable
30-minute mixed-workload stability run,1,1,574,realtime-chat,100,poisson,3916,3885,31,,not_applicable
30-minute mixed-workload stability run,1,1,575,realtime-chat,100,poisson,3926,3894,32,,not_applicable
30-minute mixed-workload stability run,1,1,576,realtime-chat,100,poisson,3932,3913,19,,not_applicable
30-minute mixed-workload stability run,1,1,577,realtime-chat,100,poisson,3939,3917,22,,not_applicable
30-minute mixed-workload stability run,1,1,578,realtime-chat,100,poisson,3949,3930,19,,not_applicable
30-minute mixed-workload stability run,1,1,579,realtime-chat,100,poisson,3961,3939,22,,not_applicable
30-minute mixed-workload stability run,1,1,580,realtime-chat,100,poisson,3967,3950,17,,not_applicable
30-minute mixed-workload stability run,1,1,581,realtime-chat,100,poisson,3974,3963,11,,not_applicable
30-minute mixed-workload stability run,1,1,582,realtime-chat,100,poisson,3983,3969,14,,not_applicable
30-minute mixed-workload stability run,1,1,583,realtime-chat,100,poisson,3994,3975,19,,not_applicable
30-minute mixed-workload stability run,1,1,584,realtime-chat,100,poisson,4009,3983,26,,not_applicable
30-minute mixed-workload stability run,1,1,585,realtime-chat,100,poisson,4018,3984,34,,not_applicable
30-minute mixed-workload stability run,1,1,586,realtime-chat,100,poisson,4030,3994,36,,not_applicable
30-minute mixed-workload stability run,1,1,587,realtime-chat,100,poisson,4041,3998,43,,not_applicable
30-minute mixed-workload stability run,1,1,588,realtime-chat,100,poisson,4057,4005,52,,not_applicable
30-minute mixed-workload stability run,1,1,589,realtime-chat,100,poisson,4070,4005,65,,not_applicable
30-minute mixed-workload stability run,1,1,590,realtime-chat,100,poisson,4077,4027,50,,not_applicable
30-minute mixed-workload stability run,1,1,591,realtime-chat,100,poisson,4091,4037,54,,not_applicable
30-minute mixed-workload stability run,1,1,592,realtime-chat,100,poisson,4098,4072,26,,not_applicable
30-minute mixed-workload stability run,1,1,593,realtime-chat,100,poisson,4112,4075,37,,not_applicable
30-minute mixed-workload stability run,1,1,594,realtime-chat,100,poisson,4126,4077,49,,not_applicable
30-minute mixed-workload stability run,1,1,595,realtime-chat,100,poisson,4131,4077,54,,not_applicable
30-minute mixed-workload stability run,1,1,596,realtime-chat,100,poisson,4143,4079,64,,not_applicable
30-minute mixed-workload stability run,1,1,597,realtime-chat,100,poisson,4153,4095,58,,not_applicable
30-minute mixed-workload stability run,1,1,598,realtime-chat,100,poisson,4160,4102,58,,not_applicable
30-minute mixed-workload stability run,1,1,599,realtime-chat,100,poisson,4166,4145,21,,not_applicable
30-minute mixed-workload stability run,1,1,600,realtime-chat,100,poisson,4169,4156,13,,not_applicable
30-minute mixed-workload stability run,1,1,601,realtime-chat,100,poisson,4187,4162,25,,not_applicable
30-minute mixed-workload stability run,1,1,602,realtime-chat,100,poisson,4196,4166,30,,not_applicable
30-minute mixed-workload stability run,1,1,603,realtime-chat,100,poisson,4204,4169,35,,not_applicable
30-minute mixed-workload stability run,1,1,604,realtime-chat,100,poisson,4212,4178,34,,not_applicable
30-minute mixed-workload stability run,1,1,605,realtime-chat,100,poisson,4218,4194,24,,not_applicable
30-minute mixed-workload stability run,1,1,606,realtime-chat,100,poisson,4224,4196,28,,not_applicable
30-minute mixed-workload stability run,1,1,607,realtime-chat,100,poisson,4230,4196,34,,not_applicable
30-minute mixed-workload stability run,1,1,608,realtime-chat,100,poisson,4240,4199,41,,not_applicable
30-minute mixed-workload stability run,1,1,609,realtime-chat,100,poisson,4256,4212,44,,not_applicable
30-minute mixed-workload stability run,1,1,610,realtime-chat,100,poisson,4262,4215,47,,not_applicable
30-minute mixed-workload stability run,1,1,611,realtime-chat,100,poisson,4271,4219,52,,not_applicable
30-minute mixed-workload stability run,1,1,612,realtime-chat,100,poisson,4276,4224,52,,not_applicable
30-minute mixed-workload stability run,1,1,613,realtime-chat,100,poisson,4280,4245,35,,not_applicable
30-minute mixed-workload stability run,1,1,614,realtime-chat,100,poisson,4291,4265,26,,not_applicable
30-minute mixed-workload stability run,1,1,615,realtime-chat,100,poisson,4300,4271,29,,not_applicable
30-minute mixed-workload stability run,1,1,616,realtime-chat,100,poisson,4312,4277,35,,not_applicable
30-minute mixed-workload stability run,1,1,617,realtime-chat,100,poisson,4321,4280,41,,not_applicable
30-minute mixed-workload stability run,1,1,618,realtime-chat,100,poisson,4343,4282,61,,not_applicable
30-minute mixed-workload stability run,1,1,619,realtime-chat,100,poisson,4351,4290,61,,not_applicable
30-minute mixed-workload stability run,1,1,620,realtime-chat,100,poisson,4361,4295,66,,not_applicable
30-minute mixed-workload stability run,1,1,621,realtime-chat,100,poisson,4372,4296,76,,not_applicable
30-minute mixed-workload stability run,1,1,622,realtime-chat,100,poisson,4384,4300,84,,not_applicable
30-minute mixed-workload stability run,1,1,623,realtime-chat,100,poisson,4394,4302,92,,not_applicable
30-minute mixed-workload stability run,1,1,624,realtime-chat,100,poisson,4405,4322,83,,not_applicable
30-minute mixed-workload stability run,1,1,625,realtime-chat,100,poisson,4414,4325,89,,not_applicable
30-minute mixed-workload stability run,1,1,626,realtime-chat,100,poisson,4425,4346,79,,not_applicable
30-minute mixed-workload stability run,1,1,627,realtime-chat,100,poisson,4436,4365,71,,not_applicable
30-minute mixed-workload stability run,1,1,628,realtime-chat,100,poisson,4449,4376,73,,not_applicable
30-minute mixed-workload stability run,1,1,629,realtime-chat,100,poisson,4457,4384,73,,not_applicable
30-minute mixed-workload stability run,1,1,630,realtime-chat,100,poisson,4466,4386,80,,not_applicable
30-minute mixed-workload stability run,1,1,631,realtime-chat,100,poisson,4473,4387,86,,not_applicable
30-minute mixed-workload stability run,1,1,632,realtime-chat,100,poisson,4481,4408,73,,not_applicable
30-minute mixed-workload stability run,1,1,633,realtime-chat,100,poisson,4488,4418,70,,not_applicable
30-minute mixed-workload stability run,1,1,634,realtime-chat,100,poisson,4495,4422,73,,not_applicable
30-minute mixed-workload stability run,1,1,635,realtime-chat,100,poisson,4503,4425,78,,not_applicable
30-minute mixed-workload stability run,1,1,636,realtime-chat,100,poisson,4509,4435,74,,not_applicable
30-minute mixed-workload stability run,1,1,637,realtime-chat,100,poisson,4518,4456,62,,not_applicable
30-minute mixed-workload stability run,1,1,638,realtime-chat,100,poisson,4523,4478,45,,not_applicable
30-minute mixed-workload stability run,1,1,639,realtime-chat,100,poisson,4532,4501,31,,not_applicable
30-minute mixed-workload stability run,1,1,640,realtime-chat,100,poisson,4541,4503,38,,not_applicable
30-minute mixed-workload stability run,1,1,641,realtime-chat,100,poisson,4550,4504,46,,not_applicable
30-minute mixed-workload stability run,1,1,642,realtime-chat,100,poisson,4563,4506,57,,not_applicable
30-minute mixed-workload stability run,1,1,643,realtime-chat,100,poisson,4571,4518,53,,not_applicable
30-minute mixed-workload stability run,1,1,644,realtime-chat,100,poisson,4579,4528,51,,not_applicable
30-minute mixed-workload stability run,1,1,645,realtime-chat,100,poisson,4593,4548,45,,not_applicable
30-minute mixed-workload stability run,1,1,646,realtime-chat,100,poisson,4606,4571,35,,not_applicable
30-minute mixed-workload stability run,1,1,647,realtime-chat,100,poisson,4620,4579,41,,not_applicable
30-minute mixed-workload stability run,1,1,648,realtime-chat,100,poisson,4633,4594,39,,not_applicable
30-minute mixed-workload stability run,1,1,649,realtime-chat,100,poisson,4642,4604,38,,not_applicable
30-minute mixed-workload stability run,1,1,650,realtime-chat,100,poisson,4655,4604,51,,not_applicable
30-minute mixed-workload stability run,1,1,651,realtime-chat,100,poisson,4660,4606,54,,not_applicable
30-minute mixed-workload stability run,1,1,652,realtime-chat,100,poisson,4675,4617,58,,not_applicable
30-minute mixed-workload stability run,1,1,653,realtime-chat,100,poisson,4690,4620,70,,not_applicable
30-minute mixed-workload stability run,1,1,654,realtime-chat,100,poisson,4703,4627,76,,not_applicable
30-minute mixed-workload stability run,1,1,655,realtime-chat,100,poisson,4711,4635,76,,not_applicable
30-minute mixed-workload stability run,1,1,656,realtime-chat,100,poisson,4722,4636,86,,not_applicable
30-minute mixed-workload stability run,1,1,657,realtime-chat,100,poisson,4734,4652,82,,not_applicable
30-minute mixed-workload stability run,1,1,658,realtime-chat,100,poisson,4753,4675,78,,not_applicable
30-minute mixed-workload stability run,1,1,659,realtime-chat,100,poisson,4759,4695,64,,not_applicable
30-minute mixed-workload stability run,1,1,660,realtime-chat,100,poisson,4762,4709,53,,not_applicable
30-minute mixed-workload stability run,1,1,661,realtime-chat,100,poisson,4772,4732,40,,not_applicable
30-minute mixed-workload stability run,1,1,662,realtime-chat,100,poisson,4782,4743,39,,not_applicable
30-minute mixed-workload stability run,1,1,663,realtime-chat,100,poisson,4787,4759,28,,not_applicable
30-minute mixed-workload stability run,1,1,664,realtime-chat,100,poisson,4790,4762,28,,not_applicable
30-minute mixed-workload stability run,1,1,665,realtime-chat,100,poisson,4800,4778,22,,not_applicable
30-minute mixed-workload stability run,1,1,666,realtime-chat,100,poisson,4808,4783,25,,not_applicable
30-minute mixed-workload stability run,1,1,667,realtime-chat,100,poisson,4819,4785,34,,not_applicable
30-minute mixed-workload stability run,1,1,668,realtime-chat,100,poisson,4824,4787,37,,not_applicable
30-minute mixed-workload stability run,1,1,669,realtime-chat,100,poisson,4828,4796,32,,not_applicable
30-minute mixed-workload stability run,1,1,670,realtime-chat,100,poisson,4833,4824,9,,not_applicable
30-minute mixed-workload stability run,1,1,671,realtime-chat,100,poisson,4844,4825,19,,not_applicable
30-minute mixed-workload stability run,1,1,672,realtime-chat,100,poisson,4852,4825,27,,not_applicable
30-minute mixed-workload stability run,1,1,673,realtime-chat,100,poisson,4863,4825,38,,not_applicable
30-minute mixed-workload stability run,1,1,674,realtime-chat,100,poisson,4877,4828,49,,not_applicable
30-minute mixed-workload stability run,1,1,675,realtime-chat,100,poisson,4891,4830,61,,not_applicable
30-minute mixed-workload stability run,1,1,676,realtime-chat,100,poisson,4904,4830,74,,not_applicable
30-minute mixed-workload stability run,1,1,677,realtime-chat,100,poisson,4913,4835,78,,not_applicable
30-minute mixed-workload stability run,1,1,678,realtime-chat,100,poisson,4928,4844,84,,not_applicable
30-minute mixed-workload stability run,1,1,679,realtime-chat,100,poisson,4943,4873,70,,not_applicable
30-minute mixed-workload stability run,1,1,680,realtime-chat,100,poisson,4955,4889,66,,not_applicable
30-minute mixed-workload stability run,1,1,681,realtime-chat,100,poisson,4971,4895,76,,not_applicable
30-minute mixed-workload stability run,1,1,682,realtime-chat,100,poisson,4981,4908,73,,not_applicable
30-minute mixed-workload stability run,1,1,683,realtime-chat,100,poisson,4988,4908,80,,not_applicable
30-minute mixed-workload stability run,1,1,684,realtime-chat,100,poisson,5005,4927,78,,not_applicable
30-minute mixed-workload stability run,1,1,685,realtime-chat,100,poisson,5013,4941,72,,not_applicable
30-minute mixed-workload stability run,1,1,686,realtime-chat,100,poisson,5032,4962,70,,not_applicable
30-minute mixed-workload stability run,1,1,687,realtime-chat,100,poisson,5046,4962,84,,not_applicable
30-minute mixed-workload stability run,1,1,688,realtime-chat,100,poisson,5063,4971,92,,not_applicable
30-minute mixed-workload stability run,1,1,689,realtime-chat,100,poisson,5067,4984,83,,not_applicable
30-minute mixed-workload stability run,1,1,690,realtime-chat,100,poisson,5077,5003,74,,not_applicable
30-minute mixed-workload stability run,1,1,691,realtime-chat,100,poisson,5093,5005,88,,not_applicable
30-minute mixed-workload stability run,1,1,692,realtime-chat,100,poisson,5100,5012,88,,not_applicable
30-minute mixed-workload stability run,1,1,693,realtime-chat,100,poisson,5109,5030,79,,not_applicable
30-minute mixed-workload stability run,1,1,694,realtime-chat,100,poisson,5117,5058,59,,not_applicable
30-minute mixed-workload stability run,1,1,695,realtime-chat,100,poisson,5127,5073,54,,not_applicable
30-minute mixed-workload stability run,1,1,696,realtime-chat,100,poisson,5132,5109,23,,not_applicable
30-minute mixed-workload stability run,1,1,697,realtime-chat,100,poisson,5140,5120,20,,not_applicable
30-minute mixed-workload stability run,1,1,698,realtime-chat,100,poisson,5145,5128,17,,not_applicable
30-minute mixed-workload stability run,1,1,699,realtime-chat,100,poisson,5161,5139,22,,not_applicable
30-minute mixed-workload stability run,1,1,700,realtime-chat,100,poisson,5168,5142,26,,not_applicable
30-minute mixed-workload stability run,1,1,701,realtime-chat,100,poisson,5181,5145,36,,not_applicable
30-minute mixed-workload stability run,1,1,702,realtime-chat,100,poisson,5192,5145,47,,not_applicable
30-minute mixed-workload stability run,1,1,703,realtime-chat,100,poisson,5208,5158,50,,not_applicable
30-minute mixed-workload stability run,1,1,704,realtime-chat,100,poisson,5217,5165,52,,not_applicable
30-minute mixed-workload stability run,1,1,705,realtime-chat,100,poisson,5229,5167,62,,not_applicable
30-minute mixed-workload stability run,1,1,706,realtime-chat,100,poisson,5234,5169,65,,not_applicable
30-minute mixed-workload stability run,1,1,707,realtime-chat,100,poisson,5246,5192,54,,not_applicable
30-minute mixed-workload stability run,1,1,708,realtime-chat,100,poisson,5266,5192,74,,not_applicable
30-minute mixed-workload stability run,1,1,709,realtime-chat,100,poisson,5279,5195,84,,not_applicable
30-minute mixed-workload stability run,1,1,710,realtime-chat,100,poisson,5288,5209,79,,not_applicable
30-minute mixed-workload stability run,1,1,711,realtime-chat,100,poisson,5302,5211,91,,not_applicable
30-minute mixed-workload stability run,1,1,712,realtime-chat,100,poisson,5313,5212,101,,not_applicable
30-minute mixed-workload stability run,1,1,713,realtime-chat,100,poisson,5326,5224,102,,not_applicable
30-minute mixed-workload stability run,1,1,714,realtime-chat,100,poisson,5339,5235,104,,not_applicable
30-minute mixed-workload stability run,1,1,715,realtime-chat,100,poisson,5350,5260,90,,not_applicable
30-minute mixed-workload stability run,1,1,716,realtime-chat,100,poisson,5371,5288,83,,not_applicable
30-minute mixed-workload stability run,1,1,717,realtime-chat,100,poisson,5385,5297,88,,not_applicable
30-minute mixed-workload stability run,1,1,718,realtime-chat,100,poisson,5397,5313,84,,not_applicable
30-minute mixed-workload stability run,1,1,719,realtime-chat,100,poisson,5407,5319,88,,not_applicable
30-minute mixed-workload stability run,1,1,720,realtime-chat,100,poisson,5416,5326,90,,not_applicable
30-minute mixed-workload stability run,1,1,721,realtime-chat,100,poisson,5422,5365,57,,not_applicable
30-minute mixed-workload stability run,1,1,722,realtime-chat,100,poisson,5430,5407,23,,not_applicable
30-minute mixed-workload stability run,1,1,723,realtime-chat,100,poisson,5438,5421,17,,not_applicable
30-minute mixed-workload stability run,1,1,724,realtime-chat,100,poisson,5441,5432,9,,not_applicable
30-minute mixed-workload stability run,1,1,725,realtime-chat,100,poisson,5443,5440,3,,not_applicable
30-minute mixed-workload stability run,1,1,726,realtime-chat,100,poisson,5444,5443,1,,not_applicable
30-minute mixed-workload stability run,1,1,727,realtime-chat,100,poisson,5450,5446,4,,not_applicable
30-minute mixed-workload stability run,1,1,728,realtime-chat,100,poisson,5454,5451,3,,not_applicable
30-minute mixed-workload stability run,1,1,729,realtime-chat,100,poisson,5459,5455,4,,not_applicable
30-minute mixed-workload stability run,1,1,730,realtime-chat,100,poisson,5465,5461,4,,not_applicable
30-minute mixed-workload stability run,1,1,731,realtime-chat,100,poisson,5467,5467,0,,not_applicable
30-minute mixed-workload stability run,1,1,732,realtime-chat,100,poisson,5470,5468,2,,not_applicable
30-minute mixed-workload stability run,1,1,733,realtime-chat,100,poisson,5475,5470,5,,not_applicable
30-minute mixed-workload stability run,1,1,734,realtime-chat,100,poisson,5476,5475,1,,not_applicable
30-minute mixed-workload stability run,1,1,735,realtime-chat,100,poisson,5479,5476,3,,not_applicable
30-minute mixed-workload stability run,1,1,736,realtime-chat,100,poisson,5485,5479,6,,not_applicable
30-minute mixed-workload stability run,1,1,737,realtime-chat,100,poisson,5486,5485,1,,not_applicable
30-minute mixed-workload stability run,1,1,738,realtime-chat,100,poisson,5489,5486,3,,not_applicable
30-minute mixed-workload stability run,1,1,739,realtime-chat,100,poisson,5491,5490,1,,not_applicable
30-minute mixed-workload stability run,1,1,740,realtime-chat,100,poisson,5495,5491,4,,not_applicable
30-minute mixed-workload stability run,1,1,741,realtime-chat,100,poisson,5495,5495,0,,not_applicable
30-minute mixed-workload stability run,1,1,742,realtime-chat,100,poisson,5500,5495,5,,not_applicable
30-minute mixed-workload stability run,1,1,743,realtime-chat,100,poisson,5506,5495,11,,not_applicable
30-minute mixed-workload stability run,1,1,744,realtime-chat,100,poisson,5510,5503,7,,not_applicable
30-minute mixed-workload stability run,1,1,745,realtime-chat,100,poisson,5514,5508,6,,not_applicable
30-minute mixed-workload stability run,1,1,746,realtime-chat,100,poisson,5517,5514,3,,not_applicable
30-minute mixed-workload stability run,1,1,747,realtime-chat,100,poisson,5519,5517,2,,not_applicable
30-minute mixed-workload stability run,1,1,748,realtime-chat,100,poisson,5525,5519,6,,not_applicable
30-minute mixed-workload stability run,1,1,749,realtime-chat,100,poisson,5528,5525,3,,not_applicable
30-minute mixed-workload stability run,1,1,750,realtime-chat,100,poisson,5532,5528,4,,not_applicable
30-minute mixed-workload stability run,1,1,751,realtime-chat,100,poisson,5534,5532,2,,not_applicable
30-minute mixed-workload stability run,1,1,752,realtime-chat,100,poisson,5538,5534,4,,not_applicable
30-minute mixed-workload stability run,1,1,753,realtime-chat,100,poisson,5540,5539,1,,not_applicable
30-minute mixed-workload stability run,1,1,754,realtime-chat,100,poisson,5544,5542,2,,not_applicable
30-minute mixed-workload stability run,1,1,755,realtime-chat,100,poisson,5545,5545,0,,not_applicable
30-minute mixed-workload stability run,1,1,756,realtime-chat,100,poisson,5550,5548,2,,not_applicable
30-minute mixed-workload stability run,1,1,757,realtime-chat,100,poisson,5550,5550,0,,not_applicable
30-minute mixed-workload stability run,1,1,758,realtime-chat,100,poisson,5554,5553,1,,not_applicable
30-minute mixed-workload stability run,1,1,759,realtime-chat,100,poisson,5556,5554,2,,not_applicable
30-minute mixed-workload stability run,1,1,760,realtime-chat,100,poisson,5556,5556,0,,not_applicable
30-minute mixed-workload stability run,1,1,761,realtime-chat,100,poisson,5557,5556,1,,not_applicable
30-minute mixed-workload stability run,1,1,762,realtime-chat,100,poisson,5560,5557,3,,not_applicable
30-minute mixed-workload stability run,1,1,763,realtime-chat,100,poisson,5564,5560,4,,not_applicable
30-minute mixed-workload stability run,1,1,764,realtime-chat,100,poisson,5567,5564,3,,not_applicable
30-minute mixed-workload stability run,1,1,765,realtime-chat,100,poisson,5570,5568,2,,not_applicable
30-minute mixed-workload stability run,1,1,766,realtime-chat,100,poisson,5577,5570,7,,not_applicable
30-minute mixed-workload stability run,1,1,767,realtime-chat,100,poisson,5580,5578,2,,not_applicable
30-minute mixed-workload stability run,1,1,768,realtime-chat,100,poisson,5584,5580,4,,not_applicable
30-minute mixed-workload stability run,1,1,769,realtime-chat,100,poisson,5587,5586,1,,not_applicable
30-minute mixed-workload stability run,1,1,770,realtime-chat,100,poisson,5591,5588,3,,not_applicable
30-minute mixed-workload stability run,1,1,771,realtime-chat,100,poisson,5593,5591,2,,not_applicable
30-minute mixed-workload stability run,1,1,772,realtime-chat,100,poisson,5598,5595,3,,not_applicable
30-minute mixed-workload stability run,1,1,773,realtime-chat,100,poisson,5604,5598,6,,not_applicable
30-minute mixed-workload stability run,1,1,774,realtime-chat,100,poisson,5606,5604,2,,not_applicable
30-minute mixed-workload stability run,1,1,775,realtime-chat,100,poisson,5607,5606,1,,not_applicable
30-minute mixed-workload stability run,1,1,776,realtime-chat,100,poisson,5612,5607,5,,not_applicable
30-minute mixed-workload stability run,1,1,777,realtime-chat,100,poisson,5617,5613,4,,not_applicable
30-minute mixed-workload stability run,1,1,778,realtime-chat,100,poisson,5621,5619,2,,not_applicable
30-minute mixed-workload stability run,1,1,779,realtime-chat,100,poisson,5623,5622,1,,not_applicable
30-minute mixed-workload stability run,1,1,780,realtime-chat,100,poisson,5626,5624,2,,not_applicable
30-minute mixed-workload stability run,1,1,781,realtime-chat,100,poisson,5627,5626,1,,not_applicable
30-minute mixed-workload stability run,1,1,782,realtime-chat,100,poisson,5629,5628,1,,not_applicable
30-minute mixed-workload stability run,1,1,783,realtime-chat,100,poisson,5629,5629,0,,not_applicable
30-minute mixed-workload stability run,1,1,784,realtime-chat,100,poisson,5632,5630,2,,not_applicable
30-minute mixed-workload stability run,1,1,785,realtime-chat,100,poisson,5635,5633,2,,not_applicable
30-minute mixed-workload stability run,1,1,786,realtime-chat,100,poisson,5638,5637,1,,not_applicable
30-minute mixed-workload stability run,1,1,787,realtime-chat,100,poisson,5641,5640,1,,not_applicable
30-minute mixed-workload stability run,1,1,788,realtime-chat,100,poisson,5646,5643,3,,not_applicable
30-minute mixed-workload stability run,1,1,789,realtime-chat,100,poisson,5648,5646,2,,not_applicable
30-minute mixed-workload stability run,1,1,790,realtime-chat,100,poisson,5655,5648,7,,not_applicable
30-minute mixed-workload stability run,1,1,791,realtime-chat,100,poisson,5659,5656,3,,not_applicable
30-minute mixed-workload stability run,1,1,792,realtime-chat,100,poisson,5662,5660,2,,not_applicable
30-minute mixed-workload stability run,1,1,793,realtime-chat,100,poisson,5664,5662,2,,not_applicable
30-minute mixed-workload stability run,1,1,794,realtime-chat,100,poisson,5666,5665,1,,not_applicable
30-minute mixed-workload stability run,1,1,795,realtime-chat,100,poisson,5673,5665,8,,not_applicable
30-minute mixed-workload stability run,1,1,796,realtime-chat,100,poisson,5678,5669,9,,not_applicable
30-minute mixed-workload stability run,1,1,797,realtime-chat,100,poisson,5680,5678,2,,not_applicable
30-minute mixed-workload stability run,1,1,798,realtime-chat,100,poisson,5683,5680,3,,not_applicable
30-minute mixed-workload stability run,1,1,799,realtime-chat,100,poisson,5687,5684,3,,not_applicable
30-minute mixed-workload stability run,1,1,800,realtime-chat,100,poisson,5692,5687,5,,not_applicable
30-minute mixed-workload stability run,1,1,801,realtime-chat,100,poisson,5698,5689,9,,not_applicable
30-minute mixed-workload stability run,1,1,802,realtime-chat,100,poisson,5703,5698,5,,not_applicable
30-minute mixed-workload stability run,1,1,803,realtime-chat,100,poisson,5705,5703,2,,not_applicable
30-minute mixed-workload stability run,1,1,804,realtime-chat,100,poisson,5707,5706,1,,not_applicable
30-minute mixed-workload stability run,1,1,805,realtime-chat,100,poisson,5707,5707,0,,not_applicable
30-minute mixed-workload stability run,1,1,806,realtime-chat,100,poisson,5708,5708,0,,not_applicable
30-minute mixed-workload stability run,1,1,807,realtime-chat,100,poisson,5710,5709,1,,not_applicable
30-minute mixed-workload stability run,1,1,808,realtime-chat,100,poisson,5714,5710,4,,not_applicable
30-minute mixed-workload stability run,1,1,809,realtime-chat,100,poisson,5716,5714,2,,not_applicable
30-minute mixed-workload stability run,1,1,810,realtime-chat,100,poisson,5721,5716,5,,not_applicable
30-minute mixed-workload stability run,1,1,811,realtime-chat,100,poisson,5721,5721,0,,not_applicable
30-minute mixed-workload stability run,1,1,812,realtime-chat,100,poisson,5726,5722,4,,not_applicable
30-minute mixed-workload stability run,1,1,813,realtime-chat,100,poisson,5728,5726,2,,not_applicable
30-minute mixed-workload stability run,1,1,814,realtime-chat,100,poisson,5730,5729,1,,not_applicable
30-minute mixed-workload stability run,1,1,815,realtime-chat,100,poisson,5732,5730,2,,not_applicable
30-minute mixed-workload stability run,1,1,816,realtime-chat,100,poisson,5734,5732,2,,not_applicable
30-minute mixed-workload stability run,1,1,817,realtime-chat,100,poisson,5740,5735,5,,not_applicable
30-minute mixed-workload stability run,1,1,818,realtime-chat,100,poisson,5741,5740,1,,not_applicable
30-minute mixed-workload stability run,1,1,819,realtime-chat,100,poisson,5742,5741,1,,not_applicable
30-minute mixed-workload stability run,1,1,820,realtime-chat,100,poisson,5745,5744,1,,not_applicable
30-minute mixed-workload stability run,1,1,821,realtime-chat,100,poisson,5746,5745,1,,not_applicable
30-minute mixed-workload stability run,1,1,822,realtime-chat,100,poisson,5747,5746,1,,not_applicable
30-minute mixed-workload stability run,1,1,823,realtime-chat,100,poisson,5751,5748,3,,not_applicable
30-minute mixed-workload stability run,1,1,824,realtime-chat,100,poisson,5756,5753,3,,not_applicable
30-minute mixed-workload stability run,1,1,825,realtime-chat,100,poisson,5760,5757,3,,not_applicable
30-minute mixed-workload stability run,1,1,826,realtime-chat,100,poisson,5765,5761,4,,not_applicable
30-minute mixed-workload stability run,1,1,827,realtime-chat,100,poisson,5767,5767,0,,not_applicable
30-minute mixed-workload stability run,1,1,828,realtime-chat,100,poisson,5768,5767,1,,not_applicable
30-minute mixed-workload stability run,1,1,829,realtime-chat,100,poisson,5769,5768,1,,not_applicable
30-minute mixed-workload stability run,1,1,830,realtime-chat,100,poisson,5772,5770,2,,not_applicable
30-minute mixed-workload stability run,1,1,831,realtime-chat,100,poisson,5775,5773,2,,not_applicable
30-minute mixed-workload stability run,1,1,832,realtime-chat,100,poisson,5778,5775,3,,not_applicable
30-minute mixed-workload stability run,1,1,833,realtime-chat,100,poisson,5783,5780,3,,not_applicable
30-minute mixed-workload stability run,1,1,834,realtime-chat,100,poisson,5785,5783,2,,not_applicable
30-minute mixed-workload stability run,1,1,835,realtime-chat,100,poisson,5787,5785,2,,not_applicable
30-minute mixed-workload stability run,1,1,836,realtime-chat,100,poisson,5790,5787,3,,not_applicable
30-minute mixed-workload stability run,1,1,837,realtime-chat,100,poisson,5794,5790,4,,not_applicable
30-minute mixed-workload stability run,1,1,838,realtime-chat,100,poisson,5797,5795,2,,not_applicable
30-minute mixed-workload stability run,1,1,839,realtime-chat,100,poisson,5805,5797,8,,not_applicable
30-minute mixed-workload stability run,1,1,840,realtime-chat,100,poisson,5809,5806,3,,not_applicable
30-minute mixed-workload stability run,1,1,841,realtime-chat,100,poisson,5815,5809,6,,not_applicable
30-minute mixed-workload stability run,1,1,842,realtime-chat,100,poisson,5819,5814,5,,not_applicable
30-minute mixed-workload stability run,1,1,843,realtime-chat,100,poisson,5822,5820,2,,not_applicable
30-minute mixed-workload stability run,1,1,844,realtime-chat,100,poisson,5826,5822,4,,not_applicable
30-minute mixed-workload stability run,1,1,845,realtime-chat,100,poisson,5827,5827,0,,not_applicable
30-minute mixed-workload stability run,1,1,846,realtime-chat,100,poisson,5831,5828,3,,not_applicable
30-minute mixed-workload stability run,1,1,847,realtime-chat,100,poisson,5834,5833,1,,not_applicable
30-minute mixed-workload stability run,1,1,848,realtime-chat,100,poisson,5837,5835,2,,not_applicable
30-minute mixed-workload stability run,1,1,849,realtime-chat,100,poisson,5838,5837,1,,not_applicable
30-minute mixed-workload stability run,1,1,850,realtime-chat,100,poisson,5838,5838,0,,not_applicable
30-minute mixed-workload stability run,1,1,851,realtime-chat,100,poisson,5842,5838,4,,not_applicable
30-minute mixed-workload stability run,1,1,852,realtime-chat,100,poisson,5843,5843,0,,not_applicable
30-minute mixed-workload stability run,1,1,853,realtime-chat,100,poisson,5845,5843,2,,not_applicable
30-minute mixed-workload stability run,1,1,854,realtime-chat,100,poisson,5845,5845,0,,not_applicable
30-minute mixed-workload stability run,1,1,855,realtime-chat,100,poisson,5847,5845,2,,not_applicable
30-minute mixed-workload stability run,1,1,856,realtime-chat,100,poisson,5847,5847,0,,not_applicable
30-minute mixed-workload stability run,1,1,857,realtime-chat,100,poisson,5851,5847,4,,not_applicable
30-minute mixed-workload stability run,1,1,858,realtime-chat,100,poisson,5854,5851,3,,not_applicable
30-minute mixed-workload stability run,1,1,859,realtime-chat,100,poisson,5857,5854,3,,not_applicable
30-minute mixed-workload stability run,1,1,860,realtime-chat,100,poisson,5861,5859,2,,not_applicable
30-minute mixed-workload stability run,1,1,861,realtime-chat,100,poisson,5865,5861,4,,not_applicable
30-minute mixed-workload stability run,1,1,862,realtime-chat,100,poisson,5867,5865,2,,not_applicable
30-minute mixed-workload stability run,1,1,863,realtime-chat,100,poisson,5871,5869,2,,not_applicable
30-minute mixed-workload stability run,1,1,864,realtime-chat,100,poisson,5874,5871,3,,not_applicable
30-minute mixed-workload stability run,1,1,865,realtime-chat,100,poisson,5878,5873,5,,not_applicable
30-minute mixed-workload stability run,1,1,866,realtime-chat,100,poisson,5879,5879,0,,not_applicable
30-minute mixed-workload stability run,1,1,867,realtime-chat,100,poisson,5883,5879,4,,not_applicable
30-minute mixed-workload stability run,1,1,868,realtime-chat,100,poisson,5884,5881,3,,not_applicable
30-minute mixed-workload stability run,1,1,869,realtime-chat,100,poisson,5890,5884,6,,not_applicable
30-minute mixed-workload stability run,1,1,870,realtime-chat,100,poisson,5894,5890,4,,not_applicable
30-minute mixed-workload stability run,1,1,871,realtime-chat,100,poisson,5895,5894,1,,not_applicable
30-minute mixed-workload stability run,1,1,872,realtime-chat,100,poisson,5898,5896,2,,not_applicable
30-minute mixed-workload stability run,1,1,873,realtime-chat,100,poisson,5905,5898,7,,not_applicable
30-minute mixed-workload stability run,1,1,874,realtime-chat,100,poisson,5908,5905,3,,not_applicable
30-minute mixed-workload stability run,1,1,875,realtime-chat,100,poisson,5911,5908,3,,not_applicable
30-minute mixed-workload stability run,1,1,876,realtime-chat,100,poisson,5913,5911,2,,not_applicable
30-minute mixed-workload stability run,1,1,877,realtime-chat,100,poisson,5915,5914,1,,not_applicable
30-minute mixed-workload stability run,1,1,878,realtime-chat,100,poisson,5917,5915,2,,not_applicable
30-minute mixed-workload stability run,1,1,879,realtime-chat,100,poisson,5922,5919,3,,not_applicable
30-minute mixed-workload stability run,1,1,880,realtime-chat,100,poisson,5925,5922,3,,not_applicable
30-minute mixed-workload stability run,1,1,881,realtime-chat,100,poisson,5928,5926,2,,not_applicable
30-minute mixed-workload stability run,1,1,882,realtime-chat,100,poisson,5934,5929,5,,not_applicable
30-minute mixed-workload stability run,1,1,883,realtime-chat,100,poisson,5937,5935,2,,not_applicable
30-minute mixed-workload stability run,1,1,884,realtime-chat,100,poisson,5943,5937,6,,not_applicable
30-minute mixed-workload stability run,1,1,885,realtime-chat,100,poisson,5948,5945,3,,not_applicable
30-minute mixed-workload stability run,1,1,886,realtime-chat,100,poisson,5950,5949,1,,not_applicable
30-minute mixed-workload stability run,1,1,887,realtime-chat,100,poisson,5955,5950,5,,not_applicable
30-minute mixed-workload stability run,1,1,888,realtime-chat,100,poisson,5958,5955,3,,not_applicable
30-minute mixed-workload stability run,1,1,889,realtime-chat,100,poisson,5960,5958,2,,not_applicable
30-minute mixed-workload stability run,1,1,890,realtime-chat,100,poisson,5961,5960,1,,not_applicable
30-minute mixed-workload stability run,1,1,891,realtime-chat,100,poisson,5969,5961,8,,not_applicable
30-minute mixed-workload stability run,1,1,892,realtime-chat,100,poisson,5976,5967,9,,not_applicable
30-minute mixed-workload stability run,1,1,893,realtime-chat,100,poisson,5980,5976,4,,not_applicable
30-minute mixed-workload stability run,1,1,894,realtime-chat,100,poisson,5981,5980,1,,not_applicable
30-minute mixed-workload stability run,1,1,895,realtime-chat,100,poisson,5987,5981,6,,not_applicable
30-minute mixed-workload stability run,1,1,896,realtime-chat,100,poisson,5989,5987,2,,not_applicable
30-minute mixed-workload stability run,1,1,897,realtime-chat,100,poisson,5992,5989,3,,not_applicable
30-minute mixed-workload stability run,1,1,898,realtime-chat,100,poisson,5992,5992,0,,not_applicable
30-minute mixed-workload stability run,1,1,899,realtime-chat,100,poisson,5993,5992,1,,not_applicable
30-minute mixed-workload stability run,1,1,900,realtime-chat,100,poisson,5994,5993,1,,not_applicable
30-minute mixed-workload stability run,1,1,901,realtime-chat,100,poisson,5995,5994,1,,not_applicable
30-minute mixed-workload stability run,1,1,902,realtime-chat,100,poisson,5996,5995,1,,not_applicable
30-minute mixed-workload stability run,1,1,903,realtime-chat,100,poisson,5998,5996,2,,not_applicable
30-minute mixed-workload stability run,1,1,904,realtime-chat,100,poisson,6001,5997,4,,not_applicable
30-minute mixed-workload stability run,1,1,905,realtime-chat,100,poisson,6002,6002,0,,not_applicable
30-minute mixed-workload stability run,1,1,906,realtime-chat,100,poisson,6007,6002,5,,not_applicable
30-minute mixed-workload stability run,1,1,907,realtime-chat,100,poisson,6011,6005,6,,not_applicable
30-minute mixed-workload stability run,1,1,908,realtime-chat,100,poisson,6021,6009,12,,not_applicable
30-minute mixed-workload stability run,1,1,909,realtime-chat,100,poisson,6028,6011,17,,not_applicable
30-minute mixed-workload stability run,1,1,910,realtime-chat,100,poisson,6038,6021,17,,not_applicable
30-minute mixed-workload stability run,1,1,911,realtime-chat,100,poisson,6046,6028,18,,not_applicable
30-minute mixed-workload stability run,1,1,912,realtime-chat,100,poisson,6050,6037,13,,not_applicable
30-minute mixed-workload stability run,1,1,913,realtime-chat,100,poisson,6053,6049,4,,not_applicable
30-minute mixed-workload stability run,1,1,914,realtime-chat,100,poisson,6062,6051,11,,not_applicable
30-minute mixed-workload stability run,1,1,915,realtime-chat,100,poisson,6072,6054,18,,not_applicable
30-minute mixed-workload stability run,1,1,916,realtime-chat,100,poisson,6082,6057,25,,not_applicable
30-minute mixed-workload stability run,1,1,917,realtime-chat,100,poisson,6090,6068,22,,not_applicable
30-minute mixed-workload stability run,1,1,918,realtime-chat,100,poisson,6104,6077,27,,not_applicable
30-minute mixed-workload stability run,1,1,919,realtime-chat,100,poisson,6115,6087,28,,not_applicable
30-minute mixed-workload stability run,1,1,920,realtime-chat,100,poisson,6122,6099,23,,not_applicable
30-minute mixed-workload stability run,1,1,921,realtime-chat,100,poisson,6129,6104,25,,not_applicable
30-minute mixed-workload stability run,1,1,922,realtime-chat,100,poisson,6134,6104,30,,not_applicable
30-minute mixed-workload stability run,1,1,923,realtime-chat,100,poisson,6141,6108,33,,not_applicable
30-minute mixed-workload stability run,1,1,924,realtime-chat,100,poisson,6153,6116,37,,not_applicable
30-minute mixed-workload stability run,1,1,925,realtime-chat,100,poisson,6163,6120,43,,not_applicable
30-minute mixed-workload stability run,1,1,926,realtime-chat,100,poisson,6174,6141,33,,not_applicable
30-minute mixed-workload stability run,1,1,927,realtime-chat,100,poisson,6180,6157,23,,not_applicable
30-minute mixed-workload stability run,1,1,928,realtime-chat,100,poisson,6191,6161,30,,not_applicable
30-minute mixed-workload stability run,1,1,929,realtime-chat,100,poisson,6196,6161,35,,not_applicable
30-minute mixed-workload stability run,1,1,930,realtime-chat,100,poisson,6209,6161,48,,not_applicable
30-minute mixed-workload stability run,1,1,931,realtime-chat,100,poisson,6218,6162,56,,not_applicable
30-minute mixed-workload stability run,1,1,932,realtime-chat,100,poisson,6224,6162,62,,not_applicable
30-minute mixed-workload stability run,1,1,933,realtime-chat,100,poisson,6235,6163,72,,not_applicable
30-minute mixed-workload stability run,1,1,934,realtime-chat,100,poisson,6245,6168,77,,not_applicable
30-minute mixed-workload stability run,1,1,935,realtime-chat,100,poisson,6255,6176,79,,not_applicable
30-minute mixed-workload stability run,1,1,936,realtime-chat,100,poisson,6265,6213,52,,not_applicable
30-minute mixed-workload stability run,1,1,937,realtime-chat,100,poisson,6276,6249,27,,not_applicable
30-minute mixed-workload stability run,1,1,938,realtime-chat,100,poisson,6287,6265,22,,not_applicable
30-minute mixed-workload stability run,1,1,939,realtime-chat,100,poisson,6305,6268,37,,not_applicable
30-minute mixed-workload stability run,1,1,940,realtime-chat,100,poisson,6319,6279,40,,not_applicable
30-minute mixed-workload stability run,1,1,941,realtime-chat,100,poisson,6330,6284,46,,not_applicable
30-minute mixed-workload stability run,1,1,942,realtime-chat,100,poisson,6342,6297,45,,not_applicable
30-minute mixed-workload stability run,1,1,943,realtime-chat,100,poisson,6346,6319,27,,not_applicable
30-minute mixed-workload stability run,1,1,944,realtime-chat,100,poisson,6357,6342,15,,not_applicable
30-minute mixed-workload stability run,1,1,945,realtime-chat,100,poisson,6366,6346,20,,not_applicable
30-minute mixed-workload stability run,1,1,946,realtime-chat,100,poisson,6375,6353,22,,not_applicable
30-minute mixed-workload stability run,1,1,947,realtime-chat,100,poisson,6385,6366,19,,not_applicable
30-minute mixed-workload stability run,1,1,948,realtime-chat,100,poisson,6397,6372,25,,not_applicable
30-minute mixed-workload stability run,1,1,949,realtime-chat,100,poisson,6403,6381,22,,not_applicable
30-minute mixed-workload stability run,1,1,950,realtime-chat,100,poisson,6415,6393,22,,not_applicable
30-minute mixed-workload stability run,1,1,951,realtime-chat,100,poisson,6423,6393,30,,not_applicable
30-minute mixed-workload stability run,1,1,952,realtime-chat,100,poisson,6431,6394,37,,not_applicable
30-minute mixed-workload stability run,1,1,953,realtime-chat,100,poisson,6439,6398,41,,not_applicable
30-minute mixed-workload stability run,1,1,954,realtime-chat,100,poisson,6449,6400,49,,not_applicable
30-minute mixed-workload stability run,1,1,955,realtime-chat,100,poisson,6458,6400,58,,not_applicable
30-minute mixed-workload stability run,1,1,956,realtime-chat,100,poisson,6462,6402,60,,not_applicable
30-minute mixed-workload stability run,1,1,957,realtime-chat,100,poisson,6470,6403,67,,not_applicable
30-minute mixed-workload stability run,1,1,958,realtime-chat,100,poisson,6478,6403,75,,not_applicable
30-minute mixed-workload stability run,1,1,959,realtime-chat,100,poisson,6488,6407,81,,not_applicable
30-minute mixed-workload stability run,1,1,960,realtime-chat,100,poisson,6500,6407,93,,not_applicable
30-minute mixed-workload stability run,1,1,961,realtime-chat,100,poisson,6510,6434,76,,not_applicable
30-minute mixed-workload stability run,1,1,962,realtime-chat,100,poisson,6514,6437,77,,not_applicable
30-minute mixed-workload stability run,1,1,963,realtime-chat,100,poisson,6526,6444,82,,not_applicable
30-minute mixed-workload stability run,1,1,964,realtime-chat,100,poisson,6533,6459,74,,not_applicable
30-minute mixed-workload stability run,1,1,965,realtime-chat,100,poisson,6547,6464,83,,not_applicable
30-minute mixed-workload stability run,1,1,966,realtime-chat,100,poisson,6562,6490,72,,not_applicable
30-minute mixed-workload stability run,1,1,967,realtime-chat,100,poisson,6572,6514,58,,not_applicable
30-minute mixed-workload stability run,1,1,968,realtime-chat,100,poisson,6583,6520,63,,not_applicable
30-minute mixed-workload stability run,1,1,969,realtime-chat,100,poisson,6592,6556,36,,not_applicable
30-minute mixed-workload stability run,1,1,970,realtime-chat,100,poisson,6607,6570,37,,not_applicable
30-minute mixed-workload stability run,1,1,971,realtime-chat,100,poisson,6620,6573,47,,not_applicable
30-minute mixed-workload stability run,1,1,972,realtime-chat,100,poisson,6630,6574,56,,not_applicable
30-minute mixed-workload stability run,1,1,973,realtime-chat,100,poisson,6644,6587,57,,not_applicable
30-minute mixed-workload stability run,1,1,974,realtime-chat,100,poisson,6653,6588,65,,not_applicable
30-minute mixed-workload stability run,1,1,975,realtime-chat,100,poisson,6659,6600,59,,not_applicable
30-minute mixed-workload stability run,1,1,976,realtime-chat,100,poisson,6667,6603,64,,not_applicable
30-minute mixed-workload stability run,1,1,977,realtime-chat,100,poisson,6678,6611,67,,not_applicable
30-minute mixed-workload stability run,1,1,978,realtime-chat,100,poisson,6690,6623,67,,not_applicable
30-minute mixed-workload stability run,1,1,979,realtime-chat,100,poisson,6700,6645,55,,not_applicable
30-minute mixed-workload stability run,1,1,980,realtime-chat,100,poisson,6712,6657,55,,not_applicable
30-minute mixed-workload stability run,1,1,981,realtime-chat,100,poisson,6717,6672,45,,not_applicable
30-minute mixed-workload stability run,1,1,982,realtime-chat,100,poisson,6729,6674,55,,not_applicable
30-minute mixed-workload stability run,1,1,983,realtime-chat,100,poisson,6744,6675,69,,not_applicable
30-minute mixed-workload stability run,1,1,984,realtime-chat,100,poisson,6754,6689,65,,not_applicable
30-minute mixed-workload stability run,1,1,985,realtime-chat,100,poisson,6766,6694,72,,not_applicable
30-minute mixed-workload stability run,1,1,986,realtime-chat,100,poisson,6771,6695,76,,not_applicable
30-minute mixed-workload stability run,1,1,987,realtime-chat,100,poisson,6777,6699,78,,not_applicable
30-minute mixed-workload stability run,1,1,988,realtime-chat,100,poisson,6785,6705,80,,not_applicable
30-minute mixed-workload stability run,1,1,989,realtime-chat,100,poisson,6793,6713,80,,not_applicable
30-minute mixed-workload stability run,1,1,990,realtime-chat,100,poisson,6802,6734,68,,not_applicable
30-minute mixed-workload stability run,1,1,991,realtime-chat,100,poisson,6822,6747,75,,not_applicable
30-minute mixed-workload stability run,1,1,992,realtime-chat,100,poisson,6825,6751,74,,not_applicable
30-minute mixed-workload stability run,1,1,993,realtime-chat,100,poisson,6838,6763,75,,not_applicable
30-minute mixed-workload stability run,1,1,994,realtime-chat,100,poisson,6845,6777,68,,not_applicable
30-minute mixed-workload stability run,1,1,995,realtime-chat,100,poisson,6857,6782,75,,not_applicable
30-minute mixed-workload stability run,1,1,996,realtime-chat,100,poisson,6864,6795,69,,not_applicable
30-minute mixed-workload stability run,1,1,997,realtime-chat,100,poisson,6875,6797,78,,not_applicable
30-minute mixed-workload stability run,1,1,998,realtime-chat,100,poisson,6886,6820,66,,not_applicable
30-minute mixed-workload stability run,1,1,999,realtime-chat,100,poisson,6894,6833,61,,not_applicable
30-minute mixed-workload stability run,1,1,1000,realtime-chat,100,poisson,6908,6841,67,,not_applicable
30-minute mixed-workload stability run,1,1,1001,realtime-chat,100,poisson,6919,6849,70,,not_applicable
30-minute mixed-workload stability run,1,1,1002,realtime-chat,100,poisson,6929,6859,70,,not_applicable
30-minute mixed-workload stability run,1,1,1003,realtime-chat,100,poisson,6946,6861,85,,not_applicable
30-minute mixed-workload stability run,1,1,1004,realtime-chat,100,poisson,6956,6885,71,,not_applicable
30-minute mixed-workload stability run,1,1,1005,realtime-chat,100,poisson,6971,6890,81,,not_applicable
30-minute mixed-workload stability run,1,1,1006,realtime-chat,100,poisson,6988,6912,76,,not_applicable
30-minute mixed-workload stability run,1,1,1007,realtime-chat,100,poisson,6998,6922,76,,not_applicable
30-minute mixed-workload stability run,1,1,1008,realtime-chat,100,poisson,7005,6930,75,,not_applicable
30-minute mixed-workload stability run,1,1,1009,realtime-chat,100,poisson,7016,6947,69,,not_applicable
30-minute mixed-workload stability run,1,1,1010,realtime-chat,100,poisson,7024,6956,68,,not_applicable
30-minute mixed-workload stability run,1,1,1011,realtime-chat,100,poisson,7030,6961,69,,not_applicable
30-minute mixed-workload stability run,1,1,1012,realtime-chat,100,poisson,7039,6975,64,,not_applicable
30-minute mixed-workload stability run,1,1,1013,realtime-chat,100,poisson,7048,6985,63,,not_applicable
30-minute mixed-workload stability run,1,1,1014,realtime-chat,100,poisson,7055,7000,55,,not_applicable
30-minute mixed-workload stability run,1,1,1015,realtime-chat,100,poisson,7060,7014,46,,not_applicable
30-minute mixed-workload stability run,1,1,1016,realtime-chat,100,poisson,7061,7042,19,,not_applicable
30-minute mixed-workload stability run,1,1,1017,realtime-chat,100,poisson,7068,7054,14,,not_applicable
30-minute mixed-workload stability run,1,1,1018,realtime-chat,100,poisson,7073,7055,18,,not_applicable
30-minute mixed-workload stability run,1,1,1019,realtime-chat,100,poisson,7082,7064,18,,not_applicable
30-minute mixed-workload stability run,1,1,1020,realtime-chat,100,poisson,7093,7066,27,,not_applicable
30-minute mixed-workload stability run,1,1,1021,realtime-chat,100,poisson,7102,7076,26,,not_applicable
30-minute mixed-workload stability run,1,1,1022,realtime-chat,100,poisson,7107,7078,29,,not_applicable
30-minute mixed-workload stability run,1,1,1023,realtime-chat,100,poisson,7117,7078,39,,not_applicable
30-minute mixed-workload stability run,1,1,1024,realtime-chat,100,poisson,7126,7095,31,,not_applicable
30-minute mixed-workload stability run,1,1,1025,realtime-chat,100,poisson,7135,7096,39,,not_applicable
30-minute mixed-workload stability run,1,1,1026,realtime-chat,100,poisson,7147,7102,45,,not_applicable
30-minute mixed-workload stability run,1,1,1027,realtime-chat,100,poisson,7159,7123,36,,not_applicable
30-minute mixed-workload stability run,1,1,1028,realtime-chat,100,poisson,7173,7132,41,,not_applicable
30-minute mixed-workload stability run,1,1,1029,realtime-chat,100,poisson,7179,7147,32,,not_applicable
30-minute mixed-workload stability run,1,1,1030,realtime-chat,100,poisson,7194,7159,35,,not_applicable
30-minute mixed-workload stability run,1,1,1031,realtime-chat,100,poisson,7204,7179,25,,not_applicable
30-minute mixed-workload stability run,1,1,1032,realtime-chat,100,poisson,7218,7179,39,,not_applicable
30-minute mixed-workload stability run,1,1,1033,realtime-chat,100,poisson,7231,7179,52,,not_applicable
30-minute mixed-workload stability run,1,1,1034,realtime-chat,100,poisson,7244,7179,65,,not_applicable
30-minute mixed-workload stability run,1,1,1035,realtime-chat,100,poisson,7254,7182,72,,not_applicable
30-minute mixed-workload stability run,1,1,1036,realtime-chat,100,poisson,7267,7186,81,,not_applicable
30-minute mixed-workload stability run,1,1,1037,realtime-chat,100,poisson,7280,7199,81,,not_applicable
30-minute mixed-workload stability run,1,1,1038,realtime-chat,100,poisson,7300,7203,97,,not_applicable
30-minute mixed-workload stability run,1,1,1039,realtime-chat,100,poisson,7311,7233,78,,not_applicable
30-minute mixed-workload stability run,1,1,1040,realtime-chat,100,poisson,7319,7267,52,,not_applicable
30-minute mixed-workload stability run,1,1,1041,realtime-chat,100,poisson,7330,7275,55,,not_applicable
30-minute mixed-workload stability run,1,1,1042,realtime-chat,100,poisson,7340,7289,51,,not_applicable
30-minute mixed-workload stability run,1,1,1043,realtime-chat,100,poisson,7348,7310,38,,not_applicable
30-minute mixed-workload stability run,1,1,1044,realtime-chat,100,poisson,7357,7330,27,,not_applicable
30-minute mixed-workload stability run,1,1,1045,realtime-chat,100,poisson,7367,7346,21,,not_applicable
30-minute mixed-workload stability run,1,1,1046,realtime-chat,100,poisson,7380,7355,25,,not_applicable
30-minute mixed-workload stability run,1,1,1047,realtime-chat,100,poisson,7393,7356,37,,not_applicable
30-minute mixed-workload stability run,1,1,1048,realtime-chat,100,poisson,7402,7357,45,,not_applicable
30-minute mixed-workload stability run,1,1,1049,realtime-chat,100,poisson,7415,7361,54,,not_applicable
30-minute mixed-workload stability run,1,1,1050,realtime-chat,100,poisson,7425,7362,63,,not_applicable
30-minute mixed-workload stability run,1,1,1051,realtime-chat,100,poisson,7428,7365,63,,not_applicable
30-minute mixed-workload stability run,1,1,1052,realtime-chat,100,poisson,7441,7365,76,,not_applicable
30-minute mixed-workload stability run,1,1,1053,realtime-chat,100,poisson,7448,7366,82,,not_applicable
30-minute mixed-workload stability run,1,1,1054,realtime-chat,100,poisson,7453,7369,84,,not_applicable
30-minute mixed-workload stability run,1,1,1055,realtime-chat,100,poisson,7465,7376,89,,not_applicable
30-minute mixed-workload stability run,1,1,1056,realtime-chat,100,poisson,7476,7377,99,,not_applicable
30-minute mixed-workload stability run,1,1,1057,realtime-chat,100,poisson,7487,7392,95,,not_applicable
30-minute mixed-workload stability run,1,1,1058,realtime-chat,100,poisson,7496,7423,73,,not_applicable
30-minute mixed-workload stability run,1,1,1059,realtime-chat,100,poisson,7507,7426,81,,not_applicable
30-minute mixed-workload stability run,1,1,1060,realtime-chat,100,poisson,7518,7426,92,,not_applicable
30-minute mixed-workload stability run,1,1,1061,realtime-chat,100,poisson,7528,7441,87,,not_applicable
30-minute mixed-workload stability run,1,1,1062,realtime-chat,100,poisson,7542,7458,84,,not_applicable
30-minute mixed-workload stability run,1,1,1063,realtime-chat,100,poisson,7555,7462,93,,not_applicable
30-minute mixed-workload stability run,1,1,1064,realtime-chat,100,poisson,7566,7492,74,,not_applicable
30-minute mixed-workload stability run,1,1,1065,realtime-chat,100,poisson,7577,7492,85,,not_applicable
30-minute mixed-workload stability run,1,1,1066,realtime-chat,100,poisson,7584,7502,82,,not_applicable
30-minute mixed-workload stability run,1,1,1067,realtime-chat,100,poisson,7600,7524,76,,not_applicable
30-minute mixed-workload stability run,1,1,1068,realtime-chat,100,poisson,7608,7531,77,,not_applicable
30-minute mixed-workload stability run,1,1,1069,realtime-chat,100,poisson,7621,7539,82,,not_applicable
30-minute mixed-workload stability run,1,1,1070,realtime-chat,100,poisson,7633,7548,85,,not_applicable
30-minute mixed-workload stability run,1,1,1071,realtime-chat,100,poisson,7645,7572,73,,not_applicable
30-minute mixed-workload stability run,1,1,1072,realtime-chat,100,poisson,7654,7576,78,,not_applicable
30-minute mixed-workload stability run,1,1,1073,realtime-chat,100,poisson,7658,7583,75,,not_applicable
30-minute mixed-workload stability run,1,1,1074,realtime-chat,100,poisson,7661,7599,62,,not_applicable
30-minute mixed-workload stability run,1,1,1075,realtime-chat,100,poisson,7669,7609,60,,not_applicable
30-minute mixed-workload stability run,1,1,1076,realtime-chat,100,poisson,7677,7625,52,,not_applicable
30-minute mixed-workload stability run,1,1,1077,realtime-chat,100,poisson,7685,7656,29,,not_applicable
30-minute mixed-workload stability run,1,1,1078,realtime-chat,100,poisson,7697,7666,31,,not_applicable
30-minute mixed-workload stability run,1,1,1079,realtime-chat,100,poisson,7701,7676,25,,not_applicable
30-minute mixed-workload stability run,1,1,1080,realtime-chat,100,poisson,7712,7681,31,,not_applicable
30-minute mixed-workload stability run,1,1,1081,realtime-chat,100,poisson,7720,7700,20,,not_applicable
30-minute mixed-workload stability run,1,1,1082,realtime-chat,100,poisson,7729,7700,29,,not_applicable
30-minute mixed-workload stability run,1,1,1083,realtime-chat,100,poisson,7737,7701,36,,not_applicable
30-minute mixed-workload stability run,1,1,1084,realtime-chat,100,poisson,7743,7701,42,,not_applicable
30-minute mixed-workload stability run,1,1,1085,realtime-chat,100,poisson,7752,7712,40,,not_applicable
30-minute mixed-workload stability run,1,1,1086,realtime-chat,100,poisson,7761,7716,45,,not_applicable
30-minute mixed-workload stability run,1,1,1087,realtime-chat,100,poisson,7778,7729,49,,not_applicable
30-minute mixed-workload stability run,1,1,1088,realtime-chat,100,poisson,7792,7743,49,,not_applicable
30-minute mixed-workload stability run,1,1,1089,realtime-chat,100,poisson,7805,7743,62,,not_applicable
30-minute mixed-workload stability run,1,1,1090,realtime-chat,100,poisson,7813,7744,69,,not_applicable
30-minute mixed-workload stability run,1,1,1091,realtime-chat,100,poisson,7820,7750,70,,not_applicable
30-minute mixed-workload stability run,1,1,1092,realtime-chat,100,poisson,7834,7752,82,,not_applicable
30-minute mixed-workload stability run,1,1,1093,realtime-chat,100,poisson,7850,7758,92,,not_applicable
30-minute mixed-workload stability run,1,1,1094,realtime-chat,100,poisson,7858,7779,79,,not_applicable
30-minute mixed-workload stability run,1,1,1095,realtime-chat,100,poisson,7873,7804,69,,not_applicable
30-minute mixed-workload stability run,1,1,1096,realtime-chat,100,poisson,7881,7819,62,,not_applicable
30-minute mixed-workload stability run,1,1,1097,realtime-chat,100,poisson,7891,7820,71,,not_applicable
30-minute mixed-workload stability run,1,1,1098,realtime-chat,100,poisson,7906,7820,86,,not_applicable
30-minute mixed-workload stability run,1,1,1099,realtime-chat,100,poisson,7915,7820,95,,not_applicable
30-minute mixed-workload stability run,1,1,1100,realtime-chat,100,poisson,7924,7841,83,,not_applicable
30-minute mixed-workload stability run,1,1,1101,realtime-chat,100,poisson,7931,7847,84,,not_applicable
30-minute mixed-workload stability run,1,1,1102,realtime-chat,100,poisson,7944,7856,88,,not_applicable
30-minute mixed-workload stability run,1,1,1103,realtime-chat,100,poisson,7950,7867,83,,not_applicable
30-minute mixed-workload stability run,1,1,1104,realtime-chat,100,poisson,7961,7870,91,,not_applicable
30-minute mixed-workload stability run,1,1,1105,realtime-chat,100,poisson,7971,7873,98,,not_applicable
30-minute mixed-workload stability run,1,1,1106,realtime-chat,100,poisson,7978,7888,90,,not_applicable
30-minute mixed-workload stability run,1,1,1107,realtime-chat,100,poisson,7984,7908,76,,not_applicable
30-minute mixed-workload stability run,1,1,1108,realtime-chat,100,poisson,7993,7923,70,,not_applicable
30-minute mixed-workload stability run,1,1,1109,realtime-chat,100,poisson,8009,7939,70,,not_applicable
30-minute mixed-workload stability run,1,1,1110,realtime-chat,100,poisson,8013,7952,61,,not_applicable
30-minute mixed-workload stability run,1,1,1111,realtime-chat,100,poisson,8017,8000,17,,not_applicable
30-minute mixed-workload stability run,1,1,1112,realtime-chat,100,poisson,8026,8010,16,,not_applicable
30-minute mixed-workload stability run,1,1,1113,realtime-chat,100,poisson,8033,8016,17,,not_applicable
30-minute mixed-workload stability run,1,1,1114,realtime-chat,100,poisson,8048,8020,28,,not_applicable
30-minute mixed-workload stability run,1,1,1115,realtime-chat,100,poisson,8058,8031,27,,not_applicable
30-minute mixed-workload stability run,1,1,1116,realtime-chat,100,poisson,8065,8045,20,,not_applicable
30-minute mixed-workload stability run,1,1,1117,realtime-chat,100,poisson,8076,8053,23,,not_applicable
30-minute mixed-workload stability run,1,1,1118,realtime-chat,100,poisson,8092,8059,33,,not_applicable
30-minute mixed-workload stability run,1,1,1119,realtime-chat,100,poisson,8108,8060,48,,not_applicable
30-minute mixed-workload stability run,1,1,1120,realtime-chat,100,poisson,8117,8060,57,,not_applicable
30-minute mixed-workload stability run,1,1,1121,realtime-chat,100,poisson,8125,8065,60,,not_applicable
30-minute mixed-workload stability run,1,1,1122,realtime-chat,100,poisson,8138,8065,73,,not_applicable
30-minute mixed-workload stability run,1,1,1123,realtime-chat,100,poisson,8152,8065,87,,not_applicable
30-minute mixed-workload stability run,1,1,1124,realtime-chat,100,poisson,8167,8073,94,,not_applicable
30-minute mixed-workload stability run,1,1,1125,realtime-chat,100,poisson,8182,8084,98,,not_applicable
30-minute mixed-workload stability run,1,1,1126,realtime-chat,100,poisson,8188,8119,69,,not_applicable
30-minute mixed-workload stability run,1,1,1127,realtime-chat,100,poisson,8197,8122,75,,not_applicable
30-minute mixed-workload stability run,1,1,1128,realtime-chat,100,poisson,8213,8137,76,,not_applicable
30-minute mixed-workload stability run,1,1,1129,realtime-chat,100,poisson,8221,8164,57,,not_applicable
30-minute mixed-workload stability run,1,1,1130,realtime-chat,100,poisson,8234,8173,61,,not_applicable
30-minute mixed-workload stability run,1,1,1131,realtime-chat,100,poisson,8239,8188,51,,not_applicable
30-minute mixed-workload stability run,1,1,1132,realtime-chat,100,poisson,8249,8221,28,,not_applicable
30-minute mixed-workload stability run,1,1,1133,realtime-chat,100,poisson,8256,8224,32,,not_applicable
30-minute mixed-workload stability run,1,1,1134,realtime-chat,100,poisson,8266,8230,36,,not_applicable
30-minute mixed-workload stability run,1,1,1135,realtime-chat,100,poisson,8277,8235,42,,not_applicable
30-minute mixed-workload stability run,1,1,1136,realtime-chat,100,poisson,8286,8235,51,,not_applicable
30-minute mixed-workload stability run,1,1,1137,realtime-chat,100,poisson,8295,8235,60,,not_applicable
30-minute mixed-workload stability run,1,1,1138,realtime-chat,100,poisson,8307,8236,71,,not_applicable
30-minute mixed-workload stability run,1,1,1139,realtime-chat,100,poisson,8316,8239,77,,not_applicable
30-minute mixed-workload stability run,1,1,1140,realtime-chat,100,poisson,8324,8248,76,,not_applicable
30-minute mixed-workload stability run,1,1,1141,realtime-chat,100,poisson,8333,8270,63,,not_applicable
30-minute mixed-workload stability run,1,1,1142,realtime-chat,100,poisson,8342,8278,64,,not_applicable
30-minute mixed-workload stability run,1,1,1143,realtime-chat,100,poisson,8347,8286,61,,not_applicable
30-minute mixed-workload stability run,1,1,1144,realtime-chat,100,poisson,8359,8302,57,,not_applicable
30-minute mixed-workload stability run,1,1,1145,realtime-chat,100,poisson,8370,8305,65,,not_applicable
30-minute mixed-workload stability run,1,1,1146,realtime-chat,100,poisson,8381,8309,72,,not_applicable
30-minute mixed-workload stability run,1,1,1147,realtime-chat,100,poisson,8390,8316,74,,not_applicable
30-minute mixed-workload stability run,1,1,1148,realtime-chat,100,poisson,8396,8331,65,,not_applicable
30-minute mixed-workload stability run,1,1,1149,realtime-chat,100,poisson,8406,8363,43,,not_applicable
30-minute mixed-workload stability run,1,1,1150,realtime-chat,100,poisson,8419,8384,35,,not_applicable
30-minute mixed-workload stability run,1,1,1151,realtime-chat,100,poisson,8431,8387,44,,not_applicable
30-minute mixed-workload stability run,1,1,1152,realtime-chat,100,poisson,8447,8404,43,,not_applicable
30-minute mixed-workload stability run,1,1,1153,realtime-chat,100,poisson,8461,8406,55,,not_applicable
30-minute mixed-workload stability run,1,1,1154,realtime-chat,100,poisson,8469,8406,63,,not_applicable
30-minute mixed-workload stability run,1,1,1155,realtime-chat,100,poisson,8482,8406,76,,not_applicable
30-minute mixed-workload stability run,1,1,1156,realtime-chat,100,poisson,8492,8415,77,,not_applicable
30-minute mixed-workload stability run,1,1,1157,realtime-chat,100,poisson,8500,8436,64,,not_applicable
30-minute mixed-workload stability run,1,1,1158,realtime-chat,100,poisson,8510,8442,68,,not_applicable
30-minute mixed-workload stability run,1,1,1159,realtime-chat,100,poisson,8518,8447,71,,not_applicable
30-minute mixed-workload stability run,1,1,1160,realtime-chat,100,poisson,8531,8448,83,,not_applicable
30-minute mixed-workload stability run,1,1,1161,realtime-chat,100,poisson,8550,8470,80,,not_applicable
30-minute mixed-workload stability run,1,1,1162,realtime-chat,100,poisson,8565,8482,83,,not_applicable
30-minute mixed-workload stability run,1,1,1163,realtime-chat,100,poisson,8574,8491,83,,not_applicable
30-minute mixed-workload stability run,1,1,1164,realtime-chat,100,poisson,8584,8496,88,,not_applicable
30-minute mixed-workload stability run,1,1,1165,realtime-chat,100,poisson,8593,8510,83,,not_applicable
30-minute mixed-workload stability run,1,1,1166,realtime-chat,100,poisson,8603,8516,87,,not_applicable
30-minute mixed-workload stability run,1,1,1167,realtime-chat,100,poisson,8610,8530,80,,not_applicable
30-minute mixed-workload stability run,1,1,1168,realtime-chat,100,poisson,8619,8566,53,,not_applicable
30-minute mixed-workload stability run,1,1,1169,realtime-chat,100,poisson,8631,8572,59,,not_applicable
30-minute mixed-workload stability run,1,1,1170,realtime-chat,100,poisson,8641,8573,68,,not_applicable
30-minute mixed-workload stability run,1,1,1171,realtime-chat,100,poisson,8652,8578,74,,not_applicable
30-minute mixed-workload stability run,1,1,1172,realtime-chat,100,poisson,8662,8618,44,,not_applicable
30-minute mixed-workload stability run,1,1,1173,realtime-chat,100,poisson,8669,8618,51,,not_applicable
30-minute mixed-workload stability run,1,1,1174,realtime-chat,100,poisson,8677,8631,46,,not_applicable
30-minute mixed-workload stability run,1,1,1175,realtime-chat,100,poisson,8682,8659,23,,not_applicable
30-minute mixed-workload stability run,1,1,1176,realtime-chat,100,poisson,8687,8665,22,,not_applicable
30-minute mixed-workload stability run,1,1,1177,realtime-chat,100,poisson,8695,8676,19,,not_applicable
30-minute mixed-workload stability run,1,1,1178,realtime-chat,100,poisson,8704,8677,27,,not_applicable
30-minute mixed-workload stability run,1,1,1179,realtime-chat,100,poisson,8710,8678,32,,not_applicable
30-minute mixed-workload stability run,1,1,1180,realtime-chat,100,poisson,8717,8684,33,,not_applicable
30-minute mixed-workload stability run,1,1,1181,realtime-chat,100,poisson,8727,8695,32,,not_applicable
30-minute mixed-workload stability run,1,1,1182,realtime-chat,100,poisson,8738,8708,30,,not_applicable
30-minute mixed-workload stability run,1,1,1183,realtime-chat,100,poisson,8747,8711,36,,not_applicable
30-minute mixed-workload stability run,1,1,1184,realtime-chat,100,poisson,8759,8712,47,,not_applicable
30-minute mixed-workload stability run,1,1,1185,realtime-chat,100,poisson,8767,8712,55,,not_applicable
30-minute mixed-workload stability run,1,1,1186,realtime-chat,100,poisson,8777,8725,52,,not_applicable
30-minute mixed-workload stability run,1,1,1187,realtime-chat,100,poisson,8792,8727,65,,not_applicable
30-minute mixed-workload stability run,1,1,1188,realtime-chat,100,poisson,8799,8755,44,,not_applicable
30-minute mixed-workload stability run,1,1,1189,realtime-chat,100,poisson,8818,8770,48,,not_applicable
30-minute mixed-workload stability run,1,1,1190,realtime-chat,100,poisson,8828,8781,47,,not_applicable
30-minute mixed-workload stability run,1,1,1191,realtime-chat,100,poisson,8844,8794,50,,not_applicable
30-minute mixed-workload stability run,1,1,1192,realtime-chat,100,poisson,8855,8798,57,,not_applicable
30-minute mixed-workload stability run,1,1,1193,realtime-chat,100,poisson,8871,8819,52,,not_applicable
30-minute mixed-workload stability run,1,1,1194,realtime-chat,100,poisson,8882,8832,50,,not_applicable
30-minute mixed-workload stability run,1,1,1195,realtime-chat,100,poisson,8892,8837,55,,not_applicable
30-minute mixed-workload stability run,1,1,1196,realtime-chat,100,poisson,8903,8857,46,,not_applicable
30-minute mixed-workload stability run,1,1,1197,realtime-chat,100,poisson,8915,8860,55,,not_applicable
30-minute mixed-workload stability run,1,1,1198,realtime-chat,100,poisson,8927,8870,57,,not_applicable
30-minute mixed-workload stability run,1,1,1199,realtime-chat,100,poisson,8935,8875,60,,not_applicable
30-minute mixed-workload stability run,1,1,1200,realtime-chat,100,poisson,8943,8889,54,,not_applicable
30-minute mixed-workload stability run,1,1,1201,realtime-chat,100,poisson,8953,8892,61,,not_applicable
30-minute mixed-workload stability run,1,1,1202,realtime-chat,100,poisson,8963,8896,67,,not_applicable
30-minute mixed-workload stability run,1,1,1203,realtime-chat,100,poisson,8972,8898,74,,not_applicable
30-minute mixed-workload stability run,1,1,1204,realtime-chat,100,poisson,8979,8935,44,,not_applicable
30-minute mixed-workload stability run,1,1,1205,realtime-chat,100,poisson,8983,8960,23,,not_applicable
30-minute mixed-workload stability run,1,1,1206,realtime-chat,100,poisson,8993,8978,15,,not_applicable
30-minute mixed-workload stability run,1,1,1207,realtime-chat,100,poisson,9002,8979,23,,not_applicable
30-minute mixed-workload stability run,1,1,1208,realtime-chat,100,poisson,9013,8983,30,,not_applicable
30-minute mixed-workload stability run,1,1,1209,realtime-chat,100,poisson,9027,8988,39,,not_applicable
30-minute mixed-workload stability run,1,1,1210,realtime-chat,100,poisson,9041,9007,34,,not_applicable
30-minute mixed-workload stability run,1,1,1211,realtime-chat,100,poisson,9052,9015,37,,not_applicable
30-minute mixed-workload stability run,1,1,1212,realtime-chat,100,poisson,9066,9016,50,,not_applicable
30-minute mixed-workload stability run,1,1,1213,realtime-chat,100,poisson,9073,9021,52,,not_applicable
30-minute mixed-workload stability run,1,1,1214,realtime-chat,100,poisson,9083,9026,57,,not_applicable
30-minute mixed-workload stability run,1,1,1215,realtime-chat,100,poisson,9089,9041,48,,not_applicable
30-minute mixed-workload stability run,1,1,1216,realtime-chat,100,poisson,9095,9042,53,,not_applicable
30-minute mixed-workload stability run,1,1,1217,realtime-chat,100,poisson,9112,9045,67,,not_applicable
30-minute mixed-workload stability run,1,1,1218,realtime-chat,100,poisson,9126,9045,81,,not_applicable
30-minute mixed-workload stability run,1,1,1219,realtime-chat,100,poisson,9135,9045,90,,not_applicable
30-minute mixed-workload stability run,1,1,1220,realtime-chat,100,poisson,9145,9062,83,,not_applicable
30-minute mixed-workload stability run,1,1,1221,realtime-chat,100,poisson,9158,9083,75,,not_applicable
30-minute mixed-workload stability run,1,1,1222,realtime-chat,100,poisson,9165,9086,79,,not_applicable
30-minute mixed-workload stability run,1,1,1223,realtime-chat,100,poisson,9177,9091,86,,not_applicable
30-minute mixed-workload stability run,1,1,1224,realtime-chat,100,poisson,9189,9106,83,,not_applicable
30-minute mixed-workload stability run,1,1,1225,realtime-chat,100,poisson,9198,9133,65,,not_applicable
30-minute mixed-workload stability run,1,1,1226,realtime-chat,100,poisson,9206,9163,43,,not_applicable
30-minute mixed-workload stability run,1,1,1227,realtime-chat,100,poisson,9213,9180,33,,not_applicable
30-minute mixed-workload stability run,1,1,1228,realtime-chat,100,poisson,9229,9200,29,,not_applicable
30-minute mixed-workload stability run,1,1,1229,realtime-chat,100,poisson,9237,9206,31,,not_applicable
30-minute mixed-workload stability run,1,1,1230,realtime-chat,100,poisson,9251,9207,44,,not_applicable
30-minute mixed-workload stability run,1,1,1231,realtime-chat,100,poisson,9261,9210,51,,not_applicable
30-minute mixed-workload stability run,1,1,1232,realtime-chat,100,poisson,9269,9226,43,,not_applicable
30-minute mixed-workload stability run,1,1,1233,realtime-chat,100,poisson,9278,9233,45,,not_applicable
30-minute mixed-workload stability run,1,1,1234,realtime-chat,100,poisson,9290,9234,56,,not_applicable
30-minute mixed-workload stability run,1,1,1235,realtime-chat,100,poisson,9301,9262,39,,not_applicable
30-minute mixed-workload stability run,1,1,1236,realtime-chat,100,poisson,9303,9275,28,,not_applicable
30-minute mixed-workload stability run,1,1,1237,realtime-chat,100,poisson,9310,9292,18,,not_applicable
30-minute mixed-workload stability run,1,1,1238,realtime-chat,100,poisson,9322,9292,30,,not_applicable
30-minute mixed-workload stability run,1,1,1239,realtime-chat,100,poisson,9332,9303,29,,not_applicable
30-minute mixed-workload stability run,1,1,1240,realtime-chat,100,poisson,9346,9303,43,,not_applicable
30-minute mixed-workload stability run,1,1,1241,realtime-chat,100,poisson,9361,9305,56,,not_applicable
30-minute mixed-workload stability run,1,1,1242,realtime-chat,100,poisson,9370,9305,65,,not_applicable
30-minute mixed-workload stability run,1,1,1243,realtime-chat,100,poisson,9388,9307,81,,not_applicable
30-minute mixed-workload stability run,1,1,1244,realtime-chat,100,poisson,9394,9308,86,,not_applicable
30-minute mixed-workload stability run,1,1,1245,realtime-chat,100,poisson,9407,9322,85,,not_applicable
30-minute mixed-workload stability run,1,1,1246,realtime-chat,100,poisson,9418,9328,90,,not_applicable
30-minute mixed-workload stability run,1,1,1247,realtime-chat,100,poisson,9433,9333,100,,not_applicable
30-minute mixed-workload stability run,1,1,1248,realtime-chat,100,poisson,9443,9355,88,,not_applicable
30-minute mixed-workload stability run,1,1,1249,realtime-chat,100,poisson,9458,9399,59,,not_applicable
30-minute mixed-workload stability run,1,1,1250,realtime-chat,100,poisson,9472,9401,71,,not_applicable
30-minute mixed-workload stability run,1,1,1251,realtime-chat,100,poisson,9480,9413,67,,not_applicable
30-minute mixed-workload stability run,1,1,1252,realtime-chat,100,poisson,9491,9443,48,,not_applicable
30-minute mixed-workload stability run,1,1,1253,realtime-chat,100,poisson,9509,9446,63,,not_applicable
30-minute mixed-workload stability run,1,1,1254,realtime-chat,100,poisson,9520,9447,73,,not_applicable
30-minute mixed-workload stability run,1,1,1255,realtime-chat,100,poisson,9534,9472,62,,not_applicable
30-minute mixed-workload stability run,1,1,1256,realtime-chat,100,poisson,9544,9478,66,,not_applicable
30-minute mixed-workload stability run,1,1,1257,realtime-chat,100,poisson,9554,9488,66,,not_applicable
30-minute mixed-workload stability run,1,1,1258,realtime-chat,100,poisson,9567,9529,38,,not_applicable
30-minute mixed-workload stability run,1,1,1259,realtime-chat,100,poisson,9576,9542,34,,not_applicable
30-minute mixed-workload stability run,1,1,1260,realtime-chat,100,poisson,9582,9553,29,,not_applicable
30-minute mixed-workload stability run,1,1,1261,realtime-chat,100,poisson,9600,9562,38,,not_applicable
30-minute mixed-workload stability run,1,1,1262,realtime-chat,100,poisson,9606,9563,43,,not_applicable
30-minute mixed-workload stability run,1,1,1263,realtime-chat,100,poisson,9611,9567,44,,not_applicable
30-minute mixed-workload stability run,1,1,1264,realtime-chat,100,poisson,9619,9576,43,,not_applicable
30-minute mixed-workload stability run,1,1,1265,realtime-chat,100,poisson,9627,9579,48,,not_applicable
30-minute mixed-workload stability run,1,1,1266,realtime-chat,100,poisson,9639,9600,39,,not_applicable
30-minute mixed-workload stability run,1,1,1267,realtime-chat,100,poisson,9647,9617,30,,not_applicable
30-minute mixed-workload stability run,1,1,1268,realtime-chat,100,poisson,9657,9618,39,,not_applicable
30-minute mixed-workload stability run,1,1,1269,realtime-chat,100,poisson,9663,9627,36,,not_applicable
30-minute mixed-workload stability run,1,1,1270,realtime-chat,100,poisson,9674,9636,38,,not_applicable
30-minute mixed-workload stability run,1,1,1271,realtime-chat,100,poisson,9679,9639,40,,not_applicable
30-minute mixed-workload stability run,1,1,1272,realtime-chat,100,poisson,9693,9640,53,,not_applicable
30-minute mixed-workload stability run,1,1,1273,realtime-chat,100,poisson,9700,9657,43,,not_applicable
30-minute mixed-workload stability run,1,1,1274,realtime-chat,100,poisson,9709,9660,49,,not_applicable
30-minute mixed-workload stability run,1,1,1275,realtime-chat,100,poisson,9719,9661,58,,not_applicable
30-minute mixed-workload stability run,1,1,1276,realtime-chat,100,poisson,9729,9663,66,,not_applicable
30-minute mixed-workload stability run,1,1,1277,realtime-chat,100,poisson,9741,9670,71,,not_applicable
30-minute mixed-workload stability run,1,1,1278,realtime-chat,100,poisson,9756,9678,78,,not_applicable
30-minute mixed-workload stability run,1,1,1279,realtime-chat,100,poisson,9766,9698,68,,not_applicable
30-minute mixed-workload stability run,1,1,1280,realtime-chat,100,poisson,9776,9734,42,,not_applicable
30-minute mixed-workload stability run,1,1,1281,realtime-chat,100,poisson,9785,9756,29,,not_applicable
30-minute mixed-workload stability run,1,1,1282,realtime-chat,100,poisson,9795,9764,31,,not_applicable
30-minute mixed-workload stability run,1,1,1283,realtime-chat,100,poisson,9807,9766,41,,not_applicable
30-minute mixed-workload stability run,1,1,1284,realtime-chat,100,poisson,9820,9775,45,,not_applicable
30-minute mixed-workload stability run,1,1,1285,realtime-chat,100,poisson,9835,9792,43,,not_applicable
30-minute mixed-workload stability run,1,1,1286,realtime-chat,100,poisson,9844,9806,38,,not_applicable
30-minute mixed-workload stability run,1,1,1287,realtime-chat,100,poisson,9859,9819,40,,not_applicable
30-minute mixed-workload stability run,1,1,1288,realtime-chat,100,poisson,9870,9824,46,,not_applicable
30-minute mixed-workload stability run,1,1,1289,realtime-chat,100,poisson,9880,9837,43,,not_applicable
30-minute mixed-workload stability run,1,1,1290,realtime-chat,100,poisson,9887,9844,43,,not_applicable
30-minute mixed-workload stability run,1,1,1291,realtime-chat,100,poisson,9895,9858,37,,not_applicable
30-minute mixed-workload stability run,1,1,1292,realtime-chat,100,poisson,9905,9860,45,,not_applicable
30-minute mixed-workload stability run,1,1,1293,realtime-chat,100,poisson,9916,9870,46,,not_applicable
30-minute mixed-workload stability run,1,1,1294,realtime-chat,100,poisson,9925,9881,44,,not_applicable
30-minute mixed-workload stability run,1,1,1295,realtime-chat,100,poisson,9940,9884,56,,not_applicable
30-minute mixed-workload stability run,1,1,1296,realtime-chat,100,poisson,9947,9885,62,,not_applicable
30-minute mixed-workload stability run,1,1,1297,realtime-chat,100,poisson,9954,9885,69,,not_applicable
30-minute mixed-workload stability run,1,1,1298,realtime-chat,100,poisson,9966,9888,78,,not_applicable
30-minute mixed-workload stability run,1,1,1299,realtime-chat,100,poisson,9972,9888,84,,not_applicable
30-minute mixed-workload stability run,1,1,1300,realtime-chat,100,poisson,9982,9897,85,,not_applicable
30-minute mixed-workload stability run,1,1,1301,realtime-chat,100,poisson,9985,9922,63,,not_applicable
30-minute mixed-workload stability run,1,1,1302,realtime-chat,100,poisson,9998,9925,73,,not_applicable
30-minute mixed-workload stability run,1,1,1303,realtime-chat,100,poisson,10005,9946,59,,not_applicable
30-minute mixed-workload stability run,1,1,1304,realtime-chat,100,poisson,10016,9979,37,,not_applicable
30-minute mixed-workload stability run,1,1,1305,realtime-chat,100,poisson,10027,9984,43,,not_applicable
30-minute mixed-workload stability run,1,1,1306,realtime-chat,100,poisson,10038,9984,54,,not_applicable
30-minute mixed-workload stability run,1,1,1307,realtime-chat,100,poisson,10044,9985,59,,not_applicable
30-minute mixed-workload stability run,1,1,1308,realtime-chat,100,poisson,10065,9985,80,,not_applicable
30-minute mixed-workload stability run,1,1,1309,realtime-chat,100,poisson,10076,9985,91,,not_applicable
30-minute mixed-workload stability run,1,1,1310,realtime-chat,100,poisson,10093,9987,106,,not_applicable
30-minute mixed-workload stability run,1,1,1311,realtime-chat,100,poisson,10106,10008,98,,not_applicable
30-minute mixed-workload stability run,1,1,1312,realtime-chat,100,poisson,10124,10018,106,,not_applicable
30-minute mixed-workload stability run,1,1,1313,realtime-chat,100,poisson,10135,10040,95,,not_applicable
30-minute mixed-workload stability run,1,1,1314,realtime-chat,100,poisson,10150,10058,92,,not_applicable
30-minute mixed-workload stability run,1,1,1315,realtime-chat,100,poisson,10163,10076,87,,not_applicable
30-minute mixed-workload stability run,1,1,1316,realtime-chat,100,poisson,10178,10095,83,,not_applicable
30-minute mixed-workload stability run,1,1,1317,realtime-chat,100,poisson,10188,10099,89,,not_applicable
30-minute mixed-workload stability run,1,1,1318,realtime-chat,100,poisson,10204,10106,98,,not_applicable
30-minute mixed-workload stability run,1,1,1319,realtime-chat,100,poisson,10209,10132,77,,not_applicable
30-minute mixed-workload stability run,1,1,1320,realtime-chat,100,poisson,10223,10150,73,,not_applicable
30-minute mixed-workload stability run,1,1,1321,realtime-chat,100,poisson,10228,10160,68,,not_applicable
30-minute mixed-workload stability run,1,1,1322,realtime-chat,100,poisson,10229,10169,60,,not_applicable
30-minute mixed-workload stability run,1,1,1323,realtime-chat,100,poisson,10233,10171,62,,not_applicable
30-minute mixed-workload stability run,1,1,1324,realtime-chat,100,poisson,10233,10172,61,,not_applicable
30-minute mixed-workload stability run,1,1,1325,realtime-chat,100,poisson,10236,10178,58,,not_applicable
30-minute mixed-workload stability run,1,1,1326,realtime-chat,100,poisson,10241,10195,46,,not_applicable
30-minute mixed-workload stability run,1,1,1327,realtime-chat,100,poisson,10243,10225,18,,not_applicable
30-minute mixed-workload stability run,1,1,1328,realtime-chat,100,poisson,10248,10236,12,,not_applicable
30-minute mixed-workload stability run,1,1,1329,realtime-chat,100,poisson,10255,10242,13,,not_applicable
30-minute mixed-workload stability run,1,1,1330,realtime-chat,100,poisson,10261,10248,13,,not_applicable
30-minute mixed-workload stability run,1,1,1331,realtime-chat,100,poisson,10262,10260,2,,not_applicable
30-minute mixed-workload stability run,1,1,1332,realtime-chat,100,poisson,10263,10263,0,,not_applicable
30-minute mixed-workload stability run,1,1,1333,realtime-chat,100,poisson,10267,10264,3,,not_applicable
30-minute mixed-workload stability run,1,1,1334,realtime-chat,100,poisson,10270,10267,3,,not_applicable
30-minute mixed-workload stability run,1,1,1335,realtime-chat,100,poisson,10271,10270,1,,not_applicable
30-minute mixed-workload stability run,1,1,1336,realtime-chat,100,poisson,10271,10271,0,,not_applicable
30-minute mixed-workload stability run,1,1,1337,realtime-chat,100,poisson,10275,10272,3,,not_applicable
30-minute mixed-workload stability run,1,1,1338,realtime-chat,100,poisson,10276,10274,2,,not_applicable
30-minute mixed-workload stability run,1,1,1339,realtime-chat,100,poisson,10279,10277,2,,not_applicable
30-minute mixed-workload stability run,1,1,1340,realtime-chat,100,poisson,10281,10279,2,,not_applicable
30-minute mixed-workload stability run,1,1,1341,realtime-chat,100,poisson,10284,10282,2,,not_applicable
30-minute mixed-workload stability run,1,1,1342,realtime-chat,100,poisson,10288,10282,6,,not_applicable
30-minute mixed-workload stability run,1,1,1343,realtime-chat,100,poisson,10292,10288,4,,not_applicable
30-minute mixed-workload stability run,1,1,1344,realtime-chat,100,poisson,10293,10293,0,,not_applicable
30-minute mixed-workload stability run,1,1,1345,realtime-chat,100,poisson,10294,10294,0,,not_applicable
30-minute mixed-workload stability run,1,1,1346,realtime-chat,100,poisson,10300,10294,6,,not_applicable
30-minute mixed-workload stability run,1,1,1347,realtime-chat,100,poisson,10308,10300,8,,not_applicable
30-minute mixed-workload stability run,1,1,1348,realtime-chat,100,poisson,10313,10309,4,,not_applicable
30-minute mixed-workload stability run,1,1,1349,realtime-chat,100,poisson,10317,10313,4,,not_applicable
30-minute mixed-workload stability run,1,1,1350,realtime-chat,100,poisson,10318,10317,1,,not_applicable
30-minute mixed-workload stability run,1,1,1351,realtime-chat,100,poisson,10319,10318,1,,not_applicable
30-minute mixed-workload stability run,1,1,1352,realtime-chat,100,poisson,10321,10320,1,,not_applicable
30-minute mixed-workload stability run,1,1,1353,realtime-chat,100,poisson,10322,10322,0,,not_applicable
30-minute mixed-workload stability run,1,1,1354,realtime-chat,100,poisson,10327,10324,3,,not_applicable
30-minute mixed-workload stability run,1,1,1355,realtime-chat,100,poisson,10332,10327,5,,not_applicable
30-minute mixed-workload stability run,1,1,1356,realtime-chat,100,poisson,10334,10333,1,,not_applicable
30-minute mixed-workload stability run,1,1,1357,realtime-chat,100,poisson,10337,10334,3,,not_applicable
30-minute mixed-workload stability run,1,1,1358,realtime-chat,100,poisson,10339,10337,2,,not_applicable
30-minute mixed-workload stability run,1,1,1359,realtime-chat,100,poisson,10339,10339,0,,not_applicable
30-minute mixed-workload stability run,1,1,1360,realtime-chat,100,poisson,10342,10339,3,,not_applicable
30-minute mixed-workload stability run,1,1,1361,realtime-chat,100,poisson,10345,10342,3,,not_applicable
30-minute mixed-workload stability run,1,1,1362,realtime-chat,100,poisson,10347,10346,1,,not_applicable
30-minute mixed-workload stability run,1,1,1363,realtime-chat,100,poisson,10351,10349,2,,not_applicable
30-minute mixed-workload stability run,1,1,1364,realtime-chat,100,poisson,10354,10351,3,,not_applicable
30-minute mixed-workload stability run,1,1,1365,realtime-chat,100,poisson,10359,10356,3,,not_applicable
30-minute mixed-workload stability run,1,1,1366,realtime-chat,100,poisson,10362,10358,4,,not_applicable
30-minute mixed-workload stability run,1,1,1367,realtime-chat,100,poisson,10364,10362,2,,not_applicable
30-minute mixed-workload stability run,1,1,1368,realtime-chat,100,poisson,10366,10366,0,,not_applicable
30-minute mixed-workload stability run,1,1,1369,realtime-chat,100,poisson,10368,10368,0,,not_applicable
30-minute mixed-workload stability run,1,1,1370,realtime-chat,100,poisson,10370,10368,2,,not_applicable
30-minute mixed-workload stability run,1,1,1371,realtime-chat,100,poisson,10374,10371,3,,not_applicable
30-minute mixed-workload stability run,1,1,1372,realtime-chat,100,poisson,10378,10374,4,,not_applicable
30-minute mixed-workload stability run,1,1,1373,realtime-chat,100,poisson,10383,10378,5,,not_applicable
30-minute mixed-workload stability run,1,1,1374,realtime-chat,100,poisson,10388,10384,4,,not_applicable
30-minute mixed-workload stability run,1,1,1375,realtime-chat,100,poisson,10392,10388,4,,not_applicable
30-minute mixed-workload stability run,1,1,1376,realtime-chat,100,poisson,10397,10392,5,,not_applicable
30-minute mixed-workload stability run,1,1,1377,realtime-chat,100,poisson,10402,10398,4,,not_applicable
30-minute mixed-workload stability run,1,1,1378,realtime-chat,100,poisson,10405,10403,2,,not_applicable
30-minute mixed-workload stability run,1,1,1379,realtime-chat,100,poisson,10408,10405,3,,not_applicable
30-minute mixed-workload stability run,1,1,1380,realtime-chat,100,poisson,10412,10408,4,,not_applicable
30-minute mixed-workload stability run,1,1,1381,realtime-chat,100,poisson,10418,10412,6,,not_applicable
30-minute mixed-workload stability run,1,1,1382,realtime-chat,100,poisson,10423,10418,5,,not_applicable
30-minute mixed-workload stability run,1,1,1383,realtime-chat,100,poisson,10425,10423,2,,not_applicable
30-minute mixed-workload stability run,1,1,1384,realtime-chat,100,poisson,10430,10424,6,,not_applicable
30-minute mixed-workload stability run,1,1,1385,realtime-chat,100,poisson,10434,10430,4,,not_applicable
30-minute mixed-workload stability run,1,1,1386,realtime-chat,100,poisson,10436,10436,0,,not_applicable
30-minute mixed-workload stability run,1,1,1387,realtime-chat,100,poisson,10438,10437,1,,not_applicable
30-minute mixed-workload stability run,1,1,1388,realtime-chat,100,poisson,10440,10439,1,,not_applicable
30-minute mixed-workload stability run,1,1,1389,realtime-chat,100,poisson,10442,10440,2,,not_applicable
30-minute mixed-workload stability run,1,1,1390,realtime-chat,100,poisson,10445,10443,2,,not_applicable
30-minute mixed-workload stability run,1,1,1391,realtime-chat,100,poisson,10446,10445,1,,not_applicable
30-minute mixed-workload stability run,1,1,1392,realtime-chat,100,poisson,10450,10445,5,,not_applicable
30-minute mixed-workload stability run,1,1,1393,realtime-chat,100,poisson,10455,10450,5,,not_applicable
30-minute mixed-workload stability run,1,1,1394,realtime-chat,100,poisson,10456,10455,1,,not_applicable
30-minute mixed-workload stability run,1,1,1395,realtime-chat,100,poisson,10458,10457,1,,not_applicable
30-minute mixed-workload stability run,1,1,1396,realtime-chat,100,poisson,10460,10459,1,,not_applicable
30-minute mixed-workload stability run,1,1,1397,realtime-chat,100,poisson,10464,10460,4,,not_applicable
30-minute mixed-workload stability run,1,1,1398,realtime-chat,100,poisson,10468,10464,4,,not_applicable
30-minute mixed-workload stability run,1,1,1399,realtime-chat,100,poisson,10471,10468,3,,not_applicable
30-minute mixed-workload stability run,1,1,1400,realtime-chat,100,poisson,10475,10472,3,,not_applicable
30-minute mixed-workload stability run,1,1,1401,realtime-chat,100,poisson,10478,10476,2,,not_applicable
30-minute mixed-workload stability run,1,1,1402,realtime-chat,100,poisson,10481,10478,3,,not_applicable
30-minute mixed-workload stability run,1,1,1403,realtime-chat,100,poisson,10483,10482,1,,not_applicable
30-minute mixed-workload stability run,1,1,1404,realtime-chat,100,poisson,10484,10483,1,,not_applicable
30-minute mixed-workload stability run,1,1,1405,realtime-chat,100,poisson,10487,10484,3,,not_applicable
30-minute mixed-workload stability run,1,1,1406,realtime-chat,100,poisson,10490,10489,1,,not_applicable
30-minute mixed-workload stability run,1,1,1407,realtime-chat,100,poisson,10493,10491,2,,not_applicable
30-minute mixed-workload stability run,1,1,1408,realtime-chat,100,poisson,10496,10495,1,,not_applicable
30-minute mixed-workload stability run,1,1,1409,realtime-chat,100,poisson,10499,10497,2,,not_applicable
30-minute mixed-workload stability run,1,1,1410,realtime-chat,100,poisson,10501,10499,2,,not_applicable
30-minute mixed-workload stability run,1,1,1411,realtime-chat,100,poisson,10503,10502,1,,not_applicable
30-minute mixed-workload stability run,1,1,1412,realtime-chat,100,poisson,10505,10503,2,,not_applicable
30-minute mixed-workload stability run,1,1,1413,realtime-chat,100,poisson,10507,10505,2,,not_applicable
30-minute mixed-workload stability run,1,1,1414,realtime-chat,100,poisson,10509,10507,2,,not_applicable
30-minute mixed-workload stability run,1,1,1415,realtime-chat,100,poisson,10511,10510,1,,not_applicable
30-minute mixed-workload stability run,1,1,1416,realtime-chat,100,poisson,10513,10511,2,,not_applicable
30-minute mixed-workload stability run,1,1,1417,realtime-chat,100,poisson,10517,10513,4,,not_applicable
30-minute mixed-workload stability run,1,1,1418,realtime-chat,100,poisson,10520,10518,2,,not_applicable
30-minute mixed-workload stability run,1,1,1419,realtime-chat,100,poisson,10522,10520,2,,not_applicable
30-minute mixed-workload stability run,1,1,1420,realtime-chat,100,poisson,10525,10522,3,,not_applicable
30-minute mixed-workload stability run,1,1,1421,realtime-chat,100,poisson,10531,10523,8,,not_applicable
30-minute mixed-workload stability run,1,1,1422,realtime-chat,100,poisson,10536,10525,11,,not_applicable
30-minute mixed-workload stability run,1,1,1423,realtime-chat,100,poisson,10539,10535,4,,not_applicable
30-minute mixed-workload stability run,1,1,1424,realtime-chat,100,poisson,10541,10539,2,,not_applicable
30-minute mixed-workload stability run,1,1,1425,realtime-chat,100,poisson,10543,10539,4,,not_applicable
30-minute mixed-workload stability run,1,1,1426,realtime-chat,100,poisson,10544,10543,1,,not_applicable
30-minute mixed-workload stability run,1,1,1427,realtime-chat,100,poisson,10547,10545,2,,not_applicable
30-minute mixed-workload stability run,1,1,1428,realtime-chat,100,poisson,10549,10547,2,,not_applicable
30-minute mixed-workload stability run,1,1,1429,realtime-chat,100,poisson,10551,10550,1,,not_applicable
30-minute mixed-workload stability run,1,1,1430,realtime-chat,100,poisson,10556,10554,2,,not_applicable
30-minute mixed-workload stability run,1,1,1431,realtime-chat,100,poisson,10557,10557,0,,not_applicable
30-minute mixed-workload stability run,1,1,1432,realtime-chat,100,poisson,10561,10557,4,,not_applicable
30-minute mixed-workload stability run,1,1,1433,realtime-chat,100,poisson,10564,10561,3,,not_applicable
30-minute mixed-workload stability run,1,1,1434,realtime-chat,100,poisson,10566,10565,1,,not_applicable
30-minute mixed-workload stability run,1,1,1435,realtime-chat,100,poisson,10570,10568,2,,not_applicable
30-minute mixed-workload stability run,1,1,1436,realtime-chat,100,poisson,10575,10570,5,,not_applicable
30-minute mixed-workload stability run,1,1,1437,realtime-chat,100,poisson,10580,10575,5,,not_applicable
30-minute mixed-workload stability run,1,1,1438,realtime-chat,100,poisson,10582,10581,1,,not_applicable
30-minute mixed-workload stability run,1,1,1439,realtime-chat,100,poisson,10589,10582,7,,not_applicable
30-minute mixed-workload stability run,1,1,1440,realtime-chat,100,poisson,10594,10588,6,,not_applicable
30-minute mixed-workload stability run,1,1,1441,realtime-chat,100,poisson,10596,10593,3,,not_applicable
30-minute mixed-workload stability run,1,1,1442,realtime-chat,100,poisson,10598,10597,1,,not_applicable
30-minute mixed-workload stability run,1,1,1443,realtime-chat,100,poisson,10604,10599,5,,not_applicable
30-minute mixed-workload stability run,1,1,1444,realtime-chat,100,poisson,10607,10604,3,,not_applicable
30-minute mixed-workload stability run,1,1,1445,realtime-chat,100,poisson,10607,10607,0,,not_applicable
30-minute mixed-workload stability run,1,1,1446,realtime-chat,100,poisson,10612,10607,5,,not_applicable
30-minute mixed-workload stability run,1,1,1447,realtime-chat,100,poisson,10615,10613,2,,not_applicable
30-minute mixed-workload stability run,1,1,1448,realtime-chat,100,poisson,10618,10615,3,,not_applicable
30-minute mixed-workload stability run,1,1,1449,realtime-chat,100,poisson,10622,10618,4,,not_applicable
30-minute mixed-workload stability run,1,1,1450,realtime-chat,100,poisson,10625,10622,3,,not_applicable
30-minute mixed-workload stability run,1,1,1451,realtime-chat,100,poisson,10626,10625,1,,not_applicable
30-minute mixed-workload stability run,1,1,1452,realtime-chat,100,poisson,10628,10627,1,,not_applicable
30-minute mixed-workload stability run,1,1,1453,realtime-chat,100,poisson,10631,10629,2,,not_applicable
30-minute mixed-workload stability run,1,1,1454,realtime-chat,100,poisson,10632,10631,1,,not_applicable
30-minute mixed-workload stability run,1,1,1455,realtime-chat,100,poisson,10637,10632,5,,not_applicable
30-minute mixed-workload stability run,1,1,1456,realtime-chat,100,poisson,10640,10637,3,,not_applicable
30-minute mixed-workload stability run,1,1,1457,realtime-chat,100,poisson,10641,10641,0,,not_applicable
30-minute mixed-workload stability run,1,1,1458,realtime-chat,100,poisson,10645,10641,4,,not_applicable
30-minute mixed-workload stability run,1,1,1459,realtime-chat,100,poisson,10647,10645,2,,not_applicable
30-minute mixed-workload stability run,1,1,1460,realtime-chat,100,poisson,10649,10647,2,,not_applicable
30-minute mixed-workload stability run,1,1,1461,realtime-chat,100,poisson,10651,10648,3,,not_applicable
30-minute mixed-workload stability run,1,1,1462,realtime-chat,100,poisson,10653,10651,2,,not_applicable
30-minute mixed-workload stability run,1,1,1463,realtime-chat,100,poisson,10658,10654,4,,not_applicable
30-minute mixed-workload stability run,1,1,1464,realtime-chat,100,poisson,10661,10659,2,,not_applicable
30-minute mixed-workload stability run,1,1,1465,realtime-chat,100,poisson,10668,10660,8,,not_applicable
30-minute mixed-workload stability run,1,1,1466,realtime-chat,100,poisson,10677,10668,9,,not_applicable
30-minute mixed-workload stability run,1,1,1467,realtime-chat,100,poisson,10679,10678,1,,not_applicable
30-minute mixed-workload stability run,1,1,1468,realtime-chat,100,poisson,10684,10680,4,,not_applicable
30-minute mixed-workload stability run,1,1,1469,realtime-chat,100,poisson,10685,10684,1,,not_applicable
30-minute mixed-workload stability run,1,1,1470,realtime-chat,100,poisson,10688,10685,3,,not_applicable
30-minute mixed-workload stability run,1,1,1471,realtime-chat,100,poisson,10692,10688,4,,not_applicable
30-minute mixed-workload stability run,1,1,1472,realtime-chat,100,poisson,10696,10693,3,,not_applicable
30-minute mixed-workload stability run,1,1,1473,realtime-chat,100,poisson,10697,10694,3,,not_applicable
30-minute mixed-workload stability run,1,1,1474,realtime-chat,100,poisson,10699,10697,2,,not_applicable
30-minute mixed-workload stability run,1,1,1475,realtime-chat,100,poisson,10700,10700,0,,not_applicable
30-minute mixed-workload stability run,1,1,1476,realtime-chat,100,poisson,10702,10701,1,,not_applicable
30-minute mixed-workload stability run,1,1,1477,realtime-chat,100,poisson,10704,10702,2,,not_applicable
30-minute mixed-workload stability run,1,1,1478,realtime-chat,100,poisson,10707,10704,3,,not_applicable
30-minute mixed-workload stability run,1,1,1479,realtime-chat,100,poisson,10712,10707,5,,not_applicable
30-minute mixed-workload stability run,1,1,1480,realtime-chat,100,poisson,10713,10712,1,,not_applicable
30-minute mixed-workload stability run,1,1,1481,realtime-chat,100,poisson,10713,10713,0,,not_applicable
30-minute mixed-workload stability run,1,1,1482,realtime-chat,100,poisson,10717,10713,4,,not_applicable
30-minute mixed-workload stability run,1,1,1483,realtime-chat,100,poisson,10719,10716,3,,not_applicable
30-minute mixed-workload stability run,1,1,1484,realtime-chat,100,poisson,10721,10721,0,,not_applicable
30-minute mixed-workload stability run,1,1,1485,realtime-chat,100,poisson,10724,10722,2,,not_applicable
30-minute mixed-workload stability run,1,1,1486,realtime-chat,100,poisson,10728,10725,3,,not_applicable
30-minute mixed-workload stability run,1,1,1487,realtime-chat,100,poisson,10728,10728,0,,not_applicable
30-minute mixed-workload stability run,1,1,1488,realtime-chat,100,poisson,10733,10728,5,,not_applicable
30-minute mixed-workload stability run,1,1,1489,realtime-chat,100,poisson,10736,10733,3,,not_applicable
30-minute mixed-workload stability run,1,1,1490,realtime-chat,100,poisson,10739,10735,4,,not_applicable
30-minute mixed-workload stability run,1,1,1491,realtime-chat,100,poisson,10739,10739,0,,not_applicable
30-minute mixed-workload stability run,1,1,1492,realtime-chat,100,poisson,10744,10739,5,,not_applicable
30-minute mixed-workload stability run,1,1,1493,realtime-chat,100,poisson,10750,10744,6,,not_applicable
30-minute mixed-workload stability run,1,1,1494,realtime-chat,100,poisson,10754,10751,3,,not_applicable
30-minute mixed-workload stability run,1,1,1495,realtime-chat,100,poisson,10758,10754,4,,not_applicable
30-minute mixed-workload stability run,1,1,1496,realtime-chat,100,poisson,10761,10758,3,,not_applicable
30-minute mixed-workload stability run,1,1,1497,realtime-chat,100,poisson,10765,10762,3,,not_applicable
30-minute mixed-workload stability run,1,1,1498,realtime-chat,100,poisson,10770,10765,5,,not_applicable
30-minute mixed-workload stability run,1,1,1499,realtime-chat,100,poisson,10770,10770,0,,not_applicable
30-minute mixed-workload stability run,1,1,1500,realtime-chat,100,poisson,10773,10770,3,,not_applicable
30-minute mixed-workload stability run,1,1,1501,realtime-chat,100,poisson,10778,10771,7,,not_applicable
30-minute mixed-workload stability run,1,1,1502,realtime-chat,100,poisson,10783,10775,8,,not_applicable
30-minute mixed-workload stability run,1,1,1503,realtime-chat,100,poisson,10791,10780,11,,not_applicable
30-minute mixed-workload stability run,1,1,1504,realtime-chat,100,poisson,10795,10791,4,,not_applicable
30-minute mixed-workload stability run,1,1,1505,realtime-chat,100,poisson,10802,10794,8,,not_applicable
30-minute mixed-workload stability run,1,1,1506,realtime-chat,100,poisson,10810,10802,8,,not_applicable
30-minute mixed-workload stability run,1,1,1507,realtime-chat,100,poisson,10817,10808,9,,not_applicable
30-minute mixed-workload stability run,1,1,1508,realtime-chat,100,poisson,10820,10818,2,,not_applicable
30-minute mixed-workload stability run,1,1,1509,realtime-chat,100,poisson,10826,10820,6,,not_applicable
30-minute mixed-workload stability run,1,1,1510,realtime-chat,100,poisson,10834,10826,8,,not_applicable
30-minute mixed-workload stability run,1,1,1511,realtime-chat,100,poisson,10839,10830,9,,not_applicable
30-minute mixed-workload stability run,1,1,1512,realtime-chat,100,poisson,10844,10839,5,,not_applicable
30-minute mixed-workload stability run,1,1,1513,realtime-chat,100,poisson,10851,10840,11,,not_applicable
30-minute mixed-workload stability run,1,1,1514,realtime-chat,100,poisson,10857,10852,5,,not_applicable
30-minute mixed-workload stability run,1,1,1515,realtime-chat,100,poisson,10860,10857,3,,not_applicable
30-minute mixed-workload stability run,1,1,1516,realtime-chat,100,poisson,10866,10860,6,,not_applicable
30-minute mixed-workload stability run,1,1,1517,realtime-chat,100,poisson,10872,10863,9,,not_applicable
30-minute mixed-workload stability run,1,1,1518,realtime-chat,100,poisson,10873,10872,1,,not_applicable
30-minute mixed-workload stability run,1,1,1519,realtime-chat,100,poisson,10879,10872,7,,not_applicable
30-minute mixed-workload stability run,1,1,1520,realtime-chat,100,poisson,10882,10875,7,,not_applicable
30-minute mixed-workload stability run,1,1,1521,realtime-chat,100,poisson,10883,10883,0,,not_applicable
30-minute mixed-workload stability run,1,1,1522,realtime-chat,100,poisson,10887,10883,4,,not_applicable
30-minute mixed-workload stability run,1,1,1523,realtime-chat,100,poisson,10892,10887,5,,not_applicable
30-minute mixed-workload stability run,1,1,1524,realtime-chat,100,poisson,10893,10892,1,,not_applicable
30-minute mixed-workload stability run,1,1,1525,realtime-chat,100,poisson,10893,10893,0,,not_applicable
30-minute mixed-workload stability run,1,1,1526,realtime-chat,100,poisson,10893,10893,0,,not_applicable
30-minute mixed-workload stability run,1,1,1527,realtime-chat,100,poisson,10897,10894,3,,not_applicable
30-minute mixed-workload stability run,1,1,1528,realtime-chat,100,poisson,10900,10897,3,,not_applicable
30-minute mixed-workload stability run,1,1,1529,realtime-chat,100,poisson,10900,10900,0,,not_applicable
30-minute mixed-workload stability run,1,1,1530,realtime-chat,100,poisson,10902,10900,2,,not_applicable
30-minute mixed-workload stability run,1,1,1531,realtime-chat,100,poisson,10903,10903,0,,not_applicable
30-minute mixed-workload stability run,1,1,1532,realtime-chat,100,poisson,10906,10904,2,,not_applicable
30-minute mixed-workload stability run,1,1,1533,realtime-chat,100,poisson,10911,10906,5,,not_applicable
30-minute mixed-workload stability run,1,1,1534,realtime-chat,100,poisson,10919,10910,9,,not_applicable
30-minute mixed-workload stability run,1,1,1535,realtime-chat,100,poisson,10920,10920,0,,not_applicable
30-minute mixed-workload stability run,1,1,1536,realtime-chat,100,poisson,10923,10920,3,,not_applicable
30-minute mixed-workload stability run,1,1,1537,realtime-chat,100,poisson,10927,10923,4,,not_applicable
30-minute mixed-workload stability run,1,1,1538,realtime-chat,100,poisson,10933,10928,5,,not_applicable
30-minute mixed-workload stability run,1,1,1539,realtime-chat,100,poisson,10935,10933,2,,not_applicable
30-minute mixed-workload stability run,1,1,1540,realtime-chat,100,poisson,10942,10934,8,,not_applicable
30-minute mixed-workload stability run,1,1,1541,realtime-chat,100,poisson,10946,10939,7,,not_applicable
30-minute mixed-workload stability run,1,1,1542,realtime-chat,100,poisson,10950,10946,4,,not_applicable
30-minute mixed-workload stability run,1,1,1543,realtime-chat,100,poisson,10955,10950,5,,not_applicable
30-minute mixed-workload stability run,1,1,1544,realtime-chat,100,poisson,10963,10954,9,,not_applicable
30-minute mixed-workload stability run,1,1,1545,realtime-chat,100,poisson,10967,10960,7,,not_applicable
30-minute mixed-workload stability run,1,1,1546,realtime-chat,100,poisson,10973,10967,6,,not_applicable
30-minute mixed-workload stability run,1,1,1547,realtime-chat,100,poisson,10975,10973,2,,not_applicable
30-minute mixed-workload stability run,1,1,1548,realtime-chat,100,poisson,10980,10975,5,,not_applicable
30-minute mixed-workload stability run,1,1,1549,realtime-chat,100,poisson,10992,10980,12,,not_applicable
30-minute mixed-workload stability run,1,1,1550,realtime-chat,100,poisson,10997,10989,8,,not_applicable
30-minute mixed-workload stability run,1,1,1551,realtime-chat,100,poisson,11002,10998,4,,not_applicable
30-minute mixed-workload stability run,1,1,1552,realtime-chat,100,poisson,11005,11002,3,,not_applicable
30-minute mixed-workload stability run,1,1,1553,realtime-chat,100,poisson,11007,11006,1,,not_applicable
30-minute mixed-workload stability run,1,1,1554,realtime-chat,100,poisson,11011,11007,4,,not_applicable
30-minute mixed-workload stability run,1,1,1555,realtime-chat,100,poisson,11017,11009,8,,not_applicable
30-minute mixed-workload stability run,1,1,1556,realtime-chat,100,poisson,11019,11019,0,,not_applicable
30-minute mixed-workload stability run,1,1,1557,realtime-chat,100,poisson,11025,11020,5,,not_applicable
30-minute mixed-workload stability run,1,1,1558,realtime-chat,100,poisson,11029,11025,4,,not_applicable
30-minute mixed-workload stability run,1,1,1559,realtime-chat,100,poisson,11033,11029,4,,not_applicable
30-minute mixed-workload stability run,1,1,1560,realtime-chat,100,poisson,11037,11034,3,,not_applicable
30-minute mixed-workload stability run,1,1,1561,realtime-chat,100,poisson,11041,11038,3,,not_applicable
30-minute mixed-workload stability run,1,1,1562,realtime-chat,100,poisson,11046,11041,5,,not_applicable
30-minute mixed-workload stability run,1,1,1563,realtime-chat,100,poisson,11049,11047,2,,not_applicable
30-minute mixed-workload stability run,1,1,1564,realtime-chat,100,poisson,11054,11049,5,,not_applicable
30-minute mixed-workload stability run,1,1,1565,realtime-chat,100,poisson,11058,11054,4,,not_applicable
30-minute mixed-workload stability run,1,1,1566,realtime-chat,100,poisson,11060,11058,2,,not_applicable
30-minute mixed-workload stability run,1,1,1567,realtime-chat,100,poisson,11062,11060,2,,not_applicable
30-minute mixed-workload stability run,1,1,1568,realtime-chat,100,poisson,11063,11062,1,,not_applicable
30-minute mixed-workload stability run,1,1,1569,realtime-chat,100,poisson,11066,11062,4,,not_applicable
30-minute mixed-workload stability run,1,1,1570,realtime-chat,100,poisson,11070,11066,4,,not_applicable
30-minute mixed-workload stability run,1,1,1571,realtime-chat,100,poisson,11075,11068,7,,not_applicable
30-minute mixed-workload stability run,1,1,1572,realtime-chat,100,poisson,11076,11076,0,,not_applicable
30-minute mixed-workload stability run,1,1,1573,realtime-chat,100,poisson,11080,11077,3,,not_applicable
30-minute mixed-workload stability run,1,1,1574,realtime-chat,100,poisson,11084,11080,4,,not_applicable
30-minute mixed-workload stability run,1,1,1575,realtime-chat,100,poisson,11089,11084,5,,not_applicable
30-minute mixed-workload stability run,1,1,1576,realtime-chat,100,poisson,11093,11089,4,,not_applicable
30-minute mixed-workload stability run,1,1,1577,realtime-chat,100,poisson,11099,11093,6,,not_applicable
30-minute mixed-workload stability run,1,1,1578,realtime-chat,100,poisson,11101,11099,2,,not_applicable
30-minute mixed-workload stability run,1,1,1579,realtime-chat,100,poisson,11111,11101,10,,not_applicable
30-minute mixed-workload stability run,1,1,1580,realtime-chat,100,poisson,11118,11102,16,,not_applicable
30-minute mixed-workload stability run,1,1,1581,realtime-chat,100,poisson,11123,11112,11,,not_applicable
30-minute mixed-workload stability run,1,1,1582,realtime-chat,100,poisson,11129,11120,9,,not_applicable
30-minute mixed-workload stability run,1,1,1583,realtime-chat,100,poisson,11132,11129,3,,not_applicable
30-minute mixed-workload stability run,1,1,1584,realtime-chat,100,poisson,11136,11133,3,,not_applicable
30-minute mixed-workload stability run,1,1,1585,realtime-chat,100,poisson,11137,11136,1,,not_applicable
30-minute mixed-workload stability run,1,1,1586,realtime-chat,100,poisson,11141,11137,4,,not_applicable
30-minute mixed-workload stability run,1,1,1587,realtime-chat,100,poisson,11144,11139,5,,not_applicable
30-minute mixed-workload stability run,1,1,1588,realtime-chat,100,poisson,11146,11141,5,,not_applicable
30-minute mixed-workload stability run,1,1,1589,realtime-chat,100,poisson,11151,11145,6,,not_applicable
30-minute mixed-workload stability run,1,1,1590,realtime-chat,100,poisson,11157,11149,8,,not_applicable
30-minute mixed-workload stability run,1,1,1591,realtime-chat,100,poisson,11160,11157,3,,not_applicable
30-minute mixed-workload stability run,1,1,1592,realtime-chat,100,poisson,11167,11159,8,,not_applicable
30-minute mixed-workload stability run,1,1,1593,realtime-chat,100,poisson,11168,11168,0,,not_applicable
30-minute mixed-workload stability run,1,1,1594,realtime-chat,100,poisson,11174,11168,6,,not_applicable
30-minute mixed-workload stability run,1,1,1595,realtime-chat,100,poisson,11177,11171,6,,not_applicable
30-minute mixed-workload stability run,1,1,1596,realtime-chat,100,poisson,11180,11175,5,,not_applicable
30-minute mixed-workload stability run,1,1,1597,realtime-chat,100,poisson,11180,11180,0,,not_applicable
30-minute mixed-workload stability run,1,1,1598,realtime-chat,100,poisson,11184,11180,4,,not_applicable
30-minute mixed-workload stability run,1,1,1599,realtime-chat,100,poisson,11186,11185,1,,not_applicable
30-minute mixed-workload stability run,1,1,1600,realtime-chat,100,poisson,11187,11187,0,,not_applicable
30-minute mixed-workload stability run,1,1,1601,realtime-chat,100,poisson,11192,11191,1,,not_applicable
30-minute mixed-workload stability run,1,1,1602,realtime-chat,100,poisson,11194,11193,1,,not_applicable
30-minute mixed-workload stability run,1,1,1603,realtime-chat,100,poisson,11197,11194,3,,not_applicable
30-minute mixed-workload stability run,1,1,1604,realtime-chat,100,poisson,11199,11197,2,,not_applicable
30-minute mixed-workload stability run,1,1,1605,realtime-chat,100,poisson,11203,11200,3,,not_applicable
30-minute mixed-workload stability run,1,1,1606,realtime-chat,100,poisson,11207,11203,4,,not_applicable
30-minute mixed-workload stability run,1,1,1607,realtime-chat,100,poisson,11207,11207,0,,not_applicable
30-minute mixed-workload stability run,1,1,1608,realtime-chat,100,poisson,11212,11207,5,,not_applicable
30-minute mixed-workload stability run,1,1,1609,realtime-chat,100,poisson,11218,11211,7,,not_applicable
30-minute mixed-workload stability run,1,1,1610,realtime-chat,100,poisson,11220,11213,7,,not_applicable
30-minute mixed-workload stability run,1,1,1611,realtime-chat,100,poisson,11223,11221,2,,not_applicable
30-minute mixed-workload stability run,1,1,1612,realtime-chat,100,poisson,11231,11223,8,,not_applicable
30-minute mixed-workload stability run,1,1,1613,realtime-chat,100,poisson,11235,11231,4,,not_applicable
30-minute mixed-workload stability run,1,1,1614,realtime-chat,100,poisson,11237,11235,2,,not_applicable
30-minute mixed-workload stability run,1,1,1615,realtime-chat,100,poisson,11247,11237,10,,not_applicable
30-minute mixed-workload stability run,1,1,1616,realtime-chat,100,poisson,11252,11245,7,,not_applicable
30-minute mixed-workload stability run,1,1,1617,realtime-chat,100,poisson,11255,11252,3,,not_applicable
30-minute mixed-workload stability run,1,1,1618,realtime-chat,100,poisson,11266,11253,13,,not_applicable
30-minute mixed-workload stability run,1,1,1619,realtime-chat,100,poisson,11274,11255,19,,not_applicable
30-minute mixed-workload stability run,1,1,1620,realtime-chat,100,poisson,11281,11274,7,,not_applicable
30-minute mixed-workload stability run,1,1,1621,realtime-chat,100,poisson,11289,11275,14,,not_applicable
30-minute mixed-workload stability run,1,1,1622,realtime-chat,100,poisson,11294,11285,9,,not_applicable
30-minute mixed-workload stability run,1,1,1623,realtime-chat,100,poisson,11300,11292,8,,not_applicable
30-minute mixed-workload stability run,1,1,1624,realtime-chat,100,poisson,11304,11297,7,,not_applicable
30-minute mixed-workload stability run,1,1,1625,realtime-chat,100,poisson,11305,11300,5,,not_applicable
30-minute mixed-workload stability run,1,1,1626,realtime-chat,100,poisson,11314,11305,9,,not_applicable
30-minute mixed-workload stability run,1,1,1627,realtime-chat,100,poisson,11319,11313,6,,not_applicable
30-minute mixed-workload stability run,1,1,1628,realtime-chat,100,poisson,11327,11314,13,,not_applicable
30-minute mixed-workload stability run,1,1,1629,realtime-chat,100,poisson,11328,11327,1,,not_applicable
30-minute mixed-workload stability run,1,1,1630,realtime-chat,100,poisson,11331,11328,3,,not_applicable
30-minute mixed-workload stability run,1,1,1631,realtime-chat,100,poisson,11336,11330,6,,not_applicable
30-minute mixed-workload stability run,1,1,1632,realtime-chat,100,poisson,11338,11333,5,,not_applicable
30-minute mixed-workload stability run,1,1,1633,realtime-chat,100,poisson,11339,11339,0,,not_applicable
30-minute mixed-workload stability run,1,1,1634,realtime-chat,100,poisson,11341,11339,2,,not_applicable
30-minute mixed-workload stability run,1,1,1635,realtime-chat,100,poisson,11345,11341,4,,not_applicable
30-minute mixed-workload stability run,1,1,1636,realtime-chat,100,poisson,11347,11341,6,,not_applicable
30-minute mixed-workload stability run,1,1,1637,realtime-chat,100,poisson,11354,11341,13,,not_applicable
30-minute mixed-workload stability run,1,1,1638,realtime-chat,100,poisson,11355,11349,6,,not_applicable
30-minute mixed-workload stability run,1,1,1639,realtime-chat,100,poisson,11357,11355,2,,not_applicable
30-minute mixed-workload stability run,1,1,1640,realtime-chat,100,poisson,11361,11357,4,,not_applicable
30-minute mixed-workload stability run,1,1,1641,realtime-chat,100,poisson,11367,11362,5,,not_applicable
30-minute mixed-workload stability run,1,1,1642,realtime-chat,100,poisson,11369,11368,1,,not_applicable
30-minute mixed-workload stability run,1,1,1643,realtime-chat,100,poisson,11376,11370,6,,not_applicable
30-minute mixed-workload stability run,1,1,1644,realtime-chat,100,poisson,11380,11376,4,,not_applicable
30-minute mixed-workload stability run,1,1,1645,realtime-chat,100,poisson,11388,11380,8,,not_applicable
30-minute mixed-workload stability run,1,1,1646,realtime-chat,100,poisson,11393,11388,5,,not_applicable
30-minute mixed-workload stability run,1,1,1647,realtime-chat,100,poisson,11396,11393,3,,not_applicable
30-minute mixed-workload stability run,1,1,1648,realtime-chat,100,poisson,11401,11396,5,,not_applicable
30-minute mixed-workload stability run,1,1,1649,realtime-chat,100,poisson,11408,11401,7,,not_applicable
30-minute mixed-workload stability run,1,1,1650,realtime-chat,100,poisson,11410,11408,2,,not_applicable
30-minute mixed-workload stability run,1,1,1651,realtime-chat,100,poisson,11416,11410,6,,not_applicable
30-minute mixed-workload stability run,1,1,1652,realtime-chat,100,poisson,11419,11416,3,,not_applicable
30-minute mixed-workload stability run,1,1,1653,realtime-chat,100,poisson,11426,11419,7,,not_applicable
30-minute mixed-workload stability run,1,1,1654,realtime-chat,100,poisson,11434,11426,8,,not_applicable
30-minute mixed-workload stability run,1,1,1655,realtime-chat,100,poisson,11438,11426,12,,not_applicable
30-minute mixed-workload stability run,1,1,1656,realtime-chat,100,poisson,11443,11437,6,,not_applicable
30-minute mixed-workload stability run,1,1,1657,realtime-chat,100,poisson,11448,11443,5,,not_applicable
30-minute mixed-workload stability run,1,1,1658,realtime-chat,100,poisson,11458,11448,10,,not_applicable
30-minute mixed-workload stability run,1,1,1659,realtime-chat,100,poisson,11465,11456,9,,not_applicable
30-minute mixed-workload stability run,1,1,1660,realtime-chat,100,poisson,11475,11461,14,,not_applicable
30-minute mixed-workload stability run,1,1,1661,realtime-chat,100,poisson,11477,11475,2,,not_applicable
30-minute mixed-workload stability run,1,1,1662,realtime-chat,100,poisson,11483,11477,6,,not_applicable
30-minute mixed-workload stability run,1,1,1663,realtime-chat,100,poisson,11489,11478,11,,not_applicable
30-minute mixed-workload stability run,1,1,1664,realtime-chat,100,poisson,11493,11487,6,,not_applicable
30-minute mixed-workload stability run,1,1,1665,realtime-chat,100,poisson,11498,11491,7,,not_applicable
30-minute mixed-workload stability run,1,1,1666,realtime-chat,100,poisson,11502,11495,7,,not_applicable
30-minute mixed-workload stability run,1,1,1667,realtime-chat,100,poisson,11507,11498,9,,not_applicable
30-minute mixed-workload stability run,1,1,1668,realtime-chat,100,poisson,11514,11504,10,,not_applicable
30-minute mixed-workload stability run,1,1,1669,realtime-chat,100,poisson,11516,11514,2,,not_applicable
30-minute mixed-workload stability run,1,1,1670,realtime-chat,100,poisson,11521,11515,6,,not_applicable
30-minute mixed-workload stability run,1,1,1671,realtime-chat,100,poisson,11525,11521,4,,not_applicable
30-minute mixed-workload stability run,1,1,1672,realtime-chat,100,poisson,11529,11524,5,,not_applicable
30-minute mixed-workload stability run,1,1,1673,realtime-chat,100,poisson,11531,11529,2,,not_applicable
30-minute mixed-workload stability run,1,1,1674,realtime-chat,100,poisson,11534,11532,2,,not_applicable
30-minute mixed-workload stability run,1,1,1675,realtime-chat,100,poisson,11542,11533,9,,not_applicable
30-minute mixed-workload stability run,1,1,1676,realtime-chat,100,poisson,11545,11543,2,,not_applicable
30-minute mixed-workload stability run,1,1,1677,realtime-chat,100,poisson,11550,11544,6,,not_applicable
30-minute mixed-workload stability run,1,1,1678,realtime-chat,100,poisson,11553,11546,7,,not_applicable
30-minute mixed-workload stability run,1,1,1679,realtime-chat,100,poisson,11554,11553,1,,not_applicable
30-minute mixed-workload stability run,1,1,1680,realtime-chat,100,poisson,11560,11554,6,,not_applicable
30-minute mixed-workload stability run,1,1,1681,realtime-chat,100,poisson,11566,11559,7,,not_applicable
30-minute mixed-workload stability run,1,1,1682,realtime-chat,100,poisson,11569,11568,1,,not_applicable
30-minute mixed-workload stability run,1,1,1683,realtime-chat,100,poisson,11571,11571,0,,not_applicable
30-minute mixed-workload stability run,1,1,1684,realtime-chat,100,poisson,11575,11572,3,,not_applicable
30-minute mixed-workload stability run,1,1,1685,realtime-chat,100,poisson,11577,11575,2,,not_applicable
30-minute mixed-workload stability run,1,1,1686,realtime-chat,100,poisson,11579,11577,2,,not_applicable
30-minute mixed-workload stability run,1,1,1687,realtime-chat,100,poisson,11580,11579,1,,not_applicable
30-minute mixed-workload stability run,1,1,1688,realtime-chat,100,poisson,11586,11580,6,,not_applicable
30-minute mixed-workload stability run,1,1,1689,realtime-chat,100,poisson,11590,11586,4,,not_applicable
30-minute mixed-workload stability run,1,1,1690,realtime-chat,100,poisson,11593,11587,6,,not_applicable
30-minute mixed-workload stability run,1,1,1691,realtime-chat,100,poisson,11596,11594,2,,not_applicable
30-minute mixed-workload stability run,1,1,1692,realtime-chat,100,poisson,11600,11596,4,,not_applicable
30-minute mixed-workload stability run,1,1,1693,realtime-chat,100,poisson,11604,11598,6,,not_applicable
30-minute mixed-workload stability run,1,1,1694,realtime-chat,100,poisson,11614,11602,12,,not_applicable
30-minute mixed-workload stability run,1,1,1695,realtime-chat,100,poisson,11617,11614,3,,not_applicable
30-minute mixed-workload stability run,1,1,1696,realtime-chat,100,poisson,11624,11620,4,,not_applicable
30-minute mixed-workload stability run,1,1,1697,realtime-chat,100,poisson,11629,11624,5,,not_applicable
30-minute mixed-workload stability run,1,1,1698,realtime-chat,100,poisson,11630,11629,1,,not_applicable
30-minute mixed-workload stability run,1,1,1699,realtime-chat,100,poisson,11637,11629,8,,not_applicable
30-minute mixed-workload stability run,1,1,1700,realtime-chat,100,poisson,11640,11632,8,,not_applicable
30-minute mixed-workload stability run,1,1,1701,realtime-chat,100,poisson,11642,11637,5,,not_applicable
30-minute mixed-workload stability run,1,1,1702,realtime-chat,100,poisson,11643,11642,1,,not_applicable
30-minute mixed-workload stability run,1,1,1703,realtime-chat,100,poisson,11648,11643,5,,not_applicable
30-minute mixed-workload stability run,1,1,1704,realtime-chat,100,poisson,11651,11644,7,,not_applicable
30-minute mixed-workload stability run,1,1,1705,realtime-chat,100,poisson,11653,11653,0,,not_applicable
30-minute mixed-workload stability run,1,1,1706,realtime-chat,100,poisson,11657,11654,3,,not_applicable
30-minute mixed-workload stability run,1,1,1707,realtime-chat,100,poisson,11659,11657,2,,not_applicable
30-minute mixed-workload stability run,1,1,1708,realtime-chat,100,poisson,11661,11659,2,,not_applicable
30-minute mixed-workload stability run,1,1,1709,realtime-chat,100,poisson,11666,11661,5,,not_applicable
30-minute mixed-workload stability run,1,1,1710,realtime-chat,100,poisson,11667,11667,0,,not_applicable
30-minute mixed-workload stability run,1,1,1711,realtime-chat,100,poisson,11672,11667,5,,not_applicable
30-minute mixed-workload stability run,1,1,1712,realtime-chat,100,poisson,11676,11668,8,,not_applicable
30-minute mixed-workload stability run,1,1,1713,realtime-chat,100,poisson,11679,11675,4,,not_applicable
30-minute mixed-workload stability run,1,1,1714,realtime-chat,100,poisson,11681,11679,2,,not_applicable
30-minute mixed-workload stability run,1,1,1715,realtime-chat,100,poisson,11682,11681,1,,not_applicable
30-minute mixed-workload stability run,1,1,1716,realtime-chat,100,poisson,11688,11682,6,,not_applicable
30-minute mixed-workload stability run,1,1,1717,realtime-chat,100,poisson,11692,11690,2,,not_applicable
30-minute mixed-workload stability run,1,1,1718,realtime-chat,100,poisson,11694,11693,1,,not_applicable
30-minute mixed-workload stability run,1,1,1719,realtime-chat,100,poisson,11701,11694,7,,not_applicable
30-minute mixed-workload stability run,1,1,1720,realtime-chat,100,poisson,11707,11697,10,,not_applicable
30-minute mixed-workload stability run,1,1,1721,realtime-chat,100,poisson,11709,11707,2,,not_applicable
30-minute mixed-workload stability run,1,1,1722,realtime-chat,100,poisson,11712,11709,3,,not_applicable
30-minute mixed-workload stability run,1,1,1723,realtime-chat,100,poisson,11713,11712,1,,not_applicable
30-minute mixed-workload stability run,1,1,1724,realtime-chat,100,poisson,11720,11712,8,,not_applicable
30-minute mixed-workload stability run,1,1,1725,realtime-chat,100,poisson,11723,11714,9,,not_applicable
30-minute mixed-workload stability run,1,1,1726,realtime-chat,100,poisson,11725,11723,2,,not_applicable
30-minute mixed-workload stability run,1,1,1727,realtime-chat,100,poisson,11734,11725,9,,not_applicable
30-minute mixed-workload stability run,1,1,1728,realtime-chat,100,poisson,11738,11726,12,,not_applicable
30-minute mixed-workload stability run,1,1,1729,realtime-chat,100,poisson,11746,11735,11,,not_applicable
30-minute mixed-workload stability run,1,1,1730,realtime-chat,100,poisson,11753,11742,11,,not_applicable
30-minute mixed-workload stability run,1,1,1731,realtime-chat,100,poisson,11759,11752,7,,not_applicable
30-minute mixed-workload stability run,1,1,1732,realtime-chat,100,poisson,11761,11754,7,,not_applicable
30-minute mixed-workload stability run,1,1,1733,realtime-chat,100,poisson,11764,11763,1,,not_applicable
30-minute mixed-workload stability run,1,1,1734,realtime-chat,100,poisson,11771,11764,7,,not_applicable
30-minute mixed-workload stability run,1,1,1735,realtime-chat,100,poisson,11779,11767,12,,not_applicable
30-minute mixed-workload stability run,1,1,1736,realtime-chat,100,poisson,11781,11779,2,,not_applicable
30-minute mixed-workload stability run,1,1,1737,realtime-chat,100,poisson,11784,11781,3,,not_applicable
30-minute mixed-workload stability run,1,1,1738,realtime-chat,100,poisson,11786,11784,2,,not_applicable
30-minute mixed-workload stability run,1,1,1739,realtime-chat,100,poisson,11789,11785,4,,not_applicable
30-minute mixed-workload stability run,1,1,1740,realtime-chat,100,poisson,11792,11789,3,,not_applicable
30-minute mixed-workload stability run,1,1,1741,realtime-chat,100,poisson,11797,11790,7,,not_applicable
30-minute mixed-workload stability run,1,1,1742,realtime-chat,100,poisson,11799,11797,2,,not_applicable
30-minute mixed-workload stability run,1,1,1743,realtime-chat,100,poisson,11805,11799,6,,not_applicable
30-minute mixed-workload stability run,1,1,1744,realtime-chat,100,poisson,11807,11805,2,,not_applicable
30-minute mixed-workload stability run,1,1,1745,realtime-chat,100,poisson,11812,11807,5,,not_applicable
30-minute mixed-workload stability run,1,1,1746,realtime-chat,100,poisson,11812,11812,0,,not_applicable
30-minute mixed-workload stability run,1,1,1747,realtime-chat,100,poisson,11814,11812,2,,not_applicable
30-minute mixed-workload stability run,1,1,1748,realtime-chat,100,poisson,11816,11814,2,,not_applicable
30-minute mixed-workload stability run,1,1,1749,realtime-chat,100,poisson,11820,11818,2,,not_applicable
30-minute mixed-workload stability run,1,1,1750,realtime-chat,100,poisson,11820,11820,0,,not_applicable
30-minute mixed-workload stability run,1,1,1751,realtime-chat,100,poisson,11824,11820,4,,not_applicable
30-minute mixed-workload stability run,1,1,1752,realtime-chat,100,poisson,11829,11824,5,,not_applicable
30-minute mixed-workload stability run,1,1,1753,realtime-chat,100,poisson,11832,11829,3,,not_applicable
30-minute mixed-workload stability run,1,1,1754,realtime-chat,100,poisson,11836,11831,5,,not_applicable
30-minute mixed-workload stability run,1,1,1755,realtime-chat,100,poisson,11838,11836,2,,not_applicable
30-minute mixed-workload stability run,1,1,1756,realtime-chat,100,poisson,11841,11838,3,,not_applicable
30-minute mixed-workload stability run,1,1,1757,realtime-chat,100,poisson,11842,11842,0,,not_applicable
30-minute mixed-workload stability run,1,1,1758,realtime-chat,100,poisson,11847,11844,3,,not_applicable
30-minute mixed-workload stability run,1,1,1759,realtime-chat,100,poisson,11850,11848,2,,not_applicable
30-minute mixed-workload stability run,1,1,1760,realtime-chat,100,poisson,11853,11851,2,,not_applicable
30-minute mixed-workload stability run,1,1,1761,realtime-chat,100,poisson,11859,11853,6,,not_applicable
30-minute mixed-workload stability run,1,1,1762,realtime-chat,100,poisson,11861,11860,1,,not_applicable
30-minute mixed-workload stability run,1,1,1763,realtime-chat,100,poisson,11869,11860,9,,not_applicable
30-minute mixed-workload stability run,1,1,1764,realtime-chat,100,poisson,11875,11866,9,,not_applicable
30-minute mixed-workload stability run,1,1,1765,realtime-chat,100,poisson,11880,11875,5,,not_applicable
30-minute mixed-workload stability run,1,1,1766,realtime-chat,100,poisson,11886,11878,8,,not_applicable
30-minute mixed-workload stability run,1,1,1767,realtime-chat,100,poisson,11894,11885,9,,not_applicable
30-minute mixed-workload stability run,1,1,1768,realtime-chat,100,poisson,11901,11891,10,,not_applicable
30-minute mixed-workload stability run,1,1,1769,realtime-chat,100,poisson,11906,11901,5,,not_applicable
30-minute mixed-workload stability run,1,1,1770,realtime-chat,100,poisson,11910,11904,6,,not_applicable
30-minute mixed-workload stability run,1,1,1771,realtime-chat,100,poisson,11919,11907,12,,not_applicable
30-minute mixed-workload stability run,1,1,1772,realtime-chat,100,poisson,11923,11912,11,,not_applicable
30-minute mixed-workload stability run,1,1,1773,realtime-chat,100,poisson,11930,11920,10,,not_applicable
30-minute mixed-workload stability run,1,1,1774,realtime-chat,100,poisson,11936,11925,11,,not_applicable
30-minute mixed-workload stability run,1,1,1775,realtime-chat,100,poisson,11938,11936,2,,not_applicable
30-minute mixed-workload stability run,1,1,1776,realtime-chat,100,poisson,11943,11938,5,,not_applicable
30-minute mixed-workload stability run,1,1,1777,realtime-chat,100,poisson,11946,11943,3,,not_applicable
30-minute mixed-workload stability run,1,1,1778,realtime-chat,100,poisson,11946,11946,0,,not_applicable
30-minute mixed-workload stability run,1,1,1779,realtime-chat,100,poisson,11950,11948,2,,not_applicable
30-minute mixed-workload stability run,1,1,1780,realtime-chat,100,poisson,11955,11950,5,,not_applicable
30-minute mixed-workload stability run,1,1,1781,realtime-chat,100,poisson,11960,11952,8,,not_applicable
30-minute mixed-workload stability run,1,1,1782,realtime-chat,100,poisson,11967,11960,7,,not_applicable
30-minute mixed-workload stability run,1,1,1783,realtime-chat,100,poisson,11973,11960,13,,not_applicable
30-minute mixed-workload stability run,1,1,1784,realtime-chat,100,poisson,11977,11971,6,,not_applicable
30-minute mixed-workload stability run,1,1,1785,realtime-chat,100,poisson,11986,11974,12,,not_applicable
30-minute mixed-workload stability run,1,1,1786,realtime-chat,100,poisson,11991,11979,12,,not_applicable
30-minute mixed-workload stability run,1,1,1787,realtime-chat,100,poisson,11992,11991,1,,not_applicable
30-minute mixed-workload stability run,1,1,1788,realtime-chat,100,poisson,11995,11992,3,,not_applicable
30-minute mixed-workload stability run,1,1,1789,realtime-chat,100,poisson,12001,11993,8,,not_applicable
30-minute mixed-workload stability run,1,1,1790,realtime-chat,100,poisson,12007,11995,12,,not_applicable
30-minute mixed-workload stability run,1,1,1791,realtime-chat,100,poisson,12010,12006,4,,not_applicable
30-minute mixed-workload stability run,1,1,1792,realtime-chat,100,poisson,12017,12010,7,,not_applicable
30-minute mixed-workload stability run,1,1,1793,realtime-chat,100,poisson,12021,12015,6,,not_applicable
30-minute mixed-workload stability run,1,1,1794,realtime-chat,100,poisson,12022,12021,1,,not_applicable
30-minute mixed-workload stability run,1,1,1795,realtime-chat,100,poisson,12025,12022,3,,not_applicable
30-minute mixed-workload stability run,1,1,1796,realtime-chat,100,poisson,12027,12025,2,,not_applicable
30-minute mixed-workload stability run,1,1,1797,realtime-chat,100,poisson,12035,12026,9,,not_applicable
30-minute mixed-workload stability run,1,1,1798,realtime-chat,100,poisson,12038,12028,10,,not_applicable
30-minute mixed-workload stability run,1,1,1799,realtime-chat,100,poisson,12044,12038,6,,not_applicable
30-minute mixed-workload stability run,1,1,1800,realtime-chat,100,poisson,12047,12044,3,,not_applicable
30-minute mixed-workload stability run,1,1,0,agentic,50,poisson,0,0,0,,not_applicable
30-minute mixed-workload stability run,1,1,1,agentic,50,poisson,0,0,0,,not_applicable
30-minute mixed-workload stability run,1,1,2,agentic,50,poisson,1,0,1,,not_applicable
30-minute mixed-workload stability run,1,1,3,agentic,50,poisson,1,0,1,,not_applicable
30-minute mixed-workload stability run,1,1,4,agentic,50,poisson,1,0,1,,not_applicable
30-minute mixed-workload stability run,1,1,5,agentic,50,poisson,1,1,0,,not_applicable
30-minute mixed-workload stability run,1,1,6,agentic,50,poisson,3,1,2,,not_applicable
30-minute mixed-workload stability run,1,1,7,agentic,50,poisson,3,1,2,,not_applicable
30-minute mixed-workload stability run,1,1,8,agentic,50,poisson,6,1,5,,not_applicable
30-minute mixed-workload stability run,1,1,9,agentic,50,poisson,7,1,6,,not_applicable
30-minute mixed-workload stability run,1,1,10,agentic,50,poisson,7,3,4,,not_applicable
30-minute mixed-workload stability run,1,1,11,agentic,50,poisson,7,3,4,,not_applicable
30-minute mixed-workload stability run,1,1,12,agentic,50,poisson,7,4,3,,not_applicable
30-minute mixed-workload stability run,1,1,13,agentic,50,poisson,8,7,1,,not_applicable
30-minute mixed-workload stability run,1,1,14,agentic,50,poisson,9,7,2,,not_applicable
30-minute mixed-workload stability run,1,1,15,agentic,50,poisson,9,7,2,,not_applicable
30-minute mixed-workload stability run,1,1,16,agentic,50,poisson,9,7,2,,not_applicable
30-minute mixed-workload stability run,1,1,17,agentic,50,poisson,9,7,2,,not_applicable
30-minute mixed-workload stability run,1,1,18,agentic,50,poisson,9,8,1,,not_applicable
30-minute mixed-workload stability run,1,1,19,agentic,50,poisson,9,9,0,,not_applicable
30-minute mixed-workload stability run,1,1,20,agentic,50,poisson,9,9,0,,not_applicable
30-minute mixed-workload stability run,1,1,21,agentic,50,poisson,9,9,0,,not_applicable
30-minute mixed-workload stability run,1,1,22,agentic,50,poisson,10,9,1,,not_applicable
30-minute mixed-workload stability run,1,1,23,agentic,50,poisson,10,9,1,,not_applicable
30-minute mixed-workload stability run,1,1,24,agentic,50,poisson,10,9,1,,not_applicable
30-minute mixed-workload stability run,1,1,25,agentic,50,poisson,10,10,0,,not_applicable
30-minute mixed-workload stability run,1,1,26,agentic,50,poisson,10,10,0,,not_applicable
30-minute mixed-workload stability run,1,1,27,agentic,50,poisson,13,10,3,,not_applicable
30-minute mixed-workload stability run,1,1,28,agentic,50,poisson,13,10,3,,not_applicable
30-minute mixed-workload stability run,1,1,29,agentic,50,poisson,13,10,3,,not_applicable
30-minute mixed-workload stability run,1,1,30,agentic,50,poisson,13,11,2,,not_applicable
30-minute mixed-workload stability run,1,1,31,agentic,50,poisson,15,13,2,,not_applicable
30-minute mixed-workload stability run,1,1,32,agentic,50,poisson,16,13,3,,not_applicable
30-minute mixed-workload stability run,1,1,33,agentic,50,poisson,16,13,3,,not_applicable
30-minute mixed-workload stability run,1,1,34,agentic,50,poisson,16,13,3,,not_applicable
30-minute mixed-workload stability run,1,1,35,agentic,50,poisson,17,15,2,,not_applicable
30-minute mixed-workload stability run,1,1,36,agentic,50,poisson,17,15,2,,not_applicable
30-minute mixed-workload stability run,1,1,37,agentic,50,poisson,18,16,2,,not_applicable
30-minute mixed-workload stability run,1,1,38,agentic,50,poisson,18,16,2,,not_applicable
30-minute mixed-workload stability run,1,1,39,agentic,50,poisson,18,17,1,,not_applicable
30-minute mixed-workload stability run,1,1,40,agentic,50,poisson,19,18,1,,not_applicable
30-minute mixed-workload stability run,1,1,41,agentic,50,poisson,20,18,2,,not_applicable
30-minute mixed-workload stability run,1,1,42,agentic,50,poisson,20,18,2,,not_applicable
30-minute mixed-workload stability run,1,1,43,agentic,50,poisson,20,18,2,,not_applicable
30-minute mixed-workload stability run,1,1,44,agentic,50,poisson,21,18,3,,not_applicable
30-minute mixed-workload stability run,1,1,45,agentic,50,poisson,22,18,4,,not_applicable
30-minute mixed-workload stability run,1,1,46,agentic,50,poisson,22,19,3,,not_applicable
30-minute mixed-workload stability run,1,1,47,agentic,50,poisson,22,20,2,,not_applicable
30-minute mixed-workload stability run,1,1,48,agentic,50,poisson,22,20,2,,not_applicable
30-minute mixed-workload stability run,1,1,49,agentic,50,poisson,24,22,2,,not_applicable
30-minute mixed-workload stability run,1,1,50,agentic,50,poisson,24,22,2,,not_applicable
30-minute mixed-workload stability run,1,1,51,agentic,50,poisson,24,22,2,,not_applicable
30-minute mixed-workload stability run,1,1,52,agentic,50,poisson,24,22,2,,not_applicable
30-minute mixed-workload stability run,1,1,53,agentic,50,poisson,26,24,2,,not_applicable
30-minute mixed-workload stability run,1,1,54,agentic,50,poisson,28,24,4,,not_applicable
30-minute mixed-workload stability run,1,1,55,agentic,50,poisson,31,24,7,,not_applicable
30-minute mixed-workload stability run,1,1,56,agentic,50,poisson,31,24,7,,not_applicable
30-minute mixed-workload stability run,1,1,57,agentic,50,poisson,31,26,5,,not_applicable
30-minute mixed-workload stability run,1,1,58,agentic,50,poisson,31,26,5,,not_applicable
30-minute mixed-workload stability run,1,1,59,agentic,50,poisson,31,28,3,,not_applicable
30-minute mixed-workload stability run,1,1,60,agentic,50,poisson,31,31,0,,not_applicable
30-minute mixed-workload stability run,1,1,61,agentic,50,poisson,32,31,1,,not_applicable
30-minute mixed-workload stability run,1,1,62,agentic,50,poisson,32,31,1,,not_applicable
30-minute mixed-workload stability run,1,1,63,agentic,50,poisson,32,31,1,,not_applicable
30-minute mixed-workload stability run,1,1,64,agentic,50,poisson,32,31,1,,not_applicable
30-minute mixed-workload stability run,1,1,65,agentic,50,poisson,32,32,0,,not_applicable
30-minute mixed-workload stability run,1,1,66,agentic,50,poisson,32,32,0,,not_applicable
30-minute mixed-workload stability run,1,1,67,agentic,50,poisson,32,32,0,,not_applicable
30-minute mixed-workload stability run,1,1,68,agentic,50,poisson,32,32,0,,not_applicable
30-minute mixed-workload stability run,1,1,69,agentic,50,poisson,33,32,1,,not_applicable
30-minute mixed-workload stability run,1,1,70,agentic,50,poisson,33,32,1,,not_applicable
30-minute mixed-workload stability run,1,1,71,agentic,50,poisson,33,32,1,,not_applicable
30-minute mixed-workload stability run,1,1,72,agentic,50,poisson,35,32,3,,not_applicable
30-minute mixed-workload stability run,1,1,73,agentic,50,poisson,35,33,2,,not_applicable
30-minute mixed-workload stability run,1,1,74,agentic,50,poisson,38,33,5,,not_applicable
30-minute mixed-workload stability run,1,1,75,agentic,50,poisson,40,33,7,,not_applicable
30-minute mixed-workload stability run,1,1,76,agentic,50,poisson,42,33,9,,not_applicable
30-minute mixed-workload stability run,1,1,77,agentic,50,poisson,42,35,7,,not_applicable
30-minute mixed-workload stability run,1,1,78,agentic,50,poisson,43,35,8,,not_applicable
30-minute mixed-workload stability run,1,1,79,agentic,50,poisson,43,36,7,,not_applicable
30-minute mixed-workload stability run,1,1,80,agentic,50,poisson,44,38,6,,not_applicable
30-minute mixed-workload stability run,1,1,81,agentic,50,poisson,45,40,5,,not_applicable
30-minute mixed-workload stability run,1,1,82,agentic,50,poisson,46,42,4,,not_applicable
30-minute mixed-workload stability run,1,1,83,agentic,50,poisson,46,43,3,,not_applicable
30-minute mixed-workload stability run,1,1,84,agentic,50,poisson,46,43,3,,not_applicable
30-minute mixed-workload stability run,1,1,85,agentic,50,poisson,46,44,2,,not_applicable
30-minute mixed-workload stability run,1,1,86,agentic,50,poisson,46,45,1,,not_applicable
30-minute mixed-workload stability run,1,1,87,agentic,50,poisson,48,46,2,,not_applicable
30-minute mixed-workload stability run,1,1,88,agentic,50,poisson,49,46,3,,not_applicable
30-minute mixed-workload stability run,1,1,89,agentic,50,poisson,50,46,4,,not_applicable
30-minute mixed-workload stability run,1,1,90,agentic,50,poisson,50,46,4,,not_applicable
30-minute mixed-workload stability run,1,1,91,agentic,50,poisson,51,46,5,,not_applicable
30-minute mixed-workload stability run,1,1,92,agentic,50,poisson,51,46,5,,not_applicable
30-minute mixed-workload stability run,1,1,93,agentic,50,poisson,52,48,4,,not_applicable
30-minute mixed-workload stability run,1,1,94,agentic,50,poisson,52,50,2,,not_applicable
30-minute mixed-workload stability run,1,1,95,agentic,50,poisson,53,51,2,,not_applicable
30-minute mixed-workload stability run,1,1,96,agentic,50,poisson,53,51,2,,not_applicable
30-minute mixed-workload stability run,1,1,97,agentic,50,poisson,54,52,2,,not_applicable
30-minute mixed-workload stability run,1,1,98,agentic,50,poisson,54,53,1,,not_applicable
30-minute mixed-workload stability run,1,1,99,agentic,50,poisson,55,53,2,,not_applicable
30-minute mixed-workload stability run,1,1,100,agentic,50,poisson,55,53,2,,not_applicable
30-minute mixed-workload stability run,1,1,101,agentic,50,poisson,55,54,1,,not_applicable
30-minute mixed-workload stability run,1,1,102,agentic,50,poisson,55,55,0,,not_applicable
30-minute mixed-workload stability run,1,1,103,agentic,50,poisson,56,55,1,,not_applicable
30-minute mixed-workload stability run,1,1,104,agentic,50,poisson,56,55,1,,not_applicable
30-minute mixed-workload stability run,1,1,105,agentic,50,poisson,57,55,2,,not_applicable
30-minute mixed-workload stability run,1,1,106,agentic,50,poisson,57,56,1,,not_applicable
30-minute mixed-workload stability run,1,1,107,agentic,50,poisson,58,56,2,,not_applicable
30-minute mixed-workload stability run,1,1,108,agentic,50,poisson,58,56,2,,not_applicable
30-minute mixed-workload stability run,1,1,109,agentic,50,poisson,58,57,1,,not_applicable
30-minute mixed-workload stability run,1,1,110,agentic,50,poisson,58,57,1,,not_applicable
30-minute mixed-workload stability run,1,1,111,agentic,50,poisson,58,58,0,,not_applicable
30-minute mixed-workload stability run,1,1,112,agentic,50,poisson,59,58,1,,not_applicable
30-minute mixed-workload stability run,1,1,113,agentic,50,poisson,59,58,1,,not_applicable
30-minute mixed-workload stability run,1,1,114,agentic,50,poisson,60,58,2,,not_applicable
30-minute mixed-workload stability run,1,1,115,agentic,50,poisson,60,59,1,,not_applicable
30-minute mixed-workload stability run,1,1,116,agentic,50,poisson,60,59,1,,not_applicable
30-minute mixed-workload stability run,1,1,117,agentic,50,poisson,60,60,0,,not_applicable
30-minute mixed-workload stability run,1,1,118,agentic,50,poisson,60,60,0,,not_applicable
30-minute mixed-workload stability run,1,1,119,agentic,50,poisson,61,60,1,,not_applicable
30-minute mixed-workload stability run,1,1,120,agentic,50,poisson,61,60,1,,not_applicable
30-minute mixed-workload stability run,1,1,121,agentic,50,poisson,61,60,1,,not_applicable
30-minute mixed-workload stability run,1,1,122,agentic,50,poisson,62,60,2,,not_applicable
30-minute mixed-workload stability run,1,1,123,agentic,50,poisson,63,61,2,,not_applicable
30-minute mixed-workload stability run,1,1,124,agentic,50,poisson,63,61,2,,not_applicable
30-minute mixed-workload stability run,1,1,125,agentic,50,poisson,63,62,1,,not_applicable
30-minute mixed-workload stability run,1,1,126,agentic,50,poisson,63,62,1,,not_applicable
30-minute mixed-workload stability run,1,1,127,agentic,50,poisson,64,62,2,,not_applicable
30-minute mixed-workload stability run,1,1,128,agentic,50,poisson,64,63,1,,not_applicable
30-minute mixed-workload stability run,1,1,129,agentic,50,poisson,64,63,1,,not_applicable
30-minute mixed-workload stability run,1,1,130,agentic,50,poisson,64,64,0,,not_applicable
30-minute mixed-workload stability run,1,1,131,agentic,50,poisson,64,64,0,,not_applicable
30-minute mixed-workload stability run,1,1,132,agentic,50,poisson,64,64,0,,not_applicable
30-minute mixed-workload stability run,1,1,133,agentic,50,poisson,64,64,0,,not_applicable
30-minute mixed-workload stability run,1,1,134,agentic,50,poisson,65,64,1,,not_applicable
30-minute mixed-workload stability run,1,1,135,agentic,50,poisson,65,64,1,,not_applicable
30-minute mixed-workload stability run,1,1,136,agentic,50,poisson,65,64,1,,not_applicable
30-minute mixed-workload stability run,1,1,137,agentic,50,poisson,66,64,2,,not_applicable
30-minute mixed-workload stability run,1,1,138,agentic,50,poisson,68,65,3,,not_applicable
30-minute mixed-workload stability run,1,1,139,agentic,50,poisson,69,65,4,,not_applicable
30-minute mixed-workload stability run,1,1,140,agentic,50,poisson,69,65,4,,not_applicable
30-minute mixed-workload stability run,1,1,141,agentic,50,poisson,69,65,4,,not_applicable
30-minute mixed-workload stability run,1,1,142,agentic,50,poisson,69,66,3,,not_applicable
30-minute mixed-workload stability run,1,1,143,agentic,50,poisson,69,68,1,,not_applicable
30-minute mixed-workload stability run,1,1,144,agentic,50,poisson,69,69,0,,not_applicable
30-minute mixed-workload stability run,1,1,145,agentic,50,poisson,70,69,1,,not_applicable
30-minute mixed-workload stability run,1,1,146,agentic,50,poisson,70,69,1,,not_applicable
30-minute mixed-workload stability run,1,1,147,agentic,50,poisson,71,69,2,,not_applicable
30-minute mixed-workload stability run,1,1,148,agentic,50,poisson,71,69,2,,not_applicable
30-minute mixed-workload stability run,1,1,149,agentic,50,poisson,73,70,3,,not_applicable
30-minute mixed-workload stability run,1,1,150,agentic,50,poisson,73,70,3,,not_applicable
30-minute mixed-workload stability run,1,1,151,agentic,50,poisson,73,71,2,,not_applicable
30-minute mixed-workload stability run,1,1,152,agentic,50,poisson,73,72,1,,not_applicable
30-minute mixed-workload stability run,1,1,153,agentic,50,poisson,73,73,0,,not_applicable
30-minute mixed-workload stability run,1,1,154,agentic,50,poisson,73,73,0,,not_applicable
30-minute mixed-workload stability run,1,1,155,agentic,50,poisson,73,73,0,,not_applicable
30-minute mixed-workload stability run,1,1,156,agentic,50,poisson,74,73,1,,not_applicable
30-minute mixed-workload stability run,1,1,157,agentic,50,poisson,74,73,1,,not_applicable
30-minute mixed-workload stability run,1,1,158,agentic,50,poisson,74,73,1,,not_applicable
30-minute mixed-workload stability run,1,1,159,agentic,50,poisson,74,73,1,,not_applicable
30-minute mixed-workload stability run,1,1,160,agentic,50,poisson,74,74,0,,not_applicable
30-minute mixed-workload stability run,1,1,161,agentic,50,poisson,74,74,0,,not_applicable
30-minute mixed-workload stability run,1,1,162,agentic,50,poisson,74,74,0,,not_applicable
30-minute mixed-workload stability run,1,1,163,agentic,50,poisson,75,74,1,,not_applicable
30-minute mixed-workload stability run,1,1,164,agentic,50,poisson,75,74,1,,not_applicable
30-minute mixed-workload stability run,1,1,165,agentic,50,poisson,75,74,1,,not_applicable
30-minute mixed-workload stability run,1,1,166,agentic,50,poisson,75,74,1,,not_applicable
30-minute mixed-workload stability run,1,1,167,agentic,50,poisson,75,74,1,,not_applicable
30-minute mixed-workload stability run,1,1,168,agentic,50,poisson,75,75,0,,not_applicable
30-minute mixed-workload stability run,1,1,169,agentic,50,poisson,76,75,1,,not_applicable
30-minute mixed-workload stability run,1,1,170,agentic,50,poisson,77,75,2,,not_applicable
30-minute mixed-workload stability run,1,1,171,agentic,50,poisson,78,75,3,,not_applicable
30-minute mixed-workload stability run,1,1,172,agentic,50,poisson,78,75,3,,not_applicable
30-minute mixed-workload stability run,1,1,173,agentic,50,poisson,78,75,3,,not_applicable
30-minute mixed-workload stability run,1,1,174,agentic,50,poisson,79,75,4,,not_applicable
30-minute mixed-workload stability run,1,1,175,agentic,50,poisson,79,75,4,,not_applicable
30-minute mixed-workload stability run,1,1,176,agentic,50,poisson,80,77,3,,not_applicable
30-minute mixed-workload stability run,1,1,177,agentic,50,poisson,80,78,2,,not_applicable
30-minute mixed-workload stability run,1,1,178,agentic,50,poisson,81,78,3,,not_applicable
30-minute mixed-workload stability run,1,1,179,agentic,50,poisson,82,79,3,,not_applicable
30-minute mixed-workload stability run,1,1,180,agentic,50,poisson,83,79,4,,not_applicable
30-minute mixed-workload stability run,1,1,181,agentic,50,poisson,83,80,3,,not_applicable
30-minute mixed-workload stability run,1,1,182,agentic,50,poisson,83,80,3,,not_applicable
30-minute mixed-workload stability run,1,1,183,agentic,50,poisson,83,80,3,,not_applicable
30-minute mixed-workload stability run,1,1,184,agentic,50,poisson,83,82,1,,not_applicable
30-minute mixed-workload stability run,1,1,185,agentic,50,poisson,84,83,1,,not_applicable
30-minute mixed-workload stability run,1,1,186,agentic,50,poisson,86,83,3,,not_applicable
30-minute mixed-workload stability run,1,1,187,agentic,50,poisson,86,83,3,,not_applicable
30-minute mixed-workload stability run,1,1,188,agentic,50,poisson,86,84,2,,not_applicable
30-minute mixed-workload stability run,1,1,189,agentic,50,poisson,86,85,1,,not_applicable
30-minute mixed-workload stability run,1,1,190,agentic,50,poisson,86,86,0,,not_applicable
30-minute mixed-workload stability run,1,1,191,agentic,50,poisson,86,86,0,,not_applicable
30-minute mixed-workload stability run,1,1,192,agentic,50,poisson,86,86,0,,not_applicable
30-minute mixed-workload stability run,1,1,193,agentic,50,poisson,86,86,0,,not_applicable
30-minute mixed-workload stability run,1,1,194,agentic,50,poisson,86,86,0,,not_applicable
30-minute mixed-workload stability run,1,1,195,agentic,50,poisson,88,86,2,,not_applicable
30-minute mixed-workload stability run,1,1,196,agentic,50,poisson,88,86,2,,not_applicable
30-minute mixed-workload stability run,1,1,197,agentic,50,poisson,88,86,2,,not_applicable
30-minute mixed-workload stability run,1,1,198,agentic,50,poisson,88,86,2,,not_applicable
30-minute mixed-workload stability run,1,1,199,agentic,50,poisson,88,87,1,,not_applicable
30-minute mixed-workload stability run,1,1,200,agentic,50,poisson,88,88,0,,not_applicable
30-minute mixed-workload stability run,1,1,201,agentic,50,poisson,88,88,0,,not_applicable
30-minute mixed-workload stability run,1,1,202,agentic,50,poisson,88,88,0,,not_applicable
30-minute mixed-workload stability run,1,1,203,agentic,50,poisson,88,88,0,,not_applicable
30-minute mixed-workload stability run,1,1,204,agentic,50,poisson,88,88,0,,not_applicable
30-minute mixed-workload stability run,1,1,205,agentic,50,poisson,88,88,0,,not_applicable
30-minute mixed-workload stability run,1,1,206,agentic,50,poisson,88,88,0,,not_applicable
30-minute mixed-workload stability run,1,1,207,agentic,50,poisson,89,88,1,,not_applicable
30-minute mixed-workload stability run,1,1,208,agentic,50,poisson,89,88,1,,not_applicable
30-minute mixed-workload stability run,1,1,209,agentic,50,poisson,89,89,0,,not_applicable
30-minute mixed-workload stability run,1,1,210,agentic,50,poisson,90,89,1,,not_applicable
30-minute mixed-workload stability run,1,1,211,agentic,50,poisson,91,89,2,,not_applicable
30-minute mixed-workload stability run,1,1,212,agentic,50,poisson,91,89,2,,not_applicable
30-minute mixed-workload stability run,1,1,213,agentic,50,poisson,91,90,1,,not_applicable
30-minute mixed-workload stability run,1,1,214,agentic,50,poisson,91,91,0,,not_applicable
30-minute mixed-workload stability run,1,1,215,agentic,50,poisson,91,91,0,,not_applicable
30-minute mixed-workload stability run,1,1,216,agentic,50,poisson,91,91,0,,not_applicable
30-minute mixed-workload stability run,1,1,217,agentic,50,poisson,91,91,0,,not_applicable
30-minute mixed-workload stability run,1,1,218,agentic,50,poisson,91,91,0,,not_applicable
30-minute mixed-workload stability run,1,1,219,agentic,50,poisson,91,91,0,,not_applicable
30-minute mixed-workload stability run,1,1,220,agentic,50,poisson,91,91,0,,not_applicable
30-minute mixed-workload stability run,1,1,221,agentic,50,poisson,91,91,0,,not_applicable
30-minute mixed-workload stability run,1,1,222,agentic,50,poisson,91,91,0,,not_applicable
30-minute mixed-workload stability run,1,1,223,agentic,50,poisson,91,91,0,,not_applicable
30-minute mixed-workload stability run,1,1,224,agentic,50,poisson,91,91,0,,not_applicable
30-minute mixed-workload stability run,1,1,225,agentic,50,poisson,92,91,1,,not_applicable
30-minute mixed-workload stability run,1,1,226,agentic,50,poisson,93,91,2,,not_applicable
30-minute mixed-workload stability run,1,1,227,agentic,50,poisson,93,91,2,,not_applicable
30-minute mixed-workload stability run,1,1,228,agentic,50,poisson,93,92,1,,not_applicable
30-minute mixed-workload stability run,1,1,229,agentic,50,poisson,93,92,1,,not_applicable
30-minute mixed-workload stability run,1,1,230,agentic,50,poisson,93,93,0,,not_applicable
30-minute mixed-workload stability run,1,1,231,agentic,50,poisson,93,93,0,,not_applicable
30-minute mixed-workload stability run,1,1,232,agentic,50,poisson,93,93,0,,not_applicable
30-minute mixed-workload stability run,1,1,233,agentic,50,poisson,93,93,0,,not_applicable
30-minute mixed-workload stability run,1,1,234,agentic,50,poisson,94,93,1,,not_applicable
30-minute mixed-workload stability run,1,1,235,agentic,50,poisson,94,93,1,,not_applicable
30-minute mixed-workload stability run,1,1,236,agentic,50,poisson,94,93,1,,not_applicable
30-minute mixed-workload stability run,1,1,237,agentic,50,poisson,94,94,0,,not_applicable
30-minute mixed-workload stability run,1,1,238,agentic,50,poisson,96,94,2,,not_applicable
30-minute mixed-workload stability run,1,1,239,agentic,50,poisson,96,94,2,,not_applicable
30-minute mixed-workload stability run,1,1,240,agentic,50,poisson,96,94,2,,not_applicable
30-minute mixed-workload stability run,1,1,241,agentic,50,poisson,96,94,2,,not_applicable
30-minute mixed-workload stability run,1,1,242,agentic,50,poisson,97,96,1,,not_applicable
30-minute mixed-workload stability run,1,1,243,agentic,50,poisson,97,96,1,,not_applicable
30-minute mixed-workload stability run,1,1,244,agentic,50,poisson,98,96,2,,not_applicable
30-minute mixed-workload stability run,1,1,245,agentic,50,poisson,98,97,1,,not_applicable
30-minute mixed-workload stability run,1,1,246,agentic,50,poisson,99,97,2,,not_applicable
30-minute mixed-workload stability run,1,1,247,agentic,50,poisson,100,97,3,,not_applicable
30-minute mixed-workload stability run,1,1,248,agentic,50,poisson,100,98,2,,not_applicable
30-minute mixed-workload stability run,1,1,249,agentic,50,poisson,101,98,3,,not_applicable
30-minute mixed-workload stability run,1,1,250,agentic,50,poisson,101,100,1,,not_applicable
30-minute mixed-workload stability run,1,1,251,agentic,50,poisson,103,100,3,,not_applicable
30-minute mixed-workload stability run,1,1,252,agentic,50,poisson,103,101,2,,not_applicable
30-minute mixed-workload stability run,1,1,253,agentic,50,poisson,103,101,2,,not_applicable
30-minute mixed-workload stability run,1,1,254,agentic,50,poisson,104,101,3,,not_applicable
30-minute mixed-workload stability run,1,1,255,agentic,50,poisson,104,101,3,,not_applicable
30-minute mixed-workload stability run,1,1,256,agentic,50,poisson,104,102,2,,not_applicable
30-minute mixed-workload stability run,1,1,257,agentic,50,poisson,104,103,1,,not_applicable
30-minute mixed-workload stability run,1,1,258,agentic,50,poisson,105,103,2,,not_applicable
30-minute mixed-workload stability run,1,1,259,agentic,50,poisson,105,103,2,,not_applicable
30-minute mixed-workload stability run,1,1,260,agentic,50,poisson,106,104,2,,not_applicable
30-minute mixed-workload stability run,1,1,261,agentic,50,poisson,106,104,2,,not_applicable
30-minute mixed-workload stability run,1,1,262,agentic,50,poisson,106,105,1,,not_applicable
30-minute mixed-workload stability run,1,1,263,agentic,50,poisson,107,105,2,,not_applicable
30-minute mixed-workload stability run,1,1,264,agentic,50,poisson,109,106,3,,not_applicable
30-minute mixed-workload stability run,1,1,265,agentic,50,poisson,109,106,3,,not_applicable
30-minute mixed-workload stability run,1,1,266,agentic,50,poisson,109,106,3,,not_applicable
30-minute mixed-workload stability run,1,1,267,agentic,50,poisson,109,107,2,,not_applicable
30-minute mixed-workload stability run,1,1,268,agentic,50,poisson,109,107,2,,not_applicable
30-minute mixed-workload stability run,1,1,269,agentic,50,poisson,109,109,0,,not_applicable
30-minute mixed-workload stability run,1,1,270,agentic,50,poisson,109,109,0,,not_applicable
30-minute mixed-workload stability run,1,1,271,agentic,50,poisson,110,109,1,,not_applicable
30-minute mixed-workload stability run,1,1,272,agentic,50,poisson,110,109,1,,not_applicable
30-minute mixed-workload stability run,1,1,273,agentic,50,poisson,111,109,2,,not_applicable
30-minute mixed-workload stability run,1,1,274,agentic,50,poisson,111,109,2,,not_applicable
30-minute mixed-workload stability run,1,1,275,agentic,50,poisson,112,109,3,,not_applicable
30-minute mixed-workload stability run,1,1,276,agentic,50,poisson,112,109,3,,not_applicable
30-minute mixed-workload stability run,1,1,277,agentic,50,poisson,113,110,3,,not_applicable
30-minute mixed-workload stability run,1,1,278,agentic,50,poisson,114,110,4,,not_applicable
30-minute mixed-workload stability run,1,1,279,agentic,50,poisson,114,112,2,,not_applicable
30-minute mixed-workload stability run,1,1,280,agentic,50,poisson,114,112,2,,not_applicable
30-minute mixed-workload stability run,1,1,281,agentic,50,poisson,114,113,1,,not_applicable
30-minute mixed-workload stability run,1,1,282,agentic,50,poisson,115,114,1,,not_applicable
30-minute mixed-workload stability run,1,1,283,agentic,50,poisson,115,114,1,,not_applicable
30-minute mixed-workload stability run,1,1,284,agentic,50,poisson,116,114,2,,not_applicable
30-minute mixed-workload stability run,1,1,285,agentic,50,poisson,117,114,3,,not_applicable
30-minute mixed-workload stability run,1,1,286,agentic,50,poisson,118,114,4,,not_applicable
30-minute mixed-workload stability run,1,1,287,agentic,50,poisson,119,115,4,,not_applicable
30-minute mixed-workload stability run,1,1,288,agentic,50,poisson,119,115,4,,not_applicable
30-minute mixed-workload stability run,1,1,289,agentic,50,poisson,120,117,3,,not_applicable
30-minute mixed-workload stability run,1,1,290,agentic,50,poisson,120,119,1,,not_applicable
30-minute mixed-workload stability run,1,1,291,agentic,50,poisson,120,119,1,,not_applicable
30-minute mixed-workload stability run,1,1,292,agentic,50,poisson,120,120,0,,not_applicable
30-minute mixed-workload stability run,1,1,293,agentic,50,poisson,121,120,1,,not_applicable
30-minute mixed-workload stability run,1,1,294,agentic,50,poisson,121,120,1,,not_applicable
30-minute mixed-workload stability run,1,1,295,agentic,50,poisson,121,120,1,,not_applicable
30-minute mixed-workload stability run,1,1,296,agentic,50,poisson,121,121,0,,not_applicable
30-minute mixed-workload stability run,1,1,297,agentic,50,poisson,121,121,0,,not_applicable
30-minute mixed-workload stability run,1,1,298,agentic,50,poisson,123,121,2,,not_applicable
30-minute mixed-workload stability run,1,1,299,agentic,50,poisson,123,121,2,,not_applicable
30-minute mixed-workload stability run,1,1,300,agentic,50,poisson,124,121,3,,not_applicable
30-minute mixed-workload stability run,1,1,301,agentic,50,poisson,124,121,3,,not_applicable
30-minute mixed-workload stability run,1,1,302,agentic,50,poisson,124,123,1,,not_applicable
30-minute mixed-workload stability run,1,1,303,agentic,50,poisson,124,124,0,,not_applicable
30-minute mixed-workload stability run,1,1,304,agentic,50,poisson,124,124,0,,not_applicable
30-minute mixed-workload stability run,1,1,305,agentic,50,poisson,125,124,1,,not_applicable
30-minute mixed-workload stability run,1,1,306,agentic,50,poisson,125,124,1,,not_applicable
30-minute mixed-workload stability run,1,1,307,agentic,50,poisson,125,124,1,,not_applicable
30-minute mixed-workload stability run,1,1,308,agentic,50,poisson,125,125,0,,not_applicable
30-minute mixed-workload stability run,1,1,309,agentic,50,poisson,125,125,0,,not_applicable
30-minute mixed-workload stability run,1,1,310,agentic,50,poisson,126,125,1,,not_applicable
30-minute mixed-workload stability run,1,1,311,agentic,50,poisson,127,125,2,,not_applicable
30-minute mixed-workload stability run,1,1,312,agentic,50,poisson,128,125,3,,not_applicable
30-minute mixed-workload stability run,1,1,313,agentic,50,poisson,131,125,6,,not_applicable
30-minute mixed-workload stability run,1,1,314,agentic,50,poisson,132,125,7,,not_applicable
30-minute mixed-workload stability run,1,1,315,agentic,50,poisson,135,125,10,,not_applicable
30-minute mixed-workload stability run,1,1,316,agentic,50,poisson,136,125,11,,not_applicable
30-minute mixed-workload stability run,1,1,317,agentic,50,poisson,139,125,14,,not_applicable
30-minute mixed-workload stability run,1,1,318,agentic,50,poisson,141,125,16,,not_applicable
30-minute mixed-workload stability run,1,1,319,agentic,50,poisson,142,125,17,,not_applicable
30-minute mixed-workload stability run,1,1,320,agentic,50,poisson,145,125,20,,not_applicable
30-minute mixed-workload stability run,1,1,321,agentic,50,poisson,146,125,21,,not_applicable
30-minute mixed-workload stability run,1,1,322,agentic,50,poisson,146,125,21,,not_applicable
30-minute mixed-workload stability run,1,1,323,agentic,50,poisson,146,125,21,,not_applicable
30-minute mixed-workload stability run,1,1,324,agentic,50,poisson,148,125,23,,not_applicable
30-minute mixed-workload stability run,1,1,325,agentic,50,poisson,149,125,24,,not_applicable
30-minute mixed-workload stability run,1,1,326,agentic,50,poisson,150,125,25,,not_applicable
30-minute mixed-workload stability run,1,1,327,agentic,50,poisson,151,125,26,,not_applicable
30-minute mixed-workload stability run,1,1,328,agentic,50,poisson,156,125,31,,not_applicable
30-minute mixed-workload stability run,1,1,329,agentic,50,poisson,158,125,33,,not_applicable
30-minute mixed-workload stability run,1,1,330,agentic,50,poisson,159,125,34,,not_applicable
30-minute mixed-workload stability run,1,1,331,agentic,50,poisson,160,125,35,,not_applicable
30-minute mixed-workload stability run,1,1,332,agentic,50,poisson,164,125,39,,not_applicable
30-minute mixed-workload stability run,1,1,333,agentic,50,poisson,165,125,40,,not_applicable
30-minute mixed-workload stability run,1,1,334,agentic,50,poisson,166,125,41,,not_applicable
30-minute mixed-workload stability run,1,1,335,agentic,50,poisson,168,125,43,,not_applicable
30-minute mixed-workload stability run,1,1,336,agentic,50,poisson,172,125,47,,not_applicable
30-minute mixed-workload stability run,1,1,337,agentic,50,poisson,174,126,48,,not_applicable
30-minute mixed-workload stability run,1,1,338,agentic,50,poisson,174,126,48,,not_applicable
30-minute mixed-workload stability run,1,1,339,agentic,50,poisson,175,126,49,,not_applicable
30-minute mixed-workload stability run,1,1,340,agentic,50,poisson,175,126,49,,not_applicable
30-minute mixed-workload stability run,1,1,341,agentic,50,poisson,175,128,47,,not_applicable
30-minute mixed-workload stability run,1,1,342,agentic,50,poisson,176,128,48,,not_applicable
30-minute mixed-workload stability run,1,1,343,agentic,50,poisson,176,131,45,,not_applicable
30-minute mixed-workload stability run,1,1,344,agentic,50,poisson,177,131,46,,not_applicable
30-minute mixed-workload stability run,1,1,345,agentic,50,poisson,177,135,42,,not_applicable
30-minute mixed-workload stability run,1,1,346,agentic,50,poisson,177,139,38,,not_applicable
30-minute mixed-workload stability run,1,1,347,agentic,50,poisson,180,141,39,,not_applicable
30-minute mixed-workload stability run,1,1,348,agentic,50,poisson,182,141,41,,not_applicable
30-minute mixed-workload stability run,1,1,349,agentic,50,poisson,182,148,34,,not_applicable
30-minute mixed-workload stability run,1,1,350,agentic,50,poisson,183,150,33,,not_applicable
30-minute mixed-workload stability run,1,1,351,agentic,50,poisson,185,150,35,,not_applicable
30-minute mixed-workload stability run,1,1,352,agentic,50,poisson,189,154,35,,not_applicable
30-minute mixed-workload stability run,1,1,353,agentic,50,poisson,190,157,33,,not_applicable
30-minute mixed-workload stability run,1,1,354,agentic,50,poisson,191,157,34,,not_applicable
30-minute mixed-workload stability run,1,1,355,agentic,50,poisson,194,158,36,,not_applicable
30-minute mixed-workload stability run,1,1,356,agentic,50,poisson,198,158,40,,not_applicable
30-minute mixed-workload stability run,1,1,357,agentic,50,poisson,198,160,38,,not_applicable
30-minute mixed-workload stability run,1,1,358,agentic,50,poisson,199,161,38,,not_applicable
30-minute mixed-workload stability run,1,1,359,agentic,50,poisson,204,166,38,,not_applicable
30-minute mixed-workload stability run,1,1,360,agentic,50,poisson,204,166,38,,not_applicable
30-minute mixed-workload stability run,1,1,361,agentic,50,poisson,205,166,39,,not_applicable
30-minute mixed-workload stability run,1,1,362,agentic,50,poisson,210,167,43,,not_applicable
30-minute mixed-workload stability run,1,1,363,agentic,50,poisson,212,174,38,,not_applicable
30-minute mixed-workload stability run,1,1,364,agentic,50,poisson,213,174,39,,not_applicable
30-minute mixed-workload stability run,1,1,365,agentic,50,poisson,214,175,39,,not_applicable
30-minute mixed-workload stability run,1,1,366,agentic,50,poisson,217,175,42,,not_applicable
30-minute mixed-workload stability run,1,1,367,agentic,50,poisson,218,175,43,,not_applicable
30-minute mixed-workload stability run,1,1,368,agentic,50,poisson,221,176,45,,not_applicable
30-minute mixed-workload stability run,1,1,369,agentic,50,poisson,222,176,46,,not_applicable
30-minute mixed-workload stability run,1,1,370,agentic,50,poisson,223,176,47,,not_applicable
30-minute mixed-workload stability run,1,1,371,agentic,50,poisson,224,180,44,,not_applicable
30-minute mixed-workload stability run,1,1,372,agentic,50,poisson,225,182,43,,not_applicable
30-minute mixed-workload stability run,1,1,373,agentic,50,poisson,226,182,44,,not_applicable
30-minute mixed-workload stability run,1,1,374,agentic,50,poisson,226,182,44,,not_applicable
30-minute mixed-workload stability run,1,1,375,agentic,50,poisson,227,182,45,,not_applicable
30-minute mixed-workload stability run,1,1,376,agentic,50,poisson,230,182,48,,not_applicable
30-minute mixed-workload stability run,1,1,377,agentic,50,poisson,233,189,44,,not_applicable
30-minute mixed-workload stability run,1,1,378,agentic,50,poisson,234,193,41,,not_applicable
30-minute mixed-workload stability run,1,1,379,agentic,50,poisson,237,193,44,,not_applicable
30-minute mixed-workload stability run,1,1,380,agentic,50,poisson,238,198,40,,not_applicable
30-minute mixed-workload stability run,1,1,381,agentic,50,poisson,241,202,39,,not_applicable
30-minute mixed-workload stability run,1,1,382,agentic,50,poisson,244,203,41,,not_applicable
30-minute mixed-workload stability run,1,1,383,agentic,50,poisson,246,204,42,,not_applicable
30-minute mixed-workload stability run,1,1,384,agentic,50,poisson,246,209,37,,not_applicable
30-minute mixed-workload stability run,1,1,385,agentic,50,poisson,249,210,39,,not_applicable
30-minute mixed-workload stability run,1,1,386,agentic,50,poisson,252,210,42,,not_applicable
30-minute mixed-workload stability run,1,1,387,agentic,50,poisson,254,210,44,,not_applicable
30-minute mixed-workload stability run,1,1,388,agentic,50,poisson,256,212,44,,not_applicable
30-minute mixed-workload stability run,1,1,389,agentic,50,poisson,257,212,45,,not_applicable
30-minute mixed-workload stability run,1,1,390,agentic,50,poisson,260,212,48,,not_applicable
30-minute mixed-workload stability run,1,1,391,agentic,50,poisson,263,213,50,,not_applicable
30-minute mixed-workload stability run,1,1,392,agentic,50,poisson,264,218,46,,not_applicable
30-minute mixed-workload stability run,1,1,393,agentic,50,poisson,267,222,45,,not_applicable
30-minute mixed-workload stability run,1,1,394,agentic,50,poisson,269,222,47,,not_applicable
30-minute mixed-workload stability run,1,1,395,agentic,50,poisson,273,222,51,,not_applicable
30-minute mixed-workload stability run,1,1,396,agentic,50,poisson,275,223,52,,not_applicable
30-minute mixed-workload stability run,1,1,397,agentic,50,poisson,275,224,51,,not_applicable
30-minute mixed-workload stability run,1,1,398,agentic,50,poisson,275,224,51,,not_applicable
30-minute mixed-workload stability run,1,1,399,agentic,50,poisson,276,226,50,,not_applicable
30-minute mixed-workload stability run,1,1,400,agentic,50,poisson,279,227,52,,not_applicable
30-minute mixed-workload stability run,1,1,401,agentic,50,poisson,280,228,52,,not_applicable
30-minute mixed-workload stability run,1,1,402,agentic,50,poisson,282,229,53,,not_applicable
30-minute mixed-workload stability run,1,1,403,agentic,50,poisson,287,231,56,,not_applicable
30-minute mixed-workload stability run,1,1,404,agentic,50,poisson,289,234,55,,not_applicable
30-minute mixed-workload stability run,1,1,405,agentic,50,poisson,290,238,52,,not_applicable
30-minute mixed-workload stability run,1,1,406,agentic,50,poisson,291,238,53,,not_applicable
30-minute mixed-workload stability run,1,1,407,agentic,50,poisson,292,238,54,,not_applicable
30-minute mixed-workload stability run,1,1,408,agentic,50,poisson,292,241,51,,not_applicable
30-minute mixed-workload stability run,1,1,409,agentic,50,poisson,294,244,50,,not_applicable
30-minute mixed-workload stability run,1,1,410,agentic,50,poisson,295,245,50,,not_applicable
30-minute mixed-workload stability run,1,1,411,agentic,50,poisson,298,246,52,,not_applicable
30-minute mixed-workload stability run,1,1,412,agentic,50,poisson,299,246,53,,not_applicable
30-minute mixed-workload stability run,1,1,413,agentic,50,poisson,301,254,47,,not_applicable
30-minute mixed-workload stability run,1,1,414,agentic,50,poisson,302,255,47,,not_applicable
30-minute mixed-workload stability run,1,1,415,agentic,50,poisson,304,257,47,,not_applicable
30-minute mixed-workload stability run,1,1,416,agentic,50,poisson,305,257,48,,not_applicable
30-minute mixed-workload stability run,1,1,417,agentic,50,poisson,306,259,47,,not_applicable
30-minute mixed-workload stability run,1,1,418,agentic,50,poisson,309,262,47,,not_applicable
30-minute mixed-workload stability run,1,1,419,agentic,50,poisson,312,262,50,,not_applicable
30-minute mixed-workload stability run,1,1,420,agentic,50,poisson,315,262,53,,not_applicable
30-minute mixed-workload stability run,1,1,421,agentic,50,poisson,318,268,50,,not_applicable
30-minute mixed-workload stability run,1,1,422,agentic,50,poisson,321,273,48,,not_applicable
30-minute mixed-workload stability run,1,1,423,agentic,50,poisson,321,275,46,,not_applicable
30-minute mixed-workload stability run,1,1,424,agentic,50,poisson,321,275,46,,not_applicable
30-minute mixed-workload stability run,1,1,425,agentic,50,poisson,322,275,47,,not_applicable
30-minute mixed-workload stability run,1,1,426,agentic,50,poisson,322,276,46,,not_applicable
30-minute mixed-workload stability run,1,1,427,agentic,50,poisson,324,276,48,,not_applicable
30-minute mixed-workload stability run,1,1,428,agentic,50,poisson,327,280,47,,not_applicable
30-minute mixed-workload stability run,1,1,429,agentic,50,poisson,328,281,47,,not_applicable
30-minute mixed-workload stability run,1,1,430,agentic,50,poisson,329,286,43,,not_applicable
30-minute mixed-workload stability run,1,1,431,agentic,50,poisson,332,286,46,,not_applicable
30-minute mixed-workload stability run,1,1,432,agentic,50,poisson,332,286,46,,not_applicable
30-minute mixed-workload stability run,1,1,433,agentic,50,poisson,333,287,46,,not_applicable
30-minute mixed-workload stability run,1,1,434,agentic,50,poisson,334,292,42,,not_applicable
30-minute mixed-workload stability run,1,1,435,agentic,50,poisson,336,292,44,,not_applicable
30-minute mixed-workload stability run,1,1,436,agentic,50,poisson,336,295,41,,not_applicable
30-minute mixed-workload stability run,1,1,437,agentic,50,poisson,339,296,43,,not_applicable
30-minute mixed-workload stability run,1,1,438,agentic,50,poisson,341,296,45,,not_applicable
30-minute mixed-workload stability run,1,1,439,agentic,50,poisson,341,300,41,,not_applicable
30-minute mixed-workload stability run,1,1,440,agentic,50,poisson,343,300,43,,not_applicable
30-minute mixed-workload stability run,1,1,441,agentic,50,poisson,345,303,42,,not_applicable
30-minute mixed-workload stability run,1,1,442,agentic,50,poisson,345,304,41,,not_applicable
30-minute mixed-workload stability run,1,1,443,agentic,50,poisson,349,310,39,,not_applicable
30-minute mixed-workload stability run,1,1,444,agentic,50,poisson,350,312,38,,not_applicable
30-minute mixed-workload stability run,1,1,445,agentic,50,poisson,351,312,39,,not_applicable
30-minute mixed-workload stability run,1,1,446,agentic,50,poisson,353,321,32,,not_applicable
30-minute mixed-workload stability run,1,1,447,agentic,50,poisson,355,322,33,,not_applicable
30-minute mixed-workload stability run,1,1,448,agentic,50,poisson,357,322,35,,not_applicable
30-minute mixed-workload stability run,1,1,449,agentic,50,poisson,358,328,30,,not_applicable
30-minute mixed-workload stability run,1,1,450,agentic,50,poisson,361,328,33,,not_applicable
30-minute mixed-workload stability run,1,1,451,agentic,50,poisson,363,332,31,,not_applicable
30-minute mixed-workload stability run,1,1,452,agentic,50,poisson,364,335,29,,not_applicable
30-minute mixed-workload stability run,1,1,453,agentic,50,poisson,369,336,33,,not_applicable
30-minute mixed-workload stability run,1,1,454,agentic,50,poisson,370,336,34,,not_applicable
30-minute mixed-workload stability run,1,1,455,agentic,50,poisson,372,336,36,,not_applicable
30-minute mixed-workload stability run,1,1,456,agentic,50,poisson,374,336,38,,not_applicable
30-minute mixed-workload stability run,1,1,457,agentic,50,poisson,377,336,41,,not_applicable
30-minute mixed-workload stability run,1,1,458,agentic,50,poisson,378,336,42,,not_applicable
30-minute mixed-workload stability run,1,1,459,agentic,50,poisson,381,342,39,,not_applicable
30-minute mixed-workload stability run,1,1,460,agentic,50,poisson,384,345,39,,not_applicable
30-minute mixed-workload stability run,1,1,461,agentic,50,poisson,385,347,38,,not_applicable
30-minute mixed-workload stability run,1,1,462,agentic,50,poisson,389,347,42,,not_applicable
30-minute mixed-workload stability run,1,1,463,agentic,50,poisson,390,349,41,,not_applicable
30-minute mixed-workload stability run,1,1,464,agentic,50,poisson,393,349,44,,not_applicable
30-minute mixed-workload stability run,1,1,465,agentic,50,poisson,394,350,44,,not_applicable
30-minute mixed-workload stability run,1,1,466,agentic,50,poisson,397,350,47,,not_applicable
30-minute mixed-workload stability run,1,1,467,agentic,50,poisson,398,353,45,,not_applicable
30-minute mixed-workload stability run,1,1,468,agentic,50,poisson,400,355,45,,not_applicable
30-minute mixed-workload stability run,1,1,469,agentic,50,poisson,402,355,47,,not_applicable
30-minute mixed-workload stability run,1,1,470,agentic,50,poisson,403,357,46,,not_applicable
30-minute mixed-workload stability run,1,1,471,agentic,50,poisson,405,357,48,,not_applicable
30-minute mixed-workload stability run,1,1,472,agentic,50,poisson,410,357,53,,not_applicable
30-minute mixed-workload stability run,1,1,473,agentic,50,poisson,413,358,55,,not_applicable
30-minute mixed-workload stability run,1,1,474,agentic,50,poisson,415,361,54,,not_applicable
30-minute mixed-workload stability run,1,1,475,agentic,50,poisson,417,361,56,,not_applicable
30-minute mixed-workload stability run,1,1,476,agentic,50,poisson,422,363,59,,not_applicable
30-minute mixed-workload stability run,1,1,477,agentic,50,poisson,426,364,62,,not_applicable
30-minute mixed-workload stability run,1,1,478,agentic,50,poisson,429,364,65,,not_applicable
30-minute mixed-workload stability run,1,1,479,agentic,50,poisson,434,364,70,,not_applicable
30-minute mixed-workload stability run,1,1,480,agentic,50,poisson,439,364,75,,not_applicable
30-minute mixed-workload stability run,1,1,481,agentic,50,poisson,442,368,74,,not_applicable
30-minute mixed-workload stability run,1,1,482,agentic,50,poisson,445,376,69,,not_applicable
30-minute mixed-workload stability run,1,1,483,agentic,50,poisson,446,379,67,,not_applicable
30-minute mixed-workload stability run,1,1,484,agentic,50,poisson,447,381,66,,not_applicable
30-minute mixed-workload stability run,1,1,485,agentic,50,poisson,447,381,66,,not_applicable
30-minute mixed-workload stability run,1,1,486,agentic,50,poisson,449,381,68,,not_applicable
30-minute mixed-workload stability run,1,1,487,agentic,50,poisson,451,385,66,,not_applicable
30-minute mixed-workload stability run,1,1,488,agentic,50,poisson,452,385,67,,not_applicable
30-minute mixed-workload stability run,1,1,489,agentic,50,poisson,453,389,64,,not_applicable
30-minute mixed-workload stability run,1,1,490,agentic,50,poisson,454,392,62,,not_applicable
30-minute mixed-workload stability run,1,1,491,agentic,50,poisson,454,392,62,,not_applicable
30-minute mixed-workload stability run,1,1,492,agentic,50,poisson,456,392,64,,not_applicable
30-minute mixed-workload stability run,1,1,493,agentic,50,poisson,457,392,65,,not_applicable
30-minute mixed-workload stability run,1,1,494,agentic,50,poisson,458,392,66,,not_applicable
30-minute mixed-workload stability run,1,1,495,agentic,50,poisson,458,403,55,,not_applicable
30-minute mixed-workload stability run,1,1,496,agentic,50,poisson,458,403,55,,not_applicable
30-minute mixed-workload stability run,1,1,497,agentic,50,poisson,458,403,55,,not_applicable
30-minute mixed-workload stability run,1,1,498,agentic,50,poisson,461,403,58,,not_applicable
30-minute mixed-workload stability run,1,1,499,agentic,50,poisson,463,415,48,,not_applicable
30-minute mixed-workload stability run,1,1,500,agentic,50,poisson,464,415,49,,not_applicable
30-minute mixed-workload stability run,1,1,501,agentic,50,poisson,466,420,46,,not_applicable
30-minute mixed-workload stability run,1,1,502,agentic,50,poisson,469,420,49,,not_applicable
30-minute mixed-workload stability run,1,1,503,agentic,50,poisson,471,426,45,,not_applicable
30-minute mixed-workload stability run,1,1,504,agentic,50,poisson,473,426,47,,not_applicable
30-minute mixed-workload stability run,1,1,505,agentic,50,poisson,477,427,50,,not_applicable
30-minute mixed-workload stability run,1,1,506,agentic,50,poisson,480,433,47,,not_applicable
30-minute mixed-workload stability run,1,1,507,agentic,50,poisson,481,436,45,,not_applicable
30-minute mixed-workload stability run,1,1,508,agentic,50,poisson,481,437,44,,not_applicable
30-minute mixed-workload stability run,1,1,509,agentic,50,poisson,484,441,43,,not_applicable
30-minute mixed-workload stability run,1,1,510,agentic,50,poisson,487,441,46,,not_applicable
30-minute mixed-workload stability run,1,1,511,agentic,50,poisson,488,446,42,,not_applicable
30-minute mixed-workload stability run,1,1,512,agentic,50,poisson,493,450,43,,not_applicable
30-minute mixed-workload stability run,1,1,513,agentic,50,poisson,494,451,43,,not_applicable
30-minute mixed-workload stability run,1,1,514,agentic,50,poisson,497,451,46,,not_applicable
30-minute mixed-workload stability run,1,1,515,agentic,50,poisson,498,451,47,,not_applicable
30-minute mixed-workload stability run,1,1,516,agentic,50,poisson,500,451,49,,not_applicable
30-minute mixed-workload stability run,1,1,517,agentic,50,poisson,502,451,51,,not_applicable
30-minute mixed-workload stability run,1,1,518,agentic,50,poisson,506,451,55,,not_applicable
30-minute mixed-workload stability run,1,1,519,agentic,50,poisson,506,451,55,,not_applicable
30-minute mixed-workload stability run,1,1,520,agentic,50,poisson,509,454,55,,not_applicable
30-minute mixed-workload stability run,1,1,521,agentic,50,poisson,511,457,54,,not_applicable
30-minute mixed-workload stability run,1,1,522,agentic,50,poisson,512,458,54,,not_applicable
30-minute mixed-workload stability run,1,1,523,agentic,50,poisson,515,458,57,,not_applicable
30-minute mixed-workload stability run,1,1,524,agentic,50,poisson,517,458,59,,not_applicable
30-minute mixed-workload stability run,1,1,525,agentic,50,poisson,518,458,60,,not_applicable
30-minute mixed-workload stability run,1,1,526,agentic,50,poisson,519,463,56,,not_applicable
30-minute mixed-workload stability run,1,1,527,agentic,50,poisson,524,466,58,,not_applicable
30-minute mixed-workload stability run,1,1,528,agentic,50,poisson,526,466,60,,not_applicable
30-minute mixed-workload stability run,1,1,529,agentic,50,poisson,528,470,58,,not_applicable
30-minute mixed-workload stability run,1,1,530,agentic,50,poisson,531,470,61,,not_applicable
30-minute mixed-workload stability run,1,1,531,agentic,50,poisson,532,473,59,,not_applicable
30-minute mixed-workload stability run,1,1,532,agentic,50,poisson,533,478,55,,not_applicable
30-minute mixed-workload stability run,1,1,533,agentic,50,poisson,534,480,54,,not_applicable
30-minute mixed-workload stability run,1,1,534,agentic,50,poisson,536,484,52,,not_applicable
30-minute mixed-workload stability run,1,1,535,agentic,50,poisson,539,487,52,,not_applicable
30-minute mixed-workload stability run,1,1,536,agentic,50,poisson,541,493,48,,not_applicable
30-minute mixed-workload stability run,1,1,537,agentic,50,poisson,544,494,50,,not_applicable
30-minute mixed-workload stability run,1,1,538,agentic,50,poisson,545,499,46,,not_applicable
30-minute mixed-workload stability run,1,1,539,agentic,50,poisson,550,507,43,,not_applicable
30-minute mixed-workload stability run,1,1,540,agentic,50,poisson,554,509,45,,not_applicable
30-minute mixed-workload stability run,1,1,541,agentic,50,poisson,554,509,45,,not_applicable
30-minute mixed-workload stability run,1,1,542,agentic,50,poisson,556,509,47,,not_applicable
30-minute mixed-workload stability run,1,1,543,agentic,50,poisson,557,510,47,,not_applicable
30-minute mixed-workload stability run,1,1,544,agentic,50,poisson,558,510,48,,not_applicable
30-minute mixed-workload stability run,1,1,545,agentic,50,poisson,561,511,50,,not_applicable
30-minute mixed-workload stability run,1,1,546,agentic,50,poisson,561,514,47,,not_applicable
30-minute mixed-workload stability run,1,1,547,agentic,50,poisson,562,518,44,,not_applicable
30-minute mixed-workload stability run,1,1,548,agentic,50,poisson,563,518,45,,not_applicable
30-minute mixed-workload stability run,1,1,549,agentic,50,poisson,565,518,47,,not_applicable
30-minute mixed-workload stability run,1,1,550,agentic,50,poisson,566,520,46,,not_applicable
30-minute mixed-workload stability run,1,1,551,agentic,50,poisson,569,528,41,,not_applicable
30-minute mixed-workload stability run,1,1,552,agentic,50,poisson,571,528,43,,not_applicable
30-minute mixed-workload stability run,1,1,553,agentic,50,poisson,573,533,40,,not_applicable
30-minute mixed-workload stability run,1,1,554,agentic,50,poisson,574,533,41,,not_applicable
30-minute mixed-workload stability run,1,1,555,agentic,50,poisson,575,535,40,,not_applicable
30-minute mixed-workload stability run,1,1,556,agentic,50,poisson,577,537,40,,not_applicable
30-minute mixed-workload stability run,1,1,557,agentic,50,poisson,578,541,37,,not_applicable
30-minute mixed-workload stability run,1,1,558,agentic,50,poisson,578,542,36,,not_applicable
30-minute mixed-workload stability run,1,1,559,agentic,50,poisson,581,545,36,,not_applicable
30-minute mixed-workload stability run,1,1,560,agentic,50,poisson,583,545,38,,not_applicable
30-minute mixed-workload stability run,1,1,561,agentic,50,poisson,585,550,35,,not_applicable
30-minute mixed-workload stability run,1,1,562,agentic,50,poisson,589,561,28,,not_applicable
30-minute mixed-workload stability run,1,1,563,agentic,50,poisson,593,561,32,,not_applicable
30-minute mixed-workload stability run,1,1,564,agentic,50,poisson,594,561,33,,not_applicable
30-minute mixed-workload stability run,1,1,565,agentic,50,poisson,598,561,37,,not_applicable
30-minute mixed-workload stability run,1,1,566,agentic,50,poisson,599,562,37,,not_applicable
30-minute mixed-workload stability run,1,1,567,agentic,50,poisson,603,562,41,,not_applicable
30-minute mixed-workload stability run,1,1,568,agentic,50,poisson,607,562,45,,not_applicable
30-minute mixed-workload stability run,1,1,569,agentic,50,poisson,608,566,42,,not_applicable
30-minute mixed-workload stability run,1,1,570,agentic,50,poisson,610,568,42,,not_applicable
30-minute mixed-workload stability run,1,1,571,agentic,50,poisson,614,570,44,,not_applicable
30-minute mixed-workload stability run,1,1,572,agentic,50,poisson,614,571,43,,not_applicable
30-minute mixed-workload stability run,1,1,573,agentic,50,poisson,615,575,40,,not_applicable
30-minute mixed-workload stability run,1,1,574,agentic,50,poisson,617,576,41,,not_applicable
30-minute mixed-workload stability run,1,1,575,agentic,50,poisson,618,578,40,,not_applicable
30-minute mixed-workload stability run,1,1,576,agentic,50,poisson,618,578,40,,not_applicable
30-minute mixed-workload stability run,1,1,577,agentic,50,poisson,619,583,36,,not_applicable
30-minute mixed-workload stability run,1,1,578,agentic,50,poisson,619,585,34,,not_applicable
30-minute mixed-workload stability run,1,1,579,agentic,50,poisson,621,593,28,,not_applicable
30-minute mixed-workload stability run,1,1,580,agentic,50,poisson,622,608,14,,not_applicable
30-minute mixed-workload stability run,1,1,581,agentic,50,poisson,623,613,10,,not_applicable
30-minute mixed-workload stability run,1,1,582,agentic,50,poisson,625,617,8,,not_applicable
30-minute mixed-workload stability run,1,1,583,agentic,50,poisson,625,618,7,,not_applicable
30-minute mixed-workload stability run,1,1,584,agentic,50,poisson,626,618,8,,not_applicable
30-minute mixed-workload stability run,1,1,585,agentic,50,poisson,630,618,12,,not_applicable
30-minute mixed-workload stability run,1,1,586,agentic,50,poisson,630,619,11,,not_applicable
30-minute mixed-workload stability run,1,1,587,agentic,50,poisson,633,620,13,,not_applicable
30-minute mixed-workload stability run,1,1,588,agentic,50,poisson,633,621,12,,not_applicable
30-minute mixed-workload stability run,1,1,589,agentic,50,poisson,635,621,14,,not_applicable
30-minute mixed-workload stability run,1,1,590,agentic,50,poisson,636,621,15,,not_applicable
30-minute mixed-workload stability run,1,1,591,agentic,50,poisson,638,622,16,,not_applicable
30-minute mixed-workload stability run,1,1,592,agentic,50,poisson,639,622,17,,not_applicable
30-minute mixed-workload stability run,1,1,593,agentic,50,poisson,640,623,17,,not_applicable
30-minute mixed-workload stability run,1,1,594,agentic,50,poisson,645,623,22,,not_applicable
30-minute mixed-workload stability run,1,1,595,agentic,50,poisson,647,623,24,,not_applicable
30-minute mixed-workload stability run,1,1,596,agentic,50,poisson,649,623,26,,not_applicable
30-minute mixed-workload stability run,1,1,597,agentic,50,poisson,652,625,27,,not_applicable
30-minute mixed-workload stability run,1,1,598,agentic,50,poisson,655,625,30,,not_applicable
30-minute mixed-workload stability run,1,1,599,agentic,50,poisson,656,625,31,,not_applicable
30-minute mixed-workload stability run,1,1,600,agentic,50,poisson,659,626,33,,not_applicable
30-minute mixed-workload stability run,1,1,601,agentic,50,poisson,660,630,30,,not_applicable
30-minute mixed-workload stability run,1,1,602,agentic,50,poisson,662,630,32,,not_applicable
30-minute mixed-workload stability run,1,1,603,agentic,50,poisson,664,635,29,,not_applicable
30-minute mixed-workload stability run,1,1,604,agentic,50,poisson,666,635,31,,not_applicable
30-minute mixed-workload stability run,1,1,605,agentic,50,poisson,667,636,31,,not_applicable
30-minute mixed-workload stability run,1,1,606,agentic,50,poisson,669,639,30,,not_applicable
30-minute mixed-workload stability run,1,1,607,agentic,50,poisson,673,639,34,,not_applicable
30-minute mixed-workload stability run,1,1,608,agentic,50,poisson,673,639,34,,not_applicable
30-minute mixed-workload stability run,1,1,609,agentic,50,poisson,675,639,36,,not_applicable
30-minute mixed-workload stability run,1,1,610,agentic,50,poisson,676,647,29,,not_applicable
30-minute mixed-workload stability run,1,1,611,agentic,50,poisson,678,652,26,,not_applicable
30-minute mixed-workload stability run,1,1,612,agentic,50,poisson,678,652,26,,not_applicable
30-minute mixed-workload stability run,1,1,613,agentic,50,poisson,682,654,28,,not_applicable
30-minute mixed-workload stability run,1,1,614,agentic,50,poisson,684,656,28,,not_applicable
30-minute mixed-workload stability run,1,1,615,agentic,50,poisson,686,657,29,,not_applicable
30-minute mixed-workload stability run,1,1,616,agentic,50,poisson,688,659,29,,not_applicable
30-minute mixed-workload stability run,1,1,617,agentic,50,poisson,688,660,28,,not_applicable
30-minute mixed-workload stability run,1,1,618,agentic,50,poisson,690,660,30,,not_applicable
30-minute mixed-workload stability run,1,1,619,agentic,50,poisson,691,661,30,,not_applicable
30-minute mixed-workload stability run,1,1,620,agentic,50,poisson,692,661,31,,not_applicable
30-minute mixed-workload stability run,1,1,621,agentic,50,poisson,692,661,31,,not_applicable
30-minute mixed-workload stability run,1,1,622,agentic,50,poisson,694,662,32,,not_applicable
30-minute mixed-workload stability run,1,1,623,agentic,50,poisson,697,663,34,,not_applicable
30-minute mixed-workload stability run,1,1,624,agentic,50,poisson,699,666,33,,not_applicable
30-minute mixed-workload stability run,1,1,625,agentic,50,poisson,699,666,33,,not_applicable
30-minute mixed-workload stability run,1,1,626,agentic,50,poisson,699,667,32,,not_applicable
30-minute mixed-workload stability run,1,1,627,agentic,50,poisson,701,667,34,,not_applicable
30-minute mixed-workload stability run,1,1,628,agentic,50,poisson,703,668,35,,not_applicable
30-minute mixed-workload stability run,1,1,629,agentic,50,poisson,705,668,37,,not_applicable
30-minute mixed-workload stability run,1,1,630,agentic,50,poisson,705,668,37,,not_applicable
30-minute mixed-workload stability run,1,1,631,agentic,50,poisson,706,671,35,,not_applicable
30-minute mixed-workload stability run,1,1,632,agentic,50,poisson,706,675,31,,not_applicable
30-minute mixed-workload stability run,1,1,633,agentic,50,poisson,707,675,32,,not_applicable
30-minute mixed-workload stability run,1,1,634,agentic,50,poisson,708,675,33,,not_applicable
30-minute mixed-workload stability run,1,1,635,agentic,50,poisson,708,676,32,,not_applicable
30-minute mixed-workload stability run,1,1,636,agentic,50,poisson,710,677,33,,not_applicable
30-minute mixed-workload stability run,1,1,637,agentic,50,poisson,710,677,33,,not_applicable
30-minute mixed-workload stability run,1,1,638,agentic,50,poisson,711,682,29,,not_applicable
30-minute mixed-workload stability run,1,1,639,agentic,50,poisson,712,683,29,,not_applicable
30-minute mixed-workload stability run,1,1,640,agentic,50,poisson,717,684,33,,not_applicable
30-minute mixed-workload stability run,1,1,641,agentic,50,poisson,717,684,33,,not_applicable
30-minute mixed-workload stability run,1,1,642,agentic,50,poisson,718,686,32,,not_applicable
30-minute mixed-workload stability run,1,1,643,agentic,50,poisson,719,686,33,,not_applicable
30-minute mixed-workload stability run,1,1,644,agentic,50,poisson,719,690,29,,not_applicable
30-minute mixed-workload stability run,1,1,645,agentic,50,poisson,722,691,31,,not_applicable
30-minute mixed-workload stability run,1,1,646,agentic,50,poisson,722,694,28,,not_applicable
30-minute mixed-workload stability run,1,1,647,agentic,50,poisson,725,699,26,,not_applicable
30-minute mixed-workload stability run,1,1,648,agentic,50,poisson,727,701,26,,not_applicable
30-minute mixed-workload stability run,1,1,649,agentic,50,poisson,728,706,22,,not_applicable
30-minute mixed-workload stability run,1,1,650,agentic,50,poisson,731,706,25,,not_applicable
30-minute mixed-workload stability run,1,1,651,agentic,50,poisson,736,706,30,,not_applicable
30-minute mixed-workload stability run,1,1,652,agentic,50,poisson,737,706,31,,not_applicable
30-minute mixed-workload stability run,1,1,653,agentic,50,poisson,738,706,32,,not_applicable
30-minute mixed-workload stability run,1,1,654,agentic,50,poisson,741,708,33,,not_applicable
30-minute mixed-workload stability run,1,1,655,agentic,50,poisson,744,710,34,,not_applicable
30-minute mixed-workload stability run,1,1,656,agentic,50,poisson,744,711,33,,not_applicable
30-minute mixed-workload stability run,1,1,657,agentic,50,poisson,745,711,34,,not_applicable
30-minute mixed-workload stability run,1,1,658,agentic,50,poisson,747,712,35,,not_applicable
30-minute mixed-workload stability run,1,1,659,agentic,50,poisson,747,712,35,,not_applicable
30-minute mixed-workload stability run,1,1,660,agentic,50,poisson,748,718,30,,not_applicable
30-minute mixed-workload stability run,1,1,661,agentic,50,poisson,749,719,30,,not_applicable
30-minute mixed-workload stability run,1,1,662,agentic,50,poisson,752,719,33,,not_applicable
30-minute mixed-workload stability run,1,1,663,agentic,50,poisson,752,721,31,,not_applicable
30-minute mixed-workload stability run,1,1,664,agentic,50,poisson,753,722,31,,not_applicable
30-minute mixed-workload stability run,1,1,665,agentic,50,poisson,753,722,31,,not_applicable
30-minute mixed-workload stability run,1,1,666,agentic,50,poisson,754,722,32,,not_applicable
30-minute mixed-workload stability run,1,1,667,agentic,50,poisson,755,725,30,,not_applicable
30-minute mixed-workload stability run,1,1,668,agentic,50,poisson,756,727,29,,not_applicable
30-minute mixed-workload stability run,1,1,669,agentic,50,poisson,759,734,25,,not_applicable
30-minute mixed-workload stability run,1,1,670,agentic,50,poisson,759,743,16,,not_applicable
30-minute mixed-workload stability run,1,1,671,agentic,50,poisson,760,743,17,,not_applicable
30-minute mixed-workload stability run,1,1,672,agentic,50,poisson,764,744,20,,not_applicable
30-minute mixed-workload stability run,1,1,673,agentic,50,poisson,767,745,22,,not_applicable
30-minute mixed-workload stability run,1,1,674,agentic,50,poisson,768,745,23,,not_applicable
30-minute mixed-workload stability run,1,1,675,agentic,50,poisson,769,745,24,,not_applicable
30-minute mixed-workload stability run,1,1,676,agentic,50,poisson,771,748,23,,not_applicable
30-minute mixed-workload stability run,1,1,677,agentic,50,poisson,772,748,24,,not_applicable
30-minute mixed-workload stability run,1,1,678,agentic,50,poisson,775,748,27,,not_applicable
30-minute mixed-workload stability run,1,1,679,agentic,50,poisson,776,751,25,,not_applicable
30-minute mixed-workload stability run,1,1,680,agentic,50,poisson,779,752,27,,not_applicable
30-minute mixed-workload stability run,1,1,681,agentic,50,poisson,781,752,29,,not_applicable
30-minute mixed-workload stability run,1,1,682,agentic,50,poisson,783,752,31,,not_applicable
30-minute mixed-workload stability run,1,1,683,agentic,50,poisson,784,752,32,,not_applicable
30-minute mixed-workload stability run,1,1,684,agentic,50,poisson,785,752,33,,not_applicable
30-minute mixed-workload stability run,1,1,685,agentic,50,poisson,787,753,34,,not_applicable
30-minute mixed-workload stability run,1,1,686,agentic,50,poisson,788,754,34,,not_applicable
30-minute mixed-workload stability run,1,1,687,agentic,50,poisson,789,754,35,,not_applicable
30-minute mixed-workload stability run,1,1,688,agentic,50,poisson,790,755,35,,not_applicable
30-minute mixed-workload stability run,1,1,689,agentic,50,poisson,792,756,36,,not_applicable
30-minute mixed-workload stability run,1,1,690,agentic,50,poisson,792,758,34,,not_applicable
30-minute mixed-workload stability run,1,1,691,agentic,50,poisson,792,758,34,,not_applicable
30-minute mixed-workload stability run,1,1,692,agentic,50,poisson,793,758,35,,not_applicable
30-minute mixed-workload stability run,1,1,693,agentic,50,poisson,794,759,35,,not_applicable
30-minute mixed-workload stability run,1,1,694,agentic,50,poisson,795,759,36,,not_applicable
30-minute mixed-workload stability run,1,1,695,agentic,50,poisson,797,759,38,,not_applicable
30-minute mixed-workload stability run,1,1,696,agentic,50,poisson,798,769,29,,not_applicable
30-minute mixed-workload stability run,1,1,697,agentic,50,poisson,799,771,28,,not_applicable
30-minute mixed-workload stability run,1,1,698,agentic,50,poisson,799,779,20,,not_applicable
30-minute mixed-workload stability run,1,1,699,agentic,50,poisson,800,784,16,,not_applicable
30-minute mixed-workload stability run,1,1,700,agentic,50,poisson,802,787,15,,not_applicable
30-minute mixed-workload stability run,1,1,701,agentic,50,poisson,805,787,18,,not_applicable
30-minute mixed-workload stability run,1,1,702,agentic,50,poisson,805,787,18,,not_applicable
30-minute mixed-workload stability run,1,1,703,agentic,50,poisson,808,791,17,,not_applicable
30-minute mixed-workload stability run,1,1,704,agentic,50,poisson,808,792,16,,not_applicable
30-minute mixed-workload stability run,1,1,705,agentic,50,poisson,808,793,15,,not_applicable
30-minute mixed-workload stability run,1,1,706,agentic,50,poisson,809,793,16,,not_applicable
30-minute mixed-workload stability run,1,1,707,agentic,50,poisson,813,794,19,,not_applicable
30-minute mixed-workload stability run,1,1,708,agentic,50,poisson,814,795,19,,not_applicable
30-minute mixed-workload stability run,1,1,709,agentic,50,poisson,817,795,22,,not_applicable
30-minute mixed-workload stability run,1,1,710,agentic,50,poisson,817,796,21,,not_applicable
30-minute mixed-workload stability run,1,1,711,agentic,50,poisson,820,796,24,,not_applicable
30-minute mixed-workload stability run,1,1,712,agentic,50,poisson,820,796,24,,not_applicable
30-minute mixed-workload stability run,1,1,713,agentic,50,poisson,821,798,23,,not_applicable
30-minute mixed-workload stability run,1,1,714,agentic,50,poisson,821,798,23,,not_applicable
30-minute mixed-workload stability run,1,1,715,agentic,50,poisson,823,798,25,,not_applicable
30-minute mixed-workload stability run,1,1,716,agentic,50,poisson,828,799,29,,not_applicable
30-minute mixed-workload stability run,1,1,717,agentic,50,poisson,829,799,30,,not_applicable
30-minute mixed-workload stability run,1,1,718,agentic,50,poisson,831,799,32,,not_applicable
30-minute mixed-workload stability run,1,1,719,agentic,50,poisson,833,799,34,,not_applicable
30-minute mixed-workload stability run,1,1,720,agentic,50,poisson,835,799,36,,not_applicable
30-minute mixed-workload stability run,1,1,721,agentic,50,poisson,836,800,36,,not_applicable
30-minute mixed-workload stability run,1,1,722,agentic,50,poisson,836,801,35,,not_applicable
30-minute mixed-workload stability run,1,1,723,agentic,50,poisson,836,807,29,,not_applicable
30-minute mixed-workload stability run,1,1,724,agentic,50,poisson,836,809,27,,not_applicable
30-minute mixed-workload stability run,1,1,725,agentic,50,poisson,836,820,16,,not_applicable
30-minute mixed-workload stability run,1,1,726,agentic,50,poisson,836,836,0,,not_applicable
30-minute mixed-workload stability run,1,1,727,agentic,50,poisson,836,836,0,,not_applicable
30-minute mixed-workload stability run,1,1,728,agentic,50,poisson,836,836,0,,not_applicable
30-minute mixed-workload stability run,1,1,729,agentic,50,poisson,837,836,1,,not_applicable
30-minute mixed-workload stability run,1,1,730,agentic,50,poisson,837,836,1,,not_applicable
30-minute mixed-workload stability run,1,1,731,agentic,50,poisson,837,836,1,,not_applicable
30-minute mixed-workload stability run,1,1,732,agentic,50,poisson,837,837,0,,not_applicable
30-minute mixed-workload stability run,1,1,733,agentic,50,poisson,837,837,0,,not_applicable
30-minute mixed-workload stability run,1,1,734,agentic,50,poisson,837,837,0,,not_applicable
30-minute mixed-workload stability run,1,1,735,agentic,50,poisson,837,837,0,,not_applicable
30-minute mixed-workload stability run,1,1,736,agentic,50,poisson,837,837,0,,not_applicable
30-minute mixed-workload stability run,1,1,737,agentic,50,poisson,837,837,0,,not_applicable
30-minute mixed-workload stability run,1,1,738,agentic,50,poisson,838,837,1,,not_applicable
30-minute mixed-workload stability run,1,1,739,agentic,50,poisson,838,837,1,,not_applicable
30-minute mixed-workload stability run,1,1,740,agentic,50,poisson,838,837,1,,not_applicable
30-minute mixed-workload stability run,1,1,741,agentic,50,poisson,839,838,1,,not_applicable
30-minute mixed-workload stability run,1,1,742,agentic,50,poisson,839,838,1,,not_applicable
30-minute mixed-workload stability run,1,1,743,agentic,50,poisson,841,838,3,,not_applicable
30-minute mixed-workload stability run,1,1,744,agentic,50,poisson,841,838,3,,not_applicable
30-minute mixed-workload stability run,1,1,745,agentic,50,poisson,841,839,2,,not_applicable
30-minute mixed-workload stability run,1,1,746,agentic,50,poisson,841,839,2,,not_applicable
30-minute mixed-workload stability run,1,1,747,agentic,50,poisson,842,841,1,,not_applicable
30-minute mixed-workload stability run,1,1,748,agentic,50,poisson,842,841,1,,not_applicable
30-minute mixed-workload stability run,1,1,749,agentic,50,poisson,842,841,1,,not_applicable
30-minute mixed-workload stability run,1,1,750,agentic,50,poisson,842,842,0,,not_applicable
30-minute mixed-workload stability run,1,1,751,agentic,50,poisson,842,842,0,,not_applicable
30-minute mixed-workload stability run,1,1,752,agentic,50,poisson,842,842,0,,not_applicable
30-minute mixed-workload stability run,1,1,753,agentic,50,poisson,843,842,1,,not_applicable
30-minute mixed-workload stability run,1,1,754,agentic,50,poisson,843,842,1,,not_applicable
30-minute mixed-workload stability run,1,1,755,agentic,50,poisson,843,842,1,,not_applicable
30-minute mixed-workload stability run,1,1,756,agentic,50,poisson,843,843,0,,not_applicable
30-minute mixed-workload stability run,1,1,757,agentic,50,poisson,843,843,0,,not_applicable
30-minute mixed-workload stability run,1,1,758,agentic,50,poisson,844,843,1,,not_applicable
30-minute mixed-workload stability run,1,1,759,agentic,50,poisson,844,843,1,,not_applicable
30-minute mixed-workload stability run,1,1,760,agentic,50,poisson,845,843,2,,not_applicable
30-minute mixed-workload stability run,1,1,761,agentic,50,poisson,845,844,1,,not_applicable
30-minute mixed-workload stability run,1,1,762,agentic,50,poisson,845,845,0,,not_applicable
30-minute mixed-workload stability run,1,1,763,agentic,50,poisson,845,845,0,,not_applicable
30-minute mixed-workload stability run,1,1,764,agentic,50,poisson,846,845,1,,not_applicable
30-minute mixed-workload stability run,1,1,765,agentic,50,poisson,846,845,1,,not_applicable
30-minute mixed-workload stability run,1,1,766,agentic,50,poisson,846,845,1,,not_applicable
30-minute mixed-workload stability run,1,1,767,agentic,50,poisson,846,845,1,,not_applicable
30-minute mixed-workload stability run,1,1,768,agentic,50,poisson,847,846,1,,not_applicable
30-minute mixed-workload stability run,1,1,769,agentic,50,poisson,847,846,1,,not_applicable
30-minute mixed-workload stability run,1,1,770,agentic,50,poisson,847,846,1,,not_applicable
30-minute mixed-workload stability run,1,1,771,agentic,50,poisson,847,847,0,,not_applicable
30-minute mixed-workload stability run,1,1,772,agentic,50,poisson,847,847,0,,not_applicable
30-minute mixed-workload stability run,1,1,773,agentic,50,poisson,847,847,0,,not_applicable
30-minute mixed-workload stability run,1,1,774,agentic,50,poisson,847,847,0,,not_applicable
30-minute mixed-workload stability run,1,1,775,agentic,50,poisson,847,847,0,,not_applicable
30-minute mixed-workload stability run,1,1,776,agentic,50,poisson,847,847,0,,not_applicable
30-minute mixed-workload stability run,1,1,777,agentic,50,poisson,847,847,0,,not_applicable
30-minute mixed-workload stability run,1,1,778,agentic,50,poisson,847,847,0,,not_applicable
30-minute mixed-workload stability run,1,1,779,agentic,50,poisson,848,847,1,,not_applicable
30-minute mixed-workload stability run,1,1,780,agentic,50,poisson,848,847,1,,not_applicable
30-minute mixed-workload stability run,1,1,781,agentic,50,poisson,848,848,0,,not_applicable
30-minute mixed-workload stability run,1,1,782,agentic,50,poisson,848,848,0,,not_applicable
30-minute mixed-workload stability run,1,1,783,agentic,50,poisson,848,848,0,,not_applicable
30-minute mixed-workload stability run,1,1,784,agentic,50,poisson,848,848,0,,not_applicable
30-minute mixed-workload stability run,1,1,785,agentic,50,poisson,848,848,0,,not_applicable
30-minute mixed-workload stability run,1,1,786,agentic,50,poisson,848,848,0,,not_applicable
30-minute mixed-workload stability run,1,1,787,agentic,50,poisson,848,848,0,,not_applicable
30-minute mixed-workload stability run,1,1,788,agentic,50,poisson,848,848,0,,not_applicable
30-minute mixed-workload stability run,1,1,789,agentic,50,poisson,848,848,0,,not_applicable
30-minute mixed-workload stability run,1,1,790,agentic,50,poisson,848,848,0,,not_applicable
30-minute mixed-workload stability run,1,1,791,agentic,50,poisson,849,848,1,,not_applicable
30-minute mixed-workload stability run,1,1,792,agentic,50,poisson,849,848,1,,not_applicable
30-minute mixed-workload stability run,1,1,793,agentic,50,poisson,849,848,1,,not_applicable
30-minute mixed-workload stability run,1,1,794,agentic,50,poisson,850,849,1,,not_applicable
30-minute mixed-workload stability run,1,1,795,agentic,50,poisson,850,849,1,,not_applicable
30-minute mixed-workload stability run,1,1,796,agentic,50,poisson,851,849,2,,not_applicable
30-minute mixed-workload stability run,1,1,797,agentic,50,poisson,852,849,3,,not_applicable
30-minute mixed-workload stability run,1,1,798,agentic,50,poisson,853,850,3,,not_applicable
30-minute mixed-workload stability run,1,1,799,agentic,50,poisson,853,850,3,,not_applicable
30-minute mixed-workload stability run,1,1,800,agentic,50,poisson,854,852,2,,not_applicable
30-minute mixed-workload stability run,1,1,801,agentic,50,poisson,855,852,3,,not_applicable
30-minute mixed-workload stability run,1,1,802,agentic,50,poisson,855,853,2,,not_applicable
30-minute mixed-workload stability run,1,1,803,agentic,50,poisson,855,853,2,,not_applicable
30-minute mixed-workload stability run,1,1,804,agentic,50,poisson,855,855,0,,not_applicable
30-minute mixed-workload stability run,1,1,805,agentic,50,poisson,855,855,0,,not_applicable
30-minute mixed-workload stability run,1,1,806,agentic,50,poisson,857,855,2,,not_applicable
30-minute mixed-workload stability run,1,1,807,agentic,50,poisson,857,855,2,,not_applicable
30-minute mixed-workload stability run,1,1,808,agentic,50,poisson,859,855,4,,not_applicable
30-minute mixed-workload stability run,1,1,809,agentic,50,poisson,859,856,3,,not_applicable
30-minute mixed-workload stability run,1,1,810,agentic,50,poisson,859,857,2,,not_applicable
30-minute mixed-workload stability run,1,1,811,agentic,50,poisson,859,858,1,,not_applicable
30-minute mixed-workload stability run,1,1,812,agentic,50,poisson,859,859,0,,not_applicable
30-minute mixed-workload stability run,1,1,813,agentic,50,poisson,859,859,0,,not_applicable
30-minute mixed-workload stability run,1,1,814,agentic,50,poisson,860,859,1,,not_applicable
30-minute mixed-workload stability run,1,1,815,agentic,50,poisson,860,859,1,,not_applicable
30-minute mixed-workload stability run,1,1,816,agentic,50,poisson,861,859,2,,not_applicable
30-minute mixed-workload stability run,1,1,817,agentic,50,poisson,861,859,2,,not_applicable
30-minute mixed-workload stability run,1,1,818,agentic,50,poisson,861,860,1,,not_applicable
30-minute mixed-workload stability run,1,1,819,agentic,50,poisson,861,860,1,,not_applicable
30-minute mixed-workload stability run,1,1,820,agentic,50,poisson,862,861,1,,not_applicable
30-minute mixed-workload stability run,1,1,821,agentic,50,poisson,864,861,3,,not_applicable
30-minute mixed-workload stability run,1,1,822,agentic,50,poisson,864,861,3,,not_applicable
30-minute mixed-workload stability run,1,1,823,agentic,50,poisson,864,862,2,,not_applicable
30-minute mixed-workload stability run,1,1,824,agentic,50,poisson,864,864,0,,not_applicable
30-minute mixed-workload stability run,1,1,825,agentic,50,poisson,864,864,0,,not_applicable
30-minute mixed-workload stability run,1,1,826,agentic,50,poisson,864,864,0,,not_applicable
30-minute mixed-workload stability run,1,1,827,agentic,50,poisson,865,864,1,,not_applicable
30-minute mixed-workload stability run,1,1,828,agentic,50,poisson,865,864,1,,not_applicable
30-minute mixed-workload stability run,1,1,829,agentic,50,poisson,865,865,0,,not_applicable
30-minute mixed-workload stability run,1,1,830,agentic,50,poisson,865,865,0,,not_applicable
30-minute mixed-workload stability run,1,1,831,agentic,50,poisson,865,865,0,,not_applicable
30-minute mixed-workload stability run,1,1,832,agentic,50,poisson,865,865,0,,not_applicable
30-minute mixed-workload stability run,1,1,833,agentic,50,poisson,865,865,0,,not_applicable
30-minute mixed-workload stability run,1,1,834,agentic,50,poisson,866,865,1,,not_applicable
30-minute mixed-workload stability run,1,1,835,agentic,50,poisson,867,865,2,,not_applicable
30-minute mixed-workload stability run,1,1,836,agentic,50,poisson,867,865,2,,not_applicable
30-minute mixed-workload stability run,1,1,837,agentic,50,poisson,867,866,1,,not_applicable
30-minute mixed-workload stability run,1,1,838,agentic,50,poisson,867,867,0,,not_applicable
30-minute mixed-workload stability run,1,1,839,agentic,50,poisson,867,867,0,,not_applicable
30-minute mixed-workload stability run,1,1,840,agentic,50,poisson,867,867,0,,not_applicable
30-minute mixed-workload stability run,1,1,841,agentic,50,poisson,868,867,1,,not_applicable
30-minute mixed-workload stability run,1,1,842,agentic,50,poisson,869,867,2,,not_applicable
30-minute mixed-workload stability run,1,1,843,agentic,50,poisson,869,867,2,,not_applicable
30-minute mixed-workload stability run,1,1,844,agentic,50,poisson,869,867,2,,not_applicable
30-minute mixed-workload stability run,1,1,845,agentic,50,poisson,869,868,1,,not_applicable
30-minute mixed-workload stability run,1,1,846,agentic,50,poisson,869,869,0,,not_applicable
30-minute mixed-workload stability run,1,1,847,agentic,50,poisson,869,869,0,,not_applicable
30-minute mixed-workload stability run,1,1,848,agentic,50,poisson,870,869,1,,not_applicable
30-minute mixed-workload stability run,1,1,849,agentic,50,poisson,872,869,3,,not_applicable
30-minute mixed-workload stability run,1,1,850,agentic,50,poisson,872,869,3,,not_applicable
30-minute mixed-workload stability run,1,1,851,agentic,50,poisson,872,870,2,,not_applicable
30-minute mixed-workload stability run,1,1,852,agentic,50,poisson,873,872,1,,not_applicable
30-minute mixed-workload stability run,1,1,853,agentic,50,poisson,874,872,2,,not_applicable
30-minute mixed-workload stability run,1,1,854,agentic,50,poisson,875,872,3,,not_applicable
30-minute mixed-workload stability run,1,1,855,agentic,50,poisson,875,872,3,,not_applicable
30-minute mixed-workload stability run,1,1,856,agentic,50,poisson,877,873,4,,not_applicable
30-minute mixed-workload stability run,1,1,857,agentic,50,poisson,878,875,3,,not_applicable
30-minute mixed-workload stability run,1,1,858,agentic,50,poisson,878,875,3,,not_applicable
30-minute mixed-workload stability run,1,1,859,agentic,50,poisson,879,876,3,,not_applicable
30-minute mixed-workload stability run,1,1,860,agentic,50,poisson,879,878,1,,not_applicable
30-minute mixed-workload stability run,1,1,861,agentic,50,poisson,880,878,2,,not_applicable
30-minute mixed-workload stability run,1,1,862,agentic,50,poisson,881,878,3,,not_applicable
30-minute mixed-workload stability run,1,1,863,agentic,50,poisson,881,879,2,,not_applicable
30-minute mixed-workload stability run,1,1,864,agentic,50,poisson,883,880,3,,not_applicable
30-minute mixed-workload stability run,1,1,865,agentic,50,poisson,883,880,3,,not_applicable
30-minute mixed-workload stability run,1,1,866,agentic,50,poisson,883,881,2,,not_applicable
30-minute mixed-workload stability run,1,1,867,agentic,50,poisson,884,881,3,,not_applicable
30-minute mixed-workload stability run,1,1,868,agentic,50,poisson,884,883,1,,not_applicable
30-minute mixed-workload stability run,1,1,869,agentic,50,poisson,884,883,1,,not_applicable
30-minute mixed-workload stability run,1,1,870,agentic,50,poisson,884,883,1,,not_applicable
30-minute mixed-workload stability run,1,1,871,agentic,50,poisson,885,884,1,,not_applicable
30-minute mixed-workload stability run,1,1,872,agentic,50,poisson,887,884,3,,not_applicable
30-minute mixed-workload stability run,1,1,873,agentic,50,poisson,887,884,3,,not_applicable
30-minute mixed-workload stability run,1,1,874,agentic,50,poisson,887,885,2,,not_applicable
30-minute mixed-workload stability run,1,1,875,agentic,50,poisson,889,885,4,,not_applicable
30-minute mixed-workload stability run,1,1,876,agentic,50,poisson,889,887,2,,not_applicable
30-minute mixed-workload stability run,1,1,877,agentic,50,poisson,889,887,2,,not_applicable
30-minute mixed-workload stability run,1,1,878,agentic,50,poisson,889,889,0,,not_applicable
30-minute mixed-workload stability run,1,1,879,agentic,50,poisson,890,889,1,,not_applicable
30-minute mixed-workload stability run,1,1,880,agentic,50,poisson,890,889,1,,not_applicable
30-minute mixed-workload stability run,1,1,881,agentic,50,poisson,890,889,1,,not_applicable
30-minute mixed-workload stability run,1,1,882,agentic,50,poisson,890,890,0,,not_applicable
30-minute mixed-workload stability run,1,1,883,agentic,50,poisson,890,890,0,,not_applicable
30-minute mixed-workload stability run,1,1,884,agentic,50,poisson,890,890,0,,not_applicable
30-minute mixed-workload stability run,1,1,885,agentic,50,poisson,890,890,0,,not_applicable
30-minute mixed-workload stability run,1,1,886,agentic,50,poisson,891,890,1,,not_applicable
30-minute mixed-workload stability run,1,1,887,agentic,50,poisson,892,890,2,,not_applicable
30-minute mixed-workload stability run,1,1,888,agentic,50,poisson,893,890,3,,not_applicable
30-minute mixed-workload stability run,1,1,889,agentic,50,poisson,894,890,4,,not_applicable
30-minute mixed-workload stability run,1,1,890,agentic,50,poisson,894,892,2,,not_applicable
30-minute mixed-workload stability run,1,1,891,agentic,50,poisson,894,892,2,,not_applicable
30-minute mixed-workload stability run,1,1,892,agentic,50,poisson,894,893,1,,not_applicable
30-minute mixed-workload stability run,1,1,893,agentic,50,poisson,894,894,0,,not_applicable
30-minute mixed-workload stability run,1,1,894,agentic,50,poisson,895,894,1,,not_applicable
30-minute mixed-workload stability run,1,1,895,agentic,50,poisson,895,894,1,,not_applicable
30-minute mixed-workload stability run,1,1,896,agentic,50,poisson,896,894,2,,not_applicable
30-minute mixed-workload stability run,1,1,897,agentic,50,poisson,897,895,2,,not_applicable
30-minute mixed-workload stability run,1,1,898,agentic,50,poisson,898,895,3,,not_applicable
30-minute mixed-workload stability run,1,1,899,agentic,50,poisson,898,896,2,,not_applicable
30-minute mixed-workload stability run,1,1,900,agentic,50,poisson,898,898,0,,not_applicable
30-minute mixed-workload stability run,1,1,901,agentic,50,poisson,898,898,0,,not_applicable
30-minute mixed-workload stability run,1,1,902,agentic,50,poisson,898,898,0,,not_applicable
30-minute mixed-workload stability run,1,1,903,agentic,50,poisson,900,898,2,,not_applicable
30-minute mixed-workload stability run,1,1,904,agentic,50,poisson,901,898,3,,not_applicable
30-minute mixed-workload stability run,1,1,905,agentic,50,poisson,901,898,3,,not_applicable
30-minute mixed-workload stability run,1,1,906,agentic,50,poisson,901,898,3,,not_applicable
30-minute mixed-workload stability run,1,1,907,agentic,50,poisson,902,899,3,,not_applicable
30-minute mixed-workload stability run,1,1,908,agentic,50,poisson,902,900,2,,not_applicable
30-minute mixed-workload stability run,1,1,909,agentic,50,poisson,902,901,1,,not_applicable
30-minute mixed-workload stability run,1,1,910,agentic,50,poisson,905,901,4,,not_applicable
30-minute mixed-workload stability run,1,1,911,agentic,50,poisson,906,901,5,,not_applicable
30-minute mixed-workload stability run,1,1,912,agentic,50,poisson,908,901,7,,not_applicable
30-minute mixed-workload stability run,1,1,913,agentic,50,poisson,908,901,7,,not_applicable
30-minute mixed-workload stability run,1,1,914,agentic,50,poisson,909,902,7,,not_applicable
30-minute mixed-workload stability run,1,1,915,agentic,50,poisson,911,902,9,,not_applicable
30-minute mixed-workload stability run,1,1,916,agentic,50,poisson,911,902,9,,not_applicable
30-minute mixed-workload stability run,1,1,917,agentic,50,poisson,913,905,8,,not_applicable
30-minute mixed-workload stability run,1,1,918,agentic,50,poisson,914,905,9,,not_applicable
30-minute mixed-workload stability run,1,1,919,agentic,50,poisson,915,907,8,,not_applicable
30-minute mixed-workload stability run,1,1,920,agentic,50,poisson,916,908,8,,not_applicable
30-minute mixed-workload stability run,1,1,921,agentic,50,poisson,919,908,11,,not_applicable
30-minute mixed-workload stability run,1,1,922,agentic,50,poisson,920,908,12,,not_applicable
30-minute mixed-workload stability run,1,1,923,agentic,50,poisson,920,908,12,,not_applicable
30-minute mixed-workload stability run,1,1,924,agentic,50,poisson,920,908,12,,not_applicable
30-minute mixed-workload stability run,1,1,925,agentic,50,poisson,920,909,11,,not_applicable
30-minute mixed-workload stability run,1,1,926,agentic,50,poisson,921,909,12,,not_applicable
30-minute mixed-workload stability run,1,1,927,agentic,50,poisson,924,909,15,,not_applicable
30-minute mixed-workload stability run,1,1,928,agentic,50,poisson,926,910,16,,not_applicable
30-minute mixed-workload stability run,1,1,929,agentic,50,poisson,929,910,19,,not_applicable
30-minute mixed-workload stability run,1,1,930,agentic,50,poisson,932,911,21,,not_applicable
30-minute mixed-workload stability run,1,1,931,agentic,50,poisson,936,911,25,,not_applicable
30-minute mixed-workload stability run,1,1,932,agentic,50,poisson,936,911,25,,not_applicable
30-minute mixed-workload stability run,1,1,933,agentic,50,poisson,937,911,26,,not_applicable
30-minute mixed-workload stability run,1,1,934,agentic,50,poisson,938,912,26,,not_applicable
30-minute mixed-workload stability run,1,1,935,agentic,50,poisson,940,913,27,,not_applicable
30-minute mixed-workload stability run,1,1,936,agentic,50,poisson,941,913,28,,not_applicable
30-minute mixed-workload stability run,1,1,937,agentic,50,poisson,944,914,30,,not_applicable
30-minute mixed-workload stability run,1,1,938,agentic,50,poisson,945,915,30,,not_applicable
30-minute mixed-workload stability run,1,1,939,agentic,50,poisson,947,920,27,,not_applicable
30-minute mixed-workload stability run,1,1,940,agentic,50,poisson,947,920,27,,not_applicable
30-minute mixed-workload stability run,1,1,941,agentic,50,poisson,951,920,31,,not_applicable
30-minute mixed-workload stability run,1,1,942,agentic,50,poisson,951,921,30,,not_applicable
30-minute mixed-workload stability run,1,1,943,agentic,50,poisson,951,923,28,,not_applicable
30-minute mixed-workload stability run,1,1,944,agentic,50,poisson,952,937,15,,not_applicable
30-minute mixed-workload stability run,1,1,945,agentic,50,poisson,955,940,15,,not_applicable
30-minute mixed-workload stability run,1,1,946,agentic,50,poisson,959,941,18,,not_applicable
30-minute mixed-workload stability run,1,1,947,agentic,50,poisson,959,944,15,,not_applicable
30-minute mixed-workload stability run,1,1,948,agentic,50,poisson,960,945,15,,not_applicable
30-minute mixed-workload stability run,1,1,949,agentic,50,poisson,962,947,15,,not_applicable
30-minute mixed-workload stability run,1,1,950,agentic,50,poisson,963,948,15,,not_applicable
30-minute mixed-workload stability run,1,1,951,agentic,50,poisson,967,948,19,,not_applicable
30-minute mixed-workload stability run,1,1,952,agentic,50,poisson,968,950,18,,not_applicable
30-minute mixed-workload stability run,1,1,953,agentic,50,poisson,968,951,17,,not_applicable
30-minute mixed-workload stability run,1,1,954,agentic,50,poisson,971,951,20,,not_applicable
30-minute mixed-workload stability run,1,1,955,agentic,50,poisson,973,951,22,,not_applicable
30-minute mixed-workload stability run,1,1,956,agentic,50,poisson,974,951,23,,not_applicable
30-minute mixed-workload stability run,1,1,957,agentic,50,poisson,977,951,26,,not_applicable
30-minute mixed-workload stability run,1,1,958,agentic,50,poisson,980,951,29,,not_applicable
30-minute mixed-workload stability run,1,1,959,agentic,50,poisson,983,951,32,,not_applicable
30-minute mixed-workload stability run,1,1,960,agentic,50,poisson,988,951,37,,not_applicable
30-minute mixed-workload stability run,1,1,961,agentic,50,poisson,989,951,38,,not_applicable
30-minute mixed-workload stability run,1,1,962,agentic,50,poisson,995,952,43,,not_applicable
30-minute mixed-workload stability run,1,1,963,agentic,50,poisson,998,953,45,,not_applicable
30-minute mixed-workload stability run,1,1,964,agentic,50,poisson,1000,953,47,,not_applicable
30-minute mixed-workload stability run,1,1,965,agentic,50,poisson,1001,953,48,,not_applicable
30-minute mixed-workload stability run,1,1,966,agentic,50,poisson,1003,955,48,,not_applicable
30-minute mixed-workload stability run,1,1,967,agentic,50,poisson,1004,959,45,,not_applicable
30-minute mixed-workload stability run,1,1,968,agentic,50,poisson,1006,959,47,,not_applicable
30-minute mixed-workload stability run,1,1,969,agentic,50,poisson,1007,959,48,,not_applicable
30-minute mixed-workload stability run,1,1,970,agentic,50,poisson,1007,960,47,,not_applicable
30-minute mixed-workload stability run,1,1,971,agentic,50,poisson,1008,960,48,,not_applicable
30-minute mixed-workload stability run,1,1,972,agentic,50,poisson,1012,960,52,,not_applicable
30-minute mixed-workload stability run,1,1,973,agentic,50,poisson,1012,960,52,,not_applicable
30-minute mixed-workload stability run,1,1,974,agentic,50,poisson,1015,960,55,,not_applicable
30-minute mixed-workload stability run,1,1,975,agentic,50,poisson,1015,962,53,,not_applicable
30-minute mixed-workload stability run,1,1,976,agentic,50,poisson,1019,963,56,,not_applicable
30-minute mixed-workload stability run,1,1,977,agentic,50,poisson,1020,968,52,,not_applicable
30-minute mixed-workload stability run,1,1,978,agentic,50,poisson,1021,968,53,,not_applicable
30-minute mixed-workload stability run,1,1,979,agentic,50,poisson,1024,972,52,,not_applicable
30-minute mixed-workload stability run,1,1,980,agentic,50,poisson,1024,983,41,,not_applicable
30-minute mixed-workload stability run,1,1,981,agentic,50,poisson,1025,987,38,,not_applicable
30-minute mixed-workload stability run,1,1,982,agentic,50,poisson,1027,991,36,,not_applicable
30-minute mixed-workload stability run,1,1,983,agentic,50,poisson,1030,991,39,,not_applicable
30-minute mixed-workload stability run,1,1,984,agentic,50,poisson,1032,992,40,,not_applicable
30-minute mixed-workload stability run,1,1,985,agentic,50,poisson,1033,993,40,,not_applicable
30-minute mixed-workload stability run,1,1,986,agentic,50,poisson,1036,993,43,,not_applicable
30-minute mixed-workload stability run,1,1,987,agentic,50,poisson,1043,993,50,,not_applicable
30-minute mixed-workload stability run,1,1,988,agentic,50,poisson,1045,1000,45,,not_applicable
30-minute mixed-workload stability run,1,1,989,agentic,50,poisson,1048,1003,45,,not_applicable
30-minute mixed-workload stability run,1,1,990,agentic,50,poisson,1051,1004,47,,not_applicable
30-minute mixed-workload stability run,1,1,991,agentic,50,poisson,1054,1004,50,,not_applicable
30-minute mixed-workload stability run,1,1,992,agentic,50,poisson,1055,1005,50,,not_applicable
30-minute mixed-workload stability run,1,1,993,agentic,50,poisson,1055,1006,49,,not_applicable
30-minute mixed-workload stability run,1,1,994,agentic,50,poisson,1058,1006,52,,not_applicable
30-minute mixed-workload stability run,1,1,995,agentic,50,poisson,1059,1006,53,,not_applicable
30-minute mixed-workload stability run,1,1,996,agentic,50,poisson,1060,1007,53,,not_applicable
30-minute mixed-workload stability run,1,1,997,agentic,50,poisson,1060,1007,53,,not_applicable
30-minute mixed-workload stability run,1,1,998,agentic,50,poisson,1061,1011,50,,not_applicable
30-minute mixed-workload stability run,1,1,999,agentic,50,poisson,1061,1012,49,,not_applicable
30-minute mixed-workload stability run,1,1,1000,agentic,50,poisson,1064,1012,52,,not_applicable
30-minute mixed-workload stability run,1,1,1001,agentic,50,poisson,1068,1014,54,,not_applicable
30-minute mixed-workload stability run,1,1,1002,agentic,50,poisson,1069,1017,52,,not_applicable
30-minute mixed-workload stability run,1,1,1003,agentic,50,poisson,1072,1019,53,,not_applicable
30-minute mixed-workload stability run,1,1,1004,agentic,50,poisson,1073,1022,51,,not_applicable
30-minute mixed-workload stability run,1,1,1005,agentic,50,poisson,1073,1023,50,,not_applicable
30-minute mixed-workload stability run,1,1,1006,agentic,50,poisson,1075,1024,51,,not_applicable
30-minute mixed-workload stability run,1,1,1007,agentic,50,poisson,1077,1024,53,,not_applicable
30-minute mixed-workload stability run,1,1,1008,agentic,50,poisson,1079,1025,54,,not_applicable
30-minute mixed-workload stability run,1,1,1009,agentic,50,poisson,1080,1032,48,,not_applicable
30-minute mixed-workload stability run,1,1,1010,agentic,50,poisson,1082,1032,50,,not_applicable
30-minute mixed-workload stability run,1,1,1011,agentic,50,poisson,1084,1033,51,,not_applicable
30-minute mixed-workload stability run,1,1,1012,agentic,50,poisson,1087,1036,51,,not_applicable
30-minute mixed-workload stability run,1,1,1013,agentic,50,poisson,1089,1043,46,,not_applicable
30-minute mixed-workload stability run,1,1,1014,agentic,50,poisson,1093,1045,48,,not_applicable
30-minute mixed-workload stability run,1,1,1015,agentic,50,poisson,1096,1053,43,,not_applicable
30-minute mixed-workload stability run,1,1,1016,agentic,50,poisson,1099,1056,43,,not_applicable
30-minute mixed-workload stability run,1,1,1017,agentic,50,poisson,1099,1060,39,,not_applicable
30-minute mixed-workload stability run,1,1,1018,agentic,50,poisson,1101,1060,41,,not_applicable
30-minute mixed-workload stability run,1,1,1019,agentic,50,poisson,1103,1064,39,,not_applicable
30-minute mixed-workload stability run,1,1,1020,agentic,50,poisson,1106,1067,39,,not_applicable
30-minute mixed-workload stability run,1,1,1021,agentic,50,poisson,1108,1069,39,,not_applicable
30-minute mixed-workload stability run,1,1,1022,agentic,50,poisson,1111,1073,38,,not_applicable
30-minute mixed-workload stability run,1,1,1023,agentic,50,poisson,1113,1073,40,,not_applicable
30-minute mixed-workload stability run,1,1,1024,agentic,50,poisson,1116,1075,41,,not_applicable
30-minute mixed-workload stability run,1,1,1025,agentic,50,poisson,1118,1078,40,,not_applicable
30-minute mixed-workload stability run,1,1,1026,agentic,50,poisson,1118,1079,39,,not_applicable
30-minute mixed-workload stability run,1,1,1027,agentic,50,poisson,1119,1087,32,,not_applicable
30-minute mixed-workload stability run,1,1,1028,agentic,50,poisson,1122,1093,29,,not_applicable
30-minute mixed-workload stability run,1,1,1029,agentic,50,poisson,1124,1097,27,,not_applicable
30-minute mixed-workload stability run,1,1,1030,agentic,50,poisson,1125,1099,26,,not_applicable
30-minute mixed-workload stability run,1,1,1031,agentic,50,poisson,1126,1101,25,,not_applicable
30-minute mixed-workload stability run,1,1,1032,agentic,50,poisson,1126,1101,25,,not_applicable
30-minute mixed-workload stability run,1,1,1033,agentic,50,poisson,1128,1101,27,,not_applicable
30-minute mixed-workload stability run,1,1,1034,agentic,50,poisson,1128,1102,26,,not_applicable
30-minute mixed-workload stability run,1,1,1035,agentic,50,poisson,1129,1102,27,,not_applicable
30-minute mixed-workload stability run,1,1,1036,agentic,50,poisson,1130,1102,28,,not_applicable
30-minute mixed-workload stability run,1,1,1037,agentic,50,poisson,1131,1106,25,,not_applicable
30-minute mixed-workload stability run,1,1,1038,agentic,50,poisson,1131,1106,25,,not_applicable
30-minute mixed-workload stability run,1,1,1039,agentic,50,poisson,1131,1110,21,,not_applicable
30-minute mixed-workload stability run,1,1,1040,agentic,50,poisson,1133,1113,20,,not_applicable
30-minute mixed-workload stability run,1,1,1041,agentic,50,poisson,1134,1113,21,,not_applicable
30-minute mixed-workload stability run,1,1,1042,agentic,50,poisson,1136,1116,20,,not_applicable
30-minute mixed-workload stability run,1,1,1043,agentic,50,poisson,1136,1118,18,,not_applicable
30-minute mixed-workload stability run,1,1,1044,agentic,50,poisson,1137,1120,17,,not_applicable
30-minute mixed-workload stability run,1,1,1045,agentic,50,poisson,1139,1124,15,,not_applicable
30-minute mixed-workload stability run,1,1,1046,agentic,50,poisson,1142,1125,17,,not_applicable
30-minute mixed-workload stability run,1,1,1047,agentic,50,poisson,1144,1125,19,,not_applicable
30-minute mixed-workload stability run,1,1,1048,agentic,50,poisson,1146,1126,20,,not_applicable
30-minute mixed-workload stability run,1,1,1049,agentic,50,poisson,1150,1126,24,,not_applicable
30-minute mixed-workload stability run,1,1,1050,agentic,50,poisson,1152,1126,26,,not_applicable
30-minute mixed-workload stability run,1,1,1051,agentic,50,poisson,1154,1126,28,,not_applicable
30-minute mixed-workload stability run,1,1,1052,agentic,50,poisson,1157,1126,31,,not_applicable
30-minute mixed-workload stability run,1,1,1053,agentic,50,poisson,1158,1128,30,,not_applicable
30-minute mixed-workload stability run,1,1,1054,agentic,50,poisson,1162,1128,34,,not_applicable
30-minute mixed-workload stability run,1,1,1055,agentic,50,poisson,1163,1129,34,,not_applicable
30-minute mixed-workload stability run,1,1,1056,agentic,50,poisson,1163,1130,33,,not_applicable
30-minute mixed-workload stability run,1,1,1057,agentic,50,poisson,1164,1131,33,,not_applicable
30-minute mixed-workload stability run,1,1,1058,agentic,50,poisson,1165,1131,34,,not_applicable
30-minute mixed-workload stability run,1,1,1059,agentic,50,poisson,1168,1131,37,,not_applicable
30-minute mixed-workload stability run,1,1,1060,agentic,50,poisson,1168,1131,37,,not_applicable
30-minute mixed-workload stability run,1,1,1061,agentic,50,poisson,1170,1131,39,,not_applicable
30-minute mixed-workload stability run,1,1,1062,agentic,50,poisson,1170,1133,37,,not_applicable
30-minute mixed-workload stability run,1,1,1063,agentic,50,poisson,1172,1133,39,,not_applicable
30-minute mixed-workload stability run,1,1,1064,agentic,50,poisson,1173,1135,38,,not_applicable
30-minute mixed-workload stability run,1,1,1065,agentic,50,poisson,1176,1135,41,,not_applicable
30-minute mixed-workload stability run,1,1,1066,agentic,50,poisson,1178,1136,42,,not_applicable
30-minute mixed-workload stability run,1,1,1067,agentic,50,poisson,1179,1136,43,,not_applicable
30-minute mixed-workload stability run,1,1,1068,agentic,50,poisson,1181,1137,44,,not_applicable
30-minute mixed-workload stability run,1,1,1069,agentic,50,poisson,1182,1137,45,,not_applicable
30-minute mixed-workload stability run,1,1,1070,agentic,50,poisson,1185,1137,48,,not_applicable
30-minute mixed-workload stability run,1,1,1071,agentic,50,poisson,1186,1138,48,,not_applicable
30-minute mixed-workload stability run,1,1,1072,agentic,50,poisson,1186,1138,48,,not_applicable
30-minute mixed-workload stability run,1,1,1073,agentic,50,poisson,1190,1138,52,,not_applicable
30-minute mixed-workload stability run,1,1,1074,agentic,50,poisson,1193,1139,54,,not_applicable
30-minute mixed-workload stability run,1,1,1075,agentic,50,poisson,1196,1140,56,,not_applicable
30-minute mixed-workload stability run,1,1,1076,agentic,50,poisson,1196,1145,51,,not_applicable
30-minute mixed-workload stability run,1,1,1077,agentic,50,poisson,1196,1157,39,,not_applicable
30-minute mixed-workload stability run,1,1,1078,agentic,50,poisson,1198,1162,36,,not_applicable
30-minute mixed-workload stability run,1,1,1079,agentic,50,poisson,1201,1162,39,,not_applicable
30-minute mixed-workload stability run,1,1,1080,agentic,50,poisson,1202,1168,34,,not_applicable
30-minute mixed-workload stability run,1,1,1081,agentic,50,poisson,1203,1170,33,,not_applicable
30-minute mixed-workload stability run,1,1,1082,agentic,50,poisson,1205,1170,35,,not_applicable
30-minute mixed-workload stability run,1,1,1083,agentic,50,poisson,1205,1170,35,,not_applicable
30-minute mixed-workload stability run,1,1,1084,agentic,50,poisson,1205,1170,35,,not_applicable
30-minute mixed-workload stability run,1,1,1085,agentic,50,poisson,1205,1177,28,,not_applicable
30-minute mixed-workload stability run,1,1,1086,agentic,50,poisson,1207,1181,26,,not_applicable
30-minute mixed-workload stability run,1,1,1087,agentic,50,poisson,1208,1182,26,,not_applicable
30-minute mixed-workload stability run,1,1,1088,agentic,50,poisson,1208,1182,26,,not_applicable
30-minute mixed-workload stability run,1,1,1089,agentic,50,poisson,1209,1182,27,,not_applicable
30-minute mixed-workload stability run,1,1,1090,agentic,50,poisson,1213,1182,31,,not_applicable
30-minute mixed-workload stability run,1,1,1091,agentic,50,poisson,1215,1186,29,,not_applicable
30-minute mixed-workload stability run,1,1,1092,agentic,50,poisson,1219,1190,29,,not_applicable
30-minute mixed-workload stability run,1,1,1093,agentic,50,poisson,1220,1193,27,,not_applicable
30-minute mixed-workload stability run,1,1,1094,agentic,50,poisson,1221,1196,25,,not_applicable
30-minute mixed-workload stability run,1,1,1095,agentic,50,poisson,1223,1196,27,,not_applicable
30-minute mixed-workload stability run,1,1,1096,agentic,50,poisson,1224,1196,28,,not_applicable
30-minute mixed-workload stability run,1,1,1097,agentic,50,poisson,1228,1196,32,,not_applicable
30-minute mixed-workload stability run,1,1,1098,agentic,50,poisson,1229,1196,33,,not_applicable
30-minute mixed-workload stability run,1,1,1099,agentic,50,poisson,1233,1196,37,,not_applicable
30-minute mixed-workload stability run,1,1,1100,agentic,50,poisson,1233,1197,36,,not_applicable
30-minute mixed-workload stability run,1,1,1101,agentic,50,poisson,1235,1198,37,,not_applicable
30-minute mixed-workload stability run,1,1,1102,agentic,50,poisson,1236,1199,37,,not_applicable
30-minute mixed-workload stability run,1,1,1103,agentic,50,poisson,1237,1201,36,,not_applicable
30-minute mixed-workload stability run,1,1,1104,agentic,50,poisson,1239,1201,38,,not_applicable
30-minute mixed-workload stability run,1,1,1105,agentic,50,poisson,1242,1201,41,,not_applicable
30-minute mixed-workload stability run,1,1,1106,agentic,50,poisson,1246,1201,45,,not_applicable
30-minute mixed-workload stability run,1,1,1107,agentic,50,poisson,1248,1203,45,,not_applicable
30-minute mixed-workload stability run,1,1,1108,agentic,50,poisson,1250,1203,47,,not_applicable
30-minute mixed-workload stability run,1,1,1109,agentic,50,poisson,1253,1205,48,,not_applicable
30-minute mixed-workload stability run,1,1,1110,agentic,50,poisson,1253,1205,48,,not_applicable
30-minute mixed-workload stability run,1,1,1111,agentic,50,poisson,1255,1207,48,,not_applicable
30-minute mixed-workload stability run,1,1,1112,agentic,50,poisson,1256,1208,48,,not_applicable
30-minute mixed-workload stability run,1,1,1113,agentic,50,poisson,1256,1217,39,,not_applicable
30-minute mixed-workload stability run,1,1,1114,agentic,50,poisson,1257,1221,36,,not_applicable
30-minute mixed-workload stability run,1,1,1115,agentic,50,poisson,1259,1224,35,,not_applicable
30-minute mixed-workload stability run,1,1,1116,agentic,50,poisson,1260,1233,27,,not_applicable
30-minute mixed-workload stability run,1,1,1117,agentic,50,poisson,1263,1236,27,,not_applicable
30-minute mixed-workload stability run,1,1,1118,agentic,50,poisson,1266,1236,30,,not_applicable
30-minute mixed-workload stability run,1,1,1119,agentic,50,poisson,1267,1248,19,,not_applicable
30-minute mixed-workload stability run,1,1,1120,agentic,50,poisson,1268,1249,19,,not_applicable
30-minute mixed-workload stability run,1,1,1121,agentic,50,poisson,1270,1253,17,,not_applicable
30-minute mixed-workload stability run,1,1,1122,agentic,50,poisson,1271,1253,18,,not_applicable
30-minute mixed-workload stability run,1,1,1123,agentic,50,poisson,1272,1253,19,,not_applicable
30-minute mixed-workload stability run,1,1,1124,agentic,50,poisson,1274,1253,21,,not_applicable
30-minute mixed-workload stability run,1,1,1125,agentic,50,poisson,1275,1254,21,,not_applicable
30-minute mixed-workload stability run,1,1,1126,agentic,50,poisson,1278,1254,24,,not_applicable
30-minute mixed-workload stability run,1,1,1127,agentic,50,poisson,1280,1255,25,,not_applicable
30-minute mixed-workload stability run,1,1,1128,agentic,50,poisson,1283,1256,27,,not_applicable
30-minute mixed-workload stability run,1,1,1129,agentic,50,poisson,1286,1256,30,,not_applicable
30-minute mixed-workload stability run,1,1,1130,agentic,50,poisson,1288,1256,32,,not_applicable
30-minute mixed-workload stability run,1,1,1131,agentic,50,poisson,1290,1256,34,,not_applicable
30-minute mixed-workload stability run,1,1,1132,agentic,50,poisson,1291,1257,34,,not_applicable
30-minute mixed-workload stability run,1,1,1133,agentic,50,poisson,1297,1257,40,,not_applicable
30-minute mixed-workload stability run,1,1,1134,agentic,50,poisson,1299,1258,41,,not_applicable
30-minute mixed-workload stability run,1,1,1135,agentic,50,poisson,1304,1258,46,,not_applicable
30-minute mixed-workload stability run,1,1,1136,agentic,50,poisson,1306,1259,47,,not_applicable
30-minute mixed-workload stability run,1,1,1137,agentic,50,poisson,1307,1259,48,,not_applicable
30-minute mixed-workload stability run,1,1,1138,agentic,50,poisson,1311,1260,51,,not_applicable
30-minute mixed-workload stability run,1,1,1139,agentic,50,poisson,1312,1260,52,,not_applicable
30-minute mixed-workload stability run,1,1,1140,agentic,50,poisson,1314,1262,52,,not_applicable
30-minute mixed-workload stability run,1,1,1141,agentic,50,poisson,1315,1264,51,,not_applicable
30-minute mixed-workload stability run,1,1,1142,agentic,50,poisson,1317,1265,52,,not_applicable
30-minute mixed-workload stability run,1,1,1143,agentic,50,poisson,1320,1266,54,,not_applicable
30-minute mixed-workload stability run,1,1,1144,agentic,50,poisson,1320,1267,53,,not_applicable
30-minute mixed-workload stability run,1,1,1145,agentic,50,poisson,1320,1268,52,,not_applicable
30-minute mixed-workload stability run,1,1,1146,agentic,50,poisson,1322,1271,51,,not_applicable
30-minute mixed-workload stability run,1,1,1147,agentic,50,poisson,1323,1274,49,,not_applicable
30-minute mixed-workload stability run,1,1,1148,agentic,50,poisson,1324,1274,50,,not_applicable
30-minute mixed-workload stability run,1,1,1149,agentic,50,poisson,1325,1278,47,,not_applicable
30-minute mixed-workload stability run,1,1,1150,agentic,50,poisson,1326,1285,41,,not_applicable
30-minute mixed-workload stability run,1,1,1151,agentic,50,poisson,1328,1286,42,,not_applicable
30-minute mixed-workload stability run,1,1,1152,agentic,50,poisson,1329,1290,39,,not_applicable
30-minute mixed-workload stability run,1,1,1153,agentic,50,poisson,1331,1290,41,,not_applicable
30-minute mixed-workload stability run,1,1,1154,agentic,50,poisson,1333,1290,43,,not_applicable
30-minute mixed-workload stability run,1,1,1155,agentic,50,poisson,1333,1290,43,,not_applicable
30-minute mixed-workload stability run,1,1,1156,agentic,50,poisson,1335,1291,44,,not_applicable
30-minute mixed-workload stability run,1,1,1157,agentic,50,poisson,1336,1304,32,,not_applicable
30-minute mixed-workload stability run,1,1,1158,agentic,50,poisson,1339,1306,33,,not_applicable
30-minute mixed-workload stability run,1,1,1159,agentic,50,poisson,1342,1309,33,,not_applicable
30-minute mixed-workload stability run,1,1,1160,agentic,50,poisson,1345,1310,35,,not_applicable
30-minute mixed-workload stability run,1,1,1161,agentic,50,poisson,1347,1310,37,,not_applicable
30-minute mixed-workload stability run,1,1,1162,agentic,50,poisson,1348,1310,38,,not_applicable
30-minute mixed-workload stability run,1,1,1163,agentic,50,poisson,1351,1310,41,,not_applicable
30-minute mixed-workload stability run,1,1,1164,agentic,50,poisson,1352,1315,37,,not_applicable
30-minute mixed-workload stability run,1,1,1165,agentic,50,poisson,1352,1320,32,,not_applicable
30-minute mixed-workload stability run,1,1,1166,agentic,50,poisson,1352,1320,32,,not_applicable
30-minute mixed-workload stability run,1,1,1167,agentic,50,poisson,1354,1320,34,,not_applicable
30-minute mixed-workload stability run,1,1,1168,agentic,50,poisson,1355,1321,34,,not_applicable
30-minute mixed-workload stability run,1,1,1169,agentic,50,poisson,1357,1322,35,,not_applicable
30-minute mixed-workload stability run,1,1,1170,agentic,50,poisson,1358,1323,35,,not_applicable
30-minute mixed-workload stability run,1,1,1171,agentic,50,poisson,1364,1324,40,,not_applicable
30-minute mixed-workload stability run,1,1,1172,agentic,50,poisson,1364,1325,39,,not_applicable
30-minute mixed-workload stability run,1,1,1173,agentic,50,poisson,1366,1326,40,,not_applicable
30-minute mixed-workload stability run,1,1,1174,agentic,50,poisson,1368,1326,42,,not_applicable
30-minute mixed-workload stability run,1,1,1175,agentic,50,poisson,1369,1331,38,,not_applicable
30-minute mixed-workload stability run,1,1,1176,agentic,50,poisson,1369,1333,36,,not_applicable
30-minute mixed-workload stability run,1,1,1177,agentic,50,poisson,1370,1335,35,,not_applicable
30-minute mixed-workload stability run,1,1,1178,agentic,50,poisson,1371,1335,36,,not_applicable
30-minute mixed-workload stability run,1,1,1179,agentic,50,poisson,1373,1335,38,,not_applicable
30-minute mixed-workload stability run,1,1,1180,agentic,50,poisson,1375,1345,30,,not_applicable
30-minute mixed-workload stability run,1,1,1181,agentic,50,poisson,1376,1350,26,,not_applicable
30-minute mixed-workload stability run,1,1,1182,agentic,50,poisson,1377,1350,27,,not_applicable
30-minute mixed-workload stability run,1,1,1183,agentic,50,poisson,1380,1351,29,,not_applicable
30-minute mixed-workload stability run,1,1,1184,agentic,50,poisson,1384,1351,33,,not_applicable
30-minute mixed-workload stability run,1,1,1185,agentic,50,poisson,1384,1352,32,,not_applicable
30-minute mixed-workload stability run,1,1,1186,agentic,50,poisson,1385,1355,30,,not_applicable
30-minute mixed-workload stability run,1,1,1187,agentic,50,poisson,1385,1357,28,,not_applicable
30-minute mixed-workload stability run,1,1,1188,agentic,50,poisson,1387,1364,23,,not_applicable
30-minute mixed-workload stability run,1,1,1189,agentic,50,poisson,1388,1364,24,,not_applicable
30-minute mixed-workload stability run,1,1,1190,agentic,50,poisson,1391,1368,23,,not_applicable
30-minute mixed-workload stability run,1,1,1191,agentic,50,poisson,1393,1368,25,,not_applicable
30-minute mixed-workload stability run,1,1,1192,agentic,50,poisson,1395,1369,26,,not_applicable
30-minute mixed-workload stability run,1,1,1193,agentic,50,poisson,1399,1369,30,,not_applicable
30-minute mixed-workload stability run,1,1,1194,agentic,50,poisson,1402,1370,32,,not_applicable
30-minute mixed-workload stability run,1,1,1195,agentic,50,poisson,1403,1370,33,,not_applicable
30-minute mixed-workload stability run,1,1,1196,agentic,50,poisson,1403,1374,29,,not_applicable
30-minute mixed-workload stability run,1,1,1197,agentic,50,poisson,1405,1375,30,,not_applicable
30-minute mixed-workload stability run,1,1,1198,agentic,50,poisson,1406,1375,31,,not_applicable
30-minute mixed-workload stability run,1,1,1199,agentic,50,poisson,1408,1376,32,,not_applicable
30-minute mixed-workload stability run,1,1,1200,agentic,50,poisson,1408,1376,32,,not_applicable
30-minute mixed-workload stability run,1,1,1201,agentic,50,poisson,1410,1376,34,,not_applicable
30-minute mixed-workload stability run,1,1,1202,agentic,50,poisson,1411,1376,35,,not_applicable
30-minute mixed-workload stability run,1,1,1203,agentic,50,poisson,1415,1384,31,,not_applicable
30-minute mixed-workload stability run,1,1,1204,agentic,50,poisson,1415,1385,30,,not_applicable
30-minute mixed-workload stability run,1,1,1205,agentic,50,poisson,1416,1386,30,,not_applicable
30-minute mixed-workload stability run,1,1,1206,agentic,50,poisson,1417,1388,29,,not_applicable
30-minute mixed-workload stability run,1,1,1207,agentic,50,poisson,1419,1391,28,,not_applicable
30-minute mixed-workload stability run,1,1,1208,agentic,50,poisson,1419,1395,24,,not_applicable
30-minute mixed-workload stability run,1,1,1209,agentic,50,poisson,1421,1399,22,,not_applicable
30-minute mixed-workload stability run,1,1,1210,agentic,50,poisson,1422,1402,20,,not_applicable
30-minute mixed-workload stability run,1,1,1211,agentic,50,poisson,1422,1403,19,,not_applicable
30-minute mixed-workload stability run,1,1,1212,agentic,50,poisson,1423,1403,20,,not_applicable
30-minute mixed-workload stability run,1,1,1213,agentic,50,poisson,1426,1404,22,,not_applicable
30-minute mixed-workload stability run,1,1,1214,agentic,50,poisson,1427,1406,21,,not_applicable
30-minute mixed-workload stability run,1,1,1215,agentic,50,poisson,1430,1408,22,,not_applicable
30-minute mixed-workload stability run,1,1,1216,agentic,50,poisson,1431,1411,20,,not_applicable
30-minute mixed-workload stability run,1,1,1217,agentic,50,poisson,1433,1411,22,,not_applicable
30-minute mixed-workload stability run,1,1,1218,agentic,50,poisson,1436,1411,25,,not_applicable
30-minute mixed-workload stability run,1,1,1219,agentic,50,poisson,1438,1412,26,,not_applicable
30-minute mixed-workload stability run,1,1,1220,agentic,50,poisson,1440,1415,25,,not_applicable
30-minute mixed-workload stability run,1,1,1221,agentic,50,poisson,1442,1415,27,,not_applicable
30-minute mixed-workload stability run,1,1,1222,agentic,50,poisson,1444,1415,29,,not_applicable
30-minute mixed-workload stability run,1,1,1223,agentic,50,poisson,1447,1415,32,,not_applicable
30-minute mixed-workload stability run,1,1,1224,agentic,50,poisson,1448,1416,32,,not_applicable
30-minute mixed-workload stability run,1,1,1225,agentic,50,poisson,1448,1416,32,,not_applicable
30-minute mixed-workload stability run,1,1,1226,agentic,50,poisson,1450,1419,31,,not_applicable
30-minute mixed-workload stability run,1,1,1227,agentic,50,poisson,1451,1419,32,,not_applicable
30-minute mixed-workload stability run,1,1,1228,agentic,50,poisson,1451,1420,31,,not_applicable
30-minute mixed-workload stability run,1,1,1229,agentic,50,poisson,1453,1422,31,,not_applicable
30-minute mixed-workload stability run,1,1,1230,agentic,50,poisson,1455,1422,33,,not_applicable
30-minute mixed-workload stability run,1,1,1231,agentic,50,poisson,1455,1422,33,,not_applicable
30-minute mixed-workload stability run,1,1,1232,agentic,50,poisson,1456,1422,34,,not_applicable
30-minute mixed-workload stability run,1,1,1233,agentic,50,poisson,1456,1428,28,,not_applicable
30-minute mixed-workload stability run,1,1,1234,agentic,50,poisson,1458,1428,30,,not_applicable
30-minute mixed-workload stability run,1,1,1235,agentic,50,poisson,1458,1432,26,,not_applicable
30-minute mixed-workload stability run,1,1,1236,agentic,50,poisson,1460,1440,20,,not_applicable
30-minute mixed-workload stability run,1,1,1237,agentic,50,poisson,1462,1445,17,,not_applicable
30-minute mixed-workload stability run,1,1,1238,agentic,50,poisson,1464,1447,17,,not_applicable
30-minute mixed-workload stability run,1,1,1239,agentic,50,poisson,1465,1449,16,,not_applicable
30-minute mixed-workload stability run,1,1,1240,agentic,50,poisson,1466,1449,17,,not_applicable
30-minute mixed-workload stability run,1,1,1241,agentic,50,poisson,1468,1450,18,,not_applicable
30-minute mixed-workload stability run,1,1,1242,agentic,50,poisson,1469,1450,19,,not_applicable
30-minute mixed-workload stability run,1,1,1243,agentic,50,poisson,1470,1450,20,,not_applicable
30-minute mixed-workload stability run,1,1,1244,agentic,50,poisson,1471,1451,20,,not_applicable
30-minute mixed-workload stability run,1,1,1245,agentic,50,poisson,1473,1451,22,,not_applicable
30-minute mixed-workload stability run,1,1,1246,agentic,50,poisson,1475,1451,24,,not_applicable
30-minute mixed-workload stability run,1,1,1247,agentic,50,poisson,1477,1452,25,,not_applicable
30-minute mixed-workload stability run,1,1,1248,agentic,50,poisson,1479,1453,26,,not_applicable
30-minute mixed-workload stability run,1,1,1249,agentic,50,poisson,1479,1455,24,,not_applicable
30-minute mixed-workload stability run,1,1,1250,agentic,50,poisson,1481,1455,26,,not_applicable
30-minute mixed-workload stability run,1,1,1251,agentic,50,poisson,1484,1456,28,,not_applicable
30-minute mixed-workload stability run,1,1,1252,agentic,50,poisson,1487,1458,29,,not_applicable
30-minute mixed-workload stability run,1,1,1253,agentic,50,poisson,1488,1458,30,,not_applicable
30-minute mixed-workload stability run,1,1,1254,agentic,50,poisson,1490,1458,32,,not_applicable
30-minute mixed-workload stability run,1,1,1255,agentic,50,poisson,1492,1458,34,,not_applicable
30-minute mixed-workload stability run,1,1,1256,agentic,50,poisson,1497,1459,38,,not_applicable
30-minute mixed-workload stability run,1,1,1257,agentic,50,poisson,1498,1461,37,,not_applicable
30-minute mixed-workload stability run,1,1,1258,agentic,50,poisson,1498,1463,35,,not_applicable
30-minute mixed-workload stability run,1,1,1259,agentic,50,poisson,1499,1465,34,,not_applicable
30-minute mixed-workload stability run,1,1,1260,agentic,50,poisson,1499,1467,32,,not_applicable
30-minute mixed-workload stability run,1,1,1261,agentic,50,poisson,1501,1470,31,,not_applicable
30-minute mixed-workload stability run,1,1,1262,agentic,50,poisson,1503,1471,32,,not_applicable
30-minute mixed-workload stability run,1,1,1263,agentic,50,poisson,1504,1472,32,,not_applicable
30-minute mixed-workload stability run,1,1,1264,agentic,50,poisson,1505,1473,32,,not_applicable
30-minute mixed-workload stability run,1,1,1265,agentic,50,poisson,1506,1475,31,,not_applicable
30-minute mixed-workload stability run,1,1,1266,agentic,50,poisson,1507,1479,28,,not_applicable
30-minute mixed-workload stability run,1,1,1267,agentic,50,poisson,1509,1480,29,,not_applicable
30-minute mixed-workload stability run,1,1,1268,agentic,50,poisson,1509,1481,28,,not_applicable
30-minute mixed-workload stability run,1,1,1269,agentic,50,poisson,1510,1487,23,,not_applicable
30-minute mixed-workload stability run,1,1,1270,agentic,50,poisson,1513,1490,23,,not_applicable
30-minute mixed-workload stability run,1,1,1271,agentic,50,poisson,1514,1491,23,,not_applicable
30-minute mixed-workload stability run,1,1,1272,agentic,50,poisson,1516,1492,24,,not_applicable
30-minute mixed-workload stability run,1,1,1273,agentic,50,poisson,1518,1497,21,,not_applicable
30-minute mixed-workload stability run,1,1,1274,agentic,50,poisson,1523,1498,25,,not_applicable
30-minute mixed-workload stability run,1,1,1275,agentic,50,poisson,1526,1498,28,,not_applicable
30-minute mixed-workload stability run,1,1,1276,agentic,50,poisson,1527,1498,29,,not_applicable
30-minute mixed-workload stability run,1,1,1277,agentic,50,poisson,1529,1498,31,,not_applicable
30-minute mixed-workload stability run,1,1,1278,agentic,50,poisson,1532,1498,34,,not_applicable
30-minute mixed-workload stability run,1,1,1279,agentic,50,poisson,1532,1499,33,,not_applicable
30-minute mixed-workload stability run,1,1,1280,agentic,50,poisson,1532,1499,33,,not_applicable
30-minute mixed-workload stability run,1,1,1281,agentic,50,poisson,1534,1503,31,,not_applicable
30-minute mixed-workload stability run,1,1,1282,agentic,50,poisson,1535,1505,30,,not_applicable
30-minute mixed-workload stability run,1,1,1283,agentic,50,poisson,1537,1506,31,,not_applicable
30-minute mixed-workload stability run,1,1,1284,agentic,50,poisson,1538,1507,31,,not_applicable
30-minute mixed-workload stability run,1,1,1285,agentic,50,poisson,1542,1509,33,,not_applicable
30-minute mixed-workload stability run,1,1,1286,agentic,50,poisson,1544,1510,34,,not_applicable
30-minute mixed-workload stability run,1,1,1287,agentic,50,poisson,1545,1511,34,,not_applicable
30-minute mixed-workload stability run,1,1,1288,agentic,50,poisson,1547,1514,33,,not_applicable
30-minute mixed-workload stability run,1,1,1289,agentic,50,poisson,1547,1518,29,,not_applicable
30-minute mixed-workload stability run,1,1,1290,agentic,50,poisson,1551,1524,27,,not_applicable
30-minute mixed-workload stability run,1,1,1291,agentic,50,poisson,1552,1527,25,,not_applicable
30-minute mixed-workload stability run,1,1,1292,agentic,50,poisson,1553,1528,25,,not_applicable
30-minute mixed-workload stability run,1,1,1293,agentic,50,poisson,1553,1532,21,,not_applicable
30-minute mixed-workload stability run,1,1,1294,agentic,50,poisson,1554,1532,22,,not_applicable
30-minute mixed-workload stability run,1,1,1295,agentic,50,poisson,1555,1532,23,,not_applicable
30-minute mixed-workload stability run,1,1,1296,agentic,50,poisson,1555,1532,23,,not_applicable
30-minute mixed-workload stability run,1,1,1297,agentic,50,poisson,1557,1532,25,,not_applicable
30-minute mixed-workload stability run,1,1,1298,agentic,50,poisson,1558,1532,26,,not_applicable
30-minute mixed-workload stability run,1,1,1299,agentic,50,poisson,1560,1532,28,,not_applicable
30-minute mixed-workload stability run,1,1,1300,agentic,50,poisson,1561,1532,29,,not_applicable
30-minute mixed-workload stability run,1,1,1301,agentic,50,poisson,1561,1536,25,,not_applicable
30-minute mixed-workload stability run,1,1,1302,agentic,50,poisson,1563,1537,26,,not_applicable
30-minute mixed-workload stability run,1,1,1303,agentic,50,poisson,1564,1537,27,,not_applicable
30-minute mixed-workload stability run,1,1,1304,agentic,50,poisson,1564,1538,26,,not_applicable
30-minute mixed-workload stability run,1,1,1305,agentic,50,poisson,1565,1539,26,,not_applicable
30-minute mixed-workload stability run,1,1,1306,agentic,50,poisson,1569,1540,29,,not_applicable
30-minute mixed-workload stability run,1,1,1307,agentic,50,poisson,1569,1542,27,,not_applicable
30-minute mixed-workload stability run,1,1,1308,agentic,50,poisson,1573,1542,31,,not_applicable
30-minute mixed-workload stability run,1,1,1309,agentic,50,poisson,1578,1542,36,,not_applicable
30-minute mixed-workload stability run,1,1,1310,agentic,50,poisson,1584,1542,42,,not_applicable
30-minute mixed-workload stability run,1,1,1311,agentic,50,poisson,1585,1544,41,,not_applicable
30-minute mixed-workload stability run,1,1,1312,agentic,50,poisson,1593,1546,47,,not_applicable
30-minute mixed-workload stability run,1,1,1313,agentic,50,poisson,1597,1547,50,,not_applicable
30-minute mixed-workload stability run,1,1,1314,agentic,50,poisson,1598,1547,51,,not_applicable
30-minute mixed-workload stability run,1,1,1315,agentic,50,poisson,1599,1550,49,,not_applicable
30-minute mixed-workload stability run,1,1,1316,agentic,50,poisson,1599,1551,48,,not_applicable
30-minute mixed-workload stability run,1,1,1317,agentic,50,poisson,1599,1552,47,,not_applicable
30-minute mixed-workload stability run,1,1,1318,agentic,50,poisson,1599,1553,46,,not_applicable
30-minute mixed-workload stability run,1,1,1319,agentic,50,poisson,1602,1554,48,,not_applicable
30-minute mixed-workload stability run,1,1,1320,agentic,50,poisson,1602,1554,48,,not_applicable
30-minute mixed-workload stability run,1,1,1321,agentic,50,poisson,1602,1555,47,,not_applicable
30-minute mixed-workload stability run,1,1,1322,agentic,50,poisson,1602,1555,47,,not_applicable
30-minute mixed-workload stability run,1,1,1323,agentic,50,poisson,1602,1555,47,,not_applicable
30-minute mixed-workload stability run,1,1,1324,agentic,50,poisson,1602,1556,46,,not_applicable
30-minute mixed-workload stability run,1,1,1325,agentic,50,poisson,1602,1561,41,,not_applicable
30-minute mixed-workload stability run,1,1,1326,agentic,50,poisson,1602,1561,41,,not_applicable
30-minute mixed-workload stability run,1,1,1327,agentic,50,poisson,1604,1564,40,,not_applicable
30-minute mixed-workload stability run,1,1,1328,agentic,50,poisson,1604,1564,40,,not_applicable
30-minute mixed-workload stability run,1,1,1329,agentic,50,poisson,1604,1573,31,,not_applicable
30-minute mixed-workload stability run,1,1,1330,agentic,50,poisson,1605,1573,32,,not_applicable
30-minute mixed-workload stability run,1,1,1331,agentic,50,poisson,1605,1599,6,,not_applicable
30-minute mixed-workload stability run,1,1,1332,agentic,50,poisson,1605,1602,3,,not_applicable
30-minute mixed-workload stability run,1,1,1333,agentic,50,poisson,1605,1604,1,,not_applicable
30-minute mixed-workload stability run,1,1,1334,agentic,50,poisson,1607,1605,2,,not_applicable
30-minute mixed-workload stability run,1,1,1335,agentic,50,poisson,1607,1605,2,,not_applicable
30-minute mixed-workload stability run,1,1,1336,agentic,50,poisson,1607,1605,2,,not_applicable
30-minute mixed-workload stability run,1,1,1337,agentic,50,poisson,1607,1607,0,,not_applicable
30-minute mixed-workload stability run,1,1,1338,agentic,50,poisson,1607,1607,0,,not_applicable
30-minute mixed-workload stability run,1,1,1339,agentic,50,poisson,1607,1607,0,,not_applicable
30-minute mixed-workload stability run,1,1,1340,agentic,50,poisson,1607,1607,0,,not_applicable
30-minute mixed-workload stability run,1,1,1341,agentic,50,poisson,1608,1607,1,,not_applicable
30-minute mixed-workload stability run,1,1,1342,agentic,50,poisson,1609,1607,2,,not_applicable
30-minute mixed-workload stability run,1,1,1343,agentic,50,poisson,1609,1607,2,,not_applicable
30-minute mixed-workload stability run,1,1,1344,agentic,50,poisson,1609,1608,1,,not_applicable
30-minute mixed-workload stability run,1,1,1345,agentic,50,poisson,1609,1609,0,,not_applicable
30-minute mixed-workload stability run,1,1,1346,agentic,50,poisson,1610,1609,1,,not_applicable
30-minute mixed-workload stability run,1,1,1347,agentic,50,poisson,1611,1609,2,,not_applicable
30-minute mixed-workload stability run,1,1,1348,agentic,50,poisson,1611,1609,2,,not_applicable
30-minute mixed-workload stability run,1,1,1349,agentic,50,poisson,1611,1610,1,,not_applicable
30-minute mixed-workload stability run,1,1,1350,agentic,50,poisson,1613,1611,2,,not_applicable
30-minute mixed-workload stability run,1,1,1351,agentic,50,poisson,1614,1611,3,,not_applicable
30-minute mixed-workload stability run,1,1,1352,agentic,50,poisson,1614,1611,3,,not_applicable
30-minute mixed-workload stability run,1,1,1353,agentic,50,poisson,1614,1613,1,,not_applicable
30-minute mixed-workload stability run,1,1,1354,agentic,50,poisson,1614,1614,0,,not_applicable
30-minute mixed-workload stability run,1,1,1355,agentic,50,poisson,1614,1614,0,,not_applicable
30-minute mixed-workload stability run,1,1,1356,agentic,50,poisson,1615,1614,1,,not_applicable
30-minute mixed-workload stability run,1,1,1357,agentic,50,poisson,1616,1614,2,,not_applicable
30-minute mixed-workload stability run,1,1,1358,agentic,50,poisson,1616,1614,2,,not_applicable
30-minute mixed-workload stability run,1,1,1359,agentic,50,poisson,1616,1615,1,,not_applicable
30-minute mixed-workload stability run,1,1,1360,agentic,50,poisson,1616,1616,0,,not_applicable
30-minute mixed-workload stability run,1,1,1361,agentic,50,poisson,1616,1616,0,,not_applicable
30-minute mixed-workload stability run,1,1,1362,agentic,50,poisson,1616,1616,0,,not_applicable
30-minute mixed-workload stability run,1,1,1363,agentic,50,poisson,1616,1616,0,,not_applicable
30-minute mixed-workload stability run,1,1,1364,agentic,50,poisson,1618,1616,2,,not_applicable
30-minute mixed-workload stability run,1,1,1365,agentic,50,poisson,1618,1616,2,,not_applicable
30-minute mixed-workload stability run,1,1,1366,agentic,50,poisson,1618,1616,2,,not_applicable
30-minute mixed-workload stability run,1,1,1367,agentic,50,poisson,1618,1616,2,,not_applicable
30-minute mixed-workload stability run,1,1,1368,agentic,50,poisson,1618,1618,0,,not_applicable
30-minute mixed-workload stability run,1,1,1369,agentic,50,poisson,1618,1618,0,,not_applicable
30-minute mixed-workload stability run,1,1,1370,agentic,50,poisson,1618,1618,0,,not_applicable
30-minute mixed-workload stability run,1,1,1371,agentic,50,poisson,1619,1618,1,,not_applicable
30-minute mixed-workload stability run,1,1,1372,agentic,50,poisson,1619,1618,1,,not_applicable
30-minute mixed-workload stability run,1,1,1373,agentic,50,poisson,1620,1618,2,,not_applicable
30-minute mixed-workload stability run,1,1,1374,agentic,50,poisson,1620,1618,2,,not_applicable
30-minute mixed-workload stability run,1,1,1375,agentic,50,poisson,1620,1619,1,,not_applicable
30-minute mixed-workload stability run,1,1,1376,agentic,50,poisson,1621,1619,2,,not_applicable
30-minute mixed-workload stability run,1,1,1377,agentic,50,poisson,1621,1620,1,,not_applicable
30-minute mixed-workload stability run,1,1,1378,agentic,50,poisson,1621,1620,1,,not_applicable
30-minute mixed-workload stability run,1,1,1379,agentic,50,poisson,1622,1620,2,,not_applicable
30-minute mixed-workload stability run,1,1,1380,agentic,50,poisson,1622,1621,1,,not_applicable
30-minute mixed-workload stability run,1,1,1381,agentic,50,poisson,1622,1621,1,,not_applicable
30-minute mixed-workload stability run,1,1,1382,agentic,50,poisson,1624,1621,3,,not_applicable
30-minute mixed-workload stability run,1,1,1383,agentic,50,poisson,1624,1622,2,,not_applicable
30-minute mixed-workload stability run,1,1,1384,agentic,50,poisson,1624,1622,2,,not_applicable
30-minute mixed-workload stability run,1,1,1385,agentic,50,poisson,1624,1622,2,,not_applicable
30-minute mixed-workload stability run,1,1,1386,agentic,50,poisson,1625,1624,1,,not_applicable
30-minute mixed-workload stability run,1,1,1387,agentic,50,poisson,1625,1624,1,,not_applicable
30-minute mixed-workload stability run,1,1,1388,agentic,50,poisson,1625,1625,0,,not_applicable
30-minute mixed-workload stability run,1,1,1389,agentic,50,poisson,1625,1625,0,,not_applicable
30-minute mixed-workload stability run,1,1,1390,agentic,50,poisson,1625,1625,0,,not_applicable
30-minute mixed-workload stability run,1,1,1391,agentic,50,poisson,1625,1625,0,,not_applicable
30-minute mixed-workload stability run,1,1,1392,agentic,50,poisson,1626,1625,1,,not_applicable
30-minute mixed-workload stability run,1,1,1393,agentic,50,poisson,1626,1625,1,,not_applicable
30-minute mixed-workload stability run,1,1,1394,agentic,50,poisson,1626,1625,1,,not_applicable
30-minute mixed-workload stability run,1,1,1395,agentic,50,poisson,1626,1626,0,,not_applicable
30-minute mixed-workload stability run,1,1,1396,agentic,50,poisson,1627,1626,1,,not_applicable
30-minute mixed-workload stability run,1,1,1397,agentic,50,poisson,1627,1626,1,,not_applicable
30-minute mixed-workload stability run,1,1,1398,agentic,50,poisson,1627,1626,1,,not_applicable
30-minute mixed-workload stability run,1,1,1399,agentic,50,poisson,1627,1627,0,,not_applicable
30-minute mixed-workload stability run,1,1,1400,agentic,50,poisson,1628,1627,1,,not_applicable
30-minute mixed-workload stability run,1,1,1401,agentic,50,poisson,1628,1627,1,,not_applicable
30-minute mixed-workload stability run,1,1,1402,agentic,50,poisson,1628,1627,1,,not_applicable
30-minute mixed-workload stability run,1,1,1403,agentic,50,poisson,1628,1628,0,,not_applicable
30-minute mixed-workload stability run,1,1,1404,agentic,50,poisson,1628,1628,0,,not_applicable
30-minute mixed-workload stability run,1,1,1405,agentic,50,poisson,1628,1628,0,,not_applicable
30-minute mixed-workload stability run,1,1,1406,agentic,50,poisson,1628,1628,0,,not_applicable
30-minute mixed-workload stability run,1,1,1407,agentic,50,poisson,1628,1628,0,,not_applicable
30-minute mixed-workload stability run,1,1,1408,agentic,50,poisson,1628,1628,0,,not_applicable
30-minute mixed-workload stability run,1,1,1409,agentic,50,poisson,1628,1628,0,,not_applicable
30-minute mixed-workload stability run,1,1,1410,agentic,50,poisson,1629,1628,1,,not_applicable
30-minute mixed-workload stability run,1,1,1411,agentic,50,poisson,1630,1628,2,,not_applicable
30-minute mixed-workload stability run,1,1,1412,agentic,50,poisson,1630,1628,2,,not_applicable
30-minute mixed-workload stability run,1,1,1413,agentic,50,poisson,1630,1629,1,,not_applicable
30-minute mixed-workload stability run,1,1,1414,agentic,50,poisson,1630,1630,0,,not_applicable
30-minute mixed-workload stability run,1,1,1415,agentic,50,poisson,1631,1630,1,,not_applicable
30-minute mixed-workload stability run,1,1,1416,agentic,50,poisson,1632,1630,2,,not_applicable
30-minute mixed-workload stability run,1,1,1417,agentic,50,poisson,1632,1630,2,,not_applicable
30-minute mixed-workload stability run,1,1,1418,agentic,50,poisson,1633,1630,3,,not_applicable
30-minute mixed-workload stability run,1,1,1419,agentic,50,poisson,1633,1632,1,,not_applicable
30-minute mixed-workload stability run,1,1,1420,agentic,50,poisson,1633,1632,1,,not_applicable
30-minute mixed-workload stability run,1,1,1421,agentic,50,poisson,1633,1632,1,,not_applicable
30-minute mixed-workload stability run,1,1,1422,agentic,50,poisson,1633,1633,0,,not_applicable
30-minute mixed-workload stability run,1,1,1423,agentic,50,poisson,1633,1633,0,,not_applicable
30-minute mixed-workload stability run,1,1,1424,agentic,50,poisson,1633,1633,0,,not_applicable
30-minute mixed-workload stability run,1,1,1425,agentic,50,poisson,1634,1633,1,,not_applicable
30-minute mixed-workload stability run,1,1,1426,agentic,50,poisson,1634,1633,1,,not_applicable
30-minute mixed-workload stability run,1,1,1427,agentic,50,poisson,1634,1633,1,,not_applicable
30-minute mixed-workload stability run,1,1,1428,agentic,50,poisson,1634,1634,0,,not_applicable
30-minute mixed-workload stability run,1,1,1429,agentic,50,poisson,1635,1634,1,,not_applicable
30-minute mixed-workload stability run,1,1,1430,agentic,50,poisson,1635,1634,1,,not_applicable
30-minute mixed-workload stability run,1,1,1431,agentic,50,poisson,1635,1634,1,,not_applicable
30-minute mixed-workload stability run,1,1,1432,agentic,50,poisson,1635,1635,0,,not_applicable
30-minute mixed-workload stability run,1,1,1433,agentic,50,poisson,1635,1635,0,,not_applicable
30-minute mixed-workload stability run,1,1,1434,agentic,50,poisson,1635,1635,0,,not_applicable
30-minute mixed-workload stability run,1,1,1435,agentic,50,poisson,1635,1635,0,,not_applicable
30-minute mixed-workload stability run,1,1,1436,agentic,50,poisson,1636,1635,1,,not_applicable
30-minute mixed-workload stability run,1,1,1437,agentic,50,poisson,1638,1635,3,,not_applicable
30-minute mixed-workload stability run,1,1,1438,agentic,50,poisson,1638,1635,3,,not_applicable
30-minute mixed-workload stability run,1,1,1439,agentic,50,poisson,1638,1635,3,,not_applicable
30-minute mixed-workload stability run,1,1,1440,agentic,50,poisson,1638,1636,2,,not_applicable
30-minute mixed-workload stability run,1,1,1441,agentic,50,poisson,1639,1638,1,,not_applicable
30-minute mixed-workload stability run,1,1,1442,agentic,50,poisson,1640,1638,2,,not_applicable
30-minute mixed-workload stability run,1,1,1443,agentic,50,poisson,1640,1638,2,,not_applicable
30-minute mixed-workload stability run,1,1,1444,agentic,50,poisson,1640,1639,1,,not_applicable
30-minute mixed-workload stability run,1,1,1445,agentic,50,poisson,1640,1640,0,,not_applicable
30-minute mixed-workload stability run,1,1,1446,agentic,50,poisson,1641,1640,1,,not_applicable
30-minute mixed-workload stability run,1,1,1447,agentic,50,poisson,1641,1640,1,,not_applicable
30-minute mixed-workload stability run,1,1,1448,agentic,50,poisson,1641,1640,1,,not_applicable
30-minute mixed-workload stability run,1,1,1449,agentic,50,poisson,1641,1641,0,,not_applicable
30-minute mixed-workload stability run,1,1,1450,agentic,50,poisson,1641,1641,0,,not_applicable
30-minute mixed-workload stability run,1,1,1451,agentic,50,poisson,1641,1641,0,,not_applicable
30-minute mixed-workload stability run,1,1,1452,agentic,50,poisson,1641,1641,0,,not_applicable
30-minute mixed-workload stability run,1,1,1453,agentic,50,poisson,1641,1641,0,,not_applicable
30-minute mixed-workload stability run,1,1,1454,agentic,50,poisson,1641,1641,0,,not_applicable
30-minute mixed-workload stability run,1,1,1455,agentic,50,poisson,1642,1641,1,,not_applicable
30-minute mixed-workload stability run,1,1,1456,agentic,50,poisson,1642,1641,1,,not_applicable
30-minute mixed-workload stability run,1,1,1457,agentic,50,poisson,1642,1641,1,,not_applicable
30-minute mixed-workload stability run,1,1,1458,agentic,50,poisson,1643,1642,1,,not_applicable
30-minute mixed-workload stability run,1,1,1459,agentic,50,poisson,1644,1642,2,,not_applicable
30-minute mixed-workload stability run,1,1,1460,agentic,50,poisson,1644,1642,2,,not_applicable
30-minute mixed-workload stability run,1,1,1461,agentic,50,poisson,1644,1642,2,,not_applicable
30-minute mixed-workload stability run,1,1,1462,agentic,50,poisson,1644,1644,0,,not_applicable
30-minute mixed-workload stability run,1,1,1463,agentic,50,poisson,1644,1644,0,,not_applicable
30-minute mixed-workload stability run,1,1,1464,agentic,50,poisson,1644,1644,0,,not_applicable
30-minute mixed-workload stability run,1,1,1465,agentic,50,poisson,1644,1644,0,,not_applicable
30-minute mixed-workload stability run,1,1,1466,agentic,50,poisson,1644,1644,0,,not_applicable
30-minute mixed-workload stability run,1,1,1467,agentic,50,poisson,1644,1644,0,,not_applicable
30-minute mixed-workload stability run,1,1,1468,agentic,50,poisson,1644,1644,0,,not_applicable
30-minute mixed-workload stability run,1,1,1469,agentic,50,poisson,1644,1644,0,,not_applicable
30-minute mixed-workload stability run,1,1,1470,agentic,50,poisson,1644,1644,0,,not_applicable
30-minute mixed-workload stability run,1,1,1471,agentic,50,poisson,1644,1644,0,,not_applicable
30-minute mixed-workload stability run,1,1,1472,agentic,50,poisson,1645,1644,1,,not_applicable
30-minute mixed-workload stability run,1,1,1473,agentic,50,poisson,1645,1644,1,,not_applicable
30-minute mixed-workload stability run,1,1,1474,agentic,50,poisson,1646,1644,2,,not_applicable
30-minute mixed-workload stability run,1,1,1475,agentic,50,poisson,1646,1644,2,,not_applicable
30-minute mixed-workload stability run,1,1,1476,agentic,50,poisson,1646,1645,1,,not_applicable
30-minute mixed-workload stability run,1,1,1477,agentic,50,poisson,1646,1646,0,,not_applicable
30-minute mixed-workload stability run,1,1,1478,agentic,50,poisson,1647,1646,1,,not_applicable
30-minute mixed-workload stability run,1,1,1479,agentic,50,poisson,1647,1646,1,,not_applicable
30-minute mixed-workload stability run,1,1,1480,agentic,50,poisson,1647,1646,1,,not_applicable
30-minute mixed-workload stability run,1,1,1481,agentic,50,poisson,1648,1647,1,,not_applicable
30-minute mixed-workload stability run,1,1,1482,agentic,50,poisson,1648,1647,1,,not_applicable
30-minute mixed-workload stability run,1,1,1483,agentic,50,poisson,1650,1647,3,,not_applicable
30-minute mixed-workload stability run,1,1,1484,agentic,50,poisson,1650,1648,2,,not_applicable
30-minute mixed-workload stability run,1,1,1485,agentic,50,poisson,1650,1648,2,,not_applicable
30-minute mixed-workload stability run,1,1,1486,agentic,50,poisson,1651,1650,1,,not_applicable
30-minute mixed-workload stability run,1,1,1487,agentic,50,poisson,1652,1650,2,,not_applicable
30-minute mixed-workload stability run,1,1,1488,agentic,50,poisson,1652,1650,2,,not_applicable
30-minute mixed-workload stability run,1,1,1489,agentic,50,poisson,1654,1651,3,,not_applicable
30-minute mixed-workload stability run,1,1,1490,agentic,50,poisson,1654,1651,3,,not_applicable
30-minute mixed-workload stability run,1,1,1491,agentic,50,poisson,1655,1652,3,,not_applicable
30-minute mixed-workload stability run,1,1,1492,agentic,50,poisson,1655,1653,2,,not_applicable
30-minute mixed-workload stability run,1,1,1493,agentic,50,poisson,1655,1654,1,,not_applicable
30-minute mixed-workload stability run,1,1,1494,agentic,50,poisson,1655,1654,1,,not_applicable
30-minute mixed-workload stability run,1,1,1495,agentic,50,poisson,1655,1655,0,,not_applicable
30-minute mixed-workload stability run,1,1,1496,agentic,50,poisson,1655,1655,0,,not_applicable
30-minute mixed-workload stability run,1,1,1497,agentic,50,poisson,1655,1655,0,,not_applicable
30-minute mixed-workload stability run,1,1,1498,agentic,50,poisson,1657,1655,2,,not_applicable
30-minute mixed-workload stability run,1,1,1499,agentic,50,poisson,1657,1655,2,,not_applicable
30-minute mixed-workload stability run,1,1,1500,agentic,50,poisson,1657,1655,2,,not_applicable
30-minute mixed-workload stability run,1,1,1501,agentic,50,poisson,1657,1657,0,,not_applicable
30-minute mixed-workload stability run,1,1,1502,agentic,50,poisson,1658,1657,1,,not_applicable
30-minute mixed-workload stability run,1,1,1503,agentic,50,poisson,1660,1657,3,,not_applicable
30-minute mixed-workload stability run,1,1,1504,agentic,50,poisson,1660,1657,3,,not_applicable
30-minute mixed-workload stability run,1,1,1505,agentic,50,poisson,1660,1657,3,,not_applicable
30-minute mixed-workload stability run,1,1,1506,agentic,50,poisson,1661,1657,4,,not_applicable
30-minute mixed-workload stability run,1,1,1507,agentic,50,poisson,1661,1658,3,,not_applicable
30-minute mixed-workload stability run,1,1,1508,agentic,50,poisson,1661,1660,1,,not_applicable
30-minute mixed-workload stability run,1,1,1509,agentic,50,poisson,1662,1660,2,,not_applicable
30-minute mixed-workload stability run,1,1,1510,agentic,50,poisson,1663,1661,2,,not_applicable
30-minute mixed-workload stability run,1,1,1511,agentic,50,poisson,1663,1661,2,,not_applicable
30-minute mixed-workload stability run,1,1,1512,agentic,50,poisson,1664,1661,3,,not_applicable
30-minute mixed-workload stability run,1,1,1513,agentic,50,poisson,1664,1661,3,,not_applicable
30-minute mixed-workload stability run,1,1,1514,agentic,50,poisson,1664,1663,1,,not_applicable
30-minute mixed-workload stability run,1,1,1515,agentic,50,poisson,1666,1663,3,,not_applicable
30-minute mixed-workload stability run,1,1,1516,agentic,50,poisson,1666,1663,3,,not_applicable
30-minute mixed-workload stability run,1,1,1517,agentic,50,poisson,1666,1664,2,,not_applicable
30-minute mixed-workload stability run,1,1,1518,agentic,50,poisson,1667,1664,3,,not_applicable
30-minute mixed-workload stability run,1,1,1519,agentic,50,poisson,1667,1666,1,,not_applicable
30-minute mixed-workload stability run,1,1,1520,agentic,50,poisson,1667,1666,1,,not_applicable
30-minute mixed-workload stability run,1,1,1521,agentic,50,poisson,1667,1666,1,,not_applicable
30-minute mixed-workload stability run,1,1,1522,agentic,50,poisson,1668,1667,1,,not_applicable
30-minute mixed-workload stability run,1,1,1523,agentic,50,poisson,1669,1667,2,,not_applicable
30-minute mixed-workload stability run,1,1,1524,agentic,50,poisson,1669,1667,2,,not_applicable
30-minute mixed-workload stability run,1,1,1525,agentic,50,poisson,1669,1667,2,,not_applicable
30-minute mixed-workload stability run,1,1,1526,agentic,50,poisson,1669,1669,0,,not_applicable
30-minute mixed-workload stability run,1,1,1527,agentic,50,poisson,1669,1669,0,,not_applicable
30-minute mixed-workload stability run,1,1,1528,agentic,50,poisson,1670,1669,1,,not_applicable
30-minute mixed-workload stability run,1,1,1529,agentic,50,poisson,1670,1669,1,,not_applicable
30-minute mixed-workload stability run,1,1,1530,agentic,50,poisson,1670,1669,1,,not_applicable
30-minute mixed-workload stability run,1,1,1531,agentic,50,poisson,1670,1670,0,,not_applicable
30-minute mixed-workload stability run,1,1,1532,agentic,50,poisson,1670,1670,0,,not_applicable
30-minute mixed-workload stability run,1,1,1533,agentic,50,poisson,1671,1670,1,,not_applicable
30-minute mixed-workload stability run,1,1,1534,agentic,50,poisson,1672,1670,2,,not_applicable
30-minute mixed-workload stability run,1,1,1535,agentic,50,poisson,1672,1670,2,,not_applicable
30-minute mixed-workload stability run,1,1,1536,agentic,50,poisson,1672,1670,2,,not_applicable
30-minute mixed-workload stability run,1,1,1537,agentic,50,poisson,1672,1671,1,,not_applicable
30-minute mixed-workload stability run,1,1,1538,agentic,50,poisson,1672,1672,0,,not_applicable
30-minute mixed-workload stability run,1,1,1539,agentic,50,poisson,1673,1672,1,,not_applicable
30-minute mixed-workload stability run,1,1,1540,agentic,50,poisson,1674,1672,2,,not_applicable
30-minute mixed-workload stability run,1,1,1541,agentic,50,poisson,1674,1672,2,,not_applicable
30-minute mixed-workload stability run,1,1,1542,agentic,50,poisson,1677,1672,5,,not_applicable
30-minute mixed-workload stability run,1,1,1543,agentic,50,poisson,1678,1672,6,,not_applicable
30-minute mixed-workload stability run,1,1,1544,agentic,50,poisson,1678,1673,5,,not_applicable
30-minute mixed-workload stability run,1,1,1545,agentic,50,poisson,1681,1674,7,,not_applicable
30-minute mixed-workload stability run,1,1,1546,agentic,50,poisson,1681,1674,7,,not_applicable
30-minute mixed-workload stability run,1,1,1547,agentic,50,poisson,1683,1675,8,,not_applicable
30-minute mixed-workload stability run,1,1,1548,agentic,50,poisson,1683,1678,5,,not_applicable
30-minute mixed-workload stability run,1,1,1549,agentic,50,poisson,1683,1679,4,,not_applicable
30-minute mixed-workload stability run,1,1,1550,agentic,50,poisson,1683,1681,2,,not_applicable
30-minute mixed-workload stability run,1,1,1551,agentic,50,poisson,1683,1683,0,,not_applicable
30-minute mixed-workload stability run,1,1,1552,agentic,50,poisson,1683,1683,0,,not_applicable
30-minute mixed-workload stability run,1,1,1553,agentic,50,poisson,1684,1683,1,,not_applicable
30-minute mixed-workload stability run,1,1,1554,agentic,50,poisson,1684,1683,1,,not_applicable
30-minute mixed-workload stability run,1,1,1555,agentic,50,poisson,1684,1683,1,,not_applicable
30-minute mixed-workload stability run,1,1,1556,agentic,50,poisson,1684,1683,1,,not_applicable
30-minute mixed-workload stability run,1,1,1557,agentic,50,poisson,1684,1684,0,,not_applicable
30-minute mixed-workload stability run,1,1,1558,agentic,50,poisson,1684,1684,0,,not_applicable
30-minute mixed-workload stability run,1,1,1559,agentic,50,poisson,1684,1684,0,,not_applicable
30-minute mixed-workload stability run,1,1,1560,agentic,50,poisson,1684,1684,0,,not_applicable
30-minute mixed-workload stability run,1,1,1561,agentic,50,poisson,1685,1684,1,,not_applicable
30-minute mixed-workload stability run,1,1,1562,agentic,50,poisson,1685,1684,1,,not_applicable
30-minute mixed-workload stability run,1,1,1563,agentic,50,poisson,1685,1684,1,,not_applicable
30-minute mixed-workload stability run,1,1,1564,agentic,50,poisson,1685,1685,0,,not_applicable
30-minute mixed-workload stability run,1,1,1565,agentic,50,poisson,1686,1685,1,,not_applicable
30-minute mixed-workload stability run,1,1,1566,agentic,50,poisson,1686,1685,1,,not_applicable
30-minute mixed-workload stability run,1,1,1567,agentic,50,poisson,1687,1685,2,,not_applicable
30-minute mixed-workload stability run,1,1,1568,agentic,50,poisson,1687,1686,1,,not_applicable
30-minute mixed-workload stability run,1,1,1569,agentic,50,poisson,1688,1686,2,,not_applicable
30-minute mixed-workload stability run,1,1,1570,agentic,50,poisson,1688,1686,2,,not_applicable
30-minute mixed-workload stability run,1,1,1571,agentic,50,poisson,1689,1686,3,,not_applicable
30-minute mixed-workload stability run,1,1,1572,agentic,50,poisson,1689,1687,2,,not_applicable
30-minute mixed-workload stability run,1,1,1573,agentic,50,poisson,1690,1688,2,,not_applicable
30-minute mixed-workload stability run,1,1,1574,agentic,50,poisson,1690,1688,2,,not_applicable
30-minute mixed-workload stability run,1,1,1575,agentic,50,poisson,1691,1689,2,,not_applicable
30-minute mixed-workload stability run,1,1,1576,agentic,50,poisson,1692,1690,2,,not_applicable
30-minute mixed-workload stability run,1,1,1577,agentic,50,poisson,1693,1690,3,,not_applicable
30-minute mixed-workload stability run,1,1,1578,agentic,50,poisson,1694,1690,4,,not_applicable
30-minute mixed-workload stability run,1,1,1579,agentic,50,poisson,1695,1690,5,,not_applicable
30-minute mixed-workload stability run,1,1,1580,agentic,50,poisson,1696,1691,5,,not_applicable
30-minute mixed-workload stability run,1,1,1581,agentic,50,poisson,1696,1692,4,,not_applicable
30-minute mixed-workload stability run,1,1,1582,agentic,50,poisson,1697,1692,5,,not_applicable
30-minute mixed-workload stability run,1,1,1583,agentic,50,poisson,1698,1693,5,,not_applicable
30-minute mixed-workload stability run,1,1,1584,agentic,50,poisson,1698,1695,3,,not_applicable
30-minute mixed-workload stability run,1,1,1585,agentic,50,poisson,1698,1697,1,,not_applicable
30-minute mixed-workload stability run,1,1,1586,agentic,50,poisson,1699,1698,1,,not_applicable
30-minute mixed-workload stability run,1,1,1587,agentic,50,poisson,1700,1698,2,,not_applicable
30-minute mixed-workload stability run,1,1,1588,agentic,50,poisson,1701,1698,3,,not_applicable
30-minute mixed-workload stability run,1,1,1589,agentic,50,poisson,1702,1698,4,,not_applicable
30-minute mixed-workload stability run,1,1,1590,agentic,50,poisson,1702,1698,4,,not_applicable
30-minute mixed-workload stability run,1,1,1591,agentic,50,poisson,1702,1699,3,,not_applicable
30-minute mixed-workload stability run,1,1,1592,agentic,50,poisson,1704,1700,4,,not_applicable
30-minute mixed-workload stability run,1,1,1593,agentic,50,poisson,1705,1702,3,,not_applicable
30-minute mixed-workload stability run,1,1,1594,agentic,50,poisson,1705,1702,3,,not_applicable
30-minute mixed-workload stability run,1,1,1595,agentic,50,poisson,1705,1702,3,,not_applicable
30-minute mixed-workload stability run,1,1,1596,agentic,50,poisson,1706,1702,4,,not_applicable
30-minute mixed-workload stability run,1,1,1597,agentic,50,poisson,1707,1704,3,,not_applicable
30-minute mixed-workload stability run,1,1,1598,agentic,50,poisson,1708,1705,3,,not_applicable
30-minute mixed-workload stability run,1,1,1599,agentic,50,poisson,1708,1706,2,,not_applicable
30-minute mixed-workload stability run,1,1,1600,agentic,50,poisson,1708,1707,1,,not_applicable
30-minute mixed-workload stability run,1,1,1601,agentic,50,poisson,1709,1708,1,,not_applicable
30-minute mixed-workload stability run,1,1,1602,agentic,50,poisson,1711,1708,3,,not_applicable
30-minute mixed-workload stability run,1,1,1603,agentic,50,poisson,1711,1708,3,,not_applicable
30-minute mixed-workload stability run,1,1,1604,agentic,50,poisson,1711,1709,2,,not_applicable
30-minute mixed-workload stability run,1,1,1605,agentic,50,poisson,1712,1711,1,,not_applicable
30-minute mixed-workload stability run,1,1,1606,agentic,50,poisson,1713,1711,2,,not_applicable
30-minute mixed-workload stability run,1,1,1607,agentic,50,poisson,1713,1711,2,,not_applicable
30-minute mixed-workload stability run,1,1,1608,agentic,50,poisson,1713,1711,2,,not_applicable
30-minute mixed-workload stability run,1,1,1609,agentic,50,poisson,1713,1713,0,,not_applicable
30-minute mixed-workload stability run,1,1,1610,agentic,50,poisson,1713,1713,0,,not_applicable
30-minute mixed-workload stability run,1,1,1611,agentic,50,poisson,1713,1713,0,,not_applicable
30-minute mixed-workload stability run,1,1,1612,agentic,50,poisson,1714,1713,1,,not_applicable
30-minute mixed-workload stability run,1,1,1613,agentic,50,poisson,1714,1713,1,,not_applicable
30-minute mixed-workload stability run,1,1,1614,agentic,50,poisson,1714,1713,1,,not_applicable
30-minute mixed-workload stability run,1,1,1615,agentic,50,poisson,1714,1713,1,,not_applicable
30-minute mixed-workload stability run,1,1,1616,agentic,50,poisson,1714,1714,0,,not_applicable
30-minute mixed-workload stability run,1,1,1617,agentic,50,poisson,1717,1714,3,,not_applicable
30-minute mixed-workload stability run,1,1,1618,agentic,50,poisson,1717,1714,3,,not_applicable
30-minute mixed-workload stability run,1,1,1619,agentic,50,poisson,1717,1714,3,,not_applicable
30-minute mixed-workload stability run,1,1,1620,agentic,50,poisson,1717,1714,3,,not_applicable
30-minute mixed-workload stability run,1,1,1621,agentic,50,poisson,1720,1714,6,,not_applicable
30-minute mixed-workload stability run,1,1,1622,agentic,50,poisson,1721,1715,6,,not_applicable
30-minute mixed-workload stability run,1,1,1623,agentic,50,poisson,1722,1717,5,,not_applicable
30-minute mixed-workload stability run,1,1,1624,agentic,50,poisson,1725,1717,8,,not_applicable
30-minute mixed-workload stability run,1,1,1625,agentic,50,poisson,1725,1717,8,,not_applicable
30-minute mixed-workload stability run,1,1,1626,agentic,50,poisson,1725,1719,6,,not_applicable
30-minute mixed-workload stability run,1,1,1627,agentic,50,poisson,1725,1720,5,,not_applicable
30-minute mixed-workload stability run,1,1,1628,agentic,50,poisson,1727,1722,5,,not_applicable
30-minute mixed-workload stability run,1,1,1629,agentic,50,poisson,1728,1722,6,,not_applicable
30-minute mixed-workload stability run,1,1,1630,agentic,50,poisson,1728,1725,3,,not_applicable
30-minute mixed-workload stability run,1,1,1631,agentic,50,poisson,1729,1725,4,,not_applicable
30-minute mixed-workload stability run,1,1,1632,agentic,50,poisson,1730,1725,5,,not_applicable
30-minute mixed-workload stability run,1,1,1633,agentic,50,poisson,1731,1727,4,,not_applicable
30-minute mixed-workload stability run,1,1,1634,agentic,50,poisson,1733,1728,5,,not_applicable
30-minute mixed-workload stability run,1,1,1635,agentic,50,poisson,1735,1729,6,,not_applicable
30-minute mixed-workload stability run,1,1,1636,agentic,50,poisson,1735,1729,6,,not_applicable
30-minute mixed-workload stability run,1,1,1637,agentic,50,poisson,1736,1730,6,,not_applicable
30-minute mixed-workload stability run,1,1,1638,agentic,50,poisson,1736,1731,5,,not_applicable
30-minute mixed-workload stability run,1,1,1639,agentic,50,poisson,1736,1732,4,,not_applicable
30-minute mixed-workload stability run,1,1,1640,agentic,50,poisson,1736,1734,2,,not_applicable
30-minute mixed-workload stability run,1,1,1641,agentic,50,poisson,1736,1736,0,,not_applicable
30-minute mixed-workload stability run,1,1,1642,agentic,50,poisson,1736,1736,0,,not_applicable
30-minute mixed-workload stability run,1,1,1643,agentic,50,poisson,1736,1736,0,,not_applicable
30-minute mixed-workload stability run,1,1,1644,agentic,50,poisson,1736,1736,0,,not_applicable
30-minute mixed-workload stability run,1,1,1645,agentic,50,poisson,1736,1736,0,,not_applicable
30-minute mixed-workload stability run,1,1,1646,agentic,50,poisson,1736,1736,0,,not_applicable
30-minute mixed-workload stability run,1,1,1647,agentic,50,poisson,1737,1736,1,,not_applicable
30-minute mixed-workload stability run,1,1,1648,agentic,50,poisson,1739,1736,3,,not_applicable
30-minute mixed-workload stability run,1,1,1649,agentic,50,poisson,1740,1736,4,,not_applicable
30-minute mixed-workload stability run,1,1,1650,agentic,50,poisson,1740,1736,4,,not_applicable
30-minute mixed-workload stability run,1,1,1651,agentic,50,poisson,1741,1737,4,,not_applicable
30-minute mixed-workload stability run,1,1,1652,agentic,50,poisson,1741,1739,2,,not_applicable
30-minute mixed-workload stability run,1,1,1653,agentic,50,poisson,1741,1740,1,,not_applicable
30-minute mixed-workload stability run,1,1,1654,agentic,50,poisson,1741,1740,1,,not_applicable
30-minute mixed-workload stability run,1,1,1655,agentic,50,poisson,1741,1741,0,,not_applicable
30-minute mixed-workload stability run,1,1,1656,agentic,50,poisson,1741,1741,0,,not_applicable
30-minute mixed-workload stability run,1,1,1657,agentic,50,poisson,1742,1741,1,,not_applicable
30-minute mixed-workload stability run,1,1,1658,agentic,50,poisson,1742,1741,1,,not_applicable
30-minute mixed-workload stability run,1,1,1659,agentic,50,poisson,1744,1741,3,,not_applicable
30-minute mixed-workload stability run,1,1,1660,agentic,50,poisson,1745,1741,4,,not_applicable
30-minute mixed-workload stability run,1,1,1661,agentic,50,poisson,1746,1741,5,,not_applicable
30-minute mixed-workload stability run,1,1,1662,agentic,50,poisson,1746,1742,4,,not_applicable
30-minute mixed-workload stability run,1,1,1663,agentic,50,poisson,1747,1742,5,,not_applicable
30-minute mixed-workload stability run,1,1,1664,agentic,50,poisson,1747,1745,2,,not_applicable
30-minute mixed-workload stability run,1,1,1665,agentic,50,poisson,1747,1746,1,,not_applicable
30-minute mixed-workload stability run,1,1,1666,agentic,50,poisson,1747,1746,1,,not_applicable
30-minute mixed-workload stability run,1,1,1667,agentic,50,poisson,1749,1746,3,,not_applicable
30-minute mixed-workload stability run,1,1,1668,agentic,50,poisson,1749,1746,3,,not_applicable
30-minute mixed-workload stability run,1,1,1669,agentic,50,poisson,1749,1747,2,,not_applicable
30-minute mixed-workload stability run,1,1,1670,agentic,50,poisson,1750,1747,3,,not_applicable
30-minute mixed-workload stability run,1,1,1671,agentic,50,poisson,1751,1749,2,,not_applicable
30-minute mixed-workload stability run,1,1,1672,agentic,50,poisson,1751,1749,2,,not_applicable
30-minute mixed-workload stability run,1,1,1673,agentic,50,poisson,1751,1749,2,,not_applicable
30-minute mixed-workload stability run,1,1,1674,agentic,50,poisson,1751,1751,0,,not_applicable
30-minute mixed-workload stability run,1,1,1675,agentic,50,poisson,1751,1751,0,,not_applicable
30-minute mixed-workload stability run,1,1,1676,agentic,50,poisson,1752,1751,1,,not_applicable
30-minute mixed-workload stability run,1,1,1677,agentic,50,poisson,1753,1751,2,,not_applicable
30-minute mixed-workload stability run,1,1,1678,agentic,50,poisson,1755,1751,4,,not_applicable
30-minute mixed-workload stability run,1,1,1679,agentic,50,poisson,1755,1751,4,,not_applicable
30-minute mixed-workload stability run,1,1,1680,agentic,50,poisson,1755,1752,3,,not_applicable
30-minute mixed-workload stability run,1,1,1681,agentic,50,poisson,1755,1753,2,,not_applicable
30-minute mixed-workload stability run,1,1,1682,agentic,50,poisson,1755,1755,0,,not_applicable
30-minute mixed-workload stability run,1,1,1683,agentic,50,poisson,1755,1755,0,,not_applicable
30-minute mixed-workload stability run,1,1,1684,agentic,50,poisson,1756,1755,1,,not_applicable
30-minute mixed-workload stability run,1,1,1685,agentic,50,poisson,1757,1755,2,,not_applicable
30-minute mixed-workload stability run,1,1,1686,agentic,50,poisson,1757,1755,2,,not_applicable
30-minute mixed-workload stability run,1,1,1687,agentic,50,poisson,1757,1757,0,,not_applicable
30-minute mixed-workload stability run,1,1,1688,agentic,50,poisson,1759,1757,2,,not_applicable
30-minute mixed-workload stability run,1,1,1689,agentic,50,poisson,1759,1757,2,,not_applicable
30-minute mixed-workload stability run,1,1,1690,agentic,50,poisson,1761,1757,4,,not_applicable
30-minute mixed-workload stability run,1,1,1691,agentic,50,poisson,1761,1757,4,,not_applicable
30-minute mixed-workload stability run,1,1,1692,agentic,50,poisson,1761,1759,2,,not_applicable
30-minute mixed-workload stability run,1,1,1693,agentic,50,poisson,1761,1759,2,,not_applicable
30-minute mixed-workload stability run,1,1,1694,agentic,50,poisson,1761,1759,2,,not_applicable
30-minute mixed-workload stability run,1,1,1695,agentic,50,poisson,1761,1761,0,,not_applicable
30-minute mixed-workload stability run,1,1,1696,agentic,50,poisson,1761,1761,0,,not_applicable
30-minute mixed-workload stability run,1,1,1697,agentic,50,poisson,1762,1761,1,,not_applicable
30-minute mixed-workload stability run,1,1,1698,agentic,50,poisson,1762,1761,1,,not_applicable
30-minute mixed-workload stability run,1,1,1699,agentic,50,poisson,1764,1761,3,,not_applicable
30-minute mixed-workload stability run,1,1,1700,agentic,50,poisson,1764,1761,3,,not_applicable
30-minute mixed-workload stability run,1,1,1701,agentic,50,poisson,1767,1761,6,,not_applicable
30-minute mixed-workload stability run,1,1,1702,agentic,50,poisson,1767,1762,5,,not_applicable
30-minute mixed-workload stability run,1,1,1703,agentic,50,poisson,1767,1763,4,,not_applicable
30-minute mixed-workload stability run,1,1,1704,agentic,50,poisson,1769,1764,5,,not_applicable
30-minute mixed-workload stability run,1,1,1705,agentic,50,poisson,1769,1767,2,,not_applicable
30-minute mixed-workload stability run,1,1,1706,agentic,50,poisson,1769,1767,2,,not_applicable
30-minute mixed-workload stability run,1,1,1707,agentic,50,poisson,1769,1767,2,,not_applicable
30-minute mixed-workload stability run,1,1,1708,agentic,50,poisson,1770,1769,1,,not_applicable
30-minute mixed-workload stability run,1,1,1709,agentic,50,poisson,1770,1769,1,,not_applicable
30-minute mixed-workload stability run,1,1,1710,agentic,50,poisson,1770,1769,1,,not_applicable
30-minute mixed-workload stability run,1,1,1711,agentic,50,poisson,1771,1770,1,,not_applicable
30-minute mixed-workload stability run,1,1,1712,agentic,50,poisson,1771,1770,1,,not_applicable
30-minute mixed-workload stability run,1,1,1713,agentic,50,poisson,1771,1770,1,,not_applicable
30-minute mixed-workload stability run,1,1,1714,agentic,50,poisson,1772,1770,2,,not_applicable
30-minute mixed-workload stability run,1,1,1715,agentic,50,poisson,1772,1771,1,,not_applicable
30-minute mixed-workload stability run,1,1,1716,agentic,50,poisson,1774,1771,3,,not_applicable
30-minute mixed-workload stability run,1,1,1717,agentic,50,poisson,1774,1772,2,,not_applicable
30-minute mixed-workload stability run,1,1,1718,agentic,50,poisson,1774,1772,2,,not_applicable
30-minute mixed-workload stability run,1,1,1719,agentic,50,poisson,1774,1772,2,,not_applicable
30-minute mixed-workload stability run,1,1,1720,agentic,50,poisson,1774,1774,0,,not_applicable
30-minute mixed-workload stability run,1,1,1721,agentic,50,poisson,1774,1774,0,,not_applicable
30-minute mixed-workload stability run,1,1,1722,agentic,50,poisson,1774,1774,0,,not_applicable
30-minute mixed-workload stability run,1,1,1723,agentic,50,poisson,1774,1774,0,,not_applicable
30-minute mixed-workload stability run,1,1,1724,agentic,50,poisson,1775,1774,1,,not_applicable
30-minute mixed-workload stability run,1,1,1725,agentic,50,poisson,1776,1774,2,,not_applicable
30-minute mixed-workload stability run,1,1,1726,agentic,50,poisson,1776,1774,2,,not_applicable
30-minute mixed-workload stability run,1,1,1727,agentic,50,poisson,1776,1774,2,,not_applicable
30-minute mixed-workload stability run,1,1,1728,agentic,50,poisson,1776,1774,2,,not_applicable
30-minute mixed-workload stability run,1,1,1729,agentic,50,poisson,1776,1775,1,,not_applicable
30-minute mixed-workload stability run,1,1,1730,agentic,50,poisson,1776,1776,0,,not_applicable
30-minute mixed-workload stability run,1,1,1731,agentic,50,poisson,1776,1776,0,,not_applicable
30-minute mixed-workload stability run,1,1,1732,agentic,50,poisson,1777,1776,1,,not_applicable
30-minute mixed-workload stability run,1,1,1733,agentic,50,poisson,1777,1776,1,,not_applicable
30-minute mixed-workload stability run,1,1,1734,agentic,50,poisson,1777,1776,1,,not_applicable
30-minute mixed-workload stability run,1,1,1735,agentic,50,poisson,1778,1776,2,,not_applicable
30-minute mixed-workload stability run,1,1,1736,agentic,50,poisson,1778,1777,1,,not_applicable
30-minute mixed-workload stability run,1,1,1737,agentic,50,poisson,1778,1777,1,,not_applicable
30-minute mixed-workload stability run,1,1,1738,agentic,50,poisson,1778,1777,1,,not_applicable
30-minute mixed-workload stability run,1,1,1739,agentic,50,poisson,1780,1778,2,,not_applicable
30-minute mixed-workload stability run,1,1,1740,agentic,50,poisson,1782,1778,4,,not_applicable
30-minute mixed-workload stability run,1,1,1741,agentic,50,poisson,1782,1778,4,,not_applicable
30-minute mixed-workload stability run,1,1,1742,agentic,50,poisson,1782,1778,4,,not_applicable
30-minute mixed-workload stability run,1,1,1743,agentic,50,poisson,1782,1780,2,,not_applicable
30-minute mixed-workload stability run,1,1,1744,agentic,50,poisson,1782,1782,0,,not_applicable
30-minute mixed-workload stability run,1,1,1745,agentic,50,poisson,1783,1782,1,,not_applicable
30-minute mixed-workload stability run,1,1,1746,agentic,50,poisson,1783,1782,1,,not_applicable
30-minute mixed-workload stability run,1,1,1747,agentic,50,poisson,1783,1782,1,,not_applicable
30-minute mixed-workload stability run,1,1,1748,agentic,50,poisson,1784,1783,1,,not_applicable
30-minute mixed-workload stability run,1,1,1749,agentic,50,poisson,1784,1783,1,,not_applicable
30-minute mixed-workload stability run,1,1,1750,agentic,50,poisson,1784,1783,1,,not_applicable
30-minute mixed-workload stability run,1,1,1751,agentic,50,poisson,1784,1784,0,,not_applicable
30-minute mixed-workload stability run,1,1,1752,agentic,50,poisson,1784,1784,0,,not_applicable
30-minute mixed-workload stability run,1,1,1753,agentic,50,poisson,1785,1784,1,,not_applicable
30-minute mixed-workload stability run,1,1,1754,agentic,50,poisson,1785,1784,1,,not_applicable
30-minute mixed-workload stability run,1,1,1755,agentic,50,poisson,1785,1784,1,,not_applicable
30-minute mixed-workload stability run,1,1,1756,agentic,50,poisson,1785,1784,1,,not_applicable
30-minute mixed-workload stability run,1,1,1757,agentic,50,poisson,1785,1785,0,,not_applicable
30-minute mixed-workload stability run,1,1,1758,agentic,50,poisson,1786,1785,1,,not_applicable
30-minute mixed-workload stability run,1,1,1759,agentic,50,poisson,1786,1785,1,,not_applicable
30-minute mixed-workload stability run,1,1,1760,agentic,50,poisson,1786,1785,1,,not_applicable
30-minute mixed-workload stability run,1,1,1761,agentic,50,poisson,1786,1786,0,,not_applicable
30-minute mixed-workload stability run,1,1,1762,agentic,50,poisson,1786,1786,0,,not_applicable
30-minute mixed-workload stability run,1,1,1763,agentic,50,poisson,1787,1786,1,,not_applicable
30-minute mixed-workload stability run,1,1,1764,agentic,50,poisson,1787,1786,1,,not_applicable
30-minute mixed-workload stability run,1,1,1765,agentic,50,poisson,1787,1786,1,,not_applicable
30-minute mixed-workload stability run,1,1,1766,agentic,50,poisson,1787,1786,1,,not_applicable
30-minute mixed-workload stability run,1,1,1767,agentic,50,poisson,1787,1786,1,,not_applicable
30-minute mixed-workload stability run,1,1,1768,agentic,50,poisson,1788,1787,1,,not_applicable
30-minute mixed-workload stability run,1,1,1769,agentic,50,poisson,1788,1787,1,,not_applicable
30-minute mixed-workload stability run,1,1,1770,agentic,50,poisson,1788,1787,1,,not_applicable
30-minute mixed-workload stability run,1,1,1771,agentic,50,poisson,1788,1787,1,,not_applicable
30-minute mixed-workload stability run,1,1,1772,agentic,50,poisson,1788,1787,1,,not_applicable
30-minute mixed-workload stability run,1,1,1773,agentic,50,poisson,1788,1788,0,,not_applicable
30-minute mixed-workload stability run,1,1,1774,agentic,50,poisson,1788,1788,0,,not_applicable
30-minute mixed-workload stability run,1,1,1775,agentic,50,poisson,1788,1788,0,,not_applicable
30-minute mixed-workload stability run,1,1,1776,agentic,50,poisson,1789,1788,1,,not_applicable
30-minute mixed-workload stability run,1,1,1777,agentic,50,poisson,1790,1788,2,,not_applicable
30-minute mixed-workload stability run,1,1,1778,agentic,50,poisson,1790,1788,2,,not_applicable
30-minute mixed-workload stability run,1,1,1779,agentic,50,poisson,1790,1789,1,,not_applicable
30-minute mixed-workload stability run,1,1,1780,agentic,50,poisson,1790,1790,0,,not_applicable
30-minute mixed-workload stability run,1,1,1781,agentic,50,poisson,1791,1790,1,,not_applicable
30-minute mixed-workload stability run,1,1,1782,agentic,50,poisson,1791,1790,1,,not_applicable
30-minute mixed-workload stability run,1,1,1783,agentic,50,poisson,1791,1790,1,,not_applicable
30-minute mixed-workload stability run,1,1,1784,agentic,50,poisson,1791,1790,1,,not_applicable
30-minute mixed-workload stability run,1,1,1785,agentic,50,poisson,1791,1790,1,,not_applicable
30-minute mixed-workload stability run,1,1,1786,agentic,50,poisson,1791,1790,1,,not_applicable
30-minute mixed-workload stability run,1,1,1787,agentic,50,poisson,1791,1791,0,,not_applicable
30-minute mixed-workload stability run,1,1,1788,agentic,50,poisson,1793,1791,2,,not_applicable
30-minute mixed-workload stability run,1,1,1789,agentic,50,poisson,1794,1791,3,,not_applicable
30-minute mixed-workload stability run,1,1,1790,agentic,50,poisson,1795,1791,4,,not_applicable
30-minute mixed-workload stability run,1,1,1791,agentic,50,poisson,1796,1791,5,,not_applicable
30-minute mixed-workload stability run,1,1,1792,agentic,50,poisson,1797,1791,6,,not_applicable
30-minute mixed-workload stability run,1,1,1793,agentic,50,poisson,1797,1793,4,,not_applicable
30-minute mixed-workload stability run,1,1,1794,agentic,50,poisson,1797,1795,2,,not_applicable
30-minute mixed-workload stability run,1,1,1795,agentic,50,poisson,1797,1796,1,,not_applicable
30-minute mixed-workload stability run,1,1,1796,agentic,50,poisson,1797,1797,0,,not_applicable
30-minute mixed-workload stability run,1,1,1797,agentic,50,poisson,1799,1797,2,,not_applicable
30-minute mixed-workload stability run,1,1,1798,agentic,50,poisson,1799,1797,2,,not_applicable
30-minute mixed-workload stability run,1,1,1799,agentic,50,poisson,1799,1797,2,,not_applicable
30-minute mixed-workload stability run,1,1,1800,agentic,50,poisson,1800,1797,3,,not_applicable
30-minute mixed-workload stability run,1,1,0,standard-long-context,0,poisson,0,0,0,,not_applicable
30-minute mixed-workload stability run,1,1,1,standard-long-context,0,poisson,0,0,0,,not_applicable
30-minute mixed-workload stability run,1,1,2,standard-long-context,0,poisson,0,0,0,,not_applicable
30-minute mixed-workload stability run,1,1,3,standard-long-context,0,poisson,0,0,0,,not_applicable
30-minute mixed-workload stability run,1,1,4,standard-long-context,0,poisson,0,0,0,,not_applicable
30-minute mixed-workload stability run,1,1,5,standard-long-context,0,poisson,0,0,0,,not_applicable
30-minute mixed-workload stability run,1,1,6,standard-long-context,0,poisson,0,0,0,,not_applicable
30-minute mixed-workload stability run,1,1,7,standard-long-context,0,poisson,0,0,0,,not_applicable
30-minute mixed-workload stability run,1,1,8,standard-long-context,0,poisson,0,0,0,,not_applicable
30-minute mixed-workload stability run,1,1,9,standard-long-context,0,poisson,1,0,1,,not_applicable
30-minute mixed-workload stability run,1,1,10,standard-long-context,0,poisson,1,1,0,,not_applicable
30-minute mixed-workload stability run,1,1,11,standard-long-context,0,poisson,1,1,0,,not_applicable
30-minute mixed-workload stability run,1,1,12,standard-long-context,0,poisson,1,1,0,,not_applicable
30-minute mixed-workload stability run,1,1,13,standard-long-context,0,poisson,1,1,0,,not_applicable
30-minute mixed-workload stability run,1,1,14,standard-long-context,0,poisson,1,1,0,,not_applicable
30-minute mixed-workload stability run,1,1,15,standard-long-context,0,poisson,1,1,0,,not_applicable
30-minute mixed-workload stability run,1,1,16,standard-long-context,0,poisson,1,1,0,,not_applicable
30-minute mixed-workload stability run,1,1,17,standard-long-context,0,poisson,1,1,0,,not_applicable
30-minute mixed-workload stability run,1,1,18,standard-long-context,0,poisson,1,1,0,,not_applicable
30-minute mixed-workload stability run,1,1,19,standard-long-context,0,poisson,1,1,0,,not_applicable
30-minute mixed-workload stability run,1,1,20,standard-long-context,0,poisson,1,1,0,,not_applicable
30-minute mixed-workload stability run,1,1,21,standard-long-context,0,poisson,2,1,1,,not_applicable
30-minute mixed-workload stability run,1,1,22,standard-long-context,0,poisson,2,1,1,,not_applicable
30-minute mixed-workload stability run,1,1,23,standard-long-context,0,poisson,2,2,0,,not_applicable
30-minute mixed-workload stability run,1,1,24,standard-long-context,0,poisson,2,2,0,,not_applicable
30-minute mixed-workload stability run,1,1,25,standard-long-context,0,poisson,2,2,0,,not_applicable
30-minute mixed-workload stability run,1,1,26,standard-long-context,0,poisson,2,2,0,,not_applicable
30-minute mixed-workload stability run,1,1,27,standard-long-context,0,poisson,2,2,0,,not_applicable
30-minute mixed-workload stability run,1,1,28,standard-long-context,0,poisson,2,2,0,,not_applicable
30-minute mixed-workload stability run,1,1,29,standard-long-context,0,poisson,2,2,0,,not_applicable
30-minute mixed-workload stability run,1,1,30,standard-long-context,0,poisson,2,2,0,,not_applicable
30-minute mixed-workload stability run,1,1,31,standard-long-context,0,poisson,2,2,0,,not_applicable
30-minute mixed-workload stability run,1,1,32,standard-long-context,0,poisson,2,2,0,,not_applicable
30-minute mixed-workload stability run,1,1,33,standard-long-context,0,poisson,2,2,0,,not_applicable
30-minute mixed-workload stability run,1,1,34,standard-long-context,0,poisson,2,2,0,,not_applicable
30-minute mixed-workload stability run,1,1,35,standard-long-context,0,poisson,3,2,1,,not_applicable
30-minute mixed-workload stability run,1,1,36,standard-long-context,0,poisson,3,3,0,,not_applicable
30-minute mixed-workload stability run,1,1,37,standard-long-context,0,poisson,3,3,0,,not_applicable
30-minute mixed-workload stability run,1,1,38,standard-long-context,0,poisson,3,3,0,,not_applicable
30-minute mixed-workload stability run,1,1,39,standard-long-context,0,poisson,3,3,0,,not_applicable
30-minute mixed-workload stability run,1,1,40,standard-long-context,0,poisson,3,3,0,,not_applicable
30-minute mixed-workload stability run,1,1,41,standard-long-context,0,poisson,4,3,1,,not_applicable
30-minute mixed-workload stability run,1,1,42,standard-long-context,0,poisson,4,3,1,,not_applicable
30-minute mixed-workload stability run,1,1,43,standard-long-context,0,poisson,4,4,0,,not_applicable
30-minute mixed-workload stability run,1,1,44,standard-long-context,0,poisson,4,4,0,,not_applicable
30-minute mixed-workload stability run,1,1,45,standard-long-context,0,poisson,4,4,0,,not_applicable
30-minute mixed-workload stability run,1,1,46,standard-long-context,0,poisson,4,4,0,,not_applicable
30-minute mixed-workload stability run,1,1,47,standard-long-context,0,poisson,4,4,0,,not_applicable
30-minute mixed-workload stability run,1,1,48,standard-long-context,0,poisson,4,4,0,,not_applicable
30-minute mixed-workload stability run,1,1,49,standard-long-context,0,poisson,4,4,0,,not_applicable
30-minute mixed-workload stability run,1,1,50,standard-long-context,0,poisson,4,4,0,,not_applicable
30-minute mixed-workload stability run,1,1,51,standard-long-context,0,poisson,4,4,0,,not_applicable
30-minute mixed-workload stability run,1,1,52,standard-long-context,0,poisson,4,4,0,,not_applicable
30-minute mixed-workload stability run,1,1,53,standard-long-context,0,poisson,4,4,0,,not_applicable
30-minute mixed-workload stability run,1,1,54,standard-long-context,0,poisson,4,4,0,,not_applicable
30-minute mixed-workload stability run,1,1,55,standard-long-context,0,poisson,4,4,0,,not_applicable
30-minute mixed-workload stability run,1,1,56,standard-long-context,0,poisson,4,4,0,,not_applicable
30-minute mixed-workload stability run,1,1,57,standard-long-context,0,poisson,4,4,0,,not_applicable
30-minute mixed-workload stability run,1,1,58,standard-long-context,0,poisson,4,4,0,,not_applicable
30-minute mixed-workload stability run,1,1,59,standard-long-context,0,poisson,4,4,0,,not_applicable
30-minute mixed-workload stability run,1,1,60,standard-long-context,0,poisson,5,4,1,,not_applicable
30-minute mixed-workload stability run,1,1,61,standard-long-context,0,poisson,6,4,2,,not_applicable
30-minute mixed-workload stability run,1,1,62,standard-long-context,0,poisson,6,5,1,,not_applicable
30-minute mixed-workload stability run,1,1,63,standard-long-context,0,poisson,6,6,0,,not_applicable
30-minute mixed-workload stability run,1,1,64,standard-long-context,0,poisson,6,6,0,,not_applicable
30-minute mixed-workload stability run,1,1,65,standard-long-context,0,poisson,6,6,0,,not_applicable
30-minute mixed-workload stability run,1,1,66,standard-long-context,0,poisson,6,6,0,,not_applicable
30-minute mixed-workload stability run,1,1,67,standard-long-context,0,poisson,6,6,0,,not_applicable
30-minute mixed-workload stability run,1,1,68,standard-long-context,0,poisson,6,6,0,,not_applicable
30-minute mixed-workload stability run,1,1,69,standard-long-context,0,poisson,6,6,0,,not_applicable
30-minute mixed-workload stability run,1,1,70,standard-long-context,0,poisson,6,6,0,,not_applicable
30-minute mixed-workload stability run,1,1,71,standard-long-context,0,poisson,6,6,0,,not_applicable
30-minute mixed-workload stability run,1,1,72,standard-long-context,0,poisson,6,6,0,,not_applicable
30-minute mixed-workload stability run,1,1,73,standard-long-context,0,poisson,6,6,0,,not_applicable
30-minute mixed-workload stability run,1,1,74,standard-long-context,0,poisson,6,6,0,,not_applicable
30-minute mixed-workload stability run,1,1,75,standard-long-context,0,poisson,6,6,0,,not_applicable
30-minute mixed-workload stability run,1,1,76,standard-long-context,0,poisson,6,6,0,,not_applicable
30-minute mixed-workload stability run,1,1,77,standard-long-context,0,poisson,6,6,0,,not_applicable
30-minute mixed-workload stability run,1,1,78,standard-long-context,0,poisson,6,6,0,,not_applicable
30-minute mixed-workload stability run,1,1,79,standard-long-context,0,poisson,6,6,0,,not_applicable
30-minute mixed-workload stability run,1,1,80,standard-long-context,0,poisson,6,6,0,,not_applicable
30-minute mixed-workload stability run,1,1,81,standard-long-context,0,poisson,6,6,0,,not_applicable
30-minute mixed-workload stability run,1,1,82,standard-long-context,0,poisson,6,6,0,,not_applicable
30-minute mixed-workload stability run,1,1,83,standard-long-context,0,poisson,6,6,0,,not_applicable
30-minute mixed-workload stability run,1,1,84,standard-long-context,0,poisson,7,6,1,,not_applicable
30-minute mixed-workload stability run,1,1,85,standard-long-context,0,poisson,7,6,1,,not_applicable
30-minute mixed-workload stability run,1,1,86,standard-long-context,0,poisson,7,7,0,,not_applicable
30-minute mixed-workload stability run,1,1,87,standard-long-context,0,poisson,7,7,0,,not_applicable
30-minute mixed-workload stability run,1,1,88,standard-long-context,0,poisson,7,7,0,,not_applicable
30-minute mixed-workload stability run,1,1,89,standard-long-context,0,poisson,7,7,0,,not_applicable
30-minute mixed-workload stability run,1,1,90,standard-long-context,0,poisson,7,7,0,,not_applicable
30-minute mixed-workload stability run,1,1,91,standard-long-context,0,poisson,8,7,1,,not_applicable
30-minute mixed-workload stability run,1,1,92,standard-long-context,0,poisson,8,8,0,,not_applicable
30-minute mixed-workload stability run,1,1,93,standard-long-context,0,poisson,8,8,0,,not_applicable
30-minute mixed-workload stability run,1,1,94,standard-long-context,0,poisson,8,8,0,,not_applicable
30-minute mixed-workload stability run,1,1,95,standard-long-context,0,poisson,8,8,0,,not_applicable
30-minute mixed-workload stability run,1,1,96,standard-long-context,0,poisson,8,8,0,,not_applicable
30-minute mixed-workload stability run,1,1,97,standard-long-context,0,poisson,8,8,0,,not_applicable
30-minute mixed-workload stability run,1,1,98,standard-long-context,0,poisson,8,8,0,,not_applicable
30-minute mixed-workload stability run,1,1,99,standard-long-context,0,poisson,8,8,0,,not_applicable
30-minute mixed-workload stability run,1,1,100,standard-long-context,0,poisson,8,8,0,,not_applicable
30-minute mixed-workload stability run,1,1,101,standard-long-context,0,poisson,8,8,0,,not_applicable
30-minute mixed-workload stability run,1,1,102,standard-long-context,0,poisson,8,8,0,,not_applicable
30-minute mixed-workload stability run,1,1,103,standard-long-context,0,poisson,8,8,0,,not_applicable
30-minute mixed-workload stability run,1,1,104,standard-long-context,0,poisson,8,8,0,,not_applicable
30-minute mixed-workload stability run,1,1,105,standard-long-context,0,poisson,8,8,0,,not_applicable
30-minute mixed-workload stability run,1,1,106,standard-long-context,0,poisson,8,8,0,,not_applicable
30-minute mixed-workload stability run,1,1,107,standard-long-context,0,poisson,8,8,0,,not_applicable
30-minute mixed-workload stability run,1,1,108,standard-long-context,0,poisson,8,8,0,,not_applicable
30-minute mixed-workload stability run,1,1,109,standard-long-context,0,poisson,8,8,0,,not_applicable
30-minute mixed-workload stability run,1,1,110,standard-long-context,0,poisson,8,8,0,,not_applicable
30-minute mixed-workload stability run,1,1,111,standard-long-context,0,poisson,8,8,0,,not_applicable
30-minute mixed-workload stability run,1,1,112,standard-long-context,0,poisson,8,8,0,,not_applicable
30-minute mixed-workload stability run,1,1,113,standard-long-context,0,poisson,8,8,0,,not_applicable
30-minute mixed-workload stability run,1,1,114,standard-long-context,0,poisson,8,8,0,,not_applicable
30-minute mixed-workload stability run,1,1,115,standard-long-context,0,poisson,8,8,0,,not_applicable
30-minute mixed-workload stability run,1,1,116,standard-long-context,0,poisson,8,8,0,,not_applicable
30-minute mixed-workload stability run,1,1,117,standard-long-context,0,poisson,8,8,0,,not_applicable
30-minute mixed-workload stability run,1,1,118,standard-long-context,0,poisson,8,8,0,,not_applicable
30-minute mixed-workload stability run,1,1,119,standard-long-context,0,poisson,8,8,0,,not_applicable
30-minute mixed-workload stability run,1,1,120,standard-long-context,0,poisson,8,8,0,,not_applicable
30-minute mixed-workload stability run,1,1,121,standard-long-context,0,poisson,8,8,0,,not_applicable
30-minute mixed-workload stability run,1,1,122,standard-long-context,0,poisson,8,8,0,,not_applicable
30-minute mixed-workload stability run,1,1,123,standard-long-context,0,poisson,8,8,0,,not_applicable
30-minute mixed-workload stability run,1,1,124,standard-long-context,0,poisson,8,8,0,,not_applicable
30-minute mixed-workload stability run,1,1,125,standard-long-context,0,poisson,8,8,0,,not_applicable
30-minute mixed-workload stability run,1,1,126,standard-long-context,0,poisson,8,8,0,,not_applicable
30-minute mixed-workload stability run,1,1,127,standard-long-context,0,poisson,8,8,0,,not_applicable
30-minute mixed-workload stability run,1,1,128,standard-long-context,0,poisson,8,8,0,,not_applicable
30-minute mixed-workload stability run,1,1,129,standard-long-context,0,poisson,8,8,0,,not_applicable
30-minute mixed-workload stability run,1,1,130,standard-long-context,0,poisson,8,8,0,,not_applicable
30-minute mixed-workload stability run,1,1,131,standard-long-context,0,poisson,8,8,0,,not_applicable
30-minute mixed-workload stability run,1,1,132,standard-long-context,0,poisson,8,8,0,,not_applicable
30-minute mixed-workload stability run,1,1,133,standard-long-context,0,poisson,8,8,0,,not_applicable
30-minute mixed-workload stability run,1,1,134,standard-long-context,0,poisson,8,8,0,,not_applicable
30-minute mixed-workload stability run,1,1,135,standard-long-context,0,poisson,8,8,0,,not_applicable
30-minute mixed-workload stability run,1,1,136,standard-long-context,0,poisson,8,8,0,,not_applicable
30-minute mixed-workload stability run,1,1,137,standard-long-context,0,poisson,8,8,0,,not_applicable
30-minute mixed-workload stability run,1,1,138,standard-long-context,0,poisson,8,8,0,,not_applicable
30-minute mixed-workload stability run,1,1,139,standard-long-context,0,poisson,8,8,0,,not_applicable
30-minute mixed-workload stability run,1,1,140,standard-long-context,0,poisson,8,8,0,,not_applicable
30-minute mixed-workload stability run,1,1,141,standard-long-context,0,poisson,8,8,0,,not_applicable
30-minute mixed-workload stability run,1,1,142,standard-long-context,0,poisson,8,8,0,,not_applicable
30-minute mixed-workload stability run,1,1,143,standard-long-context,0,poisson,8,8,0,,not_applicable
30-minute mixed-workload stability run,1,1,144,standard-long-context,0,poisson,8,8,0,,not_applicable
30-minute mixed-workload stability run,1,1,145,standard-long-context,0,poisson,8,8,0,,not_applicable
30-minute mixed-workload stability run,1,1,146,standard-long-context,0,poisson,8,8,0,,not_applicable
30-minute mixed-workload stability run,1,1,147,standard-long-context,0,poisson,8,8,0,,not_applicable
30-minute mixed-workload stability run,1,1,148,standard-long-context,0,poisson,8,8,0,,not_applicable
30-minute mixed-workload stability run,1,1,149,standard-long-context,0,poisson,8,8,0,,not_applicable
30-minute mixed-workload stability run,1,1,150,standard-long-context,0,poisson,8,8,0,,not_applicable
30-minute mixed-workload stability run,1,1,151,standard-long-context,0,poisson,8,8,0,,not_applicable
30-minute mixed-workload stability run,1,1,152,standard-long-context,0,poisson,8,8,0,,not_applicable
30-minute mixed-workload stability run,1,1,153,standard-long-context,0,poisson,8,8,0,,not_applicable
30-minute mixed-workload stability run,1,1,154,standard-long-context,0,poisson,8,8,0,,not_applicable
30-minute mixed-workload stability run,1,1,155,standard-long-context,0,poisson,9,8,1,,not_applicable
30-minute mixed-workload stability run,1,1,156,standard-long-context,0,poisson,9,8,1,,not_applicable
30-minute mixed-workload stability run,1,1,157,standard-long-context,0,poisson,9,9,0,,not_applicable
30-minute mixed-workload stability run,1,1,158,standard-long-context,0,poisson,9,9,0,,not_applicable
30-minute mixed-workload stability run,1,1,159,standard-long-context,0,poisson,9,9,0,,not_applicable
30-minute mixed-workload stability run,1,1,160,standard-long-context,0,poisson,9,9,0,,not_applicable
30-minute mixed-workload stability run,1,1,161,standard-long-context,0,poisson,9,9,0,,not_applicable
30-minute mixed-workload stability run,1,1,162,standard-long-context,0,poisson,9,9,0,,not_applicable
30-minute mixed-workload stability run,1,1,163,standard-long-context,0,poisson,9,9,0,,not_applicable
30-minute mixed-workload stability run,1,1,164,standard-long-context,0,poisson,9,9,0,,not_applicable
30-minute mixed-workload stability run,1,1,165,standard-long-context,0,poisson,9,9,0,,not_applicable
30-minute mixed-workload stability run,1,1,166,standard-long-context,0,poisson,9,9,0,,not_applicable
30-minute mixed-workload stability run,1,1,167,standard-long-context,0,poisson,9,9,0,,not_applicable
30-minute mixed-workload stability run,1,1,168,standard-long-context,0,poisson,9,9,0,,not_applicable
30-minute mixed-workload stability run,1,1,169,standard-long-context,0,poisson,9,9,0,,not_applicable
30-minute mixed-workload stability run,1,1,170,standard-long-context,0,poisson,9,9,0,,not_applicable
30-minute mixed-workload stability run,1,1,171,standard-long-context,0,poisson,9,9,0,,not_applicable
30-minute mixed-workload stability run,1,1,172,standard-long-context,0,poisson,9,9,0,,not_applicable
30-minute mixed-workload stability run,1,1,173,standard-long-context,0,poisson,9,9,0,,not_applicable
30-minute mixed-workload stability run,1,1,174,standard-long-context,0,poisson,9,9,0,,not_applicable
30-minute mixed-workload stability run,1,1,175,standard-long-context,0,poisson,9,9,0,,not_applicable
30-minute mixed-workload stability run,1,1,176,standard-long-context,0,poisson,9,9,0,,not_applicable
30-minute mixed-workload stability run,1,1,177,standard-long-context,0,poisson,9,9,0,,not_applicable
30-minute mixed-workload stability run,1,1,178,standard-long-context,0,poisson,9,9,0,,not_applicable
30-minute mixed-workload stability run,1,1,179,standard-long-context,0,poisson,9,9,0,,not_applicable
30-minute mixed-workload stability run,1,1,180,standard-long-context,0,poisson,9,9,0,,not_applicable
30-minute mixed-workload stability run,1,1,181,standard-long-context,0,poisson,9,9,0,,not_applicable
30-minute mixed-workload stability run,1,1,182,standard-long-context,0,poisson,9,9,0,,not_applicable
30-minute mixed-workload stability run,1,1,183,standard-long-context,0,poisson,9,9,0,,not_applicable
30-minute mixed-workload stability run,1,1,184,standard-long-context,0,poisson,9,9,0,,not_applicable
30-minute mixed-workload stability run,1,1,185,standard-long-context,0,poisson,9,9,0,,not_applicable
30-minute mixed-workload stability run,1,1,186,standard-long-context,0,poisson,9,9,0,,not_applicable
30-minute mixed-workload stability run,1,1,187,standard-long-context,0,poisson,9,9,0,,not_applicable
30-minute mixed-workload stability run,1,1,188,standard-long-context,0,poisson,9,9,0,,not_applicable
30-minute mixed-workload stability run,1,1,189,standard-long-context,0,poisson,9,9,0,,not_applicable
30-minute mixed-workload stability run,1,1,190,standard-long-context,0,poisson,10,9,1,,not_applicable
30-minute mixed-workload stability run,1,1,191,standard-long-context,0,poisson,10,10,0,,not_applicable
30-minute mixed-workload stability run,1,1,192,standard-long-context,0,poisson,10,10,0,,not_applicable
30-minute mixed-workload stability run,1,1,193,standard-long-context,0,poisson,10,10,0,,not_applicable
30-minute mixed-workload stability run,1,1,194,standard-long-context,0,poisson,10,10,0,,not_applicable
30-minute mixed-workload stability run,1,1,195,standard-long-context,0,poisson,10,10,0,,not_applicable
30-minute mixed-workload stability run,1,1,196,standard-long-context,0,poisson,10,10,0,,not_applicable
30-minute mixed-workload stability run,1,1,197,standard-long-context,0,poisson,10,10,0,,not_applicable
30-minute mixed-workload stability run,1,1,198,standard-long-context,0,poisson,10,10,0,,not_applicable
30-minute mixed-workload stability run,1,1,199,standard-long-context,0,poisson,10,10,0,,not_applicable
30-minute mixed-workload stability run,1,1,200,standard-long-context,0,poisson,10,10,0,,not_applicable
30-minute mixed-workload stability run,1,1,201,standard-long-context,0,poisson,10,10,0,,not_applicable
30-minute mixed-workload stability run,1,1,202,standard-long-context,0,poisson,11,10,1,,not_applicable
30-minute mixed-workload stability run,1,1,203,standard-long-context,0,poisson,11,11,0,,not_applicable
30-minute mixed-workload stability run,1,1,204,standard-long-context,0,poisson,11,11,0,,not_applicable
30-minute mixed-workload stability run,1,1,205,standard-long-context,0,poisson,11,11,0,,not_applicable
30-minute mixed-workload stability run,1,1,206,standard-long-context,0,poisson,11,11,0,,not_applicable
30-minute mixed-workload stability run,1,1,207,standard-long-context,0,poisson,11,11,0,,not_applicable
30-minute mixed-workload stability run,1,1,208,standard-long-context,0,poisson,11,11,0,,not_applicable
30-minute mixed-workload stability run,1,1,209,standard-long-context,0,poisson,11,11,0,,not_applicable
30-minute mixed-workload stability run,1,1,210,standard-long-context,0,poisson,11,11,0,,not_applicable
30-minute mixed-workload stability run,1,1,211,standard-long-context,0,poisson,11,11,0,,not_applicable
30-minute mixed-workload stability run,1,1,212,standard-long-context,0,poisson,11,11,0,,not_applicable
30-minute mixed-workload stability run,1,1,213,standard-long-context,0,poisson,11,11,0,,not_applicable
30-minute mixed-workload stability run,1,1,214,standard-long-context,0,poisson,11,11,0,,not_applicable
30-minute mixed-workload stability run,1,1,215,standard-long-context,0,poisson,11,11,0,,not_applicable
30-minute mixed-workload stability run,1,1,216,standard-long-context,0,poisson,11,11,0,,not_applicable
30-minute mixed-workload stability run,1,1,217,standard-long-context,0,poisson,11,11,0,,not_applicable
30-minute mixed-workload stability run,1,1,218,standard-long-context,0,poisson,11,11,0,,not_applicable
30-minute mixed-workload stability run,1,1,219,standard-long-context,0,poisson,11,11,0,,not_applicable
30-minute mixed-workload stability run,1,1,220,standard-long-context,0,poisson,11,11,0,,not_applicable
30-minute mixed-workload stability run,1,1,221,standard-long-context,0,poisson,11,11,0,,not_applicable
30-minute mixed-workload stability run,1,1,222,standard-long-context,0,poisson,11,11,0,,not_applicable
30-minute mixed-workload stability run,1,1,223,standard-long-context,0,poisson,11,11,0,,not_applicable
30-minute mixed-workload stability run,1,1,224,standard-long-context,0,poisson,11,11,0,,not_applicable
30-minute mixed-workload stability run,1,1,225,standard-long-context,0,poisson,11,11,0,,not_applicable
30-minute mixed-workload stability run,1,1,226,standard-long-context,0,poisson,11,11,0,,not_applicable
30-minute mixed-workload stability run,1,1,227,standard-long-context,0,poisson,11,11,0,,not_applicable
30-minute mixed-workload stability run,1,1,228,standard-long-context,0,poisson,11,11,0,,not_applicable
30-minute mixed-workload stability run,1,1,229,standard-long-context,0,poisson,11,11,0,,not_applicable
30-minute mixed-workload stability run,1,1,230,standard-long-context,0,poisson,11,11,0,,not_applicable
30-minute mixed-workload stability run,1,1,231,standard-long-context,0,poisson,11,11,0,,not_applicable
30-minute mixed-workload stability run,1,1,232,standard-long-context,0,poisson,11,11,0,,not_applicable
30-minute mixed-workload stability run,1,1,233,standard-long-context,0,poisson,11,11,0,,not_applicable
30-minute mixed-workload stability run,1,1,234,standard-long-context,0,poisson,11,11,0,,not_applicable
30-minute mixed-workload stability run,1,1,235,standard-long-context,0,poisson,11,11,0,,not_applicable
30-minute mixed-workload stability run,1,1,236,standard-long-context,0,poisson,11,11,0,,not_applicable
30-minute mixed-workload stability run,1,1,237,standard-long-context,0,poisson,11,11,0,,not_applicable
30-minute mixed-workload stability run,1,1,238,standard-long-context,0,poisson,11,11,0,,not_applicable
30-minute mixed-workload stability run,1,1,239,standard-long-context,0,poisson,11,11,0,,not_applicable
30-minute mixed-workload stability run,1,1,240,standard-long-context,0,poisson,11,11,0,,not_applicable
30-minute mixed-workload stability run,1,1,241,standard-long-context,0,poisson,11,11,0,,not_applicable
30-minute mixed-workload stability run,1,1,242,standard-long-context,0,poisson,11,11,0,,not_applicable
30-minute mixed-workload stability run,1,1,243,standard-long-context,0,poisson,11,11,0,,not_applicable
30-minute mixed-workload stability run,1,1,244,standard-long-context,0,poisson,11,11,0,,not_applicable
30-minute mixed-workload stability run,1,1,245,standard-long-context,0,poisson,11,11,0,,not_applicable
30-minute mixed-workload stability run,1,1,246,standard-long-context,0,poisson,11,11,0,,not_applicable
30-minute mixed-workload stability run,1,1,247,standard-long-context,0,poisson,11,11,0,,not_applicable
30-minute mixed-workload stability run,1,1,248,standard-long-context,0,poisson,11,11,0,,not_applicable
30-minute mixed-workload stability run,1,1,249,standard-long-context,0,poisson,11,11,0,,not_applicable
30-minute mixed-workload stability run,1,1,250,standard-long-context,0,poisson,11,11,0,,not_applicable
30-minute mixed-workload stability run,1,1,251,standard-long-context,0,poisson,11,11,0,,not_applicable
30-minute mixed-workload stability run,1,1,252,standard-long-context,0,poisson,11,11,0,,not_applicable
30-minute mixed-workload stability run,1,1,253,standard-long-context,0,poisson,11,11,0,,not_applicable
30-minute mixed-workload stability run,1,1,254,standard-long-context,0,poisson,12,11,1,,not_applicable
30-minute mixed-workload stability run,1,1,255,standard-long-context,0,poisson,12,11,1,,not_applicable
30-minute mixed-workload stability run,1,1,256,standard-long-context,0,poisson,12,12,0,,not_applicable
30-minute mixed-workload stability run,1,1,257,standard-long-context,0,poisson,12,12,0,,not_applicable
30-minute mixed-workload stability run,1,1,258,standard-long-context,0,poisson,12,12,0,,not_applicable
30-minute mixed-workload stability run,1,1,259,standard-long-context,0,poisson,12,12,0,,not_applicable
30-minute mixed-workload stability run,1,1,260,standard-long-context,0,poisson,12,12,0,,not_applicable
30-minute mixed-workload stability run,1,1,261,standard-long-context,0,poisson,12,12,0,,not_applicable
30-minute mixed-workload stability run,1,1,262,standard-long-context,0,poisson,12,12,0,,not_applicable
30-minute mixed-workload stability run,1,1,263,standard-long-context,0,poisson,12,12,0,,not_applicable
30-minute mixed-workload stability run,1,1,264,standard-long-context,0,poisson,12,12,0,,not_applicable
30-minute mixed-workload stability run,1,1,265,standard-long-context,0,poisson,12,12,0,,not_applicable
30-minute mixed-workload stability run,1,1,266,standard-long-context,0,poisson,12,12,0,,not_applicable
30-minute mixed-workload stability run,1,1,267,standard-long-context,0,poisson,12,12,0,,not_applicable
30-minute mixed-workload stability run,1,1,268,standard-long-context,0,poisson,12,12,0,,not_applicable
30-minute mixed-workload stability run,1,1,269,standard-long-context,0,poisson,12,12,0,,not_applicable
30-minute mixed-workload stability run,1,1,270,standard-long-context,0,poisson,12,12,0,,not_applicable
30-minute mixed-workload stability run,1,1,271,standard-long-context,0,poisson,12,12,0,,not_applicable
30-minute mixed-workload stability run,1,1,272,standard-long-context,0,poisson,12,12,0,,not_applicable
30-minute mixed-workload stability run,1,1,273,standard-long-context,0,poisson,12,12,0,,not_applicable
30-minute mixed-workload stability run,1,1,274,standard-long-context,0,poisson,13,12,1,,not_applicable
30-minute mixed-workload stability run,1,1,275,standard-long-context,0,poisson,13,12,1,,not_applicable
30-minute mixed-workload stability run,1,1,276,standard-long-context,0,poisson,14,13,1,,not_applicable
30-minute mixed-workload stability run,1,1,277,standard-long-context,0,poisson,14,13,1,,not_applicable
30-minute mixed-workload stability run,1,1,278,standard-long-context,0,poisson,14,14,0,,not_applicable
30-minute mixed-workload stability run,1,1,279,standard-long-context,0,poisson,14,14,0,,not_applicable
30-minute mixed-workload stability run,1,1,280,standard-long-context,0,poisson,14,14,0,,not_applicable
30-minute mixed-workload stability run,1,1,281,standard-long-context,0,poisson,14,14,0,,not_applicable
30-minute mixed-workload stability run,1,1,282,standard-long-context,0,poisson,14,14,0,,not_applicable
30-minute mixed-workload stability run,1,1,283,standard-long-context,0,poisson,14,14,0,,not_applicable
30-minute mixed-workload stability run,1,1,284,standard-long-context,0,poisson,14,14,0,,not_applicable
30-minute mixed-workload stability run,1,1,285,standard-long-context,0,poisson,14,14,0,,not_applicable
30-minute mixed-workload stability run,1,1,286,standard-long-context,0,poisson,15,14,1,,not_applicable
30-minute mixed-workload stability run,1,1,287,standard-long-context,0,poisson,15,15,0,,not_applicable
30-minute mixed-workload stability run,1,1,288,standard-long-context,0,poisson,15,15,0,,not_applicable
30-minute mixed-workload stability run,1,1,289,standard-long-context,0,poisson,15,15,0,,not_applicable
30-minute mixed-workload stability run,1,1,290,standard-long-context,0,poisson,15,15,0,,not_applicable
30-minute mixed-workload stability run,1,1,291,standard-long-context,0,poisson,15,15,0,,not_applicable
30-minute mixed-workload stability run,1,1,292,standard-long-context,0,poisson,15,15,0,,not_applicable
30-minute mixed-workload stability run,1,1,293,standard-long-context,0,poisson,15,15,0,,not_applicable
30-minute mixed-workload stability run,1,1,294,standard-long-context,0,poisson,15,15,0,,not_applicable
30-minute mixed-workload stability run,1,1,295,standard-long-context,0,poisson,15,15,0,,not_applicable
30-minute mixed-workload stability run,1,1,296,standard-long-context,0,poisson,15,15,0,,not_applicable
30-minute mixed-workload stability run,1,1,297,standard-long-context,0,poisson,15,15,0,,not_applicable
30-minute mixed-workload stability run,1,1,298,standard-long-context,0,poisson,15,15,0,,not_applicable
30-minute mixed-workload stability run,1,1,299,standard-long-context,0,poisson,15,15,0,,not_applicable
30-minute mixed-workload stability run,1,1,300,standard-long-context,0,poisson,15,15,0,,not_applicable
30-minute mixed-workload stability run,1,1,301,standard-long-context,0,poisson,15,15,0,,not_applicable
30-minute mixed-workload stability run,1,1,302,standard-long-context,0,poisson,15,15,0,,not_applicable
30-minute mixed-workload stability run,1,1,303,standard-long-context,0,poisson,15,15,0,,not_applicable
30-minute mixed-workload stability run,1,1,304,standard-long-context,0,poisson,15,15,0,,not_applicable
30-minute mixed-workload stability run,1,1,305,standard-long-context,0,poisson,15,15,0,,not_applicable
30-minute mixed-workload stability run,1,1,306,standard-long-context,0,poisson,15,15,0,,not_applicable
30-minute mixed-workload stability run,1,1,307,standard-long-context,0,poisson,15,15,0,,not_applicable
30-minute mixed-workload stability run,1,1,308,standard-long-context,0,poisson,16,15,1,,not_applicable
30-minute mixed-workload stability run,1,1,309,standard-long-context,0,poisson,16,15,1,,not_applicable
30-minute mixed-workload stability run,1,1,310,standard-long-context,0,poisson,17,15,2,,not_applicable
30-minute mixed-workload stability run,1,1,311,standard-long-context,0,poisson,17,16,1,,not_applicable
30-minute mixed-workload stability run,1,1,312,standard-long-context,0,poisson,17,17,0,,not_applicable
30-minute mixed-workload stability run,1,1,313,standard-long-context,0,poisson,18,17,1,,not_applicable
30-minute mixed-workload stability run,1,1,314,standard-long-context,0,poisson,18,17,1,,not_applicable
30-minute mixed-workload stability run,1,1,315,standard-long-context,0,poisson,19,17,2,,not_applicable
30-minute mixed-workload stability run,1,1,316,standard-long-context,0,poisson,19,17,2,,not_applicable
30-minute mixed-workload stability run,1,1,317,standard-long-context,0,poisson,19,17,2,,not_applicable
30-minute mixed-workload stability run,1,1,318,standard-long-context,0,poisson,19,17,2,,not_applicable
30-minute mixed-workload stability run,1,1,319,standard-long-context,0,poisson,19,17,2,,not_applicable
30-minute mixed-workload stability run,1,1,320,standard-long-context,0,poisson,20,17,3,,not_applicable
30-minute mixed-workload stability run,1,1,321,standard-long-context,0,poisson,20,17,3,,not_applicable
30-minute mixed-workload stability run,1,1,322,standard-long-context,0,poisson,20,17,3,,not_applicable
30-minute mixed-workload stability run,1,1,323,standard-long-context,0,poisson,21,18,3,,not_applicable
30-minute mixed-workload stability run,1,1,324,standard-long-context,0,poisson,21,18,3,,not_applicable
30-minute mixed-workload stability run,1,1,325,standard-long-context,0,poisson,23,18,5,,not_applicable
30-minute mixed-workload stability run,1,1,326,standard-long-context,0,poisson,23,18,5,,not_applicable
30-minute mixed-workload stability run,1,1,327,standard-long-context,0,poisson,23,19,4,,not_applicable
30-minute mixed-workload stability run,1,1,328,standard-long-context,0,poisson,23,19,4,,not_applicable
30-minute mixed-workload stability run,1,1,329,standard-long-context,0,poisson,23,19,4,,not_applicable
30-minute mixed-workload stability run,1,1,330,standard-long-context,0,poisson,23,19,4,,not_applicable
30-minute mixed-workload stability run,1,1,331,standard-long-context,0,poisson,23,20,3,,not_applicable
30-minute mixed-workload stability run,1,1,332,standard-long-context,0,poisson,23,20,3,,not_applicable
30-minute mixed-workload stability run,1,1,333,standard-long-context,0,poisson,23,22,1,,not_applicable
30-minute mixed-workload stability run,1,1,334,standard-long-context,0,poisson,23,23,0,,not_applicable
30-minute mixed-workload stability run,1,1,335,standard-long-context,0,poisson,23,23,0,,not_applicable
30-minute mixed-workload stability run,1,1,336,standard-long-context,0,poisson,23,23,0,,not_applicable
30-minute mixed-workload stability run,1,1,337,standard-long-context,0,poisson,23,23,0,,not_applicable
30-minute mixed-workload stability run,1,1,338,standard-long-context,0,poisson,23,23,0,,not_applicable
30-minute mixed-workload stability run,1,1,339,standard-long-context,0,poisson,23,23,0,,not_applicable
30-minute mixed-workload stability run,1,1,340,standard-long-context,0,poisson,23,23,0,,not_applicable
30-minute mixed-workload stability run,1,1,341,standard-long-context,0,poisson,23,23,0,,not_applicable
30-minute mixed-workload stability run,1,1,342,standard-long-context,0,poisson,23,23,0,,not_applicable
30-minute mixed-workload stability run,1,1,343,standard-long-context,0,poisson,23,23,0,,not_applicable
30-minute mixed-workload stability run,1,1,344,standard-long-context,0,poisson,23,23,0,,not_applicable
30-minute mixed-workload stability run,1,1,345,standard-long-context,0,poisson,23,23,0,,not_applicable
30-minute mixed-workload stability run,1,1,346,standard-long-context,0,poisson,23,23,0,,not_applicable
30-minute mixed-workload stability run,1,1,347,standard-long-context,0,poisson,23,23,0,,not_applicable
30-minute mixed-workload stability run,1,1,348,standard-long-context,0,poisson,23,23,0,,not_applicable
30-minute mixed-workload stability run,1,1,349,standard-long-context,0,poisson,23,23,0,,not_applicable
30-minute mixed-workload stability run,1,1,350,standard-long-context,0,poisson,24,23,1,,not_applicable
30-minute mixed-workload stability run,1,1,351,standard-long-context,0,poisson,24,23,1,,not_applicable
30-minute mixed-workload stability run,1,1,352,standard-long-context,0,poisson,26,23,3,,not_applicable
30-minute mixed-workload stability run,1,1,353,standard-long-context,0,poisson,27,23,4,,not_applicable
30-minute mixed-workload stability run,1,1,354,standard-long-context,0,poisson,27,23,4,,not_applicable
30-minute mixed-workload stability run,1,1,355,standard-long-context,0,poisson,28,23,5,,not_applicable
30-minute mixed-workload stability run,1,1,356,standard-long-context,0,poisson,28,23,5,,not_applicable
30-minute mixed-workload stability run,1,1,357,standard-long-context,0,poisson,28,23,5,,not_applicable
30-minute mixed-workload stability run,1,1,358,standard-long-context,0,poisson,28,23,5,,not_applicable
30-minute mixed-workload stability run,1,1,359,standard-long-context,0,poisson,28,23,5,,not_applicable
30-minute mixed-workload stability run,1,1,360,standard-long-context,0,poisson,29,27,2,,not_applicable
30-minute mixed-workload stability run,1,1,361,standard-long-context,0,poisson,30,27,3,,not_applicable
30-minute mixed-workload stability run,1,1,362,standard-long-context,0,poisson,30,28,2,,not_applicable
30-minute mixed-workload stability run,1,1,363,standard-long-context,0,poisson,30,28,2,,not_applicable
30-minute mixed-workload stability run,1,1,364,standard-long-context,0,poisson,30,28,2,,not_applicable
30-minute mixed-workload stability run,1,1,365,standard-long-context,0,poisson,30,28,2,,not_applicable
30-minute mixed-workload stability run,1,1,366,standard-long-context,0,poisson,30,28,2,,not_applicable
30-minute mixed-workload stability run,1,1,367,standard-long-context,0,poisson,31,29,2,,not_applicable
30-minute mixed-workload stability run,1,1,368,standard-long-context,0,poisson,31,30,1,,not_applicable
30-minute mixed-workload stability run,1,1,369,standard-long-context,0,poisson,32,30,2,,not_applicable
30-minute mixed-workload stability run,1,1,370,standard-long-context,0,poisson,32,30,2,,not_applicable
30-minute mixed-workload stability run,1,1,371,standard-long-context,0,poisson,32,30,2,,not_applicable
30-minute mixed-workload stability run,1,1,372,standard-long-context,0,poisson,32,31,1,,not_applicable
30-minute mixed-workload stability run,1,1,373,standard-long-context,0,poisson,32,31,1,,not_applicable
30-minute mixed-workload stability run,1,1,374,standard-long-context,0,poisson,32,31,1,,not_applicable
30-minute mixed-workload stability run,1,1,375,standard-long-context,0,poisson,32,32,0,,not_applicable
30-minute mixed-workload stability run,1,1,376,standard-long-context,0,poisson,32,32,0,,not_applicable
30-minute mixed-workload stability run,1,1,377,standard-long-context,0,poisson,32,32,0,,not_applicable
30-minute mixed-workload stability run,1,1,378,standard-long-context,0,poisson,34,32,2,,not_applicable
30-minute mixed-workload stability run,1,1,379,standard-long-context,0,poisson,34,32,2,,not_applicable
30-minute mixed-workload stability run,1,1,380,standard-long-context,0,poisson,34,32,2,,not_applicable
30-minute mixed-workload stability run,1,1,381,standard-long-context,0,poisson,34,32,2,,not_applicable
30-minute mixed-workload stability run,1,1,382,standard-long-context,0,poisson,34,32,2,,not_applicable
30-minute mixed-workload stability run,1,1,383,standard-long-context,0,poisson,34,32,2,,not_applicable
30-minute mixed-workload stability run,1,1,384,standard-long-context,0,poisson,35,34,1,,not_applicable
30-minute mixed-workload stability run,1,1,385,standard-long-context,0,poisson,36,34,2,,not_applicable
30-minute mixed-workload stability run,1,1,386,standard-long-context,0,poisson,36,34,2,,not_applicable
30-minute mixed-workload stability run,1,1,387,standard-long-context,0,poisson,38,34,4,,not_applicable
30-minute mixed-workload stability run,1,1,388,standard-long-context,0,poisson,39,34,5,,not_applicable
30-minute mixed-workload stability run,1,1,389,standard-long-context,0,poisson,40,34,6,,not_applicable
30-minute mixed-workload stability run,1,1,390,standard-long-context,0,poisson,40,34,6,,not_applicable
30-minute mixed-workload stability run,1,1,391,standard-long-context,0,poisson,40,34,6,,not_applicable
30-minute mixed-workload stability run,1,1,392,standard-long-context,0,poisson,41,34,7,,not_applicable
30-minute mixed-workload stability run,1,1,393,standard-long-context,0,poisson,41,36,5,,not_applicable
30-minute mixed-workload stability run,1,1,394,standard-long-context,0,poisson,41,37,4,,not_applicable
30-minute mixed-workload stability run,1,1,395,standard-long-context,0,poisson,41,39,2,,not_applicable
30-minute mixed-workload stability run,1,1,396,standard-long-context,0,poisson,42,40,2,,not_applicable
30-minute mixed-workload stability run,1,1,397,standard-long-context,0,poisson,43,40,3,,not_applicable
30-minute mixed-workload stability run,1,1,398,standard-long-context,0,poisson,43,40,3,,not_applicable
30-minute mixed-workload stability run,1,1,399,standard-long-context,0,poisson,43,40,3,,not_applicable
30-minute mixed-workload stability run,1,1,400,standard-long-context,0,poisson,43,40,3,,not_applicable
30-minute mixed-workload stability run,1,1,401,standard-long-context,0,poisson,43,41,2,,not_applicable
30-minute mixed-workload stability run,1,1,402,standard-long-context,0,poisson,44,41,3,,not_applicable
30-minute mixed-workload stability run,1,1,403,standard-long-context,0,poisson,44,43,1,,not_applicable
30-minute mixed-workload stability run,1,1,404,standard-long-context,0,poisson,45,43,2,,not_applicable
30-minute mixed-workload stability run,1,1,405,standard-long-context,0,poisson,45,43,2,,not_applicable
30-minute mixed-workload stability run,1,1,406,standard-long-context,0,poisson,45,43,2,,not_applicable
30-minute mixed-workload stability run,1,1,407,standard-long-context,0,poisson,45,43,2,,not_applicable
30-minute mixed-workload stability run,1,1,408,standard-long-context,0,poisson,46,43,3,,not_applicable
30-minute mixed-workload stability run,1,1,409,standard-long-context,0,poisson,46,43,3,,not_applicable
30-minute mixed-workload stability run,1,1,410,standard-long-context,0,poisson,46,43,3,,not_applicable
30-minute mixed-workload stability run,1,1,411,standard-long-context,0,poisson,46,43,3,,not_applicable
30-minute mixed-workload stability run,1,1,412,standard-long-context,0,poisson,46,43,3,,not_applicable
30-minute mixed-workload stability run,1,1,413,standard-long-context,0,poisson,46,45,1,,not_applicable
30-minute mixed-workload stability run,1,1,414,standard-long-context,0,poisson,46,45,1,,not_applicable
30-minute mixed-workload stability run,1,1,415,standard-long-context,0,poisson,48,46,2,,not_applicable
30-minute mixed-workload stability run,1,1,416,standard-long-context,0,poisson,48,46,2,,not_applicable
30-minute mixed-workload stability run,1,1,417,standard-long-context,0,poisson,48,46,2,,not_applicable
30-minute mixed-workload stability run,1,1,418,standard-long-context,0,poisson,48,46,2,,not_applicable
30-minute mixed-workload stability run,1,1,419,standard-long-context,0,poisson,49,46,3,,not_applicable
30-minute mixed-workload stability run,1,1,420,standard-long-context,0,poisson,49,46,3,,not_applicable
30-minute mixed-workload stability run,1,1,421,standard-long-context,0,poisson,49,46,3,,not_applicable
30-minute mixed-workload stability run,1,1,422,standard-long-context,0,poisson,49,46,3,,not_applicable
30-minute mixed-workload stability run,1,1,423,standard-long-context,0,poisson,49,48,1,,not_applicable
30-minute mixed-workload stability run,1,1,424,standard-long-context,0,poisson,50,48,2,,not_applicable
30-minute mixed-workload stability run,1,1,425,standard-long-context,0,poisson,51,48,3,,not_applicable
30-minute mixed-workload stability run,1,1,426,standard-long-context,0,poisson,52,49,3,,not_applicable
30-minute mixed-workload stability run,1,1,427,standard-long-context,0,poisson,52,49,3,,not_applicable
30-minute mixed-workload stability run,1,1,428,standard-long-context,0,poisson,53,49,4,,not_applicable
30-minute mixed-workload stability run,1,1,429,standard-long-context,0,poisson,53,49,4,,not_applicable
30-minute mixed-workload stability run,1,1,430,standard-long-context,0,poisson,53,51,2,,not_applicable
30-minute mixed-workload stability run,1,1,431,standard-long-context,0,poisson,53,52,1,,not_applicable
30-minute mixed-workload stability run,1,1,432,standard-long-context,0,poisson,54,52,2,,not_applicable
30-minute mixed-workload stability run,1,1,433,standard-long-context,0,poisson,54,52,2,,not_applicable
30-minute mixed-workload stability run,1,1,434,standard-long-context,0,poisson,54,53,1,,not_applicable
30-minute mixed-workload stability run,1,1,435,standard-long-context,0,poisson,54,53,1,,not_applicable
30-minute mixed-workload stability run,1,1,436,standard-long-context,0,poisson,55,53,2,,not_applicable
30-minute mixed-workload stability run,1,1,437,standard-long-context,0,poisson,57,53,4,,not_applicable
30-minute mixed-workload stability run,1,1,438,standard-long-context,0,poisson,57,54,3,,not_applicable
30-minute mixed-workload stability run,1,1,439,standard-long-context,0,poisson,57,54,3,,not_applicable
30-minute mixed-workload stability run,1,1,440,standard-long-context,0,poisson,57,54,3,,not_applicable
30-minute mixed-workload stability run,1,1,441,standard-long-context,0,poisson,57,54,3,,not_applicable
30-minute mixed-workload stability run,1,1,442,standard-long-context,0,poisson,57,54,3,,not_applicable
30-minute mixed-workload stability run,1,1,443,standard-long-context,0,poisson,58,54,4,,not_applicable
30-minute mixed-workload stability run,1,1,444,standard-long-context,0,poisson,58,55,3,,not_applicable
30-minute mixed-workload stability run,1,1,445,standard-long-context,0,poisson,58,56,2,,not_applicable
30-minute mixed-workload stability run,1,1,446,standard-long-context,0,poisson,58,57,1,,not_applicable
30-minute mixed-workload stability run,1,1,447,standard-long-context,0,poisson,58,57,1,,not_applicable
30-minute mixed-workload stability run,1,1,448,standard-long-context,0,poisson,59,58,1,,not_applicable
30-minute mixed-workload stability run,1,1,449,standard-long-context,0,poisson,59,58,1,,not_applicable
30-minute mixed-workload stability run,1,1,450,standard-long-context,0,poisson,59,58,1,,not_applicable
30-minute mixed-workload stability run,1,1,451,standard-long-context,0,poisson,59,59,0,,not_applicable
30-minute mixed-workload stability run,1,1,452,standard-long-context,0,poisson,59,59,0,,not_applicable
30-minute mixed-workload stability run,1,1,453,standard-long-context,0,poisson,60,59,1,,not_applicable
30-minute mixed-workload stability run,1,1,454,standard-long-context,0,poisson,61,59,2,,not_applicable
30-minute mixed-workload stability run,1,1,455,standard-long-context,0,poisson,61,59,2,,not_applicable
30-minute mixed-workload stability run,1,1,456,standard-long-context,0,poisson,62,59,3,,not_applicable
30-minute mixed-workload stability run,1,1,457,standard-long-context,0,poisson,62,59,3,,not_applicable
30-minute mixed-workload stability run,1,1,458,standard-long-context,0,poisson,62,59,3,,not_applicable
30-minute mixed-workload stability run,1,1,459,standard-long-context,0,poisson,62,59,3,,not_applicable
30-minute mixed-workload stability run,1,1,460,standard-long-context,0,poisson,63,59,4,,not_applicable
30-minute mixed-workload stability run,1,1,461,standard-long-context,0,poisson,64,60,4,,not_applicable
30-minute mixed-workload stability run,1,1,462,standard-long-context,0,poisson,65,61,4,,not_applicable
30-minute mixed-workload stability run,1,1,463,standard-long-context,0,poisson,66,62,4,,not_applicable
30-minute mixed-workload stability run,1,1,464,standard-long-context,0,poisson,66,62,4,,not_applicable
30-minute mixed-workload stability run,1,1,465,standard-long-context,0,poisson,66,62,4,,not_applicable
30-minute mixed-workload stability run,1,1,466,standard-long-context,0,poisson,66,62,4,,not_applicable
30-minute mixed-workload stability run,1,1,467,standard-long-context,0,poisson,66,62,4,,not_applicable
30-minute mixed-workload stability run,1,1,468,standard-long-context,0,poisson,66,62,4,,not_applicable
30-minute mixed-workload stability run,1,1,469,standard-long-context,0,poisson,67,62,5,,not_applicable
30-minute mixed-workload stability run,1,1,470,standard-long-context,0,poisson,68,66,2,,not_applicable
30-minute mixed-workload stability run,1,1,471,standard-long-context,0,poisson,69,66,3,,not_applicable
30-minute mixed-workload stability run,1,1,472,standard-long-context,0,poisson,69,66,3,,not_applicable
30-minute mixed-workload stability run,1,1,473,standard-long-context,0,poisson,70,66,4,,not_applicable
30-minute mixed-workload stability run,1,1,474,standard-long-context,0,poisson,70,66,4,,not_applicable
30-minute mixed-workload stability run,1,1,475,standard-long-context,0,poisson,71,66,5,,not_applicable
30-minute mixed-workload stability run,1,1,476,standard-long-context,0,poisson,72,66,6,,not_applicable
30-minute mixed-workload stability run,1,1,477,standard-long-context,0,poisson,73,68,5,,not_applicable
30-minute mixed-workload stability run,1,1,478,standard-long-context,0,poisson,73,68,5,,not_applicable
30-minute mixed-workload stability run,1,1,479,standard-long-context,0,poisson,73,68,5,,not_applicable
30-minute mixed-workload stability run,1,1,480,standard-long-context,0,poisson,73,68,5,,not_applicable
30-minute mixed-workload stability run,1,1,481,standard-long-context,0,poisson,73,68,5,,not_applicable
30-minute mixed-workload stability run,1,1,482,standard-long-context,0,poisson,73,68,5,,not_applicable
30-minute mixed-workload stability run,1,1,483,standard-long-context,0,poisson,73,68,5,,not_applicable
30-minute mixed-workload stability run,1,1,484,standard-long-context,0,poisson,73,71,2,,not_applicable
30-minute mixed-workload stability run,1,1,485,standard-long-context,0,poisson,73,73,0,,not_applicable
30-minute mixed-workload stability run,1,1,486,standard-long-context,0,poisson,75,73,2,,not_applicable
30-minute mixed-workload stability run,1,1,487,standard-long-context,0,poisson,75,73,2,,not_applicable
30-minute mixed-workload stability run,1,1,488,standard-long-context,0,poisson,75,73,2,,not_applicable
30-minute mixed-workload stability run,1,1,489,standard-long-context,0,poisson,75,73,2,,not_applicable
30-minute mixed-workload stability run,1,1,490,standard-long-context,0,poisson,75,73,2,,not_applicable
30-minute mixed-workload stability run,1,1,491,standard-long-context,0,poisson,75,73,2,,not_applicable
30-minute mixed-workload stability run,1,1,492,standard-long-context,0,poisson,75,74,1,,not_applicable
30-minute mixed-workload stability run,1,1,493,standard-long-context,0,poisson,76,75,1,,not_applicable
30-minute mixed-workload stability run,1,1,494,standard-long-context,0,poisson,76,75,1,,not_applicable
30-minute mixed-workload stability run,1,1,495,standard-long-context,0,poisson,76,75,1,,not_applicable
30-minute mixed-workload stability run,1,1,496,standard-long-context,0,poisson,77,75,2,,not_applicable
30-minute mixed-workload stability run,1,1,497,standard-long-context,0,poisson,77,75,2,,not_applicable
30-minute mixed-workload stability run,1,1,498,standard-long-context,0,poisson,77,75,2,,not_applicable
30-minute mixed-workload stability run,1,1,499,standard-long-context,0,poisson,77,75,2,,not_applicable
30-minute mixed-workload stability run,1,1,500,standard-long-context,0,poisson,77,76,1,,not_applicable
30-minute mixed-workload stability run,1,1,501,standard-long-context,0,poisson,77,76,1,,not_applicable
30-minute mixed-workload stability run,1,1,502,standard-long-context,0,poisson,78,76,2,,not_applicable
30-minute mixed-workload stability run,1,1,503,standard-long-context,0,poisson,78,76,2,,not_applicable
30-minute mixed-workload stability run,1,1,504,standard-long-context,0,poisson,78,76,2,,not_applicable
30-minute mixed-workload stability run,1,1,505,standard-long-context,0,poisson,78,76,2,,not_applicable
30-minute mixed-workload stability run,1,1,506,standard-long-context,0,poisson,78,77,1,,not_applicable
30-minute mixed-workload stability run,1,1,507,standard-long-context,0,poisson,79,77,2,,not_applicable
30-minute mixed-workload stability run,1,1,508,standard-long-context,0,poisson,79,77,2,,not_applicable
30-minute mixed-workload stability run,1,1,509,standard-long-context,0,poisson,80,78,2,,not_applicable
30-minute mixed-workload stability run,1,1,510,standard-long-context,0,poisson,80,78,2,,not_applicable
30-minute mixed-workload stability run,1,1,511,standard-long-context,0,poisson,80,78,2,,not_applicable
30-minute mixed-workload stability run,1,1,512,standard-long-context,0,poisson,80,78,2,,not_applicable
30-minute mixed-workload stability run,1,1,513,standard-long-context,0,poisson,80,78,2,,not_applicable
30-minute mixed-workload stability run,1,1,514,standard-long-context,0,poisson,80,79,1,,not_applicable
30-minute mixed-workload stability run,1,1,515,standard-long-context,0,poisson,81,79,2,,not_applicable
30-minute mixed-workload stability run,1,1,516,standard-long-context,0,poisson,81,79,2,,not_applicable
30-minute mixed-workload stability run,1,1,517,standard-long-context,0,poisson,81,79,2,,not_applicable
30-minute mixed-workload stability run,1,1,518,standard-long-context,0,poisson,82,80,2,,not_applicable
30-minute mixed-workload stability run,1,1,519,standard-long-context,0,poisson,83,80,3,,not_applicable
30-minute mixed-workload stability run,1,1,520,standard-long-context,0,poisson,83,80,3,,not_applicable
30-minute mixed-workload stability run,1,1,521,standard-long-context,0,poisson,83,80,3,,not_applicable
30-minute mixed-workload stability run,1,1,522,standard-long-context,0,poisson,83,81,2,,not_applicable
30-minute mixed-workload stability run,1,1,523,standard-long-context,0,poisson,84,81,3,,not_applicable
30-minute mixed-workload stability run,1,1,524,standard-long-context,0,poisson,84,81,3,,not_applicable
30-minute mixed-workload stability run,1,1,525,standard-long-context,0,poisson,84,83,1,,not_applicable
30-minute mixed-workload stability run,1,1,526,standard-long-context,0,poisson,84,83,1,,not_applicable
30-minute mixed-workload stability run,1,1,527,standard-long-context,0,poisson,84,83,1,,not_applicable
30-minute mixed-workload stability run,1,1,528,standard-long-context,0,poisson,86,83,3,,not_applicable
30-minute mixed-workload stability run,1,1,529,standard-long-context,0,poisson,86,83,3,,not_applicable
30-minute mixed-workload stability run,1,1,530,standard-long-context,0,poisson,87,83,4,,not_applicable
30-minute mixed-workload stability run,1,1,531,standard-long-context,0,poisson,87,84,3,,not_applicable
30-minute mixed-workload stability run,1,1,532,standard-long-context,0,poisson,87,84,3,,not_applicable
30-minute mixed-workload stability run,1,1,533,standard-long-context,0,poisson,87,84,3,,not_applicable
30-minute mixed-workload stability run,1,1,534,standard-long-context,0,poisson,87,85,2,,not_applicable
30-minute mixed-workload stability run,1,1,535,standard-long-context,0,poisson,88,86,2,,not_applicable
30-minute mixed-workload stability run,1,1,536,standard-long-context,0,poisson,88,87,1,,not_applicable
30-minute mixed-workload stability run,1,1,537,standard-long-context,0,poisson,89,87,2,,not_applicable
30-minute mixed-workload stability run,1,1,538,standard-long-context,0,poisson,89,87,2,,not_applicable
30-minute mixed-workload stability run,1,1,539,standard-long-context,0,poisson,89,88,1,,not_applicable
30-minute mixed-workload stability run,1,1,540,standard-long-context,0,poisson,90,88,2,,not_applicable
30-minute mixed-workload stability run,1,1,541,standard-long-context,0,poisson,91,88,3,,not_applicable
30-minute mixed-workload stability run,1,1,542,standard-long-context,0,poisson,91,88,3,,not_applicable
30-minute mixed-workload stability run,1,1,543,standard-long-context,0,poisson,91,89,2,,not_applicable
30-minute mixed-workload stability run,1,1,544,standard-long-context,0,poisson,92,89,3,,not_applicable
30-minute mixed-workload stability run,1,1,545,standard-long-context,0,poisson,92,89,3,,not_applicable
30-minute mixed-workload stability run,1,1,546,standard-long-context,0,poisson,93,89,4,,not_applicable
30-minute mixed-workload stability run,1,1,547,standard-long-context,0,poisson,93,89,4,,not_applicable
30-minute mixed-workload stability run,1,1,548,standard-long-context,0,poisson,94,90,4,,not_applicable
30-minute mixed-workload stability run,1,1,549,standard-long-context,0,poisson,95,90,5,,not_applicable
30-minute mixed-workload stability run,1,1,550,standard-long-context,0,poisson,95,92,3,,not_applicable
30-minute mixed-workload stability run,1,1,551,standard-long-context,0,poisson,95,92,3,,not_applicable
30-minute mixed-workload stability run,1,1,552,standard-long-context,0,poisson,96,93,3,,not_applicable
30-minute mixed-workload stability run,1,1,553,standard-long-context,0,poisson,97,93,4,,not_applicable
30-minute mixed-workload stability run,1,1,554,standard-long-context,0,poisson,97,93,4,,not_applicable
30-minute mixed-workload stability run,1,1,555,standard-long-context,0,poisson,97,95,2,,not_applicable
30-minute mixed-workload stability run,1,1,556,standard-long-context,0,poisson,97,95,2,,not_applicable
30-minute mixed-workload stability run,1,1,557,standard-long-context,0,poisson,97,95,2,,not_applicable
30-minute mixed-workload stability run,1,1,558,standard-long-context,0,poisson,98,97,1,,not_applicable
30-minute mixed-workload stability run,1,1,559,standard-long-context,0,poisson,98,97,1,,not_applicable
30-minute mixed-workload stability run,1,1,560,standard-long-context,0,poisson,98,97,1,,not_applicable
30-minute mixed-workload stability run,1,1,561,standard-long-context,0,poisson,98,97,1,,not_applicable
30-minute mixed-workload stability run,1,1,562,standard-long-context,0,poisson,98,98,0,,not_applicable
30-minute mixed-workload stability run,1,1,563,standard-long-context,0,poisson,98,98,0,,not_applicable
30-minute mixed-workload stability run,1,1,564,standard-long-context,0,poisson,99,98,1,,not_applicable
30-minute mixed-workload stability run,1,1,565,standard-long-context,0,poisson,100,98,2,,not_applicable
30-minute mixed-workload stability run,1,1,566,standard-long-context,0,poisson,101,98,3,,not_applicable
30-minute mixed-workload stability run,1,1,567,standard-long-context,0,poisson,101,98,3,,not_applicable
30-minute mixed-workload stability run,1,1,568,standard-long-context,0,poisson,101,98,3,,not_applicable
30-minute mixed-workload stability run,1,1,569,standard-long-context,0,poisson,102,98,4,,not_applicable
30-minute mixed-workload stability run,1,1,570,standard-long-context,0,poisson,102,98,4,,not_applicable
30-minute mixed-workload stability run,1,1,571,standard-long-context,0,poisson,102,100,2,,not_applicable
30-minute mixed-workload stability run,1,1,572,standard-long-context,0,poisson,102,101,1,,not_applicable
30-minute mixed-workload stability run,1,1,573,standard-long-context,0,poisson,103,101,2,,not_applicable
30-minute mixed-workload stability run,1,1,574,standard-long-context,0,poisson,103,102,1,,not_applicable
30-minute mixed-workload stability run,1,1,575,standard-long-context,0,poisson,103,102,1,,not_applicable
30-minute mixed-workload stability run,1,1,576,standard-long-context,0,poisson,103,103,0,,not_applicable
30-minute mixed-workload stability run,1,1,577,standard-long-context,0,poisson,103,103,0,,not_applicable
30-minute mixed-workload stability run,1,1,578,standard-long-context,0,poisson,103,103,0,,not_applicable
30-minute mixed-workload stability run,1,1,579,standard-long-context,0,poisson,103,103,0,,not_applicable
30-minute mixed-workload stability run,1,1,580,standard-long-context,0,poisson,103,103,0,,not_applicable
30-minute mixed-workload stability run,1,1,581,standard-long-context,0,poisson,103,103,0,,not_applicable
30-minute mixed-workload stability run,1,1,582,standard-long-context,0,poisson,103,103,0,,not_applicable
30-minute mixed-workload stability run,1,1,583,standard-long-context,0,poisson,103,103,0,,not_applicable
30-minute mixed-workload stability run,1,1,584,standard-long-context,0,poisson,103,103,0,,not_applicable
30-minute mixed-workload stability run,1,1,585,standard-long-context,0,poisson,104,103,1,,not_applicable
30-minute mixed-workload stability run,1,1,586,standard-long-context,0,poisson,104,103,1,,not_applicable
30-minute mixed-workload stability run,1,1,587,standard-long-context,0,poisson,105,103,2,,not_applicable
30-minute mixed-workload stability run,1,1,588,standard-long-context,0,poisson,105,103,2,,not_applicable
30-minute mixed-workload stability run,1,1,589,standard-long-context,0,poisson,106,103,3,,not_applicable
30-minute mixed-workload stability run,1,1,590,standard-long-context,0,poisson,106,104,2,,not_applicable
30-minute mixed-workload stability run,1,1,591,standard-long-context,0,poisson,106,105,1,,not_applicable
30-minute mixed-workload stability run,1,1,592,standard-long-context,0,poisson,107,106,1,,not_applicable
30-minute mixed-workload stability run,1,1,593,standard-long-context,0,poisson,107,106,1,,not_applicable
30-minute mixed-workload stability run,1,1,594,standard-long-context,0,poisson,108,106,2,,not_applicable
30-minute mixed-workload stability run,1,1,595,standard-long-context,0,poisson,109,106,3,,not_applicable
30-minute mixed-workload stability run,1,1,596,standard-long-context,0,poisson,109,106,3,,not_applicable
30-minute mixed-workload stability run,1,1,597,standard-long-context,0,poisson,109,106,3,,not_applicable
30-minute mixed-workload stability run,1,1,598,standard-long-context,0,poisson,109,107,2,,not_applicable
30-minute mixed-workload stability run,1,1,599,standard-long-context,0,poisson,109,109,0,,not_applicable
30-minute mixed-workload stability run,1,1,600,standard-long-context,0,poisson,110,109,1,,not_applicable
30-minute mixed-workload stability run,1,1,601,standard-long-context,0,poisson,110,109,1,,not_applicable
30-minute mixed-workload stability run,1,1,602,standard-long-context,0,poisson,110,109,1,,not_applicable
30-minute mixed-workload stability run,1,1,603,standard-long-context,0,poisson,111,110,1,,not_applicable
30-minute mixed-workload stability run,1,1,604,standard-long-context,0,poisson,111,110,1,,not_applicable
30-minute mixed-workload stability run,1,1,605,standard-long-context,0,poisson,111,110,1,,not_applicable
30-minute mixed-workload stability run,1,1,606,standard-long-context,0,poisson,111,110,1,,not_applicable
30-minute mixed-workload stability run,1,1,607,standard-long-context,0,poisson,111,110,1,,not_applicable
30-minute mixed-workload stability run,1,1,608,standard-long-context,0,poisson,111,110,1,,not_applicable
30-minute mixed-workload stability run,1,1,609,standard-long-context,0,poisson,111,111,0,,not_applicable
30-minute mixed-workload stability run,1,1,610,standard-long-context,0,poisson,112,111,1,,not_applicable
30-minute mixed-workload stability run,1,1,611,standard-long-context,0,poisson,112,111,1,,not_applicable
30-minute mixed-workload stability run,1,1,612,standard-long-context,0,poisson,112,111,1,,not_applicable
30-minute mixed-workload stability run,1,1,613,standard-long-context,0,poisson,112,111,1,,not_applicable
30-minute mixed-workload stability run,1,1,614,standard-long-context,0,poisson,112,112,0,,not_applicable
30-minute mixed-workload stability run,1,1,615,standard-long-context,0,poisson,113,112,1,,not_applicable
30-minute mixed-workload stability run,1,1,616,standard-long-context,0,poisson,113,112,1,,not_applicable
30-minute mixed-workload stability run,1,1,617,standard-long-context,0,poisson,113,112,1,,not_applicable
30-minute mixed-workload stability run,1,1,618,standard-long-context,0,poisson,113,112,1,,not_applicable
30-minute mixed-workload stability run,1,1,619,standard-long-context,0,poisson,113,112,1,,not_applicable
30-minute mixed-workload stability run,1,1,620,standard-long-context,0,poisson,114,112,2,,not_applicable
30-minute mixed-workload stability run,1,1,621,standard-long-context,0,poisson,115,113,2,,not_applicable
30-minute mixed-workload stability run,1,1,622,standard-long-context,0,poisson,116,113,3,,not_applicable
30-minute mixed-workload stability run,1,1,623,standard-long-context,0,poisson,117,113,4,,not_applicable
30-minute mixed-workload stability run,1,1,624,standard-long-context,0,poisson,118,113,5,,not_applicable
30-minute mixed-workload stability run,1,1,625,standard-long-context,0,poisson,118,113,5,,not_applicable
30-minute mixed-workload stability run,1,1,626,standard-long-context,0,poisson,118,113,5,,not_applicable
30-minute mixed-workload stability run,1,1,627,standard-long-context,0,poisson,119,114,5,,not_applicable
30-minute mixed-workload stability run,1,1,628,standard-long-context,0,poisson,119,115,4,,not_applicable
30-minute mixed-workload stability run,1,1,629,standard-long-context,0,poisson,119,116,3,,not_applicable
30-minute mixed-workload stability run,1,1,630,standard-long-context,0,poisson,119,117,2,,not_applicable
30-minute mixed-workload stability run,1,1,631,standard-long-context,0,poisson,119,117,2,,not_applicable
30-minute mixed-workload stability run,1,1,632,standard-long-context,0,poisson,119,118,1,,not_applicable
30-minute mixed-workload stability run,1,1,633,standard-long-context,0,poisson,119,118,1,,not_applicable
30-minute mixed-workload stability run,1,1,634,standard-long-context,0,poisson,120,118,2,,not_applicable
30-minute mixed-workload stability run,1,1,635,standard-long-context,0,poisson,120,118,2,,not_applicable
30-minute mixed-workload stability run,1,1,636,standard-long-context,0,poisson,120,118,2,,not_applicable
30-minute mixed-workload stability run,1,1,637,standard-long-context,0,poisson,120,119,1,,not_applicable
30-minute mixed-workload stability run,1,1,638,standard-long-context,0,poisson,120,119,1,,not_applicable
30-minute mixed-workload stability run,1,1,639,standard-long-context,0,poisson,120,120,0,,not_applicable
30-minute mixed-workload stability run,1,1,640,standard-long-context,0,poisson,120,120,0,,not_applicable
30-minute mixed-workload stability run,1,1,641,standard-long-context,0,poisson,120,120,0,,not_applicable
30-minute mixed-workload stability run,1,1,642,standard-long-context,0,poisson,120,120,0,,not_applicable
30-minute mixed-workload stability run,1,1,643,standard-long-context,0,poisson,120,120,0,,not_applicable
30-minute mixed-workload stability run,1,1,644,standard-long-context,0,poisson,120,120,0,,not_applicable
30-minute mixed-workload stability run,1,1,645,standard-long-context,0,poisson,120,120,0,,not_applicable
30-minute mixed-workload stability run,1,1,646,standard-long-context,0,poisson,120,120,0,,not_applicable
30-minute mixed-workload stability run,1,1,647,standard-long-context,0,poisson,120,120,0,,not_applicable
30-minute mixed-workload stability run,1,1,648,standard-long-context,0,poisson,120,120,0,,not_applicable
30-minute mixed-workload stability run,1,1,649,standard-long-context,0,poisson,122,120,2,,not_applicable
30-minute mixed-workload stability run,1,1,650,standard-long-context,0,poisson,123,120,3,,not_applicable
30-minute mixed-workload stability run,1,1,651,standard-long-context,0,poisson,123,120,3,,not_applicable
30-minute mixed-workload stability run,1,1,652,standard-long-context,0,poisson,125,120,5,,not_applicable
30-minute mixed-workload stability run,1,1,653,standard-long-context,0,poisson,125,120,5,,not_applicable
30-minute mixed-workload stability run,1,1,654,standard-long-context,0,poisson,125,120,5,,not_applicable
30-minute mixed-workload stability run,1,1,655,standard-long-context,0,poisson,126,120,6,,not_applicable
30-minute mixed-workload stability run,1,1,656,standard-long-context,0,poisson,128,122,6,,not_applicable
30-minute mixed-workload stability run,1,1,657,standard-long-context,0,poisson,129,123,6,,not_applicable
30-minute mixed-workload stability run,1,1,658,standard-long-context,0,poisson,130,125,5,,not_applicable
30-minute mixed-workload stability run,1,1,659,standard-long-context,0,poisson,130,125,5,,not_applicable
30-minute mixed-workload stability run,1,1,660,standard-long-context,0,poisson,130,125,5,,not_applicable
30-minute mixed-workload stability run,1,1,661,standard-long-context,0,poisson,131,129,2,,not_applicable
30-minute mixed-workload stability run,1,1,662,standard-long-context,0,poisson,131,129,2,,not_applicable
30-minute mixed-workload stability run,1,1,663,standard-long-context,0,poisson,131,130,1,,not_applicable
30-minute mixed-workload stability run,1,1,664,standard-long-context,0,poisson,131,130,1,,not_applicable
30-minute mixed-workload stability run,1,1,665,standard-long-context,0,poisson,132,131,1,,not_applicable
30-minute mixed-workload stability run,1,1,666,standard-long-context,0,poisson,132,131,1,,not_applicable
30-minute mixed-workload stability run,1,1,667,standard-long-context,0,poisson,132,131,1,,not_applicable
30-minute mixed-workload stability run,1,1,668,standard-long-context,0,poisson,132,131,1,,not_applicable
30-minute mixed-workload stability run,1,1,669,standard-long-context,0,poisson,132,131,1,,not_applicable
30-minute mixed-workload stability run,1,1,670,standard-long-context,0,poisson,132,132,0,,not_applicable
30-minute mixed-workload stability run,1,1,671,standard-long-context,0,poisson,133,132,1,,not_applicable
30-minute mixed-workload stability run,1,1,672,standard-long-context,0,poisson,133,132,1,,not_applicable
30-minute mixed-workload stability run,1,1,673,standard-long-context,0,poisson,133,132,1,,not_applicable
30-minute mixed-workload stability run,1,1,674,standard-long-context,0,poisson,134,132,2,,not_applicable
30-minute mixed-workload stability run,1,1,675,standard-long-context,0,poisson,134,132,2,,not_applicable
30-minute mixed-workload stability run,1,1,676,standard-long-context,0,poisson,134,132,2,,not_applicable
30-minute mixed-workload stability run,1,1,677,standard-long-context,0,poisson,134,132,2,,not_applicable
30-minute mixed-workload stability run,1,1,678,standard-long-context,0,poisson,135,133,2,,not_applicable
30-minute mixed-workload stability run,1,1,679,standard-long-context,0,poisson,135,134,1,,not_applicable
30-minute mixed-workload stability run,1,1,680,standard-long-context,0,poisson,135,134,1,,not_applicable
30-minute mixed-workload stability run,1,1,681,standard-long-context,0,poisson,135,134,1,,not_applicable
30-minute mixed-workload stability run,1,1,682,standard-long-context,0,poisson,135,134,1,,not_applicable
30-minute mixed-workload stability run,1,1,683,standard-long-context,0,poisson,135,134,1,,not_applicable
30-minute mixed-workload stability run,1,1,684,standard-long-context,0,poisson,136,135,1,,not_applicable
30-minute mixed-workload stability run,1,1,685,standard-long-context,0,poisson,136,135,1,,not_applicable
30-minute mixed-workload stability run,1,1,686,standard-long-context,0,poisson,138,135,3,,not_applicable
30-minute mixed-workload stability run,1,1,687,standard-long-context,0,poisson,138,135,3,,not_applicable
30-minute mixed-workload stability run,1,1,688,standard-long-context,0,poisson,140,135,5,,not_applicable
30-minute mixed-workload stability run,1,1,689,standard-long-context,0,poisson,140,135,5,,not_applicable
30-minute mixed-workload stability run,1,1,690,standard-long-context,0,poisson,140,135,5,,not_applicable
30-minute mixed-workload stability run,1,1,691,standard-long-context,0,poisson,141,136,5,,not_applicable
30-minute mixed-workload stability run,1,1,692,standard-long-context,0,poisson,141,136,5,,not_applicable
30-minute mixed-workload stability run,1,1,693,standard-long-context,0,poisson,141,138,3,,not_applicable
30-minute mixed-workload stability run,1,1,694,standard-long-context,0,poisson,142,139,3,,not_applicable
30-minute mixed-workload stability run,1,1,695,standard-long-context,0,poisson,142,140,2,,not_applicable
30-minute mixed-workload stability run,1,1,696,standard-long-context,0,poisson,142,141,1,,not_applicable
30-minute mixed-workload stability run,1,1,697,standard-long-context,0,poisson,142,142,0,,not_applicable
30-minute mixed-workload stability run,1,1,698,standard-long-context,0,poisson,142,142,0,,not_applicable
30-minute mixed-workload stability run,1,1,699,standard-long-context,0,poisson,142,142,0,,not_applicable
30-minute mixed-workload stability run,1,1,700,standard-long-context,0,poisson,142,142,0,,not_applicable
30-minute mixed-workload stability run,1,1,701,standard-long-context,0,poisson,143,142,1,,not_applicable
30-minute mixed-workload stability run,1,1,702,standard-long-context,0,poisson,143,142,1,,not_applicable
30-minute mixed-workload stability run,1,1,703,standard-long-context,0,poisson,143,142,1,,not_applicable
30-minute mixed-workload stability run,1,1,704,standard-long-context,0,poisson,144,142,2,,not_applicable
30-minute mixed-workload stability run,1,1,705,standard-long-context,0,poisson,144,142,2,,not_applicable
30-minute mixed-workload stability run,1,1,706,standard-long-context,0,poisson,145,142,3,,not_applicable
30-minute mixed-workload stability run,1,1,707,standard-long-context,0,poisson,145,143,2,,not_applicable
30-minute mixed-workload stability run,1,1,708,standard-long-context,0,poisson,145,143,2,,not_applicable
30-minute mixed-workload stability run,1,1,709,standard-long-context,0,poisson,146,143,3,,not_applicable
30-minute mixed-workload stability run,1,1,710,standard-long-context,0,poisson,146,143,3,,not_applicable
30-minute mixed-workload stability run,1,1,711,standard-long-context,0,poisson,146,143,3,,not_applicable
30-minute mixed-workload stability run,1,1,712,standard-long-context,0,poisson,146,144,2,,not_applicable
30-minute mixed-workload stability run,1,1,713,standard-long-context,0,poisson,147,144,3,,not_applicable
30-minute mixed-workload stability run,1,1,714,standard-long-context,0,poisson,147,145,2,,not_applicable
30-minute mixed-workload stability run,1,1,715,standard-long-context,0,poisson,147,145,2,,not_applicable
30-minute mixed-workload stability run,1,1,716,standard-long-context,0,poisson,147,146,1,,not_applicable
30-minute mixed-workload stability run,1,1,717,standard-long-context,0,poisson,147,146,1,,not_applicable
30-minute mixed-workload stability run,1,1,718,standard-long-context,0,poisson,147,146,1,,not_applicable
30-minute mixed-workload stability run,1,1,719,standard-long-context,0,poisson,147,146,1,,not_applicable
30-minute mixed-workload stability run,1,1,720,standard-long-context,0,poisson,147,146,1,,not_applicable
30-minute mixed-workload stability run,1,1,721,standard-long-context,0,poisson,147,147,0,,not_applicable
30-minute mixed-workload stability run,1,1,722,standard-long-context,0,poisson,147,147,0,,not_applicable
30-minute mixed-workload stability run,1,1,723,standard-long-context,0,poisson,147,147,0,,not_applicable
30-minute mixed-workload stability run,1,1,724,standard-long-context,0,poisson,147,147,0,,not_applicable
30-minute mixed-workload stability run,1,1,725,standard-long-context,0,poisson,147,147,0,,not_applicable
30-minute mixed-workload stability run,1,1,726,standard-long-context,0,poisson,147,147,0,,not_applicable
30-minute mixed-workload stability run,1,1,727,standard-long-context,0,poisson,147,147,0,,not_applicable
30-minute mixed-workload stability run,1,1,728,standard-long-context,0,poisson,147,147,0,,not_applicable
30-minute mixed-workload stability run,1,1,729,standard-long-context,0,poisson,147,147,0,,not_applicable
30-minute mixed-workload stability run,1,1,730,standard-long-context,0,poisson,147,147,0,,not_applicable
30-minute mixed-workload stability run,1,1,731,standard-long-context,0,poisson,147,147,0,,not_applicable
30-minute mixed-workload stability run,1,1,732,standard-long-context,0,poisson,147,147,0,,not_applicable
30-minute mixed-workload stability run,1,1,733,standard-long-context,0,poisson,147,147,0,,not_applicable
30-minute mixed-workload stability run,1,1,734,standard-long-context,0,poisson,147,147,0,,not_applicable
30-minute mixed-workload stability run,1,1,735,standard-long-context,0,poisson,147,147,0,,not_applicable
30-minute mixed-workload stability run,1,1,736,standard-long-context,0,poisson,147,147,0,,not_applicable
30-minute mixed-workload stability run,1,1,737,standard-long-context,0,poisson,147,147,0,,not_applicable
30-minute mixed-workload stability run,1,1,738,standard-long-context,0,poisson,147,147,0,,not_applicable
30-minute mixed-workload stability run,1,1,739,standard-long-context,0,poisson,147,147,0,,not_applicable
30-minute mixed-workload stability run,1,1,740,standard-long-context,0,poisson,147,147,0,,not_applicable
30-minute mixed-workload stability run,1,1,741,standard-long-context,0,poisson,147,147,0,,not_applicable
30-minute mixed-workload stability run,1,1,742,standard-long-context,0,poisson,147,147,0,,not_applicable
30-minute mixed-workload stability run,1,1,743,standard-long-context,0,poisson,148,147,1,,not_applicable
30-minute mixed-workload stability run,1,1,744,standard-long-context,0,poisson,148,147,1,,not_applicable
30-minute mixed-workload stability run,1,1,745,standard-long-context,0,poisson,148,148,0,,not_applicable
30-minute mixed-workload stability run,1,1,746,standard-long-context,0,poisson,148,148,0,,not_applicable
30-minute mixed-workload stability run,1,1,747,standard-long-context,0,poisson,148,148,0,,not_applicable
30-minute mixed-workload stability run,1,1,748,standard-long-context,0,poisson,148,148,0,,not_applicable
30-minute mixed-workload stability run,1,1,749,standard-long-context,0,poisson,148,148,0,,not_applicable
30-minute mixed-workload stability run,1,1,750,standard-long-context,0,poisson,148,148,0,,not_applicable
30-minute mixed-workload stability run,1,1,751,standard-long-context,0,poisson,148,148,0,,not_applicable
30-minute mixed-workload stability run,1,1,752,standard-long-context,0,poisson,148,148,0,,not_applicable
30-minute mixed-workload stability run,1,1,753,standard-long-context,0,poisson,148,148,0,,not_applicable
30-minute mixed-workload stability run,1,1,754,standard-long-context,0,poisson,148,148,0,,not_applicable
30-minute mixed-workload stability run,1,1,755,standard-long-context,0,poisson,148,148,0,,not_applicable
30-minute mixed-workload stability run,1,1,756,standard-long-context,0,poisson,148,148,0,,not_applicable
30-minute mixed-workload stability run,1,1,757,standard-long-context,0,poisson,148,148,0,,not_applicable
30-minute mixed-workload stability run,1,1,758,standard-long-context,0,poisson,148,148,0,,not_applicable
30-minute mixed-workload stability run,1,1,759,standard-long-context,0,poisson,148,148,0,,not_applicable
30-minute mixed-workload stability run,1,1,760,standard-long-context,0,poisson,148,148,0,,not_applicable
30-minute mixed-workload stability run,1,1,761,standard-long-context,0,poisson,148,148,0,,not_applicable
30-minute mixed-workload stability run,1,1,762,standard-long-context,0,poisson,148,148,0,,not_applicable
30-minute mixed-workload stability run,1,1,763,standard-long-context,0,poisson,148,148,0,,not_applicable
30-minute mixed-workload stability run,1,1,764,standard-long-context,0,poisson,148,148,0,,not_applicable
30-minute mixed-workload stability run,1,1,765,standard-long-context,0,poisson,148,148,0,,not_applicable
30-minute mixed-workload stability run,1,1,766,standard-long-context,0,poisson,148,148,0,,not_applicable
30-minute mixed-workload stability run,1,1,767,standard-long-context,0,poisson,148,148,0,,not_applicable
30-minute mixed-workload stability run,1,1,768,standard-long-context,0,poisson,148,148,0,,not_applicable
30-minute mixed-workload stability run,1,1,769,standard-long-context,0,poisson,148,148,0,,not_applicable
30-minute mixed-workload stability run,1,1,770,standard-long-context,0,poisson,148,148,0,,not_applicable
30-minute mixed-workload stability run,1,1,771,standard-long-context,0,poisson,148,148,0,,not_applicable
30-minute mixed-workload stability run,1,1,772,standard-long-context,0,poisson,148,148,0,,not_applicable
30-minute mixed-workload stability run,1,1,773,standard-long-context,0,poisson,148,148,0,,not_applicable
30-minute mixed-workload stability run,1,1,774,standard-long-context,0,poisson,148,148,0,,not_applicable
30-minute mixed-workload stability run,1,1,775,standard-long-context,0,poisson,148,148,0,,not_applicable
30-minute mixed-workload stability run,1,1,776,standard-long-context,0,poisson,148,148,0,,not_applicable
30-minute mixed-workload stability run,1,1,777,standard-long-context,0,poisson,148,148,0,,not_applicable
30-minute mixed-workload stability run,1,1,778,standard-long-context,0,poisson,148,148,0,,not_applicable
30-minute mixed-workload stability run,1,1,779,standard-long-context,0,poisson,148,148,0,,not_applicable
30-minute mixed-workload stability run,1,1,780,standard-long-context,0,poisson,148,148,0,,not_applicable
30-minute mixed-workload stability run,1,1,781,standard-long-context,0,poisson,148,148,0,,not_applicable
30-minute mixed-workload stability run,1,1,782,standard-long-context,0,poisson,148,148,0,,not_applicable
30-minute mixed-workload stability run,1,1,783,standard-long-context,0,poisson,148,148,0,,not_applicable
30-minute mixed-workload stability run,1,1,784,standard-long-context,0,poisson,148,148,0,,not_applicable
30-minute mixed-workload stability run,1,1,785,standard-long-context,0,poisson,148,148,0,,not_applicable
30-minute mixed-workload stability run,1,1,786,standard-long-context,0,poisson,148,148,0,,not_applicable
30-minute mixed-workload stability run,1,1,787,standard-long-context,0,poisson,148,148,0,,not_applicable
30-minute mixed-workload stability run,1,1,788,standard-long-context,0,poisson,148,148,0,,not_applicable
30-minute mixed-workload stability run,1,1,789,standard-long-context,0,poisson,148,148,0,,not_applicable
30-minute mixed-workload stability run,1,1,790,standard-long-context,0,poisson,148,148,0,,not_applicable
30-minute mixed-workload stability run,1,1,791,standard-long-context,0,poisson,148,148,0,,not_applicable
30-minute mixed-workload stability run,1,1,792,standard-long-context,0,poisson,148,148,0,,not_applicable
30-minute mixed-workload stability run,1,1,793,standard-long-context,0,poisson,148,148,0,,not_applicable
30-minute mixed-workload stability run,1,1,794,standard-long-context,0,poisson,148,148,0,,not_applicable
30-minute mixed-workload stability run,1,1,795,standard-long-context,0,poisson,149,148,1,,not_applicable
30-minute mixed-workload stability run,1,1,796,standard-long-context,0,poisson,149,148,1,,not_applicable
30-minute mixed-workload stability run,1,1,797,standard-long-context,0,poisson,149,149,0,,not_applicable
30-minute mixed-workload stability run,1,1,798,standard-long-context,0,poisson,149,149,0,,not_applicable
30-minute mixed-workload stability run,1,1,799,standard-long-context,0,poisson,149,149,0,,not_applicable
30-minute mixed-workload stability run,1,1,800,standard-long-context,0,poisson,149,149,0,,not_applicable
30-minute mixed-workload stability run,1,1,801,standard-long-context,0,poisson,149,149,0,,not_applicable
30-minute mixed-workload stability run,1,1,802,standard-long-context,0,poisson,149,149,0,,not_applicable
30-minute mixed-workload stability run,1,1,803,standard-long-context,0,poisson,149,149,0,,not_applicable
30-minute mixed-workload stability run,1,1,804,standard-long-context,0,poisson,149,149,0,,not_applicable
30-minute mixed-workload stability run,1,1,805,standard-long-context,0,poisson,149,149,0,,not_applicable
30-minute mixed-workload stability run,1,1,806,standard-long-context,0,poisson,149,149,0,,not_applicable
30-minute mixed-workload stability run,1,1,807,standard-long-context,0,poisson,149,149,0,,not_applicable
30-minute mixed-workload stability run,1,1,808,standard-long-context,0,poisson,149,149,0,,not_applicable
30-minute mixed-workload stability run,1,1,809,standard-long-context,0,poisson,150,149,1,,not_applicable
30-minute mixed-workload stability run,1,1,810,standard-long-context,0,poisson,150,150,0,,not_applicable
30-minute mixed-workload stability run,1,1,811,standard-long-context,0,poisson,150,150,0,,not_applicable
30-minute mixed-workload stability run,1,1,812,standard-long-context,0,poisson,150,150,0,,not_applicable
30-minute mixed-workload stability run,1,1,813,standard-long-context,0,poisson,150,150,0,,not_applicable
30-minute mixed-workload stability run,1,1,814,standard-long-context,0,poisson,151,150,1,,not_applicable
30-minute mixed-workload stability run,1,1,815,standard-long-context,0,poisson,151,150,1,,not_applicable
30-minute mixed-workload stability run,1,1,816,standard-long-context,0,poisson,151,151,0,,not_applicable
30-minute mixed-workload stability run,1,1,817,standard-long-context,0,poisson,151,151,0,,not_applicable
30-minute mixed-workload stability run,1,1,818,standard-long-context,0,poisson,151,151,0,,not_applicable
30-minute mixed-workload stability run,1,1,819,standard-long-context,0,poisson,152,151,1,,not_applicable
30-minute mixed-workload stability run,1,1,820,standard-long-context,0,poisson,152,152,0,,not_applicable
30-minute mixed-workload stability run,1,1,821,standard-long-context,0,poisson,152,152,0,,not_applicable
30-minute mixed-workload stability run,1,1,822,standard-long-context,0,poisson,152,152,0,,not_applicable
30-minute mixed-workload stability run,1,1,823,standard-long-context,0,poisson,152,152,0,,not_applicable
30-minute mixed-workload stability run,1,1,824,standard-long-context,0,poisson,152,152,0,,not_applicable
30-minute mixed-workload stability run,1,1,825,standard-long-context,0,poisson,152,152,0,,not_applicable
30-minute mixed-workload stability run,1,1,826,standard-long-context,0,poisson,152,152,0,,not_applicable
30-minute mixed-workload stability run,1,1,827,standard-long-context,0,poisson,152,152,0,,not_applicable
30-minute mixed-workload stability run,1,1,828,standard-long-context,0,poisson,152,152,0,,not_applicable
30-minute mixed-workload stability run,1,1,829,standard-long-context,0,poisson,152,152,0,,not_applicable
30-minute mixed-workload stability run,1,1,830,standard-long-context,0,poisson,152,152,0,,not_applicable
30-minute mixed-workload stability run,1,1,831,standard-long-context,0,poisson,152,152,0,,not_applicable
30-minute mixed-workload stability run,1,1,832,standard-long-context,0,poisson,152,152,0,,not_applicable
30-minute mixed-workload stability run,1,1,833,standard-long-context,0,poisson,152,152,0,,not_applicable
30-minute mixed-workload stability run,1,1,834,standard-long-context,0,poisson,152,152,0,,not_applicable
30-minute mixed-workload stability run,1,1,835,standard-long-context,0,poisson,152,152,0,,not_applicable
30-minute mixed-workload stability run,1,1,836,standard-long-context,0,poisson,152,152,0,,not_applicable
30-minute mixed-workload stability run,1,1,837,standard-long-context,0,poisson,152,152,0,,not_applicable
30-minute mixed-workload stability run,1,1,838,standard-long-context,0,poisson,152,152,0,,not_applicable
30-minute mixed-workload stability run,1,1,839,standard-long-context,0,poisson,152,152,0,,not_applicable
30-minute mixed-workload stability run,1,1,840,standard-long-context,0,poisson,152,152,0,,not_applicable
30-minute mixed-workload stability run,1,1,841,standard-long-context,0,poisson,152,152,0,,not_applicable
30-minute mixed-workload stability run,1,1,842,standard-long-context,0,poisson,152,152,0,,not_applicable
30-minute mixed-workload stability run,1,1,843,standard-long-context,0,poisson,152,152,0,,not_applicable
30-minute mixed-workload stability run,1,1,844,standard-long-context,0,poisson,152,152,0,,not_applicable
30-minute mixed-workload stability run,1,1,845,standard-long-context,0,poisson,152,152,0,,not_applicable
30-minute mixed-workload stability run,1,1,846,standard-long-context,0,poisson,152,152,0,,not_applicable
30-minute mixed-workload stability run,1,1,847,standard-long-context,0,poisson,152,152,0,,not_applicable
30-minute mixed-workload stability run,1,1,848,standard-long-context,0,poisson,152,152,0,,not_applicable
30-minute mixed-workload stability run,1,1,849,standard-long-context,0,poisson,152,152,0,,not_applicable
30-minute mixed-workload stability run,1,1,850,standard-long-context,0,poisson,152,152,0,,not_applicable
30-minute mixed-workload stability run,1,1,851,standard-long-context,0,poisson,152,152,0,,not_applicable
30-minute mixed-workload stability run,1,1,852,standard-long-context,0,poisson,152,152,0,,not_applicable
30-minute mixed-workload stability run,1,1,853,standard-long-context,0,poisson,152,152,0,,not_applicable
30-minute mixed-workload stability run,1,1,854,standard-long-context,0,poisson,152,152,0,,not_applicable
30-minute mixed-workload stability run,1,1,855,standard-long-context,0,poisson,152,152,0,,not_applicable
30-minute mixed-workload stability run,1,1,856,standard-long-context,0,poisson,152,152,0,,not_applicable
30-minute mixed-workload stability run,1,1,857,standard-long-context,0,poisson,152,152,0,,not_applicable
30-minute mixed-workload stability run,1,1,858,standard-long-context,0,poisson,152,152,0,,not_applicable
30-minute mixed-workload stability run,1,1,859,standard-long-context,0,poisson,152,152,0,,not_applicable
30-minute mixed-workload stability run,1,1,860,standard-long-context,0,poisson,152,152,0,,not_applicable
30-minute mixed-workload stability run,1,1,861,standard-long-context,0,poisson,152,152,0,,not_applicable
30-minute mixed-workload stability run,1,1,862,standard-long-context,0,poisson,152,152,0,,not_applicable
30-minute mixed-workload stability run,1,1,863,standard-long-context,0,poisson,152,152,0,,not_applicable
30-minute mixed-workload stability run,1,1,864,standard-long-context,0,poisson,152,152,0,,not_applicable
30-minute mixed-workload stability run,1,1,865,standard-long-context,0,poisson,153,152,1,,not_applicable
30-minute mixed-workload stability run,1,1,866,standard-long-context,0,poisson,153,153,0,,not_applicable
30-minute mixed-workload stability run,1,1,867,standard-long-context,0,poisson,153,153,0,,not_applicable
30-minute mixed-workload stability run,1,1,868,standard-long-context,0,poisson,154,153,1,,not_applicable
30-minute mixed-workload stability run,1,1,869,standard-long-context,0,poisson,154,154,0,,not_applicable
30-minute mixed-workload stability run,1,1,870,standard-long-context,0,poisson,154,154,0,,not_applicable
30-minute mixed-workload stability run,1,1,871,standard-long-context,0,poisson,154,154,0,,not_applicable
30-minute mixed-workload stability run,1,1,872,standard-long-context,0,poisson,154,154,0,,not_applicable
30-minute mixed-workload stability run,1,1,873,standard-long-context,0,poisson,154,154,0,,not_applicable
30-minute mixed-workload stability run,1,1,874,standard-long-context,0,poisson,154,154,0,,not_applicable
30-minute mixed-workload stability run,1,1,875,standard-long-context,0,poisson,154,154,0,,not_applicable
30-minute mixed-workload stability run,1,1,876,standard-long-context,0,poisson,154,154,0,,not_applicable
30-minute mixed-workload stability run,1,1,877,standard-long-context,0,poisson,154,154,0,,not_applicable
30-minute mixed-workload stability run,1,1,878,standard-long-context,0,poisson,154,154,0,,not_applicable
30-minute mixed-workload stability run,1,1,879,standard-long-context,0,poisson,154,154,0,,not_applicable
30-minute mixed-workload stability run,1,1,880,standard-long-context,0,poisson,154,154,0,,not_applicable
30-minute mixed-workload stability run,1,1,881,standard-long-context,0,poisson,154,154,0,,not_applicable
30-minute mixed-workload stability run,1,1,882,standard-long-context,0,poisson,154,154,0,,not_applicable
30-minute mixed-workload stability run,1,1,883,standard-long-context,0,poisson,154,154,0,,not_applicable
30-minute mixed-workload stability run,1,1,884,standard-long-context,0,poisson,154,154,0,,not_applicable
30-minute mixed-workload stability run,1,1,885,standard-long-context,0,poisson,154,154,0,,not_applicable
30-minute mixed-workload stability run,1,1,886,standard-long-context,0,poisson,154,154,0,,not_applicable
30-minute mixed-workload stability run,1,1,887,standard-long-context,0,poisson,154,154,0,,not_applicable
30-minute mixed-workload stability run,1,1,888,standard-long-context,0,poisson,154,154,0,,not_applicable
30-minute mixed-workload stability run,1,1,889,standard-long-context,0,poisson,154,154,0,,not_applicable
30-minute mixed-workload stability run,1,1,890,standard-long-context,0,poisson,154,154,0,,not_applicable
30-minute mixed-workload stability run,1,1,891,standard-long-context,0,poisson,154,154,0,,not_applicable
30-minute mixed-workload stability run,1,1,892,standard-long-context,0,poisson,154,154,0,,not_applicable
30-minute mixed-workload stability run,1,1,893,standard-long-context,0,poisson,154,154,0,,not_applicable
30-minute mixed-workload stability run,1,1,894,standard-long-context,0,poisson,154,154,0,,not_applicable
30-minute mixed-workload stability run,1,1,895,standard-long-context,0,poisson,154,154,0,,not_applicable
30-minute mixed-workload stability run,1,1,896,standard-long-context,0,poisson,154,154,0,,not_applicable
30-minute mixed-workload stability run,1,1,897,standard-long-context,0,poisson,154,154,0,,not_applicable
30-minute mixed-workload stability run,1,1,898,standard-long-context,0,poisson,154,154,0,,not_applicable
30-minute mixed-workload stability run,1,1,899,standard-long-context,0,poisson,154,154,0,,not_applicable
30-minute mixed-workload stability run,1,1,900,standard-long-context,0,poisson,154,154,0,,not_applicable
30-minute mixed-workload stability run,1,1,901,standard-long-context,0,poisson,154,154,0,,not_applicable
30-minute mixed-workload stability run,1,1,902,standard-long-context,0,poisson,154,154,0,,not_applicable
30-minute mixed-workload stability run,1,1,903,standard-long-context,0,poisson,154,154,0,,not_applicable
30-minute mixed-workload stability run,1,1,904,standard-long-context,0,poisson,154,154,0,,not_applicable
30-minute mixed-workload stability run,1,1,905,standard-long-context,0,poisson,154,154,0,,not_applicable
30-minute mixed-workload stability run,1,1,906,standard-long-context,0,poisson,154,154,0,,not_applicable
30-minute mixed-workload stability run,1,1,907,standard-long-context,0,poisson,154,154,0,,not_applicable
30-minute mixed-workload stability run,1,1,908,standard-long-context,0,poisson,154,154,0,,not_applicable
30-minute mixed-workload stability run,1,1,909,standard-long-context,0,poisson,154,154,0,,not_applicable
30-minute mixed-workload stability run,1,1,910,standard-long-context,0,poisson,154,154,0,,not_applicable
30-minute mixed-workload stability run,1,1,911,standard-long-context,0,poisson,154,154,0,,not_applicable
30-minute mixed-workload stability run,1,1,912,standard-long-context,0,poisson,154,154,0,,not_applicable
30-minute mixed-workload stability run,1,1,913,standard-long-context,0,poisson,154,154,0,,not_applicable
30-minute mixed-workload stability run,1,1,914,standard-long-context,0,poisson,155,154,1,,not_applicable
30-minute mixed-workload stability run,1,1,915,standard-long-context,0,poisson,155,154,1,,not_applicable
30-minute mixed-workload stability run,1,1,916,standard-long-context,0,poisson,155,154,1,,not_applicable
30-minute mixed-workload stability run,1,1,917,standard-long-context,0,poisson,155,155,0,,not_applicable
30-minute mixed-workload stability run,1,1,918,standard-long-context,0,poisson,155,155,0,,not_applicable
30-minute mixed-workload stability run,1,1,919,standard-long-context,0,poisson,155,155,0,,not_applicable
30-minute mixed-workload stability run,1,1,920,standard-long-context,0,poisson,155,155,0,,not_applicable
30-minute mixed-workload stability run,1,1,921,standard-long-context,0,poisson,157,155,2,,not_applicable
30-minute mixed-workload stability run,1,1,922,standard-long-context,0,poisson,157,155,2,,not_applicable
30-minute mixed-workload stability run,1,1,923,standard-long-context,0,poisson,157,155,2,,not_applicable
30-minute mixed-workload stability run,1,1,924,standard-long-context,0,poisson,157,155,2,,not_applicable
30-minute mixed-workload stability run,1,1,925,standard-long-context,0,poisson,157,155,2,,not_applicable
30-minute mixed-workload stability run,1,1,926,standard-long-context,0,poisson,157,157,0,,not_applicable
30-minute mixed-workload stability run,1,1,927,standard-long-context,0,poisson,157,157,0,,not_applicable
30-minute mixed-workload stability run,1,1,928,standard-long-context,0,poisson,157,157,0,,not_applicable
30-minute mixed-workload stability run,1,1,929,standard-long-context,0,poisson,158,157,1,,not_applicable
30-minute mixed-workload stability run,1,1,930,standard-long-context,0,poisson,158,157,1,,not_applicable
30-minute mixed-workload stability run,1,1,931,standard-long-context,0,poisson,159,157,2,,not_applicable
30-minute mixed-workload stability run,1,1,932,standard-long-context,0,poisson,160,157,3,,not_applicable
30-minute mixed-workload stability run,1,1,933,standard-long-context,0,poisson,160,157,3,,not_applicable
30-minute mixed-workload stability run,1,1,934,standard-long-context,0,poisson,160,157,3,,not_applicable
30-minute mixed-workload stability run,1,1,935,standard-long-context,0,poisson,160,157,3,,not_applicable
30-minute mixed-workload stability run,1,1,936,standard-long-context,0,poisson,160,159,1,,not_applicable
30-minute mixed-workload stability run,1,1,937,standard-long-context,0,poisson,160,160,0,,not_applicable
30-minute mixed-workload stability run,1,1,938,standard-long-context,0,poisson,160,160,0,,not_applicable
30-minute mixed-workload stability run,1,1,939,standard-long-context,0,poisson,160,160,0,,not_applicable
30-minute mixed-workload stability run,1,1,940,standard-long-context,0,poisson,160,160,0,,not_applicable
30-minute mixed-workload stability run,1,1,941,standard-long-context,0,poisson,160,160,0,,not_applicable
30-minute mixed-workload stability run,1,1,942,standard-long-context,0,poisson,160,160,0,,not_applicable
30-minute mixed-workload stability run,1,1,943,standard-long-context,0,poisson,160,160,0,,not_applicable
30-minute mixed-workload stability run,1,1,944,standard-long-context,0,poisson,160,160,0,,not_applicable
30-minute mixed-workload stability run,1,1,945,standard-long-context,0,poisson,160,160,0,,not_applicable
30-minute mixed-workload stability run,1,1,946,standard-long-context,0,poisson,160,160,0,,not_applicable
30-minute mixed-workload stability run,1,1,947,standard-long-context,0,poisson,160,160,0,,not_applicable
30-minute mixed-workload stability run,1,1,948,standard-long-context,0,poisson,160,160,0,,not_applicable
30-minute mixed-workload stability run,1,1,949,standard-long-context,0,poisson,160,160,0,,not_applicable
30-minute mixed-workload stability run,1,1,950,standard-long-context,0,poisson,160,160,0,,not_applicable
30-minute mixed-workload stability run,1,1,951,standard-long-context,0,poisson,160,160,0,,not_applicable
30-minute mixed-workload stability run,1,1,952,standard-long-context,0,poisson,160,160,0,,not_applicable
30-minute mixed-workload stability run,1,1,953,standard-long-context,0,poisson,160,160,0,,not_applicable
30-minute mixed-workload stability run,1,1,954,standard-long-context,0,poisson,160,160,0,,not_applicable
30-minute mixed-workload stability run,1,1,955,standard-long-context,0,poisson,160,160,0,,not_applicable
30-minute mixed-workload stability run,1,1,956,standard-long-context,0,poisson,160,160,0,,not_applicable
30-minute mixed-workload stability run,1,1,957,standard-long-context,0,poisson,163,160,3,,not_applicable
30-minute mixed-workload stability run,1,1,958,standard-long-context,0,poisson,164,160,4,,not_applicable
30-minute mixed-workload stability run,1,1,959,standard-long-context,0,poisson,164,160,4,,not_applicable
30-minute mixed-workload stability run,1,1,960,standard-long-context,0,poisson,165,160,5,,not_applicable
30-minute mixed-workload stability run,1,1,961,standard-long-context,0,poisson,165,160,5,,not_applicable
30-minute mixed-workload stability run,1,1,962,standard-long-context,0,poisson,166,160,6,,not_applicable
30-minute mixed-workload stability run,1,1,963,standard-long-context,0,poisson,166,160,6,,not_applicable
30-minute mixed-workload stability run,1,1,964,standard-long-context,0,poisson,167,160,7,,not_applicable
30-minute mixed-workload stability run,1,1,965,standard-long-context,0,poisson,167,161,6,,not_applicable
30-minute mixed-workload stability run,1,1,966,standard-long-context,0,poisson,167,164,3,,not_applicable
30-minute mixed-workload stability run,1,1,967,standard-long-context,0,poisson,167,165,2,,not_applicable
30-minute mixed-workload stability run,1,1,968,standard-long-context,0,poisson,167,165,2,,not_applicable
30-minute mixed-workload stability run,1,1,969,standard-long-context,0,poisson,168,167,1,,not_applicable
30-minute mixed-workload stability run,1,1,970,standard-long-context,0,poisson,168,167,1,,not_applicable
30-minute mixed-workload stability run,1,1,971,standard-long-context,0,poisson,168,167,1,,not_applicable
30-minute mixed-workload stability run,1,1,972,standard-long-context,0,poisson,168,167,1,,not_applicable
30-minute mixed-workload stability run,1,1,973,standard-long-context,0,poisson,169,167,2,,not_applicable
30-minute mixed-workload stability run,1,1,974,standard-long-context,0,poisson,169,167,2,,not_applicable
30-minute mixed-workload stability run,1,1,975,standard-long-context,0,poisson,169,168,1,,not_applicable
30-minute mixed-workload stability run,1,1,976,standard-long-context,0,poisson,170,168,2,,not_applicable
30-minute mixed-workload stability run,1,1,977,standard-long-context,0,poisson,170,168,2,,not_applicable
30-minute mixed-workload stability run,1,1,978,standard-long-context,0,poisson,170,168,2,,not_applicable
30-minute mixed-workload stability run,1,1,979,standard-long-context,0,poisson,170,169,1,,not_applicable
30-minute mixed-workload stability run,1,1,980,standard-long-context,0,poisson,170,169,1,,not_applicable
30-minute mixed-workload stability run,1,1,981,standard-long-context,0,poisson,170,170,0,,not_applicable
30-minute mixed-workload stability run,1,1,982,standard-long-context,0,poisson,171,170,1,,not_applicable
30-minute mixed-workload stability run,1,1,983,standard-long-context,0,poisson,172,170,2,,not_applicable
30-minute mixed-workload stability run,1,1,984,standard-long-context,0,poisson,173,170,3,,not_applicable
30-minute mixed-workload stability run,1,1,985,standard-long-context,0,poisson,174,170,4,,not_applicable
30-minute mixed-workload stability run,1,1,986,standard-long-context,0,poisson,174,170,4,,not_applicable
30-minute mixed-workload stability run,1,1,987,standard-long-context,0,poisson,174,170,4,,not_applicable
30-minute mixed-workload stability run,1,1,988,standard-long-context,0,poisson,174,170,4,,not_applicable
30-minute mixed-workload stability run,1,1,989,standard-long-context,0,poisson,175,170,5,,not_applicable
30-minute mixed-workload stability run,1,1,990,standard-long-context,0,poisson,175,171,4,,not_applicable
30-minute mixed-workload stability run,1,1,991,standard-long-context,0,poisson,175,172,3,,not_applicable
30-minute mixed-workload stability run,1,1,992,standard-long-context,0,poisson,175,172,3,,not_applicable
30-minute mixed-workload stability run,1,1,993,standard-long-context,0,poisson,175,174,1,,not_applicable
30-minute mixed-workload stability run,1,1,994,standard-long-context,0,poisson,176,174,2,,not_applicable
30-minute mixed-workload stability run,1,1,995,standard-long-context,0,poisson,176,174,2,,not_applicable
30-minute mixed-workload stability run,1,1,996,standard-long-context,0,poisson,176,174,2,,not_applicable
30-minute mixed-workload stability run,1,1,997,standard-long-context,0,poisson,176,175,1,,not_applicable
30-minute mixed-workload stability run,1,1,998,standard-long-context,0,poisson,177,175,2,,not_applicable
30-minute mixed-workload stability run,1,1,999,standard-long-context,0,poisson,177,175,2,,not_applicable
30-minute mixed-workload stability run,1,1,1000,standard-long-context,0,poisson,177,175,2,,not_applicable
30-minute mixed-workload stability run,1,1,1001,standard-long-context,0,poisson,177,176,1,,not_applicable
30-minute mixed-workload stability run,1,1,1002,standard-long-context,0,poisson,178,176,2,,not_applicable
30-minute mixed-workload stability run,1,1,1003,standard-long-context,0,poisson,178,176,2,,not_applicable
30-minute mixed-workload stability run,1,1,1004,standard-long-context,0,poisson,179,177,2,,not_applicable
30-minute mixed-workload stability run,1,1,1005,standard-long-context,0,poisson,180,177,3,,not_applicable
30-minute mixed-workload stability run,1,1,1006,standard-long-context,0,poisson,180,177,3,,not_applicable
30-minute mixed-workload stability run,1,1,1007,standard-long-context,0,poisson,181,177,4,,not_applicable
30-minute mixed-workload stability run,1,1,1008,standard-long-context,0,poisson,181,178,3,,not_applicable
30-minute mixed-workload stability run,1,1,1009,standard-long-context,0,poisson,181,178,3,,not_applicable
30-minute mixed-workload stability run,1,1,1010,standard-long-context,0,poisson,182,178,4,,not_applicable
30-minute mixed-workload stability run,1,1,1011,standard-long-context,0,poisson,182,180,2,,not_applicable
30-minute mixed-workload stability run,1,1,1012,standard-long-context,0,poisson,182,180,2,,not_applicable
30-minute mixed-workload stability run,1,1,1013,standard-long-context,0,poisson,183,180,3,,not_applicable
30-minute mixed-workload stability run,1,1,1014,standard-long-context,0,poisson,183,180,3,,not_applicable
30-minute mixed-workload stability run,1,1,1015,standard-long-context,0,poisson,183,181,2,,not_applicable
30-minute mixed-workload stability run,1,1,1016,standard-long-context,0,poisson,184,182,2,,not_applicable
30-minute mixed-workload stability run,1,1,1017,standard-long-context,0,poisson,185,183,2,,not_applicable
30-minute mixed-workload stability run,1,1,1018,standard-long-context,0,poisson,185,183,2,,not_applicable
30-minute mixed-workload stability run,1,1,1019,standard-long-context,0,poisson,186,184,2,,not_applicable
30-minute mixed-workload stability run,1,1,1020,standard-long-context,0,poisson,186,184,2,,not_applicable
30-minute mixed-workload stability run,1,1,1021,standard-long-context,0,poisson,186,185,1,,not_applicable
30-minute mixed-workload stability run,1,1,1022,standard-long-context,0,poisson,186,185,1,,not_applicable
30-minute mixed-workload stability run,1,1,1023,standard-long-context,0,poisson,186,185,1,,not_applicable
30-minute mixed-workload stability run,1,1,1024,standard-long-context,0,poisson,186,186,0,,not_applicable
30-minute mixed-workload stability run,1,1,1025,standard-long-context,0,poisson,186,186,0,,not_applicable
30-minute mixed-workload stability run,1,1,1026,standard-long-context,0,poisson,186,186,0,,not_applicable
30-minute mixed-workload stability run,1,1,1027,standard-long-context,0,poisson,186,186,0,,not_applicable
30-minute mixed-workload stability run,1,1,1028,standard-long-context,0,poisson,186,186,0,,not_applicable
30-minute mixed-workload stability run,1,1,1029,standard-long-context,0,poisson,186,186,0,,not_applicable
30-minute mixed-workload stability run,1,1,1030,standard-long-context,0,poisson,186,186,0,,not_applicable
30-minute mixed-workload stability run,1,1,1031,standard-long-context,0,poisson,186,186,0,,not_applicable
30-minute mixed-workload stability run,1,1,1032,standard-long-context,0,poisson,187,186,1,,not_applicable
30-minute mixed-workload stability run,1,1,1033,standard-long-context,0,poisson,187,186,1,,not_applicable
30-minute mixed-workload stability run,1,1,1034,standard-long-context,0,poisson,187,186,1,,not_applicable
30-minute mixed-workload stability run,1,1,1035,standard-long-context,0,poisson,187,186,1,,not_applicable
30-minute mixed-workload stability run,1,1,1036,standard-long-context,0,poisson,187,186,1,,not_applicable
30-minute mixed-workload stability run,1,1,1037,standard-long-context,0,poisson,187,186,1,,not_applicable
30-minute mixed-workload stability run,1,1,1038,standard-long-context,0,poisson,187,186,1,,not_applicable
30-minute mixed-workload stability run,1,1,1039,standard-long-context,0,poisson,188,187,1,,not_applicable
30-minute mixed-workload stability run,1,1,1040,standard-long-context,0,poisson,188,187,1,,not_applicable
30-minute mixed-workload stability run,1,1,1041,standard-long-context,0,poisson,188,187,1,,not_applicable
30-minute mixed-workload stability run,1,1,1042,standard-long-context,0,poisson,188,187,1,,not_applicable
30-minute mixed-workload stability run,1,1,1043,standard-long-context,0,poisson,188,188,0,,not_applicable
30-minute mixed-workload stability run,1,1,1044,standard-long-context,0,poisson,188,188,0,,not_applicable
30-minute mixed-workload stability run,1,1,1045,standard-long-context,0,poisson,188,188,0,,not_applicable
30-minute mixed-workload stability run,1,1,1046,standard-long-context,0,poisson,188,188,0,,not_applicable
30-minute mixed-workload stability run,1,1,1047,standard-long-context,0,poisson,188,188,0,,not_applicable
30-minute mixed-workload stability run,1,1,1048,standard-long-context,0,poisson,189,188,1,,not_applicable
30-minute mixed-workload stability run,1,1,1049,standard-long-context,0,poisson,189,188,1,,not_applicable
30-minute mixed-workload stability run,1,1,1050,standard-long-context,0,poisson,189,188,1,,not_applicable
30-minute mixed-workload stability run,1,1,1051,standard-long-context,0,poisson,190,188,2,,not_applicable
30-minute mixed-workload stability run,1,1,1052,standard-long-context,0,poisson,190,188,2,,not_applicable
30-minute mixed-workload stability run,1,1,1053,standard-long-context,0,poisson,191,188,3,,not_applicable
30-minute mixed-workload stability run,1,1,1054,standard-long-context,0,poisson,191,188,3,,not_applicable
30-minute mixed-workload stability run,1,1,1055,standard-long-context,0,poisson,191,188,3,,not_applicable
30-minute mixed-workload stability run,1,1,1056,standard-long-context,0,poisson,192,188,4,,not_applicable
30-minute mixed-workload stability run,1,1,1057,standard-long-context,0,poisson,193,188,5,,not_applicable
30-minute mixed-workload stability run,1,1,1058,standard-long-context,0,poisson,194,189,5,,not_applicable
30-minute mixed-workload stability run,1,1,1059,standard-long-context,0,poisson,196,189,7,,not_applicable
30-minute mixed-workload stability run,1,1,1060,standard-long-context,0,poisson,197,189,8,,not_applicable
30-minute mixed-workload stability run,1,1,1061,standard-long-context,0,poisson,197,190,7,,not_applicable
30-minute mixed-workload stability run,1,1,1062,standard-long-context,0,poisson,197,191,6,,not_applicable
30-minute mixed-workload stability run,1,1,1063,standard-long-context,0,poisson,198,191,7,,not_applicable
30-minute mixed-workload stability run,1,1,1064,standard-long-context,0,poisson,198,191,7,,not_applicable
30-minute mixed-workload stability run,1,1,1065,standard-long-context,0,poisson,200,194,6,,not_applicable
30-minute mixed-workload stability run,1,1,1066,standard-long-context,0,poisson,200,195,5,,not_applicable
30-minute mixed-workload stability run,1,1,1067,standard-long-context,0,poisson,201,195,6,,not_applicable
30-minute mixed-workload stability run,1,1,1068,standard-long-context,0,poisson,201,195,6,,not_applicable
30-minute mixed-workload stability run,1,1,1069,standard-long-context,0,poisson,201,196,5,,not_applicable
30-minute mixed-workload stability run,1,1,1070,standard-long-context,0,poisson,201,197,4,,not_applicable
30-minute mixed-workload stability run,1,1,1071,standard-long-context,0,poisson,201,199,2,,not_applicable
30-minute mixed-workload stability run,1,1,1072,standard-long-context,0,poisson,201,199,2,,not_applicable
30-minute mixed-workload stability run,1,1,1073,standard-long-context,0,poisson,202,200,2,,not_applicable
30-minute mixed-workload stability run,1,1,1074,standard-long-context,0,poisson,202,200,2,,not_applicable
30-minute mixed-workload stability run,1,1,1075,standard-long-context,0,poisson,202,201,1,,not_applicable
30-minute mixed-workload stability run,1,1,1076,standard-long-context,0,poisson,202,201,1,,not_applicable
30-minute mixed-workload stability run,1,1,1077,standard-long-context,0,poisson,202,202,0,,not_applicable
30-minute mixed-workload stability run,1,1,1078,standard-long-context,0,poisson,202,202,0,,not_applicable
30-minute mixed-workload stability run,1,1,1079,standard-long-context,0,poisson,202,202,0,,not_applicable
30-minute mixed-workload stability run,1,1,1080,standard-long-context,0,poisson,202,202,0,,not_applicable
30-minute mixed-workload stability run,1,1,1081,standard-long-context,0,poisson,202,202,0,,not_applicable
30-minute mixed-workload stability run,1,1,1082,standard-long-context,0,poisson,202,202,0,,not_applicable
30-minute mixed-workload stability run,1,1,1083,standard-long-context,0,poisson,204,202,2,,not_applicable
30-minute mixed-workload stability run,1,1,1084,standard-long-context,0,poisson,205,202,3,,not_applicable
30-minute mixed-workload stability run,1,1,1085,standard-long-context,0,poisson,205,202,3,,not_applicable
30-minute mixed-workload stability run,1,1,1086,standard-long-context,0,poisson,205,202,3,,not_applicable
30-minute mixed-workload stability run,1,1,1087,standard-long-context,0,poisson,206,202,4,,not_applicable
30-minute mixed-workload stability run,1,1,1088,standard-long-context,0,poisson,208,205,3,,not_applicable
30-minute mixed-workload stability run,1,1,1089,standard-long-context,0,poisson,209,205,4,,not_applicable
30-minute mixed-workload stability run,1,1,1090,standard-long-context,0,poisson,209,205,4,,not_applicable
30-minute mixed-workload stability run,1,1,1091,standard-long-context,0,poisson,210,205,5,,not_applicable
30-minute mixed-workload stability run,1,1,1092,standard-long-context,0,poisson,211,205,6,,not_applicable
30-minute mixed-workload stability run,1,1,1093,standard-long-context,0,poisson,211,205,6,,not_applicable
30-minute mixed-workload stability run,1,1,1094,standard-long-context,0,poisson,212,206,6,,not_applicable
30-minute mixed-workload stability run,1,1,1095,standard-long-context,0,poisson,213,208,5,,not_applicable
30-minute mixed-workload stability run,1,1,1096,standard-long-context,0,poisson,215,210,5,,not_applicable
30-minute mixed-workload stability run,1,1,1097,standard-long-context,0,poisson,219,210,9,,not_applicable
30-minute mixed-workload stability run,1,1,1098,standard-long-context,0,poisson,219,210,9,,not_applicable
30-minute mixed-workload stability run,1,1,1099,standard-long-context,0,poisson,220,210,10,,not_applicable
30-minute mixed-workload stability run,1,1,1100,standard-long-context,0,poisson,220,211,9,,not_applicable
30-minute mixed-workload stability run,1,1,1101,standard-long-context,0,poisson,221,211,10,,not_applicable
30-minute mixed-workload stability run,1,1,1102,standard-long-context,0,poisson,222,212,10,,not_applicable
30-minute mixed-workload stability run,1,1,1103,standard-long-context,0,poisson,222,212,10,,not_applicable
30-minute mixed-workload stability run,1,1,1104,standard-long-context,0,poisson,222,213,9,,not_applicable
30-minute mixed-workload stability run,1,1,1105,standard-long-context,0,poisson,222,213,9,,not_applicable
30-minute mixed-workload stability run,1,1,1106,standard-long-context,0,poisson,222,217,5,,not_applicable
30-minute mixed-workload stability run,1,1,1107,standard-long-context,0,poisson,222,219,3,,not_applicable
30-minute mixed-workload stability run,1,1,1108,standard-long-context,0,poisson,222,219,3,,not_applicable
30-minute mixed-workload stability run,1,1,1109,standard-long-context,0,poisson,222,221,1,,not_applicable
30-minute mixed-workload stability run,1,1,1110,standard-long-context,0,poisson,222,222,0,,not_applicable
30-minute mixed-workload stability run,1,1,1111,standard-long-context,0,poisson,222,222,0,,not_applicable
30-minute mixed-workload stability run,1,1,1112,standard-long-context,0,poisson,223,222,1,,not_applicable
30-minute mixed-workload stability run,1,1,1113,standard-long-context,0,poisson,223,222,1,,not_applicable
30-minute mixed-workload stability run,1,1,1114,standard-long-context,0,poisson,223,222,1,,not_applicable
30-minute mixed-workload stability run,1,1,1115,standard-long-context,0,poisson,223,223,0,,not_applicable
30-minute mixed-workload stability run,1,1,1116,standard-long-context,0,poisson,223,223,0,,not_applicable
30-minute mixed-workload stability run,1,1,1117,standard-long-context,0,poisson,223,223,0,,not_applicable
30-minute mixed-workload stability run,1,1,1118,standard-long-context,0,poisson,224,223,1,,not_applicable
30-minute mixed-workload stability run,1,1,1119,standard-long-context,0,poisson,224,223,1,,not_applicable
30-minute mixed-workload stability run,1,1,1120,standard-long-context,0,poisson,224,223,1,,not_applicable
30-minute mixed-workload stability run,1,1,1121,standard-long-context,0,poisson,225,223,2,,not_applicable
30-minute mixed-workload stability run,1,1,1122,standard-long-context,0,poisson,226,223,3,,not_applicable
30-minute mixed-workload stability run,1,1,1123,standard-long-context,0,poisson,226,223,3,,not_applicable
30-minute mixed-workload stability run,1,1,1124,standard-long-context,0,poisson,226,223,3,,not_applicable
30-minute mixed-workload stability run,1,1,1125,standard-long-context,0,poisson,226,223,3,,not_applicable
30-minute mixed-workload stability run,1,1,1126,standard-long-context,0,poisson,226,224,2,,not_applicable
30-minute mixed-workload stability run,1,1,1127,standard-long-context,0,poisson,226,225,1,,not_applicable
30-minute mixed-workload stability run,1,1,1128,standard-long-context,0,poisson,227,225,2,,not_applicable
30-minute mixed-workload stability run,1,1,1129,standard-long-context,0,poisson,227,226,1,,not_applicable
30-minute mixed-workload stability run,1,1,1130,standard-long-context,0,poisson,228,226,2,,not_applicable
30-minute mixed-workload stability run,1,1,1131,standard-long-context,0,poisson,228,226,2,,not_applicable
30-minute mixed-workload stability run,1,1,1132,standard-long-context,0,poisson,228,227,1,,not_applicable
30-minute mixed-workload stability run,1,1,1133,standard-long-context,0,poisson,228,227,1,,not_applicable
30-minute mixed-workload stability run,1,1,1134,standard-long-context,0,poisson,228,228,0,,not_applicable
30-minute mixed-workload stability run,1,1,1135,standard-long-context,0,poisson,229,228,1,,not_applicable
30-minute mixed-workload stability run,1,1,1136,standard-long-context,0,poisson,230,228,2,,not_applicable
30-minute mixed-workload stability run,1,1,1137,standard-long-context,0,poisson,230,228,2,,not_applicable
30-minute mixed-workload stability run,1,1,1138,standard-long-context,0,poisson,230,228,2,,not_applicable
30-minute mixed-workload stability run,1,1,1139,standard-long-context,0,poisson,230,228,2,,not_applicable
30-minute mixed-workload stability run,1,1,1140,standard-long-context,0,poisson,230,228,2,,not_applicable
30-minute mixed-workload stability run,1,1,1141,standard-long-context,0,poisson,230,228,2,,not_applicable
30-minute mixed-workload stability run,1,1,1142,standard-long-context,0,poisson,230,229,1,,not_applicable
30-minute mixed-workload stability run,1,1,1143,standard-long-context,0,poisson,230,230,0,,not_applicable
30-minute mixed-workload stability run,1,1,1144,standard-long-context,0,poisson,230,230,0,,not_applicable
30-minute mixed-workload stability run,1,1,1145,standard-long-context,0,poisson,230,230,0,,not_applicable
30-minute mixed-workload stability run,1,1,1146,standard-long-context,0,poisson,230,230,0,,not_applicable
30-minute mixed-workload stability run,1,1,1147,standard-long-context,0,poisson,230,230,0,,not_applicable
30-minute mixed-workload stability run,1,1,1148,standard-long-context,0,poisson,230,230,0,,not_applicable
30-minute mixed-workload stability run,1,1,1149,standard-long-context,0,poisson,230,230,0,,not_applicable
30-minute mixed-workload stability run,1,1,1150,standard-long-context,0,poisson,230,230,0,,not_applicable
30-minute mixed-workload stability run,1,1,1151,standard-long-context,0,poisson,231,230,1,,not_applicable
30-minute mixed-workload stability run,1,1,1152,standard-long-context,0,poisson,231,230,1,,not_applicable
30-minute mixed-workload stability run,1,1,1153,standard-long-context,0,poisson,232,230,2,,not_applicable
30-minute mixed-workload stability run,1,1,1154,standard-long-context,0,poisson,233,230,3,,not_applicable
30-minute mixed-workload stability run,1,1,1155,standard-long-context,0,poisson,233,230,3,,not_applicable
30-minute mixed-workload stability run,1,1,1156,standard-long-context,0,poisson,233,230,3,,not_applicable
30-minute mixed-workload stability run,1,1,1157,standard-long-context,0,poisson,233,231,2,,not_applicable
30-minute mixed-workload stability run,1,1,1158,standard-long-context,0,poisson,236,231,5,,not_applicable
30-minute mixed-workload stability run,1,1,1159,standard-long-context,0,poisson,236,231,5,,not_applicable
30-minute mixed-workload stability run,1,1,1160,standard-long-context,0,poisson,236,231,5,,not_applicable
30-minute mixed-workload stability run,1,1,1161,standard-long-context,0,poisson,236,233,3,,not_applicable
30-minute mixed-workload stability run,1,1,1162,standard-long-context,0,poisson,237,233,4,,not_applicable
30-minute mixed-workload stability run,1,1,1163,standard-long-context,0,poisson,237,233,4,,not_applicable
30-minute mixed-workload stability run,1,1,1164,standard-long-context,0,poisson,237,233,4,,not_applicable
30-minute mixed-workload stability run,1,1,1165,standard-long-context,0,poisson,238,235,3,,not_applicable
30-minute mixed-workload stability run,1,1,1166,standard-long-context,0,poisson,238,236,2,,not_applicable
30-minute mixed-workload stability run,1,1,1167,standard-long-context,0,poisson,238,236,2,,not_applicable
30-minute mixed-workload stability run,1,1,1168,standard-long-context,0,poisson,238,237,1,,not_applicable
30-minute mixed-workload stability run,1,1,1169,standard-long-context,0,poisson,238,237,1,,not_applicable
30-minute mixed-workload stability run,1,1,1170,standard-long-context,0,poisson,240,237,3,,not_applicable
30-minute mixed-workload stability run,1,1,1171,standard-long-context,0,poisson,240,237,3,,not_applicable
30-minute mixed-workload stability run,1,1,1172,standard-long-context,0,poisson,241,238,3,,not_applicable
30-minute mixed-workload stability run,1,1,1173,standard-long-context,0,poisson,241,238,3,,not_applicable
30-minute mixed-workload stability run,1,1,1174,standard-long-context,0,poisson,241,238,3,,not_applicable
30-minute mixed-workload stability run,1,1,1175,standard-long-context,0,poisson,242,240,2,,not_applicable
30-minute mixed-workload stability run,1,1,1176,standard-long-context,0,poisson,243,241,2,,not_applicable
30-minute mixed-workload stability run,1,1,1177,standard-long-context,0,poisson,243,241,2,,not_applicable
30-minute mixed-workload stability run,1,1,1178,standard-long-context,0,poisson,243,241,2,,not_applicable
30-minute mixed-workload stability run,1,1,1179,standard-long-context,0,poisson,243,241,2,,not_applicable
30-minute mixed-workload stability run,1,1,1180,standard-long-context,0,poisson,243,242,1,,not_applicable
30-minute mixed-workload stability run,1,1,1181,standard-long-context,0,poisson,243,243,0,,not_applicable
30-minute mixed-workload stability run,1,1,1182,standard-long-context,0,poisson,243,243,0,,not_applicable
30-minute mixed-workload stability run,1,1,1183,standard-long-context,0,poisson,243,243,0,,not_applicable
30-minute mixed-workload stability run,1,1,1184,standard-long-context,0,poisson,243,243,0,,not_applicable
30-minute mixed-workload stability run,1,1,1185,standard-long-context,0,poisson,244,243,1,,not_applicable
30-minute mixed-workload stability run,1,1,1186,standard-long-context,0,poisson,244,243,1,,not_applicable
30-minute mixed-workload stability run,1,1,1187,standard-long-context,0,poisson,244,243,1,,not_applicable
30-minute mixed-workload stability run,1,1,1188,standard-long-context,0,poisson,245,243,2,,not_applicable
30-minute mixed-workload stability run,1,1,1189,standard-long-context,0,poisson,245,244,1,,not_applicable
30-minute mixed-workload stability run,1,1,1190,standard-long-context,0,poisson,245,244,1,,not_applicable
30-minute mixed-workload stability run,1,1,1191,standard-long-context,0,poisson,246,244,2,,not_applicable
30-minute mixed-workload stability run,1,1,1192,standard-long-context,0,poisson,246,244,2,,not_applicable
30-minute mixed-workload stability run,1,1,1193,standard-long-context,0,poisson,246,245,1,,not_applicable
30-minute mixed-workload stability run,1,1,1194,standard-long-context,0,poisson,247,245,2,,not_applicable
30-minute mixed-workload stability run,1,1,1195,standard-long-context,0,poisson,247,245,2,,not_applicable
30-minute mixed-workload stability run,1,1,1196,standard-long-context,0,poisson,247,246,1,,not_applicable
30-minute mixed-workload stability run,1,1,1197,standard-long-context,0,poisson,247,246,1,,not_applicable
30-minute mixed-workload stability run,1,1,1198,standard-long-context,0,poisson,247,246,1,,not_applicable
30-minute mixed-workload stability run,1,1,1199,standard-long-context,0,poisson,247,246,1,,not_applicable
30-minute mixed-workload stability run,1,1,1200,standard-long-context,0,poisson,247,247,0,,not_applicable
30-minute mixed-workload stability run,1,1,1201,standard-long-context,0,poisson,247,247,0,,not_applicable
30-minute mixed-workload stability run,1,1,1202,standard-long-context,0,poisson,247,247,0,,not_applicable
30-minute mixed-workload stability run,1,1,1203,standard-long-context,0,poisson,247,247,0,,not_applicable
30-minute mixed-workload stability run,1,1,1204,standard-long-context,0,poisson,247,247,0,,not_applicable
30-minute mixed-workload stability run,1,1,1205,standard-long-context,0,poisson,247,247,0,,not_applicable
30-minute mixed-workload stability run,1,1,1206,standard-long-context,0,poisson,247,247,0,,not_applicable
30-minute mixed-workload stability run,1,1,1207,standard-long-context,0,poisson,247,247,0,,not_applicable
30-minute mixed-workload stability run,1,1,1208,standard-long-context,0,poisson,247,247,0,,not_applicable
30-minute mixed-workload stability run,1,1,1209,standard-long-context,0,poisson,247,247,0,,not_applicable
30-minute mixed-workload stability run,1,1,1210,standard-long-context,0,poisson,247,247,0,,not_applicable
30-minute mixed-workload stability run,1,1,1211,standard-long-context,0,poisson,247,247,0,,not_applicable
30-minute mixed-workload stability run,1,1,1212,standard-long-context,0,poisson,248,247,1,,not_applicable
30-minute mixed-workload stability run,1,1,1213,standard-long-context,0,poisson,248,247,1,,not_applicable
30-minute mixed-workload stability run,1,1,1214,standard-long-context,0,poisson,249,247,2,,not_applicable
30-minute mixed-workload stability run,1,1,1215,standard-long-context,0,poisson,250,247,3,,not_applicable
30-minute mixed-workload stability run,1,1,1216,standard-long-context,0,poisson,250,247,3,,not_applicable
30-minute mixed-workload stability run,1,1,1217,standard-long-context,0,poisson,251,247,4,,not_applicable
30-minute mixed-workload stability run,1,1,1218,standard-long-context,0,poisson,253,247,6,,not_applicable
30-minute mixed-workload stability run,1,1,1219,standard-long-context,0,poisson,253,247,6,,not_applicable
30-minute mixed-workload stability run,1,1,1220,standard-long-context,0,poisson,253,248,5,,not_applicable
30-minute mixed-workload stability run,1,1,1221,standard-long-context,0,poisson,253,249,4,,not_applicable
30-minute mixed-workload stability run,1,1,1222,standard-long-context,0,poisson,253,249,4,,not_applicable
30-minute mixed-workload stability run,1,1,1223,standard-long-context,0,poisson,253,250,3,,not_applicable
30-minute mixed-workload stability run,1,1,1224,standard-long-context,0,poisson,253,251,2,,not_applicable
30-minute mixed-workload stability run,1,1,1225,standard-long-context,0,poisson,253,253,0,,not_applicable
30-minute mixed-workload stability run,1,1,1226,standard-long-context,0,poisson,253,253,0,,not_applicable
30-minute mixed-workload stability run,1,1,1227,standard-long-context,0,poisson,254,253,1,,not_applicable
30-minute mixed-workload stability run,1,1,1228,standard-long-context,0,poisson,254,253,1,,not_applicable
30-minute mixed-workload stability run,1,1,1229,standard-long-context,0,poisson,254,253,1,,not_applicable
30-minute mixed-workload stability run,1,1,1230,standard-long-context,0,poisson,254,253,1,,not_applicable
30-minute mixed-workload stability run,1,1,1231,standard-long-context,0,poisson,254,253,1,,not_applicable
30-minute mixed-workload stability run,1,1,1232,standard-long-context,0,poisson,254,254,0,,not_applicable
30-minute mixed-workload stability run,1,1,1233,standard-long-context,0,poisson,254,254,0,,not_applicable
30-minute mixed-workload stability run,1,1,1234,standard-long-context,0,poisson,254,254,0,,not_applicable
30-minute mixed-workload stability run,1,1,1235,standard-long-context,0,poisson,254,254,0,,not_applicable
30-minute mixed-workload stability run,1,1,1236,standard-long-context,0,poisson,254,254,0,,not_applicable
30-minute mixed-workload stability run,1,1,1237,standard-long-context,0,poisson,254,254,0,,not_applicable
30-minute mixed-workload stability run,1,1,1238,standard-long-context,0,poisson,254,254,0,,not_applicable
30-minute mixed-workload stability run,1,1,1239,standard-long-context,0,poisson,254,254,0,,not_applicable
30-minute mixed-workload stability run,1,1,1240,standard-long-context,0,poisson,255,254,1,,not_applicable
30-minute mixed-workload stability run,1,1,1241,standard-long-context,0,poisson,256,254,2,,not_applicable
30-minute mixed-workload stability run,1,1,1242,standard-long-context,0,poisson,257,254,3,,not_applicable
30-minute mixed-workload stability run,1,1,1243,standard-long-context,0,poisson,257,254,3,,not_applicable
30-minute mixed-workload stability run,1,1,1244,standard-long-context,0,poisson,257,254,3,,not_applicable
30-minute mixed-workload stability run,1,1,1245,standard-long-context,0,poisson,257,254,3,,not_applicable
30-minute mixed-workload stability run,1,1,1246,standard-long-context,0,poisson,257,254,3,,not_applicable
30-minute mixed-workload stability run,1,1,1247,standard-long-context,0,poisson,258,254,4,,not_applicable
30-minute mixed-workload stability run,1,1,1248,standard-long-context,0,poisson,258,255,3,,not_applicable
30-minute mixed-workload stability run,1,1,1249,standard-long-context,0,poisson,259,257,2,,not_applicable
30-minute mixed-workload stability run,1,1,1250,standard-long-context,0,poisson,259,257,2,,not_applicable
30-minute mixed-workload stability run,1,1,1251,standard-long-context,0,poisson,259,257,2,,not_applicable
30-minute mixed-workload stability run,1,1,1252,standard-long-context,0,poisson,259,258,1,,not_applicable
30-minute mixed-workload stability run,1,1,1253,standard-long-context,0,poisson,260,258,2,,not_applicable
30-minute mixed-workload stability run,1,1,1254,standard-long-context,0,poisson,260,258,2,,not_applicable
30-minute mixed-workload stability run,1,1,1255,standard-long-context,0,poisson,260,259,1,,not_applicable
30-minute mixed-workload stability run,1,1,1256,standard-long-context,0,poisson,260,259,1,,not_applicable
30-minute mixed-workload stability run,1,1,1257,standard-long-context,0,poisson,260,259,1,,not_applicable
30-minute mixed-workload stability run,1,1,1258,standard-long-context,0,poisson,260,260,0,,not_applicable
30-minute mixed-workload stability run,1,1,1259,standard-long-context,0,poisson,260,260,0,,not_applicable
30-minute mixed-workload stability run,1,1,1260,standard-long-context,0,poisson,260,260,0,,not_applicable
30-minute mixed-workload stability run,1,1,1261,standard-long-context,0,poisson,261,260,1,,not_applicable
30-minute mixed-workload stability run,1,1,1262,standard-long-context,0,poisson,262,260,2,,not_applicable
30-minute mixed-workload stability run,1,1,1263,standard-long-context,0,poisson,263,260,3,,not_applicable
30-minute mixed-workload stability run,1,1,1264,standard-long-context,0,poisson,263,260,3,,not_applicable
30-minute mixed-workload stability run,1,1,1265,standard-long-context,0,poisson,263,260,3,,not_applicable
30-minute mixed-workload stability run,1,1,1266,standard-long-context,0,poisson,263,261,2,,not_applicable
30-minute mixed-workload stability run,1,1,1267,standard-long-context,0,poisson,263,263,0,,not_applicable
30-minute mixed-workload stability run,1,1,1268,standard-long-context,0,poisson,263,263,0,,not_applicable
30-minute mixed-workload stability run,1,1,1269,standard-long-context,0,poisson,263,263,0,,not_applicable
30-minute mixed-workload stability run,1,1,1270,standard-long-context,0,poisson,264,263,1,,not_applicable
30-minute mixed-workload stability run,1,1,1271,standard-long-context,0,poisson,265,263,2,,not_applicable
30-minute mixed-workload stability run,1,1,1272,standard-long-context,0,poisson,265,263,2,,not_applicable
30-minute mixed-workload stability run,1,1,1273,standard-long-context,0,poisson,265,263,2,,not_applicable
30-minute mixed-workload stability run,1,1,1274,standard-long-context,0,poisson,265,263,2,,not_applicable
30-minute mixed-workload stability run,1,1,1275,standard-long-context,0,poisson,266,263,3,,not_applicable
30-minute mixed-workload stability run,1,1,1276,standard-long-context,0,poisson,268,263,5,,not_applicable
30-minute mixed-workload stability run,1,1,1277,standard-long-context,0,poisson,268,263,5,,not_applicable
30-minute mixed-workload stability run,1,1,1278,standard-long-context,0,poisson,268,265,3,,not_applicable
30-minute mixed-workload stability run,1,1,1279,standard-long-context,0,poisson,268,265,3,,not_applicable
30-minute mixed-workload stability run,1,1,1280,standard-long-context,0,poisson,268,268,0,,not_applicable
30-minute mixed-workload stability run,1,1,1281,standard-long-context,0,poisson,268,268,0,,not_applicable
30-minute mixed-workload stability run,1,1,1282,standard-long-context,0,poisson,269,268,1,,not_applicable
30-minute mixed-workload stability run,1,1,1283,standard-long-context,0,poisson,269,268,1,,not_applicable
30-minute mixed-workload stability run,1,1,1284,standard-long-context,0,poisson,269,268,1,,not_applicable
30-minute mixed-workload stability run,1,1,1285,standard-long-context,0,poisson,269,269,0,,not_applicable
30-minute mixed-workload stability run,1,1,1286,standard-long-context,0,poisson,269,269,0,,not_applicable
30-minute mixed-workload stability run,1,1,1287,standard-long-context,0,poisson,269,269,0,,not_applicable
30-minute mixed-workload stability run,1,1,1288,standard-long-context,0,poisson,270,269,1,,not_applicable
30-minute mixed-workload stability run,1,1,1289,standard-long-context,0,poisson,270,269,1,,not_applicable
30-minute mixed-workload stability run,1,1,1290,standard-long-context,0,poisson,271,269,2,,not_applicable
30-minute mixed-workload stability run,1,1,1291,standard-long-context,0,poisson,271,269,2,,not_applicable
30-minute mixed-workload stability run,1,1,1292,standard-long-context,0,poisson,272,269,3,,not_applicable
30-minute mixed-workload stability run,1,1,1293,standard-long-context,0,poisson,272,270,2,,not_applicable
30-minute mixed-workload stability run,1,1,1294,standard-long-context,0,poisson,272,270,2,,not_applicable
30-minute mixed-workload stability run,1,1,1295,standard-long-context,0,poisson,275,270,5,,not_applicable
30-minute mixed-workload stability run,1,1,1296,standard-long-context,0,poisson,275,270,5,,not_applicable
30-minute mixed-workload stability run,1,1,1297,standard-long-context,0,poisson,277,270,7,,not_applicable
30-minute mixed-workload stability run,1,1,1298,standard-long-context,0,poisson,277,271,6,,not_applicable
30-minute mixed-workload stability run,1,1,1299,standard-long-context,0,poisson,277,271,6,,not_applicable
30-minute mixed-workload stability run,1,1,1300,standard-long-context,0,poisson,277,271,6,,not_applicable
30-minute mixed-workload stability run,1,1,1301,standard-long-context,0,poisson,277,272,5,,not_applicable
30-minute mixed-workload stability run,1,1,1302,standard-long-context,0,poisson,277,272,5,,not_applicable
30-minute mixed-workload stability run,1,1,1303,standard-long-context,0,poisson,277,275,2,,not_applicable
30-minute mixed-workload stability run,1,1,1304,standard-long-context,0,poisson,277,277,0,,not_applicable
30-minute mixed-workload stability run,1,1,1305,standard-long-context,0,poisson,279,277,2,,not_applicable
30-minute mixed-workload stability run,1,1,1306,standard-long-context,0,poisson,279,277,2,,not_applicable
30-minute mixed-workload stability run,1,1,1307,standard-long-context,0,poisson,280,277,3,,not_applicable
30-minute mixed-workload stability run,1,1,1308,standard-long-context,0,poisson,281,277,4,,not_applicable
30-minute mixed-workload stability run,1,1,1309,standard-long-context,0,poisson,281,277,4,,not_applicable
30-minute mixed-workload stability run,1,1,1310,standard-long-context,0,poisson,281,277,4,,not_applicable
30-minute mixed-workload stability run,1,1,1311,standard-long-context,0,poisson,283,277,6,,not_applicable
30-minute mixed-workload stability run,1,1,1312,standard-long-context,0,poisson,285,277,8,,not_applicable
30-minute mixed-workload stability run,1,1,1313,standard-long-context,0,poisson,286,279,7,,not_applicable
30-minute mixed-workload stability run,1,1,1314,standard-long-context,0,poisson,287,281,6,,not_applicable
30-minute mixed-workload stability run,1,1,1315,standard-long-context,0,poisson,288,281,7,,not_applicable
30-minute mixed-workload stability run,1,1,1316,standard-long-context,0,poisson,288,281,7,,not_applicable
30-minute mixed-workload stability run,1,1,1317,standard-long-context,0,poisson,288,281,7,,not_applicable
30-minute mixed-workload stability run,1,1,1318,standard-long-context,0,poisson,288,281,7,,not_applicable
30-minute mixed-workload stability run,1,1,1319,standard-long-context,0,poisson,288,281,7,,not_applicable
30-minute mixed-workload stability run,1,1,1320,standard-long-context,0,poisson,288,281,7,,not_applicable
30-minute mixed-workload stability run,1,1,1321,standard-long-context,0,poisson,288,281,7,,not_applicable
30-minute mixed-workload stability run,1,1,1322,standard-long-context,0,poisson,288,281,7,,not_applicable
30-minute mixed-workload stability run,1,1,1323,standard-long-context,0,poisson,288,281,7,,not_applicable
30-minute mixed-workload stability run,1,1,1324,standard-long-context,0,poisson,289,281,8,,not_applicable
30-minute mixed-workload stability run,1,1,1325,standard-long-context,0,poisson,289,283,6,,not_applicable
30-minute mixed-workload stability run,1,1,1326,standard-long-context,0,poisson,289,284,5,,not_applicable
30-minute mixed-workload stability run,1,1,1327,standard-long-context,0,poisson,290,288,2,,not_applicable
30-minute mixed-workload stability run,1,1,1328,standard-long-context,0,poisson,290,289,1,,not_applicable
30-minute mixed-workload stability run,1,1,1329,standard-long-context,0,poisson,290,289,1,,not_applicable
30-minute mixed-workload stability run,1,1,1330,standard-long-context,0,poisson,290,290,0,,not_applicable
30-minute mixed-workload stability run,1,1,1331,standard-long-context,0,poisson,290,290,0,,not_applicable
30-minute mixed-workload stability run,1,1,1332,standard-long-context,0,poisson,290,290,0,,not_applicable
30-minute mixed-workload stability run,1,1,1333,standard-long-context,0,poisson,290,290,0,,not_applicable
30-minute mixed-workload stability run,1,1,1334,standard-long-context,0,poisson,290,290,0,,not_applicable
30-minute mixed-workload stability run,1,1,1335,standard-long-context,0,poisson,290,290,0,,not_applicable
30-minute mixed-workload stability run,1,1,1336,standard-long-context,0,poisson,290,290,0,,not_applicable
30-minute mixed-workload stability run,1,1,1337,standard-long-context,0,poisson,290,290,0,,not_applicable
30-minute mixed-workload stability run,1,1,1338,standard-long-context,0,poisson,291,290,1,,not_applicable
30-minute mixed-workload stability run,1,1,1339,standard-long-context,0,poisson,291,291,0,,not_applicable
30-minute mixed-workload stability run,1,1,1340,standard-long-context,0,poisson,291,291,0,,not_applicable
30-minute mixed-workload stability run,1,1,1341,standard-long-context,0,poisson,291,291,0,,not_applicable
30-minute mixed-workload stability run,1,1,1342,standard-long-context,0,poisson,291,291,0,,not_applicable
30-minute mixed-workload stability run,1,1,1343,standard-long-context,0,poisson,291,291,0,,not_applicable
30-minute mixed-workload stability run,1,1,1344,standard-long-context,0,poisson,291,291,0,,not_applicable
30-minute mixed-workload stability run,1,1,1345,standard-long-context,0,poisson,291,291,0,,not_applicable
30-minute mixed-workload stability run,1,1,1346,standard-long-context,0,poisson,291,291,0,,not_applicable
30-minute mixed-workload stability run,1,1,1347,standard-long-context,0,poisson,291,291,0,,not_applicable
30-minute mixed-workload stability run,1,1,1348,standard-long-context,0,poisson,291,291,0,,not_applicable
30-minute mixed-workload stability run,1,1,1349,standard-long-context,0,poisson,291,291,0,,not_applicable
30-minute mixed-workload stability run,1,1,1350,standard-long-context,0,poisson,291,291,0,,not_applicable
30-minute mixed-workload stability run,1,1,1351,standard-long-context,0,poisson,291,291,0,,not_applicable
30-minute mixed-workload stability run,1,1,1352,standard-long-context,0,poisson,291,291,0,,not_applicable
30-minute mixed-workload stability run,1,1,1353,standard-long-context,0,poisson,291,291,0,,not_applicable
30-minute mixed-workload stability run,1,1,1354,standard-long-context,0,poisson,291,291,0,,not_applicable
30-minute mixed-workload stability run,1,1,1355,standard-long-context,0,poisson,291,291,0,,not_applicable
30-minute mixed-workload stability run,1,1,1356,standard-long-context,0,poisson,291,291,0,,not_applicable
30-minute mixed-workload stability run,1,1,1357,standard-long-context,0,poisson,291,291,0,,not_applicable
30-minute mixed-workload stability run,1,1,1358,standard-long-context,0,poisson,291,291,0,,not_applicable
30-minute mixed-workload stability run,1,1,1359,standard-long-context,0,poisson,291,291,0,,not_applicable
30-minute mixed-workload stability run,1,1,1360,standard-long-context,0,poisson,291,291,0,,not_applicable
30-minute mixed-workload stability run,1,1,1361,standard-long-context,0,poisson,291,291,0,,not_applicable
30-minute mixed-workload stability run,1,1,1362,standard-long-context,0,poisson,291,291,0,,not_applicable
30-minute mixed-workload stability run,1,1,1363,standard-long-context,0,poisson,291,291,0,,not_applicable
30-minute mixed-workload stability run,1,1,1364,standard-long-context,0,poisson,291,291,0,,not_applicable
30-minute mixed-workload stability run,1,1,1365,standard-long-context,0,poisson,291,291,0,,not_applicable
30-minute mixed-workload stability run,1,1,1366,standard-long-context,0,poisson,291,291,0,,not_applicable
30-minute mixed-workload stability run,1,1,1367,standard-long-context,0,poisson,291,291,0,,not_applicable
30-minute mixed-workload stability run,1,1,1368,standard-long-context,0,poisson,291,291,0,,not_applicable
30-minute mixed-workload stability run,1,1,1369,standard-long-context,0,poisson,291,291,0,,not_applicable
30-minute mixed-workload stability run,1,1,1370,standard-long-context,0,poisson,291,291,0,,not_applicable
30-minute mixed-workload stability run,1,1,1371,standard-long-context,0,poisson,291,291,0,,not_applicable
30-minute mixed-workload stability run,1,1,1372,standard-long-context,0,poisson,291,291,0,,not_applicable
30-minute mixed-workload stability run,1,1,1373,standard-long-context,0,poisson,291,291,0,,not_applicable
30-minute mixed-workload stability run,1,1,1374,standard-long-context,0,poisson,291,291,0,,not_applicable
30-minute mixed-workload stability run,1,1,1375,standard-long-context,0,poisson,291,291,0,,not_applicable
30-minute mixed-workload stability run,1,1,1376,standard-long-context,0,poisson,291,291,0,,not_applicable
30-minute mixed-workload stability run,1,1,1377,standard-long-context,0,poisson,291,291,0,,not_applicable
30-minute mixed-workload stability run,1,1,1378,standard-long-context,0,poisson,291,291,0,,not_applicable
30-minute mixed-workload stability run,1,1,1379,standard-long-context,0,poisson,292,291,1,,not_applicable
30-minute mixed-workload stability run,1,1,1380,standard-long-context,0,poisson,292,292,0,,not_applicable
30-minute mixed-workload stability run,1,1,1381,standard-long-context,0,poisson,292,292,0,,not_applicable
30-minute mixed-workload stability run,1,1,1382,standard-long-context,0,poisson,292,292,0,,not_applicable
30-minute mixed-workload stability run,1,1,1383,standard-long-context,0,poisson,292,292,0,,not_applicable
30-minute mixed-workload stability run,1,1,1384,standard-long-context,0,poisson,293,292,1,,not_applicable
30-minute mixed-workload stability run,1,1,1385,standard-long-context,0,poisson,293,293,0,,not_applicable
30-minute mixed-workload stability run,1,1,1386,standard-long-context,0,poisson,293,293,0,,not_applicable
30-minute mixed-workload stability run,1,1,1387,standard-long-context,0,poisson,293,293,0,,not_applicable
30-minute mixed-workload stability run,1,1,1388,standard-long-context,0,poisson,293,293,0,,not_applicable
30-minute mixed-workload stability run,1,1,1389,standard-long-context,0,poisson,293,293,0,,not_applicable
30-minute mixed-workload stability run,1,1,1390,standard-long-context,0,poisson,293,293,0,,not_applicable
30-minute mixed-workload stability run,1,1,1391,standard-long-context,0,poisson,293,293,0,,not_applicable
30-minute mixed-workload stability run,1,1,1392,standard-long-context,0,poisson,293,293,0,,not_applicable
30-minute mixed-workload stability run,1,1,1393,standard-long-context,0,poisson,293,293,0,,not_applicable
30-minute mixed-workload stability run,1,1,1394,standard-long-context,0,poisson,293,293,0,,not_applicable
30-minute mixed-workload stability run,1,1,1395,standard-long-context,0,poisson,293,293,0,,not_applicable
30-minute mixed-workload stability run,1,1,1396,standard-long-context,0,poisson,293,293,0,,not_applicable
30-minute mixed-workload stability run,1,1,1397,standard-long-context,0,poisson,293,293,0,,not_applicable
30-minute mixed-workload stability run,1,1,1398,standard-long-context,0,poisson,293,293,0,,not_applicable
30-minute mixed-workload stability run,1,1,1399,standard-long-context,0,poisson,293,293,0,,not_applicable
30-minute mixed-workload stability run,1,1,1400,standard-long-context,0,poisson,293,293,0,,not_applicable
30-minute mixed-workload stability run,1,1,1401,standard-long-context,0,poisson,293,293,0,,not_applicable
30-minute mixed-workload stability run,1,1,1402,standard-long-context,0,poisson,293,293,0,,not_applicable
30-minute mixed-workload stability run,1,1,1403,standard-long-context,0,poisson,293,293,0,,not_applicable
30-minute mixed-workload stability run,1,1,1404,standard-long-context,0,poisson,293,293,0,,not_applicable
30-minute mixed-workload stability run,1,1,1405,standard-long-context,0,poisson,293,293,0,,not_applicable
30-minute mixed-workload stability run,1,1,1406,standard-long-context,0,poisson,293,293,0,,not_applicable
30-minute mixed-workload stability run,1,1,1407,standard-long-context,0,poisson,293,293,0,,not_applicable
30-minute mixed-workload stability run,1,1,1408,standard-long-context,0,poisson,293,293,0,,not_applicable
30-minute mixed-workload stability run,1,1,1409,standard-long-context,0,poisson,293,293,0,,not_applicable
30-minute mixed-workload stability run,1,1,1410,standard-long-context,0,poisson,293,293,0,,not_applicable
30-minute mixed-workload stability run,1,1,1411,standard-long-context,0,poisson,293,293,0,,not_applicable
30-minute mixed-workload stability run,1,1,1412,standard-long-context,0,poisson,293,293,0,,not_applicable
30-minute mixed-workload stability run,1,1,1413,standard-long-context,0,poisson,293,293,0,,not_applicable
30-minute mixed-workload stability run,1,1,1414,standard-long-context,0,poisson,293,293,0,,not_applicable
30-minute mixed-workload stability run,1,1,1415,standard-long-context,0,poisson,293,293,0,,not_applicable
30-minute mixed-workload stability run,1,1,1416,standard-long-context,0,poisson,293,293,0,,not_applicable
30-minute mixed-workload stability run,1,1,1417,standard-long-context,0,poisson,293,293,0,,not_applicable
30-minute mixed-workload stability run,1,1,1418,standard-long-context,0,poisson,293,293,0,,not_applicable
30-minute mixed-workload stability run,1,1,1419,standard-long-context,0,poisson,293,293,0,,not_applicable
30-minute mixed-workload stability run,1,1,1420,standard-long-context,0,poisson,293,293,0,,not_applicable
30-minute mixed-workload stability run,1,1,1421,standard-long-context,0,poisson,294,293,1,,not_applicable
30-minute mixed-workload stability run,1,1,1422,standard-long-context,0,poisson,294,293,1,,not_applicable
30-minute mixed-workload stability run,1,1,1423,standard-long-context,0,poisson,294,294,0,,not_applicable
30-minute mixed-workload stability run,1,1,1424,standard-long-context,0,poisson,296,294,2,,not_applicable
30-minute mixed-workload stability run,1,1,1425,standard-long-context,0,poisson,296,294,2,,not_applicable
30-minute mixed-workload stability run,1,1,1426,standard-long-context,0,poisson,296,296,0,,not_applicable
30-minute mixed-workload stability run,1,1,1427,standard-long-context,0,poisson,296,296,0,,not_applicable
30-minute mixed-workload stability run,1,1,1428,standard-long-context,0,poisson,296,296,0,,not_applicable
30-minute mixed-workload stability run,1,1,1429,standard-long-context,0,poisson,296,296,0,,not_applicable
30-minute mixed-workload stability run,1,1,1430,standard-long-context,0,poisson,296,296,0,,not_applicable
30-minute mixed-workload stability run,1,1,1431,standard-long-context,0,poisson,296,296,0,,not_applicable
30-minute mixed-workload stability run,1,1,1432,standard-long-context,0,poisson,297,296,1,,not_applicable
30-minute mixed-workload stability run,1,1,1433,standard-long-context,0,poisson,297,297,0,,not_applicable
30-minute mixed-workload stability run,1,1,1434,standard-long-context,0,poisson,297,297,0,,not_applicable
30-minute mixed-workload stability run,1,1,1435,standard-long-context,0,poisson,297,297,0,,not_applicable
30-minute mixed-workload stability run,1,1,1436,standard-long-context,0,poisson,297,297,0,,not_applicable
30-minute mixed-workload stability run,1,1,1437,standard-long-context,0,poisson,297,297,0,,not_applicable
30-minute mixed-workload stability run,1,1,1438,standard-long-context,0,poisson,297,297,0,,not_applicable
30-minute mixed-workload stability run,1,1,1439,standard-long-context,0,poisson,297,297,0,,not_applicable
30-minute mixed-workload stability run,1,1,1440,standard-long-context,0,poisson,297,297,0,,not_applicable
30-minute mixed-workload stability run,1,1,1441,standard-long-context,0,poisson,297,297,0,,not_applicable
30-minute mixed-workload stability run,1,1,1442,standard-long-context,0,poisson,297,297,0,,not_applicable
30-minute mixed-workload stability run,1,1,1443,standard-long-context,0,poisson,297,297,0,,not_applicable
30-minute mixed-workload stability run,1,1,1444,standard-long-context,0,poisson,297,297,0,,not_applicable
30-minute mixed-workload stability run,1,1,1445,standard-long-context,0,poisson,297,297,0,,not_applicable
30-minute mixed-workload stability run,1,1,1446,standard-long-context,0,poisson,297,297,0,,not_applicable
30-minute mixed-workload stability run,1,1,1447,standard-long-context,0,poisson,297,297,0,,not_applicable
30-minute mixed-workload stability run,1,1,1448,standard-long-context,0,poisson,297,297,0,,not_applicable
30-minute mixed-workload stability run,1,1,1449,standard-long-context,0,poisson,297,297,0,,not_applicable
30-minute mixed-workload stability run,1,1,1450,standard-long-context,0,poisson,298,297,1,,not_applicable
30-minute mixed-workload stability run,1,1,1451,standard-long-context,0,poisson,298,298,0,,not_applicable
30-minute mixed-workload stability run,1,1,1452,standard-long-context,0,poisson,298,298,0,,not_applicable
30-minute mixed-workload stability run,1,1,1453,standard-long-context,0,poisson,298,298,0,,not_applicable
30-minute mixed-workload stability run,1,1,1454,standard-long-context,0,poisson,298,298,0,,not_applicable
30-minute mixed-workload stability run,1,1,1455,standard-long-context,0,poisson,298,298,0,,not_applicable
30-minute mixed-workload stability run,1,1,1456,standard-long-context,0,poisson,298,298,0,,not_applicable
30-minute mixed-workload stability run,1,1,1457,standard-long-context,0,poisson,298,298,0,,not_applicable
30-minute mixed-workload stability run,1,1,1458,standard-long-context,0,poisson,298,298,0,,not_applicable
30-minute mixed-workload stability run,1,1,1459,standard-long-context,0,poisson,298,298,0,,not_applicable
30-minute mixed-workload stability run,1,1,1460,standard-long-context,0,poisson,298,298,0,,not_applicable
30-minute mixed-workload stability run,1,1,1461,standard-long-context,0,poisson,298,298,0,,not_applicable
30-minute mixed-workload stability run,1,1,1462,standard-long-context,0,poisson,298,298,0,,not_applicable
30-minute mixed-workload stability run,1,1,1463,standard-long-context,0,poisson,298,298,0,,not_applicable
30-minute mixed-workload stability run,1,1,1464,standard-long-context,0,poisson,298,298,0,,not_applicable
30-minute mixed-workload stability run,1,1,1465,standard-long-context,0,poisson,300,298,2,,not_applicable
30-minute mixed-workload stability run,1,1,1466,standard-long-context,0,poisson,300,299,1,,not_applicable
30-minute mixed-workload stability run,1,1,1467,standard-long-context,0,poisson,300,300,0,,not_applicable
30-minute mixed-workload stability run,1,1,1468,standard-long-context,0,poisson,300,300,0,,not_applicable
30-minute mixed-workload stability run,1,1,1469,standard-long-context,0,poisson,300,300,0,,not_applicable
30-minute mixed-workload stability run,1,1,1470,standard-long-context,0,poisson,300,300,0,,not_applicable
30-minute mixed-workload stability run,1,1,1471,standard-long-context,0,poisson,300,300,0,,not_applicable
30-minute mixed-workload stability run,1,1,1472,standard-long-context,0,poisson,300,300,0,,not_applicable
30-minute mixed-workload stability run,1,1,1473,standard-long-context,0,poisson,301,300,1,,not_applicable
30-minute mixed-workload stability run,1,1,1474,standard-long-context,0,poisson,301,300,1,,not_applicable
30-minute mixed-workload stability run,1,1,1475,standard-long-context,0,poisson,301,301,0,,not_applicable
30-minute mixed-workload stability run,1,1,1476,standard-long-context,0,poisson,301,301,0,,not_applicable
30-minute mixed-workload stability run,1,1,1477,standard-long-context,0,poisson,301,301,0,,not_applicable
30-minute mixed-workload stability run,1,1,1478,standard-long-context,0,poisson,301,301,0,,not_applicable
30-minute mixed-workload stability run,1,1,1479,standard-long-context,0,poisson,301,301,0,,not_applicable
30-minute mixed-workload stability run,1,1,1480,standard-long-context,0,poisson,301,301,0,,not_applicable
30-minute mixed-workload stability run,1,1,1481,standard-long-context,0,poisson,301,301,0,,not_applicable
30-minute mixed-workload stability run,1,1,1482,standard-long-context,0,poisson,301,301,0,,not_applicable
30-minute mixed-workload stability run,1,1,1483,standard-long-context,0,poisson,301,301,0,,not_applicable
30-minute mixed-workload stability run,1,1,1484,standard-long-context,0,poisson,301,301,0,,not_applicable
30-minute mixed-workload stability run,1,1,1485,standard-long-context,0,poisson,301,301,0,,not_applicable
30-minute mixed-workload stability run,1,1,1486,standard-long-context,0,poisson,301,301,0,,not_applicable
30-minute mixed-workload stability run,1,1,1487,standard-long-context,0,poisson,301,301,0,,not_applicable
30-minute mixed-workload stability run,1,1,1488,standard-long-context,0,poisson,301,301,0,,not_applicable
30-minute mixed-workload stability run,1,1,1489,standard-long-context,0,poisson,301,301,0,,not_applicable
30-minute mixed-workload stability run,1,1,1490,standard-long-context,0,poisson,301,301,0,,not_applicable
30-minute mixed-workload stability run,1,1,1491,standard-long-context,0,poisson,301,301,0,,not_applicable
30-minute mixed-workload stability run,1,1,1492,standard-long-context,0,poisson,301,301,0,,not_applicable
30-minute mixed-workload stability run,1,1,1493,standard-long-context,0,poisson,301,301,0,,not_applicable
30-minute mixed-workload stability run,1,1,1494,standard-long-context,0,poisson,301,301,0,,not_applicable
30-minute mixed-workload stability run,1,1,1495,standard-long-context,0,poisson,301,301,0,,not_applicable
30-minute mixed-workload stability run,1,1,1496,standard-long-context,0,poisson,301,301,0,,not_applicable
30-minute mixed-workload stability run,1,1,1497,standard-long-context,0,poisson,301,301,0,,not_applicable
30-minute mixed-workload stability run,1,1,1498,standard-long-context,0,poisson,301,301,0,,not_applicable
30-minute mixed-workload stability run,1,1,1499,standard-long-context,0,poisson,301,301,0,,not_applicable
30-minute mixed-workload stability run,1,1,1500,standard-long-context,0,poisson,301,301,0,,not_applicable
30-minute mixed-workload stability run,1,1,1501,standard-long-context,0,poisson,302,301,1,,not_applicable
30-minute mixed-workload stability run,1,1,1502,standard-long-context,0,poisson,302,302,0,,not_applicable
30-minute mixed-workload stability run,1,1,1503,standard-long-context,0,poisson,302,302,0,,not_applicable
30-minute mixed-workload stability run,1,1,1504,standard-long-context,0,poisson,302,302,0,,not_applicable
30-minute mixed-workload stability run,1,1,1505,standard-long-context,0,poisson,302,302,0,,not_applicable
30-minute mixed-workload stability run,1,1,1506,standard-long-context,0,poisson,302,302,0,,not_applicable
30-minute mixed-workload stability run,1,1,1507,standard-long-context,0,poisson,302,302,0,,not_applicable
30-minute mixed-workload stability run,1,1,1508,standard-long-context,0,poisson,302,302,0,,not_applicable
30-minute mixed-workload stability run,1,1,1509,standard-long-context,0,poisson,302,302,0,,not_applicable
30-minute mixed-workload stability run,1,1,1510,standard-long-context,0,poisson,302,302,0,,not_applicable
30-minute mixed-workload stability run,1,1,1511,standard-long-context,0,poisson,302,302,0,,not_applicable
30-minute mixed-workload stability run,1,1,1512,standard-long-context,0,poisson,302,302,0,,not_applicable
30-minute mixed-workload stability run,1,1,1513,standard-long-context,0,poisson,302,302,0,,not_applicable
30-minute mixed-workload stability run,1,1,1514,standard-long-context,0,poisson,302,302,0,,not_applicable
30-minute mixed-workload stability run,1,1,1515,standard-long-context,0,poisson,302,302,0,,not_applicable
30-minute mixed-workload stability run,1,1,1516,standard-long-context,0,poisson,302,302,0,,not_applicable
30-minute mixed-workload stability run,1,1,1517,standard-long-context,0,poisson,302,302,0,,not_applicable
30-minute mixed-workload stability run,1,1,1518,standard-long-context,0,poisson,302,302,0,,not_applicable
30-minute mixed-workload stability run,1,1,1519,standard-long-context,0,poisson,302,302,0,,not_applicable
30-minute mixed-workload stability run,1,1,1520,standard-long-context,0,poisson,302,302,0,,not_applicable
30-minute mixed-workload stability run,1,1,1521,standard-long-context,0,poisson,302,302,0,,not_applicable
30-minute mixed-workload stability run,1,1,1522,standard-long-context,0,poisson,302,302,0,,not_applicable
30-minute mixed-workload stability run,1,1,1523,standard-long-context,0,poisson,302,302,0,,not_applicable
30-minute mixed-workload stability run,1,1,1524,standard-long-context,0,poisson,302,302,0,,not_applicable
30-minute mixed-workload stability run,1,1,1525,standard-long-context,0,poisson,302,302,0,,not_applicable
30-minute mixed-workload stability run,1,1,1526,standard-long-context,0,poisson,302,302,0,,not_applicable
30-minute mixed-workload stability run,1,1,1527,standard-long-context,0,poisson,302,302,0,,not_applicable
30-minute mixed-workload stability run,1,1,1528,standard-long-context,0,poisson,302,302,0,,not_applicable
30-minute mixed-workload stability run,1,1,1529,standard-long-context,0,poisson,302,302,0,,not_applicable
30-minute mixed-workload stability run,1,1,1530,standard-long-context,0,poisson,302,302,0,,not_applicable
30-minute mixed-workload stability run,1,1,1531,standard-long-context,0,poisson,302,302,0,,not_applicable
30-minute mixed-workload stability run,1,1,1532,standard-long-context,0,poisson,302,302,0,,not_applicable
30-minute mixed-workload stability run,1,1,1533,standard-long-context,0,poisson,302,302,0,,not_applicable
30-minute mixed-workload stability run,1,1,1534,standard-long-context,0,poisson,302,302,0,,not_applicable
30-minute mixed-workload stability run,1,1,1535,standard-long-context,0,poisson,302,302,0,,not_applicable
30-minute mixed-workload stability run,1,1,1536,standard-long-context,0,poisson,302,302,0,,not_applicable
30-minute mixed-workload stability run,1,1,1537,standard-long-context,0,poisson,302,302,0,,not_applicable
30-minute mixed-workload stability run,1,1,1538,standard-long-context,0,poisson,302,302,0,,not_applicable
30-minute mixed-workload stability run,1,1,1539,standard-long-context,0,poisson,302,302,0,,not_applicable
30-minute mixed-workload stability run,1,1,1540,standard-long-context,0,poisson,302,302,0,,not_applicable
30-minute mixed-workload stability run,1,1,1541,standard-long-context,0,poisson,303,302,1,,not_applicable
30-minute mixed-workload stability run,1,1,1542,standard-long-context,0,poisson,303,303,0,,not_applicable
30-minute mixed-workload stability run,1,1,1543,standard-long-context,0,poisson,303,303,0,,not_applicable
30-minute mixed-workload stability run,1,1,1544,standard-long-context,0,poisson,303,303,0,,not_applicable
30-minute mixed-workload stability run,1,1,1545,standard-long-context,0,poisson,303,303,0,,not_applicable
30-minute mixed-workload stability run,1,1,1546,standard-long-context,0,poisson,303,303,0,,not_applicable
30-minute mixed-workload stability run,1,1,1547,standard-long-context,0,poisson,303,303,0,,not_applicable
30-minute mixed-workload stability run,1,1,1548,standard-long-context,0,poisson,303,303,0,,not_applicable
30-minute mixed-workload stability run,1,1,1549,standard-long-context,0,poisson,303,303,0,,not_applicable
30-minute mixed-workload stability run,1,1,1550,standard-long-context,0,poisson,303,303,0,,not_applicable
30-minute mixed-workload stability run,1,1,1551,standard-long-context,0,poisson,303,303,0,,not_applicable
30-minute mixed-workload stability run,1,1,1552,standard-long-context,0,poisson,303,303,0,,not_applicable
30-minute mixed-workload stability run,1,1,1553,standard-long-context,0,poisson,303,303,0,,not_applicable
30-minute mixed-workload stability run,1,1,1554,standard-long-context,0,poisson,303,303,0,,not_applicable
30-minute mixed-workload stability run,1,1,1555,standard-long-context,0,poisson,304,303,1,,not_applicable
30-minute mixed-workload stability run,1,1,1556,standard-long-context,0,poisson,304,304,0,,not_applicable
30-minute mixed-workload stability run,1,1,1557,standard-long-context,0,poisson,304,304,0,,not_applicable
30-minute mixed-workload stability run,1,1,1558,standard-long-context,0,poisson,304,304,0,,not_applicable
30-minute mixed-workload stability run,1,1,1559,standard-long-context,0,poisson,304,304,0,,not_applicable
30-minute mixed-workload stability run,1,1,1560,standard-long-context,0,poisson,304,304,0,,not_applicable
30-minute mixed-workload stability run,1,1,1561,standard-long-context,0,poisson,304,304,0,,not_applicable
30-minute mixed-workload stability run,1,1,1562,standard-long-context,0,poisson,304,304,0,,not_applicable
30-minute mixed-workload stability run,1,1,1563,standard-long-context,0,poisson,304,304,0,,not_applicable
30-minute mixed-workload stability run,1,1,1564,standard-long-context,0,poisson,304,304,0,,not_applicable
30-minute mixed-workload stability run,1,1,1565,standard-long-context,0,poisson,304,304,0,,not_applicable
30-minute mixed-workload stability run,1,1,1566,standard-long-context,0,poisson,304,304,0,,not_applicable
30-minute mixed-workload stability run,1,1,1567,standard-long-context,0,poisson,304,304,0,,not_applicable
30-minute mixed-workload stability run,1,1,1568,standard-long-context,0,poisson,304,304,0,,not_applicable
30-minute mixed-workload stability run,1,1,1569,standard-long-context,0,poisson,304,304,0,,not_applicable
30-minute mixed-workload stability run,1,1,1570,standard-long-context,0,poisson,304,304,0,,not_applicable
30-minute mixed-workload stability run,1,1,1571,standard-long-context,0,poisson,305,304,1,,not_applicable
30-minute mixed-workload stability run,1,1,1572,standard-long-context,0,poisson,305,305,0,,not_applicable
30-minute mixed-workload stability run,1,1,1573,standard-long-context,0,poisson,305,305,0,,not_applicable
30-minute mixed-workload stability run,1,1,1574,standard-long-context,0,poisson,305,305,0,,not_applicable
30-minute mixed-workload stability run,1,1,1575,standard-long-context,0,poisson,305,305,0,,not_applicable
30-minute mixed-workload stability run,1,1,1576,standard-long-context,0,poisson,305,305,0,,not_applicable
30-minute mixed-workload stability run,1,1,1577,standard-long-context,0,poisson,305,305,0,,not_applicable
30-minute mixed-workload stability run,1,1,1578,standard-long-context,0,poisson,305,305,0,,not_applicable
30-minute mixed-workload stability run,1,1,1579,standard-long-context,0,poisson,305,305,0,,not_applicable
30-minute mixed-workload stability run,1,1,1580,standard-long-context,0,poisson,305,305,0,,not_applicable
30-minute mixed-workload stability run,1,1,1581,standard-long-context,0,poisson,305,305,0,,not_applicable
30-minute mixed-workload stability run,1,1,1582,standard-long-context,0,poisson,305,305,0,,not_applicable
30-minute mixed-workload stability run,1,1,1583,standard-long-context,0,poisson,305,305,0,,not_applicable
30-minute mixed-workload stability run,1,1,1584,standard-long-context,0,poisson,305,305,0,,not_applicable
30-minute mixed-workload stability run,1,1,1585,standard-long-context,0,poisson,305,305,0,,not_applicable
30-minute mixed-workload stability run,1,1,1586,standard-long-context,0,poisson,305,305,0,,not_applicable
30-minute mixed-workload stability run,1,1,1587,standard-long-context,0,poisson,306,305,1,,not_applicable
30-minute mixed-workload stability run,1,1,1588,standard-long-context,0,poisson,306,305,1,,not_applicable
30-minute mixed-workload stability run,1,1,1589,standard-long-context,0,poisson,306,306,0,,not_applicable
30-minute mixed-workload stability run,1,1,1590,standard-long-context,0,poisson,306,306,0,,not_applicable
30-minute mixed-workload stability run,1,1,1591,standard-long-context,0,poisson,306,306,0,,not_applicable
30-minute mixed-workload stability run,1,1,1592,standard-long-context,0,poisson,306,306,0,,not_applicable
30-minute mixed-workload stability run,1,1,1593,standard-long-context,0,poisson,306,306,0,,not_applicable
30-minute mixed-workload stability run,1,1,1594,standard-long-context,0,poisson,306,306,0,,not_applicable
30-minute mixed-workload stability run,1,1,1595,standard-long-context,0,poisson,306,306,0,,not_applicable
30-minute mixed-workload stability run,1,1,1596,standard-long-context,0,poisson,306,306,0,,not_applicable
30-minute mixed-workload stability run,1,1,1597,standard-long-context,0,poisson,306,306,0,,not_applicable
30-minute mixed-workload stability run,1,1,1598,standard-long-context,0,poisson,306,306,0,,not_applicable
30-minute mixed-workload stability run,1,1,1599,standard-long-context,0,poisson,306,306,0,,not_applicable
30-minute mixed-workload stability run,1,1,1600,standard-long-context,0,poisson,306,306,0,,not_applicable
30-minute mixed-workload stability run,1,1,1601,standard-long-context,0,poisson,306,306,0,,not_applicable
30-minute mixed-workload stability run,1,1,1602,standard-long-context,0,poisson,306,306,0,,not_applicable
30-minute mixed-workload stability run,1,1,1603,standard-long-context,0,poisson,306,306,0,,not_applicable
30-minute mixed-workload stability run,1,1,1604,standard-long-context,0,poisson,306,306,0,,not_applicable
30-minute mixed-workload stability run,1,1,1605,standard-long-context,0,poisson,306,306,0,,not_applicable
30-minute mixed-workload stability run,1,1,1606,standard-long-context,0,poisson,306,306,0,,not_applicable
30-minute mixed-workload stability run,1,1,1607,standard-long-context,0,poisson,306,306,0,,not_applicable
30-minute mixed-workload stability run,1,1,1608,standard-long-context,0,poisson,306,306,0,,not_applicable
30-minute mixed-workload stability run,1,1,1609,standard-long-context,0,poisson,307,306,1,,not_applicable
30-minute mixed-workload stability run,1,1,1610,standard-long-context,0,poisson,307,306,1,,not_applicable
30-minute mixed-workload stability run,1,1,1611,standard-long-context,0,poisson,307,307,0,,not_applicable
30-minute mixed-workload stability run,1,1,1612,standard-long-context,0,poisson,307,307,0,,not_applicable
30-minute mixed-workload stability run,1,1,1613,standard-long-context,0,poisson,307,307,0,,not_applicable
30-minute mixed-workload stability run,1,1,1614,standard-long-context,0,poisson,307,307,0,,not_applicable
30-minute mixed-workload stability run,1,1,1615,standard-long-context,0,poisson,307,307,0,,not_applicable
30-minute mixed-workload stability run,1,1,1616,standard-long-context,0,poisson,307,307,0,,not_applicable
30-minute mixed-workload stability run,1,1,1617,standard-long-context,0,poisson,307,307,0,,not_applicable
30-minute mixed-workload stability run,1,1,1618,standard-long-context,0,poisson,307,307,0,,not_applicable
30-minute mixed-workload stability run,1,1,1619,standard-long-context,0,poisson,307,307,0,,not_applicable
30-minute mixed-workload stability run,1,1,1620,standard-long-context,0,poisson,307,307,0,,not_applicable
30-minute mixed-workload stability run,1,1,1621,standard-long-context,0,poisson,307,307,0,,not_applicable
30-minute mixed-workload stability run,1,1,1622,standard-long-context,0,poisson,307,307,0,,not_applicable
30-minute mixed-workload stability run,1,1,1623,standard-long-context,0,poisson,307,307,0,,not_applicable
30-minute mixed-workload stability run,1,1,1624,standard-long-context,0,poisson,308,307,1,,not_applicable
30-minute mixed-workload stability run,1,1,1625,standard-long-context,0,poisson,308,307,1,,not_applicable
30-minute mixed-workload stability run,1,1,1626,standard-long-context,0,poisson,308,308,0,,not_applicable
30-minute mixed-workload stability run,1,1,1627,standard-long-context,0,poisson,308,308,0,,not_applicable
30-minute mixed-workload stability run,1,1,1628,standard-long-context,0,poisson,308,308,0,,not_applicable
30-minute mixed-workload stability run,1,1,1629,standard-long-context,0,poisson,308,308,0,,not_applicable
30-minute mixed-workload stability run,1,1,1630,standard-long-context,0,poisson,308,308,0,,not_applicable
30-minute mixed-workload stability run,1,1,1631,standard-long-context,0,poisson,308,308,0,,not_applicable
30-minute mixed-workload stability run,1,1,1632,standard-long-context,0,poisson,308,308,0,,not_applicable
30-minute mixed-workload stability run,1,1,1633,standard-long-context,0,poisson,308,308,0,,not_applicable
30-minute mixed-workload stability run,1,1,1634,standard-long-context,0,poisson,308,308,0,,not_applicable
30-minute mixed-workload stability run,1,1,1635,standard-long-context,0,poisson,309,308,1,,not_applicable
30-minute mixed-workload stability run,1,1,1636,standard-long-context,0,poisson,309,308,1,,not_applicable
30-minute mixed-workload stability run,1,1,1637,standard-long-context,0,poisson,309,308,1,,not_applicable
30-minute mixed-workload stability run,1,1,1638,standard-long-context,0,poisson,309,309,0,,not_applicable
30-minute mixed-workload stability run,1,1,1639,standard-long-context,0,poisson,309,309,0,,not_applicable
30-minute mixed-workload stability run,1,1,1640,standard-long-context,0,poisson,309,309,0,,not_applicable
30-minute mixed-workload stability run,1,1,1641,standard-long-context,0,poisson,309,309,0,,not_applicable
30-minute mixed-workload stability run,1,1,1642,standard-long-context,0,poisson,309,309,0,,not_applicable
30-minute mixed-workload stability run,1,1,1643,standard-long-context,0,poisson,309,309,0,,not_applicable
30-minute mixed-workload stability run,1,1,1644,standard-long-context,0,poisson,309,309,0,,not_applicable
30-minute mixed-workload stability run,1,1,1645,standard-long-context,0,poisson,309,309,0,,not_applicable
30-minute mixed-workload stability run,1,1,1646,standard-long-context,0,poisson,309,309,0,,not_applicable
30-minute mixed-workload stability run,1,1,1647,standard-long-context,0,poisson,309,309,0,,not_applicable
30-minute mixed-workload stability run,1,1,1648,standard-long-context,0,poisson,309,309,0,,not_applicable
30-minute mixed-workload stability run,1,1,1649,standard-long-context,0,poisson,309,309,0,,not_applicable
30-minute mixed-workload stability run,1,1,1650,standard-long-context,0,poisson,309,309,0,,not_applicable
30-minute mixed-workload stability run,1,1,1651,standard-long-context,0,poisson,309,309,0,,not_applicable
30-minute mixed-workload stability run,1,1,1652,standard-long-context,0,poisson,309,309,0,,not_applicable
30-minute mixed-workload stability run,1,1,1653,standard-long-context,0,poisson,309,309,0,,not_applicable
30-minute mixed-workload stability run,1,1,1654,standard-long-context,0,poisson,310,309,1,,not_applicable
30-minute mixed-workload stability run,1,1,1655,standard-long-context,0,poisson,310,309,1,,not_applicable
30-minute mixed-workload stability run,1,1,1656,standard-long-context,0,poisson,310,310,0,,not_applicable
30-minute mixed-workload stability run,1,1,1657,standard-long-context,0,poisson,310,310,0,,not_applicable
30-minute mixed-workload stability run,1,1,1658,standard-long-context,0,poisson,310,310,0,,not_applicable
30-minute mixed-workload stability run,1,1,1659,standard-long-context,0,poisson,310,310,0,,not_applicable
30-minute mixed-workload stability run,1,1,1660,standard-long-context,0,poisson,310,310,0,,not_applicable
30-minute mixed-workload stability run,1,1,1661,standard-long-context,0,poisson,310,310,0,,not_applicable
30-minute mixed-workload stability run,1,1,1662,standard-long-context,0,poisson,310,310,0,,not_applicable
30-minute mixed-workload stability run,1,1,1663,standard-long-context,0,poisson,310,310,0,,not_applicable
30-minute mixed-workload stability run,1,1,1664,standard-long-context,0,poisson,310,310,0,,not_applicable
30-minute mixed-workload stability run,1,1,1665,standard-long-context,0,poisson,310,310,0,,not_applicable
30-minute mixed-workload stability run,1,1,1666,standard-long-context,0,poisson,311,310,1,,not_applicable
30-minute mixed-workload stability run,1,1,1667,standard-long-context,0,poisson,311,310,1,,not_applicable
30-minute mixed-workload stability run,1,1,1668,standard-long-context,0,poisson,311,311,0,,not_applicable
30-minute mixed-workload stability run,1,1,1669,standard-long-context,0,poisson,311,311,0,,not_applicable
30-minute mixed-workload stability run,1,1,1670,standard-long-context,0,poisson,312,311,1,,not_applicable
30-minute mixed-workload stability run,1,1,1671,standard-long-context,0,poisson,312,312,0,,not_applicable
30-minute mixed-workload stability run,1,1,1672,standard-long-context,0,poisson,313,312,1,,not_applicable
30-minute mixed-workload stability run,1,1,1673,standard-long-context,0,poisson,313,313,0,,not_applicable
30-minute mixed-workload stability run,1,1,1674,standard-long-context,0,poisson,313,313,0,,not_applicable
30-minute mixed-workload stability run,1,1,1675,standard-long-context,0,poisson,313,313,0,,not_applicable
30-minute mixed-workload stability run,1,1,1676,standard-long-context,0,poisson,313,313,0,,not_applicable
30-minute mixed-workload stability run,1,1,1677,standard-long-context,0,poisson,313,313,0,,not_applicable
30-minute mixed-workload stability run,1,1,1678,standard-long-context,0,poisson,313,313,0,,not_applicable
30-minute mixed-workload stability run,1,1,1679,standard-long-context,0,poisson,313,313,0,,not_applicable
30-minute mixed-workload stability run,1,1,1680,standard-long-context,0,poisson,313,313,0,,not_applicable
30-minute mixed-workload stability run,1,1,1681,standard-long-context,0,poisson,313,313,0,,not_applicable
30-minute mixed-workload stability run,1,1,1682,standard-long-context,0,poisson,313,313,0,,not_applicable
30-minute mixed-workload stability run,1,1,1683,standard-long-context,0,poisson,313,313,0,,not_applicable
30-minute mixed-workload stability run,1,1,1684,standard-long-context,0,poisson,313,313,0,,not_applicable
30-minute mixed-workload stability run,1,1,1685,standard-long-context,0,poisson,313,313,0,,not_applicable
30-minute mixed-workload stability run,1,1,1686,standard-long-context,0,poisson,313,313,0,,not_applicable
30-minute mixed-workload stability run,1,1,1687,standard-long-context,0,poisson,313,313,0,,not_applicable
30-minute mixed-workload stability run,1,1,1688,standard-long-context,0,poisson,313,313,0,,not_applicable
30-minute mixed-workload stability run,1,1,1689,standard-long-context,0,poisson,313,313,0,,not_applicable
30-minute mixed-workload stability run,1,1,1690,standard-long-context,0,poisson,313,313,0,,not_applicable
30-minute mixed-workload stability run,1,1,1691,standard-long-context,0,poisson,313,313,0,,not_applicable
30-minute mixed-workload stability run,1,1,1692,standard-long-context,0,poisson,313,313,0,,not_applicable
30-minute mixed-workload stability run,1,1,1693,standard-long-context,0,poisson,313,313,0,,not_applicable
30-minute mixed-workload stability run,1,1,1694,standard-long-context,0,poisson,313,313,0,,not_applicable
30-minute mixed-workload stability run,1,1,1695,standard-long-context,0,poisson,313,313,0,,not_applicable
30-minute mixed-workload stability run,1,1,1696,standard-long-context,0,poisson,313,313,0,,not_applicable
30-minute mixed-workload stability run,1,1,1697,standard-long-context,0,poisson,313,313,0,,not_applicable
30-minute mixed-workload stability run,1,1,1698,standard-long-context,0,poisson,313,313,0,,not_applicable
30-minute mixed-workload stability run,1,1,1699,standard-long-context,0,poisson,313,313,0,,not_applicable
30-minute mixed-workload stability run,1,1,1700,standard-long-context,0,poisson,313,313,0,,not_applicable
30-minute mixed-workload stability run,1,1,1701,standard-long-context,0,poisson,313,313,0,,not_applicable
30-minute mixed-workload stability run,1,1,1702,standard-long-context,0,poisson,313,313,0,,not_applicable
30-minute mixed-workload stability run,1,1,1703,standard-long-context,0,poisson,313,313,0,,not_applicable
30-minute mixed-workload stability run,1,1,1704,standard-long-context,0,poisson,313,313,0,,not_applicable
30-minute mixed-workload stability run,1,1,1705,standard-long-context,0,poisson,313,313,0,,not_applicable
30-minute mixed-workload stability run,1,1,1706,standard-long-context,0,poisson,313,313,0,,not_applicable
30-minute mixed-workload stability run,1,1,1707,standard-long-context,0,poisson,313,313,0,,not_applicable
30-minute mixed-workload stability run,1,1,1708,standard-long-context,0,poisson,314,313,1,,not_applicable
30-minute mixed-workload stability run,1,1,1709,standard-long-context,0,poisson,314,314,0,,not_applicable
30-minute mixed-workload stability run,1,1,1710,standard-long-context,0,poisson,314,314,0,,not_applicable
30-minute mixed-workload stability run,1,1,1711,standard-long-context,0,poisson,314,314,0,,not_applicable
30-minute mixed-workload stability run,1,1,1712,standard-long-context,0,poisson,314,314,0,,not_applicable
30-minute mixed-workload stability run,1,1,1713,standard-long-context,0,poisson,314,314,0,,not_applicable
30-minute mixed-workload stability run,1,1,1714,standard-long-context,0,poisson,314,314,0,,not_applicable
30-minute mixed-workload stability run,1,1,1715,standard-long-context,0,poisson,314,314,0,,not_applicable
30-minute mixed-workload stability run,1,1,1716,standard-long-context,0,poisson,314,314,0,,not_applicable
30-minute mixed-workload stability run,1,1,1717,standard-long-context,0,poisson,314,314,0,,not_applicable
30-minute mixed-workload stability run,1,1,1718,standard-long-context,0,poisson,314,314,0,,not_applicable
30-minute mixed-workload stability run,1,1,1719,standard-long-context,0,poisson,314,314,0,,not_applicable
30-minute mixed-workload stability run,1,1,1720,standard-long-context,0,poisson,314,314,0,,not_applicable
30-minute mixed-workload stability run,1,1,1721,standard-long-context,0,poisson,314,314,0,,not_applicable
30-minute mixed-workload stability run,1,1,1722,standard-long-context,0,poisson,314,314,0,,not_applicable
30-minute mixed-workload stability run,1,1,1723,standard-long-context,0,poisson,314,314,0,,not_applicable
30-minute mixed-workload stability run,1,1,1724,standard-long-context,0,poisson,314,314,0,,not_applicable
30-minute mixed-workload stability run,1,1,1725,standard-long-context,0,poisson,314,314,0,,not_applicable
30-minute mixed-workload stability run,1,1,1726,standard-long-context,0,poisson,314,314,0,,not_applicable
30-minute mixed-workload stability run,1,1,1727,standard-long-context,0,poisson,314,314,0,,not_applicable
30-minute mixed-workload stability run,1,1,1728,standard-long-context,0,poisson,314,314,0,,not_applicable
30-minute mixed-workload stability run,1,1,1729,standard-long-context,0,poisson,315,314,1,,not_applicable
30-minute mixed-workload stability run,1,1,1730,standard-long-context,0,poisson,315,315,0,,not_applicable
30-minute mixed-workload stability run,1,1,1731,standard-long-context,0,poisson,315,315,0,,not_applicable
30-minute mixed-workload stability run,1,1,1732,standard-long-context,0,poisson,315,315,0,,not_applicable
30-minute mixed-workload stability run,1,1,1733,standard-long-context,0,poisson,315,315,0,,not_applicable
30-minute mixed-workload stability run,1,1,1734,standard-long-context,0,poisson,315,315,0,,not_applicable
30-minute mixed-workload stability run,1,1,1735,standard-long-context,0,poisson,315,315,0,,not_applicable
30-minute mixed-workload stability run,1,1,1736,standard-long-context,0,poisson,315,315,0,,not_applicable
30-minute mixed-workload stability run,1,1,1737,standard-long-context,0,poisson,315,315,0,,not_applicable
30-minute mixed-workload stability run,1,1,1738,standard-long-context,0,poisson,315,315,0,,not_applicable
30-minute mixed-workload stability run,1,1,1739,standard-long-context,0,poisson,315,315,0,,not_applicable
30-minute mixed-workload stability run,1,1,1740,standard-long-context,0,poisson,315,315,0,,not_applicable
30-minute mixed-workload stability run,1,1,1741,standard-long-context,0,poisson,315,315,0,,not_applicable
30-minute mixed-workload stability run,1,1,1742,standard-long-context,0,poisson,315,315,0,,not_applicable
30-minute mixed-workload stability run,1,1,1743,standard-long-context,0,poisson,315,315,0,,not_applicable
30-minute mixed-workload stability run,1,1,1744,standard-long-context,0,poisson,316,315,1,,not_applicable
30-minute mixed-workload stability run,1,1,1745,standard-long-context,0,poisson,316,315,1,,not_applicable
30-minute mixed-workload stability run,1,1,1746,standard-long-context,0,poisson,316,316,0,,not_applicable
30-minute mixed-workload stability run,1,1,1747,standard-long-context,0,poisson,316,316,0,,not_applicable
30-minute mixed-workload stability run,1,1,1748,standard-long-context,0,poisson,316,316,0,,not_applicable
30-minute mixed-workload stability run,1,1,1749,standard-long-context,0,poisson,316,316,0,,not_applicable
30-minute mixed-workload stability run,1,1,1750,standard-long-context,0,poisson,316,316,0,,not_applicable
30-minute mixed-workload stability run,1,1,1751,standard-long-context,0,poisson,316,316,0,,not_applicable
30-minute mixed-workload stability run,1,1,1752,standard-long-context,0,poisson,316,316,0,,not_applicable
30-minute mixed-workload stability run,1,1,1753,standard-long-context,0,poisson,317,316,1,,not_applicable
30-minute mixed-workload stability run,1,1,1754,standard-long-context,0,poisson,317,316,1,,not_applicable
30-minute mixed-workload stability run,1,1,1755,standard-long-context,0,poisson,317,317,0,,not_applicable
30-minute mixed-workload stability run,1,1,1756,standard-long-context,0,poisson,317,317,0,,not_applicable
30-minute mixed-workload stability run,1,1,1757,standard-long-context,0,poisson,317,317,0,,not_applicable
30-minute mixed-workload stability run,1,1,1758,standard-long-context,0,poisson,317,317,0,,not_applicable
30-minute mixed-workload stability run,1,1,1759,standard-long-context,0,poisson,317,317,0,,not_applicable
30-minute mixed-workload stability run,1,1,1760,standard-long-context,0,poisson,317,317,0,,not_applicable
30-minute mixed-workload stability run,1,1,1761,standard-long-context,0,poisson,317,317,0,,not_applicable
30-minute mixed-workload stability run,1,1,1762,standard-long-context,0,poisson,317,317,0,,not_applicable
30-minute mixed-workload stability run,1,1,1763,standard-long-context,0,poisson,318,317,1,,not_applicable
30-minute mixed-workload stability run,1,1,1764,standard-long-context,0,poisson,318,318,0,,not_applicable
30-minute mixed-workload stability run,1,1,1765,standard-long-context,0,poisson,318,318,0,,not_applicable
30-minute mixed-workload stability run,1,1,1766,standard-long-context,0,poisson,318,318,0,,not_applicable
30-minute mixed-workload stability run,1,1,1767,standard-long-context,0,poisson,318,318,0,,not_applicable
30-minute mixed-workload stability run,1,1,1768,standard-long-context,0,poisson,318,318,0,,not_applicable
30-minute mixed-workload stability run,1,1,1769,standard-long-context,0,poisson,318,318,0,,not_applicable
30-minute mixed-workload stability run,1,1,1770,standard-long-context,0,poisson,318,318,0,,not_applicable
30-minute mixed-workload stability run,1,1,1771,standard-long-context,0,poisson,318,318,0,,not_applicable
30-minute mixed-workload stability run,1,1,1772,standard-long-context,0,poisson,318,318,0,,not_applicable
30-minute mixed-workload stability run,1,1,1773,standard-long-context,0,poisson,318,318,0,,not_applicable
30-minute mixed-workload stability run,1,1,1774,standard-long-context,0,poisson,318,318,0,,not_applicable
30-minute mixed-workload stability run,1,1,1775,standard-long-context,0,poisson,318,318,0,,not_applicable
30-minute mixed-workload stability run,1,1,1776,standard-long-context,0,poisson,318,318,0,,not_applicable
30-minute mixed-workload stability run,1,1,1777,standard-long-context,0,poisson,318,318,0,,not_applicable
30-minute mixed-workload stability run,1,1,1778,standard-long-context,0,poisson,318,318,0,,not_applicable
30-minute mixed-workload stability run,1,1,1779,standard-long-context,0,poisson,318,318,0,,not_applicable
30-minute mixed-workload stability run,1,1,1780,standard-long-context,0,poisson,318,318,0,,not_applicable
30-minute mixed-workload stability run,1,1,1781,standard-long-context,0,poisson,318,318,0,,not_applicable
30-minute mixed-workload stability run,1,1,1782,standard-long-context,0,poisson,318,318,0,,not_applicable
30-minute mixed-workload stability run,1,1,1783,standard-long-context,0,poisson,319,318,1,,not_applicable
30-minute mixed-workload stability run,1,1,1784,standard-long-context,0,poisson,319,318,1,,not_applicable
30-minute mixed-workload stability run,1,1,1785,standard-long-context,0,poisson,319,319,0,,not_applicable
30-minute mixed-workload stability run,1,1,1786,standard-long-context,0,poisson,319,319,0,,not_applicable
30-minute mixed-workload stability run,1,1,1787,standard-long-context,0,poisson,319,319,0,,not_applicable
30-minute mixed-workload stability run,1,1,1788,standard-long-context,0,poisson,319,319,0,,not_applicable
30-minute mixed-workload stability run,1,1,1789,standard-long-context,0,poisson,319,319,0,,not_applicable
30-minute mixed-workload stability run,1,1,1790,standard-long-context,0,poisson,319,319,0,,not_applicable
30-minute mixed-workload stability run,1,1,1791,standard-long-context,0,poisson,319,319,0,,not_applicable
30-minute mixed-workload stability run,1,1,1792,standard-long-context,0,poisson,319,319,0,,not_applicable
30-minute mixed-workload stability run,1,1,1793,standard-long-context,0,poisson,319,319,0,,not_applicable
30-minute mixed-workload stability run,1,1,1794,standard-long-context,0,poisson,319,319,0,,not_applicable
30-minute mixed-workload stability run,1,1,1795,standard-long-context,0,poisson,319,319,0,,not_applicable
30-minute mixed-workload stability run,1,1,1796,standard-long-context,0,poisson,319,319,0,,not_applicable
30-minute mixed-workload stability run,1,1,1797,standard-long-context,0,poisson,319,319,0,,not_applicable
30-minute mixed-workload stability run,1,1,1798,standard-long-context,0,poisson,319,319,0,,not_applicable
30-minute mixed-workload stability run,1,1,1799,standard-long-context,0,poisson,319,319,0,,not_applicable
30-minute mixed-workload stability run,1,1,1800,standard-long-context,0,poisson,319,319,0,,not_applicable
30-minute mixed-workload stability run,1,1,0,batch-long-context,-10,poisson,0,0,0,,not_applicable
30-minute mixed-workload stability run,1,1,1,batch-long-context,-10,poisson,0,0,0,,not_applicable
30-minute mixed-workload stability run,1,1,2,batch-long-context,-10,poisson,0,0,0,,not_applicable
30-minute mixed-workload stability run,1,1,3,batch-long-context,-10,poisson,0,0,0,,not_applicable
30-minute mixed-workload stability run,1,1,4,batch-long-context,-10,poisson,0,0,0,,not_applicable
30-minute mixed-workload stability run,1,1,5,batch-long-context,-10,poisson,0,0,0,,not_applicable
30-minute mixed-workload stability run,1,1,6,batch-long-context,-10,poisson,0,0,0,,not_applicable
30-minute mixed-workload stability run,1,1,7,batch-long-context,-10,poisson,0,0,0,,not_applicable
30-minute mixed-workload stability run,1,1,8,batch-long-context,-10,poisson,0,0,0,,not_applicable
30-minute mixed-workload stability run,1,1,9,batch-long-context,-10,poisson,0,0,0,,not_applicable
30-minute mixed-workload stability run,1,1,10,batch-long-context,-10,poisson,0,0,0,,not_applicable
30-minute mixed-workload stability run,1,1,11,batch-long-context,-10,poisson,0,0,0,,not_applicable
30-minute mixed-workload stability run,1,1,12,batch-long-context,-10,poisson,0,0,0,,not_applicable
30-minute mixed-workload stability run,1,1,13,batch-long-context,-10,poisson,0,0,0,,not_applicable
30-minute mixed-workload stability run,1,1,14,batch-long-context,-10,poisson,0,0,0,,not_applicable
30-minute mixed-workload stability run,1,1,15,batch-long-context,-10,poisson,1,0,1,,not_applicable
30-minute mixed-workload stability run,1,1,16,batch-long-context,-10,poisson,1,1,0,,not_applicable
30-minute mixed-workload stability run,1,1,17,batch-long-context,-10,poisson,2,1,1,,not_applicable
30-minute mixed-workload stability run,1,1,18,batch-long-context,-10,poisson,2,1,1,,not_applicable
30-minute mixed-workload stability run,1,1,19,batch-long-context,-10,poisson,2,2,0,,not_applicable
30-minute mixed-workload stability run,1,1,20,batch-long-context,-10,poisson,2,2,0,,not_applicable
30-minute mixed-workload stability run,1,1,21,batch-long-context,-10,poisson,3,2,1,,not_applicable
30-minute mixed-workload stability run,1,1,22,batch-long-context,-10,poisson,4,2,2,,not_applicable
30-minute mixed-workload stability run,1,1,23,batch-long-context,-10,poisson,4,4,0,,not_applicable
30-minute mixed-workload stability run,1,1,24,batch-long-context,-10,poisson,4,4,0,,not_applicable
30-minute mixed-workload stability run,1,1,25,batch-long-context,-10,poisson,5,4,1,,not_applicable
30-minute mixed-workload stability run,1,1,26,batch-long-context,-10,poisson,5,5,0,,not_applicable
30-minute mixed-workload stability run,1,1,27,batch-long-context,-10,poisson,5,5,0,,not_applicable
30-minute mixed-workload stability run,1,1,28,batch-long-context,-10,poisson,5,5,0,,not_applicable
30-minute mixed-workload stability run,1,1,29,batch-long-context,-10,poisson,5,5,0,,not_applicable
30-minute mixed-workload stability run,1,1,30,batch-long-context,-10,poisson,5,5,0,,not_applicable
30-minute mixed-workload stability run,1,1,31,batch-long-context,-10,poisson,5,5,0,,not_applicable
30-minute mixed-workload stability run,1,1,32,batch-long-context,-10,poisson,5,5,0,,not_applicable
30-minute mixed-workload stability run,1,1,33,batch-long-context,-10,poisson,6,5,1,,not_applicable
30-minute mixed-workload stability run,1,1,34,batch-long-context,-10,poisson,6,6,0,,not_applicable
30-minute mixed-workload stability run,1,1,35,batch-long-context,-10,poisson,6,6,0,,not_applicable
30-minute mixed-workload stability run,1,1,36,batch-long-context,-10,poisson,7,6,1,,not_applicable
30-minute mixed-workload stability run,1,1,37,batch-long-context,-10,poisson,7,6,1,,not_applicable
30-minute mixed-workload stability run,1,1,38,batch-long-context,-10,poisson,7,7,0,,not_applicable
30-minute mixed-workload stability run,1,1,39,batch-long-context,-10,poisson,7,7,0,,not_applicable
30-minute mixed-workload stability run,1,1,40,batch-long-context,-10,poisson,7,7,0,,not_applicable
30-minute mixed-workload stability run,1,1,41,batch-long-context,-10,poisson,9,7,2,,not_applicable
30-minute mixed-workload stability run,1,1,42,batch-long-context,-10,poisson,9,7,2,,not_applicable
30-minute mixed-workload stability run,1,1,43,batch-long-context,-10,poisson,9,9,0,,not_applicable
30-minute mixed-workload stability run,1,1,44,batch-long-context,-10,poisson,10,9,1,,not_applicable
30-minute mixed-workload stability run,1,1,45,batch-long-context,-10,poisson,10,9,1,,not_applicable
30-minute mixed-workload stability run,1,1,46,batch-long-context,-10,poisson,10,10,0,,not_applicable
30-minute mixed-workload stability run,1,1,47,batch-long-context,-10,poisson,10,10,0,,not_applicable
30-minute mixed-workload stability run,1,1,48,batch-long-context,-10,poisson,10,10,0,,not_applicable
30-minute mixed-workload stability run,1,1,49,batch-long-context,-10,poisson,10,10,0,,not_applicable
30-minute mixed-workload stability run,1,1,50,batch-long-context,-10,poisson,10,10,0,,not_applicable
30-minute mixed-workload stability run,1,1,51,batch-long-context,-10,poisson,10,10,0,,not_applicable
30-minute mixed-workload stability run,1,1,52,batch-long-context,-10,poisson,10,10,0,,not_applicable
30-minute mixed-workload stability run,1,1,53,batch-long-context,-10,poisson,10,10,0,,not_applicable
30-minute mixed-workload stability run,1,1,54,batch-long-context,-10,poisson,10,10,0,,not_applicable
30-minute mixed-workload stability run,1,1,55,batch-long-context,-10,poisson,10,10,0,,not_applicable
30-minute mixed-workload stability run,1,1,56,batch-long-context,-10,poisson,10,10,0,,not_applicable
30-minute mixed-workload stability run,1,1,57,batch-long-context,-10,poisson,10,10,0,,not_applicable
30-minute mixed-workload stability run,1,1,58,batch-long-context,-10,poisson,11,10,1,,not_applicable
30-minute mixed-workload stability run,1,1,59,batch-long-context,-10,poisson,11,10,1,,not_applicable
30-minute mixed-workload stability run,1,1,60,batch-long-context,-10,poisson,11,11,0,,not_applicable
30-minute mixed-workload stability run,1,1,61,batch-long-context,-10,poisson,12,11,1,,not_applicable
30-minute mixed-workload stability run,1,1,62,batch-long-context,-10,poisson,12,11,1,,not_applicable
30-minute mixed-workload stability run,1,1,63,batch-long-context,-10,poisson,13,12,1,,not_applicable
30-minute mixed-workload stability run,1,1,64,batch-long-context,-10,poisson,13,13,0,,not_applicable
30-minute mixed-workload stability run,1,1,65,batch-long-context,-10,poisson,14,13,1,,not_applicable
30-minute mixed-workload stability run,1,1,66,batch-long-context,-10,poisson,15,13,2,,not_applicable
30-minute mixed-workload stability run,1,1,67,batch-long-context,-10,poisson,16,15,1,,not_applicable
30-minute mixed-workload stability run,1,1,68,batch-long-context,-10,poisson,16,16,0,,not_applicable
30-minute mixed-workload stability run,1,1,69,batch-long-context,-10,poisson,16,16,0,,not_applicable
30-minute mixed-workload stability run,1,1,70,batch-long-context,-10,poisson,17,16,1,,not_applicable
30-minute mixed-workload stability run,1,1,71,batch-long-context,-10,poisson,18,16,2,,not_applicable
30-minute mixed-workload stability run,1,1,72,batch-long-context,-10,poisson,19,17,2,,not_applicable
30-minute mixed-workload stability run,1,1,73,batch-long-context,-10,poisson,20,19,1,,not_applicable
30-minute mixed-workload stability run,1,1,74,batch-long-context,-10,poisson,20,20,0,,not_applicable
30-minute mixed-workload stability run,1,1,75,batch-long-context,-10,poisson,20,20,0,,not_applicable
30-minute mixed-workload stability run,1,1,76,batch-long-context,-10,poisson,20,20,0,,not_applicable
30-minute mixed-workload stability run,1,1,77,batch-long-context,-10,poisson,20,20,0,,not_applicable
30-minute mixed-workload stability run,1,1,78,batch-long-context,-10,poisson,21,20,1,,not_applicable
30-minute mixed-workload stability run,1,1,79,batch-long-context,-10,poisson,21,20,1,,not_applicable
30-minute mixed-workload stability run,1,1,80,batch-long-context,-10,poisson,23,21,2,,not_applicable
30-minute mixed-workload stability run,1,1,81,batch-long-context,-10,poisson,23,21,2,,not_applicable
30-minute mixed-workload stability run,1,1,82,batch-long-context,-10,poisson,23,23,0,,not_applicable
30-minute mixed-workload stability run,1,1,83,batch-long-context,-10,poisson,23,23,0,,not_applicable
30-minute mixed-workload stability run,1,1,84,batch-long-context,-10,poisson,24,23,1,,not_applicable
30-minute mixed-workload stability run,1,1,85,batch-long-context,-10,poisson,24,23,1,,not_applicable
30-minute mixed-workload stability run,1,1,86,batch-long-context,-10,poisson,24,24,0,,not_applicable
30-minute mixed-workload stability run,1,1,87,batch-long-context,-10,poisson,25,24,1,,not_applicable
30-minute mixed-workload stability run,1,1,88,batch-long-context,-10,poisson,27,24,3,,not_applicable
30-minute mixed-workload stability run,1,1,89,batch-long-context,-10,poisson,27,24,3,,not_applicable
30-minute mixed-workload stability run,1,1,90,batch-long-context,-10,poisson,27,27,0,,not_applicable
30-minute mixed-workload stability run,1,1,91,batch-long-context,-10,poisson,27,27,0,,not_applicable
30-minute mixed-workload stability run,1,1,92,batch-long-context,-10,poisson,27,27,0,,not_applicable
30-minute mixed-workload stability run,1,1,93,batch-long-context,-10,poisson,27,27,0,,not_applicable
30-minute mixed-workload stability run,1,1,94,batch-long-context,-10,poisson,27,27,0,,not_applicable
30-minute mixed-workload stability run,1,1,95,batch-long-context,-10,poisson,28,27,1,,not_applicable
30-minute mixed-workload stability run,1,1,96,batch-long-context,-10,poisson,28,28,0,,not_applicable
30-minute mixed-workload stability run,1,1,97,batch-long-context,-10,poisson,28,28,0,,not_applicable
30-minute mixed-workload stability run,1,1,98,batch-long-context,-10,poisson,28,28,0,,not_applicable
30-minute mixed-workload stability run,1,1,99,batch-long-context,-10,poisson,28,28,0,,not_applicable
30-minute mixed-workload stability run,1,1,100,batch-long-context,-10,poisson,29,28,1,,not_applicable
30-minute mixed-workload stability run,1,1,101,batch-long-context,-10,poisson,29,29,0,,not_applicable
30-minute mixed-workload stability run,1,1,102,batch-long-context,-10,poisson,29,29,0,,not_applicable
30-minute mixed-workload stability run,1,1,103,batch-long-context,-10,poisson,29,29,0,,not_applicable
30-minute mixed-workload stability run,1,1,104,batch-long-context,-10,poisson,29,29,0,,not_applicable
30-minute mixed-workload stability run,1,1,105,batch-long-context,-10,poisson,29,29,0,,not_applicable
30-minute mixed-workload stability run,1,1,106,batch-long-context,-10,poisson,29,29,0,,not_applicable
30-minute mixed-workload stability run,1,1,107,batch-long-context,-10,poisson,29,29,0,,not_applicable
30-minute mixed-workload stability run,1,1,108,batch-long-context,-10,poisson,29,29,0,,not_applicable
30-minute mixed-workload stability run,1,1,109,batch-long-context,-10,poisson,30,29,1,,not_applicable
30-minute mixed-workload stability run,1,1,110,batch-long-context,-10,poisson,31,30,1,,not_applicable
30-minute mixed-workload stability run,1,1,111,batch-long-context,-10,poisson,31,31,0,,not_applicable
30-minute mixed-workload stability run,1,1,112,batch-long-context,-10,poisson,31,31,0,,not_applicable
30-minute mixed-workload stability run,1,1,113,batch-long-context,-10,poisson,32,31,1,,not_applicable
30-minute mixed-workload stability run,1,1,114,batch-long-context,-10,poisson,32,32,0,,not_applicable
30-minute mixed-workload stability run,1,1,115,batch-long-context,-10,poisson,32,32,0,,not_applicable
30-minute mixed-workload stability run,1,1,116,batch-long-context,-10,poisson,32,32,0,,not_applicable
30-minute mixed-workload stability run,1,1,117,batch-long-context,-10,poisson,32,32,0,,not_applicable
30-minute mixed-workload stability run,1,1,118,batch-long-context,-10,poisson,32,32,0,,not_applicable
30-minute mixed-workload stability run,1,1,119,batch-long-context,-10,poisson,32,32,0,,not_applicable
30-minute mixed-workload stability run,1,1,120,batch-long-context,-10,poisson,32,32,0,,not_applicable
30-minute mixed-workload stability run,1,1,121,batch-long-context,-10,poisson,32,32,0,,not_applicable
30-minute mixed-workload stability run,1,1,122,batch-long-context,-10,poisson,32,32,0,,not_applicable
30-minute mixed-workload stability run,1,1,123,batch-long-context,-10,poisson,32,32,0,,not_applicable
30-minute mixed-workload stability run,1,1,124,batch-long-context,-10,poisson,32,32,0,,not_applicable
30-minute mixed-workload stability run,1,1,125,batch-long-context,-10,poisson,33,32,1,,not_applicable
30-minute mixed-workload stability run,1,1,126,batch-long-context,-10,poisson,33,32,1,,not_applicable
30-minute mixed-workload stability run,1,1,127,batch-long-context,-10,poisson,33,33,0,,not_applicable
30-minute mixed-workload stability run,1,1,128,batch-long-context,-10,poisson,33,33,0,,not_applicable
30-minute mixed-workload stability run,1,1,129,batch-long-context,-10,poisson,33,33,0,,not_applicable
30-minute mixed-workload stability run,1,1,130,batch-long-context,-10,poisson,33,33,0,,not_applicable
30-minute mixed-workload stability run,1,1,131,batch-long-context,-10,poisson,33,33,0,,not_applicable
30-minute mixed-workload stability run,1,1,132,batch-long-context,-10,poisson,33,33,0,,not_applicable
30-minute mixed-workload stability run,1,1,133,batch-long-context,-10,poisson,34,33,1,,not_applicable
30-minute mixed-workload stability run,1,1,134,batch-long-context,-10,poisson,34,34,0,,not_applicable
30-minute mixed-workload stability run,1,1,135,batch-long-context,-10,poisson,34,34,0,,not_applicable
30-minute mixed-workload stability run,1,1,136,batch-long-context,-10,poisson,34,34,0,,not_applicable
30-minute mixed-workload stability run,1,1,137,batch-long-context,-10,poisson,36,34,2,,not_applicable
30-minute mixed-workload stability run,1,1,138,batch-long-context,-10,poisson,36,36,0,,not_applicable
30-minute mixed-workload stability run,1,1,139,batch-long-context,-10,poisson,37,36,1,,not_applicable
30-minute mixed-workload stability run,1,1,140,batch-long-context,-10,poisson,38,37,1,,not_applicable
30-minute mixed-workload stability run,1,1,141,batch-long-context,-10,poisson,39,37,2,,not_applicable
30-minute mixed-workload stability run,1,1,142,batch-long-context,-10,poisson,39,38,1,,not_applicable
30-minute mixed-workload stability run,1,1,143,batch-long-context,-10,poisson,39,39,0,,not_applicable
30-minute mixed-workload stability run,1,1,144,batch-long-context,-10,poisson,39,39,0,,not_applicable
30-minute mixed-workload stability run,1,1,145,batch-long-context,-10,poisson,40,39,1,,not_applicable
30-minute mixed-workload stability run,1,1,146,batch-long-context,-10,poisson,40,40,0,,not_applicable
30-minute mixed-workload stability run,1,1,147,batch-long-context,-10,poisson,40,40,0,,not_applicable
30-minute mixed-workload stability run,1,1,148,batch-long-context,-10,poisson,41,40,1,,not_applicable
30-minute mixed-workload stability run,1,1,149,batch-long-context,-10,poisson,41,41,0,,not_applicable
30-minute mixed-workload stability run,1,1,150,batch-long-context,-10,poisson,41,41,0,,not_applicable
30-minute mixed-workload stability run,1,1,151,batch-long-context,-10,poisson,41,41,0,,not_applicable
30-minute mixed-workload stability run,1,1,152,batch-long-context,-10,poisson,41,41,0,,not_applicable
30-minute mixed-workload stability run,1,1,153,batch-long-context,-10,poisson,42,41,1,,not_applicable
30-minute mixed-workload stability run,1,1,154,batch-long-context,-10,poisson,42,42,0,,not_applicable
30-minute mixed-workload stability run,1,1,155,batch-long-context,-10,poisson,42,42,0,,not_applicable
30-minute mixed-workload stability run,1,1,156,batch-long-context,-10,poisson,42,42,0,,not_applicable
30-minute mixed-workload stability run,1,1,157,batch-long-context,-10,poisson,42,42,0,,not_applicable
30-minute mixed-workload stability run,1,1,158,batch-long-context,-10,poisson,42,42,0,,not_applicable
30-minute mixed-workload stability run,1,1,159,batch-long-context,-10,poisson,43,42,1,,not_applicable
30-minute mixed-workload stability run,1,1,160,batch-long-context,-10,poisson,43,43,0,,not_applicable
30-minute mixed-workload stability run,1,1,161,batch-long-context,-10,poisson,43,43,0,,not_applicable
30-minute mixed-workload stability run,1,1,162,batch-long-context,-10,poisson,45,43,2,,not_applicable
30-minute mixed-workload stability run,1,1,163,batch-long-context,-10,poisson,45,43,2,,not_applicable
30-minute mixed-workload stability run,1,1,164,batch-long-context,-10,poisson,45,45,0,,not_applicable
30-minute mixed-workload stability run,1,1,165,batch-long-context,-10,poisson,46,45,1,,not_applicable
30-minute mixed-workload stability run,1,1,166,batch-long-context,-10,poisson,47,45,2,,not_applicable
30-minute mixed-workload stability run,1,1,167,batch-long-context,-10,poisson,48,46,2,,not_applicable
30-minute mixed-workload stability run,1,1,168,batch-long-context,-10,poisson,49,48,1,,not_applicable
30-minute mixed-workload stability run,1,1,169,batch-long-context,-10,poisson,49,48,1,,not_applicable
30-minute mixed-workload stability run,1,1,170,batch-long-context,-10,poisson,50,49,1,,not_applicable
30-minute mixed-workload stability run,1,1,171,batch-long-context,-10,poisson,52,50,2,,not_applicable
30-minute mixed-workload stability run,1,1,172,batch-long-context,-10,poisson,53,50,3,,not_applicable
30-minute mixed-workload stability run,1,1,173,batch-long-context,-10,poisson,53,52,1,,not_applicable
30-minute mixed-workload stability run,1,1,174,batch-long-context,-10,poisson,53,53,0,,not_applicable
30-minute mixed-workload stability run,1,1,175,batch-long-context,-10,poisson,54,53,1,,not_applicable
30-minute mixed-workload stability run,1,1,176,batch-long-context,-10,poisson,54,54,0,,not_applicable
30-minute mixed-workload stability run,1,1,177,batch-long-context,-10,poisson,55,54,1,,not_applicable
30-minute mixed-workload stability run,1,1,178,batch-long-context,-10,poisson,56,55,1,,not_applicable
30-minute mixed-workload stability run,1,1,179,batch-long-context,-10,poisson,57,55,2,,not_applicable
30-minute mixed-workload stability run,1,1,180,batch-long-context,-10,poisson,57,57,0,,not_applicable
30-minute mixed-workload stability run,1,1,181,batch-long-context,-10,poisson,57,57,0,,not_applicable
30-minute mixed-workload stability run,1,1,182,batch-long-context,-10,poisson,60,57,3,,not_applicable
30-minute mixed-workload stability run,1,1,183,batch-long-context,-10,poisson,60,57,3,,not_applicable
30-minute mixed-workload stability run,1,1,184,batch-long-context,-10,poisson,60,60,0,,not_applicable
30-minute mixed-workload stability run,1,1,185,batch-long-context,-10,poisson,60,60,0,,not_applicable
30-minute mixed-workload stability run,1,1,186,batch-long-context,-10,poisson,60,60,0,,not_applicable
30-minute mixed-workload stability run,1,1,187,batch-long-context,-10,poisson,60,60,0,,not_applicable
30-minute mixed-workload stability run,1,1,188,batch-long-context,-10,poisson,60,60,0,,not_applicable
30-minute mixed-workload stability run,1,1,189,batch-long-context,-10,poisson,60,60,0,,not_applicable
30-minute mixed-workload stability run,1,1,190,batch-long-context,-10,poisson,60,60,0,,not_applicable
30-minute mixed-workload stability run,1,1,191,batch-long-context,-10,poisson,60,60,0,,not_applicable
30-minute mixed-workload stability run,1,1,192,batch-long-context,-10,poisson,61,60,1,,not_applicable
30-minute mixed-workload stability run,1,1,193,batch-long-context,-10,poisson,63,61,2,,not_applicable
30-minute mixed-workload stability run,1,1,194,batch-long-context,-10,poisson,63,62,1,,not_applicable
30-minute mixed-workload stability run,1,1,195,batch-long-context,-10,poisson,63,63,0,,not_applicable
30-minute mixed-workload stability run,1,1,196,batch-long-context,-10,poisson,63,63,0,,not_applicable
30-minute mixed-workload stability run,1,1,197,batch-long-context,-10,poisson,63,63,0,,not_applicable
30-minute mixed-workload stability run,1,1,198,batch-long-context,-10,poisson,64,63,1,,not_applicable
30-minute mixed-workload stability run,1,1,199,batch-long-context,-10,poisson,65,64,1,,not_applicable
30-minute mixed-workload stability run,1,1,200,batch-long-context,-10,poisson,65,64,1,,not_applicable
30-minute mixed-workload stability run,1,1,201,batch-long-context,-10,poisson,65,65,0,,not_applicable
30-minute mixed-workload stability run,1,1,202,batch-long-context,-10,poisson,65,65,0,,not_applicable
30-minute mixed-workload stability run,1,1,203,batch-long-context,-10,poisson,67,65,2,,not_applicable
30-minute mixed-workload stability run,1,1,204,batch-long-context,-10,poisson,67,65,2,,not_applicable
30-minute mixed-workload stability run,1,1,205,batch-long-context,-10,poisson,68,67,1,,not_applicable
30-minute mixed-workload stability run,1,1,206,batch-long-context,-10,poisson,68,67,1,,not_applicable
30-minute mixed-workload stability run,1,1,207,batch-long-context,-10,poisson,68,68,0,,not_applicable
30-minute mixed-workload stability run,1,1,208,batch-long-context,-10,poisson,68,68,0,,not_applicable
30-minute mixed-workload stability run,1,1,209,batch-long-context,-10,poisson,69,68,1,,not_applicable
30-minute mixed-workload stability run,1,1,210,batch-long-context,-10,poisson,69,68,1,,not_applicable
30-minute mixed-workload stability run,1,1,211,batch-long-context,-10,poisson,69,69,0,,not_applicable
30-minute mixed-workload stability run,1,1,212,batch-long-context,-10,poisson,69,69,0,,not_applicable
30-minute mixed-workload stability run,1,1,213,batch-long-context,-10,poisson,69,69,0,,not_applicable
30-minute mixed-workload stability run,1,1,214,batch-long-context,-10,poisson,69,69,0,,not_applicable
30-minute mixed-workload stability run,1,1,215,batch-long-context,-10,poisson,70,69,1,,not_applicable
30-minute mixed-workload stability run,1,1,216,batch-long-context,-10,poisson,70,70,0,,not_applicable
30-minute mixed-workload stability run,1,1,217,batch-long-context,-10,poisson,70,70,0,,not_applicable
30-minute mixed-workload stability run,1,1,218,batch-long-context,-10,poisson,70,70,0,,not_applicable
30-minute mixed-workload stability run,1,1,219,batch-long-context,-10,poisson,70,70,0,,not_applicable
30-minute mixed-workload stability run,1,1,220,batch-long-context,-10,poisson,71,70,1,,not_applicable
30-minute mixed-workload stability run,1,1,221,batch-long-context,-10,poisson,72,71,1,,not_applicable
30-minute mixed-workload stability run,1,1,222,batch-long-context,-10,poisson,72,72,0,,not_applicable
30-minute mixed-workload stability run,1,1,223,batch-long-context,-10,poisson,72,72,0,,not_applicable
30-minute mixed-workload stability run,1,1,224,batch-long-context,-10,poisson,72,72,0,,not_applicable
30-minute mixed-workload stability run,1,1,225,batch-long-context,-10,poisson,72,72,0,,not_applicable
30-minute mixed-workload stability run,1,1,226,batch-long-context,-10,poisson,72,72,0,,not_applicable
30-minute mixed-workload stability run,1,1,227,batch-long-context,-10,poisson,72,72,0,,not_applicable
30-minute mixed-workload stability run,1,1,228,batch-long-context,-10,poisson,72,72,0,,not_applicable
30-minute mixed-workload stability run,1,1,229,batch-long-context,-10,poisson,72,72,0,,not_applicable
30-minute mixed-workload stability run,1,1,230,batch-long-context,-10,poisson,72,72,0,,not_applicable
30-minute mixed-workload stability run,1,1,231,batch-long-context,-10,poisson,72,72,0,,not_applicable
30-minute mixed-workload stability run,1,1,232,batch-long-context,-10,poisson,72,72,0,,not_applicable
30-minute mixed-workload stability run,1,1,233,batch-long-context,-10,poisson,73,72,1,,not_applicable
30-minute mixed-workload stability run,1,1,234,batch-long-context,-10,poisson,73,73,0,,not_applicable
30-minute mixed-workload stability run,1,1,235,batch-long-context,-10,poisson,73,73,0,,not_applicable
30-minute mixed-workload stability run,1,1,236,batch-long-context,-10,poisson,74,73,1,,not_applicable
30-minute mixed-workload stability run,1,1,237,batch-long-context,-10,poisson,74,74,0,,not_applicable
30-minute mixed-workload stability run,1,1,238,batch-long-context,-10,poisson,75,74,1,,not_applicable
30-minute mixed-workload stability run,1,1,239,batch-long-context,-10,poisson,75,75,0,,not_applicable
30-minute mixed-workload stability run,1,1,240,batch-long-context,-10,poisson,75,75,0,,not_applicable
30-minute mixed-workload stability run,1,1,241,batch-long-context,-10,poisson,75,75,0,,not_applicable
30-minute mixed-workload stability run,1,1,242,batch-long-context,-10,poisson,75,75,0,,not_applicable
30-minute mixed-workload stability run,1,1,243,batch-long-context,-10,poisson,75,75,0,,not_applicable
30-minute mixed-workload stability run,1,1,244,batch-long-context,-10,poisson,75,75,0,,not_applicable
30-minute mixed-workload stability run,1,1,245,batch-long-context,-10,poisson,76,75,1,,not_applicable
30-minute mixed-workload stability run,1,1,246,batch-long-context,-10,poisson,76,76,0,,not_applicable
30-minute mixed-workload stability run,1,1,247,batch-long-context,-10,poisson,76,76,0,,not_applicable
30-minute mixed-workload stability run,1,1,248,batch-long-context,-10,poisson,76,76,0,,not_applicable
30-minute mixed-workload stability run,1,1,249,batch-long-context,-10,poisson,76,76,0,,not_applicable
30-minute mixed-workload stability run,1,1,250,batch-long-context,-10,poisson,76,76,0,,not_applicable
30-minute mixed-workload stability run,1,1,251,batch-long-context,-10,poisson,76,76,0,,not_applicable
30-minute mixed-workload stability run,1,1,252,batch-long-context,-10,poisson,77,76,1,,not_applicable
30-minute mixed-workload stability run,1,1,253,batch-long-context,-10,poisson,77,77,0,,not_applicable
30-minute mixed-workload stability run,1,1,254,batch-long-context,-10,poisson,78,77,1,,not_applicable
30-minute mixed-workload stability run,1,1,255,batch-long-context,-10,poisson,79,77,2,,not_applicable
30-minute mixed-workload stability run,1,1,256,batch-long-context,-10,poisson,79,79,0,,not_applicable
30-minute mixed-workload stability run,1,1,257,batch-long-context,-10,poisson,79,79,0,,not_applicable
30-minute mixed-workload stability run,1,1,258,batch-long-context,-10,poisson,80,79,1,,not_applicable
30-minute mixed-workload stability run,1,1,259,batch-long-context,-10,poisson,81,80,1,,not_applicable
30-minute mixed-workload stability run,1,1,260,batch-long-context,-10,poisson,81,81,0,,not_applicable
30-minute mixed-workload stability run,1,1,261,batch-long-context,-10,poisson,81,81,0,,not_applicable
30-minute mixed-workload stability run,1,1,262,batch-long-context,-10,poisson,81,81,0,,not_applicable
30-minute mixed-workload stability run,1,1,263,batch-long-context,-10,poisson,81,81,0,,not_applicable
30-minute mixed-workload stability run,1,1,264,batch-long-context,-10,poisson,81,81,0,,not_applicable
30-minute mixed-workload stability run,1,1,265,batch-long-context,-10,poisson,81,81,0,,not_applicable
30-minute mixed-workload stability run,1,1,266,batch-long-context,-10,poisson,82,81,1,,not_applicable
30-minute mixed-workload stability run,1,1,267,batch-long-context,-10,poisson,83,82,1,,not_applicable
30-minute mixed-workload stability run,1,1,268,batch-long-context,-10,poisson,83,82,1,,not_applicable
30-minute mixed-workload stability run,1,1,269,batch-long-context,-10,poisson,85,83,2,,not_applicable
30-minute mixed-workload stability run,1,1,270,batch-long-context,-10,poisson,85,84,1,,not_applicable
30-minute mixed-workload stability run,1,1,271,batch-long-context,-10,poisson,85,85,0,,not_applicable
30-minute mixed-workload stability run,1,1,272,batch-long-context,-10,poisson,85,85,0,,not_applicable
30-minute mixed-workload stability run,1,1,273,batch-long-context,-10,poisson,86,85,1,,not_applicable
30-minute mixed-workload stability run,1,1,274,batch-long-context,-10,poisson,89,85,4,,not_applicable
30-minute mixed-workload stability run,1,1,275,batch-long-context,-10,poisson,89,85,4,,not_applicable
30-minute mixed-workload stability run,1,1,276,batch-long-context,-10,poisson,89,89,0,,not_applicable
30-minute mixed-workload stability run,1,1,277,batch-long-context,-10,poisson,89,89,0,,not_applicable
30-minute mixed-workload stability run,1,1,278,batch-long-context,-10,poisson,89,89,0,,not_applicable
30-minute mixed-workload stability run,1,1,279,batch-long-context,-10,poisson,89,89,0,,not_applicable
30-minute mixed-workload stability run,1,1,280,batch-long-context,-10,poisson,89,89,0,,not_applicable
30-minute mixed-workload stability run,1,1,281,batch-long-context,-10,poisson,89,89,0,,not_applicable
30-minute mixed-workload stability run,1,1,282,batch-long-context,-10,poisson,89,89,0,,not_applicable
30-minute mixed-workload stability run,1,1,283,batch-long-context,-10,poisson,89,89,0,,not_applicable
30-minute mixed-workload stability run,1,1,284,batch-long-context,-10,poisson,89,89,0,,not_applicable
30-minute mixed-workload stability run,1,1,285,batch-long-context,-10,poisson,91,89,2,,not_applicable
30-minute mixed-workload stability run,1,1,286,batch-long-context,-10,poisson,91,89,2,,not_applicable
30-minute mixed-workload stability run,1,1,287,batch-long-context,-10,poisson,91,91,0,,not_applicable
30-minute mixed-workload stability run,1,1,288,batch-long-context,-10,poisson,91,91,0,,not_applicable
30-minute mixed-workload stability run,1,1,289,batch-long-context,-10,poisson,91,91,0,,not_applicable
30-minute mixed-workload stability run,1,1,290,batch-long-context,-10,poisson,91,91,0,,not_applicable
30-minute mixed-workload stability run,1,1,291,batch-long-context,-10,poisson,91,91,0,,not_applicable
30-minute mixed-workload stability run,1,1,292,batch-long-context,-10,poisson,91,91,0,,not_applicable
30-minute mixed-workload stability run,1,1,293,batch-long-context,-10,poisson,92,91,1,,not_applicable
30-minute mixed-workload stability run,1,1,294,batch-long-context,-10,poisson,92,91,1,,not_applicable
30-minute mixed-workload stability run,1,1,295,batch-long-context,-10,poisson,92,92,0,,not_applicable
30-minute mixed-workload stability run,1,1,296,batch-long-context,-10,poisson,92,92,0,,not_applicable
30-minute mixed-workload stability run,1,1,297,batch-long-context,-10,poisson,92,92,0,,not_applicable
30-minute mixed-workload stability run,1,1,298,batch-long-context,-10,poisson,93,92,1,,not_applicable
30-minute mixed-workload stability run,1,1,299,batch-long-context,-10,poisson,93,92,1,,not_applicable
30-minute mixed-workload stability run,1,1,300,batch-long-context,-10,poisson,93,93,0,,not_applicable
30-minute mixed-workload stability run,1,1,301,batch-long-context,-10,poisson,93,93,0,,not_applicable
30-minute mixed-workload stability run,1,1,302,batch-long-context,-10,poisson,93,93,0,,not_applicable
30-minute mixed-workload stability run,1,1,303,batch-long-context,-10,poisson,93,93,0,,not_applicable
30-minute mixed-workload stability run,1,1,304,batch-long-context,-10,poisson,95,93,2,,not_applicable
30-minute mixed-workload stability run,1,1,305,batch-long-context,-10,poisson,95,95,0,,not_applicable
30-minute mixed-workload stability run,1,1,306,batch-long-context,-10,poisson,95,95,0,,not_applicable
30-minute mixed-workload stability run,1,1,307,batch-long-context,-10,poisson,95,95,0,,not_applicable
30-minute mixed-workload stability run,1,1,308,batch-long-context,-10,poisson,95,95,0,,not_applicable
30-minute mixed-workload stability run,1,1,309,batch-long-context,-10,poisson,95,95,0,,not_applicable
30-minute mixed-workload stability run,1,1,310,batch-long-context,-10,poisson,96,95,1,,not_applicable
30-minute mixed-workload stability run,1,1,311,batch-long-context,-10,poisson,97,95,2,,not_applicable
30-minute mixed-workload stability run,1,1,312,batch-long-context,-10,poisson,98,96,2,,not_applicable
30-minute mixed-workload stability run,1,1,313,batch-long-context,-10,poisson,99,96,3,,not_applicable
30-minute mixed-workload stability run,1,1,314,batch-long-context,-10,poisson,100,96,4,,not_applicable
30-minute mixed-workload stability run,1,1,315,batch-long-context,-10,poisson,100,96,4,,not_applicable
30-minute mixed-workload stability run,1,1,316,batch-long-context,-10,poisson,100,96,4,,not_applicable
30-minute mixed-workload stability run,1,1,317,batch-long-context,-10,poisson,100,96,4,,not_applicable
30-minute mixed-workload stability run,1,1,318,batch-long-context,-10,poisson,100,97,3,,not_applicable
30-minute mixed-workload stability run,1,1,319,batch-long-context,-10,poisson,104,97,7,,not_applicable
30-minute mixed-workload stability run,1,1,320,batch-long-context,-10,poisson,105,97,8,,not_applicable
30-minute mixed-workload stability run,1,1,321,batch-long-context,-10,poisson,106,98,8,,not_applicable
30-minute mixed-workload stability run,1,1,322,batch-long-context,-10,poisson,106,99,7,,not_applicable
30-minute mixed-workload stability run,1,1,323,batch-long-context,-10,poisson,107,99,8,,not_applicable
30-minute mixed-workload stability run,1,1,324,batch-long-context,-10,poisson,107,99,8,,not_applicable
30-minute mixed-workload stability run,1,1,325,batch-long-context,-10,poisson,107,99,8,,not_applicable
30-minute mixed-workload stability run,1,1,326,batch-long-context,-10,poisson,108,100,8,,not_applicable
30-minute mixed-workload stability run,1,1,327,batch-long-context,-10,poisson,110,100,10,,not_applicable
30-minute mixed-workload stability run,1,1,328,batch-long-context,-10,poisson,111,100,11,,not_applicable
30-minute mixed-workload stability run,1,1,329,batch-long-context,-10,poisson,111,100,11,,not_applicable
30-minute mixed-workload stability run,1,1,330,batch-long-context,-10,poisson,112,104,8,,not_applicable
30-minute mixed-workload stability run,1,1,331,batch-long-context,-10,poisson,113,106,7,,not_applicable
30-minute mixed-workload stability run,1,1,332,batch-long-context,-10,poisson,113,106,7,,not_applicable
30-minute mixed-workload stability run,1,1,333,batch-long-context,-10,poisson,113,107,6,,not_applicable
30-minute mixed-workload stability run,1,1,334,batch-long-context,-10,poisson,115,108,7,,not_applicable
30-minute mixed-workload stability run,1,1,335,batch-long-context,-10,poisson,115,108,7,,not_applicable
30-minute mixed-workload stability run,1,1,336,batch-long-context,-10,poisson,117,108,9,,not_applicable
30-minute mixed-workload stability run,1,1,337,batch-long-context,-10,poisson,117,111,6,,not_applicable
30-minute mixed-workload stability run,1,1,338,batch-long-context,-10,poisson,118,113,5,,not_applicable
30-minute mixed-workload stability run,1,1,339,batch-long-context,-10,poisson,118,113,5,,not_applicable
30-minute mixed-workload stability run,1,1,340,batch-long-context,-10,poisson,119,114,5,,not_applicable
30-minute mixed-workload stability run,1,1,341,batch-long-context,-10,poisson,120,115,5,,not_applicable
30-minute mixed-workload stability run,1,1,342,batch-long-context,-10,poisson,120,115,5,,not_applicable
30-minute mixed-workload stability run,1,1,343,batch-long-context,-10,poisson,121,115,6,,not_applicable
30-minute mixed-workload stability run,1,1,344,batch-long-context,-10,poisson,121,115,6,,not_applicable
30-minute mixed-workload stability run,1,1,345,batch-long-context,-10,poisson,121,118,3,,not_applicable
30-minute mixed-workload stability run,1,1,346,batch-long-context,-10,poisson,121,118,3,,not_applicable
30-minute mixed-workload stability run,1,1,347,batch-long-context,-10,poisson,121,118,3,,not_applicable
30-minute mixed-workload stability run,1,1,348,batch-long-context,-10,poisson,121,120,1,,not_applicable
30-minute mixed-workload stability run,1,1,349,batch-long-context,-10,poisson,121,121,0,,not_applicable
30-minute mixed-workload stability run,1,1,350,batch-long-context,-10,poisson,122,121,1,,not_applicable
30-minute mixed-workload stability run,1,1,351,batch-long-context,-10,poisson,124,121,3,,not_applicable
30-minute mixed-workload stability run,1,1,352,batch-long-context,-10,poisson,125,121,4,,not_applicable
30-minute mixed-workload stability run,1,1,353,batch-long-context,-10,poisson,125,121,4,,not_applicable
30-minute mixed-workload stability run,1,1,354,batch-long-context,-10,poisson,125,121,4,,not_applicable
30-minute mixed-workload stability run,1,1,355,batch-long-context,-10,poisson,126,121,5,,not_applicable
30-minute mixed-workload stability run,1,1,356,batch-long-context,-10,poisson,128,121,7,,not_applicable
30-minute mixed-workload stability run,1,1,357,batch-long-context,-10,poisson,128,121,7,,not_applicable
30-minute mixed-workload stability run,1,1,358,batch-long-context,-10,poisson,129,121,8,,not_applicable
30-minute mixed-workload stability run,1,1,359,batch-long-context,-10,poisson,130,121,9,,not_applicable
30-minute mixed-workload stability run,1,1,360,batch-long-context,-10,poisson,131,125,6,,not_applicable
30-minute mixed-workload stability run,1,1,361,batch-long-context,-10,poisson,131,125,6,,not_applicable
30-minute mixed-workload stability run,1,1,362,batch-long-context,-10,poisson,132,127,5,,not_applicable
30-minute mixed-workload stability run,1,1,363,batch-long-context,-10,poisson,132,129,3,,not_applicable
30-minute mixed-workload stability run,1,1,364,batch-long-context,-10,poisson,132,130,2,,not_applicable
30-minute mixed-workload stability run,1,1,365,batch-long-context,-10,poisson,133,130,3,,not_applicable
30-minute mixed-workload stability run,1,1,366,batch-long-context,-10,poisson,134,130,4,,not_applicable
30-minute mixed-workload stability run,1,1,367,batch-long-context,-10,poisson,134,131,3,,not_applicable
30-minute mixed-workload stability run,1,1,368,batch-long-context,-10,poisson,135,132,3,,not_applicable
30-minute mixed-workload stability run,1,1,369,batch-long-context,-10,poisson,135,132,3,,not_applicable
30-minute mixed-workload stability run,1,1,370,batch-long-context,-10,poisson,136,132,4,,not_applicable
30-minute mixed-workload stability run,1,1,371,batch-long-context,-10,poisson,136,132,4,,not_applicable
30-minute mixed-workload stability run,1,1,372,batch-long-context,-10,poisson,138,134,4,,not_applicable
30-minute mixed-workload stability run,1,1,373,batch-long-context,-10,poisson,139,134,5,,not_applicable
30-minute mixed-workload stability run,1,1,374,batch-long-context,-10,poisson,139,134,5,,not_applicable
30-minute mixed-workload stability run,1,1,375,batch-long-context,-10,poisson,139,135,4,,not_applicable
30-minute mixed-workload stability run,1,1,376,batch-long-context,-10,poisson,140,136,4,,not_applicable
30-minute mixed-workload stability run,1,1,377,batch-long-context,-10,poisson,140,136,4,,not_applicable
30-minute mixed-workload stability run,1,1,378,batch-long-context,-10,poisson,141,136,5,,not_applicable
30-minute mixed-workload stability run,1,1,379,batch-long-context,-10,poisson,141,139,2,,not_applicable
30-minute mixed-workload stability run,1,1,380,batch-long-context,-10,poisson,141,139,2,,not_applicable
30-minute mixed-workload stability run,1,1,381,batch-long-context,-10,poisson,141,139,2,,not_applicable
30-minute mixed-workload stability run,1,1,382,batch-long-context,-10,poisson,141,140,1,,not_applicable
30-minute mixed-workload stability run,1,1,383,batch-long-context,-10,poisson,141,140,1,,not_applicable
30-minute mixed-workload stability run,1,1,384,batch-long-context,-10,poisson,142,141,1,,not_applicable
30-minute mixed-workload stability run,1,1,385,batch-long-context,-10,poisson,143,141,2,,not_applicable
30-minute mixed-workload stability run,1,1,386,batch-long-context,-10,poisson,144,141,3,,not_applicable
30-minute mixed-workload stability run,1,1,387,batch-long-context,-10,poisson,144,141,3,,not_applicable
30-minute mixed-workload stability run,1,1,388,batch-long-context,-10,poisson,144,141,3,,not_applicable
30-minute mixed-workload stability run,1,1,389,batch-long-context,-10,poisson,145,141,4,,not_applicable
30-minute mixed-workload stability run,1,1,390,batch-long-context,-10,poisson,145,141,4,,not_applicable
30-minute mixed-workload stability run,1,1,391,batch-long-context,-10,poisson,145,141,4,,not_applicable
30-minute mixed-workload stability run,1,1,392,batch-long-context,-10,poisson,145,141,4,,not_applicable
30-minute mixed-workload stability run,1,1,393,batch-long-context,-10,poisson,145,144,1,,not_applicable
30-minute mixed-workload stability run,1,1,394,batch-long-context,-10,poisson,146,144,2,,not_applicable
30-minute mixed-workload stability run,1,1,395,batch-long-context,-10,poisson,146,144,2,,not_applicable
30-minute mixed-workload stability run,1,1,396,batch-long-context,-10,poisson,147,145,2,,not_applicable
30-minute mixed-workload stability run,1,1,397,batch-long-context,-10,poisson,147,145,2,,not_applicable
30-minute mixed-workload stability run,1,1,398,batch-long-context,-10,poisson,147,145,2,,not_applicable
30-minute mixed-workload stability run,1,1,399,batch-long-context,-10,poisson,148,145,3,,not_applicable
30-minute mixed-workload stability run,1,1,400,batch-long-context,-10,poisson,149,145,4,,not_applicable
30-minute mixed-workload stability run,1,1,401,batch-long-context,-10,poisson,150,145,5,,not_applicable
30-minute mixed-workload stability run,1,1,402,batch-long-context,-10,poisson,150,146,4,,not_applicable
30-minute mixed-workload stability run,1,1,403,batch-long-context,-10,poisson,150,147,3,,not_applicable
30-minute mixed-workload stability run,1,1,404,batch-long-context,-10,poisson,151,147,4,,not_applicable
30-minute mixed-workload stability run,1,1,405,batch-long-context,-10,poisson,155,147,8,,not_applicable
30-minute mixed-workload stability run,1,1,406,batch-long-context,-10,poisson,155,148,7,,not_applicable
30-minute mixed-workload stability run,1,1,407,batch-long-context,-10,poisson,155,149,6,,not_applicable
30-minute mixed-workload stability run,1,1,408,batch-long-context,-10,poisson,155,150,5,,not_applicable
30-minute mixed-workload stability run,1,1,409,batch-long-context,-10,poisson,156,150,6,,not_applicable
30-minute mixed-workload stability run,1,1,410,batch-long-context,-10,poisson,156,150,6,,not_applicable
30-minute mixed-workload stability run,1,1,411,batch-long-context,-10,poisson,158,150,8,,not_applicable
30-minute mixed-workload stability run,1,1,412,batch-long-context,-10,poisson,158,150,8,,not_applicable
30-minute mixed-workload stability run,1,1,413,batch-long-context,-10,poisson,158,151,7,,not_applicable
30-minute mixed-workload stability run,1,1,414,batch-long-context,-10,poisson,160,153,7,,not_applicable
30-minute mixed-workload stability run,1,1,415,batch-long-context,-10,poisson,161,155,6,,not_applicable
30-minute mixed-workload stability run,1,1,416,batch-long-context,-10,poisson,162,155,7,,not_applicable
30-minute mixed-workload stability run,1,1,417,batch-long-context,-10,poisson,163,155,8,,not_applicable
30-minute mixed-workload stability run,1,1,418,batch-long-context,-10,poisson,163,155,8,,not_applicable
30-minute mixed-workload stability run,1,1,419,batch-long-context,-10,poisson,163,155,8,,not_applicable
30-minute mixed-workload stability run,1,1,420,batch-long-context,-10,poisson,163,155,8,,not_applicable
30-minute mixed-workload stability run,1,1,421,batch-long-context,-10,poisson,164,156,8,,not_applicable
30-minute mixed-workload stability run,1,1,422,batch-long-context,-10,poisson,164,159,5,,not_applicable
30-minute mixed-workload stability run,1,1,423,batch-long-context,-10,poisson,165,162,3,,not_applicable
30-minute mixed-workload stability run,1,1,424,batch-long-context,-10,poisson,167,163,4,,not_applicable
30-minute mixed-workload stability run,1,1,425,batch-long-context,-10,poisson,167,163,4,,not_applicable
30-minute mixed-workload stability run,1,1,426,batch-long-context,-10,poisson,167,163,4,,not_applicable
30-minute mixed-workload stability run,1,1,427,batch-long-context,-10,poisson,167,163,4,,not_applicable
30-minute mixed-workload stability run,1,1,428,batch-long-context,-10,poisson,168,163,5,,not_applicable
30-minute mixed-workload stability run,1,1,429,batch-long-context,-10,poisson,168,164,4,,not_applicable
30-minute mixed-workload stability run,1,1,430,batch-long-context,-10,poisson,168,167,1,,not_applicable
30-minute mixed-workload stability run,1,1,431,batch-long-context,-10,poisson,169,167,2,,not_applicable
30-minute mixed-workload stability run,1,1,432,batch-long-context,-10,poisson,171,167,4,,not_applicable
30-minute mixed-workload stability run,1,1,433,batch-long-context,-10,poisson,172,167,5,,not_applicable
30-minute mixed-workload stability run,1,1,434,batch-long-context,-10,poisson,172,168,4,,not_applicable
30-minute mixed-workload stability run,1,1,435,batch-long-context,-10,poisson,172,168,4,,not_applicable
30-minute mixed-workload stability run,1,1,436,batch-long-context,-10,poisson,172,168,4,,not_applicable
30-minute mixed-workload stability run,1,1,437,batch-long-context,-10,poisson,173,168,5,,not_applicable
30-minute mixed-workload stability run,1,1,438,batch-long-context,-10,poisson,175,170,5,,not_applicable
30-minute mixed-workload stability run,1,1,439,batch-long-context,-10,poisson,175,171,4,,not_applicable
30-minute mixed-workload stability run,1,1,440,batch-long-context,-10,poisson,175,171,4,,not_applicable
30-minute mixed-workload stability run,1,1,441,batch-long-context,-10,poisson,177,171,6,,not_applicable
30-minute mixed-workload stability run,1,1,442,batch-long-context,-10,poisson,177,171,6,,not_applicable
30-minute mixed-workload stability run,1,1,443,batch-long-context,-10,poisson,177,172,5,,not_applicable
30-minute mixed-workload stability run,1,1,444,batch-long-context,-10,poisson,177,172,5,,not_applicable
30-minute mixed-workload stability run,1,1,445,batch-long-context,-10,poisson,178,172,6,,not_applicable
30-minute mixed-workload stability run,1,1,446,batch-long-context,-10,poisson,178,176,2,,not_applicable
30-minute mixed-workload stability run,1,1,447,batch-long-context,-10,poisson,178,177,1,,not_applicable
30-minute mixed-workload stability run,1,1,448,batch-long-context,-10,poisson,178,177,1,,not_applicable
30-minute mixed-workload stability run,1,1,449,batch-long-context,-10,poisson,178,178,0,,not_applicable
30-minute mixed-workload stability run,1,1,450,batch-long-context,-10,poisson,178,178,0,,not_applicable
30-minute mixed-workload stability run,1,1,451,batch-long-context,-10,poisson,178,178,0,,not_applicable
30-minute mixed-workload stability run,1,1,452,batch-long-context,-10,poisson,178,178,0,,not_applicable
30-minute mixed-workload stability run,1,1,453,batch-long-context,-10,poisson,179,178,1,,not_applicable
30-minute mixed-workload stability run,1,1,454,batch-long-context,-10,poisson,181,178,3,,not_applicable
30-minute mixed-workload stability run,1,1,455,batch-long-context,-10,poisson,181,178,3,,not_applicable
30-minute mixed-workload stability run,1,1,456,batch-long-context,-10,poisson,181,178,3,,not_applicable
30-minute mixed-workload stability run,1,1,457,batch-long-context,-10,poisson,183,178,5,,not_applicable
30-minute mixed-workload stability run,1,1,458,batch-long-context,-10,poisson,183,178,5,,not_applicable
30-minute mixed-workload stability run,1,1,459,batch-long-context,-10,poisson,183,178,5,,not_applicable
30-minute mixed-workload stability run,1,1,460,batch-long-context,-10,poisson,185,178,7,,not_applicable
30-minute mixed-workload stability run,1,1,461,batch-long-context,-10,poisson,185,179,6,,not_applicable
30-minute mixed-workload stability run,1,1,462,batch-long-context,-10,poisson,186,181,5,,not_applicable
30-minute mixed-workload stability run,1,1,463,batch-long-context,-10,poisson,187,183,4,,not_applicable
30-minute mixed-workload stability run,1,1,464,batch-long-context,-10,poisson,187,183,4,,not_applicable
30-minute mixed-workload stability run,1,1,465,batch-long-context,-10,poisson,187,183,4,,not_applicable
30-minute mixed-workload stability run,1,1,466,batch-long-context,-10,poisson,187,183,4,,not_applicable
30-minute mixed-workload stability run,1,1,467,batch-long-context,-10,poisson,188,183,5,,not_applicable
30-minute mixed-workload stability run,1,1,468,batch-long-context,-10,poisson,188,183,5,,not_applicable
30-minute mixed-workload stability run,1,1,469,batch-long-context,-10,poisson,189,183,6,,not_applicable
30-minute mixed-workload stability run,1,1,470,batch-long-context,-10,poisson,190,187,3,,not_applicable
30-minute mixed-workload stability run,1,1,471,batch-long-context,-10,poisson,190,187,3,,not_applicable
30-minute mixed-workload stability run,1,1,472,batch-long-context,-10,poisson,191,187,4,,not_applicable
30-minute mixed-workload stability run,1,1,473,batch-long-context,-10,poisson,191,187,4,,not_applicable
30-minute mixed-workload stability run,1,1,474,batch-long-context,-10,poisson,192,187,5,,not_applicable
30-minute mixed-workload stability run,1,1,475,batch-long-context,-10,poisson,192,187,5,,not_applicable
30-minute mixed-workload stability run,1,1,476,batch-long-context,-10,poisson,192,187,5,,not_applicable
30-minute mixed-workload stability run,1,1,477,batch-long-context,-10,poisson,193,190,3,,not_applicable
30-minute mixed-workload stability run,1,1,478,batch-long-context,-10,poisson,193,190,3,,not_applicable
30-minute mixed-workload stability run,1,1,479,batch-long-context,-10,poisson,193,190,3,,not_applicable
30-minute mixed-workload stability run,1,1,480,batch-long-context,-10,poisson,193,190,3,,not_applicable
30-minute mixed-workload stability run,1,1,481,batch-long-context,-10,poisson,194,190,4,,not_applicable
30-minute mixed-workload stability run,1,1,482,batch-long-context,-10,poisson,194,190,4,,not_applicable
30-minute mixed-workload stability run,1,1,483,batch-long-context,-10,poisson,194,190,4,,not_applicable
30-minute mixed-workload stability run,1,1,484,batch-long-context,-10,poisson,194,191,3,,not_applicable
30-minute mixed-workload stability run,1,1,485,batch-long-context,-10,poisson,194,193,1,,not_applicable
30-minute mixed-workload stability run,1,1,486,batch-long-context,-10,poisson,196,193,3,,not_applicable
30-minute mixed-workload stability run,1,1,487,batch-long-context,-10,poisson,196,193,3,,not_applicable
30-minute mixed-workload stability run,1,1,488,batch-long-context,-10,poisson,196,193,3,,not_applicable
30-minute mixed-workload stability run,1,1,489,batch-long-context,-10,poisson,198,193,5,,not_applicable
30-minute mixed-workload stability run,1,1,490,batch-long-context,-10,poisson,199,193,6,,not_applicable
30-minute mixed-workload stability run,1,1,491,batch-long-context,-10,poisson,199,194,5,,not_applicable
30-minute mixed-workload stability run,1,1,492,batch-long-context,-10,poisson,199,194,5,,not_applicable
30-minute mixed-workload stability run,1,1,493,batch-long-context,-10,poisson,199,196,3,,not_applicable
30-minute mixed-workload stability run,1,1,494,batch-long-context,-10,poisson,199,196,3,,not_applicable
30-minute mixed-workload stability run,1,1,495,batch-long-context,-10,poisson,202,196,6,,not_applicable
30-minute mixed-workload stability run,1,1,496,batch-long-context,-10,poisson,202,196,6,,not_applicable
30-minute mixed-workload stability run,1,1,497,batch-long-context,-10,poisson,204,196,8,,not_applicable
30-minute mixed-workload stability run,1,1,498,batch-long-context,-10,poisson,204,196,8,,not_applicable
30-minute mixed-workload stability run,1,1,499,batch-long-context,-10,poisson,204,198,6,,not_applicable
30-minute mixed-workload stability run,1,1,500,batch-long-context,-10,poisson,206,199,7,,not_applicable
30-minute mixed-workload stability run,1,1,501,batch-long-context,-10,poisson,206,199,7,,not_applicable
30-minute mixed-workload stability run,1,1,502,batch-long-context,-10,poisson,207,202,5,,not_applicable
30-minute mixed-workload stability run,1,1,503,batch-long-context,-10,poisson,208,202,6,,not_applicable
30-minute mixed-workload stability run,1,1,504,batch-long-context,-10,poisson,208,202,6,,not_applicable
30-minute mixed-workload stability run,1,1,505,batch-long-context,-10,poisson,208,202,6,,not_applicable
30-minute mixed-workload stability run,1,1,506,batch-long-context,-10,poisson,210,204,6,,not_applicable
30-minute mixed-workload stability run,1,1,507,batch-long-context,-10,poisson,211,205,6,,not_applicable
30-minute mixed-workload stability run,1,1,508,batch-long-context,-10,poisson,212,206,6,,not_applicable
30-minute mixed-workload stability run,1,1,509,batch-long-context,-10,poisson,212,208,4,,not_applicable
30-minute mixed-workload stability run,1,1,510,batch-long-context,-10,poisson,212,208,4,,not_applicable
30-minute mixed-workload stability run,1,1,511,batch-long-context,-10,poisson,213,208,5,,not_applicable
30-minute mixed-workload stability run,1,1,512,batch-long-context,-10,poisson,213,208,5,,not_applicable
30-minute mixed-workload stability run,1,1,513,batch-long-context,-10,poisson,214,210,4,,not_applicable
30-minute mixed-workload stability run,1,1,514,batch-long-context,-10,poisson,215,212,3,,not_applicable
30-minute mixed-workload stability run,1,1,515,batch-long-context,-10,poisson,216,212,4,,not_applicable
30-minute mixed-workload stability run,1,1,516,batch-long-context,-10,poisson,217,212,5,,not_applicable
30-minute mixed-workload stability run,1,1,517,batch-long-context,-10,poisson,217,212,5,,not_applicable
30-minute mixed-workload stability run,1,1,518,batch-long-context,-10,poisson,217,213,4,,not_applicable
30-minute mixed-workload stability run,1,1,519,batch-long-context,-10,poisson,218,213,5,,not_applicable
30-minute mixed-workload stability run,1,1,520,batch-long-context,-10,poisson,218,213,5,,not_applicable
30-minute mixed-workload stability run,1,1,521,batch-long-context,-10,poisson,219,214,5,,not_applicable
30-minute mixed-workload stability run,1,1,522,batch-long-context,-10,poisson,219,216,3,,not_applicable
30-minute mixed-workload stability run,1,1,523,batch-long-context,-10,poisson,221,217,4,,not_applicable
30-minute mixed-workload stability run,1,1,524,batch-long-context,-10,poisson,222,217,5,,not_applicable
30-minute mixed-workload stability run,1,1,525,batch-long-context,-10,poisson,222,218,4,,not_applicable
30-minute mixed-workload stability run,1,1,526,batch-long-context,-10,poisson,223,219,4,,not_applicable
30-minute mixed-workload stability run,1,1,527,batch-long-context,-10,poisson,223,219,4,,not_applicable
30-minute mixed-workload stability run,1,1,528,batch-long-context,-10,poisson,225,219,6,,not_applicable
30-minute mixed-workload stability run,1,1,529,batch-long-context,-10,poisson,225,219,6,,not_applicable
30-minute mixed-workload stability run,1,1,530,batch-long-context,-10,poisson,225,219,6,,not_applicable
30-minute mixed-workload stability run,1,1,531,batch-long-context,-10,poisson,225,221,4,,not_applicable
30-minute mixed-workload stability run,1,1,532,batch-long-context,-10,poisson,226,222,4,,not_applicable
30-minute mixed-workload stability run,1,1,533,batch-long-context,-10,poisson,226,223,3,,not_applicable
30-minute mixed-workload stability run,1,1,534,batch-long-context,-10,poisson,226,223,3,,not_applicable
30-minute mixed-workload stability run,1,1,535,batch-long-context,-10,poisson,227,225,2,,not_applicable
30-minute mixed-workload stability run,1,1,536,batch-long-context,-10,poisson,227,225,2,,not_applicable
30-minute mixed-workload stability run,1,1,537,batch-long-context,-10,poisson,227,225,2,,not_applicable
30-minute mixed-workload stability run,1,1,538,batch-long-context,-10,poisson,227,226,1,,not_applicable
30-minute mixed-workload stability run,1,1,539,batch-long-context,-10,poisson,227,227,0,,not_applicable
30-minute mixed-workload stability run,1,1,540,batch-long-context,-10,poisson,229,227,2,,not_applicable
30-minute mixed-workload stability run,1,1,541,batch-long-context,-10,poisson,230,227,3,,not_applicable
30-minute mixed-workload stability run,1,1,542,batch-long-context,-10,poisson,230,227,3,,not_applicable
30-minute mixed-workload stability run,1,1,543,batch-long-context,-10,poisson,232,227,5,,not_applicable
30-minute mixed-workload stability run,1,1,544,batch-long-context,-10,poisson,233,227,6,,not_applicable
30-minute mixed-workload stability run,1,1,545,batch-long-context,-10,poisson,233,227,6,,not_applicable
30-minute mixed-workload stability run,1,1,546,batch-long-context,-10,poisson,233,227,6,,not_applicable
30-minute mixed-workload stability run,1,1,547,batch-long-context,-10,poisson,234,227,7,,not_applicable
30-minute mixed-workload stability run,1,1,548,batch-long-context,-10,poisson,235,229,6,,not_applicable
30-minute mixed-workload stability run,1,1,549,batch-long-context,-10,poisson,235,230,5,,not_applicable
30-minute mixed-workload stability run,1,1,550,batch-long-context,-10,poisson,235,233,2,,not_applicable
30-minute mixed-workload stability run,1,1,551,batch-long-context,-10,poisson,235,233,2,,not_applicable
30-minute mixed-workload stability run,1,1,552,batch-long-context,-10,poisson,235,233,2,,not_applicable
30-minute mixed-workload stability run,1,1,553,batch-long-context,-10,poisson,235,234,1,,not_applicable
30-minute mixed-workload stability run,1,1,554,batch-long-context,-10,poisson,236,235,1,,not_applicable
30-minute mixed-workload stability run,1,1,555,batch-long-context,-10,poisson,236,235,1,,not_applicable
30-minute mixed-workload stability run,1,1,556,batch-long-context,-10,poisson,236,235,1,,not_applicable
30-minute mixed-workload stability run,1,1,557,batch-long-context,-10,poisson,237,235,2,,not_applicable
30-minute mixed-workload stability run,1,1,558,batch-long-context,-10,poisson,237,235,2,,not_applicable
30-minute mixed-workload stability run,1,1,559,batch-long-context,-10,poisson,237,236,1,,not_applicable
30-minute mixed-workload stability run,1,1,560,batch-long-context,-10,poisson,237,236,1,,not_applicable
30-minute mixed-workload stability run,1,1,561,batch-long-context,-10,poisson,237,237,0,,not_applicable
30-minute mixed-workload stability run,1,1,562,batch-long-context,-10,poisson,237,237,0,,not_applicable
30-minute mixed-workload stability run,1,1,563,batch-long-context,-10,poisson,237,237,0,,not_applicable
30-minute mixed-workload stability run,1,1,564,batch-long-context,-10,poisson,237,237,0,,not_applicable
30-minute mixed-workload stability run,1,1,565,batch-long-context,-10,poisson,237,237,0,,not_applicable
30-minute mixed-workload stability run,1,1,566,batch-long-context,-10,poisson,238,237,1,,not_applicable
30-minute mixed-workload stability run,1,1,567,batch-long-context,-10,poisson,239,237,2,,not_applicable
30-minute mixed-workload stability run,1,1,568,batch-long-context,-10,poisson,240,237,3,,not_applicable
30-minute mixed-workload stability run,1,1,569,batch-long-context,-10,poisson,240,237,3,,not_applicable
30-minute mixed-workload stability run,1,1,570,batch-long-context,-10,poisson,240,237,3,,not_applicable
30-minute mixed-workload stability run,1,1,571,batch-long-context,-10,poisson,241,237,4,,not_applicable
30-minute mixed-workload stability run,1,1,572,batch-long-context,-10,poisson,243,239,4,,not_applicable
30-minute mixed-workload stability run,1,1,573,batch-long-context,-10,poisson,243,240,3,,not_applicable
30-minute mixed-workload stability run,1,1,574,batch-long-context,-10,poisson,243,240,3,,not_applicable
30-minute mixed-workload stability run,1,1,575,batch-long-context,-10,poisson,244,241,3,,not_applicable
30-minute mixed-workload stability run,1,1,576,batch-long-context,-10,poisson,245,243,2,,not_applicable
30-minute mixed-workload stability run,1,1,577,batch-long-context,-10,poisson,245,243,2,,not_applicable
30-minute mixed-workload stability run,1,1,578,batch-long-context,-10,poisson,245,244,1,,not_applicable
30-minute mixed-workload stability run,1,1,579,batch-long-context,-10,poisson,245,245,0,,not_applicable
30-minute mixed-workload stability run,1,1,580,batch-long-context,-10,poisson,245,245,0,,not_applicable
30-minute mixed-workload stability run,1,1,581,batch-long-context,-10,poisson,245,245,0,,not_applicable
30-minute mixed-workload stability run,1,1,582,batch-long-context,-10,poisson,245,245,0,,not_applicable
30-minute mixed-workload stability run,1,1,583,batch-long-context,-10,poisson,245,245,0,,not_applicable
30-minute mixed-workload stability run,1,1,584,batch-long-context,-10,poisson,245,245,0,,not_applicable
30-minute mixed-workload stability run,1,1,585,batch-long-context,-10,poisson,245,245,0,,not_applicable
30-minute mixed-workload stability run,1,1,586,batch-long-context,-10,poisson,245,245,0,,not_applicable
30-minute mixed-workload stability run,1,1,587,batch-long-context,-10,poisson,246,245,1,,not_applicable
30-minute mixed-workload stability run,1,1,588,batch-long-context,-10,poisson,247,245,2,,not_applicable
30-minute mixed-workload stability run,1,1,589,batch-long-context,-10,poisson,247,245,2,,not_applicable
30-minute mixed-workload stability run,1,1,590,batch-long-context,-10,poisson,247,245,2,,not_applicable
30-minute mixed-workload stability run,1,1,591,batch-long-context,-10,poisson,248,246,2,,not_applicable
30-minute mixed-workload stability run,1,1,592,batch-long-context,-10,poisson,248,247,1,,not_applicable
30-minute mixed-workload stability run,1,1,593,batch-long-context,-10,poisson,248,247,1,,not_applicable
30-minute mixed-workload stability run,1,1,594,batch-long-context,-10,poisson,248,247,1,,not_applicable
30-minute mixed-workload stability run,1,1,595,batch-long-context,-10,poisson,248,247,1,,not_applicable
30-minute mixed-workload stability run,1,1,596,batch-long-context,-10,poisson,249,247,2,,not_applicable
30-minute mixed-workload stability run,1,1,597,batch-long-context,-10,poisson,249,248,1,,not_applicable
30-minute mixed-workload stability run,1,1,598,batch-long-context,-10,poisson,250,248,2,,not_applicable
30-minute mixed-workload stability run,1,1,599,batch-long-context,-10,poisson,250,249,1,,not_applicable
30-minute mixed-workload stability run,1,1,600,batch-long-context,-10,poisson,250,249,1,,not_applicable
30-minute mixed-workload stability run,1,1,601,batch-long-context,-10,poisson,250,250,0,,not_applicable
30-minute mixed-workload stability run,1,1,602,batch-long-context,-10,poisson,250,250,0,,not_applicable
30-minute mixed-workload stability run,1,1,603,batch-long-context,-10,poisson,251,250,1,,not_applicable
30-minute mixed-workload stability run,1,1,604,batch-long-context,-10,poisson,252,250,2,,not_applicable
30-minute mixed-workload stability run,1,1,605,batch-long-context,-10,poisson,252,250,2,,not_applicable
30-minute mixed-workload stability run,1,1,606,batch-long-context,-10,poisson,253,250,3,,not_applicable
30-minute mixed-workload stability run,1,1,607,batch-long-context,-10,poisson,254,250,4,,not_applicable
30-minute mixed-workload stability run,1,1,608,batch-long-context,-10,poisson,255,250,5,,not_applicable
30-minute mixed-workload stability run,1,1,609,batch-long-context,-10,poisson,256,252,4,,not_applicable
30-minute mixed-workload stability run,1,1,610,batch-long-context,-10,poisson,256,252,4,,not_applicable
30-minute mixed-workload stability run,1,1,611,batch-long-context,-10,poisson,257,252,5,,not_applicable
30-minute mixed-workload stability run,1,1,612,batch-long-context,-10,poisson,258,253,5,,not_applicable
30-minute mixed-workload stability run,1,1,613,batch-long-context,-10,poisson,259,255,4,,not_applicable
30-minute mixed-workload stability run,1,1,614,batch-long-context,-10,poisson,259,256,3,,not_applicable
30-minute mixed-workload stability run,1,1,615,batch-long-context,-10,poisson,259,256,3,,not_applicable
30-minute mixed-workload stability run,1,1,616,batch-long-context,-10,poisson,261,259,2,,not_applicable
30-minute mixed-workload stability run,1,1,617,batch-long-context,-10,poisson,261,259,2,,not_applicable
30-minute mixed-workload stability run,1,1,618,batch-long-context,-10,poisson,262,259,3,,not_applicable
30-minute mixed-workload stability run,1,1,619,batch-long-context,-10,poisson,263,259,4,,not_applicable
30-minute mixed-workload stability run,1,1,620,batch-long-context,-10,poisson,265,259,6,,not_applicable
30-minute mixed-workload stability run,1,1,621,batch-long-context,-10,poisson,265,259,6,,not_applicable
30-minute mixed-workload stability run,1,1,622,batch-long-context,-10,poisson,265,259,6,,not_applicable
30-minute mixed-workload stability run,1,1,623,batch-long-context,-10,poisson,266,259,7,,not_applicable
30-minute mixed-workload stability run,1,1,624,batch-long-context,-10,poisson,266,261,5,,not_applicable
30-minute mixed-workload stability run,1,1,625,batch-long-context,-10,poisson,267,261,6,,not_applicable
30-minute mixed-workload stability run,1,1,626,batch-long-context,-10,poisson,267,262,5,,not_applicable
30-minute mixed-workload stability run,1,1,627,batch-long-context,-10,poisson,268,265,3,,not_applicable
30-minute mixed-workload stability run,1,1,628,batch-long-context,-10,poisson,268,265,3,,not_applicable
30-minute mixed-workload stability run,1,1,629,batch-long-context,-10,poisson,269,265,4,,not_applicable
30-minute mixed-workload stability run,1,1,630,batch-long-context,-10,poisson,271,265,6,,not_applicable
30-minute mixed-workload stability run,1,1,631,batch-long-context,-10,poisson,272,265,7,,not_applicable
30-minute mixed-workload stability run,1,1,632,batch-long-context,-10,poisson,273,266,7,,not_applicable
30-minute mixed-workload stability run,1,1,633,batch-long-context,-10,poisson,275,267,8,,not_applicable
30-minute mixed-workload stability run,1,1,634,batch-long-context,-10,poisson,277,267,10,,not_applicable
30-minute mixed-workload stability run,1,1,635,batch-long-context,-10,poisson,277,267,10,,not_applicable
30-minute mixed-workload stability run,1,1,636,batch-long-context,-10,poisson,279,268,11,,not_applicable
30-minute mixed-workload stability run,1,1,637,batch-long-context,-10,poisson,280,268,12,,not_applicable
30-minute mixed-workload stability run,1,1,638,batch-long-context,-10,poisson,280,273,7,,not_applicable
30-minute mixed-workload stability run,1,1,639,batch-long-context,-10,poisson,281,277,4,,not_applicable
30-minute mixed-workload stability run,1,1,640,batch-long-context,-10,poisson,283,277,6,,not_applicable
30-minute mixed-workload stability run,1,1,641,batch-long-context,-10,poisson,285,277,8,,not_applicable
30-minute mixed-workload stability run,1,1,642,batch-long-context,-10,poisson,286,278,8,,not_applicable
30-minute mixed-workload stability run,1,1,643,batch-long-context,-10,poisson,286,280,6,,not_applicable
30-minute mixed-workload stability run,1,1,644,batch-long-context,-10,poisson,287,281,6,,not_applicable
30-minute mixed-workload stability run,1,1,645,batch-long-context,-10,poisson,287,285,2,,not_applicable
30-minute mixed-workload stability run,1,1,646,batch-long-context,-10,poisson,287,286,1,,not_applicable
30-minute mixed-workload stability run,1,1,647,batch-long-context,-10,poisson,287,287,0,,not_applicable
30-minute mixed-workload stability run,1,1,648,batch-long-context,-10,poisson,287,287,0,,not_applicable
30-minute mixed-workload stability run,1,1,649,batch-long-context,-10,poisson,288,287,1,,not_applicable
30-minute mixed-workload stability run,1,1,650,batch-long-context,-10,poisson,289,287,2,,not_applicable
30-minute mixed-workload stability run,1,1,651,batch-long-context,-10,poisson,289,287,2,,not_applicable
30-minute mixed-workload stability run,1,1,652,batch-long-context,-10,poisson,290,287,3,,not_applicable
30-minute mixed-workload stability run,1,1,653,batch-long-context,-10,poisson,290,287,3,,not_applicable
30-minute mixed-workload stability run,1,1,654,batch-long-context,-10,poisson,290,287,3,,not_applicable
30-minute mixed-workload stability run,1,1,655,batch-long-context,-10,poisson,290,287,3,,not_applicable
30-minute mixed-workload stability run,1,1,656,batch-long-context,-10,poisson,290,287,3,,not_applicable
30-minute mixed-workload stability run,1,1,657,batch-long-context,-10,poisson,290,289,1,,not_applicable
30-minute mixed-workload stability run,1,1,658,batch-long-context,-10,poisson,290,290,0,,not_applicable
30-minute mixed-workload stability run,1,1,659,batch-long-context,-10,poisson,291,290,1,,not_applicable
30-minute mixed-workload stability run,1,1,660,batch-long-context,-10,poisson,291,290,1,,not_applicable
30-minute mixed-workload stability run,1,1,661,batch-long-context,-10,poisson,293,290,3,,not_applicable
30-minute mixed-workload stability run,1,1,662,batch-long-context,-10,poisson,293,290,3,,not_applicable
30-minute mixed-workload stability run,1,1,663,batch-long-context,-10,poisson,294,291,3,,not_applicable
30-minute mixed-workload stability run,1,1,664,batch-long-context,-10,poisson,295,291,4,,not_applicable
30-minute mixed-workload stability run,1,1,665,batch-long-context,-10,poisson,296,293,3,,not_applicable
30-minute mixed-workload stability run,1,1,666,batch-long-context,-10,poisson,298,293,5,,not_applicable
30-minute mixed-workload stability run,1,1,667,batch-long-context,-10,poisson,299,294,5,,not_applicable
30-minute mixed-workload stability run,1,1,668,batch-long-context,-10,poisson,300,294,6,,not_applicable
30-minute mixed-workload stability run,1,1,669,batch-long-context,-10,poisson,300,295,5,,not_applicable
30-minute mixed-workload stability run,1,1,670,batch-long-context,-10,poisson,301,300,1,,not_applicable
30-minute mixed-workload stability run,1,1,671,batch-long-context,-10,poisson,303,300,3,,not_applicable
30-minute mixed-workload stability run,1,1,672,batch-long-context,-10,poisson,303,300,3,,not_applicable
30-minute mixed-workload stability run,1,1,673,batch-long-context,-10,poisson,306,300,6,,not_applicable
30-minute mixed-workload stability run,1,1,674,batch-long-context,-10,poisson,307,300,7,,not_applicable
30-minute mixed-workload stability run,1,1,675,batch-long-context,-10,poisson,307,300,7,,not_applicable
30-minute mixed-workload stability run,1,1,676,batch-long-context,-10,poisson,308,300,8,,not_applicable
30-minute mixed-workload stability run,1,1,677,batch-long-context,-10,poisson,308,301,7,,not_applicable
30-minute mixed-workload stability run,1,1,678,batch-long-context,-10,poisson,308,303,5,,not_applicable
30-minute mixed-workload stability run,1,1,679,batch-long-context,-10,poisson,309,306,3,,not_applicable
30-minute mixed-workload stability run,1,1,680,batch-long-context,-10,poisson,311,307,4,,not_applicable
30-minute mixed-workload stability run,1,1,681,batch-long-context,-10,poisson,312,307,5,,not_applicable
30-minute mixed-workload stability run,1,1,682,batch-long-context,-10,poisson,314,308,6,,not_applicable
30-minute mixed-workload stability run,1,1,683,batch-long-context,-10,poisson,314,308,6,,not_applicable
30-minute mixed-workload stability run,1,1,684,batch-long-context,-10,poisson,314,308,6,,not_applicable
30-minute mixed-workload stability run,1,1,685,batch-long-context,-10,poisson,314,309,5,,not_applicable
30-minute mixed-workload stability run,1,1,686,batch-long-context,-10,poisson,316,311,5,,not_applicable
30-minute mixed-workload stability run,1,1,687,batch-long-context,-10,poisson,316,311,5,,not_applicable
30-minute mixed-workload stability run,1,1,688,batch-long-context,-10,poisson,316,311,5,,not_applicable
30-minute mixed-workload stability run,1,1,689,batch-long-context,-10,poisson,316,314,2,,not_applicable
30-minute mixed-workload stability run,1,1,690,batch-long-context,-10,poisson,317,314,3,,not_applicable
30-minute mixed-workload stability run,1,1,691,batch-long-context,-10,poisson,318,314,4,,not_applicable
30-minute mixed-workload stability run,1,1,692,batch-long-context,-10,poisson,318,314,4,,not_applicable
30-minute mixed-workload stability run,1,1,693,batch-long-context,-10,poisson,318,315,3,,not_applicable
30-minute mixed-workload stability run,1,1,694,batch-long-context,-10,poisson,318,316,2,,not_applicable
30-minute mixed-workload stability run,1,1,695,batch-long-context,-10,poisson,318,316,2,,not_applicable
30-minute mixed-workload stability run,1,1,696,batch-long-context,-10,poisson,318,318,0,,not_applicable
30-minute mixed-workload stability run,1,1,697,batch-long-context,-10,poisson,319,318,1,,not_applicable
30-minute mixed-workload stability run,1,1,698,batch-long-context,-10,poisson,319,318,1,,not_applicable
30-minute mixed-workload stability run,1,1,699,batch-long-context,-10,poisson,319,319,0,,not_applicable
30-minute mixed-workload stability run,1,1,700,batch-long-context,-10,poisson,319,319,0,,not_applicable
30-minute mixed-workload stability run,1,1,701,batch-long-context,-10,poisson,321,319,2,,not_applicable
30-minute mixed-workload stability run,1,1,702,batch-long-context,-10,poisson,321,319,2,,not_applicable
30-minute mixed-workload stability run,1,1,703,batch-long-context,-10,poisson,321,319,2,,not_applicable
30-minute mixed-workload stability run,1,1,704,batch-long-context,-10,poisson,322,319,3,,not_applicable
30-minute mixed-workload stability run,1,1,705,batch-long-context,-10,poisson,322,319,3,,not_applicable
30-minute mixed-workload stability run,1,1,706,batch-long-context,-10,poisson,322,319,3,,not_applicable
30-minute mixed-workload stability run,1,1,707,batch-long-context,-10,poisson,324,321,3,,not_applicable
30-minute mixed-workload stability run,1,1,708,batch-long-context,-10,poisson,325,321,4,,not_applicable
30-minute mixed-workload stability run,1,1,709,batch-long-context,-10,poisson,325,321,4,,not_applicable
30-minute mixed-workload stability run,1,1,710,batch-long-context,-10,poisson,327,321,6,,not_applicable
30-minute mixed-workload stability run,1,1,711,batch-long-context,-10,poisson,328,321,7,,not_applicable
30-minute mixed-workload stability run,1,1,712,batch-long-context,-10,poisson,329,321,8,,not_applicable
30-minute mixed-workload stability run,1,1,713,batch-long-context,-10,poisson,330,322,8,,not_applicable
30-minute mixed-workload stability run,1,1,714,batch-long-context,-10,poisson,330,322,8,,not_applicable
30-minute mixed-workload stability run,1,1,715,batch-long-context,-10,poisson,330,324,6,,not_applicable
30-minute mixed-workload stability run,1,1,716,batch-long-context,-10,poisson,330,325,5,,not_applicable
30-minute mixed-workload stability run,1,1,717,batch-long-context,-10,poisson,330,328,2,,not_applicable
30-minute mixed-workload stability run,1,1,718,batch-long-context,-10,poisson,333,329,4,,not_applicable
30-minute mixed-workload stability run,1,1,719,batch-long-context,-10,poisson,333,329,4,,not_applicable
30-minute mixed-workload stability run,1,1,720,batch-long-context,-10,poisson,334,329,5,,not_applicable
30-minute mixed-workload stability run,1,1,721,batch-long-context,-10,poisson,334,330,4,,not_applicable
30-minute mixed-workload stability run,1,1,722,batch-long-context,-10,poisson,334,333,1,,not_applicable
30-minute mixed-workload stability run,1,1,723,batch-long-context,-10,poisson,334,334,0,,not_applicable
30-minute mixed-workload stability run,1,1,724,batch-long-context,-10,poisson,334,334,0,,not_applicable
30-minute mixed-workload stability run,1,1,725,batch-long-context,-10,poisson,334,334,0,,not_applicable
30-minute mixed-workload stability run,1,1,726,batch-long-context,-10,poisson,334,334,0,,not_applicable
30-minute mixed-workload stability run,1,1,727,batch-long-context,-10,poisson,334,334,0,,not_applicable
30-minute mixed-workload stability run,1,1,728,batch-long-context,-10,poisson,334,334,0,,not_applicable
30-minute mixed-workload stability run,1,1,729,batch-long-context,-10,poisson,334,334,0,,not_applicable
30-minute mixed-workload stability run,1,1,730,batch-long-context,-10,poisson,334,334,0,,not_applicable
30-minute mixed-workload stability run,1,1,731,batch-long-context,-10,poisson,334,334,0,,not_applicable
30-minute mixed-workload stability run,1,1,732,batch-long-context,-10,poisson,334,334,0,,not_applicable
30-minute mixed-workload stability run,1,1,733,batch-long-context,-10,poisson,335,334,1,,not_applicable
30-minute mixed-workload stability run,1,1,734,batch-long-context,-10,poisson,336,335,1,,not_applicable
30-minute mixed-workload stability run,1,1,735,batch-long-context,-10,poisson,336,336,0,,not_applicable
30-minute mixed-workload stability run,1,1,736,batch-long-context,-10,poisson,336,336,0,,not_applicable
30-minute mixed-workload stability run,1,1,737,batch-long-context,-10,poisson,336,336,0,,not_applicable
30-minute mixed-workload stability run,1,1,738,batch-long-context,-10,poisson,336,336,0,,not_applicable
30-minute mixed-workload stability run,1,1,739,batch-long-context,-10,poisson,336,336,0,,not_applicable
30-minute mixed-workload stability run,1,1,740,batch-long-context,-10,poisson,336,336,0,,not_applicable
30-minute mixed-workload stability run,1,1,741,batch-long-context,-10,poisson,336,336,0,,not_applicable
30-minute mixed-workload stability run,1,1,742,batch-long-context,-10,poisson,337,336,1,,not_applicable
30-minute mixed-workload stability run,1,1,743,batch-long-context,-10,poisson,337,336,1,,not_applicable
30-minute mixed-workload stability run,1,1,744,batch-long-context,-10,poisson,338,337,1,,not_applicable
30-minute mixed-workload stability run,1,1,745,batch-long-context,-10,poisson,338,337,1,,not_applicable
30-minute mixed-workload stability run,1,1,746,batch-long-context,-10,poisson,338,338,0,,not_applicable
30-minute mixed-workload stability run,1,1,747,batch-long-context,-10,poisson,338,338,0,,not_applicable
30-minute mixed-workload stability run,1,1,748,batch-long-context,-10,poisson,338,338,0,,not_applicable
30-minute mixed-workload stability run,1,1,749,batch-long-context,-10,poisson,338,338,0,,not_applicable
30-minute mixed-workload stability run,1,1,750,batch-long-context,-10,poisson,338,338,0,,not_applicable
30-minute mixed-workload stability run,1,1,751,batch-long-context,-10,poisson,338,338,0,,not_applicable
30-minute mixed-workload stability run,1,1,752,batch-long-context,-10,poisson,338,338,0,,not_applicable
30-minute mixed-workload stability run,1,1,753,batch-long-context,-10,poisson,338,338,0,,not_applicable
30-minute mixed-workload stability run,1,1,754,batch-long-context,-10,poisson,338,338,0,,not_applicable
30-minute mixed-workload stability run,1,1,755,batch-long-context,-10,poisson,338,338,0,,not_applicable
30-minute mixed-workload stability run,1,1,756,batch-long-context,-10,poisson,338,338,0,,not_applicable
30-minute mixed-workload stability run,1,1,757,batch-long-context,-10,poisson,338,338,0,,not_applicable
30-minute mixed-workload stability run,1,1,758,batch-long-context,-10,poisson,338,338,0,,not_applicable
30-minute mixed-workload stability run,1,1,759,batch-long-context,-10,poisson,338,338,0,,not_applicable
30-minute mixed-workload stability run,1,1,760,batch-long-context,-10,poisson,338,338,0,,not_applicable
30-minute mixed-workload stability run,1,1,761,batch-long-context,-10,poisson,338,338,0,,not_applicable
30-minute mixed-workload stability run,1,1,762,batch-long-context,-10,poisson,338,338,0,,not_applicable
30-minute mixed-workload stability run,1,1,763,batch-long-context,-10,poisson,339,338,1,,not_applicable
30-minute mixed-workload stability run,1,1,764,batch-long-context,-10,poisson,339,338,1,,not_applicable
30-minute mixed-workload stability run,1,1,765,batch-long-context,-10,poisson,339,339,0,,not_applicable
30-minute mixed-workload stability run,1,1,766,batch-long-context,-10,poisson,339,339,0,,not_applicable
30-minute mixed-workload stability run,1,1,767,batch-long-context,-10,poisson,339,339,0,,not_applicable
30-minute mixed-workload stability run,1,1,768,batch-long-context,-10,poisson,339,339,0,,not_applicable
30-minute mixed-workload stability run,1,1,769,batch-long-context,-10,poisson,339,339,0,,not_applicable
30-minute mixed-workload stability run,1,1,770,batch-long-context,-10,poisson,339,339,0,,not_applicable
30-minute mixed-workload stability run,1,1,771,batch-long-context,-10,poisson,339,339,0,,not_applicable
30-minute mixed-workload stability run,1,1,772,batch-long-context,-10,poisson,339,339,0,,not_applicable
30-minute mixed-workload stability run,1,1,773,batch-long-context,-10,poisson,339,339,0,,not_applicable
30-minute mixed-workload stability run,1,1,774,batch-long-context,-10,poisson,339,339,0,,not_applicable
30-minute mixed-workload stability run,1,1,775,batch-long-context,-10,poisson,339,339,0,,not_applicable
30-minute mixed-workload stability run,1,1,776,batch-long-context,-10,poisson,339,339,0,,not_applicable
30-minute mixed-workload stability run,1,1,777,batch-long-context,-10,poisson,339,339,0,,not_applicable
30-minute mixed-workload stability run,1,1,778,batch-long-context,-10,poisson,339,339,0,,not_applicable
30-minute mixed-workload stability run,1,1,779,batch-long-context,-10,poisson,339,339,0,,not_applicable
30-minute mixed-workload stability run,1,1,780,batch-long-context,-10,poisson,339,339,0,,not_applicable
30-minute mixed-workload stability run,1,1,781,batch-long-context,-10,poisson,339,339,0,,not_applicable
30-minute mixed-workload stability run,1,1,782,batch-long-context,-10,poisson,339,339,0,,not_applicable
30-minute mixed-workload stability run,1,1,783,batch-long-context,-10,poisson,339,339,0,,not_applicable
30-minute mixed-workload stability run,1,1,784,batch-long-context,-10,poisson,339,339,0,,not_applicable
30-minute mixed-workload stability run,1,1,785,batch-long-context,-10,poisson,339,339,0,,not_applicable
30-minute mixed-workload stability run,1,1,786,batch-long-context,-10,poisson,339,339,0,,not_applicable
30-minute mixed-workload stability run,1,1,787,batch-long-context,-10,poisson,339,339,0,,not_applicable
30-minute mixed-workload stability run,1,1,788,batch-long-context,-10,poisson,339,339,0,,not_applicable
30-minute mixed-workload stability run,1,1,789,batch-long-context,-10,poisson,339,339,0,,not_applicable
30-minute mixed-workload stability run,1,1,790,batch-long-context,-10,poisson,339,339,0,,not_applicable
30-minute mixed-workload stability run,1,1,791,batch-long-context,-10,poisson,339,339,0,,not_applicable
30-minute mixed-workload stability run,1,1,792,batch-long-context,-10,poisson,339,339,0,,not_applicable
30-minute mixed-workload stability run,1,1,793,batch-long-context,-10,poisson,340,339,1,,not_applicable
30-minute mixed-workload stability run,1,1,794,batch-long-context,-10,poisson,340,340,0,,not_applicable
30-minute mixed-workload stability run,1,1,795,batch-long-context,-10,poisson,340,340,0,,not_applicable
30-minute mixed-workload stability run,1,1,796,batch-long-context,-10,poisson,340,340,0,,not_applicable
30-minute mixed-workload stability run,1,1,797,batch-long-context,-10,poisson,340,340,0,,not_applicable
30-minute mixed-workload stability run,1,1,798,batch-long-context,-10,poisson,340,340,0,,not_applicable
30-minute mixed-workload stability run,1,1,799,batch-long-context,-10,poisson,340,340,0,,not_applicable
30-minute mixed-workload stability run,1,1,800,batch-long-context,-10,poisson,340,340,0,,not_applicable
30-minute mixed-workload stability run,1,1,801,batch-long-context,-10,poisson,340,340,0,,not_applicable
30-minute mixed-workload stability run,1,1,802,batch-long-context,-10,poisson,340,340,0,,not_applicable
30-minute mixed-workload stability run,1,1,803,batch-long-context,-10,poisson,340,340,0,,not_applicable
30-minute mixed-workload stability run,1,1,804,batch-long-context,-10,poisson,340,340,0,,not_applicable
30-minute mixed-workload stability run,1,1,805,batch-long-context,-10,poisson,340,340,0,,not_applicable
30-minute mixed-workload stability run,1,1,806,batch-long-context,-10,poisson,340,340,0,,not_applicable
30-minute mixed-workload stability run,1,1,807,batch-long-context,-10,poisson,340,340,0,,not_applicable
30-minute mixed-workload stability run,1,1,808,batch-long-context,-10,poisson,340,340,0,,not_applicable
30-minute mixed-workload stability run,1,1,809,batch-long-context,-10,poisson,340,340,0,,not_applicable
30-minute mixed-workload stability run,1,1,810,batch-long-context,-10,poisson,340,340,0,,not_applicable
30-minute mixed-workload stability run,1,1,811,batch-long-context,-10,poisson,340,340,0,,not_applicable
30-minute mixed-workload stability run,1,1,812,batch-long-context,-10,poisson,340,340,0,,not_applicable
30-minute mixed-workload stability run,1,1,813,batch-long-context,-10,poisson,340,340,0,,not_applicable
30-minute mixed-workload stability run,1,1,814,batch-long-context,-10,poisson,340,340,0,,not_applicable
30-minute mixed-workload stability run,1,1,815,batch-long-context,-10,poisson,341,340,1,,not_applicable
30-minute mixed-workload stability run,1,1,816,batch-long-context,-10,poisson,341,341,0,,not_applicable
30-minute mixed-workload stability run,1,1,817,batch-long-context,-10,poisson,341,341,0,,not_applicable
30-minute mixed-workload stability run,1,1,818,batch-long-context,-10,poisson,342,341,1,,not_applicable
30-minute mixed-workload stability run,1,1,819,batch-long-context,-10,poisson,342,342,0,,not_applicable
30-minute mixed-workload stability run,1,1,820,batch-long-context,-10,poisson,342,342,0,,not_applicable
30-minute mixed-workload stability run,1,1,821,batch-long-context,-10,poisson,342,342,0,,not_applicable
30-minute mixed-workload stability run,1,1,822,batch-long-context,-10,poisson,342,342,0,,not_applicable
30-minute mixed-workload stability run,1,1,823,batch-long-context,-10,poisson,342,342,0,,not_applicable
30-minute mixed-workload stability run,1,1,824,batch-long-context,-10,poisson,342,342,0,,not_applicable
30-minute mixed-workload stability run,1,1,825,batch-long-context,-10,poisson,342,342,0,,not_applicable
30-minute mixed-workload stability run,1,1,826,batch-long-context,-10,poisson,342,342,0,,not_applicable
30-minute mixed-workload stability run,1,1,827,batch-long-context,-10,poisson,342,342,0,,not_applicable
30-minute mixed-workload stability run,1,1,828,batch-long-context,-10,poisson,342,342,0,,not_applicable
30-minute mixed-workload stability run,1,1,829,batch-long-context,-10,poisson,342,342,0,,not_applicable
30-minute mixed-workload stability run,1,1,830,batch-long-context,-10,poisson,342,342,0,,not_applicable
30-minute mixed-workload stability run,1,1,831,batch-long-context,-10,poisson,342,342,0,,not_applicable
30-minute mixed-workload stability run,1,1,832,batch-long-context,-10,poisson,342,342,0,,not_applicable
30-minute mixed-workload stability run,1,1,833,batch-long-context,-10,poisson,342,342,0,,not_applicable
30-minute mixed-workload stability run,1,1,834,batch-long-context,-10,poisson,342,342,0,,not_applicable
30-minute mixed-workload stability run,1,1,835,batch-long-context,-10,poisson,342,342,0,,not_applicable
30-minute mixed-workload stability run,1,1,836,batch-long-context,-10,poisson,342,342,0,,not_applicable
30-minute mixed-workload stability run,1,1,837,batch-long-context,-10,poisson,342,342,0,,not_applicable
30-minute mixed-workload stability run,1,1,838,batch-long-context,-10,poisson,342,342,0,,not_applicable
30-minute mixed-workload stability run,1,1,839,batch-long-context,-10,poisson,342,342,0,,not_applicable
30-minute mixed-workload stability run,1,1,840,batch-long-context,-10,poisson,342,342,0,,not_applicable
30-minute mixed-workload stability run,1,1,841,batch-long-context,-10,poisson,342,342,0,,not_applicable
30-minute mixed-workload stability run,1,1,842,batch-long-context,-10,poisson,342,342,0,,not_applicable
30-minute mixed-workload stability run,1,1,843,batch-long-context,-10,poisson,343,342,1,,not_applicable
30-minute mixed-workload stability run,1,1,844,batch-long-context,-10,poisson,343,342,1,,not_applicable
30-minute mixed-workload stability run,1,1,845,batch-long-context,-10,poisson,343,343,0,,not_applicable
30-minute mixed-workload stability run,1,1,846,batch-long-context,-10,poisson,343,343,0,,not_applicable
30-minute mixed-workload stability run,1,1,847,batch-long-context,-10,poisson,343,343,0,,not_applicable
30-minute mixed-workload stability run,1,1,848,batch-long-context,-10,poisson,343,343,0,,not_applicable
30-minute mixed-workload stability run,1,1,849,batch-long-context,-10,poisson,343,343,0,,not_applicable
30-minute mixed-workload stability run,1,1,850,batch-long-context,-10,poisson,343,343,0,,not_applicable
30-minute mixed-workload stability run,1,1,851,batch-long-context,-10,poisson,343,343,0,,not_applicable
30-minute mixed-workload stability run,1,1,852,batch-long-context,-10,poisson,343,343,0,,not_applicable
30-minute mixed-workload stability run,1,1,853,batch-long-context,-10,poisson,344,343,1,,not_applicable
30-minute mixed-workload stability run,1,1,854,batch-long-context,-10,poisson,345,344,1,,not_applicable
30-minute mixed-workload stability run,1,1,855,batch-long-context,-10,poisson,345,345,0,,not_applicable
30-minute mixed-workload stability run,1,1,856,batch-long-context,-10,poisson,345,345,0,,not_applicable
30-minute mixed-workload stability run,1,1,857,batch-long-context,-10,poisson,345,345,0,,not_applicable
30-minute mixed-workload stability run,1,1,858,batch-long-context,-10,poisson,345,345,0,,not_applicable
30-minute mixed-workload stability run,1,1,859,batch-long-context,-10,poisson,345,345,0,,not_applicable
30-minute mixed-workload stability run,1,1,860,batch-long-context,-10,poisson,345,345,0,,not_applicable
30-minute mixed-workload stability run,1,1,861,batch-long-context,-10,poisson,345,345,0,,not_applicable
30-minute mixed-workload stability run,1,1,862,batch-long-context,-10,poisson,345,345,0,,not_applicable
30-minute mixed-workload stability run,1,1,863,batch-long-context,-10,poisson,345,345,0,,not_applicable
30-minute mixed-workload stability run,1,1,864,batch-long-context,-10,poisson,345,345,0,,not_applicable
30-minute mixed-workload stability run,1,1,865,batch-long-context,-10,poisson,345,345,0,,not_applicable
30-minute mixed-workload stability run,1,1,866,batch-long-context,-10,poisson,345,345,0,,not_applicable
30-minute mixed-workload stability run,1,1,867,batch-long-context,-10,poisson,345,345,0,,not_applicable
30-minute mixed-workload stability run,1,1,868,batch-long-context,-10,poisson,345,345,0,,not_applicable
30-minute mixed-workload stability run,1,1,869,batch-long-context,-10,poisson,345,345,0,,not_applicable
30-minute mixed-workload stability run,1,1,870,batch-long-context,-10,poisson,345,345,0,,not_applicable
30-minute mixed-workload stability run,1,1,871,batch-long-context,-10,poisson,345,345,0,,not_applicable
30-minute mixed-workload stability run,1,1,872,batch-long-context,-10,poisson,345,345,0,,not_applicable
30-minute mixed-workload stability run,1,1,873,batch-long-context,-10,poisson,345,345,0,,not_applicable
30-minute mixed-workload stability run,1,1,874,batch-long-context,-10,poisson,345,345,0,,not_applicable
30-minute mixed-workload stability run,1,1,875,batch-long-context,-10,poisson,345,345,0,,not_applicable
30-minute mixed-workload stability run,1,1,876,batch-long-context,-10,poisson,345,345,0,,not_applicable
30-minute mixed-workload stability run,1,1,877,batch-long-context,-10,poisson,345,345,0,,not_applicable
30-minute mixed-workload stability run,1,1,878,batch-long-context,-10,poisson,345,345,0,,not_applicable
30-minute mixed-workload stability run,1,1,879,batch-long-context,-10,poisson,345,345,0,,not_applicable
30-minute mixed-workload stability run,1,1,880,batch-long-context,-10,poisson,345,345,0,,not_applicable
30-minute mixed-workload stability run,1,1,881,batch-long-context,-10,poisson,345,345,0,,not_applicable
30-minute mixed-workload stability run,1,1,882,batch-long-context,-10,poisson,345,345,0,,not_applicable
30-minute mixed-workload stability run,1,1,883,batch-long-context,-10,poisson,345,345,0,,not_applicable
30-minute mixed-workload stability run,1,1,884,batch-long-context,-10,poisson,345,345,0,,not_applicable
30-minute mixed-workload stability run,1,1,885,batch-long-context,-10,poisson,345,345,0,,not_applicable
30-minute mixed-workload stability run,1,1,886,batch-long-context,-10,poisson,345,345,0,,not_applicable
30-minute mixed-workload stability run,1,1,887,batch-long-context,-10,poisson,345,345,0,,not_applicable
30-minute mixed-workload stability run,1,1,888,batch-long-context,-10,poisson,345,345,0,,not_applicable
30-minute mixed-workload stability run,1,1,889,batch-long-context,-10,poisson,345,345,0,,not_applicable
30-minute mixed-workload stability run,1,1,890,batch-long-context,-10,poisson,345,345,0,,not_applicable
30-minute mixed-workload stability run,1,1,891,batch-long-context,-10,poisson,346,345,1,,not_applicable
30-minute mixed-workload stability run,1,1,892,batch-long-context,-10,poisson,346,346,0,,not_applicable
30-minute mixed-workload stability run,1,1,893,batch-long-context,-10,poisson,346,346,0,,not_applicable
30-minute mixed-workload stability run,1,1,894,batch-long-context,-10,poisson,346,346,0,,not_applicable
30-minute mixed-workload stability run,1,1,895,batch-long-context,-10,poisson,346,346,0,,not_applicable
30-minute mixed-workload stability run,1,1,896,batch-long-context,-10,poisson,346,346,0,,not_applicable
30-minute mixed-workload stability run,1,1,897,batch-long-context,-10,poisson,346,346,0,,not_applicable
30-minute mixed-workload stability run,1,1,898,batch-long-context,-10,poisson,346,346,0,,not_applicable
30-minute mixed-workload stability run,1,1,899,batch-long-context,-10,poisson,346,346,0,,not_applicable
30-minute mixed-workload stability run,1,1,900,batch-long-context,-10,poisson,346,346,0,,not_applicable
30-minute mixed-workload stability run,1,1,901,batch-long-context,-10,poisson,346,346,0,,not_applicable
30-minute mixed-workload stability run,1,1,902,batch-long-context,-10,poisson,346,346,0,,not_applicable
30-minute mixed-workload stability run,1,1,903,batch-long-context,-10,poisson,347,346,1,,not_applicable
30-minute mixed-workload stability run,1,1,904,batch-long-context,-10,poisson,347,346,1,,not_applicable
30-minute mixed-workload stability run,1,1,905,batch-long-context,-10,poisson,347,347,0,,not_applicable
30-minute mixed-workload stability run,1,1,906,batch-long-context,-10,poisson,348,347,1,,not_applicable
30-minute mixed-workload stability run,1,1,907,batch-long-context,-10,poisson,348,347,1,,not_applicable
30-minute mixed-workload stability run,1,1,908,batch-long-context,-10,poisson,349,348,1,,not_applicable
30-minute mixed-workload stability run,1,1,909,batch-long-context,-10,poisson,350,348,2,,not_applicable
30-minute mixed-workload stability run,1,1,910,batch-long-context,-10,poisson,350,349,1,,not_applicable
30-minute mixed-workload stability run,1,1,911,batch-long-context,-10,poisson,351,350,1,,not_applicable
30-minute mixed-workload stability run,1,1,912,batch-long-context,-10,poisson,352,350,2,,not_applicable
30-minute mixed-workload stability run,1,1,913,batch-long-context,-10,poisson,352,351,1,,not_applicable
30-minute mixed-workload stability run,1,1,914,batch-long-context,-10,poisson,352,352,0,,not_applicable
30-minute mixed-workload stability run,1,1,915,batch-long-context,-10,poisson,352,352,0,,not_applicable
30-minute mixed-workload stability run,1,1,916,batch-long-context,-10,poisson,353,352,1,,not_applicable
30-minute mixed-workload stability run,1,1,917,batch-long-context,-10,poisson,353,352,1,,not_applicable
30-minute mixed-workload stability run,1,1,918,batch-long-context,-10,poisson,353,352,1,,not_applicable
30-minute mixed-workload stability run,1,1,919,batch-long-context,-10,poisson,354,353,1,,not_applicable
30-minute mixed-workload stability run,1,1,920,batch-long-context,-10,poisson,355,353,2,,not_applicable
30-minute mixed-workload stability run,1,1,921,batch-long-context,-10,poisson,356,353,3,,not_applicable
30-minute mixed-workload stability run,1,1,922,batch-long-context,-10,poisson,356,353,3,,not_applicable
30-minute mixed-workload stability run,1,1,923,batch-long-context,-10,poisson,357,353,4,,not_applicable
30-minute mixed-workload stability run,1,1,924,batch-long-context,-10,poisson,359,354,5,,not_applicable
30-minute mixed-workload stability run,1,1,925,batch-long-context,-10,poisson,359,354,5,,not_applicable
30-minute mixed-workload stability run,1,1,926,batch-long-context,-10,poisson,359,357,2,,not_applicable
30-minute mixed-workload stability run,1,1,927,batch-long-context,-10,poisson,360,359,1,,not_applicable
30-minute mixed-workload stability run,1,1,928,batch-long-context,-10,poisson,363,359,4,,not_applicable
30-minute mixed-workload stability run,1,1,929,batch-long-context,-10,poisson,364,359,5,,not_applicable
30-minute mixed-workload stability run,1,1,930,batch-long-context,-10,poisson,365,359,6,,not_applicable
30-minute mixed-workload stability run,1,1,931,batch-long-context,-10,poisson,366,359,7,,not_applicable
30-minute mixed-workload stability run,1,1,932,batch-long-context,-10,poisson,366,359,7,,not_applicable
30-minute mixed-workload stability run,1,1,933,batch-long-context,-10,poisson,367,359,8,,not_applicable
30-minute mixed-workload stability run,1,1,934,batch-long-context,-10,poisson,367,359,8,,not_applicable
30-minute mixed-workload stability run,1,1,935,batch-long-context,-10,poisson,367,359,8,,not_applicable
30-minute mixed-workload stability run,1,1,936,batch-long-context,-10,poisson,367,365,2,,not_applicable
30-minute mixed-workload stability run,1,1,937,batch-long-context,-10,poisson,367,367,0,,not_applicable
30-minute mixed-workload stability run,1,1,938,batch-long-context,-10,poisson,367,367,0,,not_applicable
30-minute mixed-workload stability run,1,1,939,batch-long-context,-10,poisson,367,367,0,,not_applicable
30-minute mixed-workload stability run,1,1,940,batch-long-context,-10,poisson,367,367,0,,not_applicable
30-minute mixed-workload stability run,1,1,941,batch-long-context,-10,poisson,368,367,1,,not_applicable
30-minute mixed-workload stability run,1,1,942,batch-long-context,-10,poisson,369,367,2,,not_applicable
30-minute mixed-workload stability run,1,1,943,batch-long-context,-10,poisson,369,367,2,,not_applicable
30-minute mixed-workload stability run,1,1,944,batch-long-context,-10,poisson,369,369,0,,not_applicable
30-minute mixed-workload stability run,1,1,945,batch-long-context,-10,poisson,369,369,0,,not_applicable
30-minute mixed-workload stability run,1,1,946,batch-long-context,-10,poisson,369,369,0,,not_applicable
30-minute mixed-workload stability run,1,1,947,batch-long-context,-10,poisson,369,369,0,,not_applicable
30-minute mixed-workload stability run,1,1,948,batch-long-context,-10,poisson,369,369,0,,not_applicable
30-minute mixed-workload stability run,1,1,949,batch-long-context,-10,poisson,370,369,1,,not_applicable
30-minute mixed-workload stability run,1,1,950,batch-long-context,-10,poisson,372,369,3,,not_applicable
30-minute mixed-workload stability run,1,1,951,batch-long-context,-10,poisson,373,369,4,,not_applicable
30-minute mixed-workload stability run,1,1,952,batch-long-context,-10,poisson,373,369,4,,not_applicable
30-minute mixed-workload stability run,1,1,953,batch-long-context,-10,poisson,373,369,4,,not_applicable
30-minute mixed-workload stability run,1,1,954,batch-long-context,-10,poisson,374,369,5,,not_applicable
30-minute mixed-workload stability run,1,1,955,batch-long-context,-10,poisson,375,369,6,,not_applicable
30-minute mixed-workload stability run,1,1,956,batch-long-context,-10,poisson,377,369,8,,not_applicable
30-minute mixed-workload stability run,1,1,957,batch-long-context,-10,poisson,378,369,9,,not_applicable
30-minute mixed-workload stability run,1,1,958,batch-long-context,-10,poisson,379,370,9,,not_applicable
30-minute mixed-workload stability run,1,1,959,batch-long-context,-10,poisson,379,370,9,,not_applicable
30-minute mixed-workload stability run,1,1,960,batch-long-context,-10,poisson,380,370,10,,not_applicable
30-minute mixed-workload stability run,1,1,961,batch-long-context,-10,poisson,380,373,7,,not_applicable
30-minute mixed-workload stability run,1,1,962,batch-long-context,-10,poisson,380,373,7,,not_applicable
30-minute mixed-workload stability run,1,1,963,batch-long-context,-10,poisson,381,373,8,,not_applicable
30-minute mixed-workload stability run,1,1,964,batch-long-context,-10,poisson,381,376,5,,not_applicable
30-minute mixed-workload stability run,1,1,965,batch-long-context,-10,poisson,381,377,4,,not_applicable
30-minute mixed-workload stability run,1,1,966,batch-long-context,-10,poisson,381,379,2,,not_applicable
30-minute mixed-workload stability run,1,1,967,batch-long-context,-10,poisson,381,380,1,,not_applicable
30-minute mixed-workload stability run,1,1,968,batch-long-context,-10,poisson,381,380,1,,not_applicable
30-minute mixed-workload stability run,1,1,969,batch-long-context,-10,poisson,381,381,0,,not_applicable
30-minute mixed-workload stability run,1,1,970,batch-long-context,-10,poisson,381,381,0,,not_applicable
30-minute mixed-workload stability run,1,1,971,batch-long-context,-10,poisson,383,381,2,,not_applicable
30-minute mixed-workload stability run,1,1,972,batch-long-context,-10,poisson,384,381,3,,not_applicable
30-minute mixed-workload stability run,1,1,973,batch-long-context,-10,poisson,384,381,3,,not_applicable
30-minute mixed-workload stability run,1,1,974,batch-long-context,-10,poisson,386,381,5,,not_applicable
30-minute mixed-workload stability run,1,1,975,batch-long-context,-10,poisson,388,381,7,,not_applicable
30-minute mixed-workload stability run,1,1,976,batch-long-context,-10,poisson,388,381,7,,not_applicable
30-minute mixed-workload stability run,1,1,977,batch-long-context,-10,poisson,389,382,7,,not_applicable
30-minute mixed-workload stability run,1,1,978,batch-long-context,-10,poisson,390,383,7,,not_applicable
30-minute mixed-workload stability run,1,1,979,batch-long-context,-10,poisson,390,384,6,,not_applicable
30-minute mixed-workload stability run,1,1,980,batch-long-context,-10,poisson,391,387,4,,not_applicable
30-minute mixed-workload stability run,1,1,981,batch-long-context,-10,poisson,392,388,4,,not_applicable
30-minute mixed-workload stability run,1,1,982,batch-long-context,-10,poisson,392,388,4,,not_applicable
30-minute mixed-workload stability run,1,1,983,batch-long-context,-10,poisson,392,388,4,,not_applicable
30-minute mixed-workload stability run,1,1,984,batch-long-context,-10,poisson,392,390,2,,not_applicable
30-minute mixed-workload stability run,1,1,985,batch-long-context,-10,poisson,395,390,5,,not_applicable
30-minute mixed-workload stability run,1,1,986,batch-long-context,-10,poisson,395,390,5,,not_applicable
30-minute mixed-workload stability run,1,1,987,batch-long-context,-10,poisson,399,390,9,,not_applicable
30-minute mixed-workload stability run,1,1,988,batch-long-context,-10,poisson,400,390,10,,not_applicable
30-minute mixed-workload stability run,1,1,989,batch-long-context,-10,poisson,400,391,9,,not_applicable
30-minute mixed-workload stability run,1,1,990,batch-long-context,-10,poisson,400,392,8,,not_applicable
30-minute mixed-workload stability run,1,1,991,batch-long-context,-10,poisson,400,392,8,,not_applicable
30-minute mixed-workload stability run,1,1,992,batch-long-context,-10,poisson,400,392,8,,not_applicable
30-minute mixed-workload stability run,1,1,993,batch-long-context,-10,poisson,401,393,8,,not_applicable
30-minute mixed-workload stability run,1,1,994,batch-long-context,-10,poisson,402,395,7,,not_applicable
30-minute mixed-workload stability run,1,1,995,batch-long-context,-10,poisson,404,397,7,,not_applicable
30-minute mixed-workload stability run,1,1,996,batch-long-context,-10,poisson,405,397,8,,not_applicable
30-minute mixed-workload stability run,1,1,997,batch-long-context,-10,poisson,405,397,8,,not_applicable
30-minute mixed-workload stability run,1,1,998,batch-long-context,-10,poisson,406,400,6,,not_applicable
30-minute mixed-workload stability run,1,1,999,batch-long-context,-10,poisson,407,401,6,,not_applicable
30-minute mixed-workload stability run,1,1,1000,batch-long-context,-10,poisson,408,401,7,,not_applicable
30-minute mixed-workload stability run,1,1,1001,batch-long-context,-10,poisson,410,403,7,,not_applicable
30-minute mixed-workload stability run,1,1,1002,batch-long-context,-10,poisson,410,403,7,,not_applicable
30-minute mixed-workload stability run,1,1,1003,batch-long-context,-10,poisson,410,404,6,,not_applicable
30-minute mixed-workload stability run,1,1,1004,batch-long-context,-10,poisson,410,405,5,,not_applicable
30-minute mixed-workload stability run,1,1,1005,batch-long-context,-10,poisson,410,406,4,,not_applicable
30-minute mixed-workload stability run,1,1,1006,batch-long-context,-10,poisson,412,408,4,,not_applicable
30-minute mixed-workload stability run,1,1,1007,batch-long-context,-10,poisson,412,409,3,,not_applicable
30-minute mixed-workload stability run,1,1,1008,batch-long-context,-10,poisson,412,410,2,,not_applicable
30-minute mixed-workload stability run,1,1,1009,batch-long-context,-10,poisson,413,410,3,,not_applicable
30-minute mixed-workload stability run,1,1,1010,batch-long-context,-10,poisson,413,410,3,,not_applicable
30-minute mixed-workload stability run,1,1,1011,batch-long-context,-10,poisson,414,410,4,,not_applicable
30-minute mixed-workload stability run,1,1,1012,batch-long-context,-10,poisson,416,410,6,,not_applicable
30-minute mixed-workload stability run,1,1,1013,batch-long-context,-10,poisson,416,411,5,,not_applicable
30-minute mixed-workload stability run,1,1,1014,batch-long-context,-10,poisson,416,411,5,,not_applicable
30-minute mixed-workload stability run,1,1,1015,batch-long-context,-10,poisson,417,411,6,,not_applicable
30-minute mixed-workload stability run,1,1,1016,batch-long-context,-10,poisson,417,416,1,,not_applicable
30-minute mixed-workload stability run,1,1,1017,batch-long-context,-10,poisson,417,416,1,,not_applicable
30-minute mixed-workload stability run,1,1,1018,batch-long-context,-10,poisson,417,416,1,,not_applicable
30-minute mixed-workload stability run,1,1,1019,batch-long-context,-10,poisson,417,417,0,,not_applicable
30-minute mixed-workload stability run,1,1,1020,batch-long-context,-10,poisson,417,417,0,,not_applicable
30-minute mixed-workload stability run,1,1,1021,batch-long-context,-10,poisson,417,417,0,,not_applicable
30-minute mixed-workload stability run,1,1,1022,batch-long-context,-10,poisson,420,417,3,,not_applicable
30-minute mixed-workload stability run,1,1,1023,batch-long-context,-10,poisson,420,417,3,,not_applicable
30-minute mixed-workload stability run,1,1,1024,batch-long-context,-10,poisson,420,417,3,,not_applicable
30-minute mixed-workload stability run,1,1,1025,batch-long-context,-10,poisson,422,417,5,,not_applicable
30-minute mixed-workload stability run,1,1,1026,batch-long-context,-10,poisson,422,417,5,,not_applicable
30-minute mixed-workload stability run,1,1,1027,batch-long-context,-10,poisson,422,420,2,,not_applicable
30-minute mixed-workload stability run,1,1,1028,batch-long-context,-10,poisson,422,420,2,,not_applicable
30-minute mixed-workload stability run,1,1,1029,batch-long-context,-10,poisson,423,422,1,,not_applicable
30-minute mixed-workload stability run,1,1,1030,batch-long-context,-10,poisson,423,422,1,,not_applicable
30-minute mixed-workload stability run,1,1,1031,batch-long-context,-10,poisson,423,423,0,,not_applicable
30-minute mixed-workload stability run,1,1,1032,batch-long-context,-10,poisson,425,423,2,,not_applicable
30-minute mixed-workload stability run,1,1,1033,batch-long-context,-10,poisson,426,423,3,,not_applicable
30-minute mixed-workload stability run,1,1,1034,batch-long-context,-10,poisson,428,423,5,,not_applicable
30-minute mixed-workload stability run,1,1,1035,batch-long-context,-10,poisson,431,423,8,,not_applicable
30-minute mixed-workload stability run,1,1,1036,batch-long-context,-10,poisson,431,423,8,,not_applicable
30-minute mixed-workload stability run,1,1,1037,batch-long-context,-10,poisson,431,423,8,,not_applicable
30-minute mixed-workload stability run,1,1,1038,batch-long-context,-10,poisson,432,423,9,,not_applicable
30-minute mixed-workload stability run,1,1,1039,batch-long-context,-10,poisson,432,426,6,,not_applicable
30-minute mixed-workload stability run,1,1,1040,batch-long-context,-10,poisson,432,431,1,,not_applicable
30-minute mixed-workload stability run,1,1,1041,batch-long-context,-10,poisson,433,431,2,,not_applicable
30-minute mixed-workload stability run,1,1,1042,batch-long-context,-10,poisson,434,431,3,,not_applicable
30-minute mixed-workload stability run,1,1,1043,batch-long-context,-10,poisson,435,432,3,,not_applicable
30-minute mixed-workload stability run,1,1,1044,batch-long-context,-10,poisson,435,433,2,,not_applicable
30-minute mixed-workload stability run,1,1,1045,batch-long-context,-10,poisson,435,435,0,,not_applicable
30-minute mixed-workload stability run,1,1,1046,batch-long-context,-10,poisson,436,435,1,,not_applicable
30-minute mixed-workload stability run,1,1,1047,batch-long-context,-10,poisson,437,435,2,,not_applicable
30-minute mixed-workload stability run,1,1,1048,batch-long-context,-10,poisson,438,435,3,,not_applicable
30-minute mixed-workload stability run,1,1,1049,batch-long-context,-10,poisson,438,435,3,,not_applicable
30-minute mixed-workload stability run,1,1,1050,batch-long-context,-10,poisson,438,435,3,,not_applicable
30-minute mixed-workload stability run,1,1,1051,batch-long-context,-10,poisson,440,435,5,,not_applicable
30-minute mixed-workload stability run,1,1,1052,batch-long-context,-10,poisson,441,435,6,,not_applicable
30-minute mixed-workload stability run,1,1,1053,batch-long-context,-10,poisson,443,435,8,,not_applicable
30-minute mixed-workload stability run,1,1,1054,batch-long-context,-10,poisson,445,435,10,,not_applicable
30-minute mixed-workload stability run,1,1,1055,batch-long-context,-10,poisson,447,435,12,,not_applicable
30-minute mixed-workload stability run,1,1,1056,batch-long-context,-10,poisson,448,436,12,,not_applicable
30-minute mixed-workload stability run,1,1,1057,batch-long-context,-10,poisson,449,437,12,,not_applicable
30-minute mixed-workload stability run,1,1,1058,batch-long-context,-10,poisson,449,438,11,,not_applicable
30-minute mixed-workload stability run,1,1,1059,batch-long-context,-10,poisson,449,438,11,,not_applicable
30-minute mixed-workload stability run,1,1,1060,batch-long-context,-10,poisson,449,439,10,,not_applicable
30-minute mixed-workload stability run,1,1,1061,batch-long-context,-10,poisson,449,441,8,,not_applicable
30-minute mixed-workload stability run,1,1,1062,batch-long-context,-10,poisson,449,447,2,,not_applicable
30-minute mixed-workload stability run,1,1,1063,batch-long-context,-10,poisson,449,447,2,,not_applicable
30-minute mixed-workload stability run,1,1,1064,batch-long-context,-10,poisson,449,447,2,,not_applicable
30-minute mixed-workload stability run,1,1,1065,batch-long-context,-10,poisson,449,447,2,,not_applicable
30-minute mixed-workload stability run,1,1,1066,batch-long-context,-10,poisson,450,449,1,,not_applicable
30-minute mixed-workload stability run,1,1,1067,batch-long-context,-10,poisson,452,449,3,,not_applicable
30-minute mixed-workload stability run,1,1,1068,batch-long-context,-10,poisson,452,449,3,,not_applicable
30-minute mixed-workload stability run,1,1,1069,batch-long-context,-10,poisson,454,449,5,,not_applicable
30-minute mixed-workload stability run,1,1,1070,batch-long-context,-10,poisson,454,449,5,,not_applicable
30-minute mixed-workload stability run,1,1,1071,batch-long-context,-10,poisson,455,449,6,,not_applicable
30-minute mixed-workload stability run,1,1,1072,batch-long-context,-10,poisson,456,449,7,,not_applicable
30-minute mixed-workload stability run,1,1,1073,batch-long-context,-10,poisson,456,450,6,,not_applicable
30-minute mixed-workload stability run,1,1,1074,batch-long-context,-10,poisson,457,450,7,,not_applicable
30-minute mixed-workload stability run,1,1,1075,batch-long-context,-10,poisson,457,452,5,,not_applicable
30-minute mixed-workload stability run,1,1,1076,batch-long-context,-10,poisson,457,454,3,,not_applicable
30-minute mixed-workload stability run,1,1,1077,batch-long-context,-10,poisson,457,456,1,,not_applicable
30-minute mixed-workload stability run,1,1,1078,batch-long-context,-10,poisson,459,457,2,,not_applicable
30-minute mixed-workload stability run,1,1,1079,batch-long-context,-10,poisson,459,457,2,,not_applicable
30-minute mixed-workload stability run,1,1,1080,batch-long-context,-10,poisson,459,457,2,,not_applicable
30-minute mixed-workload stability run,1,1,1081,batch-long-context,-10,poisson,461,459,2,,not_applicable
30-minute mixed-workload stability run,1,1,1082,batch-long-context,-10,poisson,461,459,2,,not_applicable
30-minute mixed-workload stability run,1,1,1083,batch-long-context,-10,poisson,462,459,3,,not_applicable
30-minute mixed-workload stability run,1,1,1084,batch-long-context,-10,poisson,462,459,3,,not_applicable
30-minute mixed-workload stability run,1,1,1085,batch-long-context,-10,poisson,462,459,3,,not_applicable
30-minute mixed-workload stability run,1,1,1086,batch-long-context,-10,poisson,463,459,4,,not_applicable
30-minute mixed-workload stability run,1,1,1087,batch-long-context,-10,poisson,463,461,2,,not_applicable
30-minute mixed-workload stability run,1,1,1088,batch-long-context,-10,poisson,464,462,2,,not_applicable
30-minute mixed-workload stability run,1,1,1089,batch-long-context,-10,poisson,464,462,2,,not_applicable
30-minute mixed-workload stability run,1,1,1090,batch-long-context,-10,poisson,464,462,2,,not_applicable
30-minute mixed-workload stability run,1,1,1091,batch-long-context,-10,poisson,464,462,2,,not_applicable
30-minute mixed-workload stability run,1,1,1092,batch-long-context,-10,poisson,465,462,3,,not_applicable
30-minute mixed-workload stability run,1,1,1093,batch-long-context,-10,poisson,465,462,3,,not_applicable
30-minute mixed-workload stability run,1,1,1094,batch-long-context,-10,poisson,465,463,2,,not_applicable
30-minute mixed-workload stability run,1,1,1095,batch-long-context,-10,poisson,465,464,1,,not_applicable
30-minute mixed-workload stability run,1,1,1096,batch-long-context,-10,poisson,466,464,2,,not_applicable
30-minute mixed-workload stability run,1,1,1097,batch-long-context,-10,poisson,467,464,3,,not_applicable
30-minute mixed-workload stability run,1,1,1098,batch-long-context,-10,poisson,467,464,3,,not_applicable
30-minute mixed-workload stability run,1,1,1099,batch-long-context,-10,poisson,469,464,5,,not_applicable
30-minute mixed-workload stability run,1,1,1100,batch-long-context,-10,poisson,469,465,4,,not_applicable
30-minute mixed-workload stability run,1,1,1101,batch-long-context,-10,poisson,470,465,5,,not_applicable
30-minute mixed-workload stability run,1,1,1102,batch-long-context,-10,poisson,471,465,6,,not_applicable
30-minute mixed-workload stability run,1,1,1103,batch-long-context,-10,poisson,472,465,7,,not_applicable
30-minute mixed-workload stability run,1,1,1104,batch-long-context,-10,poisson,472,465,7,,not_applicable
30-minute mixed-workload stability run,1,1,1105,batch-long-context,-10,poisson,474,465,9,,not_applicable
30-minute mixed-workload stability run,1,1,1106,batch-long-context,-10,poisson,474,467,7,,not_applicable
30-minute mixed-workload stability run,1,1,1107,batch-long-context,-10,poisson,474,467,7,,not_applicable
30-minute mixed-workload stability run,1,1,1108,batch-long-context,-10,poisson,474,467,7,,not_applicable
30-minute mixed-workload stability run,1,1,1109,batch-long-context,-10,poisson,474,467,7,,not_applicable
30-minute mixed-workload stability run,1,1,1110,batch-long-context,-10,poisson,474,472,2,,not_applicable
30-minute mixed-workload stability run,1,1,1111,batch-long-context,-10,poisson,474,474,0,,not_applicable
30-minute mixed-workload stability run,1,1,1112,batch-long-context,-10,poisson,474,474,0,,not_applicable
30-minute mixed-workload stability run,1,1,1113,batch-long-context,-10,poisson,474,474,0,,not_applicable
30-minute mixed-workload stability run,1,1,1114,batch-long-context,-10,poisson,474,474,0,,not_applicable
30-minute mixed-workload stability run,1,1,1115,batch-long-context,-10,poisson,474,474,0,,not_applicable
30-minute mixed-workload stability run,1,1,1116,batch-long-context,-10,poisson,474,474,0,,not_applicable
30-minute mixed-workload stability run,1,1,1117,batch-long-context,-10,poisson,474,474,0,,not_applicable
30-minute mixed-workload stability run,1,1,1118,batch-long-context,-10,poisson,475,474,1,,not_applicable
30-minute mixed-workload stability run,1,1,1119,batch-long-context,-10,poisson,476,474,2,,not_applicable
30-minute mixed-workload stability run,1,1,1120,batch-long-context,-10,poisson,478,474,4,,not_applicable
30-minute mixed-workload stability run,1,1,1121,batch-long-context,-10,poisson,479,474,5,,not_applicable
30-minute mixed-workload stability run,1,1,1122,batch-long-context,-10,poisson,480,474,6,,not_applicable
30-minute mixed-workload stability run,1,1,1123,batch-long-context,-10,poisson,480,474,6,,not_applicable
30-minute mixed-workload stability run,1,1,1124,batch-long-context,-10,poisson,481,474,7,,not_applicable
30-minute mixed-workload stability run,1,1,1125,batch-long-context,-10,poisson,481,475,6,,not_applicable
30-minute mixed-workload stability run,1,1,1126,batch-long-context,-10,poisson,481,478,3,,not_applicable
30-minute mixed-workload stability run,1,1,1127,batch-long-context,-10,poisson,484,478,6,,not_applicable
30-minute mixed-workload stability run,1,1,1128,batch-long-context,-10,poisson,484,480,4,,not_applicable
30-minute mixed-workload stability run,1,1,1129,batch-long-context,-10,poisson,484,480,4,,not_applicable
30-minute mixed-workload stability run,1,1,1130,batch-long-context,-10,poisson,484,481,3,,not_applicable
30-minute mixed-workload stability run,1,1,1131,batch-long-context,-10,poisson,484,481,3,,not_applicable
30-minute mixed-workload stability run,1,1,1132,batch-long-context,-10,poisson,485,484,1,,not_applicable
30-minute mixed-workload stability run,1,1,1133,batch-long-context,-10,poisson,487,484,3,,not_applicable
30-minute mixed-workload stability run,1,1,1134,batch-long-context,-10,poisson,489,484,5,,not_applicable
30-minute mixed-workload stability run,1,1,1135,batch-long-context,-10,poisson,490,484,6,,not_applicable
30-minute mixed-workload stability run,1,1,1136,batch-long-context,-10,poisson,491,484,7,,not_applicable
30-minute mixed-workload stability run,1,1,1137,batch-long-context,-10,poisson,492,484,8,,not_applicable
30-minute mixed-workload stability run,1,1,1138,batch-long-context,-10,poisson,495,484,11,,not_applicable
30-minute mixed-workload stability run,1,1,1139,batch-long-context,-10,poisson,496,484,12,,not_applicable
30-minute mixed-workload stability run,1,1,1140,batch-long-context,-10,poisson,497,484,13,,not_applicable
30-minute mixed-workload stability run,1,1,1141,batch-long-context,-10,poisson,498,489,9,,not_applicable
30-minute mixed-workload stability run,1,1,1142,batch-long-context,-10,poisson,499,490,9,,not_applicable
30-minute mixed-workload stability run,1,1,1143,batch-long-context,-10,poisson,499,491,8,,not_applicable
30-minute mixed-workload stability run,1,1,1144,batch-long-context,-10,poisson,500,494,6,,not_applicable
30-minute mixed-workload stability run,1,1,1145,batch-long-context,-10,poisson,502,494,8,,not_applicable
30-minute mixed-workload stability run,1,1,1146,batch-long-context,-10,poisson,503,494,9,,not_applicable
30-minute mixed-workload stability run,1,1,1147,batch-long-context,-10,poisson,504,494,10,,not_applicable
30-minute mixed-workload stability run,1,1,1148,batch-long-context,-10,poisson,504,494,10,,not_applicable
30-minute mixed-workload stability run,1,1,1149,batch-long-context,-10,poisson,504,500,4,,not_applicable
30-minute mixed-workload stability run,1,1,1150,batch-long-context,-10,poisson,505,503,2,,not_applicable
30-minute mixed-workload stability run,1,1,1151,batch-long-context,-10,poisson,505,503,2,,not_applicable
30-minute mixed-workload stability run,1,1,1152,batch-long-context,-10,poisson,505,504,1,,not_applicable
30-minute mixed-workload stability run,1,1,1153,batch-long-context,-10,poisson,506,504,2,,not_applicable
30-minute mixed-workload stability run,1,1,1154,batch-long-context,-10,poisson,507,504,3,,not_applicable
30-minute mixed-workload stability run,1,1,1155,batch-long-context,-10,poisson,508,504,4,,not_applicable
30-minute mixed-workload stability run,1,1,1156,batch-long-context,-10,poisson,508,504,4,,not_applicable
30-minute mixed-workload stability run,1,1,1157,batch-long-context,-10,poisson,510,505,5,,not_applicable
30-minute mixed-workload stability run,1,1,1158,batch-long-context,-10,poisson,510,505,5,,not_applicable
30-minute mixed-workload stability run,1,1,1159,batch-long-context,-10,poisson,511,505,6,,not_applicable
30-minute mixed-workload stability run,1,1,1160,batch-long-context,-10,poisson,512,505,7,,not_applicable
30-minute mixed-workload stability run,1,1,1161,batch-long-context,-10,poisson,512,507,5,,not_applicable
30-minute mixed-workload stability run,1,1,1162,batch-long-context,-10,poisson,512,508,4,,not_applicable
30-minute mixed-workload stability run,1,1,1163,batch-long-context,-10,poisson,513,508,5,,not_applicable
30-minute mixed-workload stability run,1,1,1164,batch-long-context,-10,poisson,513,509,4,,not_applicable
30-minute mixed-workload stability run,1,1,1165,batch-long-context,-10,poisson,515,510,5,,not_applicable
30-minute mixed-workload stability run,1,1,1166,batch-long-context,-10,poisson,516,510,6,,not_applicable
30-minute mixed-workload stability run,1,1,1167,batch-long-context,-10,poisson,517,512,5,,not_applicable
30-minute mixed-workload stability run,1,1,1168,batch-long-context,-10,poisson,517,512,5,,not_applicable
30-minute mixed-workload stability run,1,1,1169,batch-long-context,-10,poisson,518,512,6,,not_applicable
30-minute mixed-workload stability run,1,1,1170,batch-long-context,-10,poisson,518,512,6,,not_applicable
30-minute mixed-workload stability run,1,1,1171,batch-long-context,-10,poisson,518,512,6,,not_applicable
30-minute mixed-workload stability run,1,1,1172,batch-long-context,-10,poisson,518,517,1,,not_applicable
30-minute mixed-workload stability run,1,1,1173,batch-long-context,-10,poisson,519,517,2,,not_applicable
30-minute mixed-workload stability run,1,1,1174,batch-long-context,-10,poisson,519,518,1,,not_applicable
30-minute mixed-workload stability run,1,1,1175,batch-long-context,-10,poisson,519,518,1,,not_applicable
30-minute mixed-workload stability run,1,1,1176,batch-long-context,-10,poisson,520,518,2,,not_applicable
30-minute mixed-workload stability run,1,1,1177,batch-long-context,-10,poisson,520,519,1,,not_applicable
30-minute mixed-workload stability run,1,1,1178,batch-long-context,-10,poisson,522,519,3,,not_applicable
30-minute mixed-workload stability run,1,1,1179,batch-long-context,-10,poisson,523,519,4,,not_applicable
30-minute mixed-workload stability run,1,1,1180,batch-long-context,-10,poisson,523,519,4,,not_applicable
30-minute mixed-workload stability run,1,1,1181,batch-long-context,-10,poisson,523,520,3,,not_applicable
30-minute mixed-workload stability run,1,1,1182,batch-long-context,-10,poisson,527,522,5,,not_applicable
30-minute mixed-workload stability run,1,1,1183,batch-long-context,-10,poisson,528,523,5,,not_applicable
30-minute mixed-workload stability run,1,1,1184,batch-long-context,-10,poisson,528,523,5,,not_applicable
30-minute mixed-workload stability run,1,1,1185,batch-long-context,-10,poisson,529,523,6,,not_applicable
30-minute mixed-workload stability run,1,1,1186,batch-long-context,-10,poisson,529,523,6,,not_applicable
30-minute mixed-workload stability run,1,1,1187,batch-long-context,-10,poisson,530,523,7,,not_applicable
30-minute mixed-workload stability run,1,1,1188,batch-long-context,-10,poisson,530,528,2,,not_applicable
30-minute mixed-workload stability run,1,1,1189,batch-long-context,-10,poisson,530,529,1,,not_applicable
30-minute mixed-workload stability run,1,1,1190,batch-long-context,-10,poisson,530,529,1,,not_applicable
30-minute mixed-workload stability run,1,1,1191,batch-long-context,-10,poisson,530,530,0,,not_applicable
30-minute mixed-workload stability run,1,1,1192,batch-long-context,-10,poisson,530,530,0,,not_applicable
30-minute mixed-workload stability run,1,1,1193,batch-long-context,-10,poisson,530,530,0,,not_applicable
30-minute mixed-workload stability run,1,1,1194,batch-long-context,-10,poisson,530,530,0,,not_applicable
30-minute mixed-workload stability run,1,1,1195,batch-long-context,-10,poisson,531,530,1,,not_applicable
30-minute mixed-workload stability run,1,1,1196,batch-long-context,-10,poisson,533,530,3,,not_applicable
30-minute mixed-workload stability run,1,1,1197,batch-long-context,-10,poisson,536,530,6,,not_applicable
30-minute mixed-workload stability run,1,1,1198,batch-long-context,-10,poisson,536,530,6,,not_applicable
30-minute mixed-workload stability run,1,1,1199,batch-long-context,-10,poisson,536,530,6,,not_applicable
30-minute mixed-workload stability run,1,1,1200,batch-long-context,-10,poisson,540,531,9,,not_applicable
30-minute mixed-workload stability run,1,1,1201,batch-long-context,-10,poisson,541,531,10,,not_applicable
30-minute mixed-workload stability run,1,1,1202,batch-long-context,-10,poisson,541,531,10,,not_applicable
30-minute mixed-workload stability run,1,1,1203,batch-long-context,-10,poisson,542,531,11,,not_applicable
30-minute mixed-workload stability run,1,1,1204,batch-long-context,-10,poisson,542,536,6,,not_applicable
30-minute mixed-workload stability run,1,1,1205,batch-long-context,-10,poisson,543,541,2,,not_applicable
30-minute mixed-workload stability run,1,1,1206,batch-long-context,-10,poisson,544,542,2,,not_applicable
30-minute mixed-workload stability run,1,1,1207,batch-long-context,-10,poisson,545,542,3,,not_applicable
30-minute mixed-workload stability run,1,1,1208,batch-long-context,-10,poisson,545,543,2,,not_applicable
30-minute mixed-workload stability run,1,1,1209,batch-long-context,-10,poisson,545,543,2,,not_applicable
30-minute mixed-workload stability run,1,1,1210,batch-long-context,-10,poisson,545,545,0,,not_applicable
30-minute mixed-workload stability run,1,1,1211,batch-long-context,-10,poisson,548,545,3,,not_applicable
30-minute mixed-workload stability run,1,1,1212,batch-long-context,-10,poisson,549,545,4,,not_applicable
30-minute mixed-workload stability run,1,1,1213,batch-long-context,-10,poisson,550,545,5,,not_applicable
30-minute mixed-workload stability run,1,1,1214,batch-long-context,-10,poisson,550,545,5,,not_applicable
30-minute mixed-workload stability run,1,1,1215,batch-long-context,-10,poisson,550,545,5,,not_applicable
30-minute mixed-workload stability run,1,1,1216,batch-long-context,-10,poisson,550,545,5,,not_applicable
30-minute mixed-workload stability run,1,1,1217,batch-long-context,-10,poisson,551,545,6,,not_applicable
30-minute mixed-workload stability run,1,1,1218,batch-long-context,-10,poisson,552,545,7,,not_applicable
30-minute mixed-workload stability run,1,1,1219,batch-long-context,-10,poisson,552,545,7,,not_applicable
30-minute mixed-workload stability run,1,1,1220,batch-long-context,-10,poisson,554,548,6,,not_applicable
30-minute mixed-workload stability run,1,1,1221,batch-long-context,-10,poisson,556,550,6,,not_applicable
30-minute mixed-workload stability run,1,1,1222,batch-long-context,-10,poisson,556,550,6,,not_applicable
30-minute mixed-workload stability run,1,1,1223,batch-long-context,-10,poisson,557,550,7,,not_applicable
30-minute mixed-workload stability run,1,1,1224,batch-long-context,-10,poisson,558,551,7,,not_applicable
30-minute mixed-workload stability run,1,1,1225,batch-long-context,-10,poisson,558,552,6,,not_applicable
30-minute mixed-workload stability run,1,1,1226,batch-long-context,-10,poisson,558,556,2,,not_applicable
30-minute mixed-workload stability run,1,1,1227,batch-long-context,-10,poisson,558,557,1,,not_applicable
30-minute mixed-workload stability run,1,1,1228,batch-long-context,-10,poisson,558,558,0,,not_applicable
30-minute mixed-workload stability run,1,1,1229,batch-long-context,-10,poisson,559,558,1,,not_applicable
30-minute mixed-workload stability run,1,1,1230,batch-long-context,-10,poisson,560,558,2,,not_applicable
30-minute mixed-workload stability run,1,1,1231,batch-long-context,-10,poisson,561,558,3,,not_applicable
30-minute mixed-workload stability run,1,1,1232,batch-long-context,-10,poisson,561,558,3,,not_applicable
30-minute mixed-workload stability run,1,1,1233,batch-long-context,-10,poisson,563,558,5,,not_applicable
30-minute mixed-workload stability run,1,1,1234,batch-long-context,-10,poisson,563,558,5,,not_applicable
30-minute mixed-workload stability run,1,1,1235,batch-long-context,-10,poisson,563,561,2,,not_applicable
30-minute mixed-workload stability run,1,1,1236,batch-long-context,-10,poisson,564,561,3,,not_applicable
30-minute mixed-workload stability run,1,1,1237,batch-long-context,-10,poisson,566,563,3,,not_applicable
30-minute mixed-workload stability run,1,1,1238,batch-long-context,-10,poisson,566,563,3,,not_applicable
30-minute mixed-workload stability run,1,1,1239,batch-long-context,-10,poisson,566,564,2,,not_applicable
30-minute mixed-workload stability run,1,1,1240,batch-long-context,-10,poisson,568,564,4,,not_applicable
30-minute mixed-workload stability run,1,1,1241,batch-long-context,-10,poisson,568,564,4,,not_applicable
30-minute mixed-workload stability run,1,1,1242,batch-long-context,-10,poisson,569,564,5,,not_applicable
30-minute mixed-workload stability run,1,1,1243,batch-long-context,-10,poisson,570,564,6,,not_applicable
30-minute mixed-workload stability run,1,1,1244,batch-long-context,-10,poisson,572,565,7,,not_applicable
30-minute mixed-workload stability run,1,1,1245,batch-long-context,-10,poisson,572,566,6,,not_applicable
30-minute mixed-workload stability run,1,1,1246,batch-long-context,-10,poisson,574,566,8,,not_applicable
30-minute mixed-workload stability run,1,1,1247,batch-long-context,-10,poisson,574,566,8,,not_applicable
30-minute mixed-workload stability run,1,1,1248,batch-long-context,-10,poisson,574,568,6,,not_applicable
30-minute mixed-workload stability run,1,1,1249,batch-long-context,-10,poisson,574,572,2,,not_applicable
30-minute mixed-workload stability run,1,1,1250,batch-long-context,-10,poisson,575,572,3,,not_applicable
30-minute mixed-workload stability run,1,1,1251,batch-long-context,-10,poisson,575,573,2,,not_applicable
30-minute mixed-workload stability run,1,1,1252,batch-long-context,-10,poisson,576,574,2,,not_applicable
30-minute mixed-workload stability run,1,1,1253,batch-long-context,-10,poisson,577,574,3,,not_applicable
30-minute mixed-workload stability run,1,1,1254,batch-long-context,-10,poisson,577,574,3,,not_applicable
30-minute mixed-workload stability run,1,1,1255,batch-long-context,-10,poisson,577,575,2,,not_applicable
30-minute mixed-workload stability run,1,1,1256,batch-long-context,-10,poisson,577,575,2,,not_applicable
30-minute mixed-workload stability run,1,1,1257,batch-long-context,-10,poisson,577,575,2,,not_applicable
30-minute mixed-workload stability run,1,1,1258,batch-long-context,-10,poisson,578,577,1,,not_applicable
30-minute mixed-workload stability run,1,1,1259,batch-long-context,-10,poisson,579,577,2,,not_applicable
30-minute mixed-workload stability run,1,1,1260,batch-long-context,-10,poisson,579,577,2,,not_applicable
30-minute mixed-workload stability run,1,1,1261,batch-long-context,-10,poisson,580,577,3,,not_applicable
30-minute mixed-workload stability run,1,1,1262,batch-long-context,-10,poisson,581,577,4,,not_applicable
30-minute mixed-workload stability run,1,1,1263,batch-long-context,-10,poisson,581,578,3,,not_applicable
30-minute mixed-workload stability run,1,1,1264,batch-long-context,-10,poisson,581,578,3,,not_applicable
30-minute mixed-workload stability run,1,1,1265,batch-long-context,-10,poisson,581,579,2,,not_applicable
30-minute mixed-workload stability run,1,1,1266,batch-long-context,-10,poisson,581,580,1,,not_applicable
30-minute mixed-workload stability run,1,1,1267,batch-long-context,-10,poisson,585,581,4,,not_applicable
30-minute mixed-workload stability run,1,1,1268,batch-long-context,-10,poisson,585,581,4,,not_applicable
30-minute mixed-workload stability run,1,1,1269,batch-long-context,-10,poisson,585,581,4,,not_applicable
30-minute mixed-workload stability run,1,1,1270,batch-long-context,-10,poisson,586,581,5,,not_applicable
30-minute mixed-workload stability run,1,1,1271,batch-long-context,-10,poisson,587,581,6,,not_applicable
30-minute mixed-workload stability run,1,1,1272,batch-long-context,-10,poisson,588,581,7,,not_applicable
30-minute mixed-workload stability run,1,1,1273,batch-long-context,-10,poisson,589,585,4,,not_applicable
30-minute mixed-workload stability run,1,1,1274,batch-long-context,-10,poisson,590,585,5,,not_applicable
30-minute mixed-workload stability run,1,1,1275,batch-long-context,-10,poisson,590,585,5,,not_applicable
30-minute mixed-workload stability run,1,1,1276,batch-long-context,-10,poisson,590,585,5,,not_applicable
30-minute mixed-workload stability run,1,1,1277,batch-long-context,-10,poisson,591,585,6,,not_applicable
30-minute mixed-workload stability run,1,1,1278,batch-long-context,-10,poisson,591,586,5,,not_applicable
30-minute mixed-workload stability run,1,1,1279,batch-long-context,-10,poisson,591,588,3,,not_applicable
30-minute mixed-workload stability run,1,1,1280,batch-long-context,-10,poisson,591,590,1,,not_applicable
30-minute mixed-workload stability run,1,1,1281,batch-long-context,-10,poisson,593,591,2,,not_applicable
30-minute mixed-workload stability run,1,1,1282,batch-long-context,-10,poisson,593,591,2,,not_applicable
30-minute mixed-workload stability run,1,1,1283,batch-long-context,-10,poisson,593,591,2,,not_applicable
30-minute mixed-workload stability run,1,1,1284,batch-long-context,-10,poisson,593,591,2,,not_applicable
30-minute mixed-workload stability run,1,1,1285,batch-long-context,-10,poisson,593,593,0,,not_applicable
30-minute mixed-workload stability run,1,1,1286,batch-long-context,-10,poisson,593,593,0,,not_applicable
30-minute mixed-workload stability run,1,1,1287,batch-long-context,-10,poisson,593,593,0,,not_applicable
30-minute mixed-workload stability run,1,1,1288,batch-long-context,-10,poisson,594,593,1,,not_applicable
30-minute mixed-workload stability run,1,1,1289,batch-long-context,-10,poisson,594,593,1,,not_applicable
30-minute mixed-workload stability run,1,1,1290,batch-long-context,-10,poisson,594,593,1,,not_applicable
30-minute mixed-workload stability run,1,1,1291,batch-long-context,-10,poisson,595,593,2,,not_applicable
30-minute mixed-workload stability run,1,1,1292,batch-long-context,-10,poisson,596,593,3,,not_applicable
30-minute mixed-workload stability run,1,1,1293,batch-long-context,-10,poisson,598,594,4,,not_applicable
30-minute mixed-workload stability run,1,1,1294,batch-long-context,-10,poisson,598,594,4,,not_applicable
30-minute mixed-workload stability run,1,1,1295,batch-long-context,-10,poisson,598,594,4,,not_applicable
30-minute mixed-workload stability run,1,1,1296,batch-long-context,-10,poisson,601,594,7,,not_applicable
30-minute mixed-workload stability run,1,1,1297,batch-long-context,-10,poisson,602,594,8,,not_applicable
30-minute mixed-workload stability run,1,1,1298,batch-long-context,-10,poisson,603,594,9,,not_applicable
30-minute mixed-workload stability run,1,1,1299,batch-long-context,-10,poisson,605,594,11,,not_applicable
30-minute mixed-workload stability run,1,1,1300,batch-long-context,-10,poisson,605,595,10,,not_applicable
30-minute mixed-workload stability run,1,1,1301,batch-long-context,-10,poisson,605,598,7,,not_applicable
30-minute mixed-workload stability run,1,1,1302,batch-long-context,-10,poisson,607,598,9,,not_applicable
30-minute mixed-workload stability run,1,1,1303,batch-long-context,-10,poisson,608,600,8,,not_applicable
30-minute mixed-workload stability run,1,1,1304,batch-long-context,-10,poisson,608,604,4,,not_applicable
30-minute mixed-workload stability run,1,1,1305,batch-long-context,-10,poisson,612,605,7,,not_applicable
30-minute mixed-workload stability run,1,1,1306,batch-long-context,-10,poisson,614,605,9,,not_applicable
30-minute mixed-workload stability run,1,1,1307,batch-long-context,-10,poisson,616,605,11,,not_applicable
30-minute mixed-workload stability run,1,1,1308,batch-long-context,-10,poisson,616,605,11,,not_applicable
30-minute mixed-workload stability run,1,1,1309,batch-long-context,-10,poisson,616,605,11,,not_applicable
30-minute mixed-workload stability run,1,1,1310,batch-long-context,-10,poisson,618,605,13,,not_applicable
30-minute mixed-workload stability run,1,1,1311,batch-long-context,-10,poisson,618,608,10,,not_applicable
30-minute mixed-workload stability run,1,1,1312,batch-long-context,-10,poisson,618,608,10,,not_applicable
30-minute mixed-workload stability run,1,1,1313,batch-long-context,-10,poisson,619,614,5,,not_applicable
30-minute mixed-workload stability run,1,1,1314,batch-long-context,-10,poisson,619,616,3,,not_applicable
30-minute mixed-workload stability run,1,1,1315,batch-long-context,-10,poisson,620,616,4,,not_applicable
30-minute mixed-workload stability run,1,1,1316,batch-long-context,-10,poisson,622,616,6,,not_applicable
30-minute mixed-workload stability run,1,1,1317,batch-long-context,-10,poisson,622,616,6,,not_applicable
30-minute mixed-workload stability run,1,1,1318,batch-long-context,-10,poisson,623,616,7,,not_applicable
30-minute mixed-workload stability run,1,1,1319,batch-long-context,-10,poisson,624,616,8,,not_applicable
30-minute mixed-workload stability run,1,1,1320,batch-long-context,-10,poisson,624,616,8,,not_applicable
30-minute mixed-workload stability run,1,1,1321,batch-long-context,-10,poisson,624,616,8,,not_applicable
30-minute mixed-workload stability run,1,1,1322,batch-long-context,-10,poisson,624,616,8,,not_applicable
30-minute mixed-workload stability run,1,1,1323,batch-long-context,-10,poisson,624,616,8,,not_applicable
30-minute mixed-workload stability run,1,1,1324,batch-long-context,-10,poisson,624,616,8,,not_applicable
30-minute mixed-workload stability run,1,1,1325,batch-long-context,-10,poisson,625,616,9,,not_applicable
30-minute mixed-workload stability run,1,1,1326,batch-long-context,-10,poisson,625,616,9,,not_applicable
30-minute mixed-workload stability run,1,1,1327,batch-long-context,-10,poisson,625,623,2,,not_applicable
30-minute mixed-workload stability run,1,1,1328,batch-long-context,-10,poisson,626,624,2,,not_applicable
30-minute mixed-workload stability run,1,1,1329,batch-long-context,-10,poisson,626,625,1,,not_applicable
30-minute mixed-workload stability run,1,1,1330,batch-long-context,-10,poisson,626,626,0,,not_applicable
30-minute mixed-workload stability run,1,1,1331,batch-long-context,-10,poisson,626,626,0,,not_applicable
30-minute mixed-workload stability run,1,1,1332,batch-long-context,-10,poisson,626,626,0,,not_applicable
30-minute mixed-workload stability run,1,1,1333,batch-long-context,-10,poisson,626,626,0,,not_applicable
30-minute mixed-workload stability run,1,1,1334,batch-long-context,-10,poisson,626,626,0,,not_applicable
30-minute mixed-workload stability run,1,1,1335,batch-long-context,-10,poisson,626,626,0,,not_applicable
30-minute mixed-workload stability run,1,1,1336,batch-long-context,-10,poisson,626,626,0,,not_applicable
30-minute mixed-workload stability run,1,1,1337,batch-long-context,-10,poisson,626,626,0,,not_applicable
30-minute mixed-workload stability run,1,1,1338,batch-long-context,-10,poisson,626,626,0,,not_applicable
30-minute mixed-workload stability run,1,1,1339,batch-long-context,-10,poisson,626,626,0,,not_applicable
30-minute mixed-workload stability run,1,1,1340,batch-long-context,-10,poisson,626,626,0,,not_applicable
30-minute mixed-workload stability run,1,1,1341,batch-long-context,-10,poisson,626,626,0,,not_applicable
30-minute mixed-workload stability run,1,1,1342,batch-long-context,-10,poisson,627,626,1,,not_applicable
30-minute mixed-workload stability run,1,1,1343,batch-long-context,-10,poisson,627,626,1,,not_applicable
30-minute mixed-workload stability run,1,1,1344,batch-long-context,-10,poisson,627,627,0,,not_applicable
30-minute mixed-workload stability run,1,1,1345,batch-long-context,-10,poisson,627,627,0,,not_applicable
30-minute mixed-workload stability run,1,1,1346,batch-long-context,-10,poisson,627,627,0,,not_applicable
30-minute mixed-workload stability run,1,1,1347,batch-long-context,-10,poisson,627,627,0,,not_applicable
30-minute mixed-workload stability run,1,1,1348,batch-long-context,-10,poisson,627,627,0,,not_applicable
30-minute mixed-workload stability run,1,1,1349,batch-long-context,-10,poisson,627,627,0,,not_applicable
30-minute mixed-workload stability run,1,1,1350,batch-long-context,-10,poisson,627,627,0,,not_applicable
30-minute mixed-workload stability run,1,1,1351,batch-long-context,-10,poisson,627,627,0,,not_applicable
30-minute mixed-workload stability run,1,1,1352,batch-long-context,-10,poisson,627,627,0,,not_applicable
30-minute mixed-workload stability run,1,1,1353,batch-long-context,-10,poisson,627,627,0,,not_applicable
30-minute mixed-workload stability run,1,1,1354,batch-long-context,-10,poisson,627,627,0,,not_applicable
30-minute mixed-workload stability run,1,1,1355,batch-long-context,-10,poisson,627,627,0,,not_applicable
30-minute mixed-workload stability run,1,1,1356,batch-long-context,-10,poisson,627,627,0,,not_applicable
30-minute mixed-workload stability run,1,1,1357,batch-long-context,-10,poisson,627,627,0,,not_applicable
30-minute mixed-workload stability run,1,1,1358,batch-long-context,-10,poisson,627,627,0,,not_applicable
30-minute mixed-workload stability run,1,1,1359,batch-long-context,-10,poisson,627,627,0,,not_applicable
30-minute mixed-workload stability run,1,1,1360,batch-long-context,-10,poisson,627,627,0,,not_applicable
30-minute mixed-workload stability run,1,1,1361,batch-long-context,-10,poisson,628,627,1,,not_applicable
30-minute mixed-workload stability run,1,1,1362,batch-long-context,-10,poisson,628,628,0,,not_applicable
30-minute mixed-workload stability run,1,1,1363,batch-long-context,-10,poisson,628,628,0,,not_applicable
30-minute mixed-workload stability run,1,1,1364,batch-long-context,-10,poisson,628,628,0,,not_applicable
30-minute mixed-workload stability run,1,1,1365,batch-long-context,-10,poisson,628,628,0,,not_applicable
30-minute mixed-workload stability run,1,1,1366,batch-long-context,-10,poisson,629,628,1,,not_applicable
30-minute mixed-workload stability run,1,1,1367,batch-long-context,-10,poisson,629,629,0,,not_applicable
30-minute mixed-workload stability run,1,1,1368,batch-long-context,-10,poisson,629,629,0,,not_applicable
30-minute mixed-workload stability run,1,1,1369,batch-long-context,-10,poisson,629,629,0,,not_applicable
30-minute mixed-workload stability run,1,1,1370,batch-long-context,-10,poisson,629,629,0,,not_applicable
30-minute mixed-workload stability run,1,1,1371,batch-long-context,-10,poisson,629,629,0,,not_applicable
30-minute mixed-workload stability run,1,1,1372,batch-long-context,-10,poisson,629,629,0,,not_applicable
30-minute mixed-workload stability run,1,1,1373,batch-long-context,-10,poisson,629,629,0,,not_applicable
30-minute mixed-workload stability run,1,1,1374,batch-long-context,-10,poisson,629,629,0,,not_applicable
30-minute mixed-workload stability run,1,1,1375,batch-long-context,-10,poisson,629,629,0,,not_applicable
30-minute mixed-workload stability run,1,1,1376,batch-long-context,-10,poisson,630,629,1,,not_applicable
30-minute mixed-workload stability run,1,1,1377,batch-long-context,-10,poisson,630,630,0,,not_applicable
30-minute mixed-workload stability run,1,1,1378,batch-long-context,-10,poisson,630,630,0,,not_applicable
30-minute mixed-workload stability run,1,1,1379,batch-long-context,-10,poisson,630,630,0,,not_applicable
30-minute mixed-workload stability run,1,1,1380,batch-long-context,-10,poisson,630,630,0,,not_applicable
30-minute mixed-workload stability run,1,1,1381,batch-long-context,-10,poisson,630,630,0,,not_applicable
30-minute mixed-workload stability run,1,1,1382,batch-long-context,-10,poisson,630,630,0,,not_applicable
30-minute mixed-workload stability run,1,1,1383,batch-long-context,-10,poisson,630,630,0,,not_applicable
30-minute mixed-workload stability run,1,1,1384,batch-long-context,-10,poisson,630,630,0,,not_applicable
30-minute mixed-workload stability run,1,1,1385,batch-long-context,-10,poisson,630,630,0,,not_applicable
30-minute mixed-workload stability run,1,1,1386,batch-long-context,-10,poisson,630,630,0,,not_applicable
30-minute mixed-workload stability run,1,1,1387,batch-long-context,-10,poisson,630,630,0,,not_applicable
30-minute mixed-workload stability run,1,1,1388,batch-long-context,-10,poisson,630,630,0,,not_applicable
30-minute mixed-workload stability run,1,1,1389,batch-long-context,-10,poisson,630,630,0,,not_applicable
30-minute mixed-workload stability run,1,1,1390,batch-long-context,-10,poisson,630,630,0,,not_applicable
30-minute mixed-workload stability run,1,1,1391,batch-long-context,-10,poisson,631,630,1,,not_applicable
30-minute mixed-workload stability run,1,1,1392,batch-long-context,-10,poisson,631,630,1,,not_applicable
30-minute mixed-workload stability run,1,1,1393,batch-long-context,-10,poisson,631,631,0,,not_applicable
30-minute mixed-workload stability run,1,1,1394,batch-long-context,-10,poisson,631,631,0,,not_applicable
30-minute mixed-workload stability run,1,1,1395,batch-long-context,-10,poisson,631,631,0,,not_applicable
30-minute mixed-workload stability run,1,1,1396,batch-long-context,-10,poisson,631,631,0,,not_applicable
30-minute mixed-workload stability run,1,1,1397,batch-long-context,-10,poisson,631,631,0,,not_applicable
30-minute mixed-workload stability run,1,1,1398,batch-long-context,-10,poisson,631,631,0,,not_applicable
30-minute mixed-workload stability run,1,1,1399,batch-long-context,-10,poisson,631,631,0,,not_applicable
30-minute mixed-workload stability run,1,1,1400,batch-long-context,-10,poisson,631,631,0,,not_applicable
30-minute mixed-workload stability run,1,1,1401,batch-long-context,-10,poisson,631,631,0,,not_applicable
30-minute mixed-workload stability run,1,1,1402,batch-long-context,-10,poisson,631,631,0,,not_applicable
30-minute mixed-workload stability run,1,1,1403,batch-long-context,-10,poisson,631,631,0,,not_applicable
30-minute mixed-workload stability run,1,1,1404,batch-long-context,-10,poisson,631,631,0,,not_applicable
30-minute mixed-workload stability run,1,1,1405,batch-long-context,-10,poisson,631,631,0,,not_applicable
30-minute mixed-workload stability run,1,1,1406,batch-long-context,-10,poisson,631,631,0,,not_applicable
30-minute mixed-workload stability run,1,1,1407,batch-long-context,-10,poisson,631,631,0,,not_applicable
30-minute mixed-workload stability run,1,1,1408,batch-long-context,-10,poisson,631,631,0,,not_applicable
30-minute mixed-workload stability run,1,1,1409,batch-long-context,-10,poisson,631,631,0,,not_applicable
30-minute mixed-workload stability run,1,1,1410,batch-long-context,-10,poisson,631,631,0,,not_applicable
30-minute mixed-workload stability run,1,1,1411,batch-long-context,-10,poisson,631,631,0,,not_applicable
30-minute mixed-workload stability run,1,1,1412,batch-long-context,-10,poisson,632,631,1,,not_applicable
30-minute mixed-workload stability run,1,1,1413,batch-long-context,-10,poisson,632,632,0,,not_applicable
30-minute mixed-workload stability run,1,1,1414,batch-long-context,-10,poisson,633,632,1,,not_applicable
30-minute mixed-workload stability run,1,1,1415,batch-long-context,-10,poisson,633,633,0,,not_applicable
30-minute mixed-workload stability run,1,1,1416,batch-long-context,-10,poisson,633,633,0,,not_applicable
30-minute mixed-workload stability run,1,1,1417,batch-long-context,-10,poisson,633,633,0,,not_applicable
30-minute mixed-workload stability run,1,1,1418,batch-long-context,-10,poisson,633,633,0,,not_applicable
30-minute mixed-workload stability run,1,1,1419,batch-long-context,-10,poisson,633,633,0,,not_applicable
30-minute mixed-workload stability run,1,1,1420,batch-long-context,-10,poisson,633,633,0,,not_applicable
30-minute mixed-workload stability run,1,1,1421,batch-long-context,-10,poisson,634,633,1,,not_applicable
30-minute mixed-workload stability run,1,1,1422,batch-long-context,-10,poisson,635,633,2,,not_applicable
30-minute mixed-workload stability run,1,1,1423,batch-long-context,-10,poisson,635,634,1,,not_applicable
30-minute mixed-workload stability run,1,1,1424,batch-long-context,-10,poisson,635,635,0,,not_applicable
30-minute mixed-workload stability run,1,1,1425,batch-long-context,-10,poisson,636,635,1,,not_applicable
30-minute mixed-workload stability run,1,1,1426,batch-long-context,-10,poisson,636,636,0,,not_applicable
30-minute mixed-workload stability run,1,1,1427,batch-long-context,-10,poisson,636,636,0,,not_applicable
30-minute mixed-workload stability run,1,1,1428,batch-long-context,-10,poisson,636,636,0,,not_applicable
30-minute mixed-workload stability run,1,1,1429,batch-long-context,-10,poisson,636,636,0,,not_applicable
30-minute mixed-workload stability run,1,1,1430,batch-long-context,-10,poisson,636,636,0,,not_applicable
30-minute mixed-workload stability run,1,1,1431,batch-long-context,-10,poisson,636,636,0,,not_applicable
30-minute mixed-workload stability run,1,1,1432,batch-long-context,-10,poisson,636,636,0,,not_applicable
30-minute mixed-workload stability run,1,1,1433,batch-long-context,-10,poisson,636,636,0,,not_applicable
30-minute mixed-workload stability run,1,1,1434,batch-long-context,-10,poisson,636,636,0,,not_applicable
30-minute mixed-workload stability run,1,1,1435,batch-long-context,-10,poisson,636,636,0,,not_applicable
30-minute mixed-workload stability run,1,1,1436,batch-long-context,-10,poisson,636,636,0,,not_applicable
30-minute mixed-workload stability run,1,1,1437,batch-long-context,-10,poisson,636,636,0,,not_applicable
30-minute mixed-workload stability run,1,1,1438,batch-long-context,-10,poisson,636,636,0,,not_applicable
30-minute mixed-workload stability run,1,1,1439,batch-long-context,-10,poisson,636,636,0,,not_applicable
30-minute mixed-workload stability run,1,1,1440,batch-long-context,-10,poisson,637,636,1,,not_applicable
30-minute mixed-workload stability run,1,1,1441,batch-long-context,-10,poisson,637,636,1,,not_applicable
30-minute mixed-workload stability run,1,1,1442,batch-long-context,-10,poisson,637,637,0,,not_applicable
30-minute mixed-workload stability run,1,1,1443,batch-long-context,-10,poisson,637,637,0,,not_applicable
30-minute mixed-workload stability run,1,1,1444,batch-long-context,-10,poisson,637,637,0,,not_applicable
30-minute mixed-workload stability run,1,1,1445,batch-long-context,-10,poisson,637,637,0,,not_applicable
30-minute mixed-workload stability run,1,1,1446,batch-long-context,-10,poisson,637,637,0,,not_applicable
30-minute mixed-workload stability run,1,1,1447,batch-long-context,-10,poisson,637,637,0,,not_applicable
30-minute mixed-workload stability run,1,1,1448,batch-long-context,-10,poisson,637,637,0,,not_applicable
30-minute mixed-workload stability run,1,1,1449,batch-long-context,-10,poisson,637,637,0,,not_applicable
30-minute mixed-workload stability run,1,1,1450,batch-long-context,-10,poisson,637,637,0,,not_applicable
30-minute mixed-workload stability run,1,1,1451,batch-long-context,-10,poisson,637,637,0,,not_applicable
30-minute mixed-workload stability run,1,1,1452,batch-long-context,-10,poisson,637,637,0,,not_applicable
30-minute mixed-workload stability run,1,1,1453,batch-long-context,-10,poisson,637,637,0,,not_applicable
30-minute mixed-workload stability run,1,1,1454,batch-long-context,-10,poisson,637,637,0,,not_applicable
30-minute mixed-workload stability run,1,1,1455,batch-long-context,-10,poisson,637,637,0,,not_applicable
30-minute mixed-workload stability run,1,1,1456,batch-long-context,-10,poisson,637,637,0,,not_applicable
30-minute mixed-workload stability run,1,1,1457,batch-long-context,-10,poisson,638,637,1,,not_applicable
30-minute mixed-workload stability run,1,1,1458,batch-long-context,-10,poisson,638,637,1,,not_applicable
30-minute mixed-workload stability run,1,1,1459,batch-long-context,-10,poisson,638,638,0,,not_applicable
30-minute mixed-workload stability run,1,1,1460,batch-long-context,-10,poisson,639,638,1,,not_applicable
30-minute mixed-workload stability run,1,1,1461,batch-long-context,-10,poisson,639,638,1,,not_applicable
30-minute mixed-workload stability run,1,1,1462,batch-long-context,-10,poisson,639,639,0,,not_applicable
30-minute mixed-workload stability run,1,1,1463,batch-long-context,-10,poisson,639,639,0,,not_applicable
30-minute mixed-workload stability run,1,1,1464,batch-long-context,-10,poisson,639,639,0,,not_applicable
30-minute mixed-workload stability run,1,1,1465,batch-long-context,-10,poisson,639,639,0,,not_applicable
30-minute mixed-workload stability run,1,1,1466,batch-long-context,-10,poisson,639,639,0,,not_applicable
30-minute mixed-workload stability run,1,1,1467,batch-long-context,-10,poisson,639,639,0,,not_applicable
30-minute mixed-workload stability run,1,1,1468,batch-long-context,-10,poisson,639,639,0,,not_applicable
30-minute mixed-workload stability run,1,1,1469,batch-long-context,-10,poisson,639,639,0,,not_applicable
30-minute mixed-workload stability run,1,1,1470,batch-long-context,-10,poisson,639,639,0,,not_applicable
30-minute mixed-workload stability run,1,1,1471,batch-long-context,-10,poisson,639,639,0,,not_applicable
30-minute mixed-workload stability run,1,1,1472,batch-long-context,-10,poisson,639,639,0,,not_applicable
30-minute mixed-workload stability run,1,1,1473,batch-long-context,-10,poisson,640,639,1,,not_applicable
30-minute mixed-workload stability run,1,1,1474,batch-long-context,-10,poisson,640,640,0,,not_applicable
30-minute mixed-workload stability run,1,1,1475,batch-long-context,-10,poisson,640,640,0,,not_applicable
30-minute mixed-workload stability run,1,1,1476,batch-long-context,-10,poisson,640,640,0,,not_applicable
30-minute mixed-workload stability run,1,1,1477,batch-long-context,-10,poisson,640,640,0,,not_applicable
30-minute mixed-workload stability run,1,1,1478,batch-long-context,-10,poisson,640,640,0,,not_applicable
30-minute mixed-workload stability run,1,1,1479,batch-long-context,-10,poisson,640,640,0,,not_applicable
30-minute mixed-workload stability run,1,1,1480,batch-long-context,-10,poisson,641,640,1,,not_applicable
30-minute mixed-workload stability run,1,1,1481,batch-long-context,-10,poisson,641,641,0,,not_applicable
30-minute mixed-workload stability run,1,1,1482,batch-long-context,-10,poisson,641,641,0,,not_applicable
30-minute mixed-workload stability run,1,1,1483,batch-long-context,-10,poisson,642,641,1,,not_applicable
30-minute mixed-workload stability run,1,1,1484,batch-long-context,-10,poisson,642,642,0,,not_applicable
30-minute mixed-workload stability run,1,1,1485,batch-long-context,-10,poisson,642,642,0,,not_applicable
30-minute mixed-workload stability run,1,1,1486,batch-long-context,-10,poisson,642,642,0,,not_applicable
30-minute mixed-workload stability run,1,1,1487,batch-long-context,-10,poisson,642,642,0,,not_applicable
30-minute mixed-workload stability run,1,1,1488,batch-long-context,-10,poisson,642,642,0,,not_applicable
30-minute mixed-workload stability run,1,1,1489,batch-long-context,-10,poisson,642,642,0,,not_applicable
30-minute mixed-workload stability run,1,1,1490,batch-long-context,-10,poisson,643,642,1,,not_applicable
30-minute mixed-workload stability run,1,1,1491,batch-long-context,-10,poisson,643,643,0,,not_applicable
30-minute mixed-workload stability run,1,1,1492,batch-long-context,-10,poisson,643,643,0,,not_applicable
30-minute mixed-workload stability run,1,1,1493,batch-long-context,-10,poisson,643,643,0,,not_applicable
30-minute mixed-workload stability run,1,1,1494,batch-long-context,-10,poisson,643,643,0,,not_applicable
30-minute mixed-workload stability run,1,1,1495,batch-long-context,-10,poisson,643,643,0,,not_applicable
30-minute mixed-workload stability run,1,1,1496,batch-long-context,-10,poisson,643,643,0,,not_applicable
30-minute mixed-workload stability run,1,1,1497,batch-long-context,-10,poisson,643,643,0,,not_applicable
30-minute mixed-workload stability run,1,1,1498,batch-long-context,-10,poisson,643,643,0,,not_applicable
30-minute mixed-workload stability run,1,1,1499,batch-long-context,-10,poisson,643,643,0,,not_applicable
30-minute mixed-workload stability run,1,1,1500,batch-long-context,-10,poisson,643,643,0,,not_applicable
30-minute mixed-workload stability run,1,1,1501,batch-long-context,-10,poisson,643,643,0,,not_applicable
30-minute mixed-workload stability run,1,1,1502,batch-long-context,-10,poisson,643,643,0,,not_applicable
30-minute mixed-workload stability run,1,1,1503,batch-long-context,-10,poisson,644,643,1,,not_applicable
30-minute mixed-workload stability run,1,1,1504,batch-long-context,-10,poisson,644,644,0,,not_applicable
30-minute mixed-workload stability run,1,1,1505,batch-long-context,-10,poisson,644,644,0,,not_applicable
30-minute mixed-workload stability run,1,1,1506,batch-long-context,-10,poisson,644,644,0,,not_applicable
30-minute mixed-workload stability run,1,1,1507,batch-long-context,-10,poisson,644,644,0,,not_applicable
30-minute mixed-workload stability run,1,1,1508,batch-long-context,-10,poisson,644,644,0,,not_applicable
30-minute mixed-workload stability run,1,1,1509,batch-long-context,-10,poisson,644,644,0,,not_applicable
30-minute mixed-workload stability run,1,1,1510,batch-long-context,-10,poisson,644,644,0,,not_applicable
30-minute mixed-workload stability run,1,1,1511,batch-long-context,-10,poisson,645,644,1,,not_applicable
30-minute mixed-workload stability run,1,1,1512,batch-long-context,-10,poisson,645,645,0,,not_applicable
30-minute mixed-workload stability run,1,1,1513,batch-long-context,-10,poisson,645,645,0,,not_applicable
30-minute mixed-workload stability run,1,1,1514,batch-long-context,-10,poisson,645,645,0,,not_applicable
30-minute mixed-workload stability run,1,1,1515,batch-long-context,-10,poisson,645,645,0,,not_applicable
30-minute mixed-workload stability run,1,1,1516,batch-long-context,-10,poisson,645,645,0,,not_applicable
30-minute mixed-workload stability run,1,1,1517,batch-long-context,-10,poisson,646,645,1,,not_applicable
30-minute mixed-workload stability run,1,1,1518,batch-long-context,-10,poisson,646,646,0,,not_applicable
30-minute mixed-workload stability run,1,1,1519,batch-long-context,-10,poisson,647,646,1,,not_applicable
30-minute mixed-workload stability run,1,1,1520,batch-long-context,-10,poisson,648,646,2,,not_applicable
30-minute mixed-workload stability run,1,1,1521,batch-long-context,-10,poisson,648,648,0,,not_applicable
30-minute mixed-workload stability run,1,1,1522,batch-long-context,-10,poisson,648,648,0,,not_applicable
30-minute mixed-workload stability run,1,1,1523,batch-long-context,-10,poisson,648,648,0,,not_applicable
30-minute mixed-workload stability run,1,1,1524,batch-long-context,-10,poisson,649,648,1,,not_applicable
30-minute mixed-workload stability run,1,1,1525,batch-long-context,-10,poisson,649,649,0,,not_applicable
30-minute mixed-workload stability run,1,1,1526,batch-long-context,-10,poisson,649,649,0,,not_applicable
30-minute mixed-workload stability run,1,1,1527,batch-long-context,-10,poisson,649,649,0,,not_applicable
30-minute mixed-workload stability run,1,1,1528,batch-long-context,-10,poisson,650,649,1,,not_applicable
30-minute mixed-workload stability run,1,1,1529,batch-long-context,-10,poisson,651,650,1,,not_applicable
30-minute mixed-workload stability run,1,1,1530,batch-long-context,-10,poisson,651,651,0,,not_applicable
30-minute mixed-workload stability run,1,1,1531,batch-long-context,-10,poisson,651,651,0,,not_applicable
30-minute mixed-workload stability run,1,1,1532,batch-long-context,-10,poisson,651,651,0,,not_applicable
30-minute mixed-workload stability run,1,1,1533,batch-long-context,-10,poisson,652,651,1,,not_applicable
30-minute mixed-workload stability run,1,1,1534,batch-long-context,-10,poisson,652,652,0,,not_applicable
30-minute mixed-workload stability run,1,1,1535,batch-long-context,-10,poisson,652,652,0,,not_applicable
30-minute mixed-workload stability run,1,1,1536,batch-long-context,-10,poisson,654,652,2,,not_applicable
30-minute mixed-workload stability run,1,1,1537,batch-long-context,-10,poisson,654,654,0,,not_applicable
30-minute mixed-workload stability run,1,1,1538,batch-long-context,-10,poisson,654,654,0,,not_applicable
30-minute mixed-workload stability run,1,1,1539,batch-long-context,-10,poisson,655,654,1,,not_applicable
30-minute mixed-workload stability run,1,1,1540,batch-long-context,-10,poisson,655,654,1,,not_applicable
30-minute mixed-workload stability run,1,1,1541,batch-long-context,-10,poisson,655,655,0,,not_applicable
30-minute mixed-workload stability run,1,1,1542,batch-long-context,-10,poisson,655,655,0,,not_applicable
30-minute mixed-workload stability run,1,1,1543,batch-long-context,-10,poisson,655,655,0,,not_applicable
30-minute mixed-workload stability run,1,1,1544,batch-long-context,-10,poisson,656,655,1,,not_applicable
30-minute mixed-workload stability run,1,1,1545,batch-long-context,-10,poisson,656,655,1,,not_applicable
30-minute mixed-workload stability run,1,1,1546,batch-long-context,-10,poisson,656,656,0,,not_applicable
30-minute mixed-workload stability run,1,1,1547,batch-long-context,-10,poisson,656,656,0,,not_applicable
30-minute mixed-workload stability run,1,1,1548,batch-long-context,-10,poisson,656,656,0,,not_applicable
30-minute mixed-workload stability run,1,1,1549,batch-long-context,-10,poisson,656,656,0,,not_applicable
30-minute mixed-workload stability run,1,1,1550,batch-long-context,-10,poisson,656,656,0,,not_applicable
30-minute mixed-workload stability run,1,1,1551,batch-long-context,-10,poisson,656,656,0,,not_applicable
30-minute mixed-workload stability run,1,1,1552,batch-long-context,-10,poisson,656,656,0,,not_applicable
30-minute mixed-workload stability run,1,1,1553,batch-long-context,-10,poisson,656,656,0,,not_applicable
30-minute mixed-workload stability run,1,1,1554,batch-long-context,-10,poisson,656,656,0,,not_applicable
30-minute mixed-workload stability run,1,1,1555,batch-long-context,-10,poisson,656,656,0,,not_applicable
30-minute mixed-workload stability run,1,1,1556,batch-long-context,-10,poisson,656,656,0,,not_applicable
30-minute mixed-workload stability run,1,1,1557,batch-long-context,-10,poisson,656,656,0,,not_applicable
30-minute mixed-workload stability run,1,1,1558,batch-long-context,-10,poisson,656,656,0,,not_applicable
30-minute mixed-workload stability run,1,1,1559,batch-long-context,-10,poisson,656,656,0,,not_applicable
30-minute mixed-workload stability run,1,1,1560,batch-long-context,-10,poisson,656,656,0,,not_applicable
30-minute mixed-workload stability run,1,1,1561,batch-long-context,-10,poisson,656,656,0,,not_applicable
30-minute mixed-workload stability run,1,1,1562,batch-long-context,-10,poisson,656,656,0,,not_applicable
30-minute mixed-workload stability run,1,1,1563,batch-long-context,-10,poisson,656,656,0,,not_applicable
30-minute mixed-workload stability run,1,1,1564,batch-long-context,-10,poisson,656,656,0,,not_applicable
30-minute mixed-workload stability run,1,1,1565,batch-long-context,-10,poisson,656,656,0,,not_applicable
30-minute mixed-workload stability run,1,1,1566,batch-long-context,-10,poisson,656,656,0,,not_applicable
30-minute mixed-workload stability run,1,1,1567,batch-long-context,-10,poisson,656,656,0,,not_applicable
30-minute mixed-workload stability run,1,1,1568,batch-long-context,-10,poisson,657,656,1,,not_applicable
30-minute mixed-workload stability run,1,1,1569,batch-long-context,-10,poisson,659,656,3,,not_applicable
30-minute mixed-workload stability run,1,1,1570,batch-long-context,-10,poisson,659,659,0,,not_applicable
30-minute mixed-workload stability run,1,1,1571,batch-long-context,-10,poisson,659,659,0,,not_applicable
30-minute mixed-workload stability run,1,1,1572,batch-long-context,-10,poisson,659,659,0,,not_applicable
30-minute mixed-workload stability run,1,1,1573,batch-long-context,-10,poisson,659,659,0,,not_applicable
30-minute mixed-workload stability run,1,1,1574,batch-long-context,-10,poisson,659,659,0,,not_applicable
30-minute mixed-workload stability run,1,1,1575,batch-long-context,-10,poisson,659,659,0,,not_applicable
30-minute mixed-workload stability run,1,1,1576,batch-long-context,-10,poisson,659,659,0,,not_applicable
30-minute mixed-workload stability run,1,1,1577,batch-long-context,-10,poisson,659,659,0,,not_applicable
30-minute mixed-workload stability run,1,1,1578,batch-long-context,-10,poisson,660,659,1,,not_applicable
30-minute mixed-workload stability run,1,1,1579,batch-long-context,-10,poisson,660,659,1,,not_applicable
30-minute mixed-workload stability run,1,1,1580,batch-long-context,-10,poisson,660,660,0,,not_applicable
30-minute mixed-workload stability run,1,1,1581,batch-long-context,-10,poisson,661,660,1,,not_applicable
30-minute mixed-workload stability run,1,1,1582,batch-long-context,-10,poisson,662,660,2,,not_applicable
30-minute mixed-workload stability run,1,1,1583,batch-long-context,-10,poisson,662,662,0,,not_applicable
30-minute mixed-workload stability run,1,1,1584,batch-long-context,-10,poisson,662,662,0,,not_applicable
30-minute mixed-workload stability run,1,1,1585,batch-long-context,-10,poisson,662,662,0,,not_applicable
30-minute mixed-workload stability run,1,1,1586,batch-long-context,-10,poisson,662,662,0,,not_applicable
30-minute mixed-workload stability run,1,1,1587,batch-long-context,-10,poisson,663,662,1,,not_applicable
30-minute mixed-workload stability run,1,1,1588,batch-long-context,-10,poisson,663,662,1,,not_applicable
30-minute mixed-workload stability run,1,1,1589,batch-long-context,-10,poisson,664,663,1,,not_applicable
30-minute mixed-workload stability run,1,1,1590,batch-long-context,-10,poisson,664,663,1,,not_applicable
30-minute mixed-workload stability run,1,1,1591,batch-long-context,-10,poisson,664,664,0,,not_applicable
30-minute mixed-workload stability run,1,1,1592,batch-long-context,-10,poisson,664,664,0,,not_applicable
30-minute mixed-workload stability run,1,1,1593,batch-long-context,-10,poisson,664,664,0,,not_applicable
30-minute mixed-workload stability run,1,1,1594,batch-long-context,-10,poisson,664,664,0,,not_applicable
30-minute mixed-workload stability run,1,1,1595,batch-long-context,-10,poisson,665,664,1,,not_applicable
30-minute mixed-workload stability run,1,1,1596,batch-long-context,-10,poisson,666,664,2,,not_applicable
30-minute mixed-workload stability run,1,1,1597,batch-long-context,-10,poisson,666,666,0,,not_applicable
30-minute mixed-workload stability run,1,1,1598,batch-long-context,-10,poisson,666,666,0,,not_applicable
30-minute mixed-workload stability run,1,1,1599,batch-long-context,-10,poisson,666,666,0,,not_applicable
30-minute mixed-workload stability run,1,1,1600,batch-long-context,-10,poisson,666,666,0,,not_applicable
30-minute mixed-workload stability run,1,1,1601,batch-long-context,-10,poisson,666,666,0,,not_applicable
30-minute mixed-workload stability run,1,1,1602,batch-long-context,-10,poisson,666,666,0,,not_applicable
30-minute mixed-workload stability run,1,1,1603,batch-long-context,-10,poisson,666,666,0,,not_applicable
30-minute mixed-workload stability run,1,1,1604,batch-long-context,-10,poisson,666,666,0,,not_applicable
30-minute mixed-workload stability run,1,1,1605,batch-long-context,-10,poisson,666,666,0,,not_applicable
30-minute mixed-workload stability run,1,1,1606,batch-long-context,-10,poisson,666,666,0,,not_applicable
30-minute mixed-workload stability run,1,1,1607,batch-long-context,-10,poisson,666,666,0,,not_applicable
30-minute mixed-workload stability run,1,1,1608,batch-long-context,-10,poisson,666,666,0,,not_applicable
30-minute mixed-workload stability run,1,1,1609,batch-long-context,-10,poisson,667,666,1,,not_applicable
30-minute mixed-workload stability run,1,1,1610,batch-long-context,-10,poisson,667,666,1,,not_applicable
30-minute mixed-workload stability run,1,1,1611,batch-long-context,-10,poisson,667,667,0,,not_applicable
30-minute mixed-workload stability run,1,1,1612,batch-long-context,-10,poisson,667,667,0,,not_applicable
30-minute mixed-workload stability run,1,1,1613,batch-long-context,-10,poisson,667,667,0,,not_applicable
30-minute mixed-workload stability run,1,1,1614,batch-long-context,-10,poisson,667,667,0,,not_applicable
30-minute mixed-workload stability run,1,1,1615,batch-long-context,-10,poisson,668,667,1,,not_applicable
30-minute mixed-workload stability run,1,1,1616,batch-long-context,-10,poisson,668,668,0,,not_applicable
30-minute mixed-workload stability run,1,1,1617,batch-long-context,-10,poisson,668,668,0,,not_applicable
30-minute mixed-workload stability run,1,1,1618,batch-long-context,-10,poisson,670,668,2,,not_applicable
30-minute mixed-workload stability run,1,1,1619,batch-long-context,-10,poisson,670,668,2,,not_applicable
30-minute mixed-workload stability run,1,1,1620,batch-long-context,-10,poisson,670,670,0,,not_applicable
30-minute mixed-workload stability run,1,1,1621,batch-long-context,-10,poisson,670,670,0,,not_applicable
30-minute mixed-workload stability run,1,1,1622,batch-long-context,-10,poisson,670,670,0,,not_applicable
30-minute mixed-workload stability run,1,1,1623,batch-long-context,-10,poisson,670,670,0,,not_applicable
30-minute mixed-workload stability run,1,1,1624,batch-long-context,-10,poisson,671,670,1,,not_applicable
30-minute mixed-workload stability run,1,1,1625,batch-long-context,-10,poisson,671,670,1,,not_applicable
30-minute mixed-workload stability run,1,1,1626,batch-long-context,-10,poisson,671,671,0,,not_applicable
30-minute mixed-workload stability run,1,1,1627,batch-long-context,-10,poisson,671,671,0,,not_applicable
30-minute mixed-workload stability run,1,1,1628,batch-long-context,-10,poisson,672,671,1,,not_applicable
30-minute mixed-workload stability run,1,1,1629,batch-long-context,-10,poisson,672,672,0,,not_applicable
30-minute mixed-workload stability run,1,1,1630,batch-long-context,-10,poisson,673,672,1,,not_applicable
30-minute mixed-workload stability run,1,1,1631,batch-long-context,-10,poisson,673,672,1,,not_applicable
30-minute mixed-workload stability run,1,1,1632,batch-long-context,-10,poisson,674,673,1,,not_applicable
30-minute mixed-workload stability run,1,1,1633,batch-long-context,-10,poisson,674,674,0,,not_applicable
30-minute mixed-workload stability run,1,1,1634,batch-long-context,-10,poisson,674,674,0,,not_applicable
30-minute mixed-workload stability run,1,1,1635,batch-long-context,-10,poisson,675,674,1,,not_applicable
30-minute mixed-workload stability run,1,1,1636,batch-long-context,-10,poisson,676,674,2,,not_applicable
30-minute mixed-workload stability run,1,1,1637,batch-long-context,-10,poisson,676,674,2,,not_applicable
30-minute mixed-workload stability run,1,1,1638,batch-long-context,-10,poisson,677,676,1,,not_applicable
30-minute mixed-workload stability run,1,1,1639,batch-long-context,-10,poisson,677,677,0,,not_applicable
30-minute mixed-workload stability run,1,1,1640,batch-long-context,-10,poisson,677,677,0,,not_applicable
30-minute mixed-workload stability run,1,1,1641,batch-long-context,-10,poisson,677,677,0,,not_applicable
30-minute mixed-workload stability run,1,1,1642,batch-long-context,-10,poisson,677,677,0,,not_applicable
30-minute mixed-workload stability run,1,1,1643,batch-long-context,-10,poisson,677,677,0,,not_applicable
30-minute mixed-workload stability run,1,1,1644,batch-long-context,-10,poisson,677,677,0,,not_applicable
30-minute mixed-workload stability run,1,1,1645,batch-long-context,-10,poisson,677,677,0,,not_applicable
30-minute mixed-workload stability run,1,1,1646,batch-long-context,-10,poisson,677,677,0,,not_applicable
30-minute mixed-workload stability run,1,1,1647,batch-long-context,-10,poisson,677,677,0,,not_applicable
30-minute mixed-workload stability run,1,1,1648,batch-long-context,-10,poisson,677,677,0,,not_applicable
30-minute mixed-workload stability run,1,1,1649,batch-long-context,-10,poisson,677,677,0,,not_applicable
30-minute mixed-workload stability run,1,1,1650,batch-long-context,-10,poisson,677,677,0,,not_applicable
30-minute mixed-workload stability run,1,1,1651,batch-long-context,-10,poisson,677,677,0,,not_applicable
30-minute mixed-workload stability run,1,1,1652,batch-long-context,-10,poisson,677,677,0,,not_applicable
30-minute mixed-workload stability run,1,1,1653,batch-long-context,-10,poisson,677,677,0,,not_applicable
30-minute mixed-workload stability run,1,1,1654,batch-long-context,-10,poisson,678,677,1,,not_applicable
30-minute mixed-workload stability run,1,1,1655,batch-long-context,-10,poisson,679,677,2,,not_applicable
30-minute mixed-workload stability run,1,1,1656,batch-long-context,-10,poisson,679,678,1,,not_applicable
30-minute mixed-workload stability run,1,1,1657,batch-long-context,-10,poisson,679,679,0,,not_applicable
30-minute mixed-workload stability run,1,1,1658,batch-long-context,-10,poisson,679,679,0,,not_applicable
30-minute mixed-workload stability run,1,1,1659,batch-long-context,-10,poisson,679,679,0,,not_applicable
30-minute mixed-workload stability run,1,1,1660,batch-long-context,-10,poisson,679,679,0,,not_applicable
30-minute mixed-workload stability run,1,1,1661,batch-long-context,-10,poisson,679,679,0,,not_applicable
30-minute mixed-workload stability run,1,1,1662,batch-long-context,-10,poisson,679,679,0,,not_applicable
30-minute mixed-workload stability run,1,1,1663,batch-long-context,-10,poisson,679,679,0,,not_applicable
30-minute mixed-workload stability run,1,1,1664,batch-long-context,-10,poisson,680,679,1,,not_applicable
30-minute mixed-workload stability run,1,1,1665,batch-long-context,-10,poisson,680,679,1,,not_applicable
30-minute mixed-workload stability run,1,1,1666,batch-long-context,-10,poisson,680,680,0,,not_applicable
30-minute mixed-workload stability run,1,1,1667,batch-long-context,-10,poisson,681,680,1,,not_applicable
30-minute mixed-workload stability run,1,1,1668,batch-long-context,-10,poisson,681,680,1,,not_applicable
30-minute mixed-workload stability run,1,1,1669,batch-long-context,-10,poisson,681,681,0,,not_applicable
30-minute mixed-workload stability run,1,1,1670,batch-long-context,-10,poisson,681,681,0,,not_applicable
30-minute mixed-workload stability run,1,1,1671,batch-long-context,-10,poisson,681,681,0,,not_applicable
30-minute mixed-workload stability run,1,1,1672,batch-long-context,-10,poisson,681,681,0,,not_applicable
30-minute mixed-workload stability run,1,1,1673,batch-long-context,-10,poisson,681,681,0,,not_applicable
30-minute mixed-workload stability run,1,1,1674,batch-long-context,-10,poisson,681,681,0,,not_applicable
30-minute mixed-workload stability run,1,1,1675,batch-long-context,-10,poisson,682,681,1,,not_applicable
30-minute mixed-workload stability run,1,1,1676,batch-long-context,-10,poisson,682,682,0,,not_applicable
30-minute mixed-workload stability run,1,1,1677,batch-long-context,-10,poisson,683,682,1,,not_applicable
30-minute mixed-workload stability run,1,1,1678,batch-long-context,-10,poisson,684,682,2,,not_applicable
30-minute mixed-workload stability run,1,1,1679,batch-long-context,-10,poisson,684,684,0,,not_applicable
30-minute mixed-workload stability run,1,1,1680,batch-long-context,-10,poisson,684,684,0,,not_applicable
30-minute mixed-workload stability run,1,1,1681,batch-long-context,-10,poisson,684,684,0,,not_applicable
30-minute mixed-workload stability run,1,1,1682,batch-long-context,-10,poisson,684,684,0,,not_applicable
30-minute mixed-workload stability run,1,1,1683,batch-long-context,-10,poisson,684,684,0,,not_applicable
30-minute mixed-workload stability run,1,1,1684,batch-long-context,-10,poisson,684,684,0,,not_applicable
30-minute mixed-workload stability run,1,1,1685,batch-long-context,-10,poisson,684,684,0,,not_applicable
30-minute mixed-workload stability run,1,1,1686,batch-long-context,-10,poisson,684,684,0,,not_applicable
30-minute mixed-workload stability run,1,1,1687,batch-long-context,-10,poisson,684,684,0,,not_applicable
30-minute mixed-workload stability run,1,1,1688,batch-long-context,-10,poisson,684,684,0,,not_applicable
30-minute mixed-workload stability run,1,1,1689,batch-long-context,-10,poisson,684,684,0,,not_applicable
30-minute mixed-workload stability run,1,1,1690,batch-long-context,-10,poisson,685,684,1,,not_applicable
30-minute mixed-workload stability run,1,1,1691,batch-long-context,-10,poisson,685,685,0,,not_applicable
30-minute mixed-workload stability run,1,1,1692,batch-long-context,-10,poisson,686,685,1,,not_applicable
30-minute mixed-workload stability run,1,1,1693,batch-long-context,-10,poisson,687,686,1,,not_applicable
30-minute mixed-workload stability run,1,1,1694,batch-long-context,-10,poisson,687,686,1,,not_applicable
30-minute mixed-workload stability run,1,1,1695,batch-long-context,-10,poisson,687,687,0,,not_applicable
30-minute mixed-workload stability run,1,1,1696,batch-long-context,-10,poisson,687,687,0,,not_applicable
30-minute mixed-workload stability run,1,1,1697,batch-long-context,-10,poisson,687,687,0,,not_applicable
30-minute mixed-workload stability run,1,1,1698,batch-long-context,-10,poisson,688,687,1,,not_applicable
30-minute mixed-workload stability run,1,1,1699,batch-long-context,-10,poisson,688,687,1,,not_applicable
30-minute mixed-workload stability run,1,1,1700,batch-long-context,-10,poisson,689,688,1,,not_applicable
30-minute mixed-workload stability run,1,1,1701,batch-long-context,-10,poisson,689,688,1,,not_applicable
30-minute mixed-workload stability run,1,1,1702,batch-long-context,-10,poisson,689,689,0,,not_applicable
30-minute mixed-workload stability run,1,1,1703,batch-long-context,-10,poisson,690,689,1,,not_applicable
30-minute mixed-workload stability run,1,1,1704,batch-long-context,-10,poisson,690,689,1,,not_applicable
30-minute mixed-workload stability run,1,1,1705,batch-long-context,-10,poisson,690,690,0,,not_applicable
30-minute mixed-workload stability run,1,1,1706,batch-long-context,-10,poisson,690,690,0,,not_applicable
30-minute mixed-workload stability run,1,1,1707,batch-long-context,-10,poisson,691,690,1,,not_applicable
30-minute mixed-workload stability run,1,1,1708,batch-long-context,-10,poisson,691,691,0,,not_applicable
30-minute mixed-workload stability run,1,1,1709,batch-long-context,-10,poisson,692,691,1,,not_applicable
30-minute mixed-workload stability run,1,1,1710,batch-long-context,-10,poisson,692,692,0,,not_applicable
30-minute mixed-workload stability run,1,1,1711,batch-long-context,-10,poisson,693,692,1,,not_applicable
30-minute mixed-workload stability run,1,1,1712,batch-long-context,-10,poisson,694,692,2,,not_applicable
30-minute mixed-workload stability run,1,1,1713,batch-long-context,-10,poisson,694,693,1,,not_applicable
30-minute mixed-workload stability run,1,1,1714,batch-long-context,-10,poisson,694,694,0,,not_applicable
30-minute mixed-workload stability run,1,1,1715,batch-long-context,-10,poisson,694,694,0,,not_applicable
30-minute mixed-workload stability run,1,1,1716,batch-long-context,-10,poisson,695,694,1,,not_applicable
30-minute mixed-workload stability run,1,1,1717,batch-long-context,-10,poisson,695,695,0,,not_applicable
30-minute mixed-workload stability run,1,1,1718,batch-long-context,-10,poisson,695,695,0,,not_applicable
30-minute mixed-workload stability run,1,1,1719,batch-long-context,-10,poisson,695,695,0,,not_applicable
30-minute mixed-workload stability run,1,1,1720,batch-long-context,-10,poisson,696,695,1,,not_applicable
30-minute mixed-workload stability run,1,1,1721,batch-long-context,-10,poisson,696,696,0,,not_applicable
30-minute mixed-workload stability run,1,1,1722,batch-long-context,-10,poisson,697,696,1,,not_applicable
30-minute mixed-workload stability run,1,1,1723,batch-long-context,-10,poisson,698,697,1,,not_applicable
30-minute mixed-workload stability run,1,1,1724,batch-long-context,-10,poisson,699,697,2,,not_applicable
30-minute mixed-workload stability run,1,1,1725,batch-long-context,-10,poisson,699,698,1,,not_applicable
30-minute mixed-workload stability run,1,1,1726,batch-long-context,-10,poisson,699,699,0,,not_applicable
30-minute mixed-workload stability run,1,1,1727,batch-long-context,-10,poisson,699,699,0,,not_applicable
30-minute mixed-workload stability run,1,1,1728,batch-long-context,-10,poisson,700,699,1,,not_applicable
30-minute mixed-workload stability run,1,1,1729,batch-long-context,-10,poisson,700,699,1,,not_applicable
30-minute mixed-workload stability run,1,1,1730,batch-long-context,-10,poisson,700,700,0,,not_applicable
30-minute mixed-workload stability run,1,1,1731,batch-long-context,-10,poisson,701,700,1,,not_applicable
30-minute mixed-workload stability run,1,1,1732,batch-long-context,-10,poisson,702,700,2,,not_applicable
30-minute mixed-workload stability run,1,1,1733,batch-long-context,-10,poisson,702,702,0,,not_applicable
30-minute mixed-workload stability run,1,1,1734,batch-long-context,-10,poisson,702,702,0,,not_applicable
30-minute mixed-workload stability run,1,1,1735,batch-long-context,-10,poisson,702,702,0,,not_applicable
30-minute mixed-workload stability run,1,1,1736,batch-long-context,-10,poisson,704,702,2,,not_applicable
30-minute mixed-workload stability run,1,1,1737,batch-long-context,-10,poisson,704,702,2,,not_applicable
30-minute mixed-workload stability run,1,1,1738,batch-long-context,-10,poisson,704,704,0,,not_applicable
30-minute mixed-workload stability run,1,1,1739,batch-long-context,-10,poisson,704,704,0,,not_applicable
30-minute mixed-workload stability run,1,1,1740,batch-long-context,-10,poisson,705,704,1,,not_applicable
30-minute mixed-workload stability run,1,1,1741,batch-long-context,-10,poisson,705,704,1,,not_applicable
30-minute mixed-workload stability run,1,1,1742,batch-long-context,-10,poisson,705,705,0,,not_applicable
30-minute mixed-workload stability run,1,1,1743,batch-long-context,-10,poisson,705,705,0,,not_applicable
30-minute mixed-workload stability run,1,1,1744,batch-long-context,-10,poisson,705,705,0,,not_applicable
30-minute mixed-workload stability run,1,1,1745,batch-long-context,-10,poisson,705,705,0,,not_applicable
30-minute mixed-workload stability run,1,1,1746,batch-long-context,-10,poisson,706,705,1,,not_applicable
30-minute mixed-workload stability run,1,1,1747,batch-long-context,-10,poisson,707,706,1,,not_applicable
30-minute mixed-workload stability run,1,1,1748,batch-long-context,-10,poisson,707,707,0,,not_applicable
30-minute mixed-workload stability run,1,1,1749,batch-long-context,-10,poisson,707,707,0,,not_applicable
30-minute mixed-workload stability run,1,1,1750,batch-long-context,-10,poisson,707,707,0,,not_applicable
30-minute mixed-workload stability run,1,1,1751,batch-long-context,-10,poisson,707,707,0,,not_applicable
30-minute mixed-workload stability run,1,1,1752,batch-long-context,-10,poisson,707,707,0,,not_applicable
30-minute mixed-workload stability run,1,1,1753,batch-long-context,-10,poisson,707,707,0,,not_applicable
30-minute mixed-workload stability run,1,1,1754,batch-long-context,-10,poisson,707,707,0,,not_applicable
30-minute mixed-workload stability run,1,1,1755,batch-long-context,-10,poisson,708,707,1,,not_applicable
30-minute mixed-workload stability run,1,1,1756,batch-long-context,-10,poisson,709,708,1,,not_applicable
30-minute mixed-workload stability run,1,1,1757,batch-long-context,-10,poisson,709,709,0,,not_applicable
30-minute mixed-workload stability run,1,1,1758,batch-long-context,-10,poisson,709,709,0,,not_applicable
30-minute mixed-workload stability run,1,1,1759,batch-long-context,-10,poisson,709,709,0,,not_applicable
30-minute mixed-workload stability run,1,1,1760,batch-long-context,-10,poisson,709,709,0,,not_applicable
30-minute mixed-workload stability run,1,1,1761,batch-long-context,-10,poisson,709,709,0,,not_applicable
30-minute mixed-workload stability run,1,1,1762,batch-long-context,-10,poisson,709,709,0,,not_applicable
30-minute mixed-workload stability run,1,1,1763,batch-long-context,-10,poisson,709,709,0,,not_applicable
30-minute mixed-workload stability run,1,1,1764,batch-long-context,-10,poisson,709,709,0,,not_applicable
30-minute mixed-workload stability run,1,1,1765,batch-long-context,-10,poisson,710,709,1,,not_applicable
30-minute mixed-workload stability run,1,1,1766,batch-long-context,-10,poisson,710,709,1,,not_applicable
30-minute mixed-workload stability run,1,1,1767,batch-long-context,-10,poisson,710,710,0,,not_applicable
30-minute mixed-workload stability run,1,1,1768,batch-long-context,-10,poisson,710,710,0,,not_applicable
30-minute mixed-workload stability run,1,1,1769,batch-long-context,-10,poisson,710,710,0,,not_applicable
30-minute mixed-workload stability run,1,1,1770,batch-long-context,-10,poisson,712,710,2,,not_applicable
30-minute mixed-workload stability run,1,1,1771,batch-long-context,-10,poisson,712,710,2,,not_applicable
30-minute mixed-workload stability run,1,1,1772,batch-long-context,-10,poisson,713,712,1,,not_applicable
30-minute mixed-workload stability run,1,1,1773,batch-long-context,-10,poisson,713,713,0,,not_applicable
30-minute mixed-workload stability run,1,1,1774,batch-long-context,-10,poisson,714,713,1,,not_applicable
30-minute mixed-workload stability run,1,1,1775,batch-long-context,-10,poisson,714,714,0,,not_applicable
30-minute mixed-workload stability run,1,1,1776,batch-long-context,-10,poisson,715,714,1,,not_applicable
30-minute mixed-workload stability run,1,1,1777,batch-long-context,-10,poisson,715,715,0,,not_applicable
30-minute mixed-workload stability run,1,1,1778,batch-long-context,-10,poisson,715,715,0,,not_applicable
30-minute mixed-workload stability run,1,1,1779,batch-long-context,-10,poisson,715,715,0,,not_applicable
30-minute mixed-workload stability run,1,1,1780,batch-long-context,-10,poisson,716,715,1,,not_applicable
30-minute mixed-workload stability run,1,1,1781,batch-long-context,-10,poisson,716,715,1,,not_applicable
30-minute mixed-workload stability run,1,1,1782,batch-long-context,-10,poisson,716,716,0,,not_applicable
30-minute mixed-workload stability run,1,1,1783,batch-long-context,-10,poisson,716,716,0,,not_applicable
30-minute mixed-workload stability run,1,1,1784,batch-long-context,-10,poisson,717,716,1,,not_applicable
30-minute mixed-workload stability run,1,1,1785,batch-long-context,-10,poisson,717,717,0,,not_applicable
30-minute mixed-workload stability run,1,1,1786,batch-long-context,-10,poisson,719,717,2,,not_applicable
30-minute mixed-workload stability run,1,1,1787,batch-long-context,-10,poisson,719,719,0,,not_applicable
30-minute mixed-workload stability run,1,1,1788,batch-long-context,-10,poisson,719,719,0,,not_applicable
30-minute mixed-workload stability run,1,1,1789,batch-long-context,-10,poisson,721,719,2,,not_applicable
30-minute mixed-workload stability run,1,1,1790,batch-long-context,-10,poisson,721,719,2,,not_applicable
30-minute mixed-workload stability run,1,1,1791,batch-long-context,-10,poisson,721,721,0,,not_applicable
30-minute mixed-workload stability run,1,1,1792,batch-long-context,-10,poisson,721,721,0,,not_applicable
30-minute mixed-workload stability run,1,1,1793,batch-long-context,-10,poisson,721,721,0,,not_applicable
30-minute mixed-workload stability run,1,1,1794,batch-long-context,-10,poisson,721,721,0,,not_applicable
30-minute mixed-workload stability run,1,1,1795,batch-long-context,-10,poisson,721,721,0,,not_applicable
30-minute mixed-workload stability run,1,1,1796,batch-long-context,-10,poisson,722,721,1,,not_applicable
30-minute mixed-workload stability run,1,1,1797,batch-long-context,-10,poisson,722,722,0,,not_applicable
30-minute mixed-workload stability run,1,1,1798,batch-long-context,-10,poisson,723,722,1,,not_applicable
30-minute mixed-workload stability run,1,1,1799,batch-long-context,-10,poisson,723,723,0,,not_applicable
30-minute mixed-workload stability run,1,1,1800,batch-long-context,-10,poisson,723,723,0,,not_applicable
